snapshot_utc,terminal,gas_day,facility_eic,company_eic,country,facility_name,inventory_1e3m3,inventory_gwh,send_out_gwh_d,dtmi_1e3m3,dtmi_gwh,dtrs_gwh_d,contracted_capacity,available_capacity,status,updated_at,latitude,longitude,info
2026-09-01T21:21:41+00:00,gate,2026-08-31,21W0000000000079,21X000000001063H,NL,Rotterdam Gate Terminal,274.51,1859.75,439.6,540.0,3658.39,523.0,523.0,0.0,C,2026-09-01 06:40:05,51.9737,4.0728,
2026-09-01T21:21:41+00:00,gate,2026-08-30,21W0000000000079,21X000000001063H,NL,Rotterdam Gate Terminal,234.98,1593.42,448.3,540.0,3661.79,523.0,523.0,0.0,C,2026-08-31 06:40:11,51.9737,4.0728,
2026-09-01T21:21:41+00:00,gate,2026-08-29,21W0000000000079,21X000000001063H,NL,Rotterdam Gate Terminal,273.47,1785.68,448.3,540.0,3526.04,523.0,523.0,0.0,C,2026-08-30 06:40:04,51.9737,4.0728,
2026-09-01T21:21:41+00:00,gate,2026-08-28,21W0000000000079,21X000000001063H,NL,Rotterdam Gate Terminal,192.76,1309.64,448.4,540.0,3668.84,523.0,523.0,0.0,C,2026-08-29 06:40:04,51.9737,4.0728,
2026-09-01T21:21:41+00:00,gate,2026-08-27,21W0000000000079,21X000000001063H,NL,Rotterdam Gate Terminal,264.83,1794.64,448.0,540.0,3659.35,523.0,523.0,0.0,C,2026-08-28 06:40:02,51.9737,4.0728,
2026-09-01T21:21:41+00:00,gate,2026-08-26,21W0000000000079,21X000000001063H,NL,Rotterdam Gate Terminal,332.0,2246.37,448.8,540.0,3653.73,523.0,523.0,0.0,C,2026-08-27 06:40:04,51.9737,4.0728,
2026-09-01T21:21:41+00:00,gate,2026-08-25,21W0000000000079,21X000000001063H,NL,Rotterdam Gate Terminal,254.75,1727.8,450.8,540.0,3662.46,523.0,523.0,0.0,C,2026-08-26 06:40:05,51.9737,4.0728,
2026-09-01T21:21:41+00:00,gate,2026-08-24,21W0000000000079,21X000000001063H,NL,Rotterdam Gate Terminal,139.66,952.89,451.7,540.0,3684.38,523.0,523.0,0.0,C,2026-08-25 06:40:04,51.9737,4.0728,
2026-09-01T21:21:41+00:00,gate,2026-08-23,21W0000000000079,21X000000001063H,NL,Rotterdam Gate Terminal,217.64,1477.26,451.7,540.0,3665.32,523.0,523.0,0.0,C,2026-08-24 06:40:05,51.9737,4.0728,
2026-09-01T21:21:41+00:00,gate,2026-08-22,21W0000000000079,21X000000001063H,NL,Rotterdam Gate Terminal,278.07,1888.48,449.7,540.0,3667.35,523.0,523.0,0.0,C,2026-08-23 06:40:04,51.9737,4.0728,
2026-09-01T21:21:41+00:00,gate,2026-08-21,21W0000000000079,21X000000001063H,NL,Rotterdam Gate Terminal,208.6,1418.63,463.4,540.0,3672.39,523.0,523.0,0.0,C,2026-08-22 06:40:04,51.9737,4.0728,
2026-09-01T21:21:41+00:00,gate,2026-08-20,21W0000000000079,21X000000001063H,NL,Rotterdam Gate Terminal,279.82,1892.19,465.7,540.0,3651.57,523.0,523.0,0.0,C,2026-08-21 06:40:04,51.9737,4.0728,
2026-09-01T21:21:41+00:00,gate,2026-08-19,21W0000000000079,21X000000001063H,NL,Rotterdam Gate Terminal,200.52,1362.15,467.6,540.0,3668.27,523.0,523.0,0.0,C,2026-08-20 06:50:02,51.9737,4.0728,
2026-09-01T21:21:41+00:00,gate,2026-08-18,21W0000000000079,21X000000001063H,NL,Rotterdam Gate Terminal,273.06,1847.21,465.5,540.0,3653.02,523.0,523.0,0.0,C,2026-08-19 06:40:04,51.9737,4.0728,
2026-09-01T21:21:41+00:00,gate,2026-08-17,21W0000000000079,21X000000001063H,NL,Rotterdam Gate Terminal,186.45,1267.58,463.8,540.0,3671.19,523.0,523.0,0.0,C,2026-08-18 06:50:02,51.9737,4.0728,
2026-09-01T21:21:41+00:00,gate,2026-08-16,21W0000000000079,21X000000001063H,NL,Rotterdam Gate Terminal,147.59,1012.24,446.3,540.0,3703.57,523.0,523.0,0.0,C,2026-08-17 06:40:04,51.9737,4.0728,
2026-09-01T21:21:41+00:00,gate,2026-08-15,21W0000000000079,21X000000001063H,NL,Rotterdam Gate Terminal,181.75,1233.03,426.6,540.0,3663.47,523.0,523.0,0.0,C,2026-08-16 06:50:03,51.9737,4.0728,
2026-09-01T21:21:41+00:00,gate,2026-08-14,21W0000000000079,21X000000001063H,NL,Rotterdam Gate Terminal,254.23,1707.82,448.0,540.0,3627.51,523.0,523.0,0.0,C,2026-08-15 06:50:03,51.9737,4.0728,
2026-09-01T21:21:41+00:00,gate,2026-08-13,21W0000000000079,21X000000001063H,NL,Rotterdam Gate Terminal,136.08,928.82,461.2,540.0,3685.79,523.0,523.0,0.0,C,2026-08-14 06:40:04,51.9737,4.0728,
2026-09-01T21:21:41+00:00,gate,2026-08-12,21W0000000000079,21X000000001063H,NL,Rotterdam Gate Terminal,210.19,1409.49,461.2,540.0,3621.13,523.0,523.0,0.0,C,2026-08-13 06:40:03,51.9737,4.0728,
2026-09-01T21:21:41+00:00,gate,2026-08-11,21W0000000000079,21X000000001063H,NL,Rotterdam Gate Terminal,138.29,946.59,461.7,540.0,3696.28,523.0,523.0,0.0,C,2026-08-12 08:24:34,51.9737,4.0728,
2026-09-01T21:21:41+00:00,gate,2026-08-10,21W0000000000079,21X000000001063H,NL,Rotterdam Gate Terminal,187.14,1266.36,451.8,540.0,3654.13,523.0,523.0,0.0,C,2026-08-11 06:57:18,51.9737,4.0728,
2026-09-01T21:21:41+00:00,gate,2026-08-09,21W0000000000079,21X000000001063H,NL,Rotterdam Gate Terminal,89.85,617.92,435.1,540.0,3713.71,523.0,523.0,0.0,C,2026-08-10 07:57:51,51.9737,4.0728,
2026-09-01T21:21:41+00:00,gate,2026-08-08,21W0000000000079,21X000000001063H,NL,Rotterdam Gate Terminal,62.41,439.52,435.1,540.0,3802.93,523.0,523.0,0.0,C,2026-08-09 07:25:48,51.9737,4.0728,
2026-09-01T21:21:41+00:00,gate,2026-08-07,21W0000000000079,21X000000001063H,NL,Rotterdam Gate Terminal,106.66,733.96,465.9,540.0,3715.9,523.0,523.0,0.0,C,2026-08-08 09:16:48,51.9737,4.0728,
2026-09-01T21:21:41+00:00,gate,2026-08-06,21W0000000000079,21X000000001063H,NL,Rotterdam Gate Terminal,183.8,1240.76,445.2,540.0,3645.32,523.0,523.0,0.0,C,2026-08-07 09:51:01,51.9737,4.0728,
2026-09-01T21:21:41+00:00,gate,2026-08-05,21W0000000000079,21X000000001063H,NL,Rotterdam Gate Terminal,121.36,821.38,446.9,540.0,3654.79,523.0,523.0,0.0,C,2026-08-07 09:49:37,51.9737,4.0728,
2026-09-01T21:21:41+00:00,gate,2026-08-04,21W0000000000079,21X000000001063H,NL,Rotterdam Gate Terminal,184.63,1252.66,429.3,540.0,3663.74,523.0,523.0,0.0,C,2026-08-07 09:48:12,51.9737,4.0728,
2026-09-01T21:21:41+00:00,gate,2026-08-03,21W0000000000079,21X000000001063H,NL,Rotterdam Gate Terminal,249.11,1674.4,348.5,540.0,3629.63,523.0,523.0,0.0,C,2026-08-07 09:43:42,51.9737,4.0728,
2026-09-01T21:21:41+00:00,gate,2026-08-02,21W0000000000079,21X000000001063H,NL,Rotterdam Gate Terminal,290.19,1944.29,268.0,540.0,3618.03,523.0,523.0,0.0,C,2026-08-07 09:41:57,51.9737,4.0728,
2026-09-01T21:21:41+00:00,gate,2026-08-01,21W0000000000079,21X000000001063H,NL,Rotterdam Gate Terminal,180.28,1232.16,268.0,540.0,3690.74,523.0,523.0,0.0,C,2026-08-07 09:40:25,51.9737,4.0728,
2026-09-01T21:21:41+00:00,gate,2026-07-31,21W0000000000079,21X000000001063H,NL,Rotterdam Gate Terminal,251.06,1700.36,407.1,540.0,3657.27,523.0,523.0,0.0,C,2026-08-07 09:38:47,51.9737,4.0728,
2026-09-01T21:21:41+00:00,gate,2026-07-30,21W0000000000079,21X000000001063H,NL,Rotterdam Gate Terminal,144.21,983.47,385.7,540.0,3682.64,523.0,523.0,0.0,C,2026-08-07 09:37:30,51.9737,4.0728,
2026-09-01T21:21:41+00:00,gate,2026-07-29,21W0000000000079,21X000000001063H,NL,Rotterdam Gate Terminal,179.44,1224.2,397.8,540.0,3684.06,523.0,523.0,0.0,C,2026-08-07 09:36:08,51.9737,4.0728,
2026-09-01T21:21:41+00:00,gate,2026-07-28,21W0000000000079,21X000000001063H,NL,Rotterdam Gate Terminal,256.68,1733.92,434.3,540.0,3647.8,523.0,523.0,0.0,C,2026-08-07 09:34:46,51.9737,4.0728,
2026-09-01T21:21:41+00:00,gate,2026-07-27,21W0000000000079,21X000000001063H,NL,Rotterdam Gate Terminal,335.67,2254.08,431.4,540.0,3626.19,523.0,523.0,0.0,C,2026-08-07 09:33:22,51.9737,4.0728,
2026-09-01T21:21:41+00:00,gate,2026-07-26,21W0000000000079,21X000000001063H,NL,Rotterdam Gate Terminal,404.16,2705.95,345.7,540.0,3615.43,523.0,523.0,0.0,C,2026-08-07 09:32:07,51.9737,4.0728,
2026-09-01T21:21:41+00:00,gate,2026-07-25,21W0000000000079,21X000000001063H,NL,Rotterdam Gate Terminal,307.6,2093.35,353.5,540.0,3674.93,523.0,523.0,0.0,C,2026-08-07 09:30:12,51.9737,4.0728,
2026-09-01T21:21:41+00:00,gate,2026-07-24,21W0000000000079,21X000000001063H,NL,Rotterdam Gate Terminal,359.39,2408.88,339.1,540.0,3619.45,523.0,523.0,0.0,C,2026-08-07 09:28:39,51.9737,4.0728,
2026-09-01T21:21:41+00:00,gate,2026-07-23,21W0000000000079,21X000000001063H,NL,Rotterdam Gate Terminal,421.91,2821.25,366.5,540.0,3610.9,523.0,523.0,0.0,C,2026-08-07 09:26:56,51.9737,4.0728,
2026-09-01T21:21:41+00:00,gate,2026-07-22,21W0000000000079,21X000000001063H,NL,Rotterdam Gate Terminal,309.59,2103.69,360.0,540.0,3669.35,523.0,523.0,0.0,C,2026-08-07 09:21:46,51.9737,4.0728,
2026-09-01T21:21:41+00:00,gate,2026-07-21,21W0000000000079,21X000000001063H,NL,Rotterdam Gate Terminal,378.68,2574.42,372.5,540.0,3671.14,523.0,523.0,0.0,C,2026-07-22 06:50:02,51.9737,4.0728,
2026-09-01T21:21:41+00:00,gate,2026-07-20,21W0000000000079,21X000000001063H,NL,Rotterdam Gate Terminal,275.11,1877.23,316.7,540.0,3684.72,523.0,523.0,0.0,C,2026-07-21 06:40:04,51.9737,4.0728,
2026-09-01T21:21:41+00:00,gate,2026-07-19,21W0000000000079,21X000000001063H,NL,Rotterdam Gate Terminal,334.8,2270.82,294.4,540.0,3662.61,523.0,523.0,0.0,C,2026-07-20 06:40:19,51.9737,4.0728,
2026-09-01T21:21:41+00:00,gate,2026-07-18,21W0000000000079,21X000000001063H,NL,Rotterdam Gate Terminal,231.4,1569.81,294.4,540.0,3663.34,523.0,523.0,0.0,C,2026-07-19 06:50:03,51.9737,4.0728,
2026-09-01T21:21:41+00:00,eems,2026-08-31,52W000000000001W,52X000000000088H,NL,EemsEnergy LNG Terminal (FSRU Eemshaven LNG),145.35,840.87,299.5,175.4,1014.71,341.7,250.4,0.0,C,2026-09-01 06:40:03,53.4448,6.8473,
2026-09-01T21:21:41+00:00,eems,2026-08-30,52W000000000001W,52X000000000088H,NL,EemsEnergy LNG Terminal (FSRU Eemshaven LNG),94.94,487.73,299.5,175.4,901.07,341.7,250.4,0.0,C,2026-08-31 06:40:09,53.4448,6.8473,
2026-09-01T21:21:41+00:00,eems,2026-08-29,52W000000000001W,52X000000000088H,NL,EemsEnergy LNG Terminal (FSRU Eemshaven LNG),140.5,787.25,299.5,175.4,982.8,341.7,250.4,0.0,C,2026-08-30 06:40:03,53.4448,6.8473,
2026-09-01T21:21:41+00:00,eems,2026-08-28,52W000000000001W,52X000000000088H,NL,EemsEnergy LNG Terminal (FSRU Eemshaven LNG),97.67,510.19,249.3,175.4,916.22,341.7,250.4,0.0,C,2026-08-29 06:40:03,53.4448,6.8473,
2026-09-01T21:21:41+00:00,eems,2026-08-27,52W000000000001W,52X000000000088H,NL,EemsEnergy LNG Terminal (FSRU Eemshaven LNG),63.26,287.71,249.3,175.4,797.73,341.7,250.4,0.0,C,2026-08-28 06:40:04,53.4448,6.8473,
2026-09-01T21:21:41+00:00,eems,2026-08-26,52W000000000001W,52X000000000088H,NL,EemsEnergy LNG Terminal (FSRU Eemshaven LNG),100.84,536.98,252.0,175.4,934.02,341.7,250.4,0.0,C,2026-08-27 06:40:03,53.4448,6.8473,
2026-09-01T21:21:41+00:00,eems,2026-08-25,52W000000000001W,52X000000000088H,NL,EemsEnergy LNG Terminal (FSRU Eemshaven LNG),198.84,1188.77,188.8,175.4,1048.63,341.7,250.4,0.0,C,2026-08-26 06:40:03,53.4448,6.8473,
2026-09-01T21:21:41+00:00,eems,2026-08-24,52W000000000001W,52X000000000088H,NL,EemsEnergy LNG Terminal (FSRU Eemshaven LNG),167.01,983.23,188.8,175.4,1032.62,341.7,250.4,0.0,C,2026-08-25 06:40:03,53.4448,6.8473,
2026-09-01T21:21:41+00:00,eems,2026-08-23,52W000000000001W,52X000000000088H,NL,EemsEnergy LNG Terminal (FSRU Eemshaven LNG),219.67,1330.24,174.0,175.4,1062.16,341.7,250.4,0.0,C,2026-08-24 06:40:03,53.4448,6.8473,
2026-09-01T21:21:41+00:00,eems,2026-08-22,52W000000000001W,52X000000000088H,NL,EemsEnergy LNG Terminal (FSRU Eemshaven LNG),128.48,720.68,174.0,175.4,983.87,341.7,250.4,0.0,C,2026-08-23 06:40:03,53.4448,6.8473,
2026-09-01T21:21:41+00:00,eems,2026-08-21,52W000000000001W,52X000000000088H,NL,EemsEnergy LNG Terminal (FSRU Eemshaven LNG),106.89,574.86,218.6,175.4,943.31,341.7,250.4,0.0,C,2026-08-22 06:40:02,53.4448,6.8473,
2026-09-01T21:21:41+00:00,eems,2026-08-20,52W000000000001W,52X000000000088H,NL,EemsEnergy LNG Terminal (FSRU Eemshaven LNG),140.07,793.45,219.5,175.4,993.58,341.7,250.4,0.0,C,2026-08-21 06:40:06,53.4448,6.8473,
2026-09-01T21:21:41+00:00,eems,2026-08-19,52W000000000001W,52X000000000088H,NL,EemsEnergy LNG Terminal (FSRU Eemshaven LNG),173.38,1012.95,219.5,175.4,1024.75,341.7,250.4,0.0,C,2026-08-20 06:40:03,53.4448,6.8473,
2026-09-01T21:21:41+00:00,eems,2026-08-18,52W000000000001W,52X000000000088H,NL,EemsEnergy LNG Terminal (FSRU Eemshaven LNG),183.06,1075.11,181.9,175.4,1030.12,341.7,250.4,0.0,C,2026-08-19 06:40:02,53.4448,6.8473,
2026-09-01T21:21:41+00:00,eems,2026-08-17,52W000000000001W,52X000000000088H,NL,EemsEnergy LNG Terminal (FSRU Eemshaven LNG),156.49,901.0,307.1,175.4,1009.88,341.7,250.4,0.0,C,2026-08-18 06:40:02,53.4448,6.8473,
2026-09-01T21:21:41+00:00,eems,2026-08-16,52W000000000001W,52X000000000088H,NL,EemsEnergy LNG Terminal (FSRU Eemshaven LNG),94.81,496.09,307.1,175.4,917.77,341.7,250.4,0.0,C,2026-08-17 06:40:03,53.4448,6.8473,
2026-09-01T21:21:41+00:00,eems,2026-08-15,52W000000000001W,52X000000000088H,NL,EemsEnergy LNG Terminal (FSRU Eemshaven LNG),140.5,807.64,307.1,175.4,1008.26,341.7,250.4,0.0,C,2026-08-16 06:40:05,53.4448,6.8473,
2026-09-01T21:21:41+00:00,eems,2026-08-14,52W000000000001W,52X000000000088H,NL,EemsEnergy LNG Terminal (FSRU Eemshaven LNG),98.37,523.48,279.0,175.4,933.4,341.7,250.4,0.0,C,2026-08-15 06:40:03,53.4448,6.8473,
2026-09-01T21:21:41+00:00,eems,2026-08-13,52W000000000001W,52X000000000088H,NL,EemsEnergy LNG Terminal (FSRU Eemshaven LNG),69.08,324.92,277.5,175.4,825.0,341.7,250.4,0.0,C,2026-08-14 06:40:03,53.4448,6.8473,
2026-09-01T21:21:41+00:00,eems,2026-08-12,52W000000000001W,52X000000000088H,NL,EemsEnergy LNG Terminal (FSRU Eemshaven LNG),111.55,602.45,277.5,175.4,947.29,341.7,250.4,0.0,C,2026-08-13 06:40:05,53.4448,6.8473,
2026-09-01T21:21:41+00:00,eems,2026-08-11,52W000000000001W,52X000000000088H,NL,EemsEnergy LNG Terminal (FSRU Eemshaven LNG),142.6,803.29,252.5,175.4,988.06,341.7,250.4,0.0,C,2026-08-12 06:40:02,53.4448,6.8473,
2026-09-01T21:21:41+00:00,eems,2026-08-10,52W000000000001W,52X000000000088H,NL,EemsEnergy LNG Terminal (FSRU Eemshaven LNG),37.25,116.84,252.5,175.4,550.17,341.7,250.4,0.0,C,2026-08-11 06:40:02,53.4448,6.8473,
2026-09-01T21:21:41+00:00,eems,2026-08-09,52W000000000001W,52X000000000088H,NL,EemsEnergy LNG Terminal (FSRU Eemshaven LNG),78.04,371.53,252.5,175.4,835.04,341.7,250.4,0.0,C,2026-08-10 06:40:03,53.4448,6.8473,
2026-09-01T21:21:41+00:00,eems,2026-08-08,52W000000000001W,52X000000000088H,NL,EemsEnergy LNG Terminal (FSRU Eemshaven LNG),116.12,624.02,252.5,175.4,942.59,341.7,250.4,0.0,C,2026-08-09 06:40:02,53.4448,6.8473,
2026-09-01T21:21:41+00:00,eems,2026-08-07,52W000000000001W,52X000000000088H,NL,EemsEnergy LNG Terminal (FSRU Eemshaven LNG),154.2,876.51,216.7,175.4,997.02,341.7,250.4,0.0,C,2026-08-08 06:50:03,53.4448,6.8473,
2026-09-01T21:21:41+00:00,eems,2026-08-06,52W000000000001W,52X000000000088H,NL,EemsEnergy LNG Terminal (FSRU Eemshaven LNG),124.18,683.62,110.4,175.4,965.59,341.7,250.4,0.0,C,2026-08-07 06:40:04,53.4448,6.8473,
2026-09-01T21:21:41+00:00,eems,2026-08-05,52W000000000001W,52X000000000088H,NL,EemsEnergy LNG Terminal (FSRU Eemshaven LNG),44.84,166.9,110.4,175.4,652.86,341.7,250.4,0.0,C,2026-08-06 06:40:29,53.4448,6.8473,
2026-09-01T21:21:41+00:00,eems,2026-08-04,52W000000000001W,52X000000000088H,NL,EemsEnergy LNG Terminal (FSRU Eemshaven LNG),61.49,277.32,63.9,175.4,791.05,341.7,250.4,0.0,C,2026-08-05 06:40:03,53.4448,6.8473,
2026-09-01T21:21:41+00:00,eems,2026-08-03,52W000000000001W,52X000000000088H,NL,EemsEnergy LNG Terminal (FSRU Eemshaven LNG),71.12,341.19,17.3,175.4,841.46,341.7,250.4,0.0,C,2026-08-04 06:40:03,53.4448,6.8473,
2026-09-01T21:21:41+00:00,eems,2026-08-02,52W000000000001W,52X000000000088H,NL,EemsEnergy LNG Terminal (FSRU Eemshaven LNG),73.73,358.49,17.3,175.4,852.83,341.7,250.4,0.0,C,2026-08-03 06:40:06,53.4448,6.8473,
2026-09-01T21:21:41+00:00,eems,2026-08-01,52W000000000001W,52X000000000088H,NL,EemsEnergy LNG Terminal (FSRU Eemshaven LNG),76.34,375.79,17.3,175.4,863.42,341.7,250.4,0.0,C,2026-08-02 06:40:02,53.4448,6.8473,
2026-09-01T21:21:41+00:00,eems,2026-07-31,52W000000000001W,52X000000000088H,NL,EemsEnergy LNG Terminal (FSRU Eemshaven LNG),78.95,393.09,17.3,175.4,873.31,341.7,250.4,0.0,C,2026-08-01 06:40:03,53.4448,6.8473,
2026-09-01T21:21:41+00:00,eems,2026-07-30,52W000000000001W,52X000000000088H,NL,EemsEnergy LNG Terminal (FSRU Eemshaven LNG),81.71,411.39,17.3,175.4,883.1,341.7,250.4,0.0,C,2026-07-31 06:40:02,53.4448,6.8473,
2026-09-01T21:21:41+00:00,eems,2026-07-29,52W000000000001W,52X000000000088H,NL,EemsEnergy LNG Terminal (FSRU Eemshaven LNG),84.32,428.69,17.3,175.4,891.75,341.7,250.4,0.0,C,2026-07-30 06:40:02,53.4448,6.8473,
2026-09-01T21:21:41+00:00,eems,2026-07-28,52W000000000001W,52X000000000088H,NL,EemsEnergy LNG Terminal (FSRU Eemshaven LNG),86.93,445.99,19.9,175.4,899.88,341.7,250.4,0.0,C,2026-07-29 06:40:02,53.4448,6.8473,
2026-09-01T21:21:41+00:00,eems,2026-07-27,52W000000000001W,52X000000000088H,NL,EemsEnergy LNG Terminal (FSRU Eemshaven LNG),89.93,465.86,22.5,175.4,908.62,341.7,250.4,0.0,C,2026-07-28 06:40:03,53.4448,6.8473,
2026-09-01T21:21:41+00:00,eems,2026-07-26,52W000000000001W,52X000000000088H,NL,EemsEnergy LNG Terminal (FSRU Eemshaven LNG),93.31,488.32,22.5,175.4,917.92,341.7,250.4,0.0,C,2026-07-27 06:40:03,53.4448,6.8473,
2026-09-01T21:21:41+00:00,eems,2026-07-25,52W000000000001W,52X000000000088H,NL,EemsEnergy LNG Terminal (FSRU Eemshaven LNG),96.7,510.77,22.5,175.4,926.46,341.7,250.4,0.0,C,2026-07-26 06:40:03,53.4448,6.8473,
2026-09-01T21:21:41+00:00,eems,2026-07-24,52W000000000001W,52X000000000088H,NL,EemsEnergy LNG Terminal (FSRU Eemshaven LNG),100.09,533.23,21.4,175.4,934.44,341.7,250.4,0.0,C,2026-07-25 06:50:02,53.4448,6.8473,
2026-09-01T21:21:41+00:00,eems,2026-07-23,52W000000000001W,52X000000000088H,NL,EemsEnergy LNG Terminal (FSRU Eemshaven LNG),103.32,554.65,21.4,175.4,941.6,341.7,250.4,0.0,C,2026-07-24 06:40:02,53.4448,6.8473,
2026-09-01T21:21:41+00:00,eems,2026-07-22,52W000000000001W,52X000000000088H,NL,EemsEnergy LNG Terminal (FSRU Eemshaven LNG),106.55,576.07,21.4,175.4,948.31,341.7,250.4,0.0,C,2026-07-23 06:40:02,53.4448,6.8473,
2026-09-01T21:21:41+00:00,eems,2026-07-21,52W000000000001W,52X000000000088H,NL,EemsEnergy LNG Terminal (FSRU Eemshaven LNG),109.78,597.5,21.4,175.4,954.65,341.7,250.4,0.0,C,2026-07-22 06:40:02,53.4448,6.8473,
2026-09-01T21:21:41+00:00,eems,2026-07-20,52W000000000001W,52X000000000088H,NL,EemsEnergy LNG Terminal (FSRU Eemshaven LNG),113.01,618.92,21.4,175.4,960.61,341.7,250.4,0.0,C,2026-07-21 06:40:03,53.4448,6.8473,
2026-09-01T21:21:41+00:00,eems,2026-07-19,52W000000000001W,52X000000000088H,NL,EemsEnergy LNG Terminal (FSRU Eemshaven LNG),116.24,640.34,21.4,175.4,966.24,341.7,250.4,0.0,C,2026-07-20 06:40:18,53.4448,6.8473,
2026-09-01T21:21:41+00:00,eems,2026-07-18,52W000000000001W,52X000000000088H,NL,EemsEnergy LNG Terminal (FSRU Eemshaven LNG),119.47,661.76,21.4,175.4,971.56,341.7,250.4,0.0,C,2026-07-19 06:40:02,53.4448,6.8473,
2026-09-01T21:21:41+00:00,zeebrugge,2026-08-31,21W0000000001245,21X000000001006T,BE,Zeebrugge LNG Terminal,286.17,1924.23,191.4,566.0,3805.83,724.1,724.1,0.0,C,2026-09-01 12:20:02,51.3529,3.1819,
2026-09-01T21:21:41+00:00,zeebrugge,2026-08-30,21W0000000001245,21X000000001006T,BE,Zeebrugge LNG Terminal,310.01,2085.63,165.7,566.0,3807.83,724.1,724.1,0.0,C,2026-08-31 12:20:18,51.3529,3.1819,
2026-09-01T21:21:41+00:00,zeebrugge,2026-08-29,21W0000000001245,21X000000001006T,BE,Zeebrugge LNG Terminal,210.92,1404.17,65.9,566.0,3768.06,724.1,724.1,0.0,C,2026-08-30 12:20:03,51.3529,3.1819,
2026-09-01T21:21:41+00:00,zeebrugge,2026-08-28,21W0000000001245,21X000000001006T,BE,Zeebrugge LNG Terminal,210.23,1397.73,97.7,566.0,3763.09,724.1,724.1,0.0,C,2026-08-29 12:20:03,51.3529,3.1819,
2026-09-01T21:21:41+00:00,zeebrugge,2026-08-27,21W0000000001245,21X000000001006T,BE,Zeebrugge LNG Terminal,221.37,1470.91,145.7,566.0,3760.83,724.1,724.1,0.0,C,2026-08-28 12:20:03,51.3529,3.1819,
2026-09-01T21:21:41+00:00,zeebrugge,2026-08-26,21W0000000001245,21X000000001006T,BE,Zeebrugge LNG Terminal,74.05,493.84,48.9,566.0,3774.66,724.1,724.1,0.0,C,2026-08-27 12:20:03,51.3529,3.1819,
2026-09-01T21:21:41+00:00,zeebrugge,2026-08-25,21W0000000001245,21X000000001006T,BE,Zeebrugge LNG Terminal,77.42,516.25,63.9,566.0,3774.19,724.1,724.1,0.0,C,2026-08-26 12:20:06,51.3529,3.1819,
2026-09-01T21:21:41+00:00,zeebrugge,2026-08-24,21W0000000001245,21X000000001006T,BE,Zeebrugge LNG Terminal,80.89,539.3,52.7,566.0,3773.57,724.1,724.1,0.0,C,2026-08-25 12:20:10,51.3529,3.1819,
2026-09-01T21:21:41+00:00,zeebrugge,2026-08-23,21W0000000001245,21X000000001006T,BE,Zeebrugge LNG Terminal,96.48,643.59,38.2,566.0,3775.62,724.1,724.1,0.0,C,2026-08-24 12:20:03,51.3529,3.1819,
2026-09-01T21:21:41+00:00,zeebrugge,2026-08-22,21W0000000001245,21X000000001006T,BE,Zeebrugge LNG Terminal,99.81,665.76,38.6,566.0,3775.37,724.1,724.1,0.0,C,2026-08-23 12:20:06,51.3529,3.1819,
2026-09-01T21:21:41+00:00,zeebrugge,2026-08-21,21W0000000001245,21X000000001006T,BE,Zeebrugge LNG Terminal,103.13,687.76,51.4,566.0,3774.58,724.1,724.1,0.0,C,2026-08-22 12:20:03,51.3529,3.1819,
2026-09-01T21:21:41+00:00,zeebrugge,2026-08-20,21W0000000001245,21X000000001006T,BE,Zeebrugge LNG Terminal,106.34,709.11,54.4,566.0,3774.27,724.1,724.1,0.0,C,2026-08-21 12:20:06,51.3529,3.1819,
2026-09-01T21:21:41+00:00,zeebrugge,2026-08-19,21W0000000001245,21X000000001006T,BE,Zeebrugge LNG Terminal,109.57,730.56,44.5,566.0,3773.82,724.1,724.1,0.0,C,2026-08-20 12:20:03,51.3529,3.1819,
2026-09-01T21:21:41+00:00,zeebrugge,2026-08-18,21W0000000001245,21X000000001006T,BE,Zeebrugge LNG Terminal,113.18,754.57,51.5,566.0,3773.52,724.1,724.1,0.0,C,2026-08-19 12:20:56,51.3529,3.1819,
2026-09-01T21:21:41+00:00,zeebrugge,2026-08-17,21W0000000001245,21X000000001006T,BE,Zeebrugge LNG Terminal,116.75,778.26,25.3,566.0,3772.98,724.1,724.1,0.0,C,2026-08-18 12:20:03,51.3529,3.1819,
2026-09-01T21:21:41+00:00,zeebrugge,2026-08-16,21W0000000001245,21X000000001006T,BE,Zeebrugge LNG Terminal,127.51,850.24,39.5,566.0,3774.1,724.1,724.1,0.0,C,2026-08-17 12:20:10,51.3529,3.1819,
2026-09-01T21:21:41+00:00,zeebrugge,2026-08-15,21W0000000001245,21X000000001006T,BE,Zeebrugge LNG Terminal,130.64,871.05,31.6,566.0,3773.84,724.1,724.1,0.0,C,2026-08-16 12:20:03,51.3529,3.1819,
2026-09-01T21:21:41+00:00,zeebrugge,2026-08-14,21W0000000001245,21X000000001006T,BE,Zeebrugge LNG Terminal,133.55,890.39,27.9,566.0,3773.57,724.1,724.1,0.0,C,2026-08-15 12:20:03,51.3529,3.1819,
2026-09-01T21:21:41+00:00,zeebrugge,2026-08-13,21W0000000001245,21X000000001006T,BE,Zeebrugge LNG Terminal,136.68,911.18,32.9,566.0,3773.25,724.1,724.1,0.0,C,2026-08-14 12:20:02,51.3529,3.1819,
2026-09-01T21:21:41+00:00,zeebrugge,2026-08-12,21W0000000001245,21X000000001006T,BE,Zeebrugge LNG Terminal,140.21,934.62,35.0,566.0,3772.88,724.1,724.1,0.0,C,2026-08-13 12:20:03,51.3529,3.1819,
2026-09-01T21:21:41+00:00,zeebrugge,2026-08-11,21W0000000001245,21X000000001006T,BE,Zeebrugge LNG Terminal,150.98,1006.69,22.2,566.0,3773.92,724.1,724.1,0.0,C,2026-08-12 12:20:05,51.3529,3.1819,
2026-09-01T21:21:41+00:00,zeebrugge,2026-08-10,21W0000000001245,21X000000001006T,BE,Zeebrugge LNG Terminal,154.74,1031.65,22.3,566.0,3773.52,724.1,724.1,0.0,C,2026-08-11 12:20:02,51.3529,3.1819,
2026-09-01T21:21:41+00:00,zeebrugge,2026-08-09,21W0000000001245,21X000000001006T,BE,Zeebrugge LNG Terminal,157.36,1048.98,22.5,566.0,3773.02,724.1,724.1,0.0,C,2026-08-10 12:20:03,51.3529,3.1819,
2026-09-01T21:21:41+00:00,zeebrugge,2026-08-08,21W0000000001245,21X000000001006T,BE,Zeebrugge LNG Terminal,160.52,1069.96,22.0,566.0,3772.72,724.1,724.1,0.0,C,2026-08-09 12:20:02,51.3529,3.1819,
2026-09-01T21:21:41+00:00,zeebrugge,2026-08-07,21W0000000001245,21X000000001006T,BE,Zeebrugge LNG Terminal,163.62,1090.58,22.1,566.0,3772.57,724.1,724.1,0.0,C,2026-08-08 12:20:02,51.3529,3.1819,
2026-09-01T21:21:41+00:00,zeebrugge,2026-08-06,21W0000000001245,21X000000001006T,BE,Zeebrugge LNG Terminal,166.78,1111.55,22.3,566.0,3772.26,724.1,724.1,0.0,C,2026-08-07 12:20:02,51.3529,3.1819,
2026-09-01T21:21:41+00:00,zeebrugge,2026-08-05,21W0000000001245,21X000000001006T,BE,Zeebrugge LNG Terminal,170.32,1135.08,22.3,566.0,3772.05,724.1,724.1,0.0,C,2026-08-06 12:20:02,51.3529,3.1819,
2026-09-01T21:21:41+00:00,zeebrugge,2026-08-04,21W0000000001245,21X000000001006T,BE,Zeebrugge LNG Terminal,173.61,1156.98,22.2,566.0,3771.96,724.1,724.1,0.0,C,2026-08-05 12:20:03,51.3529,3.1819,
2026-09-01T21:21:41+00:00,zeebrugge,2026-08-03,21W0000000001245,21X000000001006T,BE,Zeebrugge LNG Terminal,176.96,1179.19,22.0,566.0,3771.6,724.1,724.1,0.0,C,2026-08-04 12:20:02,51.3529,3.1819,
2026-09-01T21:21:41+00:00,zeebrugge,2026-08-02,21W0000000001245,21X000000001006T,BE,Zeebrugge LNG Terminal,180.62,1203.54,112.8,566.0,3771.47,724.1,724.1,0.0,C,2026-08-03 12:20:03,51.3529,3.1819,
2026-09-01T21:21:41+00:00,zeebrugge,2026-08-01,21W0000000001245,21X000000001006T,BE,Zeebrugge LNG Terminal,203.84,1359.54,124.9,566.0,3775.02,724.1,724.1,0.0,C,2026-08-02 12:20:06,51.3529,3.1819,
2026-09-01T21:21:41+00:00,zeebrugge,2026-07-31,21W0000000001245,21X000000001006T,BE,Zeebrugge LNG Terminal,227.1,1515.91,129.7,566.0,3778.09,724.1,724.1,0.0,C,2026-08-01 12:20:03,51.3529,3.1819,
2026-09-01T21:21:41+00:00,zeebrugge,2026-07-30,21W0000000001245,21X000000001006T,BE,Zeebrugge LNG Terminal,253.89,1695.77,134.0,566.0,3780.4,724.1,724.1,0.0,C,2026-07-31 12:20:03,51.3529,3.1819,
2026-09-01T21:21:41+00:00,zeebrugge,2026-07-29,21W0000000001245,21X000000001006T,BE,Zeebrugge LNG Terminal,278.0,1857.1,140.7,566.0,3781.0,724.1,724.1,0.0,C,2026-07-30 12:20:03,51.3529,3.1819,
2026-09-01T21:21:41+00:00,zeebrugge,2026-07-28,21W0000000001245,21X000000001006T,BE,Zeebrugge LNG Terminal,303.7,2029.19,64.8,566.0,3781.76,724.1,724.1,0.0,C,2026-07-29 12:20:06,51.3529,3.1819,
2026-09-01T21:21:41+00:00,zeebrugge,2026-07-27,21W0000000001245,21X000000001006T,BE,Zeebrugge LNG Terminal,197.08,1314.47,136.1,566.0,3775.07,724.1,724.1,0.0,C,2026-07-28 12:20:03,51.3529,3.1819,
2026-09-01T21:21:41+00:00,zeebrugge,2026-07-26,21W0000000001245,21X000000001006T,BE,Zeebrugge LNG Terminal,174.74,1164.43,96.4,566.0,3771.7,724.1,724.1,0.0,C,2026-07-27 12:20:06,51.3529,3.1819,
2026-09-01T21:21:41+00:00,zeebrugge,2026-07-25,21W0000000001245,21X000000001006T,BE,Zeebrugge LNG Terminal,191.94,1279.62,72.7,566.0,3773.39,724.1,724.1,0.0,C,2026-07-26 12:20:02,51.3529,3.1819,
2026-09-01T21:21:41+00:00,zeebrugge,2026-07-24,21W0000000001245,21X000000001006T,BE,Zeebrugge LNG Terminal,209.18,1395.07,100.8,566.0,3774.79,724.1,724.1,0.0,C,2026-07-25 12:20:03,51.3529,3.1819,
2026-09-01T21:21:41+00:00,zeebrugge,2026-07-23,21W0000000001245,21X000000001006T,BE,Zeebrugge LNG Terminal,226.36,1510.08,121.4,566.0,3775.87,724.1,724.1,0.0,C,2026-07-24 12:20:02,51.3529,3.1819,
2026-09-01T21:21:41+00:00,zeebrugge,2026-07-22,21W0000000001245,21X000000001006T,BE,Zeebrugge LNG Terminal,244.31,1630.28,126.5,566.0,3776.92,724.1,724.1,0.0,C,2026-07-23 12:20:18,51.3529,3.1819,
2026-09-01T21:21:41+00:00,zeebrugge,2026-07-21,21W0000000001245,21X000000001006T,BE,Zeebrugge LNG Terminal,262.11,1749.39,139.3,566.0,3777.63,724.1,724.1,0.0,C,2026-07-22 12:20:03,51.3529,3.1819,
2026-09-01T21:21:41+00:00,zeebrugge,2026-07-20,21W0000000001245,21X000000001006T,BE,Zeebrugge LNG Terminal,279.69,1866.79,167.0,566.0,3777.77,724.1,724.1,0.0,C,2026-07-21 12:20:02,51.3529,3.1819,
2026-09-01T21:21:41+00:00,zeebrugge,2026-07-19,21W0000000001245,21X000000001006T,BE,Zeebrugge LNG Terminal,305.2,2037.23,201.0,566.0,3778.09,724.1,724.1,0.0,C,2026-07-20 12:20:03,51.3529,3.1819,
2026-09-01T21:21:41+00:00,zeebrugge,2026-07-18,21W0000000001245,21X000000001006T,BE,Zeebrugge LNG Terminal,333.89,2228.91,180.9,566.0,3778.38,724.1,724.1,0.0,C,2026-07-19 12:20:05,51.3529,3.1819,
2026-09-01T21:21:41+00:00,dunkerque,2026-08-31,21W0000000000451,21X000000001331I,FR,Dunkerque LNG Terminal,245.25,1632.04,194.4,570.15,3794.12,544.8,519.8,25.0,C,2026-09-01 04:40:03,51.0395,2.187,
2026-09-01T21:21:41+00:00,dunkerque,2026-08-30,21W0000000000451,21X000000001331I,FR,Dunkerque LNG Terminal,207.68,1389.14,197.0,570.15,3813.65,544.8,519.8,25.0,C,2026-08-31 04:40:03,51.0395,2.187,
2026-09-01T21:21:41+00:00,dunkerque,2026-08-29,21W0000000000451,21X000000001331I,FR,Dunkerque LNG Terminal,139.92,939.05,290.6,570.15,3826.47,544.8,519.8,25.0,C,2026-08-30 04:40:04,51.0395,2.187,
2026-09-01T21:21:41+00:00,dunkerque,2026-08-28,21W0000000000451,21X000000001331I,FR,Dunkerque LNG Terminal,183.26,1230.59,250.4,570.15,3828.55,544.8,519.8,25.0,C,2026-08-29 04:40:04,51.0395,2.187,
2026-09-01T21:21:41+00:00,dunkerque,2026-08-27,21W0000000000451,21X000000001331I,FR,Dunkerque LNG Terminal,220.7,1482.27,358.6,570.15,3829.25,544.8,519.8,25.0,C,2026-08-28 04:40:05,51.0395,2.187,
2026-09-01T21:21:41+00:00,dunkerque,2026-08-26,21W0000000000451,21X000000001331I,FR,Dunkerque LNG Terminal,274.64,1846.27,410.8,570.15,3832.84,544.8,519.8,25.0,C,2026-08-27 04:40:03,51.0395,2.187,
2026-09-01T21:21:41+00:00,dunkerque,2026-08-25,21W0000000000451,21X000000001331I,FR,Dunkerque LNG Terminal,240.04,1612.23,387.7,570.15,3829.42,544.8,519.8,25.0,C,2026-08-26 04:40:03,51.0395,2.187,
2026-09-01T21:21:41+00:00,dunkerque,2026-08-24,21W0000000000451,21X000000001331I,FR,Dunkerque LNG Terminal,298.97,2001.75,489.3,570.15,3817.43,544.8,544.8,0.0,C,2026-08-25 04:40:03,51.0395,2.187,
2026-09-01T21:21:41+00:00,dunkerque,2026-08-23,21W0000000000451,21X000000001331I,FR,Dunkerque LNG Terminal,271.41,1801.48,370.4,570.15,3784.36,544.8,531.8,13.0,C,2026-08-24 04:40:03,51.0395,2.187,
2026-09-01T21:21:41+00:00,dunkerque,2026-08-22,21W0000000000451,21X000000001331I,FR,Dunkerque LNG Terminal,309.39,2048.05,374.3,570.15,3774.19,544.8,531.8,13.0,C,2026-08-23 04:40:03,51.0395,2.187,
2026-09-01T21:21:41+00:00,dunkerque,2026-08-21,21W0000000000451,21X000000001331I,FR,Dunkerque LNG Terminal,213.3,1400.89,532.9,570.15,3744.57,544.8,544.8,0.0,C,2026-08-22 04:40:03,51.0395,2.187,
2026-09-01T21:21:41+00:00,dunkerque,2026-08-20,21W0000000000451,21X000000001331I,FR,Dunkerque LNG Terminal,294.03,1935.61,428.1,570.15,3753.32,544.8,544.8,0.0,C,2026-08-21 04:40:03,51.0395,2.187,
2026-09-01T21:21:41+00:00,dunkerque,2026-08-19,21W0000000000451,21X000000001331I,FR,Dunkerque LNG Terminal,306.26,2018.62,362.3,570.15,3757.97,544.8,544.8,0.0,C,2026-08-20 04:40:03,51.0395,2.187,
2026-09-01T21:21:41+00:00,dunkerque,2026-08-18,21W0000000000451,21X000000001331I,FR,Dunkerque LNG Terminal,246.08,1632.45,360.9,570.15,3782.27,544.8,544.8,0.0,C,2026-08-19 04:40:03,51.0395,2.187,
2026-09-01T21:21:41+00:00,dunkerque,2026-08-17,21W0000000000451,21X000000001331I,FR,Dunkerque LNG Terminal,271.54,1803.79,227.4,570.15,3787.4,544.8,519.8,25.0,C,2026-08-18 04:40:03,51.0395,2.187,
2026-09-01T21:21:41+00:00,dunkerque,2026-08-16,21W0000000000451,21X000000001331I,FR,Dunkerque LNG Terminal,142.58,948.56,221.7,570.15,3793.11,544.8,519.8,25.0,C,2026-08-17 04:40:03,51.0395,2.187,
2026-09-01T21:21:41+00:00,dunkerque,2026-08-15,21W0000000000451,21X000000001331I,FR,Dunkerque LNG Terminal,175.99,1170.25,221.7,570.15,3791.23,544.8,519.8,25.0,C,2026-08-16 04:40:03,51.0395,2.187,
2026-09-01T21:21:41+00:00,dunkerque,2026-08-14,21W0000000000451,21X000000001331I,FR,Dunkerque LNG Terminal,151.41,1006.7,248.3,570.15,3790.83,544.8,544.8,0.0,C,2026-08-15 04:40:02,51.0395,2.187,
2026-09-01T21:21:41+00:00,dunkerque,2026-08-13,21W0000000000451,21X000000001331I,FR,Dunkerque LNG Terminal,94.67,628.09,281.7,570.15,3782.67,544.8,544.8,0.0,C,2026-08-14 04:40:10,51.0395,2.187,
2026-09-01T21:21:41+00:00,dunkerque,2026-08-12,21W0000000000451,21X000000001331I,FR,Dunkerque LNG Terminal,137.45,911.11,256.0,570.15,3779.33,544.8,519.8,25.0,C,2026-08-13 04:40:03,51.0395,2.187,
2026-09-01T21:21:41+00:00,dunkerque,2026-08-11,21W0000000000451,21X000000001331I,FR,Dunkerque LNG Terminal,176.48,1169.31,256.5,570.15,3777.66,544.8,519.8,25.0,C,2026-08-12 04:40:03,51.0395,2.187,
2026-09-01T21:21:41+00:00,dunkerque,2026-08-10,21W0000000000451,21X000000001331I,FR,Dunkerque LNG Terminal,215.59,1428.04,256.5,570.15,3776.6,544.8,519.8,25.0,C,2026-08-11 04:40:03,51.0395,2.187,
2026-09-01T21:21:41+00:00,dunkerque,2026-08-09,21W0000000000451,21X000000001331I,FR,Dunkerque LNG Terminal,254.37,1684.54,197.0,570.15,3775.76,544.8,519.8,25.0,C,2026-08-10 04:40:06,51.0395,2.187,
2026-09-01T21:21:41+00:00,dunkerque,2026-08-08,21W0000000000451,21X000000001331I,FR,Dunkerque LNG Terminal,128.26,849.14,197.0,570.15,3774.65,544.8,519.8,25.0,C,2026-08-09 04:40:02,51.0395,2.187,
2026-09-01T21:21:41+00:00,dunkerque,2026-08-07,21W0000000000451,21X000000001331I,FR,Dunkerque LNG Terminal,148.37,983.59,256.5,570.15,3779.7,544.8,519.8,25.0,C,2026-08-08 04:40:03,51.0395,2.187,
2026-09-01T21:21:41+00:00,dunkerque,2026-08-06,21W0000000000451,21X000000001331I,FR,Dunkerque LNG Terminal,187.22,1242.35,211.9,570.15,3783.39,544.8,519.8,25.0,C,2026-08-07 04:40:03,51.0395,2.187,
2026-09-01T21:21:41+00:00,dunkerque,2026-08-05,21W0000000000451,21X000000001331I,FR,Dunkerque LNG Terminal,219.39,1456.28,251.4,570.15,3784.58,544.8,519.8,25.0,C,2026-08-06 04:40:03,51.0395,2.187,
2026-09-01T21:21:41+00:00,dunkerque,2026-08-04,21W0000000000451,21X000000001331I,FR,Dunkerque LNG Terminal,257.27,1708.5,274.6,570.15,3786.3,544.8,519.8,25.0,C,2026-08-05 04:40:03,51.0395,2.187,
2026-09-01T21:21:41+00:00,dunkerque,2026-08-03,21W0000000000451,21X000000001331I,FR,Dunkerque LNG Terminal,313.96,2086.48,247.5,570.15,3789.04,544.8,519.8,25.0,C,2026-08-04 04:40:05,51.0395,2.187,
2026-09-01T21:21:41+00:00,dunkerque,2026-08-02,21W0000000000451,21X000000001331I,FR,Dunkerque LNG Terminal,351.27,2334.92,178.6,570.15,3789.83,544.8,519.8,25.0,C,2026-08-03 04:40:03,51.0395,2.187,
2026-09-01T21:21:41+00:00,dunkerque,2026-08-01,21W0000000000451,21X000000001331I,FR,Dunkerque LNG Terminal,240.46,1591.3,178.6,570.15,3773.1,544.8,519.8,25.0,C,2026-08-02 04:40:03,51.0395,2.187,
2026-09-01T21:21:41+00:00,dunkerque,2026-07-31,21W0000000000451,21X000000001331I,FR,Dunkerque LNG Terminal,246.34,1630.23,167.5,570.15,3773.14,544.8,519.8,25.0,C,2026-08-01 04:40:03,51.0395,2.187,
2026-09-01T21:21:41+00:00,dunkerque,2026-07-30,21W0000000000451,21X000000001331I,FR,Dunkerque LNG Terminal,271.65,1800.27,167.5,570.15,3778.48,544.8,519.8,25.0,C,2026-07-31 04:40:03,51.0395,2.187,
2026-09-01T21:21:41+00:00,dunkerque,2026-07-29,21W0000000000451,21X000000001331I,FR,Dunkerque LNG Terminal,297.06,1970.98,167.5,570.15,3782.92,544.8,519.8,25.0,C,2026-07-30 04:40:03,51.0395,2.187,
2026-09-01T21:21:41+00:00,dunkerque,2026-07-28,21W0000000000451,21X000000001331I,FR,Dunkerque LNG Terminal,257.77,1716.02,167.5,570.15,3795.59,544.8,519.8,25.0,C,2026-07-29 04:40:03,51.0395,2.187,
2026-09-01T21:21:41+00:00,dunkerque,2026-07-27,21W0000000000451,21X000000001331I,FR,Dunkerque LNG Terminal,185.98,1247.84,163.9,570.15,3825.44,544.8,519.8,25.0,C,2026-07-28 04:40:03,51.0395,2.187,
2026-09-01T21:21:41+00:00,dunkerque,2026-07-26,21W0000000000451,21X000000001331I,FR,Dunkerque LNG Terminal,210.38,1411.74,154.5,570.15,3825.95,574.8,519.8,55.0,C,2026-07-27 04:40:02,51.0395,2.187,
2026-09-01T21:21:41+00:00,dunkerque,2026-07-25,21W0000000000451,21X000000001331I,FR,Dunkerque LNG Terminal,233.39,1566.21,154.5,570.15,3826.1,574.8,519.8,55.0,C,2026-07-26 04:40:02,51.0395,2.187,
2026-09-01T21:21:41+00:00,dunkerque,2026-07-24,21W0000000000451,21X000000001331I,FR,Dunkerque LNG Terminal,256.54,1721.65,173.2,570.15,3826.3,574.8,519.8,55.0,C,2026-07-25 04:40:03,51.0395,2.187,
2026-09-01T21:21:41+00:00,dunkerque,2026-07-23,21W0000000000451,21X000000001331I,FR,Dunkerque LNG Terminal,282.09,1893.5,173.2,570.15,3827.07,574.8,519.8,55.0,C,2026-07-24 04:40:03,51.0395,2.187,
2026-09-01T21:21:41+00:00,dunkerque,2026-07-22,21W0000000000451,21X000000001331I,FR,Dunkerque LNG Terminal,334.48,2244.42,173.2,570.15,3825.81,574.8,519.8,55.0,E,2026-07-22 04:40:02,51.0395,2.187,
2026-09-01T21:21:41+00:00,dunkerque,2026-07-21,21W0000000000451,21X000000001331I,FR,Dunkerque LNG Terminal,334.48,2244.42,173.2,570.15,3825.81,574.8,519.8,55.0,C,2026-07-22 04:40:02,51.0395,2.187,
2026-09-01T21:21:41+00:00,dunkerque,2026-07-20,21W0000000000451,21X000000001331I,FR,Dunkerque LNG Terminal,360.68,2419.09,167.3,570.15,3824.01,574.8,519.8,55.0,C,2026-07-21 04:40:06,51.0395,2.187,
2026-09-01T21:21:41+00:00,dunkerque,2026-07-19,21W0000000000451,21X000000001331I,FR,Dunkerque LNG Terminal,317.73,2125.37,168.3,570.15,3813.87,574.8,519.8,55.0,C,2026-07-20 04:40:02,51.0395,2.187,
2026-09-01T21:21:41+00:00,dunkerque,2026-07-18,21W0000000000451,21X000000001331I,FR,Dunkerque LNG Terminal,269.27,1792.79,172.6,570.15,3796.04,574.8,519.8,55.0,C,2026-07-19 04:40:03,51.0395,2.187,
2026-09-01T21:21:41+00:00,grain,2026-08-31,21W000000000099F,21X-GB-A-A0A0A-7,GB*,Isle of Grain LNG Terminal (Post-Brexit),,,,,,,,,N,2026-09-01 22:01:51,0.0,0.0,
2026-09-01T21:21:41+00:00,grain,2026-08-30,21W000000000099F,21X-GB-A-A0A0A-7,GB*,Isle of Grain LNG Terminal (Post-Brexit),,,,,,,,,N,2026-09-01 22:01:51,0.0,0.0,
2026-09-01T21:21:41+00:00,grain,2026-08-29,21W000000000099F,21X-GB-A-A0A0A-7,GB*,Isle of Grain LNG Terminal (Post-Brexit),,,,,,,,,N,2026-09-01 22:01:51,0.0,0.0,
2026-09-01T21:21:41+00:00,grain,2026-08-28,21W000000000099F,21X-GB-A-A0A0A-7,GB*,Isle of Grain LNG Terminal (Post-Brexit),,,,,,,,,N,2026-09-01 22:01:51,0.0,0.0,
2026-09-01T21:21:41+00:00,grain,2026-08-27,21W000000000099F,21X-GB-A-A0A0A-7,GB*,Isle of Grain LNG Terminal (Post-Brexit),,,,,,,,,N,2026-09-01 22:01:51,0.0,0.0,
2026-09-01T21:21:41+00:00,grain,2026-08-26,21W000000000099F,21X-GB-A-A0A0A-7,GB*,Isle of Grain LNG Terminal (Post-Brexit),,,,,,,,,N,2026-09-01 22:01:51,0.0,0.0,
2026-09-01T21:21:41+00:00,grain,2026-08-25,21W000000000099F,21X-GB-A-A0A0A-7,GB*,Isle of Grain LNG Terminal (Post-Brexit),,,,,,,,,N,2026-09-01 22:01:51,0.0,0.0,
2026-09-01T21:21:41+00:00,grain,2026-08-24,21W000000000099F,21X-GB-A-A0A0A-7,GB*,Isle of Grain LNG Terminal (Post-Brexit),,,,,,,,,N,2026-09-01 22:01:51,0.0,0.0,
2026-09-01T21:21:41+00:00,grain,2026-08-23,21W000000000099F,21X-GB-A-A0A0A-7,GB*,Isle of Grain LNG Terminal (Post-Brexit),,,,,,,,,N,2026-09-01 22:01:51,0.0,0.0,
2026-09-01T21:21:41+00:00,grain,2026-08-22,21W000000000099F,21X-GB-A-A0A0A-7,GB*,Isle of Grain LNG Terminal (Post-Brexit),,,,,,,,,N,2026-09-01 22:01:51,0.0,0.0,
2026-09-01T21:21:41+00:00,grain,2026-08-21,21W000000000099F,21X-GB-A-A0A0A-7,GB*,Isle of Grain LNG Terminal (Post-Brexit),,,,,,,,,N,2026-09-01 22:01:51,0.0,0.0,
2026-09-01T21:21:41+00:00,grain,2026-08-20,21W000000000099F,21X-GB-A-A0A0A-7,GB*,Isle of Grain LNG Terminal (Post-Brexit),,,,,,,,,N,2026-09-01 22:01:51,0.0,0.0,
2026-09-01T21:21:41+00:00,grain,2026-08-19,21W000000000099F,21X-GB-A-A0A0A-7,GB*,Isle of Grain LNG Terminal (Post-Brexit),,,,,,,,,N,2026-09-01 22:01:51,0.0,0.0,
2026-09-01T21:21:41+00:00,grain,2026-08-18,21W000000000099F,21X-GB-A-A0A0A-7,GB*,Isle of Grain LNG Terminal (Post-Brexit),,,,,,,,,N,2026-09-01 22:01:51,0.0,0.0,
2026-09-01T21:21:41+00:00,grain,2026-08-17,21W000000000099F,21X-GB-A-A0A0A-7,GB*,Isle of Grain LNG Terminal (Post-Brexit),,,,,,,,,N,2026-09-01 22:01:51,0.0,0.0,
2026-09-01T21:21:41+00:00,grain,2026-08-16,21W000000000099F,21X-GB-A-A0A0A-7,GB*,Isle of Grain LNG Terminal (Post-Brexit),,,,,,,,,N,2026-09-01 22:01:51,0.0,0.0,
2026-09-01T21:21:41+00:00,grain,2026-08-15,21W000000000099F,21X-GB-A-A0A0A-7,GB*,Isle of Grain LNG Terminal (Post-Brexit),,,,,,,,,N,2026-09-01 22:01:51,0.0,0.0,
2026-09-01T21:21:41+00:00,grain,2026-08-14,21W000000000099F,21X-GB-A-A0A0A-7,GB*,Isle of Grain LNG Terminal (Post-Brexit),,,,,,,,,N,2026-09-01 22:01:51,0.0,0.0,
2026-09-01T21:21:41+00:00,grain,2026-08-13,21W000000000099F,21X-GB-A-A0A0A-7,GB*,Isle of Grain LNG Terminal (Post-Brexit),,,,,,,,,N,2026-09-01 22:01:51,0.0,0.0,
2026-09-01T21:21:41+00:00,grain,2026-08-12,21W000000000099F,21X-GB-A-A0A0A-7,GB*,Isle of Grain LNG Terminal (Post-Brexit),,,,,,,,,N,2026-09-01 22:01:51,0.0,0.0,
2026-09-01T21:21:41+00:00,grain,2026-08-11,21W000000000099F,21X-GB-A-A0A0A-7,GB*,Isle of Grain LNG Terminal (Post-Brexit),,,,,,,,,N,2026-09-01 22:01:51,0.0,0.0,
2026-09-01T21:21:41+00:00,grain,2026-08-10,21W000000000099F,21X-GB-A-A0A0A-7,GB*,Isle of Grain LNG Terminal (Post-Brexit),,,,,,,,,N,2026-09-01 22:01:51,0.0,0.0,
2026-09-01T21:21:41+00:00,grain,2026-08-09,21W000000000099F,21X-GB-A-A0A0A-7,GB*,Isle of Grain LNG Terminal (Post-Brexit),,,,,,,,,N,2026-09-01 22:01:51,0.0,0.0,
2026-09-01T21:21:41+00:00,grain,2026-08-08,21W000000000099F,21X-GB-A-A0A0A-7,GB*,Isle of Grain LNG Terminal (Post-Brexit),,,,,,,,,N,2026-09-01 22:01:51,0.0,0.0,
2026-09-01T21:21:41+00:00,grain,2026-08-07,21W000000000099F,21X-GB-A-A0A0A-7,GB*,Isle of Grain LNG Terminal (Post-Brexit),,,,,,,,,N,2026-09-01 22:01:51,0.0,0.0,
2026-09-01T21:21:41+00:00,grain,2026-08-06,21W000000000099F,21X-GB-A-A0A0A-7,GB*,Isle of Grain LNG Terminal (Post-Brexit),,,,,,,,,N,2026-09-01 22:01:51,0.0,0.0,
2026-09-01T21:21:41+00:00,grain,2026-08-05,21W000000000099F,21X-GB-A-A0A0A-7,GB*,Isle of Grain LNG Terminal (Post-Brexit),,,,,,,,,N,2026-09-01 22:01:51,0.0,0.0,
2026-09-01T21:21:41+00:00,grain,2026-08-04,21W000000000099F,21X-GB-A-A0A0A-7,GB*,Isle of Grain LNG Terminal (Post-Brexit),,,,,,,,,N,2026-09-01 22:01:51,0.0,0.0,
2026-09-01T21:21:41+00:00,grain,2026-08-03,21W000000000099F,21X-GB-A-A0A0A-7,GB*,Isle of Grain LNG Terminal (Post-Brexit),,,,,,,,,N,2026-09-01 22:01:51,0.0,0.0,
2026-09-01T21:21:41+00:00,grain,2026-08-02,21W000000000099F,21X-GB-A-A0A0A-7,GB*,Isle of Grain LNG Terminal (Post-Brexit),,,,,,,,,N,2026-09-01 22:01:51,0.0,0.0,
2026-09-01T21:21:41+00:00,grain,2026-08-01,21W000000000099F,21X-GB-A-A0A0A-7,GB*,Isle of Grain LNG Terminal (Post-Brexit),,,,,,,,,N,2026-09-01 22:01:51,0.0,0.0,
2026-09-01T21:21:41+00:00,grain,2026-07-31,21W000000000099F,21X-GB-A-A0A0A-7,GB*,Isle of Grain LNG Terminal (Post-Brexit),,,,,,,,,N,2026-09-01 22:01:51,0.0,0.0,
2026-09-01T21:21:41+00:00,grain,2026-07-30,21W000000000099F,21X-GB-A-A0A0A-7,GB*,Isle of Grain LNG Terminal (Post-Brexit),,,,,,,,,N,2026-09-01 22:01:51,0.0,0.0,
2026-09-01T21:21:41+00:00,grain,2026-07-29,21W000000000099F,21X-GB-A-A0A0A-7,GB*,Isle of Grain LNG Terminal (Post-Brexit),,,,,,,,,N,2026-09-01 22:01:51,0.0,0.0,
2026-09-01T21:21:41+00:00,grain,2026-07-28,21W000000000099F,21X-GB-A-A0A0A-7,GB*,Isle of Grain LNG Terminal (Post-Brexit),,,,,,,,,N,2026-09-01 22:01:51,0.0,0.0,
2026-09-01T21:21:41+00:00,grain,2026-07-27,21W000000000099F,21X-GB-A-A0A0A-7,GB*,Isle of Grain LNG Terminal (Post-Brexit),,,,,,,,,N,2026-09-01 22:01:51,0.0,0.0,
2026-09-01T21:21:41+00:00,grain,2026-07-26,21W000000000099F,21X-GB-A-A0A0A-7,GB*,Isle of Grain LNG Terminal (Post-Brexit),,,,,,,,,N,2026-09-01 22:01:51,0.0,0.0,
2026-09-01T21:21:41+00:00,grain,2026-07-25,21W000000000099F,21X-GB-A-A0A0A-7,GB*,Isle of Grain LNG Terminal (Post-Brexit),,,,,,,,,N,2026-09-01 22:01:51,0.0,0.0,
2026-09-01T21:21:41+00:00,grain,2026-07-24,21W000000000099F,21X-GB-A-A0A0A-7,GB*,Isle of Grain LNG Terminal (Post-Brexit),,,,,,,,,N,2026-09-01 22:01:51,0.0,0.0,
2026-09-01T21:21:41+00:00,grain,2026-07-23,21W000000000099F,21X-GB-A-A0A0A-7,GB*,Isle of Grain LNG Terminal (Post-Brexit),,,,,,,,,N,2026-09-01 22:01:51,0.0,0.0,
2026-09-01T21:21:41+00:00,grain,2026-07-22,21W000000000099F,21X-GB-A-A0A0A-7,GB*,Isle of Grain LNG Terminal (Post-Brexit),,,,,,,,,N,2026-09-01 22:01:51,0.0,0.0,
2026-09-01T21:21:41+00:00,grain,2026-07-21,21W000000000099F,21X-GB-A-A0A0A-7,GB*,Isle of Grain LNG Terminal (Post-Brexit),,,,,,,,,N,2026-09-01 22:01:51,0.0,0.0,
2026-09-01T21:21:41+00:00,grain,2026-07-20,21W000000000099F,21X-GB-A-A0A0A-7,GB*,Isle of Grain LNG Terminal (Post-Brexit),,,,,,,,,N,2026-09-01 22:01:51,0.0,0.0,
2026-09-01T21:21:41+00:00,grain,2026-07-19,21W000000000099F,21X-GB-A-A0A0A-7,GB*,Isle of Grain LNG Terminal (Post-Brexit),,,,,,,,,N,2026-09-01 22:01:51,0.0,0.0,
2026-09-01T21:21:41+00:00,grain,2026-07-18,21W000000000099F,21X-GB-A-A0A0A-7,GB*,Isle of Grain LNG Terminal (Post-Brexit),,,,,,,,,N,2026-09-01 22:01:51,0.0,0.0,
2026-09-01T21:21:41+00:00,grain,2026-08-31,21W000000000099F,21X-GB-A-A0A0A-7,GB,Isle of Grain LNG Terminal,,,,,,,,,N,2026-09-01 22:01:51,51.4518,0.6816,
2026-09-01T21:21:41+00:00,grain,2026-08-30,21W000000000099F,21X-GB-A-A0A0A-7,GB,Isle of Grain LNG Terminal,,,,,,,,,N,2026-09-01 22:01:51,51.4518,0.6816,
2026-09-01T21:21:41+00:00,grain,2026-08-29,21W000000000099F,21X-GB-A-A0A0A-7,GB,Isle of Grain LNG Terminal,,,,,,,,,N,2026-09-01 22:01:51,51.4518,0.6816,
2026-09-01T21:21:41+00:00,grain,2026-08-28,21W000000000099F,21X-GB-A-A0A0A-7,GB,Isle of Grain LNG Terminal,,,,,,,,,N,2026-09-01 22:01:51,51.4518,0.6816,
2026-09-01T21:21:41+00:00,grain,2026-08-27,21W000000000099F,21X-GB-A-A0A0A-7,GB,Isle of Grain LNG Terminal,,,,,,,,,N,2026-09-01 22:01:51,51.4518,0.6816,
2026-09-01T21:21:41+00:00,grain,2026-08-26,21W000000000099F,21X-GB-A-A0A0A-7,GB,Isle of Grain LNG Terminal,,,,,,,,,N,2026-09-01 22:01:51,51.4518,0.6816,
2026-09-01T21:21:41+00:00,grain,2026-08-25,21W000000000099F,21X-GB-A-A0A0A-7,GB,Isle of Grain LNG Terminal,,,,,,,,,N,2026-09-01 22:01:51,51.4518,0.6816,
2026-09-01T21:21:41+00:00,grain,2026-08-24,21W000000000099F,21X-GB-A-A0A0A-7,GB,Isle of Grain LNG Terminal,,,,,,,,,N,2026-09-01 22:01:51,51.4518,0.6816,
2026-09-01T21:21:41+00:00,grain,2026-08-23,21W000000000099F,21X-GB-A-A0A0A-7,GB,Isle of Grain LNG Terminal,,,,,,,,,N,2026-09-01 22:01:51,51.4518,0.6816,
2026-09-01T21:21:41+00:00,grain,2026-08-22,21W000000000099F,21X-GB-A-A0A0A-7,GB,Isle of Grain LNG Terminal,,,,,,,,,N,2026-09-01 22:01:51,51.4518,0.6816,
2026-09-01T21:21:41+00:00,grain,2026-08-21,21W000000000099F,21X-GB-A-A0A0A-7,GB,Isle of Grain LNG Terminal,,,,,,,,,N,2026-09-01 22:01:51,51.4518,0.6816,
2026-09-01T21:21:41+00:00,grain,2026-08-20,21W000000000099F,21X-GB-A-A0A0A-7,GB,Isle of Grain LNG Terminal,,,,,,,,,N,2026-09-01 22:01:51,51.4518,0.6816,
2026-09-01T21:21:41+00:00,grain,2026-08-19,21W000000000099F,21X-GB-A-A0A0A-7,GB,Isle of Grain LNG Terminal,,,,,,,,,N,2026-09-01 22:01:51,51.4518,0.6816,
2026-09-01T21:21:41+00:00,grain,2026-08-18,21W000000000099F,21X-GB-A-A0A0A-7,GB,Isle of Grain LNG Terminal,,,,,,,,,N,2026-09-01 22:01:51,51.4518,0.6816,
2026-09-01T21:21:41+00:00,grain,2026-08-17,21W000000000099F,21X-GB-A-A0A0A-7,GB,Isle of Grain LNG Terminal,,,,,,,,,N,2026-09-01 22:01:51,51.4518,0.6816,
2026-09-01T21:21:41+00:00,grain,2026-08-16,21W000000000099F,21X-GB-A-A0A0A-7,GB,Isle of Grain LNG Terminal,,,,,,,,,N,2026-09-01 22:01:51,51.4518,0.6816,
2026-09-01T21:21:41+00:00,grain,2026-08-15,21W000000000099F,21X-GB-A-A0A0A-7,GB,Isle of Grain LNG Terminal,,,,,,,,,N,2026-09-01 22:01:51,51.4518,0.6816,
2026-09-01T21:21:41+00:00,grain,2026-08-14,21W000000000099F,21X-GB-A-A0A0A-7,GB,Isle of Grain LNG Terminal,,,,,,,,,N,2026-09-01 22:01:51,51.4518,0.6816,
2026-09-01T21:21:41+00:00,grain,2026-08-13,21W000000000099F,21X-GB-A-A0A0A-7,GB,Isle of Grain LNG Terminal,,,,,,,,,N,2026-09-01 22:01:51,51.4518,0.6816,
2026-09-01T21:21:41+00:00,grain,2026-08-12,21W000000000099F,21X-GB-A-A0A0A-7,GB,Isle of Grain LNG Terminal,,,,,,,,,N,2026-09-01 22:01:51,51.4518,0.6816,
2026-09-01T21:21:41+00:00,grain,2026-08-11,21W000000000099F,21X-GB-A-A0A0A-7,GB,Isle of Grain LNG Terminal,,,,,,,,,N,2026-09-01 22:01:51,51.4518,0.6816,
2026-09-01T21:21:41+00:00,grain,2026-08-10,21W000000000099F,21X-GB-A-A0A0A-7,GB,Isle of Grain LNG Terminal,,,,,,,,,N,2026-09-01 22:01:51,51.4518,0.6816,
2026-09-01T21:21:41+00:00,grain,2026-08-09,21W000000000099F,21X-GB-A-A0A0A-7,GB,Isle of Grain LNG Terminal,,,,,,,,,N,2026-09-01 22:01:51,51.4518,0.6816,
2026-09-01T21:21:41+00:00,grain,2026-08-08,21W000000000099F,21X-GB-A-A0A0A-7,GB,Isle of Grain LNG Terminal,,,,,,,,,N,2026-09-01 22:01:51,51.4518,0.6816,
2026-09-01T21:21:41+00:00,grain,2026-08-07,21W000000000099F,21X-GB-A-A0A0A-7,GB,Isle of Grain LNG Terminal,,,,,,,,,N,2026-09-01 22:01:51,51.4518,0.6816,
2026-09-01T21:21:41+00:00,grain,2026-08-06,21W000000000099F,21X-GB-A-A0A0A-7,GB,Isle of Grain LNG Terminal,,,,,,,,,N,2026-09-01 22:01:51,51.4518,0.6816,
2026-09-01T21:21:41+00:00,grain,2026-08-05,21W000000000099F,21X-GB-A-A0A0A-7,GB,Isle of Grain LNG Terminal,,,,,,,,,N,2026-09-01 22:01:51,51.4518,0.6816,
2026-09-01T21:21:41+00:00,grain,2026-08-04,21W000000000099F,21X-GB-A-A0A0A-7,GB,Isle of Grain LNG Terminal,,,,,,,,,N,2026-09-01 22:01:51,51.4518,0.6816,
2026-09-01T21:21:41+00:00,grain,2026-08-03,21W000000000099F,21X-GB-A-A0A0A-7,GB,Isle of Grain LNG Terminal,,,,,,,,,N,2026-09-01 22:01:51,51.4518,0.6816,
2026-09-01T21:21:41+00:00,grain,2026-08-02,21W000000000099F,21X-GB-A-A0A0A-7,GB,Isle of Grain LNG Terminal,,,,,,,,,N,2026-09-01 22:01:51,51.4518,0.6816,
2026-09-01T21:21:41+00:00,grain,2026-08-01,21W000000000099F,21X-GB-A-A0A0A-7,GB,Isle of Grain LNG Terminal,,,,,,,,,N,2026-09-01 22:01:51,51.4518,0.6816,
2026-09-01T21:21:41+00:00,grain,2026-07-31,21W000000000099F,21X-GB-A-A0A0A-7,GB,Isle of Grain LNG Terminal,,,,,,,,,N,2026-09-01 22:01:51,51.4518,0.6816,
2026-09-01T21:21:41+00:00,grain,2026-07-30,21W000000000099F,21X-GB-A-A0A0A-7,GB,Isle of Grain LNG Terminal,,,,,,,,,N,2026-09-01 22:01:51,51.4518,0.6816,
2026-09-01T21:21:41+00:00,grain,2026-07-29,21W000000000099F,21X-GB-A-A0A0A-7,GB,Isle of Grain LNG Terminal,,,,,,,,,N,2026-09-01 22:01:51,51.4518,0.6816,
2026-09-01T21:21:41+00:00,grain,2026-07-28,21W000000000099F,21X-GB-A-A0A0A-7,GB,Isle of Grain LNG Terminal,,,,,,,,,N,2026-09-01 22:01:51,51.4518,0.6816,
2026-09-01T21:21:41+00:00,grain,2026-07-27,21W000000000099F,21X-GB-A-A0A0A-7,GB,Isle of Grain LNG Terminal,,,,,,,,,N,2026-09-01 22:01:51,51.4518,0.6816,
2026-09-01T21:21:41+00:00,grain,2026-07-26,21W000000000099F,21X-GB-A-A0A0A-7,GB,Isle of Grain LNG Terminal,,,,,,,,,N,2026-09-01 22:01:51,51.4518,0.6816,
2026-09-01T21:21:41+00:00,grain,2026-07-25,21W000000000099F,21X-GB-A-A0A0A-7,GB,Isle of Grain LNG Terminal,,,,,,,,,N,2026-09-01 22:01:51,51.4518,0.6816,
2026-09-01T21:21:41+00:00,grain,2026-07-24,21W000000000099F,21X-GB-A-A0A0A-7,GB,Isle of Grain LNG Terminal,,,,,,,,,N,2026-09-01 22:01:51,51.4518,0.6816,
2026-09-01T21:21:41+00:00,grain,2026-07-23,21W000000000099F,21X-GB-A-A0A0A-7,GB,Isle of Grain LNG Terminal,,,,,,,,,N,2026-09-01 22:01:51,51.4518,0.6816,
2026-09-01T21:21:41+00:00,grain,2026-07-22,21W000000000099F,21X-GB-A-A0A0A-7,GB,Isle of Grain LNG Terminal,,,,,,,,,N,2026-09-01 22:01:51,51.4518,0.6816,
2026-09-01T21:21:41+00:00,grain,2026-07-21,21W000000000099F,21X-GB-A-A0A0A-7,GB,Isle of Grain LNG Terminal,,,,,,,,,N,2026-09-01 22:01:51,51.4518,0.6816,
2026-09-01T21:21:41+00:00,grain,2026-07-20,21W000000000099F,21X-GB-A-A0A0A-7,GB,Isle of Grain LNG Terminal,,,,,,,,,N,2026-09-01 22:01:51,51.4518,0.6816,
2026-09-01T21:21:41+00:00,grain,2026-07-19,21W000000000099F,21X-GB-A-A0A0A-7,GB,Isle of Grain LNG Terminal,,,,,,,,,N,2026-09-01 22:01:51,51.4518,0.6816,
2026-09-01T21:21:41+00:00,grain,2026-07-18,21W000000000099F,21X-GB-A-A0A0A-7,GB,Isle of Grain LNG Terminal,,,,,,,,,N,2026-09-01 22:01:51,51.4518,0.6816,
2026-09-01T21:21:41+00:00,milford_haven,2026-08-31,21W0000000000419,21X0000000013554,GB*,South Hook LNG Terminal (Post-Brexit),,,,,,,,,N,2026-09-01 22:01:51,0.0,0.0,
2026-09-01T21:21:41+00:00,milford_haven,2026-08-30,21W0000000000419,21X0000000013554,GB*,South Hook LNG Terminal (Post-Brexit),,,,,,,,,N,2026-09-01 22:01:51,0.0,0.0,
2026-09-01T21:21:41+00:00,milford_haven,2026-08-29,21W0000000000419,21X0000000013554,GB*,South Hook LNG Terminal (Post-Brexit),,,,,,,,,N,2026-09-01 22:01:51,0.0,0.0,
2026-09-01T21:21:41+00:00,milford_haven,2026-08-28,21W0000000000419,21X0000000013554,GB*,South Hook LNG Terminal (Post-Brexit),,,,,,,,,N,2026-09-01 22:01:51,0.0,0.0,
2026-09-01T21:21:41+00:00,milford_haven,2026-08-27,21W0000000000419,21X0000000013554,GB*,South Hook LNG Terminal (Post-Brexit),,,,,,,,,N,2026-09-01 22:01:51,0.0,0.0,
2026-09-01T21:21:41+00:00,milford_haven,2026-08-26,21W0000000000419,21X0000000013554,GB*,South Hook LNG Terminal (Post-Brexit),,,,,,,,,N,2026-09-01 22:01:51,0.0,0.0,
2026-09-01T21:21:41+00:00,milford_haven,2026-08-25,21W0000000000419,21X0000000013554,GB*,South Hook LNG Terminal (Post-Brexit),,,,,,,,,N,2026-09-01 22:01:51,0.0,0.0,
2026-09-01T21:21:41+00:00,milford_haven,2026-08-24,21W0000000000419,21X0000000013554,GB*,South Hook LNG Terminal (Post-Brexit),,,,,,,,,N,2026-09-01 22:01:51,0.0,0.0,
2026-09-01T21:21:41+00:00,milford_haven,2026-08-23,21W0000000000419,21X0000000013554,GB*,South Hook LNG Terminal (Post-Brexit),,,,,,,,,N,2026-09-01 22:01:51,0.0,0.0,
2026-09-01T21:21:41+00:00,milford_haven,2026-08-22,21W0000000000419,21X0000000013554,GB*,South Hook LNG Terminal (Post-Brexit),,,,,,,,,N,2026-09-01 22:01:51,0.0,0.0,
2026-09-01T21:21:41+00:00,milford_haven,2026-08-21,21W0000000000419,21X0000000013554,GB*,South Hook LNG Terminal (Post-Brexit),,,,,,,,,N,2026-09-01 22:01:51,0.0,0.0,
2026-09-01T21:21:41+00:00,milford_haven,2026-08-20,21W0000000000419,21X0000000013554,GB*,South Hook LNG Terminal (Post-Brexit),,,,,,,,,N,2026-09-01 22:01:51,0.0,0.0,
2026-09-01T21:21:41+00:00,milford_haven,2026-08-19,21W0000000000419,21X0000000013554,GB*,South Hook LNG Terminal (Post-Brexit),,,,,,,,,N,2026-09-01 22:01:51,0.0,0.0,
2026-09-01T21:21:41+00:00,milford_haven,2026-08-18,21W0000000000419,21X0000000013554,GB*,South Hook LNG Terminal (Post-Brexit),,,,,,,,,N,2026-09-01 22:01:51,0.0,0.0,
2026-09-01T21:21:41+00:00,milford_haven,2026-08-17,21W0000000000419,21X0000000013554,GB*,South Hook LNG Terminal (Post-Brexit),,,,,,,,,N,2026-09-01 22:01:51,0.0,0.0,
2026-09-01T21:21:41+00:00,milford_haven,2026-08-16,21W0000000000419,21X0000000013554,GB*,South Hook LNG Terminal (Post-Brexit),,,,,,,,,N,2026-09-01 22:01:51,0.0,0.0,
2026-09-01T21:21:41+00:00,milford_haven,2026-08-15,21W0000000000419,21X0000000013554,GB*,South Hook LNG Terminal (Post-Brexit),,,,,,,,,N,2026-09-01 22:01:51,0.0,0.0,
2026-09-01T21:21:41+00:00,milford_haven,2026-08-14,21W0000000000419,21X0000000013554,GB*,South Hook LNG Terminal (Post-Brexit),,,,,,,,,N,2026-09-01 22:01:51,0.0,0.0,
2026-09-01T21:21:41+00:00,milford_haven,2026-08-13,21W0000000000419,21X0000000013554,GB*,South Hook LNG Terminal (Post-Brexit),,,,,,,,,N,2026-09-01 22:01:51,0.0,0.0,
2026-09-01T21:21:41+00:00,milford_haven,2026-08-12,21W0000000000419,21X0000000013554,GB*,South Hook LNG Terminal (Post-Brexit),,,,,,,,,N,2026-09-01 22:01:51,0.0,0.0,
2026-09-01T21:21:41+00:00,milford_haven,2026-08-11,21W0000000000419,21X0000000013554,GB*,South Hook LNG Terminal (Post-Brexit),,,,,,,,,N,2026-09-01 22:01:51,0.0,0.0,
2026-09-01T21:21:41+00:00,milford_haven,2026-08-10,21W0000000000419,21X0000000013554,GB*,South Hook LNG Terminal (Post-Brexit),,,,,,,,,N,2026-09-01 22:01:51,0.0,0.0,
2026-09-01T21:21:41+00:00,milford_haven,2026-08-09,21W0000000000419,21X0000000013554,GB*,South Hook LNG Terminal (Post-Brexit),,,,,,,,,N,2026-09-01 22:01:51,0.0,0.0,
2026-09-01T21:21:41+00:00,milford_haven,2026-08-08,21W0000000000419,21X0000000013554,GB*,South Hook LNG Terminal (Post-Brexit),,,,,,,,,N,2026-09-01 22:01:51,0.0,0.0,
2026-09-01T21:21:41+00:00,milford_haven,2026-08-07,21W0000000000419,21X0000000013554,GB*,South Hook LNG Terminal (Post-Brexit),,,,,,,,,N,2026-09-01 22:01:51,0.0,0.0,
2026-09-01T21:21:41+00:00,milford_haven,2026-08-06,21W0000000000419,21X0000000013554,GB*,South Hook LNG Terminal (Post-Brexit),,,,,,,,,N,2026-09-01 22:01:51,0.0,0.0,
2026-09-01T21:21:41+00:00,milford_haven,2026-08-05,21W0000000000419,21X0000000013554,GB*,South Hook LNG Terminal (Post-Brexit),,,,,,,,,N,2026-09-01 22:01:51,0.0,0.0,
2026-09-01T21:21:41+00:00,milford_haven,2026-08-04,21W0000000000419,21X0000000013554,GB*,South Hook LNG Terminal (Post-Brexit),,,,,,,,,N,2026-09-01 22:01:51,0.0,0.0,
2026-09-01T21:21:41+00:00,milford_haven,2026-08-03,21W0000000000419,21X0000000013554,GB*,South Hook LNG Terminal (Post-Brexit),,,,,,,,,N,2026-09-01 22:01:51,0.0,0.0,
2026-09-01T21:21:41+00:00,milford_haven,2026-08-02,21W0000000000419,21X0000000013554,GB*,South Hook LNG Terminal (Post-Brexit),,,,,,,,,N,2026-09-01 22:01:51,0.0,0.0,
2026-09-01T21:21:41+00:00,milford_haven,2026-08-01,21W0000000000419,21X0000000013554,GB*,South Hook LNG Terminal (Post-Brexit),,,,,,,,,N,2026-09-01 22:01:51,0.0,0.0,
2026-09-01T21:21:41+00:00,milford_haven,2026-07-31,21W0000000000419,21X0000000013554,GB*,South Hook LNG Terminal (Post-Brexit),,,,,,,,,N,2026-09-01 22:01:51,0.0,0.0,
2026-09-01T21:21:41+00:00,milford_haven,2026-07-30,21W0000000000419,21X0000000013554,GB*,South Hook LNG Terminal (Post-Brexit),,,,,,,,,N,2026-09-01 22:01:51,0.0,0.0,
2026-09-01T21:21:41+00:00,milford_haven,2026-07-29,21W0000000000419,21X0000000013554,GB*,South Hook LNG Terminal (Post-Brexit),,,,,,,,,N,2026-09-01 22:01:51,0.0,0.0,
2026-09-01T21:21:41+00:00,milford_haven,2026-07-28,21W0000000000419,21X0000000013554,GB*,South Hook LNG Terminal (Post-Brexit),,,,,,,,,N,2026-09-01 22:01:51,0.0,0.0,
2026-09-01T21:21:41+00:00,milford_haven,2026-07-27,21W0000000000419,21X0000000013554,GB*,South Hook LNG Terminal (Post-Brexit),,,,,,,,,N,2026-09-01 22:01:51,0.0,0.0,
2026-09-01T21:21:41+00:00,milford_haven,2026-07-26,21W0000000000419,21X0000000013554,GB*,South Hook LNG Terminal (Post-Brexit),,,,,,,,,N,2026-09-01 22:01:51,0.0,0.0,
2026-09-01T21:21:41+00:00,milford_haven,2026-07-25,21W0000000000419,21X0000000013554,GB*,South Hook LNG Terminal (Post-Brexit),,,,,,,,,N,2026-09-01 22:01:51,0.0,0.0,
2026-09-01T21:21:41+00:00,milford_haven,2026-07-24,21W0000000000419,21X0000000013554,GB*,South Hook LNG Terminal (Post-Brexit),,,,,,,,,N,2026-09-01 22:01:51,0.0,0.0,
2026-09-01T21:21:41+00:00,milford_haven,2026-07-23,21W0000000000419,21X0000000013554,GB*,South Hook LNG Terminal (Post-Brexit),,,,,,,,,N,2026-09-01 22:01:51,0.0,0.0,
2026-09-01T21:21:41+00:00,milford_haven,2026-07-22,21W0000000000419,21X0000000013554,GB*,South Hook LNG Terminal (Post-Brexit),,,,,,,,,N,2026-09-01 22:01:51,0.0,0.0,
2026-09-01T21:21:41+00:00,milford_haven,2026-07-21,21W0000000000419,21X0000000013554,GB*,South Hook LNG Terminal (Post-Brexit),,,,,,,,,N,2026-09-01 22:01:51,0.0,0.0,
2026-09-01T21:21:41+00:00,milford_haven,2026-07-20,21W0000000000419,21X0000000013554,GB*,South Hook LNG Terminal (Post-Brexit),,,,,,,,,N,2026-09-01 22:01:51,0.0,0.0,
2026-09-01T21:21:41+00:00,milford_haven,2026-07-19,21W0000000000419,21X0000000013554,GB*,South Hook LNG Terminal (Post-Brexit),,,,,,,,,N,2026-09-01 22:01:51,0.0,0.0,
2026-09-01T21:21:41+00:00,milford_haven,2026-07-18,21W0000000000419,21X0000000013554,GB*,South Hook LNG Terminal (Post-Brexit),,,,,,,,,N,2026-09-01 22:01:51,0.0,0.0,
2026-09-01T21:21:41+00:00,milford_haven,2026-08-31,21W0000000000419,21X0000000013554,GB,South Hook LNG Terminal,,,,,,,,,N,2026-09-01 22:01:51,51.721,-5.0809,
2026-09-01T21:21:41+00:00,milford_haven,2026-08-30,21W0000000000419,21X0000000013554,GB,South Hook LNG Terminal,,,,,,,,,N,2026-09-01 22:01:51,51.721,-5.0809,
2026-09-01T21:21:41+00:00,milford_haven,2026-08-29,21W0000000000419,21X0000000013554,GB,South Hook LNG Terminal,,,,,,,,,N,2026-09-01 22:01:51,51.721,-5.0809,
2026-09-01T21:21:41+00:00,milford_haven,2026-08-28,21W0000000000419,21X0000000013554,GB,South Hook LNG Terminal,,,,,,,,,N,2026-09-01 22:01:51,51.721,-5.0809,
2026-09-01T21:21:41+00:00,milford_haven,2026-08-27,21W0000000000419,21X0000000013554,GB,South Hook LNG Terminal,,,,,,,,,N,2026-09-01 22:01:51,51.721,-5.0809,
2026-09-01T21:21:41+00:00,milford_haven,2026-08-26,21W0000000000419,21X0000000013554,GB,South Hook LNG Terminal,,,,,,,,,N,2026-09-01 22:01:51,51.721,-5.0809,
2026-09-01T21:21:41+00:00,milford_haven,2026-08-25,21W0000000000419,21X0000000013554,GB,South Hook LNG Terminal,,,,,,,,,N,2026-09-01 22:01:51,51.721,-5.0809,
2026-09-01T21:21:41+00:00,milford_haven,2026-08-24,21W0000000000419,21X0000000013554,GB,South Hook LNG Terminal,,,,,,,,,N,2026-09-01 22:01:51,51.721,-5.0809,
2026-09-01T21:21:41+00:00,milford_haven,2026-08-23,21W0000000000419,21X0000000013554,GB,South Hook LNG Terminal,,,,,,,,,N,2026-09-01 22:01:51,51.721,-5.0809,
2026-09-01T21:21:41+00:00,milford_haven,2026-08-22,21W0000000000419,21X0000000013554,GB,South Hook LNG Terminal,,,,,,,,,N,2026-09-01 22:01:51,51.721,-5.0809,
2026-09-01T21:21:41+00:00,milford_haven,2026-08-21,21W0000000000419,21X0000000013554,GB,South Hook LNG Terminal,,,,,,,,,N,2026-09-01 22:01:51,51.721,-5.0809,
2026-09-01T21:21:41+00:00,milford_haven,2026-08-20,21W0000000000419,21X0000000013554,GB,South Hook LNG Terminal,,,,,,,,,N,2026-09-01 22:01:51,51.721,-5.0809,
2026-09-01T21:21:41+00:00,milford_haven,2026-08-19,21W0000000000419,21X0000000013554,GB,South Hook LNG Terminal,,,,,,,,,N,2026-09-01 22:01:51,51.721,-5.0809,
2026-09-01T21:21:41+00:00,milford_haven,2026-08-18,21W0000000000419,21X0000000013554,GB,South Hook LNG Terminal,,,,,,,,,N,2026-09-01 22:01:51,51.721,-5.0809,
2026-09-01T21:21:41+00:00,milford_haven,2026-08-17,21W0000000000419,21X0000000013554,GB,South Hook LNG Terminal,,,,,,,,,N,2026-09-01 22:01:51,51.721,-5.0809,
2026-09-01T21:21:41+00:00,milford_haven,2026-08-16,21W0000000000419,21X0000000013554,GB,South Hook LNG Terminal,,,,,,,,,N,2026-09-01 22:01:51,51.721,-5.0809,
2026-09-01T21:21:41+00:00,milford_haven,2026-08-15,21W0000000000419,21X0000000013554,GB,South Hook LNG Terminal,,,,,,,,,N,2026-09-01 22:01:51,51.721,-5.0809,
2026-09-01T21:21:41+00:00,milford_haven,2026-08-14,21W0000000000419,21X0000000013554,GB,South Hook LNG Terminal,,,,,,,,,N,2026-09-01 22:01:51,51.721,-5.0809,
2026-09-01T21:21:41+00:00,milford_haven,2026-08-13,21W0000000000419,21X0000000013554,GB,South Hook LNG Terminal,,,,,,,,,N,2026-09-01 22:01:51,51.721,-5.0809,
2026-09-01T21:21:41+00:00,milford_haven,2026-08-12,21W0000000000419,21X0000000013554,GB,South Hook LNG Terminal,,,,,,,,,N,2026-09-01 22:01:51,51.721,-5.0809,
2026-09-01T21:21:41+00:00,milford_haven,2026-08-11,21W0000000000419,21X0000000013554,GB,South Hook LNG Terminal,,,,,,,,,N,2026-09-01 22:01:51,51.721,-5.0809,
2026-09-01T21:21:41+00:00,milford_haven,2026-08-10,21W0000000000419,21X0000000013554,GB,South Hook LNG Terminal,,,,,,,,,N,2026-09-01 22:01:51,51.721,-5.0809,
2026-09-01T21:21:41+00:00,milford_haven,2026-08-09,21W0000000000419,21X0000000013554,GB,South Hook LNG Terminal,,,,,,,,,N,2026-09-01 22:01:51,51.721,-5.0809,
2026-09-01T21:21:41+00:00,milford_haven,2026-08-08,21W0000000000419,21X0000000013554,GB,South Hook LNG Terminal,,,,,,,,,N,2026-09-01 22:01:51,51.721,-5.0809,
2026-09-01T21:21:41+00:00,milford_haven,2026-08-07,21W0000000000419,21X0000000013554,GB,South Hook LNG Terminal,,,,,,,,,N,2026-09-01 22:01:51,51.721,-5.0809,
2026-09-01T21:21:41+00:00,milford_haven,2026-08-06,21W0000000000419,21X0000000013554,GB,South Hook LNG Terminal,,,,,,,,,N,2026-09-01 22:01:51,51.721,-5.0809,
2026-09-01T21:21:41+00:00,milford_haven,2026-08-05,21W0000000000419,21X0000000013554,GB,South Hook LNG Terminal,,,,,,,,,N,2026-09-01 22:01:51,51.721,-5.0809,
2026-09-01T21:21:41+00:00,milford_haven,2026-08-04,21W0000000000419,21X0000000013554,GB,South Hook LNG Terminal,,,,,,,,,N,2026-09-01 22:01:51,51.721,-5.0809,
2026-09-01T21:21:41+00:00,milford_haven,2026-08-03,21W0000000000419,21X0000000013554,GB,South Hook LNG Terminal,,,,,,,,,N,2026-09-01 22:01:51,51.721,-5.0809,
2026-09-01T21:21:41+00:00,milford_haven,2026-08-02,21W0000000000419,21X0000000013554,GB,South Hook LNG Terminal,,,,,,,,,N,2026-09-01 22:01:51,51.721,-5.0809,
2026-09-01T21:21:41+00:00,milford_haven,2026-08-01,21W0000000000419,21X0000000013554,GB,South Hook LNG Terminal,,,,,,,,,N,2026-09-01 22:01:51,51.721,-5.0809,
2026-09-01T21:21:41+00:00,milford_haven,2026-07-31,21W0000000000419,21X0000000013554,GB,South Hook LNG Terminal,,,,,,,,,N,2026-09-01 22:01:51,51.721,-5.0809,
2026-09-01T21:21:41+00:00,milford_haven,2026-07-30,21W0000000000419,21X0000000013554,GB,South Hook LNG Terminal,,,,,,,,,N,2026-09-01 22:01:51,51.721,-5.0809,
2026-09-01T21:21:41+00:00,milford_haven,2026-07-29,21W0000000000419,21X0000000013554,GB,South Hook LNG Terminal,,,,,,,,,N,2026-09-01 22:01:51,51.721,-5.0809,
2026-09-01T21:21:41+00:00,milford_haven,2026-07-28,21W0000000000419,21X0000000013554,GB,South Hook LNG Terminal,,,,,,,,,N,2026-09-01 22:01:51,51.721,-5.0809,
2026-09-01T21:21:41+00:00,milford_haven,2026-07-27,21W0000000000419,21X0000000013554,GB,South Hook LNG Terminal,,,,,,,,,N,2026-09-01 22:01:51,51.721,-5.0809,
2026-09-01T21:21:41+00:00,milford_haven,2026-07-26,21W0000000000419,21X0000000013554,GB,South Hook LNG Terminal,,,,,,,,,N,2026-09-01 22:01:51,51.721,-5.0809,
2026-09-01T21:21:41+00:00,milford_haven,2026-07-25,21W0000000000419,21X0000000013554,GB,South Hook LNG Terminal,,,,,,,,,N,2026-09-01 22:01:51,51.721,-5.0809,
2026-09-01T21:21:41+00:00,milford_haven,2026-07-24,21W0000000000419,21X0000000013554,GB,South Hook LNG Terminal,,,,,,,,,N,2026-09-01 22:01:51,51.721,-5.0809,
2026-09-01T21:21:41+00:00,milford_haven,2026-07-23,21W0000000000419,21X0000000013554,GB,South Hook LNG Terminal,,,,,,,,,N,2026-09-01 22:01:51,51.721,-5.0809,
2026-09-01T21:21:41+00:00,milford_haven,2026-07-22,21W0000000000419,21X0000000013554,GB,South Hook LNG Terminal,,,,,,,,,N,2026-09-01 22:01:51,51.721,-5.0809,
2026-09-01T21:21:41+00:00,milford_haven,2026-07-21,21W0000000000419,21X0000000013554,GB,South Hook LNG Terminal,,,,,,,,,N,2026-09-01 22:01:51,51.721,-5.0809,
2026-09-01T21:21:41+00:00,milford_haven,2026-07-20,21W0000000000419,21X0000000013554,GB,South Hook LNG Terminal,,,,,,,,,N,2026-09-01 22:01:51,51.721,-5.0809,
2026-09-01T21:21:41+00:00,milford_haven,2026-07-19,21W0000000000419,21X0000000013554,GB,South Hook LNG Terminal,,,,,,,,,N,2026-09-01 22:01:51,51.721,-5.0809,
2026-09-01T21:21:41+00:00,milford_haven,2026-07-18,21W0000000000419,21X0000000013554,GB,South Hook LNG Terminal,,,,,,,,,N,2026-09-01 22:01:51,51.721,-5.0809,
2026-09-01T21:21:41+00:00,montoir,2026-08-31,63W631527814486R,21X0000000010679,FR,Montoir de Bretagne LNG Terminal,221.97,1479.79,153.5,360.0,2399.98,337.0,100.0,0.0,C,2026-09-01 08:00:15,47.3034,-2.1368,
2026-09-01T21:21:41+00:00,montoir,2026-08-30,63W631527814486R,21X0000000010679,FR,Montoir de Bretagne LNG Terminal,257.09,1713.92,231.3,360.0,2399.98,337.0,100.0,0.0,C,2026-08-31 08:00:09,47.3034,-2.1368,
2026-09-01T21:21:41+00:00,montoir,2026-08-29,63W631527814486R,21X0000000010679,FR,Montoir de Bretagne LNG Terminal,129.21,861.39,231.3,360.0,2399.97,337.0,100.0,0.0,C,2026-08-30 08:00:13,47.3034,-2.1368,
2026-09-01T21:21:41+00:00,montoir,2026-08-28,63W631527814486R,21X0000000010679,FR,Montoir de Bretagne LNG Terminal,164.33,1095.52,232.3,360.0,2399.97,337.0,100.0,0.0,C,2026-08-29 08:00:14,47.3034,-2.1368,
2026-09-01T21:21:41+00:00,montoir,2026-08-27,63W631527814486R,21X0000000010679,FR,Montoir de Bretagne LNG Terminal,189.96,1266.39,156.2,360.0,2399.98,337.0,100.0,0.0,C,2026-08-28 08:00:13,47.3034,-2.1368,
2026-09-01T21:21:41+00:00,montoir,2026-08-26,63W631527814486R,21X0000000010679,FR,Montoir de Bretagne LNG Terminal,213.44,1422.92,156.2,360.0,2399.98,337.0,100.0,0.0,C,2026-08-27 08:00:13,47.3034,-2.1368,
2026-09-01T21:21:41+00:00,montoir,2026-08-25,63W631527814486R,21X0000000010679,FR,Montoir de Bretagne LNG Terminal,236.92,1579.45,153.5,360.0,2399.97,337.0,100.0,0.0,C,2026-08-26 08:00:12,47.3034,-2.1368,
2026-09-01T21:21:41+00:00,montoir,2026-08-24,63W631527814486R,21X0000000010679,FR,Montoir de Bretagne LNG Terminal,109.98,733.19,69.6,360.0,2399.97,337.0,100.0,0.0,C,2026-08-25 08:00:27,47.3034,-2.1368,
2026-09-01T21:21:41+00:00,montoir,2026-08-23,63W631527814486R,21X0000000010679,FR,Montoir de Bretagne LNG Terminal,115.46,769.72,34.8,360.0,2399.96,337.0,174.2,96.8,C,2026-08-24 08:00:29,47.3034,-2.1368,
2026-09-01T21:21:41+00:00,montoir,2026-08-22,63W631527814486R,21X0000000010679,FR,Montoir de Bretagne LNG Terminal,120.94,806.25,34.8,360.0,2399.95,337.0,174.2,96.8,C,2026-08-23 08:00:14,47.3034,-2.1368,
2026-09-01T21:21:41+00:00,montoir,2026-08-21,63W631527814486R,21X0000000010679,FR,Montoir de Bretagne LNG Terminal,126.42,842.79,34.8,360.0,2399.97,337.0,174.2,96.8,C,2026-08-22 08:00:20,47.3034,-2.1368,
2026-09-01T21:21:41+00:00,montoir,2026-08-20,63W631527814486R,21X0000000010679,FR,Montoir de Bretagne LNG Terminal,131.9,879.32,34.8,360.0,2399.96,337.0,174.2,96.8,C,2026-08-21 08:00:13,47.3034,-2.1368,
2026-09-01T21:21:41+00:00,montoir,2026-08-19,63W631527814486R,21X0000000010679,FR,Montoir de Bretagne LNG Terminal,137.38,915.85,34.8,360.0,2399.96,337.0,174.2,96.8,C,2026-08-20 08:00:11,47.3034,-2.1368,
2026-09-01T21:21:41+00:00,montoir,2026-08-18,63W631527814486R,21X0000000010679,FR,Montoir de Bretagne LNG Terminal,137.97,919.82,0.0,360.0,2400.05,337.0,174.2,96.8,C,2026-08-19 08:00:12,47.3034,-2.1368,
2026-09-01T21:21:41+00:00,montoir,2026-08-17,63W631527814486R,21X0000000010679,FR,Montoir de Bretagne LNG Terminal,139.19,927.94,0.0,360.0,2400.02,337.0,174.2,96.8,C,2026-08-18 08:00:13,47.3034,-2.1368,
2026-09-01T21:21:41+00:00,montoir,2026-08-16,63W631527814486R,21X0000000010679,FR,Montoir de Bretagne LNG Terminal,139.53,930.22,0.0,360.0,2400.05,337.0,174.2,96.8,C,2026-08-17 08:00:24,47.3034,-2.1368,
2026-09-01T21:21:41+00:00,montoir,2026-08-15,63W631527814486R,21X0000000010679,FR,Montoir de Bretagne LNG Terminal,140.13,934.19,0.0,360.0,2399.97,337.0,174.2,96.8,C,2026-08-16 08:10:07,47.3034,-2.1368,
2026-09-01T21:21:41+00:00,montoir,2026-08-14,63W631527814486R,21X0000000010679,FR,Montoir de Bretagne LNG Terminal,145.61,970.72,34.8,360.0,2399.97,337.0,174.2,96.8,C,2026-08-15 08:00:14,47.3034,-2.1368,
2026-09-01T21:21:41+00:00,montoir,2026-08-13,63W631527814486R,21X0000000010679,FR,Montoir de Bretagne LNG Terminal,156.54,1043.58,69.6,360.0,2399.95,337.0,174.2,96.8,C,2026-08-14 08:00:17,47.3034,-2.1368,
2026-09-01T21:21:41+00:00,montoir,2026-08-12,63W631527814486R,21X0000000010679,FR,Montoir de Bretagne LNG Terminal,167.3,1115.31,69.6,360.0,2399.95,337.0,174.2,96.8,C,2026-08-13 08:00:17,47.3034,-2.1368,
2026-09-01T21:21:41+00:00,montoir,2026-08-11,63W631527814486R,21X0000000010679,FR,Montoir de Bretagne LNG Terminal,177.3,1182.01,69.6,360.0,2400.02,337.0,174.2,96.8,C,2026-08-12 08:00:13,47.3034,-2.1368,
2026-09-01T21:21:41+00:00,montoir,2026-08-10,63W631527814486R,21X0000000010679,FR,Montoir de Bretagne LNG Terminal,188.06,1253.75,69.6,360.0,2400.03,337.0,174.2,96.8,C,2026-08-11 08:00:13,47.3034,-2.1368,
2026-09-01T21:21:41+00:00,montoir,2026-08-09,63W631527814486R,21X0000000010679,FR,Montoir de Bretagne LNG Terminal,198.82,1325.48,69.6,360.0,2400.02,337.0,174.2,96.8,C,2026-08-10 08:00:16,47.3034,-2.1368,
2026-09-01T21:21:41+00:00,montoir,2026-08-08,63W631527814486R,21X0000000010679,FR,Montoir de Bretagne LNG Terminal,209.58,1397.21,69.6,360.0,2400.02,337.0,174.2,96.8,C,2026-08-09 08:00:11,47.3034,-2.1368,
2026-09-01T21:21:41+00:00,montoir,2026-08-07,63W631527814486R,21X0000000010679,FR,Montoir de Bretagne LNG Terminal,220.05,1466.97,67.1,360.0,2399.95,337.0,174.2,96.8,C,2026-08-08 08:00:13,47.3034,-2.1368,
2026-09-01T21:21:41+00:00,montoir,2026-08-06,63W631527814486R,21X0000000010679,FR,Montoir de Bretagne LNG Terminal,230.51,1536.71,67.1,360.0,2399.96,337.0,174.2,96.8,C,2026-08-07 08:00:25,47.3034,-2.1368,
2026-09-01T21:21:41+00:00,montoir,2026-08-05,63W631527814486R,21X0000000010679,FR,Montoir de Bretagne LNG Terminal,240.97,1606.47,67.1,360.0,2400.0,337.0,174.2,96.8,C,2026-08-06 08:00:13,47.3034,-2.1368,
2026-09-01T21:21:41+00:00,montoir,2026-08-04,63W631527814486R,21X0000000010679,FR,Montoir de Bretagne LNG Terminal,257.13,1714.2,102.4,360.0,2400.0,337.0,174.2,96.8,C,2026-08-05 08:00:13,47.3034,-2.1368,
2026-09-01T21:21:41+00:00,montoir,2026-08-03,63W631527814486R,21X0000000010679,FR,Montoir de Bretagne LNG Terminal,273.08,1820.53,102.4,360.0,2400.0,337.0,174.2,96.8,C,2026-08-04 08:00:28,47.3034,-2.1368,
2026-09-01T21:21:41+00:00,montoir,2026-08-02,63W631527814486R,21X0000000010679,FR,Montoir de Bretagne LNG Terminal,289.92,1932.83,102.4,360.0,2400.04,337.0,174.2,96.8,C,2026-08-03 08:00:11,47.3034,-2.1368,
2026-09-01T21:21:41+00:00,montoir,2026-08-01,63W631527814486R,21X0000000010679,FR,Montoir de Bretagne LNG Terminal,153.08,1020.56,103.3,360.0,2400.06,337.0,174.2,96.8,C,2026-08-02 08:00:10,47.3034,-2.1368,
2026-09-01T21:21:41+00:00,montoir,2026-07-31,63W631527814486R,21X0000000010679,FR,Montoir de Bretagne LNG Terminal,181.92,1212.81,162.2,360.0,2400.02,337.0,71.0,0.0,C,2026-08-01 08:00:13,47.3034,-2.1368,
2026-09-01T21:21:41+00:00,montoir,2026-07-30,63W631527814486R,21X0000000010679,FR,Montoir de Bretagne LNG Terminal,206.78,1378.53,162.2,360.0,2399.99,337.0,71.0,0.0,C,2026-07-31 08:00:14,47.3034,-2.1368,
2026-09-01T21:21:41+00:00,montoir,2026-07-29,63W631527814486R,21X0000000010679,FR,Montoir de Bretagne LNG Terminal,231.64,1544.24,162.2,360.0,2399.96,337.0,71.0,0.0,C,2026-07-30 08:00:15,47.3034,-2.1368,
2026-09-01T21:21:41+00:00,montoir,2026-07-28,63W631527814486R,21X0000000010679,FR,Montoir de Bretagne LNG Terminal,88.17,587.83,133.7,360.0,2400.12,337.0,71.0,0.0,C,2026-07-29 08:00:15,47.3034,-2.1368,
2026-09-01T21:21:41+00:00,montoir,2026-07-27,63W631527814486R,21X0000000010679,FR,Montoir de Bretagne LNG Terminal,108.71,724.74,133.7,360.0,2400.02,337.0,71.0,0.0,C,2026-07-28 08:00:13,47.3034,-2.1368,
2026-09-01T21:21:41+00:00,montoir,2026-07-26,63W631527814486R,21X0000000010679,FR,Montoir de Bretagne LNG Terminal,114.25,761.65,34.8,360.0,2399.95,337.0,71.0,0.0,C,2026-07-27 08:00:12,47.3034,-2.1368,
2026-09-01T21:21:41+00:00,montoir,2026-07-25,63W631527814486R,21X0000000010679,FR,Montoir de Bretagne LNG Terminal,119.79,798.57,34.8,360.0,2399.91,337.0,71.0,0.0,C,2026-07-26 08:00:11,47.3034,-2.1368,
2026-09-01T21:21:41+00:00,montoir,2026-07-24,63W631527814486R,21X0000000010679,FR,Montoir de Bretagne LNG Terminal,125.32,835.48,34.8,360.0,2400.04,337.0,71.0,0.0,C,2026-07-25 08:00:10,47.3034,-2.1368,
2026-09-01T21:21:41+00:00,montoir,2026-07-23,63W631527814486R,21X0000000010679,FR,Montoir de Bretagne LNG Terminal,130.86,872.39,34.8,360.0,2399.97,337.0,71.0,0.0,C,2026-07-24 08:00:11,47.3034,-2.1368,
2026-09-01T21:21:41+00:00,montoir,2026-07-22,63W631527814486R,21X0000000010679,FR,Montoir de Bretagne LNG Terminal,136.4,909.31,34.8,360.0,2399.94,337.0,71.0,96.8,C,2026-07-23 08:00:11,47.3034,-2.1368,
2026-09-01T21:21:41+00:00,montoir,2026-07-21,63W631527814486R,21X0000000010679,FR,Montoir de Bretagne LNG Terminal,141.93,946.23,34.8,360.0,2400.08,337.0,71.0,96.8,C,2026-07-22 08:00:11,47.3034,-2.1368,
2026-09-01T21:21:41+00:00,montoir,2026-07-20,63W631527814486R,21X0000000010679,FR,Montoir de Bretagne LNG Terminal,147.47,983.14,34.8,360.0,2400.02,337.0,71.0,96.8,C,2026-07-21 08:00:10,47.3034,-2.1368,
2026-09-01T21:21:41+00:00,montoir,2026-07-19,63W631527814486R,21X0000000010679,FR,Montoir de Bretagne LNG Terminal,152.95,1019.67,34.8,360.0,2400.01,337.0,71.0,96.8,C,2026-07-20 08:00:11,47.3034,-2.1368,
2026-09-01T21:21:41+00:00,montoir,2026-07-18,63W631527814486R,21X0000000010679,FR,Montoir de Bretagne LNG Terminal,158.43,1056.21,34.8,360.0,2400.02,337.0,71.0,96.8,C,2026-07-19 08:00:16,47.3034,-2.1368,
2026-09-01T21:21:41+00:00,lehavre,2026-08-31,63W835858561887S,63X218318139939Y,FR,Le Havre LNG Terminal (FSRU Cape Ann),,,,,,,,,N,2026-09-01 22:01:51,49.4792,0.0907,
2026-09-01T21:21:41+00:00,lehavre,2026-08-30,63W835858561887S,63X218318139939Y,FR,Le Havre LNG Terminal (FSRU Cape Ann),,,,,,,,,N,2026-09-01 22:01:51,49.4792,0.0907,
2026-09-01T21:21:41+00:00,lehavre,2026-08-29,63W835858561887S,63X218318139939Y,FR,Le Havre LNG Terminal (FSRU Cape Ann),,,,,,,,,N,2026-09-01 22:01:51,49.4792,0.0907,
2026-09-01T21:21:41+00:00,lehavre,2026-08-28,63W835858561887S,63X218318139939Y,FR,Le Havre LNG Terminal (FSRU Cape Ann),,,,,,,,,N,2026-09-01 22:01:51,49.4792,0.0907,
2026-09-01T21:21:41+00:00,lehavre,2026-08-27,63W835858561887S,63X218318139939Y,FR,Le Havre LNG Terminal (FSRU Cape Ann),,,,,,,,,N,2026-09-01 22:01:51,49.4792,0.0907,
2026-09-01T21:21:41+00:00,lehavre,2026-08-26,63W835858561887S,63X218318139939Y,FR,Le Havre LNG Terminal (FSRU Cape Ann),,,,,,,,,N,2026-09-01 22:01:51,49.4792,0.0907,
2026-09-01T21:21:41+00:00,lehavre,2026-08-25,63W835858561887S,63X218318139939Y,FR,Le Havre LNG Terminal (FSRU Cape Ann),,,,,,,,,N,2026-09-01 22:01:51,49.4792,0.0907,
2026-09-01T21:21:41+00:00,lehavre,2026-08-24,63W835858561887S,63X218318139939Y,FR,Le Havre LNG Terminal (FSRU Cape Ann),,,,,,,,,N,2026-09-01 22:01:51,49.4792,0.0907,
2026-09-01T21:21:41+00:00,lehavre,2026-08-23,63W835858561887S,63X218318139939Y,FR,Le Havre LNG Terminal (FSRU Cape Ann),,,,,,,,,N,2026-09-01 22:01:51,49.4792,0.0907,
2026-09-01T21:21:41+00:00,lehavre,2026-08-22,63W835858561887S,63X218318139939Y,FR,Le Havre LNG Terminal (FSRU Cape Ann),,,,,,,,,N,2026-09-01 22:01:51,49.4792,0.0907,
2026-09-01T21:21:41+00:00,lehavre,2026-08-21,63W835858561887S,63X218318139939Y,FR,Le Havre LNG Terminal (FSRU Cape Ann),,,,,,,,,N,2026-09-01 22:01:51,49.4792,0.0907,
2026-09-01T21:21:41+00:00,lehavre,2026-08-20,63W835858561887S,63X218318139939Y,FR,Le Havre LNG Terminal (FSRU Cape Ann),,,,,,,,,N,2026-09-01 22:01:51,49.4792,0.0907,
2026-09-01T21:21:41+00:00,lehavre,2026-08-19,63W835858561887S,63X218318139939Y,FR,Le Havre LNG Terminal (FSRU Cape Ann),,,,,,,,,N,2026-09-01 22:01:51,49.4792,0.0907,
2026-09-01T21:21:41+00:00,lehavre,2026-08-18,63W835858561887S,63X218318139939Y,FR,Le Havre LNG Terminal (FSRU Cape Ann),,,,,,,,,N,2026-09-01 22:01:51,49.4792,0.0907,
2026-09-01T21:21:41+00:00,lehavre,2026-08-17,63W835858561887S,63X218318139939Y,FR,Le Havre LNG Terminal (FSRU Cape Ann),,,,,,,,,N,2026-09-01 22:01:51,49.4792,0.0907,
2026-09-01T21:21:41+00:00,lehavre,2026-08-16,63W835858561887S,63X218318139939Y,FR,Le Havre LNG Terminal (FSRU Cape Ann),,,,,,,,,N,2026-09-01 22:01:51,49.4792,0.0907,
2026-09-01T21:21:41+00:00,lehavre,2026-08-15,63W835858561887S,63X218318139939Y,FR,Le Havre LNG Terminal (FSRU Cape Ann),,,,,,,,,N,2026-09-01 22:01:51,49.4792,0.0907,
2026-09-01T21:21:41+00:00,lehavre,2026-08-14,63W835858561887S,63X218318139939Y,FR,Le Havre LNG Terminal (FSRU Cape Ann),,,,,,,,,N,2026-09-01 22:01:51,49.4792,0.0907,
2026-09-01T21:21:41+00:00,lehavre,2026-08-13,63W835858561887S,63X218318139939Y,FR,Le Havre LNG Terminal (FSRU Cape Ann),,,,,,,,,N,2026-09-01 22:01:51,49.4792,0.0907,
2026-09-01T21:21:41+00:00,lehavre,2026-08-12,63W835858561887S,63X218318139939Y,FR,Le Havre LNG Terminal (FSRU Cape Ann),,,,,,,,,N,2026-09-01 22:01:51,49.4792,0.0907,
2026-09-01T21:21:41+00:00,lehavre,2026-08-11,63W835858561887S,63X218318139939Y,FR,Le Havre LNG Terminal (FSRU Cape Ann),,,,,,,,,N,2026-09-01 22:01:51,49.4792,0.0907,
2026-09-01T21:21:41+00:00,lehavre,2026-08-10,63W835858561887S,63X218318139939Y,FR,Le Havre LNG Terminal (FSRU Cape Ann),,,,,,,,,N,2026-09-01 22:01:51,49.4792,0.0907,
2026-09-01T21:21:41+00:00,lehavre,2026-08-09,63W835858561887S,63X218318139939Y,FR,Le Havre LNG Terminal (FSRU Cape Ann),,,,,,,,,N,2026-09-01 22:01:51,49.4792,0.0907,
2026-09-01T21:21:41+00:00,lehavre,2026-08-08,63W835858561887S,63X218318139939Y,FR,Le Havre LNG Terminal (FSRU Cape Ann),,,,,,,,,N,2026-09-01 22:01:51,49.4792,0.0907,
2026-09-01T21:21:41+00:00,lehavre,2026-08-07,63W835858561887S,63X218318139939Y,FR,Le Havre LNG Terminal (FSRU Cape Ann),,,,,,,,,N,2026-09-01 22:01:51,49.4792,0.0907,
2026-09-01T21:21:41+00:00,lehavre,2026-08-06,63W835858561887S,63X218318139939Y,FR,Le Havre LNG Terminal (FSRU Cape Ann),,,,,,,,,N,2026-09-01 22:01:51,49.4792,0.0907,
2026-09-01T21:21:41+00:00,lehavre,2026-08-05,63W835858561887S,63X218318139939Y,FR,Le Havre LNG Terminal (FSRU Cape Ann),,,,,,,,,N,2026-09-01 22:01:51,49.4792,0.0907,
2026-09-01T21:21:41+00:00,lehavre,2026-08-04,63W835858561887S,63X218318139939Y,FR,Le Havre LNG Terminal (FSRU Cape Ann),,,,,,,,,N,2026-09-01 22:01:51,49.4792,0.0907,
2026-09-01T21:21:41+00:00,lehavre,2026-08-03,63W835858561887S,63X218318139939Y,FR,Le Havre LNG Terminal (FSRU Cape Ann),,,,,,,,,N,2026-09-01 22:01:51,49.4792,0.0907,
2026-09-01T21:21:41+00:00,lehavre,2026-08-02,63W835858561887S,63X218318139939Y,FR,Le Havre LNG Terminal (FSRU Cape Ann),,,,,,,,,N,2026-09-01 22:01:51,49.4792,0.0907,
2026-09-01T21:21:41+00:00,lehavre,2026-08-01,63W835858561887S,63X218318139939Y,FR,Le Havre LNG Terminal (FSRU Cape Ann),,,,,,,,,N,2026-09-01 22:01:51,49.4792,0.0907,
2026-09-01T21:21:41+00:00,lehavre,2026-07-31,63W835858561887S,63X218318139939Y,FR,Le Havre LNG Terminal (FSRU Cape Ann),,,,,,,,,N,2026-09-01 22:01:51,49.4792,0.0907,
2026-09-01T21:21:41+00:00,lehavre,2026-07-30,63W835858561887S,63X218318139939Y,FR,Le Havre LNG Terminal (FSRU Cape Ann),,,,,,,,,N,2026-09-01 22:01:51,49.4792,0.0907,
2026-09-01T21:21:41+00:00,lehavre,2026-07-29,63W835858561887S,63X218318139939Y,FR,Le Havre LNG Terminal (FSRU Cape Ann),,,,,,,,,N,2026-09-01 22:01:51,49.4792,0.0907,
2026-09-01T21:21:41+00:00,lehavre,2026-07-28,63W835858561887S,63X218318139939Y,FR,Le Havre LNG Terminal (FSRU Cape Ann),,,,,,,,,N,2026-09-01 22:01:51,49.4792,0.0907,
2026-09-01T21:21:41+00:00,lehavre,2026-07-27,63W835858561887S,63X218318139939Y,FR,Le Havre LNG Terminal (FSRU Cape Ann),,,,,,,,,N,2026-09-01 22:01:51,49.4792,0.0907,
2026-09-01T21:21:41+00:00,lehavre,2026-07-26,63W835858561887S,63X218318139939Y,FR,Le Havre LNG Terminal (FSRU Cape Ann),,,,,,,,,N,2026-09-01 22:01:51,49.4792,0.0907,
2026-09-01T21:21:41+00:00,lehavre,2026-07-25,63W835858561887S,63X218318139939Y,FR,Le Havre LNG Terminal (FSRU Cape Ann),,,,,,,,,N,2026-09-01 22:01:51,49.4792,0.0907,
2026-09-01T21:21:41+00:00,lehavre,2026-07-24,63W835858561887S,63X218318139939Y,FR,Le Havre LNG Terminal (FSRU Cape Ann),,,,,,,,,N,2026-09-01 22:01:51,49.4792,0.0907,
2026-09-01T21:21:41+00:00,lehavre,2026-07-23,63W835858561887S,63X218318139939Y,FR,Le Havre LNG Terminal (FSRU Cape Ann),,,,,,,,,N,2026-09-01 22:01:51,49.4792,0.0907,
2026-09-01T21:21:41+00:00,lehavre,2026-07-22,63W835858561887S,63X218318139939Y,FR,Le Havre LNG Terminal (FSRU Cape Ann),,,,,,,,,N,2026-09-01 22:01:51,49.4792,0.0907,
2026-09-01T21:21:41+00:00,lehavre,2026-07-21,63W835858561887S,63X218318139939Y,FR,Le Havre LNG Terminal (FSRU Cape Ann),,,,,,,,,N,2026-09-01 22:01:51,49.4792,0.0907,
2026-09-01T21:21:41+00:00,lehavre,2026-07-20,63W835858561887S,63X218318139939Y,FR,Le Havre LNG Terminal (FSRU Cape Ann),,,,,,,,,N,2026-09-01 22:01:51,49.4792,0.0907,
2026-09-01T21:21:41+00:00,lehavre,2026-07-19,63W835858561887S,63X218318139939Y,FR,Le Havre LNG Terminal (FSRU Cape Ann),,,,,,,,,N,2026-09-01 22:01:51,49.4792,0.0907,
2026-09-01T21:21:41+00:00,lehavre,2026-07-18,63W835858561887S,63X218318139939Y,FR,Le Havre LNG Terminal (FSRU Cape Ann),,,,,,,,,N,2026-09-01 22:01:51,49.4792,0.0907,
2026-09-01T21:21:41+00:00,wilhelmshaven,2026-08-31,21W000000000129W,21X000000001403J,DE,Wilhelmshaven LNG Terminal 1 (FSRU Hoegh Esperanza),81.75,531.26,151.1,167.56,1088.9,160.1,160.1,0.0,C,2026-09-01 08:41:28,53.5224,8.1519,
2026-09-01T21:21:41+00:00,wilhelmshaven,2026-08-30,21W000000000129W,21X000000001403J,DE,Wilhelmshaven LNG Terminal 1 (FSRU Hoegh Esperanza),104.96,681.93,151.0,167.56,1088.65,160.1,160.1,0.0,C,2026-08-31 12:31:02,53.5224,8.1519,
2026-09-01T21:21:41+00:00,wilhelmshaven,2026-08-29,21W000000000129W,21X000000001403J,DE,Wilhelmshaven LNG Terminal 1 (FSRU Hoegh Esperanza),128.26,833.26,151.1,167.56,1088.58,160.1,160.1,0.0,C,2026-08-31 12:20:08,53.5224,8.1519,
2026-09-01T21:21:41+00:00,wilhelmshaven,2026-08-28,21W000000000129W,21X000000001403J,DE,Wilhelmshaven LNG Terminal 1 (FSRU Hoegh Esperanza),151.57,984.6,150.9,167.56,1088.47,160.1,160.1,0.0,C,2026-08-31 12:16:04,53.5224,8.1519,
2026-09-01T21:21:41+00:00,wilhelmshaven,2026-08-27,21W000000000129W,21X000000001403J,DE,Wilhelmshaven LNG Terminal 1 (FSRU Hoegh Esperanza),124.44,808.68,150.8,167.56,1088.9,160.1,160.1,0.0,C,2026-08-28 09:40:46,53.5224,8.1519,
2026-09-01T21:21:41+00:00,wilhelmshaven,2026-08-26,21W000000000129W,21X000000001403J,DE,Wilhelmshaven LNG Terminal 1 (FSRU Hoegh Esperanza),30.33,197.36,151.0,167.56,1090.33,160.1,160.1,0.0,C,2026-08-27 08:57:18,53.5224,8.1519,
2026-09-01T21:21:41+00:00,wilhelmshaven,2026-08-25,21W000000000129W,21X000000001403J,DE,Wilhelmshaven LNG Terminal 1 (FSRU Hoegh Esperanza),53.51,348.09,151.0,167.56,1090.0,160.1,160.1,0.0,C,2026-08-26 10:02:53,53.5224,8.1519,
2026-09-01T21:21:41+00:00,wilhelmshaven,2026-08-24,21W000000000129W,21X000000001403J,DE,Wilhelmshaven LNG Terminal 1 (FSRU Hoegh Esperanza),76.69,498.85,151.8,167.56,1089.94,160.1,160.1,0.0,C,2026-08-25 11:50:50,53.5224,8.1519,
2026-09-01T21:21:41+00:00,wilhelmshaven,2026-08-23,21W000000000129W,21X000000001403J,DE,Wilhelmshaven LNG Terminal 1 (FSRU Hoegh Esperanza),100.13,651.19,133.7,167.56,1089.72,160.1,160.1,0.0,C,2026-08-24 10:38:28,53.5224,8.1519,
2026-09-01T21:21:41+00:00,wilhelmshaven,2026-08-22,21W000000000129W,21X000000001403J,DE,Wilhelmshaven LNG Terminal 1 (FSRU Hoegh Esperanza),100.13,651.19,133.7,167.56,1089.72,160.1,160.1,0.0,C,2026-08-24 10:11:56,53.5224,8.1519,
2026-09-01T21:21:41+00:00,wilhelmshaven,2026-08-21,21W000000000129W,21X000000001403J,DE,Wilhelmshaven LNG Terminal 1 (FSRU Hoegh Esperanza),140.83,915.76,150.9,167.56,1089.57,160.1,160.1,0.0,C,2026-08-24 09:47:41,53.5224,8.1519,
2026-09-01T21:21:41+00:00,wilhelmshaven,2026-08-20,21W000000000129W,21X000000001403J,DE,Wilhelmshaven LNG Terminal 1 (FSRU Hoegh Esperanza),150.52,995.6,143.3,167.56,1108.31,160.1,160.1,0.0,C,2026-08-21 09:37:57,53.5224,8.1519,
2026-09-01T21:21:41+00:00,wilhelmshaven,2026-08-19,21W000000000129W,21X000000001403J,DE,Wilhelmshaven LNG Terminal 1 (FSRU Hoegh Esperanza),18.75,127.51,110.5,167.56,1139.5,160.1,160.1,0.0,C,2026-08-20 09:07:40,53.5224,8.1519,
2026-09-01T21:21:41+00:00,wilhelmshaven,2026-08-18,21W000000000129W,21X000000001403J,DE,Wilhelmshaven LNG Terminal 1 (FSRU Hoegh Esperanza),35.07,238.07,149.2,167.56,1137.47,160.1,160.1,0.0,C,2026-08-19 10:07:10,53.5224,8.1519,
2026-09-01T21:21:41+00:00,wilhelmshaven,2026-08-17,21W000000000129W,21X000000001403J,DE,Wilhelmshaven LNG Terminal 1 (FSRU Hoegh Esperanza),57.33,388.18,147.4,167.56,1134.54,160.1,160.1,0.0,C,2026-08-18 09:46:44,53.5224,8.1519,
2026-09-01T21:21:41+00:00,wilhelmshaven,2026-08-16,21W000000000129W,21X000000001403J,DE,Wilhelmshaven LNG Terminal 1 (FSRU Hoegh Esperanza),79.35,537.97,147.2,167.56,1136.01,160.1,160.1,0.0,C,2026-08-17 09:22:12,53.5224,8.1519,
2026-09-01T21:21:41+00:00,wilhelmshaven,2026-08-15,21W000000000129W,21X000000001403J,DE,Wilhelmshaven LNG Terminal 1 (FSRU Hoegh Esperanza),101.43,688.08,149.0,167.56,1136.69,160.1,160.1,0.0,C,2026-08-17 09:15:42,53.5224,8.1519,
2026-09-01T21:21:41+00:00,wilhelmshaven,2026-08-14,21W000000000129W,21X000000001403J,DE,Wilhelmshaven LNG Terminal 1 (FSRU Hoegh Esperanza),123.62,837.8,149.0,167.56,1135.59,160.1,160.1,0.0,C,2026-08-17 09:09:05,53.5224,8.1519,
2026-09-01T21:21:41+00:00,wilhelmshaven,2026-08-13,21W000000000129W,21X000000001403J,DE,Wilhelmshaven LNG Terminal 1 (FSRU Hoegh Esperanza),93.7,627.03,154.4,167.56,1121.29,160.1,160.1,0.0,C,2026-08-14 10:15:21,53.5224,8.1519,
2026-09-01T21:21:41+00:00,wilhelmshaven,2026-08-12,21W000000000129W,21X000000001403J,DE,Wilhelmshaven LNG Terminal 1 (FSRU Hoegh Esperanza),29.57,196.8,152.9,167.56,1115.18,160.1,160.1,0.0,C,2026-08-13 09:55:14,53.5224,8.1519,
2026-09-01T21:21:41+00:00,wilhelmshaven,2026-08-11,21W000000000129W,21X000000001403J,DE,Wilhelmshaven LNG Terminal 1 (FSRU Hoegh Esperanza),52.79,351.08,153.9,167.56,1114.36,160.1,160.1,0.0,C,2026-08-12 11:31:32,53.5224,8.1519,
2026-09-01T21:21:41+00:00,wilhelmshaven,2026-08-10,21W000000000129W,21X000000001403J,DE,Wilhelmshaven LNG Terminal 1 (FSRU Hoegh Esperanza),75.93,504.91,155.0,167.56,1114.22,160.1,160.1,0.0,C,2026-08-11 09:32:14,53.5224,8.1519,
2026-09-01T21:21:41+00:00,wilhelmshaven,2026-08-09,21W000000000129W,21X000000001403J,DE,Wilhelmshaven LNG Terminal 1 (FSRU Hoegh Esperanza),99.34,660.29,128.9,167.56,1113.73,160.1,160.1,0.0,C,2026-08-10 10:33:09,53.5224,8.1519,
2026-09-01T21:21:41+00:00,wilhelmshaven,2026-08-08,21W000000000129W,21X000000001403J,DE,Wilhelmshaven LNG Terminal 1 (FSRU Hoegh Esperanza),118.92,790.47,128.9,167.56,1113.78,160.1,160.1,0.0,C,2026-08-10 10:31:22,53.5224,8.1519,
2026-09-01T21:21:41+00:00,wilhelmshaven,2026-08-07,21W000000000129W,21X000000001403J,DE,Wilhelmshaven LNG Terminal 1 (FSRU Hoegh Esperanza),138.43,919.64,86.5,167.56,1113.16,160.1,160.1,0.0,C,2026-08-10 10:28:16,53.5224,8.1519,
2026-09-01T21:21:41+00:00,wilhelmshaven,2026-08-06,21W000000000129W,21X000000001403J,DE,Wilhelmshaven LNG Terminal 1 (FSRU Hoegh Esperanza),144.87,963.07,154.9,167.56,1113.91,160.1,160.1,0.0,C,2026-08-07 09:09:43,53.5224,8.1519,
2026-09-01T21:21:41+00:00,wilhelmshaven,2026-08-05,21W000000000129W,21X000000001403J,DE,Wilhelmshaven LNG Terminal 1 (FSRU Hoegh Esperanza),19.07,126.82,152.9,167.56,1114.31,160.1,160.1,0.0,C,2026-08-06 09:11:03,53.5224,8.1519,
2026-09-01T21:21:41+00:00,wilhelmshaven,2026-08-04,21W000000000129W,21X000000001403J,DE,Wilhelmshaven LNG Terminal 1 (FSRU Hoegh Esperanza),42.1,279.87,155.1,167.56,1113.9,160.1,160.1,0.0,C,2026-08-05 09:43:32,53.5224,8.1519,
2026-09-01T21:21:41+00:00,wilhelmshaven,2026-08-03,21W000000000129W,21X000000001403J,DE,Wilhelmshaven LNG Terminal 1 (FSRU Hoegh Esperanza),65.49,435.15,152.0,167.56,1113.36,160.1,160.1,0.0,C,2026-08-04 08:37:31,53.5224,8.1519,
2026-09-01T21:21:41+00:00,wilhelmshaven,2026-08-02,21W000000000129W,21X000000001403J,DE,Wilhelmshaven LNG Terminal 1 (FSRU Hoegh Esperanza),88.57,588.49,155.1,167.56,1113.33,160.1,160.1,0.0,C,2026-08-03 10:10:50,53.5224,8.1519,
2026-09-01T21:21:41+00:00,wilhelmshaven,2026-08-01,21W000000000129W,21X000000001403J,DE,Wilhelmshaven LNG Terminal 1 (FSRU Hoegh Esperanza),112.2,745.23,154.9,167.56,1112.93,160.1,160.1,0.0,C,2026-08-03 10:07:57,53.5224,8.1519,
2026-09-01T21:21:41+00:00,wilhelmshaven,2026-07-31,21W000000000129W,21X000000001403J,DE,Wilhelmshaven LNG Terminal 1 (FSRU Hoegh Esperanza),135.83,901.94,153.0,167.56,1112.63,160.1,160.1,0.0,C,2026-08-03 10:05:51,53.5224,8.1519,
2026-09-01T21:21:41+00:00,wilhelmshaven,2026-07-30,21W000000000129W,21X000000001403J,DE,Wilhelmshaven LNG Terminal 1 (FSRU Hoegh Esperanza),87.9,585.44,73.6,167.56,1116.0,160.1,160.1,0.0,C,2026-07-31 08:08:13,53.5224,8.1519,
2026-09-01T21:21:41+00:00,wilhelmshaven,2026-07-29,21W000000000129W,21X000000001403J,DE,Wilhelmshaven LNG Terminal 1 (FSRU Hoegh Esperanza),15.62,104.14,73.8,167.56,1117.14,160.1,160.1,0.0,C,2026-07-30 07:58:01,53.5224,8.1519,
2026-09-01T21:21:41+00:00,wilhelmshaven,2026-07-28,21W000000000129W,21X000000001403J,DE,Wilhelmshaven LNG Terminal 1 (FSRU Hoegh Esperanza),26.98,179.77,73.6,167.56,1116.47,160.1,160.1,0.0,C,2026-07-29 10:18:07,53.5224,8.1519,
2026-09-01T21:21:41+00:00,wilhelmshaven,2026-07-27,21W000000000129W,21X000000001403J,DE,Wilhelmshaven LNG Terminal 1 (FSRU Hoegh Esperanza),37.89,252.33,73.6,167.56,1115.87,160.1,160.1,0.0,C,2026-07-28 09:04:24,53.5224,8.1519,
2026-09-01T21:21:41+00:00,wilhelmshaven,2026-07-26,21W000000000129W,21X000000001403J,DE,Wilhelmshaven LNG Terminal 1 (FSRU Hoegh Esperanza),49.01,326.21,70.7,167.56,1115.28,160.1,160.1,0.0,C,2026-07-27 08:44:25,53.5224,8.1519,
2026-09-01T21:21:41+00:00,wilhelmshaven,2026-07-25,21W000000000129W,21X000000001403J,DE,Wilhelmshaven LNG Terminal 1 (FSRU Hoegh Esperanza),59.76,397.77,73.4,167.56,1115.3,160.1,160.1,0.0,C,2026-07-27 08:40:03,53.5224,8.1519,
2026-09-01T21:21:41+00:00,wilhelmshaven,2026-07-24,21W000000000129W,21X000000001403J,DE,Wilhelmshaven LNG Terminal 1 (FSRU Hoegh Esperanza),70.9,471.77,73.7,167.56,1114.95,160.1,160.1,0.0,C,2026-07-27 08:36:19,53.5224,8.1519,
2026-09-01T21:21:41+00:00,wilhelmshaven,2026-07-23,21W000000000129W,21X000000001403J,DE,Wilhelmshaven LNG Terminal 1 (FSRU Hoegh Esperanza),82.07,546.1,91.3,167.56,1114.96,160.1,160.1,0.0,C,2026-07-24 14:10:38,53.5224,8.1519,
2026-09-01T21:21:41+00:00,wilhelmshaven,2026-07-22,21W000000000129W,21X000000001403J,DE,Wilhelmshaven LNG Terminal 1 (FSRU Hoegh Esperanza),95.91,637.89,91.3,167.56,1114.43,160.1,160.1,0.0,C,2026-07-23 09:21:12,53.5224,8.1519,
2026-09-01T21:21:41+00:00,wilhelmshaven,2026-07-21,21W000000000129W,21X000000001403J,DE,Wilhelmshaven LNG Terminal 1 (FSRU Hoegh Esperanza),109.79,729.71,24.0,167.56,1113.67,160.1,160.1,0.0,C,2026-07-22 09:11:14,53.5224,8.1519,
2026-09-01T21:21:41+00:00,wilhelmshaven,2026-07-20,21W000000000129W,21X000000001403J,DE,Wilhelmshaven LNG Terminal 1 (FSRU Hoegh Esperanza),113.36,753.82,116.0,167.56,1114.24,160.1,160.1,0.0,C,2026-07-21 08:14:02,53.5224,8.1519,
2026-09-01T21:21:41+00:00,wilhelmshaven,2026-07-19,21W000000000129W,21X000000001403J,DE,Wilhelmshaven LNG Terminal 1 (FSRU Hoegh Esperanza),130.97,871.0,139.7,167.56,1114.34,160.1,160.1,0.0,C,2026-07-20 09:33:08,53.5224,8.1519,
2026-09-01T21:21:41+00:00,wilhelmshaven,2026-07-18,21W000000000129W,21X000000001403J,DE,Wilhelmshaven LNG Terminal 1 (FSRU Hoegh Esperanza),152.16,1011.66,138.9,167.56,1114.05,160.1,160.1,0.0,C,2026-07-20 09:30:42,53.5224,8.1519,
2026-09-01T21:21:41+00:00,wilhelmshaven,2026-08-31,37W000000000111J,21X000000001403J,DE,Wilhelmshaven LNG Terminal 2 (FSRU Excelerate Excelsior),125.4,853.24,96.3,135.99,925.3,144.1,144.1,0.0,C,2026-09-01 08:41:28,53.5252,8.1545,
2026-09-01T21:21:41+00:00,wilhelmshaven,2026-08-30,37W000000000111J,21X000000001403J,DE,Wilhelmshaven LNG Terminal 2 (FSRU Excelerate Excelsior),115.07,782.91,96.8,135.99,925.24,144.1,144.1,0.0,C,2026-08-31 12:31:02,53.5252,8.1545,
2026-09-01T21:21:41+00:00,wilhelmshaven,2026-08-29,37W000000000111J,21X000000001403J,DE,Wilhelmshaven LNG Terminal 2 (FSRU Excelerate Excelsior),59.01,398.09,96.3,135.99,917.41,144.1,144.1,0.0,C,2026-08-31 12:20:08,53.5252,8.1545,
2026-09-01T21:21:41+00:00,wilhelmshaven,2026-08-28,37W000000000111J,21X000000001403J,DE,Wilhelmshaven LNG Terminal 2 (FSRU Excelerate Excelsior),12.26,79.68,94.7,135.99,883.82,144.1,144.1,0.0,C,2026-08-31 12:16:04,53.5252,8.1545,
2026-09-01T21:21:41+00:00,wilhelmshaven,2026-08-27,37W000000000111J,21X000000001403J,DE,Wilhelmshaven LNG Terminal 2 (FSRU Excelerate Excelsior),27.1,176.24,92.1,135.99,884.39,144.1,144.1,0.0,C,2026-08-28 09:40:46,53.5252,8.1545,
2026-09-01T21:21:41+00:00,wilhelmshaven,2026-08-26,37W000000000111J,21X000000001403J,DE,Wilhelmshaven LNG Terminal 2 (FSRU Excelerate Excelsior),41.33,268.75,96.5,135.99,884.28,144.1,144.1,0.0,C,2026-08-27 08:57:18,53.5252,8.1545,
2026-09-01T21:21:41+00:00,wilhelmshaven,2026-08-25,37W000000000111J,21X000000001403J,DE,Wilhelmshaven LNG Terminal 2 (FSRU Excelerate Excelsior),56.29,366.16,95.7,135.99,884.6,144.1,144.1,0.0,C,2026-08-26 10:02:53,53.5252,8.1545,
2026-09-01T21:21:41+00:00,wilhelmshaven,2026-08-24,37W000000000111J,21X000000001403J,DE,Wilhelmshaven LNG Terminal 2 (FSRU Excelerate Excelsior),71.07,464.7,94.9,135.99,889.19,144.1,144.1,0.0,C,2026-08-25 11:50:50,53.5252,8.1545,
2026-09-01T21:21:41+00:00,wilhelmshaven,2026-08-23,37W000000000111J,21X000000001403J,DE,Wilhelmshaven LNG Terminal 2 (FSRU Excelerate Excelsior),85.77,565.64,99.6,135.99,896.83,144.1,144.1,0.0,C,2026-08-24 10:38:28,53.5252,8.1545,
2026-09-01T21:21:41+00:00,wilhelmshaven,2026-08-22,37W000000000111J,21X000000001403J,DE,Wilhelmshaven LNG Terminal 2 (FSRU Excelerate Excelsior),101.12,664.05,99.8,135.99,893.04,144.1,144.1,0.0,C,2026-08-24 10:11:56,53.5252,8.1545,
2026-09-01T21:21:41+00:00,wilhelmshaven,2026-08-21,37W000000000111J,21X000000001403J,DE,Wilhelmshaven LNG Terminal 2 (FSRU Excelerate Excelsior),116.65,773.09,100.8,135.99,901.26,144.1,144.1,0.0,C,2026-08-24 09:47:41,53.5252,8.1545,
2026-09-01T21:21:41+00:00,wilhelmshaven,2026-08-20,37W000000000111J,21X000000001403J,DE,Wilhelmshaven LNG Terminal 2 (FSRU Excelerate Excelsior),96.72,628.22,98.8,135.99,883.29,144.1,144.1,0.0,C,2026-08-21 09:37:57,53.5252,8.1545,
2026-09-01T21:21:41+00:00,wilhelmshaven,2026-08-19,37W000000000111J,21X000000001403J,DE,Wilhelmshaven LNG Terminal 2 (FSRU Excelerate Excelsior),111.94,726.96,108.5,135.99,883.15,144.1,144.1,0.0,C,2026-08-20 09:07:40,53.5252,8.1545,
2026-09-01T21:21:41+00:00,wilhelmshaven,2026-08-18,37W000000000111J,21X000000001403J,DE,Wilhelmshaven LNG Terminal 2 (FSRU Excelerate Excelsior),128.95,837.22,108.2,135.99,882.93,144.1,144.1,0.0,C,2026-08-19 10:07:10,53.5252,8.1545,
2026-09-01T21:21:41+00:00,wilhelmshaven,2026-08-17,37W000000000111J,21X000000001403J,DE,Wilhelmshaven LNG Terminal 2 (FSRU Excelerate Excelsior),78.51,510.88,134.8,135.99,884.91,144.1,144.1,0.0,C,2026-08-18 09:46:44,53.5252,8.1545,
2026-09-01T21:21:41+00:00,wilhelmshaven,2026-08-16,37W000000000111J,21X000000001403J,DE,Wilhelmshaven LNG Terminal 2 (FSRU Excelerate Excelsior),27.88,185.45,108.1,135.99,904.57,144.1,144.1,0.0,C,2026-08-17 09:22:12,53.5252,8.1545,
2026-09-01T21:21:41+00:00,wilhelmshaven,2026-08-15,37W000000000111J,21X000000001403J,DE,Wilhelmshaven LNG Terminal 2 (FSRU Excelerate Excelsior),20.46,136.55,51.4,135.99,907.6,144.1,144.1,0.0,C,2026-08-17 09:15:42,53.5252,8.1545,
2026-09-01T21:21:41+00:00,wilhelmshaven,2026-08-14,37W000000000111J,21X000000001403J,DE,Wilhelmshaven LNG Terminal 2 (FSRU Excelerate Excelsior),28.42,189.93,51.5,135.99,908.82,144.1,144.1,0.0,C,2026-08-17 09:09:05,53.5252,8.1545,
2026-09-01T21:21:41+00:00,wilhelmshaven,2026-08-13,37W000000000111J,21X000000001403J,DE,Wilhelmshaven LNG Terminal 2 (FSRU Excelerate Excelsior),36.73,245.6,51.5,135.99,909.32,144.1,144.1,0.0,C,2026-08-14 10:15:21,53.5252,8.1545,
2026-09-01T21:21:41+00:00,wilhelmshaven,2026-08-12,37W000000000111J,21X000000001403J,DE,Wilhelmshaven LNG Terminal 2 (FSRU Excelerate Excelsior),44.55,297.46,72.4,135.99,908.0,144.1,144.1,0.0,C,2026-08-13 09:55:14,53.5252,8.1545,
2026-09-01T21:21:41+00:00,wilhelmshaven,2026-08-11,37W000000000111J,21X000000001403J,DE,Wilhelmshaven LNG Terminal 2 (FSRU Excelerate Excelsior),55.35,369.33,92.1,135.99,907.41,144.1,144.1,0.0,C,2026-08-12 11:31:32,53.5252,8.1545,
2026-09-01T21:21:41+00:00,wilhelmshaven,2026-08-10,37W000000000111J,21X000000001403J,DE,Wilhelmshaven LNG Terminal 2 (FSRU Excelerate Excelsior),69.45,463.52,92.1,135.99,907.62,144.1,144.1,0.0,C,2026-08-11 09:32:14,53.5252,8.1545,
2026-09-01T21:21:41+00:00,wilhelmshaven,2026-08-09,37W000000000111J,21X000000001403J,DE,Wilhelmshaven LNG Terminal 2 (FSRU Excelerate Excelsior),83.69,558.4,92.2,135.99,907.36,144.1,144.1,0.0,C,2026-08-10 10:33:09,53.5252,8.1545,
2026-09-01T21:21:41+00:00,wilhelmshaven,2026-08-08,37W000000000111J,21X000000001403J,DE,Wilhelmshaven LNG Terminal 2 (FSRU Excelerate Excelsior),97.78,652.32,92.1,135.99,907.23,144.1,144.1,0.0,C,2026-08-10 10:31:22,53.5252,8.1545,
2026-09-01T21:21:41+00:00,wilhelmshaven,2026-08-07,37W000000000111J,21X000000001403J,DE,Wilhelmshaven LNG Terminal 2 (FSRU Excelerate Excelsior),111.75,745.38,92.1,135.99,907.06,144.1,144.1,0.0,C,2026-08-10 10:28:16,53.5252,8.1545,
2026-09-01T21:21:41+00:00,wilhelmshaven,2026-08-06,37W000000000111J,21X000000001403J,DE,Wilhelmshaven LNG Terminal 2 (FSRU Excelerate Excelsior),125.81,838.59,92.1,135.99,906.45,144.1,144.1,0.0,C,2026-08-07 09:09:43,53.5252,8.1545,
2026-09-01T21:21:41+00:00,wilhelmshaven,2026-08-05,37W000000000111J,21X000000001403J,DE,Wilhelmshaven LNG Terminal 2 (FSRU Excelerate Excelsior),118.8,791.86,112.4,135.99,906.44,144.1,144.1,0.0,C,2026-08-06 09:11:03,53.5252,8.1545,
2026-09-01T21:21:41+00:00,wilhelmshaven,2026-08-04,37W000000000111J,21X000000001403J,DE,Wilhelmshaven LNG Terminal 2 (FSRU Excelerate Excelsior),76.46,510.54,108.6,135.99,908.03,144.1,144.1,0.0,C,2026-08-05 09:43:32,53.5252,8.1545,
2026-09-01T21:21:41+00:00,wilhelmshaven,2026-08-03,37W000000000111J,21X000000001403J,DE,Wilhelmshaven LNG Terminal 2 (FSRU Excelerate Excelsior),34.64,234.13,94.4,135.99,919.15,144.1,144.1,0.0,C,2026-08-04 08:37:31,53.5252,8.1545,
2026-09-01T21:21:41+00:00,wilhelmshaven,2026-08-02,37W000000000111J,21X000000001403J,DE,Wilhelmshaven LNG Terminal 2 (FSRU Excelerate Excelsior),32.55,221.89,91.9,135.99,927.03,144.1,144.1,0.0,C,2026-08-03 10:10:50,53.5252,8.1545,
2026-09-01T21:21:41+00:00,wilhelmshaven,2026-08-01,37W000000000111J,21X000000001403J,DE,Wilhelmshaven LNG Terminal 2 (FSRU Excelerate Excelsior),46.52,317.93,92.1,135.99,929.39,144.1,144.1,0.0,C,2026-08-03 10:07:57,53.5252,8.1545,
2026-09-01T21:21:41+00:00,wilhelmshaven,2026-07-31,37W000000000111J,21X000000001403J,DE,Wilhelmshaven LNG Terminal 2 (FSRU Excelerate Excelsior),60.12,410.98,92.1,135.99,929.63,144.1,144.1,0.0,C,2026-08-03 10:05:51,53.5252,8.1545,
2026-09-01T21:21:41+00:00,wilhelmshaven,2026-07-30,37W000000000111J,21X000000001403J,DE,Wilhelmshaven LNG Terminal 2 (FSRU Excelerate Excelsior),73.92,505.14,92.1,135.99,929.3,144.1,144.1,0.0,C,2026-07-31 08:08:13,53.5252,8.1545,
2026-09-01T21:21:41+00:00,wilhelmshaven,2026-07-29,37W000000000111J,21X000000001403J,DE,Wilhelmshaven LNG Terminal 2 (FSRU Excelerate Excelsior),87.77,599.92,96.3,135.99,929.51,144.1,144.1,0.0,C,2026-07-30 07:58:01,53.5252,8.1545,
2026-09-01T21:21:41+00:00,wilhelmshaven,2026-07-28,37W000000000111J,21X000000001403J,DE,Wilhelmshaven LNG Terminal 2 (FSRU Excelerate Excelsior),102.26,698.91,96.3,135.99,929.44,144.1,144.1,0.0,C,2026-07-29 10:18:07,53.5252,8.1545,
2026-09-01T21:21:41+00:00,wilhelmshaven,2026-07-27,37W000000000111J,21X000000001403J,DE,Wilhelmshaven LNG Terminal 2 (FSRU Excelerate Excelsior),116.62,797.14,96.4,135.99,929.54,144.1,144.1,0.0,C,2026-07-28 09:04:24,53.5252,8.1545,
2026-09-01T21:21:41+00:00,wilhelmshaven,2026-07-26,37W000000000111J,21X000000001403J,DE,Wilhelmshaven LNG Terminal 2 (FSRU Excelerate Excelsior),130.91,894.87,95.4,135.99,929.6,144.1,144.1,0.0,C,2026-07-27 08:44:25,53.5252,8.1545,
2026-09-01T21:21:41+00:00,wilhelmshaven,2026-07-25,37W000000000111J,21X000000001403J,DE,Wilhelmshaven LNG Terminal 2 (FSRU Excelerate Excelsior),106.52,728.01,95.8,135.99,929.42,144.1,144.1,0.0,C,2026-07-27 08:40:03,53.5252,8.1545,
2026-09-01T21:21:41+00:00,wilhelmshaven,2026-07-24,37W000000000111J,21X000000001403J,DE,Wilhelmshaven LNG Terminal 2 (FSRU Excelerate Excelsior),63.08,430.58,97.2,135.99,928.26,144.1,144.1,0.0,C,2026-07-27 08:36:19,53.5252,8.1545,
2026-09-01T21:21:41+00:00,wilhelmshaven,2026-07-23,37W000000000111J,21X000000001403J,DE,Wilhelmshaven LNG Terminal 2 (FSRU Excelerate Excelsior),20.65,134.79,96.7,135.99,887.66,144.1,144.1,0.0,C,2026-07-24 14:10:38,53.5252,8.1545,
2026-09-01T21:21:41+00:00,wilhelmshaven,2026-07-22,37W000000000111J,21X000000001403J,DE,Wilhelmshaven LNG Terminal 2 (FSRU Excelerate Excelsior),28.02,182.41,91.3,135.99,885.29,144.1,144.1,0.0,C,2026-07-23 09:21:12,53.5252,8.1545,
2026-09-01T21:21:41+00:00,wilhelmshaven,2026-07-21,37W000000000111J,21X000000001403J,DE,Wilhelmshaven LNG Terminal 2 (FSRU Excelerate Excelsior),42.22,275.41,0.0,135.99,887.09,144.1,144.1,0.0,C,2026-07-22 09:11:14,53.5252,8.1545,
2026-09-01T21:21:41+00:00,wilhelmshaven,2026-07-20,37W000000000111J,21X000000001403J,DE,Wilhelmshaven LNG Terminal 2 (FSRU Excelerate Excelsior),42.43,276.79,0.0,135.99,887.12,144.1,144.1,0.0,C,2026-07-21 08:14:02,53.5252,8.1545,
2026-09-01T21:21:41+00:00,wilhelmshaven,2026-07-19,37W000000000111J,21X000000001403J,DE,Wilhelmshaven LNG Terminal 2 (FSRU Excelerate Excelsior),42.62,278.04,0.0,135.99,887.16,144.1,144.1,0.0,C,2026-07-20 09:33:08,53.5252,8.1545,
2026-09-01T21:21:41+00:00,wilhelmshaven,2026-07-18,37W000000000111J,21X000000001403J,DE,Wilhelmshaven LNG Terminal 2 (FSRU Excelerate Excelsior),42.73,278.75,0.0,135.99,887.13,144.1,144.1,0.0,C,2026-07-20 09:30:42,53.5252,8.1545,
2026-09-01T21:21:41+00:00,brunsbuettel,2026-08-31,37W000000000107A,21X000000001403J,DE,Brunsbuettel LNG Terminal 1 (FSRU Hoegh Gannet),90.38,601.64,35.3,167.52,1115.14,128.1,128.1,0.0,C,2026-09-01 08:41:28,53.8873,9.172,
2026-09-01T21:21:41+00:00,brunsbuettel,2026-08-30,37W000000000107A,21X000000001403J,DE,Brunsbuettel LNG Terminal 1 (FSRU Hoegh Gannet),95.73,636.74,26.6,167.52,1114.25,128.1,128.1,0.0,C,2026-08-31 12:31:02,53.8873,9.172,
2026-09-01T21:21:41+00:00,brunsbuettel,2026-08-29,37W000000000107A,21X000000001403J,DE,Brunsbuettel LNG Terminal 1 (FSRU Hoegh Gannet),99.81,663.87,26.6,167.52,1114.23,128.1,128.1,0.0,C,2026-08-31 12:20:08,53.8873,9.172,
2026-09-01T21:21:41+00:00,brunsbuettel,2026-08-28,37W000000000107A,21X000000001403J,DE,Brunsbuettel LNG Terminal 1 (FSRU Hoegh Gannet),103.84,690.5,26.6,167.52,1113.95,128.1,128.1,0.0,C,2026-08-31 12:16:04,53.8873,9.172,
2026-09-01T21:21:41+00:00,brunsbuettel,2026-08-27,37W000000000107A,21X000000001403J,DE,Brunsbuettel LNG Terminal 1 (FSRU Hoegh Gannet),107.96,717.49,29.0,167.52,1113.32,128.1,128.1,0.0,C,2026-08-28 09:40:46,53.8873,9.172,
2026-09-01T21:21:41+00:00,brunsbuettel,2026-08-26,37W000000000107A,21X000000001403J,DE,Brunsbuettel LNG Terminal 1 (FSRU Hoegh Gannet),112.41,746.99,26.6,167.52,1113.21,128.1,128.1,0.0,C,2026-08-27 08:57:18,53.8873,9.172,
2026-09-01T21:21:41+00:00,brunsbuettel,2026-08-25,37W000000000107A,21X000000001403J,DE,Brunsbuettel LNG Terminal 1 (FSRU Hoegh Gannet),116.48,773.77,26.6,167.52,1112.83,128.1,128.1,0.0,C,2026-08-26 10:02:53,53.8873,9.172,
2026-09-01T21:21:41+00:00,brunsbuettel,2026-08-24,37W000000000107A,21X000000001403J,DE,Brunsbuettel LNG Terminal 1 (FSRU Hoegh Gannet),120.56,801.82,38.1,167.52,1114.14,128.1,128.1,0.0,C,2026-08-25 11:50:50,53.8873,9.172,
2026-09-01T21:21:41+00:00,brunsbuettel,2026-08-23,37W000000000107A,21X000000001403J,DE,Brunsbuettel LNG Terminal 1 (FSRU Hoegh Gannet),93.01,618.8,29.8,167.52,1114.52,128.1,128.1,0.0,C,2026-08-24 10:38:28,53.8873,9.172,
2026-09-01T21:21:41+00:00,brunsbuettel,2026-08-22,37W000000000107A,21X000000001403J,DE,Brunsbuettel LNG Terminal 1 (FSRU Hoegh Gannet),8.93,59.44,31.1,167.52,1115.05,128.1,128.1,0.0,C,2026-08-24 10:11:56,53.8873,9.172,
2026-09-01T21:21:41+00:00,brunsbuettel,2026-08-21,37W000000000107A,21X000000001403J,DE,Brunsbuettel LNG Terminal 1 (FSRU Hoegh Gannet),13.71,91.2,60.4,167.52,1114.36,128.1,128.1,0.0,C,2026-08-24 09:47:41,53.8873,9.172,
2026-09-01T21:21:41+00:00,brunsbuettel,2026-08-20,37W000000000107A,21X000000001403J,DE,Brunsbuettel LNG Terminal 1 (FSRU Hoegh Gannet),22.83,151.95,91.9,167.52,1114.97,128.1,128.1,0.0,C,2026-08-21 09:37:57,53.8873,9.172,
2026-09-01T21:21:41+00:00,brunsbuettel,2026-08-19,37W000000000107A,21X000000001403J,DE,Brunsbuettel LNG Terminal 1 (FSRU Hoegh Gannet),36.78,244.59,93.9,167.52,1114.02,128.1,128.1,0.0,C,2026-08-20 09:07:40,53.8873,9.172,
2026-09-01T21:21:41+00:00,brunsbuettel,2026-08-18,37W000000000107A,21X000000001403J,DE,Brunsbuettel LNG Terminal 1 (FSRU Hoegh Gannet),51.04,339.31,95.5,167.52,1113.66,128.1,128.1,0.0,C,2026-08-19 10:07:10,53.8873,9.172,
2026-09-01T21:21:41+00:00,brunsbuettel,2026-08-17,37W000000000107A,21X000000001403J,DE,Brunsbuettel LNG Terminal 1 (FSRU Hoegh Gannet),65.57,435.79,95.4,167.52,1113.37,128.1,128.1,0.0,C,2026-08-18 09:46:44,53.8873,9.172,
2026-09-01T21:21:41+00:00,brunsbuettel,2026-08-16,37W000000000107A,21X000000001403J,DE,Brunsbuettel LNG Terminal 1 (FSRU Hoegh Gannet),80.06,531.86,69.8,167.52,1112.88,128.1,128.1,0.0,C,2026-08-17 09:22:12,53.8873,9.172,
2026-09-01T21:21:41+00:00,brunsbuettel,2026-08-15,37W000000000107A,21X000000001403J,DE,Brunsbuettel LNG Terminal 1 (FSRU Hoegh Gannet),90.59,602.0,68.1,167.52,1113.22,128.1,128.1,0.0,C,2026-08-17 09:15:42,53.8873,9.172,
2026-09-01T21:21:41+00:00,brunsbuettel,2026-08-14,37W000000000107A,21X000000001403J,DE,Brunsbuettel LNG Terminal 1 (FSRU Hoegh Gannet),100.86,670.11,95.1,167.52,1113.0,128.1,128.1,0.0,C,2026-08-17 09:09:05,53.8873,9.172,
2026-09-01T21:21:41+00:00,brunsbuettel,2026-08-13,37W000000000107A,21X000000001403J,DE,Brunsbuettel LNG Terminal 1 (FSRU Hoegh Gannet),115.32,765.83,96.6,167.52,1112.49,128.1,128.1,0.0,C,2026-08-14 10:15:21,53.8873,9.172,
2026-09-01T21:21:41+00:00,brunsbuettel,2026-08-12,37W000000000107A,21X000000001403J,DE,Brunsbuettel LNG Terminal 1 (FSRU Hoegh Gannet),130.03,863.32,96.4,167.52,1112.23,128.1,128.1,0.0,C,2026-08-13 09:55:14,53.8873,9.172,
2026-09-01T21:21:41+00:00,brunsbuettel,2026-08-11,37W000000000107A,21X000000001403J,DE,Brunsbuettel LNG Terminal 1 (FSRU Hoegh Gannet),144.73,960.67,96.9,167.52,1111.94,128.1,128.1,0.0,C,2026-08-12 11:31:32,53.8873,9.172,
2026-09-01T21:21:41+00:00,brunsbuettel,2026-08-10,37W000000000107A,21X000000001403J,DE,Brunsbuettel LNG Terminal 1 (FSRU Hoegh Gannet),87.23,576.56,95.9,167.52,1107.25,128.1,128.1,0.0,C,2026-08-11 09:32:14,53.8873,9.172,
2026-09-01T21:21:41+00:00,brunsbuettel,2026-08-09,37W000000000107A,21X000000001403J,DE,Brunsbuettel LNG Terminal 1 (FSRU Hoegh Gannet),19.18,126.3,36.2,167.52,1103.12,128.1,128.1,0.0,C,2026-08-10 10:33:09,53.8873,9.172,
2026-09-01T21:21:41+00:00,brunsbuettel,2026-08-08,37W000000000107A,21X000000001403J,DE,Brunsbuettel LNG Terminal 1 (FSRU Hoegh Gannet),24.68,162.51,36.2,167.52,1103.07,128.1,128.1,0.0,C,2026-08-10 10:31:22,53.8873,9.172,
2026-09-01T21:21:41+00:00,brunsbuettel,2026-08-07,37W000000000107A,21X000000001403J,DE,Brunsbuettel LNG Terminal 1 (FSRU Hoegh Gannet),30.13,198.27,36.2,167.52,1102.36,128.1,128.1,0.0,C,2026-08-10 10:28:16,53.8873,9.172,
2026-09-01T21:21:41+00:00,brunsbuettel,2026-08-06,37W000000000107A,21X000000001403J,DE,Brunsbuettel LNG Terminal 1 (FSRU Hoegh Gannet),35.74,235.0,34.2,167.52,1101.49,128.1,128.1,0.0,C,2026-08-07 09:09:43,53.8873,9.172,
2026-09-01T21:21:41+00:00,brunsbuettel,2026-08-05,37W000000000107A,21X000000001403J,DE,Brunsbuettel LNG Terminal 1 (FSRU Hoegh Gannet),40.97,269.52,36.2,167.52,1102.03,128.1,128.1,0.0,C,2026-08-06 09:11:03,53.8873,9.172,
2026-09-01T21:21:41+00:00,brunsbuettel,2026-08-04,37W000000000107A,21X000000001403J,DE,Brunsbuettel LNG Terminal 1 (FSRU Hoegh Gannet),46.53,306.13,36.3,167.52,1102.15,128.1,128.1,0.0,C,2026-08-05 09:43:32,53.8873,9.172,
2026-09-01T21:21:41+00:00,brunsbuettel,2026-08-03,37W000000000107A,21X000000001403J,DE,Brunsbuettel LNG Terminal 1 (FSRU Hoegh Gannet),52.08,342.49,68.4,167.52,1101.65,128.1,128.1,0.0,C,2026-08-04 08:37:31,53.8873,9.172,
2026-09-01T21:21:41+00:00,brunsbuettel,2026-08-02,37W000000000107A,21X000000001403J,DE,Brunsbuettel LNG Terminal 1 (FSRU Hoegh Gannet),62.58,411.46,70.1,167.52,1101.43,128.1,128.1,0.0,C,2026-08-03 10:10:50,53.8873,9.172,
2026-09-01T21:21:41+00:00,brunsbuettel,2026-08-01,37W000000000107A,21X000000001403J,DE,Brunsbuettel LNG Terminal 1 (FSRU Hoegh Gannet),73.36,482.31,70.1,167.52,1101.37,128.1,128.1,0.0,C,2026-08-03 10:07:57,53.8873,9.172,
2026-09-01T21:21:41+00:00,brunsbuettel,2026-07-31,37W000000000107A,21X000000001403J,DE,Brunsbuettel LNG Terminal 1 (FSRU Hoegh Gannet),84.14,553.1,72.4,167.52,1101.2,128.1,128.1,0.0,C,2026-08-03 10:05:51,53.8873,9.172,
2026-09-01T21:21:41+00:00,brunsbuettel,2026-07-30,37W000000000107A,21X000000001403J,DE,Brunsbuettel LNG Terminal 1 (FSRU Hoegh Gannet),95.26,625.93,72.2,167.52,1100.73,128.1,128.1,0.0,C,2026-07-31 08:08:13,53.8873,9.172,
2026-09-01T21:21:41+00:00,brunsbuettel,2026-07-29,37W000000000107A,21X000000001403J,DE,Brunsbuettel LNG Terminal 1 (FSRU Hoegh Gannet),106.32,699.16,70.6,167.52,1101.61,128.1,128.1,0.0,C,2026-07-30 07:58:01,53.8873,9.172,
2026-09-01T21:21:41+00:00,brunsbuettel,2026-07-28,37W000000000107A,21X000000001403J,DE,Brunsbuettel LNG Terminal 1 (FSRU Hoegh Gannet),117.11,770.75,72.5,167.52,1102.52,128.1,128.1,0.0,C,2026-07-29 10:18:07,53.8873,9.172,
2026-09-01T21:21:41+00:00,brunsbuettel,2026-07-27,37W000000000107A,21X000000001403J,DE,Brunsbuettel LNG Terminal 1 (FSRU Hoegh Gannet),128.24,843.73,72.6,167.52,1102.17,128.1,128.1,0.0,C,2026-07-28 09:04:24,53.8873,9.172,
2026-09-01T21:21:41+00:00,brunsbuettel,2026-07-26,37W000000000107A,21X000000001403J,DE,Brunsbuettel LNG Terminal 1 (FSRU Hoegh Gannet),139.41,915.81,35.9,167.52,1100.47,128.1,128.1,0.0,C,2026-07-27 08:44:25,53.8873,9.172,
2026-09-01T21:21:41+00:00,brunsbuettel,2026-07-25,37W000000000107A,21X000000001403J,DE,Brunsbuettel LNG Terminal 1 (FSRU Hoegh Gannet),144.93,962.41,35.4,167.52,1112.42,128.1,128.1,0.0,C,2026-07-27 08:40:03,53.8873,9.172,
2026-09-01T21:21:41+00:00,brunsbuettel,2026-07-24,37W000000000107A,21X000000001403J,DE,Brunsbuettel LNG Terminal 1 (FSRU Hoegh Gannet),7.98,54.77,36.3,167.52,1149.76,128.1,128.1,0.0,C,2026-07-27 08:36:19,53.8873,9.172,
2026-09-01T21:21:41+00:00,brunsbuettel,2026-07-23,37W000000000107A,21X000000001403J,DE,Brunsbuettel LNG Terminal 1 (FSRU Hoegh Gannet),13.49,92.55,36.4,167.52,1149.29,128.1,128.1,0.0,C,2026-07-24 14:10:38,53.8873,9.172,
2026-09-01T21:21:41+00:00,brunsbuettel,2026-07-22,37W000000000107A,21X000000001403J,DE,Brunsbuettel LNG Terminal 1 (FSRU Hoegh Gannet),18.91,129.57,36.2,167.52,1147.84,128.1,128.1,0.0,C,2026-07-23 09:21:12,53.8873,9.172,
2026-09-01T21:21:41+00:00,brunsbuettel,2026-07-21,37W000000000107A,21X000000001403J,DE,Brunsbuettel LNG Terminal 1 (FSRU Hoegh Gannet),24.29,166.42,36.2,167.52,1147.74,128.1,128.1,0.0,C,2026-07-22 09:11:14,53.8873,9.172,
2026-09-01T21:21:41+00:00,brunsbuettel,2026-07-20,37W000000000107A,21X000000001403J,DE,Brunsbuettel LNG Terminal 1 (FSRU Hoegh Gannet),29.66,203.24,36.2,167.52,1147.9,128.1,128.1,0.0,C,2026-07-21 08:14:02,53.8873,9.172,
2026-09-01T21:21:41+00:00,brunsbuettel,2026-07-19,37W000000000107A,21X000000001403J,DE,Brunsbuettel LNG Terminal 1 (FSRU Hoegh Gannet),35.0,239.62,36.2,167.52,1146.89,128.1,128.1,0.0,C,2026-07-20 09:33:08,53.8873,9.172,
2026-09-01T21:21:41+00:00,brunsbuettel,2026-07-18,37W000000000107A,21X000000001403J,DE,Brunsbuettel LNG Terminal 1 (FSRU Hoegh Gannet),40.37,275.95,36.1,167.52,1145.09,128.1,128.1,0.0,C,2026-07-20 09:30:42,53.8873,9.172,
2026-09-01T21:21:41+00:00,stade,2026-08-31,37W000000000110L,21X000000001403J,DE,Stade LNG Terminal 1 (FSRU Energos Force),,,,,,,,,N,2026-09-01 22:01:51,53.6556,9.5199,
2026-09-01T21:21:41+00:00,stade,2026-08-30,37W000000000110L,21X000000001403J,DE,Stade LNG Terminal 1 (FSRU Energos Force),,,,,,,,,N,2026-09-01 22:01:51,53.6556,9.5199,
2026-09-01T21:21:41+00:00,stade,2026-08-29,37W000000000110L,21X000000001403J,DE,Stade LNG Terminal 1 (FSRU Energos Force),,,,,,,,,N,2026-09-01 22:01:51,53.6556,9.5199,
2026-09-01T21:21:41+00:00,stade,2026-08-28,37W000000000110L,21X000000001403J,DE,Stade LNG Terminal 1 (FSRU Energos Force),,,,,,,,,N,2026-09-01 22:01:51,53.6556,9.5199,
2026-09-01T21:21:41+00:00,stade,2026-08-27,37W000000000110L,21X000000001403J,DE,Stade LNG Terminal 1 (FSRU Energos Force),,,,,,,,,N,2026-09-01 22:01:51,53.6556,9.5199,
2026-09-01T21:21:41+00:00,stade,2026-08-26,37W000000000110L,21X000000001403J,DE,Stade LNG Terminal 1 (FSRU Energos Force),,,,,,,,,N,2026-09-01 22:01:51,53.6556,9.5199,
2026-09-01T21:21:41+00:00,stade,2026-08-25,37W000000000110L,21X000000001403J,DE,Stade LNG Terminal 1 (FSRU Energos Force),,,,,,,,,N,2026-09-01 22:01:51,53.6556,9.5199,
2026-09-01T21:21:41+00:00,stade,2026-08-24,37W000000000110L,21X000000001403J,DE,Stade LNG Terminal 1 (FSRU Energos Force),,,,,,,,,N,2026-09-01 22:01:51,53.6556,9.5199,
2026-09-01T21:21:41+00:00,stade,2026-08-23,37W000000000110L,21X000000001403J,DE,Stade LNG Terminal 1 (FSRU Energos Force),,,,,,,,,N,2026-09-01 22:01:51,53.6556,9.5199,
2026-09-01T21:21:41+00:00,stade,2026-08-22,37W000000000110L,21X000000001403J,DE,Stade LNG Terminal 1 (FSRU Energos Force),,,,,,,,,N,2026-09-01 22:01:51,53.6556,9.5199,
2026-09-01T21:21:41+00:00,stade,2026-08-21,37W000000000110L,21X000000001403J,DE,Stade LNG Terminal 1 (FSRU Energos Force),,,,,,,,,N,2026-09-01 22:01:51,53.6556,9.5199,
2026-09-01T21:21:41+00:00,stade,2026-08-20,37W000000000110L,21X000000001403J,DE,Stade LNG Terminal 1 (FSRU Energos Force),,,,,,,,,N,2026-09-01 22:01:51,53.6556,9.5199,
2026-09-01T21:21:41+00:00,stade,2026-08-19,37W000000000110L,21X000000001403J,DE,Stade LNG Terminal 1 (FSRU Energos Force),,,,,,,,,N,2026-09-01 22:01:51,53.6556,9.5199,
2026-09-01T21:21:41+00:00,stade,2026-08-18,37W000000000110L,21X000000001403J,DE,Stade LNG Terminal 1 (FSRU Energos Force),,,,,,,,,N,2026-09-01 22:01:51,53.6556,9.5199,
2026-09-01T21:21:41+00:00,stade,2026-08-17,37W000000000110L,21X000000001403J,DE,Stade LNG Terminal 1 (FSRU Energos Force),,,,,,,,,N,2026-09-01 22:01:51,53.6556,9.5199,
2026-09-01T21:21:41+00:00,stade,2026-08-16,37W000000000110L,21X000000001403J,DE,Stade LNG Terminal 1 (FSRU Energos Force),,,,,,,,,N,2026-09-01 22:01:51,53.6556,9.5199,
2026-09-01T21:21:41+00:00,stade,2026-08-15,37W000000000110L,21X000000001403J,DE,Stade LNG Terminal 1 (FSRU Energos Force),,,,,,,,,N,2026-09-01 22:01:51,53.6556,9.5199,
2026-09-01T21:21:41+00:00,stade,2026-08-14,37W000000000110L,21X000000001403J,DE,Stade LNG Terminal 1 (FSRU Energos Force),,,,,,,,,N,2026-09-01 22:01:51,53.6556,9.5199,
2026-09-01T21:21:41+00:00,stade,2026-08-13,37W000000000110L,21X000000001403J,DE,Stade LNG Terminal 1 (FSRU Energos Force),,,,,,,,,N,2026-09-01 22:01:51,53.6556,9.5199,
2026-09-01T21:21:41+00:00,stade,2026-08-12,37W000000000110L,21X000000001403J,DE,Stade LNG Terminal 1 (FSRU Energos Force),,,,,,,,,N,2026-09-01 22:01:51,53.6556,9.5199,
2026-09-01T21:21:41+00:00,stade,2026-08-11,37W000000000110L,21X000000001403J,DE,Stade LNG Terminal 1 (FSRU Energos Force),,,,,,,,,N,2026-09-01 22:01:51,53.6556,9.5199,
2026-09-01T21:21:41+00:00,stade,2026-08-10,37W000000000110L,21X000000001403J,DE,Stade LNG Terminal 1 (FSRU Energos Force),,,,,,,,,N,2026-09-01 22:01:51,53.6556,9.5199,
2026-09-01T21:21:41+00:00,stade,2026-08-09,37W000000000110L,21X000000001403J,DE,Stade LNG Terminal 1 (FSRU Energos Force),,,,,,,,,N,2026-09-01 22:01:51,53.6556,9.5199,
2026-09-01T21:21:41+00:00,stade,2026-08-08,37W000000000110L,21X000000001403J,DE,Stade LNG Terminal 1 (FSRU Energos Force),,,,,,,,,N,2026-09-01 22:01:51,53.6556,9.5199,
2026-09-01T21:21:41+00:00,stade,2026-08-07,37W000000000110L,21X000000001403J,DE,Stade LNG Terminal 1 (FSRU Energos Force),,,,,,,,,N,2026-09-01 22:01:51,53.6556,9.5199,
2026-09-01T21:21:41+00:00,stade,2026-08-06,37W000000000110L,21X000000001403J,DE,Stade LNG Terminal 1 (FSRU Energos Force),,,,,,,,,N,2026-09-01 22:01:51,53.6556,9.5199,
2026-09-01T21:21:41+00:00,stade,2026-08-05,37W000000000110L,21X000000001403J,DE,Stade LNG Terminal 1 (FSRU Energos Force),,,,,,,,,N,2026-09-01 22:01:51,53.6556,9.5199,
2026-09-01T21:21:41+00:00,stade,2026-08-04,37W000000000110L,21X000000001403J,DE,Stade LNG Terminal 1 (FSRU Energos Force),,,,,,,,,N,2026-09-01 22:01:51,53.6556,9.5199,
2026-09-01T21:21:41+00:00,stade,2026-08-03,37W000000000110L,21X000000001403J,DE,Stade LNG Terminal 1 (FSRU Energos Force),,,,,,,,,N,2026-09-01 22:01:51,53.6556,9.5199,
2026-09-01T21:21:41+00:00,stade,2026-08-02,37W000000000110L,21X000000001403J,DE,Stade LNG Terminal 1 (FSRU Energos Force),,,,,,,,,N,2026-09-01 22:01:51,53.6556,9.5199,
2026-09-01T21:21:41+00:00,stade,2026-08-01,37W000000000110L,21X000000001403J,DE,Stade LNG Terminal 1 (FSRU Energos Force),,,,,,,,,N,2026-09-01 22:01:51,53.6556,9.5199,
2026-09-01T21:21:41+00:00,stade,2026-07-31,37W000000000110L,21X000000001403J,DE,Stade LNG Terminal 1 (FSRU Energos Force),,,,,,,,,N,2026-09-01 22:01:51,53.6556,9.5199,
2026-09-01T21:21:41+00:00,stade,2026-07-30,37W000000000110L,21X000000001403J,DE,Stade LNG Terminal 1 (FSRU Energos Force),,,,,,,,,N,2026-09-01 22:01:51,53.6556,9.5199,
2026-09-01T21:21:41+00:00,stade,2026-07-29,37W000000000110L,21X000000001403J,DE,Stade LNG Terminal 1 (FSRU Energos Force),,,,,,,,,N,2026-09-01 22:01:51,53.6556,9.5199,
2026-09-01T21:21:41+00:00,stade,2026-07-28,37W000000000110L,21X000000001403J,DE,Stade LNG Terminal 1 (FSRU Energos Force),,,,,,,,,N,2026-09-01 22:01:51,53.6556,9.5199,
2026-09-01T21:21:41+00:00,stade,2026-07-27,37W000000000110L,21X000000001403J,DE,Stade LNG Terminal 1 (FSRU Energos Force),,,,,,,,,N,2026-09-01 22:01:51,53.6556,9.5199,
2026-09-01T21:21:41+00:00,stade,2026-07-26,37W000000000110L,21X000000001403J,DE,Stade LNG Terminal 1 (FSRU Energos Force),,,,,,,,,N,2026-09-01 22:01:51,53.6556,9.5199,
2026-09-01T21:21:41+00:00,stade,2026-07-25,37W000000000110L,21X000000001403J,DE,Stade LNG Terminal 1 (FSRU Energos Force),,,,,,,,,N,2026-09-01 22:01:51,53.6556,9.5199,
2026-09-01T21:21:41+00:00,stade,2026-07-24,37W000000000110L,21X000000001403J,DE,Stade LNG Terminal 1 (FSRU Energos Force),,,,,,,,,N,2026-09-01 22:01:51,53.6556,9.5199,
2026-09-01T21:21:41+00:00,stade,2026-07-23,37W000000000110L,21X000000001403J,DE,Stade LNG Terminal 1 (FSRU Energos Force),,,,,,,,,N,2026-09-01 22:01:51,53.6556,9.5199,
2026-09-01T21:21:41+00:00,stade,2026-07-22,37W000000000110L,21X000000001403J,DE,Stade LNG Terminal 1 (FSRU Energos Force),,,,,,,,,N,2026-09-01 22:01:51,53.6556,9.5199,
2026-09-01T21:21:41+00:00,stade,2026-07-21,37W000000000110L,21X000000001403J,DE,Stade LNG Terminal 1 (FSRU Energos Force),,,,,,,,,N,2026-09-01 22:01:51,53.6556,9.5199,
2026-09-01T21:21:41+00:00,stade,2026-07-20,37W000000000110L,21X000000001403J,DE,Stade LNG Terminal 1 (FSRU Energos Force),,,,,,,,,N,2026-09-01 22:01:51,53.6556,9.5199,
2026-09-01T21:21:41+00:00,stade,2026-07-19,37W000000000110L,21X000000001403J,DE,Stade LNG Terminal 1 (FSRU Energos Force),,,,,,,,,N,2026-09-01 22:01:51,53.6556,9.5199,
2026-09-01T21:21:41+00:00,stade,2026-07-18,37W000000000110L,21X000000001403J,DE,Stade LNG Terminal 1 (FSRU Energos Force),,,,,,,,,N,2026-09-01 22:01:51,53.6556,9.5199,
2026-09-01T21:21:41+00:00,mukran,2026-08-31,37W000000000114D,37X000000000265F,DE,Mukran LNG Terminal (FSRU Neptune / FSRU Energos Power),91.94,603.55,135.8,310.0,2035.03,411.7,153.2,258.5,E,2026-08-31 17:00:10,54.4802,13.5934,
2026-09-01T21:21:41+00:00,mukran,2026-08-30,37W000000000114D,37X000000000265F,DE,Mukran LNG Terminal (FSRU Neptune / FSRU Energos Power),91.94,603.55,135.8,310.0,2035.03,411.7,153.2,258.5,C,2026-08-31 17:00:10,54.4802,13.5934,
2026-09-01T21:21:41+00:00,mukran,2026-08-29,37W000000000114D,37X000000000265F,DE,Mukran LNG Terminal (FSRU Neptune / FSRU Energos Power),113.28,742.54,135.7,310.0,2032.02,411.7,153.2,258.5,C,2026-08-31 17:00:06,54.4802,13.5934,
2026-09-01T21:21:41+00:00,mukran,2026-08-28,37W000000000114D,37X000000000265F,DE,Mukran LNG Terminal (FSRU Neptune / FSRU Energos Power),134.7,881.63,148.2,310.0,2028.99,411.7,153.2,258.5,C,2026-08-31 17:00:08,54.4802,13.5934,
2026-09-01T21:21:41+00:00,mukran,2026-08-27,37W000000000114D,37X000000000265F,DE,Mukran LNG Terminal (FSRU Neptune / FSRU Energos Power),68.98,453.27,148.3,310.0,2037.02,411.7,153.2,258.5,C,2026-08-31 17:00:04,54.4802,13.5934,
2026-09-01T21:21:41+00:00,mukran,2026-08-26,37W000000000114D,37X000000000265F,DE,Mukran LNG Terminal (FSRU Neptune / FSRU Energos Power),12.41,88.51,118.2,310.0,2210.97,411.7,153.2,258.5,C,2026-09-01 08:00:09,54.4802,13.5934,
2026-09-01T21:21:41+00:00,mukran,2026-08-25,37W000000000114D,37X000000000265F,DE,Mukran LNG Terminal (FSRU Neptune / FSRU Energos Power),29.83,206.96,106.4,310.0,2150.77,411.7,153.2,258.5,C,2026-08-27 14:40:02,54.4802,13.5934,
2026-09-01T21:21:41+00:00,mukran,2026-08-24,37W000000000114D,37X000000000265F,DE,Mukran LNG Terminal (FSRU Neptune / FSRU Energos Power),45.8,315.32,45.4,310.0,2134.26,411.7,153.2,258.5,C,2026-08-25 16:10:03,54.4802,13.5934,
2026-09-01T21:21:41+00:00,mukran,2026-08-23,37W000000000114D,37X000000000265F,DE,Mukran LNG Terminal (FSRU Neptune / FSRU Energos Power),0.0,0.0,0.0,310.0,0.0,411.7,153.2,258.5,C,2026-08-24 07:20:08,54.4802,13.5934,
2026-09-01T21:21:41+00:00,mukran,2026-08-22,37W000000000114D,37X000000000265F,DE,Mukran LNG Terminal (FSRU Neptune / FSRU Energos Power),52.93,363.41,1.6,310.0,2128.42,411.7,153.2,258.5,C,2026-08-24 07:20:06,54.4802,13.5934,
2026-09-01T21:21:41+00:00,mukran,2026-08-21,37W000000000114D,37X000000000265F,DE,Mukran LNG Terminal (FSRU Neptune / FSRU Energos Power),53.17,365.22,1.6,310.0,2129.36,411.7,153.2,258.5,C,2026-08-24 07:20:09,54.4802,13.5934,
2026-09-01T21:21:41+00:00,mukran,2026-08-20,37W000000000114D,37X000000000265F,DE,Mukran LNG Terminal (FSRU Neptune / FSRU Energos Power),53.45,367.52,1.7,310.0,2131.55,411.7,153.2,258.5,C,2026-08-21 17:20:03,54.4802,13.5934,
2026-09-01T21:21:41+00:00,mukran,2026-08-19,37W000000000114D,37X000000000265F,DE,Mukran LNG Terminal (FSRU Neptune / FSRU Energos Power),53.8,369.48,1.8,310.0,2128.97,411.7,153.2,258.5,C,2026-08-20 08:30:03,54.4802,13.5934,
2026-09-01T21:21:41+00:00,mukran,2026-08-18,37W000000000114D,37X000000000265F,DE,Mukran LNG Terminal (FSRU Neptune / FSRU Energos Power),54.09,371.7,1.8,310.0,2130.28,411.7,153.2,258.5,C,2026-08-20 08:20:02,54.4802,13.5934,
2026-09-01T21:21:41+00:00,mukran,2026-08-17,37W000000000114D,37X000000000265F,DE,Mukran LNG Terminal (FSRU Neptune / FSRU Energos Power),54.41,373.86,1.8,310.0,2130.06,411.7,153.2,258.5,C,2026-08-18 08:20:09,54.4802,13.5934,
2026-09-01T21:21:41+00:00,mukran,2026-08-16,37W000000000114D,37X000000000265F,DE,Mukran LNG Terminal (FSRU Neptune / FSRU Energos Power),54.74,376.03,1.7,310.0,2129.51,411.7,153.2,258.5,C,2026-08-17 12:10:06,54.4802,13.5934,
2026-09-01T21:21:41+00:00,mukran,2026-08-15,37W000000000114D,37X000000000265F,DE,Mukran LNG Terminal (FSRU Neptune / FSRU Energos Power),55.07,378.16,1.7,310.0,2128.74,411.7,153.2,258.5,C,2026-08-17 12:10:04,54.4802,13.5934,
2026-09-01T21:21:41+00:00,mukran,2026-08-14,37W000000000114D,37X000000000265F,DE,Mukran LNG Terminal (FSRU Neptune / FSRU Energos Power),55.35,380.05,1.7,310.0,2128.55,411.7,153.2,258.5,C,2026-08-17 12:10:03,54.4802,13.5934,
2026-09-01T21:21:41+00:00,mukran,2026-08-13,37W000000000114D,37X000000000265F,DE,Mukran LNG Terminal (FSRU Neptune / FSRU Energos Power),55.66,382.11,1.7,310.0,2128.17,411.7,153.2,258.5,C,2026-08-14 14:00:03,54.4802,13.5934,
2026-09-01T21:21:41+00:00,mukran,2026-08-12,37W000000000114D,37X000000000265F,DE,Mukran LNG Terminal (FSRU Neptune / FSRU Energos Power),55.99,384.27,1.8,310.0,2127.59,411.7,153.2,258.5,C,2026-08-14 14:00:05,54.4802,13.5934,
2026-09-01T21:21:41+00:00,mukran,2026-08-11,37W000000000114D,37X000000000265F,DE,Mukran LNG Terminal (FSRU Neptune / FSRU Energos Power),56.32,386.42,1.8,310.0,2126.96,411.7,153.2,258.5,C,2026-08-12 14:30:02,54.4802,13.5934,
2026-09-01T21:21:41+00:00,mukran,2026-08-10,37W000000000114D,37X000000000265F,DE,Mukran LNG Terminal (FSRU Neptune / FSRU Energos Power),56.6,388.29,1.7,310.0,2126.68,411.7,153.2,258.5,C,2026-08-11 11:00:05,54.4802,13.5934,
2026-09-01T21:21:41+00:00,mukran,2026-08-09,37W000000000114D,37X000000000265F,DE,Mukran LNG Terminal (FSRU Neptune / FSRU Energos Power),56.91,390.34,1.7,310.0,2126.26,411.7,153.2,258.5,C,2026-08-10 08:30:03,54.4802,13.5934,
2026-09-01T21:21:41+00:00,mukran,2026-08-08,37W000000000114D,37X000000000265F,DE,Mukran LNG Terminal (FSRU Neptune / FSRU Energos Power),57.23,392.48,1.8,310.0,2125.96,411.7,153.2,258.5,C,2026-08-10 08:40:06,54.4802,13.5934,
2026-09-01T21:21:41+00:00,mukran,2026-08-07,37W000000000114D,37X000000000265F,DE,Mukran LNG Terminal (FSRU Neptune / FSRU Energos Power),57.58,394.8,1.8,310.0,2125.53,411.7,153.2,258.5,C,2026-08-10 08:30:04,54.4802,13.5934,
2026-09-01T21:21:41+00:00,mukran,2026-08-06,37W000000000114D,37X000000000265F,DE,Mukran LNG Terminal (FSRU Neptune / FSRU Energos Power),57.89,396.82,1.7,310.0,2124.96,411.7,153.2,258.5,C,2026-08-07 12:30:03,54.4802,13.5934,
2026-09-01T21:21:41+00:00,mukran,2026-08-05,37W000000000114D,37X000000000265F,DE,Mukran LNG Terminal (FSRU Neptune / FSRU Energos Power),58.19,398.9,1.7,310.0,2125.09,411.7,153.2,258.5,C,2026-08-06 07:20:06,54.4802,13.5934,
2026-09-01T21:21:41+00:00,mukran,2026-08-04,37W000000000114D,37X000000000265F,DE,Mukran LNG Terminal (FSRU Neptune / FSRU Energos Power),58.52,400.95,1.7,310.0,2123.97,411.7,153.2,258.5,C,2026-08-05 12:40:03,54.4802,13.5934,
2026-09-01T21:21:41+00:00,mukran,2026-08-03,37W000000000114D,37X000000000265F,DE,Mukran LNG Terminal (FSRU Neptune / FSRU Energos Power),58.81,402.96,1.7,310.0,2124.09,411.7,153.2,258.5,C,2026-08-04 13:40:03,54.4802,13.5934,
2026-09-01T21:21:41+00:00,mukran,2026-08-02,37W000000000114D,37X000000000265F,DE,Mukran LNG Terminal (FSRU Neptune / FSRU Energos Power),59.15,405.11,1.7,310.0,2123.15,411.7,153.2,258.5,C,2026-08-03 16:20:21,54.4802,13.5934,
2026-09-01T21:21:41+00:00,mukran,2026-08-01,37W000000000114D,37X000000000265F,DE,Mukran LNG Terminal (FSRU Neptune / FSRU Energos Power),59.46,407.14,1.7,310.0,2122.66,411.7,153.2,258.5,C,2026-08-03 16:20:04,54.4802,13.5934,
2026-09-01T21:21:41+00:00,mukran,2026-07-31,37W000000000114D,37X000000000265F,DE,Mukran LNG Terminal (FSRU Neptune / FSRU Energos Power),59.76,409.09,1.6,310.0,2122.12,411.7,153.2,258.5,C,2026-08-03 16:20:02,54.4802,13.5934,
2026-09-01T21:21:41+00:00,mukran,2026-07-30,37W000000000114D,37X000000000265F,DE,Mukran LNG Terminal (FSRU Neptune / FSRU Energos Power),60.05,411.12,1.6,310.0,2122.35,411.7,153.2,258.5,C,2026-07-31 10:50:18,54.4802,13.5934,
2026-09-01T21:21:41+00:00,mukran,2026-07-29,37W000000000114D,37X000000000265F,DE,Mukran LNG Terminal (FSRU Neptune / FSRU Energos Power),60.35,413.3,1.6,310.0,2123.0,411.7,153.2,258.5,C,2026-07-30 09:30:03,54.4802,13.5934,
2026-09-01T21:21:41+00:00,mukran,2026-07-28,37W000000000114D,37X000000000265F,DE,Mukran LNG Terminal (FSRU Neptune / FSRU Energos Power),60.64,415.3,1.7,310.0,2123.07,411.7,153.2,258.5,C,2026-07-29 08:20:06,54.4802,13.5934,
2026-09-01T21:21:41+00:00,mukran,2026-07-27,37W000000000114D,37X000000000265F,DE,Mukran LNG Terminal (FSRU Neptune / FSRU Energos Power),60.98,417.51,1.4,310.0,2122.47,411.7,153.2,258.5,C,2026-07-28 11:30:02,54.4802,13.5934,
2026-09-01T21:21:41+00:00,mukran,2026-07-26,37W000000000114D,37X000000000265F,DE,Mukran LNG Terminal (FSRU Neptune / FSRU Energos Power),61.29,419.19,1.6,310.0,2120.23,411.7,153.2,258.5,C,2026-07-27 10:00:04,54.4802,13.5934,
2026-09-01T21:21:41+00:00,mukran,2026-07-25,37W000000000114D,37X000000000265F,DE,Mukran LNG Terminal (FSRU Neptune / FSRU Energos Power),61.55,420.9,1.7,310.0,2119.89,411.7,153.2,258.5,C,2026-07-27 09:50:03,54.4802,13.5934,
2026-09-01T21:21:41+00:00,mukran,2026-07-24,37W000000000114D,37X000000000265F,DE,Mukran LNG Terminal (FSRU Neptune / FSRU Energos Power),61.82,422.95,1.7,310.0,2120.91,411.7,153.2,258.5,C,2026-07-27 10:00:03,54.4802,13.5934,
2026-09-01T21:21:41+00:00,mukran,2026-07-23,37W000000000114D,37X000000000265F,DE,Mukran LNG Terminal (FSRU Neptune / FSRU Energos Power),62.12,424.93,1.7,310.0,2120.55,411.7,153.2,258.5,C,2026-07-24 15:10:02,54.4802,13.5934,
2026-09-01T21:21:41+00:00,mukran,2026-07-22,37W000000000114D,37X000000000265F,DE,Mukran LNG Terminal (FSRU Neptune / FSRU Energos Power),62.45,426.97,1.7,310.0,2119.47,411.7,153.2,258.5,C,2026-07-23 10:30:03,54.4802,13.5934,
2026-09-01T21:21:41+00:00,mukran,2026-07-21,37W000000000114D,37X000000000265F,DE,Mukran LNG Terminal (FSRU Neptune / FSRU Energos Power),62.72,428.95,1.7,310.0,2120.13,411.7,153.2,258.5,C,2026-07-22 10:30:03,54.4802,13.5934,
2026-09-01T21:21:41+00:00,mukran,2026-07-20,37W000000000114D,37X000000000265F,DE,Mukran LNG Terminal (FSRU Neptune / FSRU Energos Power),63.04,431.11,1.7,310.0,2119.99,411.7,153.2,258.5,C,2026-07-23 11:40:03,54.4802,13.5934,
2026-09-01T21:21:41+00:00,mukran,2026-07-19,37W000000000114D,37X000000000265F,DE,Mukran LNG Terminal (FSRU Neptune / FSRU Energos Power),63.33,433.11,1.7,310.0,2120.07,411.7,153.2,258.5,C,2026-07-20 08:50:02,54.4802,13.5934,
2026-09-01T21:21:41+00:00,mukran,2026-07-18,37W000000000114D,37X000000000265F,DE,Mukran LNG Terminal (FSRU Neptune / FSRU Energos Power),63.64,435.1,1.6,310.0,2119.44,411.7,153.2,258.5,C,2026-07-20 08:40:06,54.4802,13.5934,
