snapshot_utc,terminal,metric,maturity,pub_id,gas_day,value,unit,quality,generated_at,detail,item_name
2026-09-04T00:07:09+00:00,grain,send_out,D+1,PUBOBJ605,2026-07-21,147456,kWh,L,2026-07-22T12:01:00,"Grain NTS1, physical","System Entry Energy, GrainNTS1, D+1"
2026-09-04T00:07:09+00:00,grain,send_out,D+1,PUBOBJ605,2026-07-22,147456,kWh,L,2026-07-23T14:01:00,"Grain NTS1, physical","System Entry Energy, GrainNTS1, D+1"
2026-09-04T00:07:09+00:00,grain,send_out,D+1,PUBOBJ605,2026-07-23,0,kWh,L,2026-07-24T12:01:00,"Grain NTS1, physical","System Entry Energy, GrainNTS1, D+1"
2026-09-04T00:07:09+00:00,grain,send_out,D+1,PUBOBJ605,2026-07-24,0,kWh,L,2026-07-25T12:01:01,"Grain NTS1, physical","System Entry Energy, GrainNTS1, D+1"
2026-09-04T00:07:09+00:00,grain,send_out,D+1,PUBOBJ605,2026-07-25,0,kWh,L,2026-07-26T12:01:00,"Grain NTS1, physical","System Entry Energy, GrainNTS1, D+1"
2026-09-04T00:07:09+00:00,grain,send_out,D+1,PUBOBJ605,2026-07-26,0,kWh,L,2026-07-27T12:01:01,"Grain NTS1, physical","System Entry Energy, GrainNTS1, D+1"
2026-09-04T00:07:09+00:00,grain,send_out,D+1,PUBOBJ605,2026-07-27,0,kWh,L,2026-07-28T12:01:00,"Grain NTS1, physical","System Entry Energy, GrainNTS1, D+1"
2026-09-04T00:07:09+00:00,grain,send_out,D+1,PUBOBJ605,2026-07-28,0,kWh,L,2026-07-29T12:01:00,"Grain NTS1, physical","System Entry Energy, GrainNTS1, D+1"
2026-09-04T00:07:09+00:00,grain,send_out,D+1,PUBOBJ605,2026-07-29,0,kWh,L,2026-07-30T12:01:00,"Grain NTS1, physical","System Entry Energy, GrainNTS1, D+1"
2026-09-04T00:07:09+00:00,grain,send_out,D+1,PUBOBJ605,2026-07-30,0,kWh,L,2026-07-31T12:08:11,"Grain NTS1, physical","System Entry Energy, GrainNTS1, D+1"
2026-09-04T00:07:09+00:00,grain,send_out,D+1,PUBOBJ605,2026-07-31,0,kWh,L,2026-08-01T12:01:01,"Grain NTS1, physical","System Entry Energy, GrainNTS1, D+1"
2026-09-04T00:07:09+00:00,grain,send_out,D+1,PUBOBJ605,2026-08-01,0,kWh,L,2026-08-02T12:01:01,"Grain NTS1, physical","System Entry Energy, GrainNTS1, D+1"
2026-09-04T00:07:09+00:00,grain,send_out,D+1,PUBOBJ605,2026-08-02,0,kWh,L,2026-08-03T12:01:01,"Grain NTS1, physical","System Entry Energy, GrainNTS1, D+1"
2026-09-04T00:07:09+00:00,grain,send_out,D+1,PUBOBJ605,2026-08-03,0,kWh,L,2026-08-04T12:01:01,"Grain NTS1, physical","System Entry Energy, GrainNTS1, D+1"
2026-09-04T00:07:09+00:00,grain,send_out,D+1,PUBOBJ605,2026-08-04,0,kWh,L,2026-08-05T12:01:01,"Grain NTS1, physical","System Entry Energy, GrainNTS1, D+1"
2026-09-04T00:07:09+00:00,grain,send_out,D+1,PUBOBJ605,2026-08-05,0,kWh,L,2026-08-06T12:01:01,"Grain NTS1, physical","System Entry Energy, GrainNTS1, D+1"
2026-09-04T00:07:09+00:00,grain,send_out,D+1,PUBOBJ605,2026-08-06,0,kWh,L,2026-08-07T12:20:01,"Grain NTS1, physical","System Entry Energy, GrainNTS1, D+1"
2026-09-04T00:07:09+00:00,grain,send_out,D+1,PUBOBJ605,2026-08-07,0,kWh,L,2026-08-08T12:01:00,"Grain NTS1, physical","System Entry Energy, GrainNTS1, D+1"
2026-09-04T00:07:09+00:00,grain,send_out,D+1,PUBOBJ605,2026-08-08,0,kWh,L,2026-08-09T12:01:01,"Grain NTS1, physical","System Entry Energy, GrainNTS1, D+1"
2026-09-04T00:07:09+00:00,grain,send_out,D+1,PUBOBJ605,2026-08-09,0,kWh,L,2026-08-10T12:01:00,"Grain NTS1, physical","System Entry Energy, GrainNTS1, D+1"
2026-09-04T00:07:09+00:00,grain,send_out,D+1,PUBOBJ605,2026-08-10,262144,kWh,L,2026-08-11T12:01:00,"Grain NTS1, physical","System Entry Energy, GrainNTS1, D+1"
2026-09-04T00:07:09+00:00,grain,send_out,D+1,PUBOBJ605,2026-08-11,0,kWh,L,2026-08-12T12:01:01,"Grain NTS1, physical","System Entry Energy, GrainNTS1, D+1"
2026-09-04T00:07:09+00:00,grain,send_out,D+1,PUBOBJ605,2026-08-12,655360,kWh,L,2026-08-13T12:01:01,"Grain NTS1, physical","System Entry Energy, GrainNTS1, D+1"
2026-09-04T00:07:09+00:00,grain,send_out,D+1,PUBOBJ605,2026-08-13,0,kWh,L,2026-08-14T12:01:01,"Grain NTS1, physical","System Entry Energy, GrainNTS1, D+1"
2026-09-04T00:07:09+00:00,grain,send_out,D+1,PUBOBJ605,2026-08-14,0,kWh,L,2026-08-15T12:01:01,"Grain NTS1, physical","System Entry Energy, GrainNTS1, D+1"
2026-09-04T00:07:09+00:00,grain,send_out,D+1,PUBOBJ605,2026-08-15,0,kWh,L,2026-08-16T12:01:00,"Grain NTS1, physical","System Entry Energy, GrainNTS1, D+1"
2026-09-04T00:07:09+00:00,grain,send_out,D+1,PUBOBJ605,2026-08-16,0,kWh,L,2026-08-17T12:01:01,"Grain NTS1, physical","System Entry Energy, GrainNTS1, D+1"
2026-09-04T00:07:09+00:00,grain,send_out,D+1,PUBOBJ605,2026-08-17,0,kWh,L,2026-08-18T12:01:00,"Grain NTS1, physical","System Entry Energy, GrainNTS1, D+1"
2026-09-04T00:07:09+00:00,grain,send_out,D+1,PUBOBJ605,2026-08-18,0,kWh,L,2026-08-19T12:01:00,"Grain NTS1, physical","System Entry Energy, GrainNTS1, D+1"
2026-09-04T00:07:09+00:00,grain,send_out,D+1,PUBOBJ605,2026-08-19,0,kWh,L,2026-08-20T12:01:01,"Grain NTS1, physical","System Entry Energy, GrainNTS1, D+1"
2026-09-04T00:07:09+00:00,grain,send_out,D+1,PUBOBJ605,2026-08-20,0,kWh,L,2026-08-21T12:01:00,"Grain NTS1, physical","System Entry Energy, GrainNTS1, D+1"
2026-09-04T00:07:09+00:00,grain,send_out,D+1,PUBOBJ605,2026-08-21,0,kWh,L,2026-08-22T12:01:01,"Grain NTS1, physical","System Entry Energy, GrainNTS1, D+1"
2026-09-04T00:07:09+00:00,grain,send_out,D+1,PUBOBJ605,2026-08-22,0,kWh,L,2026-08-23T12:01:00,"Grain NTS1, physical","System Entry Energy, GrainNTS1, D+1"
2026-09-04T00:07:09+00:00,grain,send_out,D+1,PUBOBJ605,2026-08-23,0,kWh,L,2026-08-24T12:01:00,"Grain NTS1, physical","System Entry Energy, GrainNTS1, D+1"
2026-09-04T00:07:09+00:00,grain,send_out,D+1,PUBOBJ605,2026-08-24,0,kWh,L,2026-08-25T12:01:01,"Grain NTS1, physical","System Entry Energy, GrainNTS1, D+1"
2026-09-04T00:07:09+00:00,grain,send_out,D+1,PUBOBJ605,2026-08-25,0,kWh,L,2026-08-26T12:01:01,"Grain NTS1, physical","System Entry Energy, GrainNTS1, D+1"
2026-09-04T00:07:09+00:00,grain,send_out,D+1,PUBOBJ605,2026-08-26,0,kWh,L,2026-08-27T12:01:00,"Grain NTS1, physical","System Entry Energy, GrainNTS1, D+1"
2026-09-04T00:07:09+00:00,grain,send_out,D+1,PUBOBJ605,2026-08-27,0,kWh,L,2026-08-28T12:01:00,"Grain NTS1, physical","System Entry Energy, GrainNTS1, D+1"
2026-09-04T00:07:09+00:00,grain,send_out,D+1,PUBOBJ605,2026-08-28,0,kWh,L,2026-08-29T12:01:00,"Grain NTS1, physical","System Entry Energy, GrainNTS1, D+1"
2026-09-04T00:07:09+00:00,grain,send_out,D+1,PUBOBJ605,2026-08-29,0,kWh,L,2026-08-30T12:01:01,"Grain NTS1, physical","System Entry Energy, GrainNTS1, D+1"
2026-09-04T00:07:09+00:00,grain,send_out,D+1,PUBOBJ605,2026-08-30,0,kWh,L,2026-08-31T12:01:01,"Grain NTS1, physical","System Entry Energy, GrainNTS1, D+1"
2026-09-04T00:07:09+00:00,grain,send_out,D+1,PUBOBJ605,2026-08-31,0,kWh,L,2026-09-01T12:01:01,"Grain NTS1, physical","System Entry Energy, GrainNTS1, D+1"
2026-09-04T00:07:09+00:00,grain,send_out,D+1,PUBOBJ605,2026-09-01,0,kWh,L,2026-09-02T12:01:00,"Grain NTS1, physical","System Entry Energy, GrainNTS1, D+1"
2026-09-04T00:07:09+00:00,grain,send_out,D+1,PUBOBJ605,2026-09-02,0,kWh,L,2026-09-03T12:01:00,"Grain NTS1, physical","System Entry Energy, GrainNTS1, D+1"
2026-09-04T00:07:09+00:00,grain,send_out,D+1,PUBOBJ606,2026-07-21,0,kWh,L,2026-07-22T12:01:00,"Grain NTS2, physical","System Entry Energy, GrainNTS2, D+1"
2026-09-04T00:07:09+00:00,grain,send_out,D+1,PUBOBJ606,2026-07-22,0,kWh,L,2026-07-23T12:01:00,"Grain NTS2, physical","System Entry Energy, GrainNTS2, D+1"
2026-09-04T00:07:09+00:00,grain,send_out,D+1,PUBOBJ606,2026-07-23,0,kWh,L,2026-07-24T12:01:00,"Grain NTS2, physical","System Entry Energy, GrainNTS2, D+1"
2026-09-04T00:07:09+00:00,grain,send_out,D+1,PUBOBJ606,2026-07-24,0,kWh,L,2026-07-25T12:01:01,"Grain NTS2, physical","System Entry Energy, GrainNTS2, D+1"
2026-09-04T00:07:09+00:00,grain,send_out,D+1,PUBOBJ606,2026-07-25,0,kWh,L,2026-07-26T12:01:00,"Grain NTS2, physical","System Entry Energy, GrainNTS2, D+1"
2026-09-04T00:07:09+00:00,grain,send_out,D+1,PUBOBJ606,2026-07-26,0,kWh,L,2026-07-27T12:01:01,"Grain NTS2, physical","System Entry Energy, GrainNTS2, D+1"
2026-09-04T00:07:09+00:00,grain,send_out,D+1,PUBOBJ606,2026-07-27,0,kWh,L,2026-07-28T12:01:00,"Grain NTS2, physical","System Entry Energy, GrainNTS2, D+1"
2026-09-04T00:07:09+00:00,grain,send_out,D+1,PUBOBJ606,2026-07-28,0,kWh,L,2026-07-29T12:01:00,"Grain NTS2, physical","System Entry Energy, GrainNTS2, D+1"
2026-09-04T00:07:09+00:00,grain,send_out,D+1,PUBOBJ606,2026-07-29,0,kWh,L,2026-07-30T12:01:00,"Grain NTS2, physical","System Entry Energy, GrainNTS2, D+1"
2026-09-04T00:07:09+00:00,grain,send_out,D+1,PUBOBJ606,2026-07-30,0,kWh,L,2026-07-31T12:08:11,"Grain NTS2, physical","System Entry Energy, GrainNTS2, D+1"
2026-09-04T00:07:09+00:00,grain,send_out,D+1,PUBOBJ606,2026-07-31,0,kWh,L,2026-08-01T12:01:01,"Grain NTS2, physical","System Entry Energy, GrainNTS2, D+1"
2026-09-04T00:07:09+00:00,grain,send_out,D+1,PUBOBJ606,2026-08-01,0,kWh,L,2026-08-02T12:01:01,"Grain NTS2, physical","System Entry Energy, GrainNTS2, D+1"
2026-09-04T00:07:09+00:00,grain,send_out,D+1,PUBOBJ606,2026-08-02,0,kWh,L,2026-08-03T12:01:01,"Grain NTS2, physical","System Entry Energy, GrainNTS2, D+1"
2026-09-04T00:07:09+00:00,grain,send_out,D+1,PUBOBJ606,2026-08-03,0,kWh,L,2026-08-04T12:01:01,"Grain NTS2, physical","System Entry Energy, GrainNTS2, D+1"
2026-09-04T00:07:09+00:00,grain,send_out,D+1,PUBOBJ606,2026-08-04,0,kWh,L,2026-08-05T12:01:01,"Grain NTS2, physical","System Entry Energy, GrainNTS2, D+1"
2026-09-04T00:07:09+00:00,grain,send_out,D+1,PUBOBJ606,2026-08-05,0,kWh,L,2026-08-06T12:01:01,"Grain NTS2, physical","System Entry Energy, GrainNTS2, D+1"
2026-09-04T00:07:09+00:00,grain,send_out,D+1,PUBOBJ606,2026-08-06,0,kWh,L,2026-08-07T12:20:01,"Grain NTS2, physical","System Entry Energy, GrainNTS2, D+1"
2026-09-04T00:07:09+00:00,grain,send_out,D+1,PUBOBJ606,2026-08-07,0,kWh,L,2026-08-08T12:01:00,"Grain NTS2, physical","System Entry Energy, GrainNTS2, D+1"
2026-09-04T00:07:09+00:00,grain,send_out,D+1,PUBOBJ606,2026-08-08,0,kWh,L,2026-08-09T12:01:01,"Grain NTS2, physical","System Entry Energy, GrainNTS2, D+1"
2026-09-04T00:07:09+00:00,grain,send_out,D+1,PUBOBJ606,2026-08-09,0,kWh,L,2026-08-10T12:01:00,"Grain NTS2, physical","System Entry Energy, GrainNTS2, D+1"
2026-09-04T00:07:09+00:00,grain,send_out,D+1,PUBOBJ606,2026-08-10,0,kWh,L,2026-08-11T12:01:00,"Grain NTS2, physical","System Entry Energy, GrainNTS2, D+1"
2026-09-04T00:07:09+00:00,grain,send_out,D+1,PUBOBJ606,2026-08-11,0,kWh,L,2026-08-12T12:01:01,"Grain NTS2, physical","System Entry Energy, GrainNTS2, D+1"
2026-09-04T00:07:09+00:00,grain,send_out,D+1,PUBOBJ606,2026-08-12,0,kWh,L,2026-08-13T12:01:01,"Grain NTS2, physical","System Entry Energy, GrainNTS2, D+1"
2026-09-04T00:07:09+00:00,grain,send_out,D+1,PUBOBJ606,2026-08-13,0,kWh,L,2026-08-14T12:01:01,"Grain NTS2, physical","System Entry Energy, GrainNTS2, D+1"
2026-09-04T00:07:09+00:00,grain,send_out,D+1,PUBOBJ606,2026-08-14,0,kWh,L,2026-08-15T12:01:01,"Grain NTS2, physical","System Entry Energy, GrainNTS2, D+1"
2026-09-04T00:07:09+00:00,grain,send_out,D+1,PUBOBJ606,2026-08-15,0,kWh,L,2026-08-16T12:01:00,"Grain NTS2, physical","System Entry Energy, GrainNTS2, D+1"
2026-09-04T00:07:09+00:00,grain,send_out,D+1,PUBOBJ606,2026-08-16,0,kWh,L,2026-08-17T12:01:01,"Grain NTS2, physical","System Entry Energy, GrainNTS2, D+1"
2026-09-04T00:07:09+00:00,grain,send_out,D+1,PUBOBJ606,2026-08-17,0,kWh,L,2026-08-18T12:01:00,"Grain NTS2, physical","System Entry Energy, GrainNTS2, D+1"
2026-09-04T00:07:09+00:00,grain,send_out,D+1,PUBOBJ606,2026-08-18,0,kWh,L,2026-08-19T12:01:00,"Grain NTS2, physical","System Entry Energy, GrainNTS2, D+1"
2026-09-04T00:07:09+00:00,grain,send_out,D+1,PUBOBJ606,2026-08-19,0,kWh,L,2026-08-20T12:01:01,"Grain NTS2, physical","System Entry Energy, GrainNTS2, D+1"
2026-09-04T00:07:09+00:00,grain,send_out,D+1,PUBOBJ606,2026-08-20,0,kWh,L,2026-08-21T12:01:00,"Grain NTS2, physical","System Entry Energy, GrainNTS2, D+1"
2026-09-04T00:07:09+00:00,grain,send_out,D+1,PUBOBJ606,2026-08-21,0,kWh,L,2026-08-22T12:01:01,"Grain NTS2, physical","System Entry Energy, GrainNTS2, D+1"
2026-09-04T00:07:09+00:00,grain,send_out,D+1,PUBOBJ606,2026-08-22,0,kWh,L,2026-08-23T12:01:00,"Grain NTS2, physical","System Entry Energy, GrainNTS2, D+1"
2026-09-04T00:07:09+00:00,grain,send_out,D+1,PUBOBJ606,2026-08-23,0,kWh,L,2026-08-24T12:01:00,"Grain NTS2, physical","System Entry Energy, GrainNTS2, D+1"
2026-09-04T00:07:09+00:00,grain,send_out,D+1,PUBOBJ606,2026-08-24,0,kWh,L,2026-08-25T12:01:01,"Grain NTS2, physical","System Entry Energy, GrainNTS2, D+1"
2026-09-04T00:07:09+00:00,grain,send_out,D+1,PUBOBJ606,2026-08-25,0,kWh,L,2026-08-26T12:01:01,"Grain NTS2, physical","System Entry Energy, GrainNTS2, D+1"
2026-09-04T00:07:09+00:00,grain,send_out,D+1,PUBOBJ606,2026-08-26,0,kWh,L,2026-08-27T12:01:00,"Grain NTS2, physical","System Entry Energy, GrainNTS2, D+1"
2026-09-04T00:07:09+00:00,grain,send_out,D+1,PUBOBJ606,2026-08-27,0,kWh,L,2026-08-28T12:01:00,"Grain NTS2, physical","System Entry Energy, GrainNTS2, D+1"
2026-09-04T00:07:09+00:00,grain,send_out,D+1,PUBOBJ606,2026-08-28,0,kWh,L,2026-08-29T12:01:00,"Grain NTS2, physical","System Entry Energy, GrainNTS2, D+1"
2026-09-04T00:07:09+00:00,grain,send_out,D+1,PUBOBJ606,2026-08-29,0,kWh,L,2026-08-30T12:01:01,"Grain NTS2, physical","System Entry Energy, GrainNTS2, D+1"
2026-09-04T00:07:09+00:00,grain,send_out,D+1,PUBOBJ606,2026-08-30,0,kWh,L,2026-08-31T12:01:01,"Grain NTS2, physical","System Entry Energy, GrainNTS2, D+1"
2026-09-04T00:07:09+00:00,grain,send_out,D+1,PUBOBJ606,2026-08-31,0,kWh,L,2026-09-01T12:01:01,"Grain NTS2, physical","System Entry Energy, GrainNTS2, D+1"
2026-09-04T00:07:09+00:00,grain,send_out,D+1,PUBOBJ606,2026-09-01,0,kWh,L,2026-09-02T12:01:00,"Grain NTS2, physical","System Entry Energy, GrainNTS2, D+1"
2026-09-04T00:07:09+00:00,grain,send_out,D+1,PUBOBJ606,2026-09-02,0,kWh,L,2026-09-03T12:01:00,"Grain NTS2, physical","System Entry Energy, GrainNTS2, D+1"
2026-09-04T00:07:09+00:00,grain,send_out,D+2,PUBOB370,2026-07-21,147456,kWh,,2026-08-18T10:00:00,"Grain NTS1, commercial","System Entry Energy, Grain NTS 1, D+2"
2026-09-04T00:07:09+00:00,grain,send_out,D+2,PUBOB370,2026-07-22,147456,kWh,,2026-08-18T10:00:00,"Grain NTS1, commercial","System Entry Energy, Grain NTS 1, D+2"
2026-09-04T00:07:09+00:00,grain,send_out,D+2,PUBOB370,2026-07-23,0,kWh,,2026-08-18T10:00:00,"Grain NTS1, commercial","System Entry Energy, Grain NTS 1, D+2"
2026-09-04T00:07:09+00:00,grain,send_out,D+2,PUBOB370,2026-07-24,0,kWh,,2026-08-18T10:00:00,"Grain NTS1, commercial","System Entry Energy, Grain NTS 1, D+2"
2026-09-04T00:07:09+00:00,grain,send_out,D+2,PUBOB370,2026-07-25,0,kWh,,2026-08-18T10:00:00,"Grain NTS1, commercial","System Entry Energy, Grain NTS 1, D+2"
2026-09-04T00:07:09+00:00,grain,send_out,D+2,PUBOB370,2026-07-26,0,kWh,,2026-08-18T10:00:00,"Grain NTS1, commercial","System Entry Energy, Grain NTS 1, D+2"
2026-09-04T00:07:09+00:00,grain,send_out,D+2,PUBOB370,2026-07-27,0,kWh,,2026-08-18T10:00:00,"Grain NTS1, commercial","System Entry Energy, Grain NTS 1, D+2"
2026-09-04T00:07:09+00:00,grain,send_out,D+2,PUBOB370,2026-07-28,0,kWh,,2026-08-18T10:00:00,"Grain NTS1, commercial","System Entry Energy, Grain NTS 1, D+2"
2026-09-04T00:07:09+00:00,grain,send_out,D+2,PUBOB370,2026-07-29,0,kWh,,2026-08-18T10:00:00,"Grain NTS1, commercial","System Entry Energy, Grain NTS 1, D+2"
2026-09-04T00:07:09+00:00,grain,send_out,D+2,PUBOB370,2026-07-30,0,kWh,,2026-08-18T10:00:00,"Grain NTS1, commercial","System Entry Energy, Grain NTS 1, D+2"
2026-09-04T00:07:09+00:00,grain,send_out,D+2,PUBOB370,2026-07-31,0,kWh,,2026-08-18T10:00:00,"Grain NTS1, commercial","System Entry Energy, Grain NTS 1, D+2"
2026-09-04T00:07:09+00:00,grain,send_out,D+2,PUBOB370,2026-08-01,0,kWh,,2026-08-03T10:00:00,"Grain NTS1, commercial","System Entry Energy, Grain NTS 1, D+2"
2026-09-04T00:07:09+00:00,grain,send_out,D+2,PUBOB370,2026-08-02,0,kWh,,2026-08-04T10:00:00,"Grain NTS1, commercial","System Entry Energy, Grain NTS 1, D+2"
2026-09-04T00:07:09+00:00,grain,send_out,D+2,PUBOB370,2026-08-03,0,kWh,,2026-08-05T10:00:00,"Grain NTS1, commercial","System Entry Energy, Grain NTS 1, D+2"
2026-09-04T00:07:09+00:00,grain,send_out,D+2,PUBOB370,2026-08-04,0,kWh,,2026-08-06T10:00:00,"Grain NTS1, commercial","System Entry Energy, Grain NTS 1, D+2"
2026-09-04T00:07:09+00:00,grain,send_out,D+2,PUBOB370,2026-08-05,0,kWh,,2026-08-07T10:00:00,"Grain NTS1, commercial","System Entry Energy, Grain NTS 1, D+2"
2026-09-04T00:07:09+00:00,grain,send_out,D+2,PUBOB370,2026-08-06,0,kWh,,2026-08-08T10:00:00,"Grain NTS1, commercial","System Entry Energy, Grain NTS 1, D+2"
2026-09-04T00:07:09+00:00,grain,send_out,D+2,PUBOB370,2026-08-07,0,kWh,,2026-08-09T10:00:00,"Grain NTS1, commercial","System Entry Energy, Grain NTS 1, D+2"
2026-09-04T00:07:09+00:00,grain,send_out,D+2,PUBOB370,2026-08-08,0,kWh,,2026-08-10T10:00:00,"Grain NTS1, commercial","System Entry Energy, Grain NTS 1, D+2"
2026-09-04T00:07:09+00:00,grain,send_out,D+2,PUBOB370,2026-08-09,0,kWh,,2026-08-11T10:00:00,"Grain NTS1, commercial","System Entry Energy, Grain NTS 1, D+2"
2026-09-04T00:07:09+00:00,grain,send_out,D+2,PUBOB370,2026-08-10,262144,kWh,,2026-08-12T10:00:00,"Grain NTS1, commercial","System Entry Energy, Grain NTS 1, D+2"
2026-09-04T00:07:09+00:00,grain,send_out,D+2,PUBOB370,2026-08-11,0,kWh,,2026-08-13T10:00:00,"Grain NTS1, commercial","System Entry Energy, Grain NTS 1, D+2"
2026-09-04T00:07:09+00:00,grain,send_out,D+2,PUBOB370,2026-08-12,655360,kWh,,2026-08-14T10:00:00,"Grain NTS1, commercial","System Entry Energy, Grain NTS 1, D+2"
2026-09-04T00:07:09+00:00,grain,send_out,D+2,PUBOB370,2026-08-13,0,kWh,,2026-08-15T10:00:00,"Grain NTS1, commercial","System Entry Energy, Grain NTS 1, D+2"
2026-09-04T00:07:09+00:00,grain,send_out,D+2,PUBOB370,2026-08-14,0,kWh,,2026-08-16T10:00:00,"Grain NTS1, commercial","System Entry Energy, Grain NTS 1, D+2"
2026-09-04T00:07:09+00:00,grain,send_out,D+2,PUBOB370,2026-08-15,0,kWh,,2026-08-17T10:00:00,"Grain NTS1, commercial","System Entry Energy, Grain NTS 1, D+2"
2026-09-04T00:07:09+00:00,grain,send_out,D+2,PUBOB370,2026-08-16,0,kWh,,2026-08-18T10:00:00,"Grain NTS1, commercial","System Entry Energy, Grain NTS 1, D+2"
2026-09-04T00:07:09+00:00,grain,send_out,D+2,PUBOB370,2026-08-17,0,kWh,,2026-08-19T10:00:00,"Grain NTS1, commercial","System Entry Energy, Grain NTS 1, D+2"
2026-09-04T00:07:09+00:00,grain,send_out,D+2,PUBOB370,2026-08-18,0,kWh,,2026-08-20T10:00:00,"Grain NTS1, commercial","System Entry Energy, Grain NTS 1, D+2"
2026-09-04T00:07:09+00:00,grain,send_out,D+2,PUBOB370,2026-08-19,0,kWh,,2026-08-21T10:00:00,"Grain NTS1, commercial","System Entry Energy, Grain NTS 1, D+2"
2026-09-04T00:07:09+00:00,grain,send_out,D+2,PUBOB370,2026-08-20,0,kWh,,2026-08-22T10:00:00,"Grain NTS1, commercial","System Entry Energy, Grain NTS 1, D+2"
2026-09-04T00:07:09+00:00,grain,send_out,D+2,PUBOB370,2026-08-21,0,kWh,,2026-08-23T10:00:00,"Grain NTS1, commercial","System Entry Energy, Grain NTS 1, D+2"
2026-09-04T00:07:09+00:00,grain,send_out,D+2,PUBOB370,2026-08-22,0,kWh,,2026-08-24T10:00:00,"Grain NTS1, commercial","System Entry Energy, Grain NTS 1, D+2"
2026-09-04T00:07:09+00:00,grain,send_out,D+2,PUBOB370,2026-08-23,0,kWh,,2026-08-25T10:00:00,"Grain NTS1, commercial","System Entry Energy, Grain NTS 1, D+2"
2026-09-04T00:07:09+00:00,grain,send_out,D+2,PUBOB370,2026-08-24,0,kWh,,2026-08-26T10:00:00,"Grain NTS1, commercial","System Entry Energy, Grain NTS 1, D+2"
2026-09-04T00:07:09+00:00,grain,send_out,D+2,PUBOB370,2026-08-25,0,kWh,,2026-08-27T10:00:00,"Grain NTS1, commercial","System Entry Energy, Grain NTS 1, D+2"
2026-09-04T00:07:09+00:00,grain,send_out,D+2,PUBOB370,2026-08-26,0,kWh,,2026-08-28T10:00:00,"Grain NTS1, commercial","System Entry Energy, Grain NTS 1, D+2"
2026-09-04T00:07:09+00:00,grain,send_out,D+2,PUBOB370,2026-08-27,0,kWh,,2026-08-29T10:00:00,"Grain NTS1, commercial","System Entry Energy, Grain NTS 1, D+2"
2026-09-04T00:07:09+00:00,grain,send_out,D+2,PUBOB370,2026-08-28,0,kWh,,2026-08-30T10:00:00,"Grain NTS1, commercial","System Entry Energy, Grain NTS 1, D+2"
2026-09-04T00:07:09+00:00,grain,send_out,D+2,PUBOB370,2026-08-29,0,kWh,,2026-08-31T10:00:00,"Grain NTS1, commercial","System Entry Energy, Grain NTS 1, D+2"
2026-09-04T00:07:09+00:00,grain,send_out,D+2,PUBOB370,2026-08-30,0,kWh,,2026-09-01T10:00:00,"Grain NTS1, commercial","System Entry Energy, Grain NTS 1, D+2"
2026-09-04T00:07:09+00:00,grain,send_out,D+2,PUBOB370,2026-08-31,0,kWh,,2026-09-02T10:00:00,"Grain NTS1, commercial","System Entry Energy, Grain NTS 1, D+2"
2026-09-04T00:07:09+00:00,grain,send_out,D+2,PUBOB370,2026-09-01,0,kWh,,2026-09-03T10:00:00,"Grain NTS1, commercial","System Entry Energy, Grain NTS 1, D+2"
2026-09-04T00:07:09+00:00,grain,send_out,D+2,PUBOB3474,2026-07-21,0,kWh,,2026-08-18T10:00:00,"Grain NTS2, commercial","System Entry Energy, Grain NTS 2, D+2"
2026-09-04T00:07:09+00:00,grain,send_out,D+2,PUBOB3474,2026-07-22,0,kWh,,2026-08-18T10:00:00,"Grain NTS2, commercial","System Entry Energy, Grain NTS 2, D+2"
2026-09-04T00:07:09+00:00,grain,send_out,D+2,PUBOB3474,2026-07-23,0,kWh,,2026-08-18T10:00:00,"Grain NTS2, commercial","System Entry Energy, Grain NTS 2, D+2"
2026-09-04T00:07:09+00:00,grain,send_out,D+2,PUBOB3474,2026-07-24,0,kWh,,2026-08-18T10:00:00,"Grain NTS2, commercial","System Entry Energy, Grain NTS 2, D+2"
2026-09-04T00:07:09+00:00,grain,send_out,D+2,PUBOB3474,2026-07-25,0,kWh,,2026-08-18T10:00:00,"Grain NTS2, commercial","System Entry Energy, Grain NTS 2, D+2"
2026-09-04T00:07:09+00:00,grain,send_out,D+2,PUBOB3474,2026-07-26,0,kWh,,2026-08-18T10:00:00,"Grain NTS2, commercial","System Entry Energy, Grain NTS 2, D+2"
2026-09-04T00:07:09+00:00,grain,send_out,D+2,PUBOB3474,2026-07-27,0,kWh,,2026-08-18T10:00:00,"Grain NTS2, commercial","System Entry Energy, Grain NTS 2, D+2"
2026-09-04T00:07:09+00:00,grain,send_out,D+2,PUBOB3474,2026-07-28,0,kWh,,2026-08-18T10:00:00,"Grain NTS2, commercial","System Entry Energy, Grain NTS 2, D+2"
2026-09-04T00:07:09+00:00,grain,send_out,D+2,PUBOB3474,2026-07-29,0,kWh,,2026-08-18T10:00:00,"Grain NTS2, commercial","System Entry Energy, Grain NTS 2, D+2"
2026-09-04T00:07:09+00:00,grain,send_out,D+2,PUBOB3474,2026-07-30,0,kWh,,2026-08-18T10:00:00,"Grain NTS2, commercial","System Entry Energy, Grain NTS 2, D+2"
2026-09-04T00:07:09+00:00,grain,send_out,D+2,PUBOB3474,2026-07-31,0,kWh,,2026-08-18T10:00:00,"Grain NTS2, commercial","System Entry Energy, Grain NTS 2, D+2"
2026-09-04T00:07:09+00:00,grain,send_out,D+2,PUBOB3474,2026-08-01,0,kWh,,2026-08-03T10:00:00,"Grain NTS2, commercial","System Entry Energy, Grain NTS 2, D+2"
2026-09-04T00:07:09+00:00,grain,send_out,D+2,PUBOB3474,2026-08-02,0,kWh,,2026-08-04T10:00:00,"Grain NTS2, commercial","System Entry Energy, Grain NTS 2, D+2"
2026-09-04T00:07:09+00:00,grain,send_out,D+2,PUBOB3474,2026-08-03,0,kWh,,2026-08-05T10:00:00,"Grain NTS2, commercial","System Entry Energy, Grain NTS 2, D+2"
2026-09-04T00:07:09+00:00,grain,send_out,D+2,PUBOB3474,2026-08-04,0,kWh,,2026-08-06T10:00:00,"Grain NTS2, commercial","System Entry Energy, Grain NTS 2, D+2"
2026-09-04T00:07:09+00:00,grain,send_out,D+2,PUBOB3474,2026-08-05,0,kWh,,2026-08-07T10:00:00,"Grain NTS2, commercial","System Entry Energy, Grain NTS 2, D+2"
2026-09-04T00:07:09+00:00,grain,send_out,D+2,PUBOB3474,2026-08-06,0,kWh,,2026-08-08T10:00:00,"Grain NTS2, commercial","System Entry Energy, Grain NTS 2, D+2"
2026-09-04T00:07:09+00:00,grain,send_out,D+2,PUBOB3474,2026-08-07,0,kWh,,2026-08-09T10:00:00,"Grain NTS2, commercial","System Entry Energy, Grain NTS 2, D+2"
2026-09-04T00:07:09+00:00,grain,send_out,D+2,PUBOB3474,2026-08-08,0,kWh,,2026-08-10T10:00:00,"Grain NTS2, commercial","System Entry Energy, Grain NTS 2, D+2"
2026-09-04T00:07:09+00:00,grain,send_out,D+2,PUBOB3474,2026-08-09,0,kWh,,2026-08-11T10:00:00,"Grain NTS2, commercial","System Entry Energy, Grain NTS 2, D+2"
2026-09-04T00:07:09+00:00,grain,send_out,D+2,PUBOB3474,2026-08-10,0,kWh,,2026-08-12T10:00:00,"Grain NTS2, commercial","System Entry Energy, Grain NTS 2, D+2"
2026-09-04T00:07:09+00:00,grain,send_out,D+2,PUBOB3474,2026-08-11,0,kWh,,2026-08-13T10:00:00,"Grain NTS2, commercial","System Entry Energy, Grain NTS 2, D+2"
2026-09-04T00:07:09+00:00,grain,send_out,D+2,PUBOB3474,2026-08-12,0,kWh,,2026-08-14T10:00:00,"Grain NTS2, commercial","System Entry Energy, Grain NTS 2, D+2"
2026-09-04T00:07:09+00:00,grain,send_out,D+2,PUBOB3474,2026-08-13,0,kWh,,2026-08-15T10:00:00,"Grain NTS2, commercial","System Entry Energy, Grain NTS 2, D+2"
2026-09-04T00:07:09+00:00,grain,send_out,D+2,PUBOB3474,2026-08-14,0,kWh,,2026-08-16T10:00:00,"Grain NTS2, commercial","System Entry Energy, Grain NTS 2, D+2"
2026-09-04T00:07:09+00:00,grain,send_out,D+2,PUBOB3474,2026-08-15,0,kWh,,2026-08-17T10:00:00,"Grain NTS2, commercial","System Entry Energy, Grain NTS 2, D+2"
2026-09-04T00:07:09+00:00,grain,send_out,D+2,PUBOB3474,2026-08-16,0,kWh,,2026-08-18T10:00:00,"Grain NTS2, commercial","System Entry Energy, Grain NTS 2, D+2"
2026-09-04T00:07:09+00:00,grain,send_out,D+2,PUBOB3474,2026-08-17,0,kWh,,2026-08-19T10:00:00,"Grain NTS2, commercial","System Entry Energy, Grain NTS 2, D+2"
2026-09-04T00:07:09+00:00,grain,send_out,D+2,PUBOB3474,2026-08-18,0,kWh,,2026-08-20T10:00:00,"Grain NTS2, commercial","System Entry Energy, Grain NTS 2, D+2"
2026-09-04T00:07:09+00:00,grain,send_out,D+2,PUBOB3474,2026-08-19,0,kWh,,2026-08-21T10:00:00,"Grain NTS2, commercial","System Entry Energy, Grain NTS 2, D+2"
2026-09-04T00:07:09+00:00,grain,send_out,D+2,PUBOB3474,2026-08-20,0,kWh,,2026-08-22T10:00:00,"Grain NTS2, commercial","System Entry Energy, Grain NTS 2, D+2"
2026-09-04T00:07:09+00:00,grain,send_out,D+2,PUBOB3474,2026-08-21,0,kWh,,2026-08-23T10:00:00,"Grain NTS2, commercial","System Entry Energy, Grain NTS 2, D+2"
2026-09-04T00:07:09+00:00,grain,send_out,D+2,PUBOB3474,2026-08-22,0,kWh,,2026-08-24T10:00:00,"Grain NTS2, commercial","System Entry Energy, Grain NTS 2, D+2"
2026-09-04T00:07:09+00:00,grain,send_out,D+2,PUBOB3474,2026-08-23,0,kWh,,2026-08-25T10:00:00,"Grain NTS2, commercial","System Entry Energy, Grain NTS 2, D+2"
2026-09-04T00:07:09+00:00,grain,send_out,D+2,PUBOB3474,2026-08-24,0,kWh,,2026-08-26T10:00:00,"Grain NTS2, commercial","System Entry Energy, Grain NTS 2, D+2"
2026-09-04T00:07:09+00:00,grain,send_out,D+2,PUBOB3474,2026-08-25,0,kWh,,2026-08-27T10:00:00,"Grain NTS2, commercial","System Entry Energy, Grain NTS 2, D+2"
2026-09-04T00:07:09+00:00,grain,send_out,D+2,PUBOB3474,2026-08-26,0,kWh,,2026-08-28T10:00:00,"Grain NTS2, commercial","System Entry Energy, Grain NTS 2, D+2"
2026-09-04T00:07:09+00:00,grain,send_out,D+2,PUBOB3474,2026-08-27,0,kWh,,2026-08-29T10:00:00,"Grain NTS2, commercial","System Entry Energy, Grain NTS 2, D+2"
2026-09-04T00:07:09+00:00,grain,send_out,D+2,PUBOB3474,2026-08-28,0,kWh,,2026-08-30T10:00:00,"Grain NTS2, commercial","System Entry Energy, Grain NTS 2, D+2"
2026-09-04T00:07:09+00:00,grain,send_out,D+2,PUBOB3474,2026-08-29,0,kWh,,2026-08-31T10:00:00,"Grain NTS2, commercial","System Entry Energy, Grain NTS 2, D+2"
2026-09-04T00:07:09+00:00,grain,send_out,D+2,PUBOB3474,2026-08-30,0,kWh,,2026-09-01T10:00:00,"Grain NTS2, commercial","System Entry Energy, Grain NTS 2, D+2"
2026-09-04T00:07:09+00:00,grain,send_out,D+2,PUBOB3474,2026-08-31,0,kWh,,2026-09-02T10:00:00,"Grain NTS2, commercial","System Entry Energy, Grain NTS 2, D+2"
2026-09-04T00:07:09+00:00,grain,send_out,D+2,PUBOB3474,2026-09-01,0,kWh,,2026-09-03T10:00:00,"Grain NTS2, commercial","System Entry Energy, Grain NTS 2, D+2"
2026-09-04T00:07:09+00:00,grain,send_out,M+15,PUBOB454,2026-07-21,147456,kWh,,2026-08-24T11:00:06,"Grain NTS1, commercial","System Entry Energy, Grain NTS 1, M+15"
2026-09-04T00:07:09+00:00,grain,send_out,M+15,PUBOB454,2026-07-22,147456,kWh,,2026-08-24T11:00:06,"Grain NTS1, commercial","System Entry Energy, Grain NTS 1, M+15"
2026-09-04T00:07:09+00:00,grain,send_out,M+15,PUBOB454,2026-07-23,0,kWh,,2026-08-24T11:00:06,"Grain NTS1, commercial","System Entry Energy, Grain NTS 1, M+15"
2026-09-04T00:07:09+00:00,grain,send_out,M+15,PUBOB454,2026-07-24,0,kWh,,2026-08-24T11:00:06,"Grain NTS1, commercial","System Entry Energy, Grain NTS 1, M+15"
2026-09-04T00:07:09+00:00,grain,send_out,M+15,PUBOB454,2026-07-25,0,kWh,,2026-08-24T11:00:06,"Grain NTS1, commercial","System Entry Energy, Grain NTS 1, M+15"
2026-09-04T00:07:09+00:00,grain,send_out,M+15,PUBOB454,2026-07-26,0,kWh,,2026-08-24T11:00:06,"Grain NTS1, commercial","System Entry Energy, Grain NTS 1, M+15"
2026-09-04T00:07:09+00:00,grain,send_out,M+15,PUBOB454,2026-07-27,0,kWh,,2026-08-24T11:00:06,"Grain NTS1, commercial","System Entry Energy, Grain NTS 1, M+15"
2026-09-04T00:07:09+00:00,grain,send_out,M+15,PUBOB454,2026-07-28,0,kWh,,2026-08-24T11:00:06,"Grain NTS1, commercial","System Entry Energy, Grain NTS 1, M+15"
2026-09-04T00:07:09+00:00,grain,send_out,M+15,PUBOB454,2026-07-29,0,kWh,,2026-08-24T11:00:06,"Grain NTS1, commercial","System Entry Energy, Grain NTS 1, M+15"
2026-09-04T00:07:09+00:00,grain,send_out,M+15,PUBOB454,2026-07-30,0,kWh,,2026-08-24T11:00:06,"Grain NTS1, commercial","System Entry Energy, Grain NTS 1, M+15"
2026-09-04T00:07:09+00:00,grain,send_out,M+15,PUBOB454,2026-07-31,0,kWh,,2026-08-24T11:00:06,"Grain NTS1, commercial","System Entry Energy, Grain NTS 1, M+15"
2026-09-04T00:07:09+00:00,grain,send_out,M+15,PUBOB3477,2026-07-21,0,kWh,,2026-08-24T11:00:06,"Grain NTS2, commercial","System Entry Energy, Grain NTS 2, M+15"
2026-09-04T00:07:09+00:00,grain,send_out,M+15,PUBOB3477,2026-07-22,0,kWh,,2026-08-24T11:00:06,"Grain NTS2, commercial","System Entry Energy, Grain NTS 2, M+15"
2026-09-04T00:07:09+00:00,grain,send_out,M+15,PUBOB3477,2026-07-23,0,kWh,,2026-08-24T11:00:06,"Grain NTS2, commercial","System Entry Energy, Grain NTS 2, M+15"
2026-09-04T00:07:09+00:00,grain,send_out,M+15,PUBOB3477,2026-07-24,0,kWh,,2026-08-24T11:00:06,"Grain NTS2, commercial","System Entry Energy, Grain NTS 2, M+15"
2026-09-04T00:07:09+00:00,grain,send_out,M+15,PUBOB3477,2026-07-25,0,kWh,,2026-08-24T11:00:06,"Grain NTS2, commercial","System Entry Energy, Grain NTS 2, M+15"
2026-09-04T00:07:09+00:00,grain,send_out,M+15,PUBOB3477,2026-07-26,0,kWh,,2026-08-24T11:00:06,"Grain NTS2, commercial","System Entry Energy, Grain NTS 2, M+15"
2026-09-04T00:07:09+00:00,grain,send_out,M+15,PUBOB3477,2026-07-27,0,kWh,,2026-08-24T11:00:06,"Grain NTS2, commercial","System Entry Energy, Grain NTS 2, M+15"
2026-09-04T00:07:09+00:00,grain,send_out,M+15,PUBOB3477,2026-07-28,0,kWh,,2026-08-24T11:00:06,"Grain NTS2, commercial","System Entry Energy, Grain NTS 2, M+15"
2026-09-04T00:07:09+00:00,grain,send_out,M+15,PUBOB3477,2026-07-29,0,kWh,,2026-08-24T11:00:06,"Grain NTS2, commercial","System Entry Energy, Grain NTS 2, M+15"
2026-09-04T00:07:09+00:00,grain,send_out,M+15,PUBOB3477,2026-07-30,0,kWh,,2026-08-24T11:00:06,"Grain NTS2, commercial","System Entry Energy, Grain NTS 2, M+15"
2026-09-04T00:07:09+00:00,grain,send_out,M+15,PUBOB3477,2026-07-31,0,kWh,,2026-08-24T11:00:06,"Grain NTS2, commercial","System Entry Energy, Grain NTS 2, M+15"
2026-09-04T00:07:09+00:00,south_hook,send_out,D+1,PUBOBJ607,2026-07-21,54408332,kWh,L,2026-07-22T12:01:00,physical,"System Entry Energy, SouthHook, D+1"
2026-09-04T00:07:09+00:00,south_hook,send_out,D+1,PUBOBJ607,2026-07-22,54411112,kWh,L,2026-07-23T12:01:00,physical,"System Entry Energy, SouthHook, D+1"
2026-09-04T00:07:09+00:00,south_hook,send_out,D+1,PUBOBJ607,2026-07-23,54005555,kWh,L,2026-07-24T12:01:00,physical,"System Entry Energy, SouthHook, D+1"
2026-09-04T00:07:09+00:00,south_hook,send_out,D+1,PUBOBJ607,2026-07-24,54013888,kWh,L,2026-07-25T12:01:01,physical,"System Entry Energy, SouthHook, D+1"
2026-09-04T00:07:09+00:00,south_hook,send_out,D+1,PUBOBJ607,2026-07-25,53994446,kWh,L,2026-07-26T12:01:00,physical,"System Entry Energy, SouthHook, D+1"
2026-09-04T00:07:09+00:00,south_hook,send_out,D+1,PUBOBJ607,2026-07-26,53999998,kWh,L,2026-07-27T12:01:01,physical,"System Entry Energy, SouthHook, D+1"
2026-09-04T00:07:09+00:00,south_hook,send_out,D+1,PUBOBJ607,2026-07-27,53988889,kWh,L,2026-07-28T12:01:00,physical,"System Entry Energy, SouthHook, D+1"
2026-09-04T00:07:09+00:00,south_hook,send_out,D+1,PUBOBJ607,2026-07-28,53994446,kWh,L,2026-07-29T12:01:00,physical,"System Entry Energy, SouthHook, D+1"
2026-09-04T00:07:09+00:00,south_hook,send_out,D+1,PUBOBJ607,2026-07-29,64005555,kWh,L,2026-07-30T12:01:00,physical,"System Entry Energy, SouthHook, D+1"
2026-09-04T00:07:09+00:00,south_hook,send_out,D+1,PUBOBJ607,2026-07-30,72008336,kWh,L,2026-07-31T12:08:11,physical,"System Entry Energy, SouthHook, D+1"
2026-09-04T00:07:09+00:00,south_hook,send_out,D+1,PUBOBJ607,2026-07-31,72272220,kWh,L,2026-08-01T12:01:01,physical,"System Entry Energy, SouthHook, D+1"
2026-09-04T00:07:09+00:00,south_hook,send_out,D+1,PUBOBJ607,2026-08-01,55361112,kWh,L,2026-08-02T12:01:01,physical,"System Entry Energy, SouthHook, D+1"
2026-09-04T00:07:09+00:00,south_hook,send_out,D+1,PUBOBJ607,2026-08-02,55352779,kWh,L,2026-08-03T12:01:01,physical,"System Entry Energy, SouthHook, D+1"
2026-09-04T00:07:09+00:00,south_hook,send_out,D+1,PUBOBJ607,2026-08-03,55463888,kWh,L,2026-08-04T12:01:01,physical,"System Entry Energy, SouthHook, D+1"
2026-09-04T00:07:09+00:00,south_hook,send_out,D+1,PUBOBJ607,2026-08-04,55472221,kWh,L,2026-08-05T12:01:01,physical,"System Entry Energy, SouthHook, D+1"
2026-09-04T00:07:09+00:00,south_hook,send_out,D+1,PUBOBJ607,2026-08-05,55466665,kWh,L,2026-08-06T12:01:01,physical,"System Entry Energy, SouthHook, D+1"
2026-09-04T00:07:09+00:00,south_hook,send_out,D+1,PUBOBJ607,2026-08-06,55486111,kWh,L,2026-08-07T12:20:01,physical,"System Entry Energy, SouthHook, D+1"
2026-09-04T00:07:09+00:00,south_hook,send_out,D+1,PUBOBJ607,2026-08-07,55466665,kWh,L,2026-08-08T12:01:00,physical,"System Entry Energy, SouthHook, D+1"
2026-09-04T00:07:09+00:00,south_hook,send_out,D+1,PUBOBJ607,2026-08-08,54105555,kWh,L,2026-08-09T12:01:01,physical,"System Entry Energy, SouthHook, D+1"
2026-09-04T00:07:09+00:00,south_hook,send_out,D+1,PUBOBJ607,2026-08-09,54099998,kWh,L,2026-08-10T12:01:00,physical,"System Entry Energy, SouthHook, D+1"
2026-09-04T00:07:09+00:00,south_hook,send_out,D+1,PUBOBJ607,2026-08-10,54097222,kWh,L,2026-08-11T12:01:00,physical,"System Entry Energy, SouthHook, D+1"
2026-09-04T00:07:09+00:00,south_hook,send_out,D+1,PUBOBJ607,2026-08-11,54102779,kWh,L,2026-08-12T12:01:01,physical,"System Entry Energy, SouthHook, D+1"
2026-09-04T00:07:09+00:00,south_hook,send_out,D+1,PUBOBJ607,2026-08-12,54097222,kWh,L,2026-08-13T12:01:01,physical,"System Entry Energy, SouthHook, D+1"
2026-09-04T00:07:09+00:00,south_hook,send_out,D+1,PUBOBJ607,2026-08-13,54099998,kWh,L,2026-08-14T12:01:01,physical,"System Entry Energy, SouthHook, D+1"
2026-09-04T00:07:09+00:00,south_hook,send_out,D+1,PUBOBJ607,2026-08-14,54099998,kWh,L,2026-08-15T12:01:01,physical,"System Entry Energy, SouthHook, D+1"
2026-09-04T00:07:09+00:00,south_hook,send_out,D+1,PUBOBJ607,2026-08-15,54094446,kWh,L,2026-08-16T12:01:00,physical,"System Entry Energy, SouthHook, D+1"
2026-09-04T00:07:09+00:00,south_hook,send_out,D+1,PUBOBJ607,2026-08-16,54105555,kWh,L,2026-08-17T12:01:01,physical,"System Entry Energy, SouthHook, D+1"
2026-09-04T00:07:09+00:00,south_hook,send_out,D+1,PUBOBJ607,2026-08-17,54091665,kWh,L,2026-08-18T12:01:00,physical,"System Entry Energy, SouthHook, D+1"
2026-09-04T00:07:09+00:00,south_hook,send_out,D+1,PUBOBJ607,2026-08-18,54094446,kWh,L,2026-08-19T12:01:00,physical,"System Entry Energy, SouthHook, D+1"
2026-09-04T00:07:09+00:00,south_hook,send_out,D+1,PUBOBJ607,2026-08-19,54088889,kWh,L,2026-08-20T12:01:01,physical,"System Entry Energy, SouthHook, D+1"
2026-09-04T00:07:09+00:00,south_hook,send_out,D+1,PUBOBJ607,2026-08-20,54116669,kWh,L,2026-08-21T12:01:00,physical,"System Entry Energy, SouthHook, D+1"
2026-09-04T00:07:09+00:00,south_hook,send_out,D+1,PUBOBJ607,2026-08-21,54094446,kWh,L,2026-08-22T12:01:01,physical,"System Entry Energy, SouthHook, D+1"
2026-09-04T00:07:09+00:00,south_hook,send_out,D+1,PUBOBJ607,2026-08-22,54074999,kWh,L,2026-08-23T12:01:00,physical,"System Entry Energy, SouthHook, D+1"
2026-09-04T00:07:09+00:00,south_hook,send_out,D+1,PUBOBJ607,2026-08-23,54099998,kWh,L,2026-08-24T12:01:00,physical,"System Entry Energy, SouthHook, D+1"
2026-09-04T00:07:09+00:00,south_hook,send_out,D+1,PUBOBJ607,2026-08-24,54091665,kWh,L,2026-08-25T12:01:01,physical,"System Entry Energy, SouthHook, D+1"
2026-09-04T00:07:09+00:00,south_hook,send_out,D+1,PUBOBJ607,2026-08-25,57624999,kWh,L,2026-08-26T12:01:01,physical,"System Entry Energy, SouthHook, D+1"
2026-09-04T00:07:09+00:00,south_hook,send_out,D+1,PUBOBJ607,2026-08-26,76288893,kWh,L,2026-08-27T12:01:00,physical,"System Entry Energy, SouthHook, D+1"
2026-09-04T00:07:09+00:00,south_hook,send_out,D+1,PUBOBJ607,2026-08-27,71983337,kWh,L,2026-08-28T12:01:00,physical,"System Entry Energy, SouthHook, D+1"
2026-09-04T00:07:09+00:00,south_hook,send_out,D+1,PUBOBJ607,2026-08-28,71997223,kWh,L,2026-08-29T12:01:00,physical,"System Entry Energy, SouthHook, D+1"
2026-09-04T00:07:09+00:00,south_hook,send_out,D+1,PUBOBJ607,2026-08-29,54069443,kWh,L,2026-08-30T12:01:01,physical,"System Entry Energy, SouthHook, D+1"
2026-09-04T00:07:09+00:00,south_hook,send_out,D+1,PUBOBJ607,2026-08-30,54094446,kWh,L,2026-08-31T12:01:01,physical,"System Entry Energy, SouthHook, D+1"
2026-09-04T00:07:09+00:00,south_hook,send_out,D+1,PUBOBJ607,2026-08-31,56038890,kWh,L,2026-09-01T12:01:01,physical,"System Entry Energy, SouthHook, D+1"
2026-09-04T00:07:09+00:00,south_hook,send_out,D+1,PUBOBJ607,2026-09-01,54313889,kWh,L,2026-09-02T12:01:00,physical,"System Entry Energy, SouthHook, D+1"
2026-09-04T00:07:09+00:00,south_hook,send_out,D+1,PUBOBJ607,2026-09-02,54308332,kWh,L,2026-09-03T12:01:00,physical,"System Entry Energy, SouthHook, D+1"
2026-09-04T00:07:09+00:00,south_hook,send_out,D+2,PUBOB3481,2026-07-21,54408332,kWh,,2026-08-18T10:00:00,commercial,"System Entry Energy, South Hook, D+2"
2026-09-04T00:07:09+00:00,south_hook,send_out,D+2,PUBOB3481,2026-07-22,54411112,kWh,,2026-08-18T10:00:00,commercial,"System Entry Energy, South Hook, D+2"
2026-09-04T00:07:09+00:00,south_hook,send_out,D+2,PUBOB3481,2026-07-23,54005555,kWh,,2026-08-18T10:00:00,commercial,"System Entry Energy, South Hook, D+2"
2026-09-04T00:07:09+00:00,south_hook,send_out,D+2,PUBOB3481,2026-07-24,54013888,kWh,,2026-08-18T10:00:00,commercial,"System Entry Energy, South Hook, D+2"
2026-09-04T00:07:09+00:00,south_hook,send_out,D+2,PUBOB3481,2026-07-25,53994446,kWh,,2026-08-18T10:00:00,commercial,"System Entry Energy, South Hook, D+2"
2026-09-04T00:07:09+00:00,south_hook,send_out,D+2,PUBOB3481,2026-07-26,53999998,kWh,,2026-08-18T10:00:00,commercial,"System Entry Energy, South Hook, D+2"
2026-09-04T00:07:09+00:00,south_hook,send_out,D+2,PUBOB3481,2026-07-27,53988889,kWh,,2026-08-18T10:00:00,commercial,"System Entry Energy, South Hook, D+2"
2026-09-04T00:07:09+00:00,south_hook,send_out,D+2,PUBOB3481,2026-07-28,53994446,kWh,,2026-08-18T10:00:00,commercial,"System Entry Energy, South Hook, D+2"
2026-09-04T00:07:09+00:00,south_hook,send_out,D+2,PUBOB3481,2026-07-29,64005555,kWh,,2026-08-18T10:00:00,commercial,"System Entry Energy, South Hook, D+2"
2026-09-04T00:07:09+00:00,south_hook,send_out,D+2,PUBOB3481,2026-07-30,72008336,kWh,,2026-08-18T10:00:00,commercial,"System Entry Energy, South Hook, D+2"
2026-09-04T00:07:09+00:00,south_hook,send_out,D+2,PUBOB3481,2026-07-31,72272220,kWh,,2026-08-18T10:00:00,commercial,"System Entry Energy, South Hook, D+2"
2026-09-04T00:07:09+00:00,south_hook,send_out,D+2,PUBOB3481,2026-08-01,55361112,kWh,,2026-08-03T10:00:00,commercial,"System Entry Energy, South Hook, D+2"
2026-09-04T00:07:09+00:00,south_hook,send_out,D+2,PUBOB3481,2026-08-02,55352779,kWh,,2026-08-04T10:00:00,commercial,"System Entry Energy, South Hook, D+2"
2026-09-04T00:07:09+00:00,south_hook,send_out,D+2,PUBOB3481,2026-08-03,55463888,kWh,,2026-08-05T10:00:00,commercial,"System Entry Energy, South Hook, D+2"
2026-09-04T00:07:09+00:00,south_hook,send_out,D+2,PUBOB3481,2026-08-04,55472221,kWh,,2026-08-06T10:00:00,commercial,"System Entry Energy, South Hook, D+2"
2026-09-04T00:07:09+00:00,south_hook,send_out,D+2,PUBOB3481,2026-08-05,55466665,kWh,,2026-08-07T10:00:00,commercial,"System Entry Energy, South Hook, D+2"
2026-09-04T00:07:09+00:00,south_hook,send_out,D+2,PUBOB3481,2026-08-06,55486111,kWh,,2026-08-08T10:00:00,commercial,"System Entry Energy, South Hook, D+2"
2026-09-04T00:07:09+00:00,south_hook,send_out,D+2,PUBOB3481,2026-08-07,55466665,kWh,,2026-08-09T10:00:00,commercial,"System Entry Energy, South Hook, D+2"
2026-09-04T00:07:09+00:00,south_hook,send_out,D+2,PUBOB3481,2026-08-08,54105555,kWh,,2026-08-10T10:00:00,commercial,"System Entry Energy, South Hook, D+2"
2026-09-04T00:07:09+00:00,south_hook,send_out,D+2,PUBOB3481,2026-08-09,54099998,kWh,,2026-08-11T10:00:00,commercial,"System Entry Energy, South Hook, D+2"
2026-09-04T00:07:09+00:00,south_hook,send_out,D+2,PUBOB3481,2026-08-10,54097222,kWh,,2026-08-12T10:00:00,commercial,"System Entry Energy, South Hook, D+2"
2026-09-04T00:07:09+00:00,south_hook,send_out,D+2,PUBOB3481,2026-08-11,54102779,kWh,,2026-08-13T10:00:00,commercial,"System Entry Energy, South Hook, D+2"
2026-09-04T00:07:09+00:00,south_hook,send_out,D+2,PUBOB3481,2026-08-12,54097222,kWh,,2026-08-14T10:00:00,commercial,"System Entry Energy, South Hook, D+2"
2026-09-04T00:07:09+00:00,south_hook,send_out,D+2,PUBOB3481,2026-08-13,54099998,kWh,,2026-08-15T10:00:00,commercial,"System Entry Energy, South Hook, D+2"
2026-09-04T00:07:09+00:00,south_hook,send_out,D+2,PUBOB3481,2026-08-14,54099998,kWh,,2026-08-16T10:00:00,commercial,"System Entry Energy, South Hook, D+2"
2026-09-04T00:07:09+00:00,south_hook,send_out,D+2,PUBOB3481,2026-08-15,54094446,kWh,,2026-08-17T10:00:00,commercial,"System Entry Energy, South Hook, D+2"
2026-09-04T00:07:09+00:00,south_hook,send_out,D+2,PUBOB3481,2026-08-16,54105555,kWh,,2026-08-18T10:00:00,commercial,"System Entry Energy, South Hook, D+2"
2026-09-04T00:07:09+00:00,south_hook,send_out,D+2,PUBOB3481,2026-08-17,54091665,kWh,,2026-08-19T10:00:00,commercial,"System Entry Energy, South Hook, D+2"
2026-09-04T00:07:09+00:00,south_hook,send_out,D+2,PUBOB3481,2026-08-18,54094446,kWh,,2026-08-20T10:00:00,commercial,"System Entry Energy, South Hook, D+2"
2026-09-04T00:07:09+00:00,south_hook,send_out,D+2,PUBOB3481,2026-08-19,54088889,kWh,,2026-08-21T10:00:00,commercial,"System Entry Energy, South Hook, D+2"
2026-09-04T00:07:09+00:00,south_hook,send_out,D+2,PUBOB3481,2026-08-20,54116669,kWh,,2026-08-22T10:00:00,commercial,"System Entry Energy, South Hook, D+2"
2026-09-04T00:07:09+00:00,south_hook,send_out,D+2,PUBOB3481,2026-08-21,54094446,kWh,,2026-08-23T10:00:00,commercial,"System Entry Energy, South Hook, D+2"
2026-09-04T00:07:09+00:00,south_hook,send_out,D+2,PUBOB3481,2026-08-22,54074999,kWh,,2026-08-24T10:00:00,commercial,"System Entry Energy, South Hook, D+2"
2026-09-04T00:07:09+00:00,south_hook,send_out,D+2,PUBOB3481,2026-08-23,54099998,kWh,,2026-08-25T10:00:00,commercial,"System Entry Energy, South Hook, D+2"
2026-09-04T00:07:09+00:00,south_hook,send_out,D+2,PUBOB3481,2026-08-24,54091665,kWh,,2026-08-26T10:00:00,commercial,"System Entry Energy, South Hook, D+2"
2026-09-04T00:07:09+00:00,south_hook,send_out,D+2,PUBOB3481,2026-08-25,57624999,kWh,,2026-08-27T10:00:00,commercial,"System Entry Energy, South Hook, D+2"
2026-09-04T00:07:09+00:00,south_hook,send_out,D+2,PUBOB3481,2026-08-26,76288893,kWh,,2026-08-28T10:00:00,commercial,"System Entry Energy, South Hook, D+2"
2026-09-04T00:07:09+00:00,south_hook,send_out,D+2,PUBOB3481,2026-08-27,71983337,kWh,,2026-08-29T10:00:00,commercial,"System Entry Energy, South Hook, D+2"
2026-09-04T00:07:09+00:00,south_hook,send_out,D+2,PUBOB3481,2026-08-28,71997223,kWh,,2026-08-30T10:00:00,commercial,"System Entry Energy, South Hook, D+2"
2026-09-04T00:07:09+00:00,south_hook,send_out,D+2,PUBOB3481,2026-08-29,54069443,kWh,,2026-08-31T10:00:00,commercial,"System Entry Energy, South Hook, D+2"
2026-09-04T00:07:09+00:00,south_hook,send_out,D+2,PUBOB3481,2026-08-30,54094446,kWh,,2026-09-01T10:00:00,commercial,"System Entry Energy, South Hook, D+2"
2026-09-04T00:07:09+00:00,south_hook,send_out,D+2,PUBOB3481,2026-08-31,56038890,kWh,,2026-09-02T10:00:00,commercial,"System Entry Energy, South Hook, D+2"
2026-09-04T00:07:09+00:00,south_hook,send_out,D+2,PUBOB3481,2026-09-01,54313889,kWh,,2026-09-03T10:00:00,commercial,"System Entry Energy, South Hook, D+2"
2026-09-04T00:07:09+00:00,south_hook,send_out,M+15,PUBOB3484,2026-07-21,54408332,kWh,,2026-08-24T11:00:06,commercial,"System Entry Energy, South Hook, M+15"
2026-09-04T00:07:09+00:00,south_hook,send_out,M+15,PUBOB3484,2026-07-22,54411112,kWh,,2026-08-24T11:00:06,commercial,"System Entry Energy, South Hook, M+15"
2026-09-04T00:07:09+00:00,south_hook,send_out,M+15,PUBOB3484,2026-07-23,54005555,kWh,,2026-08-24T11:00:06,commercial,"System Entry Energy, South Hook, M+15"
2026-09-04T00:07:09+00:00,south_hook,send_out,M+15,PUBOB3484,2026-07-24,54013888,kWh,,2026-08-24T11:00:06,commercial,"System Entry Energy, South Hook, M+15"
2026-09-04T00:07:09+00:00,south_hook,send_out,M+15,PUBOB3484,2026-07-25,53994446,kWh,,2026-08-24T11:00:06,commercial,"System Entry Energy, South Hook, M+15"
2026-09-04T00:07:09+00:00,south_hook,send_out,M+15,PUBOB3484,2026-07-26,53999998,kWh,,2026-08-24T11:00:06,commercial,"System Entry Energy, South Hook, M+15"
2026-09-04T00:07:09+00:00,south_hook,send_out,M+15,PUBOB3484,2026-07-27,53988889,kWh,,2026-08-24T11:00:06,commercial,"System Entry Energy, South Hook, M+15"
2026-09-04T00:07:09+00:00,south_hook,send_out,M+15,PUBOB3484,2026-07-28,53994446,kWh,,2026-08-24T11:00:06,commercial,"System Entry Energy, South Hook, M+15"
2026-09-04T00:07:09+00:00,south_hook,send_out,M+15,PUBOB3484,2026-07-29,64005555,kWh,,2026-08-24T11:00:06,commercial,"System Entry Energy, South Hook, M+15"
2026-09-04T00:07:09+00:00,south_hook,send_out,M+15,PUBOB3484,2026-07-30,72008336,kWh,,2026-08-24T11:00:06,commercial,"System Entry Energy, South Hook, M+15"
2026-09-04T00:07:09+00:00,south_hook,send_out,M+15,PUBOB3484,2026-07-31,72272220,kWh,,2026-08-24T11:00:06,commercial,"System Entry Energy, South Hook, M+15"
2026-09-04T00:07:09+00:00,dragon,send_out,D+1,PUBOBJ600,2026-07-21,24001200,kWh,L,2026-07-22T12:01:00,physical,"System Entry Energy, Dragon, D+1"
2026-09-04T00:07:09+00:00,dragon,send_out,D+1,PUBOBJ600,2026-07-22,0,kWh,L,2026-07-23T12:01:00,physical,"System Entry Energy, Dragon, D+1"
2026-09-04T00:07:09+00:00,dragon,send_out,D+1,PUBOBJ600,2026-07-23,18502289,kWh,L,2026-07-24T12:01:00,physical,"System Entry Energy, Dragon, D+1"
2026-09-04T00:07:09+00:00,dragon,send_out,D+1,PUBOBJ600,2026-07-24,27036539,kWh,L,2026-07-25T12:01:01,physical,"System Entry Energy, Dragon, D+1"
2026-09-04T00:07:09+00:00,dragon,send_out,D+1,PUBOBJ600,2026-07-25,0,kWh,L,2026-07-26T12:01:00,physical,"System Entry Energy, Dragon, D+1"
2026-09-04T00:07:09+00:00,dragon,send_out,D+1,PUBOBJ600,2026-07-26,0,kWh,L,2026-07-27T12:01:01,physical,"System Entry Energy, Dragon, D+1"
2026-09-04T00:07:09+00:00,dragon,send_out,D+1,PUBOBJ600,2026-07-27,0,kWh,L,2026-07-28T12:01:00,physical,"System Entry Energy, Dragon, D+1"
2026-09-04T00:07:09+00:00,dragon,send_out,D+1,PUBOBJ600,2026-07-28,0,kWh,L,2026-07-29T12:01:00,physical,"System Entry Energy, Dragon, D+1"
2026-09-04T00:07:09+00:00,dragon,send_out,D+1,PUBOBJ600,2026-07-29,0,kWh,L,2026-07-30T12:01:00,physical,"System Entry Energy, Dragon, D+1"
2026-09-04T00:07:09+00:00,dragon,send_out,D+1,PUBOBJ600,2026-07-30,0,kWh,L,2026-07-31T12:08:11,physical,"System Entry Energy, Dragon, D+1"
2026-09-04T00:07:09+00:00,dragon,send_out,D+1,PUBOBJ600,2026-07-31,0,kWh,L,2026-08-01T12:01:01,physical,"System Entry Energy, Dragon, D+1"
2026-09-04T00:07:09+00:00,dragon,send_out,D+1,PUBOBJ600,2026-08-01,0,kWh,L,2026-08-02T12:01:01,physical,"System Entry Energy, Dragon, D+1"
2026-09-04T00:07:09+00:00,dragon,send_out,D+1,PUBOBJ600,2026-08-02,0,kWh,L,2026-08-03T12:01:01,physical,"System Entry Energy, Dragon, D+1"
2026-09-04T00:07:09+00:00,dragon,send_out,D+1,PUBOBJ600,2026-08-03,0,kWh,L,2026-08-04T12:01:01,physical,"System Entry Energy, Dragon, D+1"
2026-09-04T00:07:09+00:00,dragon,send_out,D+1,PUBOBJ600,2026-08-04,0,kWh,L,2026-08-05T12:01:01,physical,"System Entry Energy, Dragon, D+1"
2026-09-04T00:07:09+00:00,dragon,send_out,D+1,PUBOBJ600,2026-08-05,0,kWh,L,2026-08-06T12:01:01,physical,"System Entry Energy, Dragon, D+1"
2026-09-04T00:07:09+00:00,dragon,send_out,D+1,PUBOBJ600,2026-08-06,0,kWh,L,2026-08-07T12:20:01,physical,"System Entry Energy, Dragon, D+1"
2026-09-04T00:07:09+00:00,dragon,send_out,D+1,PUBOBJ600,2026-08-07,0,kWh,L,2026-08-08T12:01:00,physical,"System Entry Energy, Dragon, D+1"
2026-09-04T00:07:09+00:00,dragon,send_out,D+1,PUBOBJ600,2026-08-08,0,kWh,L,2026-08-09T12:01:01,physical,"System Entry Energy, Dragon, D+1"
2026-09-04T00:07:09+00:00,dragon,send_out,D+1,PUBOBJ600,2026-08-09,0,kWh,L,2026-08-10T12:01:00,physical,"System Entry Energy, Dragon, D+1"
2026-09-04T00:07:09+00:00,dragon,send_out,D+1,PUBOBJ600,2026-08-10,0,kWh,L,2026-08-11T12:01:00,physical,"System Entry Energy, Dragon, D+1"
2026-09-04T00:07:09+00:00,dragon,send_out,D+1,PUBOBJ600,2026-08-11,0,kWh,L,2026-08-12T12:01:01,physical,"System Entry Energy, Dragon, D+1"
2026-09-04T00:07:09+00:00,dragon,send_out,D+1,PUBOBJ600,2026-08-12,0,kWh,L,2026-08-13T12:01:01,physical,"System Entry Energy, Dragon, D+1"
2026-09-04T00:07:09+00:00,dragon,send_out,D+1,PUBOBJ600,2026-08-13,0,kWh,L,2026-08-14T12:01:01,physical,"System Entry Energy, Dragon, D+1"
2026-09-04T00:07:09+00:00,dragon,send_out,D+1,PUBOBJ600,2026-08-14,0,kWh,L,2026-08-15T12:01:01,physical,"System Entry Energy, Dragon, D+1"
2026-09-04T00:07:09+00:00,dragon,send_out,D+1,PUBOBJ600,2026-08-15,0,kWh,L,2026-08-16T12:01:00,physical,"System Entry Energy, Dragon, D+1"
2026-09-04T00:07:09+00:00,dragon,send_out,D+1,PUBOBJ600,2026-08-16,0,kWh,L,2026-08-17T12:01:01,physical,"System Entry Energy, Dragon, D+1"
2026-09-04T00:07:09+00:00,dragon,send_out,D+1,PUBOBJ600,2026-08-17,0,kWh,L,2026-08-18T12:01:00,physical,"System Entry Energy, Dragon, D+1"
2026-09-04T00:07:09+00:00,dragon,send_out,D+1,PUBOBJ600,2026-08-18,0,kWh,L,2026-08-19T12:01:00,physical,"System Entry Energy, Dragon, D+1"
2026-09-04T00:07:09+00:00,dragon,send_out,D+1,PUBOBJ600,2026-08-19,0,kWh,L,2026-08-20T12:01:01,physical,"System Entry Energy, Dragon, D+1"
2026-09-04T00:07:09+00:00,dragon,send_out,D+1,PUBOBJ600,2026-08-20,0,kWh,L,2026-08-21T12:01:00,physical,"System Entry Energy, Dragon, D+1"
2026-09-04T00:07:09+00:00,dragon,send_out,D+1,PUBOBJ600,2026-08-21,0,kWh,L,2026-08-22T12:01:01,physical,"System Entry Energy, Dragon, D+1"
2026-09-04T00:07:09+00:00,dragon,send_out,D+1,PUBOBJ600,2026-08-22,0,kWh,L,2026-08-23T12:01:00,physical,"System Entry Energy, Dragon, D+1"
2026-09-04T00:07:09+00:00,dragon,send_out,D+1,PUBOBJ600,2026-08-23,0,kWh,L,2026-08-24T12:01:00,physical,"System Entry Energy, Dragon, D+1"
2026-09-04T00:07:09+00:00,dragon,send_out,D+1,PUBOBJ600,2026-08-24,0,kWh,L,2026-08-25T12:01:01,physical,"System Entry Energy, Dragon, D+1"
2026-09-04T00:07:09+00:00,dragon,send_out,D+1,PUBOBJ600,2026-08-25,0,kWh,L,2026-08-26T12:01:01,physical,"System Entry Energy, Dragon, D+1"
2026-09-04T00:07:09+00:00,dragon,send_out,D+1,PUBOBJ600,2026-08-26,0,kWh,L,2026-08-27T12:01:00,physical,"System Entry Energy, Dragon, D+1"
2026-09-04T00:07:09+00:00,dragon,send_out,D+1,PUBOBJ600,2026-08-27,0,kWh,L,2026-08-28T12:01:00,physical,"System Entry Energy, Dragon, D+1"
2026-09-04T00:07:09+00:00,dragon,send_out,D+1,PUBOBJ600,2026-08-28,0,kWh,L,2026-08-29T12:01:00,physical,"System Entry Energy, Dragon, D+1"
2026-09-04T00:07:09+00:00,dragon,send_out,D+1,PUBOBJ600,2026-08-29,0,kWh,L,2026-08-30T12:01:01,physical,"System Entry Energy, Dragon, D+1"
2026-09-04T00:07:09+00:00,dragon,send_out,D+1,PUBOBJ600,2026-08-30,0,kWh,L,2026-08-31T12:01:01,physical,"System Entry Energy, Dragon, D+1"
2026-09-04T00:07:09+00:00,dragon,send_out,D+1,PUBOBJ600,2026-08-31,0,kWh,L,2026-09-01T12:01:01,physical,"System Entry Energy, Dragon, D+1"
2026-09-04T00:07:09+00:00,dragon,send_out,D+1,PUBOBJ600,2026-09-01,0,kWh,L,2026-09-02T12:01:00,physical,"System Entry Energy, Dragon, D+1"
2026-09-04T00:07:09+00:00,dragon,send_out,D+1,PUBOBJ600,2026-09-02,0,kWh,L,2026-09-03T12:01:00,physical,"System Entry Energy, Dragon, D+1"
2026-09-04T00:07:09+00:00,dragon,send_out,D+2,PUBOB3565,2026-07-21,24001200,kWh,,2026-08-18T10:00:00,commercial,"System Entry Energy, Milford Haven - Dragon, D+2"
2026-09-04T00:07:09+00:00,dragon,send_out,D+2,PUBOB3565,2026-07-22,0,kWh,,2026-08-18T10:00:00,commercial,"System Entry Energy, Milford Haven - Dragon, D+2"
2026-09-04T00:07:09+00:00,dragon,send_out,D+2,PUBOB3565,2026-07-23,18502289,kWh,,2026-08-18T10:00:00,commercial,"System Entry Energy, Milford Haven - Dragon, D+2"
2026-09-04T00:07:09+00:00,dragon,send_out,D+2,PUBOB3565,2026-07-24,27036539,kWh,,2026-08-18T10:00:00,commercial,"System Entry Energy, Milford Haven - Dragon, D+2"
2026-09-04T00:07:09+00:00,dragon,send_out,D+2,PUBOB3565,2026-07-25,0,kWh,,2026-08-18T10:00:00,commercial,"System Entry Energy, Milford Haven - Dragon, D+2"
2026-09-04T00:07:09+00:00,dragon,send_out,D+2,PUBOB3565,2026-07-26,0,kWh,,2026-08-18T10:00:00,commercial,"System Entry Energy, Milford Haven - Dragon, D+2"
2026-09-04T00:07:09+00:00,dragon,send_out,D+2,PUBOB3565,2026-07-27,0,kWh,,2026-08-18T10:00:00,commercial,"System Entry Energy, Milford Haven - Dragon, D+2"
2026-09-04T00:07:09+00:00,dragon,send_out,D+2,PUBOB3565,2026-07-28,0,kWh,,2026-08-18T10:00:00,commercial,"System Entry Energy, Milford Haven - Dragon, D+2"
2026-09-04T00:07:09+00:00,dragon,send_out,D+2,PUBOB3565,2026-07-29,0,kWh,,2026-08-18T10:00:00,commercial,"System Entry Energy, Milford Haven - Dragon, D+2"
2026-09-04T00:07:09+00:00,dragon,send_out,D+2,PUBOB3565,2026-07-30,0,kWh,,2026-08-18T10:00:00,commercial,"System Entry Energy, Milford Haven - Dragon, D+2"
2026-09-04T00:07:09+00:00,dragon,send_out,D+2,PUBOB3565,2026-07-31,0,kWh,,2026-08-18T10:00:00,commercial,"System Entry Energy, Milford Haven - Dragon, D+2"
2026-09-04T00:07:09+00:00,dragon,send_out,D+2,PUBOB3565,2026-08-01,0,kWh,,2026-08-03T10:00:00,commercial,"System Entry Energy, Milford Haven - Dragon, D+2"
2026-09-04T00:07:09+00:00,dragon,send_out,D+2,PUBOB3565,2026-08-02,0,kWh,,2026-08-04T10:00:00,commercial,"System Entry Energy, Milford Haven - Dragon, D+2"
2026-09-04T00:07:09+00:00,dragon,send_out,D+2,PUBOB3565,2026-08-03,0,kWh,,2026-08-05T10:00:00,commercial,"System Entry Energy, Milford Haven - Dragon, D+2"
2026-09-04T00:07:09+00:00,dragon,send_out,D+2,PUBOB3565,2026-08-04,0,kWh,,2026-08-06T10:00:00,commercial,"System Entry Energy, Milford Haven - Dragon, D+2"
2026-09-04T00:07:09+00:00,dragon,send_out,D+2,PUBOB3565,2026-08-05,0,kWh,,2026-08-07T10:00:00,commercial,"System Entry Energy, Milford Haven - Dragon, D+2"
2026-09-04T00:07:09+00:00,dragon,send_out,D+2,PUBOB3565,2026-08-06,0,kWh,,2026-08-08T10:00:00,commercial,"System Entry Energy, Milford Haven - Dragon, D+2"
2026-09-04T00:07:09+00:00,dragon,send_out,D+2,PUBOB3565,2026-08-07,0,kWh,,2026-08-09T10:00:00,commercial,"System Entry Energy, Milford Haven - Dragon, D+2"
2026-09-04T00:07:09+00:00,dragon,send_out,D+2,PUBOB3565,2026-08-08,0,kWh,,2026-08-10T10:00:00,commercial,"System Entry Energy, Milford Haven - Dragon, D+2"
2026-09-04T00:07:09+00:00,dragon,send_out,D+2,PUBOB3565,2026-08-09,0,kWh,,2026-08-11T10:00:00,commercial,"System Entry Energy, Milford Haven - Dragon, D+2"
2026-09-04T00:07:09+00:00,dragon,send_out,D+2,PUBOB3565,2026-08-10,0,kWh,,2026-08-12T10:00:00,commercial,"System Entry Energy, Milford Haven - Dragon, D+2"
2026-09-04T00:07:09+00:00,dragon,send_out,D+2,PUBOB3565,2026-08-11,0,kWh,,2026-08-13T10:00:00,commercial,"System Entry Energy, Milford Haven - Dragon, D+2"
2026-09-04T00:07:09+00:00,dragon,send_out,D+2,PUBOB3565,2026-08-12,0,kWh,,2026-08-14T10:00:00,commercial,"System Entry Energy, Milford Haven - Dragon, D+2"
2026-09-04T00:07:09+00:00,dragon,send_out,D+2,PUBOB3565,2026-08-13,0,kWh,,2026-08-15T10:00:00,commercial,"System Entry Energy, Milford Haven - Dragon, D+2"
2026-09-04T00:07:09+00:00,dragon,send_out,D+2,PUBOB3565,2026-08-14,0,kWh,,2026-08-16T10:00:00,commercial,"System Entry Energy, Milford Haven - Dragon, D+2"
2026-09-04T00:07:09+00:00,dragon,send_out,D+2,PUBOB3565,2026-08-15,0,kWh,,2026-08-17T10:00:00,commercial,"System Entry Energy, Milford Haven - Dragon, D+2"
2026-09-04T00:07:09+00:00,dragon,send_out,D+2,PUBOB3565,2026-08-16,0,kWh,,2026-08-18T10:00:00,commercial,"System Entry Energy, Milford Haven - Dragon, D+2"
2026-09-04T00:07:09+00:00,dragon,send_out,D+2,PUBOB3565,2026-08-17,0,kWh,,2026-08-19T10:00:00,commercial,"System Entry Energy, Milford Haven - Dragon, D+2"
2026-09-04T00:07:09+00:00,dragon,send_out,D+2,PUBOB3565,2026-08-18,0,kWh,,2026-08-20T10:00:00,commercial,"System Entry Energy, Milford Haven - Dragon, D+2"
2026-09-04T00:07:09+00:00,dragon,send_out,D+2,PUBOB3565,2026-08-19,0,kWh,,2026-08-21T10:00:00,commercial,"System Entry Energy, Milford Haven - Dragon, D+2"
2026-09-04T00:07:09+00:00,dragon,send_out,D+2,PUBOB3565,2026-08-20,0,kWh,,2026-08-22T10:00:00,commercial,"System Entry Energy, Milford Haven - Dragon, D+2"
2026-09-04T00:07:09+00:00,dragon,send_out,D+2,PUBOB3565,2026-08-21,0,kWh,,2026-08-23T10:00:00,commercial,"System Entry Energy, Milford Haven - Dragon, D+2"
2026-09-04T00:07:09+00:00,dragon,send_out,D+2,PUBOB3565,2026-08-22,0,kWh,,2026-08-24T10:00:00,commercial,"System Entry Energy, Milford Haven - Dragon, D+2"
2026-09-04T00:07:09+00:00,dragon,send_out,D+2,PUBOB3565,2026-08-23,0,kWh,,2026-08-25T10:00:00,commercial,"System Entry Energy, Milford Haven - Dragon, D+2"
2026-09-04T00:07:09+00:00,dragon,send_out,D+2,PUBOB3565,2026-08-24,0,kWh,,2026-08-26T10:00:00,commercial,"System Entry Energy, Milford Haven - Dragon, D+2"
2026-09-04T00:07:09+00:00,dragon,send_out,D+2,PUBOB3565,2026-08-25,0,kWh,,2026-08-27T10:00:00,commercial,"System Entry Energy, Milford Haven - Dragon, D+2"
2026-09-04T00:07:09+00:00,dragon,send_out,D+2,PUBOB3565,2026-08-26,0,kWh,,2026-08-28T10:00:00,commercial,"System Entry Energy, Milford Haven - Dragon, D+2"
2026-09-04T00:07:09+00:00,dragon,send_out,D+2,PUBOB3565,2026-08-27,0,kWh,,2026-08-29T10:00:00,commercial,"System Entry Energy, Milford Haven - Dragon, D+2"
2026-09-04T00:07:09+00:00,dragon,send_out,D+2,PUBOB3565,2026-08-28,0,kWh,,2026-08-30T10:00:00,commercial,"System Entry Energy, Milford Haven - Dragon, D+2"
2026-09-04T00:07:09+00:00,dragon,send_out,D+2,PUBOB3565,2026-08-29,0,kWh,,2026-08-31T10:00:00,commercial,"System Entry Energy, Milford Haven - Dragon, D+2"
2026-09-04T00:07:09+00:00,dragon,send_out,D+2,PUBOB3565,2026-08-30,0,kWh,,2026-09-01T10:00:00,commercial,"System Entry Energy, Milford Haven - Dragon, D+2"
2026-09-04T00:07:09+00:00,dragon,send_out,D+2,PUBOB3565,2026-08-31,0,kWh,,2026-09-02T10:00:00,commercial,"System Entry Energy, Milford Haven - Dragon, D+2"
2026-09-04T00:07:09+00:00,dragon,send_out,D+2,PUBOB3565,2026-09-01,0,kWh,,2026-09-03T10:00:00,commercial,"System Entry Energy, Milford Haven - Dragon, D+2"
2026-09-04T00:07:09+00:00,dragon,send_out,M+15,PUBOB3568,2026-07-21,24001200,kWh,,2026-08-24T11:00:06,commercial,"System Entry Energy, Milford Haven - Dragon, M+15"
2026-09-04T00:07:09+00:00,dragon,send_out,M+15,PUBOB3568,2026-07-22,0,kWh,,2026-08-24T11:00:06,commercial,"System Entry Energy, Milford Haven - Dragon, M+15"
2026-09-04T00:07:09+00:00,dragon,send_out,M+15,PUBOB3568,2026-07-23,18502289,kWh,,2026-08-24T11:00:06,commercial,"System Entry Energy, Milford Haven - Dragon, M+15"
2026-09-04T00:07:09+00:00,dragon,send_out,M+15,PUBOB3568,2026-07-24,27036539,kWh,,2026-08-24T11:00:06,commercial,"System Entry Energy, Milford Haven - Dragon, M+15"
2026-09-04T00:07:09+00:00,dragon,send_out,M+15,PUBOB3568,2026-07-25,0,kWh,,2026-08-24T11:00:06,commercial,"System Entry Energy, Milford Haven - Dragon, M+15"
2026-09-04T00:07:09+00:00,dragon,send_out,M+15,PUBOB3568,2026-07-26,0,kWh,,2026-08-24T11:00:06,commercial,"System Entry Energy, Milford Haven - Dragon, M+15"
2026-09-04T00:07:09+00:00,dragon,send_out,M+15,PUBOB3568,2026-07-27,0,kWh,,2026-08-24T11:00:06,commercial,"System Entry Energy, Milford Haven - Dragon, M+15"
2026-09-04T00:07:09+00:00,dragon,send_out,M+15,PUBOB3568,2026-07-28,0,kWh,,2026-08-24T11:00:06,commercial,"System Entry Energy, Milford Haven - Dragon, M+15"
2026-09-04T00:07:09+00:00,dragon,send_out,M+15,PUBOB3568,2026-07-29,0,kWh,,2026-08-24T11:00:06,commercial,"System Entry Energy, Milford Haven - Dragon, M+15"
2026-09-04T00:07:09+00:00,dragon,send_out,M+15,PUBOB3568,2026-07-30,0,kWh,,2026-08-24T11:00:06,commercial,"System Entry Energy, Milford Haven - Dragon, M+15"
2026-09-04T00:07:09+00:00,dragon,send_out,M+15,PUBOB3568,2026-07-31,0,kWh,,2026-08-24T11:00:06,commercial,"System Entry Energy, Milford Haven - Dragon, M+15"
2026-09-04T00:07:09+00:00,grain,stock,D0,PUBOBJ2363,2026-07-21,3882520997,kw/h,,2026-07-21T15:56:00,opening stock,"Opening Stock, Isle Of Grain, LNG Importation"
2026-09-04T00:07:09+00:00,grain,stock,D0,PUBOBJ2363,2026-07-22,3843786900,kw/h,,2026-07-22T15:56:00,opening stock,"Opening Stock, Isle Of Grain, LNG Importation"
2026-09-04T00:07:09+00:00,grain,stock,D0,PUBOBJ2363,2026-07-23,3804955043,kw/h,,2026-07-23T15:56:00,opening stock,"Opening Stock, Isle Of Grain, LNG Importation"
2026-09-04T00:07:09+00:00,grain,stock,D0,PUBOBJ2363,2026-07-24,3766720539,kw/h,,2026-07-24T15:56:00,opening stock,"Opening Stock, Isle Of Grain, LNG Importation"
2026-09-04T00:07:09+00:00,grain,stock,D0,PUBOBJ2363,2026-07-25,3728915907,kw/h,,2026-07-25T15:56:00,opening stock,"Opening Stock, Isle Of Grain, LNG Importation"
2026-09-04T00:07:09+00:00,grain,stock,D0,PUBOBJ2363,2026-07-26,3690972281,kw/h,,2026-07-26T15:56:00,opening stock,"Opening Stock, Isle Of Grain, LNG Importation"
2026-09-04T00:07:09+00:00,grain,stock,D0,PUBOBJ2363,2026-07-27,3652703767,kw/h,,2026-07-27T15:56:00,opening stock,"Opening Stock, Isle Of Grain, LNG Importation"
2026-09-04T00:07:09+00:00,grain,stock,D0,PUBOBJ2363,2026-07-28,3615429361,kw/h,,2026-07-28T15:56:00,opening stock,"Opening Stock, Isle Of Grain, LNG Importation"
2026-09-04T00:07:09+00:00,grain,stock,D0,PUBOBJ2363,2026-07-29,3577866889,kw/h,,2026-07-29T15:56:00,opening stock,"Opening Stock, Isle Of Grain, LNG Importation"
2026-09-04T00:07:09+00:00,grain,stock,D0,PUBOBJ2363,2026-07-30,3539640748,kw/h,,2026-07-30T15:56:00,opening stock,"Opening Stock, Isle Of Grain, LNG Importation"
2026-09-04T00:07:09+00:00,grain,stock,D0,PUBOBJ2363,2026-07-31,3501243779,kw/h,,2026-07-31T15:56:00,opening stock,"Opening Stock, Isle Of Grain, LNG Importation"
2026-09-04T00:07:09+00:00,grain,stock,D0,PUBOBJ2363,2026-08-01,3462709043,kw/h,,2026-08-01T15:56:00,opening stock,"Opening Stock, Isle Of Grain, LNG Importation"
2026-09-04T00:07:09+00:00,grain,stock,D0,PUBOBJ2363,2026-08-02,3424866369,kw/h,,2026-08-02T15:56:00,opening stock,"Opening Stock, Isle Of Grain, LNG Importation"
2026-09-04T00:07:09+00:00,grain,stock,D0,PUBOBJ2363,2026-08-03,3386264774,kw/h,,2026-08-03T15:56:00,opening stock,"Opening Stock, Isle Of Grain, LNG Importation"
2026-09-04T00:07:09+00:00,grain,stock,D0,PUBOBJ2363,2026-08-04,3349314261,kw/h,,2026-08-04T15:56:00,opening stock,"Opening Stock, Isle Of Grain, LNG Importation"
2026-09-04T00:07:09+00:00,grain,stock,D0,PUBOBJ2363,2026-08-05,3310970945,kw/h,,2026-08-05T15:56:00,opening stock,"Opening Stock, Isle Of Grain, LNG Importation"
2026-09-04T00:07:09+00:00,grain,stock,D0,PUBOBJ2363,2026-08-06,3273400759,kw/h,,2026-08-06T15:56:00,opening stock,"Opening Stock, Isle Of Grain, LNG Importation"
2026-09-04T00:07:09+00:00,grain,stock,D0,PUBOBJ2363,2026-08-07,3235341308,kw/h,,2026-08-07T15:56:00,opening stock,"Opening Stock, Isle Of Grain, LNG Importation"
2026-09-04T00:07:09+00:00,grain,stock,D0,PUBOBJ2363,2026-08-08,3196971880,kw/h,,2026-08-08T15:56:00,opening stock,"Opening Stock, Isle Of Grain, LNG Importation"
2026-09-04T00:07:09+00:00,grain,stock,D0,PUBOBJ2363,2026-08-09,3158717195,kw/h,,2026-08-09T15:56:00,opening stock,"Opening Stock, Isle Of Grain, LNG Importation"
2026-09-04T00:07:09+00:00,grain,stock,D0,PUBOBJ2363,2026-08-10,3120281894,kw/h,,2026-08-10T15:56:00,opening stock,"Opening Stock, Isle Of Grain, LNG Importation"
2026-09-04T00:07:09+00:00,grain,stock,D0,PUBOBJ2363,2026-08-11,3082005380,kw/h,,2026-08-11T15:56:00,opening stock,"Opening Stock, Isle Of Grain, LNG Importation"
2026-09-04T00:07:09+00:00,grain,stock,D0,PUBOBJ2363,2026-08-12,3042965868,kw/h,,2026-08-12T15:56:00,opening stock,"Opening Stock, Isle Of Grain, LNG Importation"
2026-09-04T00:07:09+00:00,grain,stock,D0,PUBOBJ2363,2026-08-13,3004260249,kw/h,,2026-08-13T15:56:00,opening stock,"Opening Stock, Isle Of Grain, LNG Importation"
2026-09-04T00:07:09+00:00,grain,stock,D0,PUBOBJ2363,2026-08-14,2966394732,kw/h,,2026-08-14T15:56:00,opening stock,"Opening Stock, Isle Of Grain, LNG Importation"
2026-09-04T00:07:09+00:00,grain,stock,D0,PUBOBJ2363,2026-08-15,2928947987,kw/h,,2026-08-15T15:56:00,opening stock,"Opening Stock, Isle Of Grain, LNG Importation"
2026-09-04T00:07:09+00:00,grain,stock,D0,PUBOBJ2363,2026-08-16,2891028879,kw/h,,2026-08-16T15:56:00,opening stock,"Opening Stock, Isle Of Grain, LNG Importation"
2026-09-04T00:07:09+00:00,grain,stock,D0,PUBOBJ2363,2026-08-17,2853515931,kw/h,,2026-08-17T15:56:00,opening stock,"Opening Stock, Isle Of Grain, LNG Importation"
2026-09-04T00:07:09+00:00,grain,stock,D0,PUBOBJ2363,2026-08-18,2815500781,kw/h,,2026-08-18T15:56:00,opening stock,"Opening Stock, Isle Of Grain, LNG Importation"
2026-09-04T00:07:09+00:00,grain,stock,D0,PUBOBJ2363,2026-08-19,2777339420,kw/h,,2026-08-19T15:56:00,opening stock,"Opening Stock, Isle Of Grain, LNG Importation"
2026-09-04T00:07:09+00:00,grain,stock,D0,PUBOBJ2363,2026-08-20,2739872798,kw/h,,2026-08-20T15:56:00,opening stock,"Opening Stock, Isle Of Grain, LNG Importation"
2026-09-04T00:07:09+00:00,grain,stock,D0,PUBOBJ2363,2026-08-21,2701426776,kw/h,,2026-08-21T15:56:00,opening stock,"Opening Stock, Isle Of Grain, LNG Importation"
2026-09-04T00:07:09+00:00,grain,stock,D0,PUBOBJ2363,2026-08-22,2664019737,kw/h,,2026-08-22T15:56:00,opening stock,"Opening Stock, Isle Of Grain, LNG Importation"
2026-09-04T00:07:09+00:00,grain,stock,D0,PUBOBJ2363,2026-08-23,2625324502,kw/h,,2026-08-23T15:56:00,opening stock,"Opening Stock, Isle Of Grain, LNG Importation"
2026-09-04T00:07:09+00:00,grain,stock,D0,PUBOBJ2363,2026-08-24,2587356547,kw/h,,2026-08-24T15:56:00,opening stock,"Opening Stock, Isle Of Grain, LNG Importation"
2026-09-04T00:07:09+00:00,grain,stock,D0,PUBOBJ2363,2026-08-25,2549789983,kw/h,,2026-08-25T15:56:00,opening stock,"Opening Stock, Isle Of Grain, LNG Importation"
2026-09-04T00:07:09+00:00,grain,stock,D0,PUBOBJ2363,2026-08-26,2511461853,kw/h,,2026-08-26T15:56:00,opening stock,"Opening Stock, Isle Of Grain, LNG Importation"
2026-09-04T00:07:09+00:00,grain,stock,D0,PUBOBJ2363,2026-08-27,2473271854,kw/h,,2026-08-27T15:56:00,opening stock,"Opening Stock, Isle Of Grain, LNG Importation"
2026-09-04T00:07:09+00:00,grain,stock,D0,PUBOBJ2363,2026-08-28,2434259309,kw/h,,2026-08-28T15:56:00,opening stock,"Opening Stock, Isle Of Grain, LNG Importation"
2026-09-04T00:07:09+00:00,grain,stock,D0,PUBOBJ2363,2026-08-29,2396348180,kw/h,,2026-08-29T15:56:00,opening stock,"Opening Stock, Isle Of Grain, LNG Importation"
2026-09-04T00:07:09+00:00,grain,stock,D0,PUBOBJ2363,2026-08-30,2358038505,kw/h,,2026-08-30T15:56:00,opening stock,"Opening Stock, Isle Of Grain, LNG Importation"
2026-09-04T00:07:09+00:00,grain,stock,D0,PUBOBJ2363,2026-08-31,2319870105,kw/h,,2026-08-31T15:56:00,opening stock,"Opening Stock, Isle Of Grain, LNG Importation"
2026-09-04T00:07:09+00:00,grain,stock,D0,PUBOBJ2363,2026-09-01,2280988455,kw/h,,2026-09-01T15:56:00,opening stock,"Opening Stock, Isle Of Grain, LNG Importation"
2026-09-04T00:07:09+00:00,grain,stock,D0,PUBOBJ2363,2026-09-02,2731326528,kw/h,,2026-09-02T15:56:00,opening stock,"Opening Stock, Isle Of Grain, LNG Importation"
2026-09-04T00:07:09+00:00,grain,stock,D0,PUBOBJ2363,2026-09-03,2678962506,kw/h,,2026-09-03T15:56:00,opening stock,"Opening Stock, Isle Of Grain, LNG Importation"
2026-09-04T00:07:09+00:00,south_hook,stock,D0,PUBOBJ2371,2026-07-21,4003503116,kw/h,,2026-07-21T15:56:00,opening stock,"Opening Stock, South Hook, LNG Importation"
2026-09-04T00:07:09+00:00,south_hook,stock,D0,PUBOBJ2371,2026-07-22,3948472560,kw/h,,2026-07-22T15:56:00,opening stock,"Opening Stock, South Hook, LNG Importation"
2026-09-04T00:07:09+00:00,south_hook,stock,D0,PUBOBJ2371,2026-07-23,3893502798,kw/h,,2026-07-23T15:56:00,opening stock,"Opening Stock, South Hook, LNG Importation"
2026-09-04T00:07:09+00:00,south_hook,stock,D0,PUBOBJ2371,2026-07-24,3838791649,kw/h,,2026-07-24T15:56:00,opening stock,"Opening Stock, South Hook, LNG Importation"
2026-09-04T00:07:09+00:00,south_hook,stock,D0,PUBOBJ2371,2026-07-25,3784161094,kw/h,,2026-07-25T15:56:00,opening stock,"Opening Stock, South Hook, LNG Importation"
2026-09-04T00:07:09+00:00,south_hook,stock,D0,PUBOBJ2371,2026-07-26,3729524984,kw/h,,2026-07-26T15:56:00,opening stock,"Opening Stock, South Hook, LNG Importation"
2026-09-04T00:07:09+00:00,south_hook,stock,D0,PUBOBJ2371,2026-07-27,3674902760,kw/h,,2026-07-27T15:56:00,opening stock,"Opening Stock, South Hook, LNG Importation"
2026-09-04T00:07:09+00:00,south_hook,stock,D0,PUBOBJ2371,2026-07-28,3620274984,kw/h,,2026-07-28T15:56:00,opening stock,"Opening Stock, South Hook, LNG Importation"
2026-09-04T00:07:09+00:00,south_hook,stock,D0,PUBOBJ2371,2026-07-29,3565661095,kw/h,,2026-07-29T15:56:00,opening stock,"Opening Stock, South Hook, LNG Importation"
2026-09-04T00:07:09+00:00,south_hook,stock,D0,PUBOBJ2371,2026-07-30,3500914427,kw/h,,2026-07-30T15:56:00,opening stock,"Opening Stock, South Hook, LNG Importation"
2026-09-04T00:07:09+00:00,south_hook,stock,D0,PUBOBJ2371,2026-07-31,4487064020,kw/h,,2026-07-31T15:56:00,opening stock,"Opening Stock, South Hook, LNG Importation"
2026-09-04T00:07:09+00:00,south_hook,stock,D0,PUBOBJ2371,2026-08-01,4415459017,kw/h,,2026-08-01T15:56:00,opening stock,"Opening Stock, South Hook, LNG Importation"
2026-09-04T00:07:09+00:00,south_hook,stock,D0,PUBOBJ2371,2026-08-02,4359431898,kw/h,,2026-08-02T15:56:00,opening stock,"Opening Stock, South Hook, LNG Importation"
2026-09-04T00:07:09+00:00,south_hook,stock,D0,PUBOBJ2371,2026-08-03,4303404120,kw/h,,2026-08-03T15:56:00,opening stock,"Opening Stock, South Hook, LNG Importation"
2026-09-04T00:07:09+00:00,south_hook,stock,D0,PUBOBJ2371,2026-08-04,4247288747,kw/h,,2026-08-04T15:56:00,opening stock,"Opening Stock, South Hook, LNG Importation"
2026-09-04T00:07:09+00:00,south_hook,stock,D0,PUBOBJ2371,2026-08-05,4191168051,kw/h,,2026-08-05T15:56:00,opening stock,"Opening Stock, South Hook, LNG Importation"
2026-09-04T00:07:09+00:00,south_hook,stock,D0,PUBOBJ2371,2026-08-06,4135037497,kw/h,,2026-08-06T15:56:00,opening stock,"Opening Stock, South Hook, LNG Importation"
2026-09-04T00:07:09+00:00,south_hook,stock,D0,PUBOBJ2371,2026-08-07,4084672499,kw/h,,2026-08-07T15:56:00,opening stock,"Opening Stock, South Hook, LNG Importation"
2026-09-04T00:07:09+00:00,south_hook,stock,D0,PUBOBJ2371,2026-08-08,4028528054,kw/h,,2026-08-08T15:56:00,opening stock,"Opening Stock, South Hook, LNG Importation"
2026-09-04T00:07:09+00:00,south_hook,stock,D0,PUBOBJ2371,2026-08-09,3973790866,kw/h,,2026-08-09T15:56:00,opening stock,"Opening Stock, South Hook, LNG Importation"
2026-09-04T00:07:09+00:00,south_hook,stock,D0,PUBOBJ2371,2026-08-10,3919046422,kw/h,,2026-08-10T15:56:00,opening stock,"Opening Stock, South Hook, LNG Importation"
2026-09-04T00:07:09+00:00,south_hook,stock,D0,PUBOBJ2371,2026-08-11,3862037734,kw/h,,2026-08-11T15:56:00,opening stock,"Opening Stock, South Hook, LNG Importation"
2026-09-04T00:07:09+00:00,south_hook,stock,D0,PUBOBJ2371,2026-08-12,3809588090,kw/h,,2026-08-12T15:56:00,opening stock,"Opening Stock, South Hook, LNG Importation"
2026-09-04T00:07:09+00:00,south_hook,stock,D0,PUBOBJ2371,2026-08-13,3754851978,kw/h,,2026-08-13T15:56:00,opening stock,"Opening Stock, South Hook, LNG Importation"
2026-09-04T00:07:09+00:00,south_hook,stock,D0,PUBOBJ2371,2026-08-14,3700121423,kw/h,,2026-08-14T15:56:00,opening stock,"Opening Stock, South Hook, LNG Importation"
2026-09-04T00:07:09+00:00,south_hook,stock,D0,PUBOBJ2371,2026-08-15,3645388091,kw/h,,2026-08-15T15:56:00,opening stock,"Opening Stock, South Hook, LNG Importation"
2026-09-04T00:07:09+00:00,south_hook,stock,D0,PUBOBJ2371,2026-08-16,3590654759,kw/h,,2026-08-16T15:56:00,opening stock,"Opening Stock, South Hook, LNG Importation"
2026-09-04T00:07:09+00:00,south_hook,stock,D0,PUBOBJ2371,2026-08-17,3535915869,kw/h,,2026-08-17T15:56:00,opening stock,"Opening Stock, South Hook, LNG Importation"
2026-09-04T00:07:09+00:00,south_hook,stock,D0,PUBOBJ2371,2026-08-18,3481174202,kw/h,,2026-08-18T15:56:00,opening stock,"Opening Stock, South Hook, LNG Importation"
2026-09-04T00:07:09+00:00,south_hook,stock,D0,PUBOBJ2371,2026-08-19,3426443648,kw/h,,2026-08-19T15:56:00,opening stock,"Opening Stock, South Hook, LNG Importation"
2026-09-04T00:07:09+00:00,south_hook,stock,D0,PUBOBJ2371,2026-08-20,3371704757,kw/h,,2026-08-20T15:56:00,opening stock,"Opening Stock, South Hook, LNG Importation"
2026-09-04T00:07:09+00:00,south_hook,stock,D0,PUBOBJ2371,2026-08-21,3316979757,kw/h,,2026-08-21T15:56:00,opening stock,"Opening Stock, South Hook, LNG Importation"
2026-09-04T00:07:09+00:00,south_hook,stock,D0,PUBOBJ2371,2026-08-22,3262293863,kw/h,,2026-08-22T15:56:00,opening stock,"Opening Stock, South Hook, LNG Importation"
2026-09-04T00:07:09+00:00,south_hook,stock,D0,PUBOBJ2371,2026-08-23,3207485309,kw/h,,2026-08-23T15:56:00,opening stock,"Opening Stock, South Hook, LNG Importation"
2026-09-04T00:07:09+00:00,south_hook,stock,D0,PUBOBJ2371,2026-08-24,3152771421,kw/h,,2026-08-24T15:56:00,opening stock,"Opening Stock, South Hook, LNG Importation"
2026-09-04T00:07:09+00:00,south_hook,stock,D0,PUBOBJ2371,2026-08-25,3098032533,kw/h,,2026-08-25T15:56:00,opening stock,"Opening Stock, South Hook, LNG Importation"
2026-09-04T00:07:09+00:00,south_hook,stock,D0,PUBOBJ2371,2026-08-26,3039718246,kw/h,,2026-08-26T15:56:00,opening stock,"Opening Stock, South Hook, LNG Importation"
2026-09-04T00:07:09+00:00,south_hook,stock,D0,PUBOBJ2371,2026-08-27,2962424808,kw/h,,2026-08-27T15:56:00,opening stock,"Opening Stock, South Hook, LNG Importation"
2026-09-04T00:07:09+00:00,south_hook,stock,D0,PUBOBJ2371,2026-08-28,3939578693,kw/h,,2026-08-28T15:56:00,opening stock,"Opening Stock, South Hook, LNG Importation"
2026-09-04T00:07:09+00:00,south_hook,stock,D0,PUBOBJ2371,2026-08-29,3823840623,kw/h,,2026-08-29T15:56:00,opening stock,"Opening Stock, South Hook, LNG Importation"
2026-09-04T00:07:09+00:00,south_hook,stock,D0,PUBOBJ2371,2026-08-30,3769101402,kw/h,,2026-08-30T15:56:00,opening stock,"Opening Stock, South Hook, LNG Importation"
2026-09-04T00:07:09+00:00,south_hook,stock,D0,PUBOBJ2371,2026-08-31,3714379181,kw/h,,2026-08-31T15:56:00,opening stock,"Opening Stock, South Hook, LNG Importation"
2026-09-04T00:07:09+00:00,south_hook,stock,D0,PUBOBJ2371,2026-09-01,3657660721,kw/h,,2026-09-01T15:56:00,opening stock,"Opening Stock, South Hook, LNG Importation"
2026-09-04T00:07:09+00:00,south_hook,stock,D0,PUBOBJ2371,2026-09-02,3602696501,kw/h,,2026-09-02T15:56:00,opening stock,"Opening Stock, South Hook, LNG Importation"
2026-09-04T00:07:09+00:00,south_hook,stock,D0,PUBOBJ2371,2026-09-03,3547729834,kw/h,,2026-09-03T15:56:00,opening stock,"Opening Stock, South Hook, LNG Importation"
2026-09-04T00:07:09+00:00,dragon,stock,D0,PUBOBJ2372,2026-07-21,776155256,kw/h,,2026-07-21T15:56:00,opening stock,"Opening Stock, Dragon, LNG Importation"
2026-09-04T00:07:09+00:00,dragon,stock,D0,PUBOBJ2372,2026-07-22,751555593,kw/h,,2026-07-22T15:56:00,opening stock,"Opening Stock, Dragon, LNG Importation"
2026-09-04T00:07:09+00:00,dragon,stock,D0,PUBOBJ2372,2026-07-23,752109217,kw/h,,2026-07-23T15:56:00,opening stock,"Opening Stock, Dragon, LNG Importation"
2026-09-04T00:07:09+00:00,dragon,stock,D0,PUBOBJ2372,2026-07-24,734804002,kw/h,,2026-07-24T15:56:00,opening stock,"Opening Stock, Dragon, LNG Importation"
2026-09-04T00:07:09+00:00,dragon,stock,D0,PUBOBJ2372,2026-07-25,706867243,kw/h,,2026-07-25T15:56:00,opening stock,"Opening Stock, Dragon, LNG Importation"
2026-09-04T00:07:09+00:00,dragon,stock,D0,PUBOBJ2372,2026-07-26,707351672,kw/h,,2026-07-26T15:56:00,opening stock,"Opening Stock, Dragon, LNG Importation"
2026-09-04T00:07:09+00:00,dragon,stock,D0,PUBOBJ2372,2026-07-27,705175525,kw/h,,2026-07-27T15:56:00,opening stock,"Opening Stock, Dragon, LNG Importation"
2026-09-04T00:07:09+00:00,dragon,stock,D0,PUBOBJ2372,2026-07-28,705562385,kw/h,,2026-07-28T15:56:00,opening stock,"Opening Stock, Dragon, LNG Importation"
2026-09-04T00:07:09+00:00,dragon,stock,D0,PUBOBJ2372,2026-07-29,705353298,kw/h,,2026-07-29T15:56:00,opening stock,"Opening Stock, Dragon, LNG Importation"
2026-09-04T00:07:09+00:00,dragon,stock,D0,PUBOBJ2372,2026-07-30,705329883,kw/h,,2026-07-30T15:56:00,opening stock,"Opening Stock, Dragon, LNG Importation"
2026-09-04T00:07:09+00:00,dragon,stock,D0,PUBOBJ2372,2026-07-31,702714674,kw/h,,2026-07-31T15:56:00,opening stock,"Opening Stock, Dragon, LNG Importation"
2026-09-04T00:07:09+00:00,dragon,stock,D0,PUBOBJ2372,2026-08-01,702824406,kw/h,,2026-08-01T15:56:00,opening stock,"Opening Stock, Dragon, LNG Importation"
2026-09-04T00:07:09+00:00,dragon,stock,D0,PUBOBJ2372,2026-08-02,701928236,kw/h,,2026-08-02T15:56:00,opening stock,"Opening Stock, Dragon, LNG Importation"
2026-09-04T00:07:09+00:00,dragon,stock,D0,PUBOBJ2372,2026-08-03,702422097,kw/h,,2026-08-03T15:56:00,opening stock,"Opening Stock, Dragon, LNG Importation"
2026-09-04T00:07:09+00:00,dragon,stock,D0,PUBOBJ2372,2026-08-04,703180305,kw/h,,2026-08-04T15:56:00,opening stock,"Opening Stock, Dragon, LNG Importation"
2026-09-04T00:07:09+00:00,dragon,stock,D0,PUBOBJ2372,2026-08-05,703685134,kw/h,,2026-08-05T15:56:00,opening stock,"Opening Stock, Dragon, LNG Importation"
2026-09-04T00:07:09+00:00,dragon,stock,D0,PUBOBJ2372,2026-08-06,703710054,kw/h,,2026-08-06T15:56:00,opening stock,"Opening Stock, Dragon, LNG Importation"
2026-09-04T00:07:09+00:00,dragon,stock,D0,PUBOBJ2372,2026-08-07,703166092,kw/h,,2026-08-07T15:56:00,opening stock,"Opening Stock, Dragon, LNG Importation"
2026-09-04T00:07:09+00:00,dragon,stock,D0,PUBOBJ2372,2026-08-08,702246619,kw/h,,2026-08-08T15:56:00,opening stock,"Opening Stock, Dragon, LNG Importation"
2026-09-04T00:07:09+00:00,dragon,stock,D0,PUBOBJ2372,2026-08-09,702663853,kw/h,,2026-08-09T15:56:00,opening stock,"Opening Stock, Dragon, LNG Importation"
2026-09-04T00:07:09+00:00,dragon,stock,D0,PUBOBJ2372,2026-08-10,703007484,kw/h,,2026-08-10T15:56:00,opening stock,"Opening Stock, Dragon, LNG Importation"
2026-09-04T00:07:09+00:00,dragon,stock,D0,PUBOBJ2372,2026-08-11,701833550,kw/h,,2026-08-11T15:56:00,opening stock,"Opening Stock, Dragon, LNG Importation"
2026-09-04T00:07:09+00:00,dragon,stock,D0,PUBOBJ2372,2026-08-12,700618800,kw/h,,2026-08-12T15:56:00,opening stock,"Opening Stock, Dragon, LNG Importation"
2026-09-04T00:07:09+00:00,dragon,stock,D0,PUBOBJ2372,2026-08-13,697548054,kw/h,,2026-08-13T15:56:00,opening stock,"Opening Stock, Dragon, LNG Importation"
2026-09-04T00:07:09+00:00,dragon,stock,D0,PUBOBJ2372,2026-08-14,700239839,kw/h,,2026-08-14T15:56:00,opening stock,"Opening Stock, Dragon, LNG Importation"
2026-09-04T00:07:09+00:00,dragon,stock,D0,PUBOBJ2372,2026-08-15,696874235,kw/h,,2026-08-15T15:56:00,opening stock,"Opening Stock, Dragon, LNG Importation"
2026-09-04T00:07:09+00:00,dragon,stock,D0,PUBOBJ2372,2026-08-16,701443877,kw/h,,2026-08-16T15:56:00,opening stock,"Opening Stock, Dragon, LNG Importation"
2026-09-04T00:07:09+00:00,dragon,stock,D0,PUBOBJ2372,2026-08-17,700712614,kw/h,,2026-08-17T15:56:00,opening stock,"Opening Stock, Dragon, LNG Importation"
2026-09-04T00:07:09+00:00,dragon,stock,D0,PUBOBJ2372,2026-08-18,700275177,kw/h,,2026-08-18T15:56:00,opening stock,"Opening Stock, Dragon, LNG Importation"
2026-09-04T00:07:09+00:00,dragon,stock,D0,PUBOBJ2372,2026-08-19,700881863,kw/h,,2026-08-19T15:56:00,opening stock,"Opening Stock, Dragon, LNG Importation"
2026-09-04T00:07:09+00:00,dragon,stock,D0,PUBOBJ2372,2026-08-20,707581556,kw/h,,2026-08-20T15:56:00,opening stock,"Opening Stock, Dragon, LNG Importation"
2026-09-04T00:07:09+00:00,dragon,stock,D0,PUBOBJ2372,2026-08-21,707619258,kw/h,,2026-08-21T15:56:00,opening stock,"Opening Stock, Dragon, LNG Importation"
2026-09-04T00:07:09+00:00,dragon,stock,D0,PUBOBJ2372,2026-08-22,707360471,kw/h,,2026-08-22T15:56:00,opening stock,"Opening Stock, Dragon, LNG Importation"
2026-09-04T00:07:09+00:00,dragon,stock,D0,PUBOBJ2372,2026-08-23,707194614,kw/h,,2026-08-23T15:56:00,opening stock,"Opening Stock, Dragon, LNG Importation"
2026-09-04T00:07:09+00:00,dragon,stock,D0,PUBOBJ2372,2026-08-24,707271284,kw/h,,2026-08-24T15:56:00,opening stock,"Opening Stock, Dragon, LNG Importation"
2026-09-04T00:07:09+00:00,dragon,stock,D0,PUBOBJ2372,2026-08-25,700198100,kw/h,,2026-08-25T15:56:00,opening stock,"Opening Stock, Dragon, LNG Importation"
2026-09-04T00:07:09+00:00,dragon,stock,D0,PUBOBJ2372,2026-08-26,700884435,kw/h,,2026-08-26T15:56:00,opening stock,"Opening Stock, Dragon, LNG Importation"
2026-09-04T00:07:09+00:00,dragon,stock,D0,PUBOBJ2372,2026-08-27,701036478,kw/h,,2026-08-27T15:56:00,opening stock,"Opening Stock, Dragon, LNG Importation"
2026-09-04T00:07:09+00:00,dragon,stock,D0,PUBOBJ2372,2026-08-28,701570623,kw/h,,2026-08-28T15:56:00,opening stock,"Opening Stock, Dragon, LNG Importation"
2026-09-04T00:07:09+00:00,dragon,stock,D0,PUBOBJ2372,2026-08-29,704729406,kw/h,,2026-08-29T15:56:00,opening stock,"Opening Stock, Dragon, LNG Importation"
2026-09-04T00:07:09+00:00,dragon,stock,D0,PUBOBJ2372,2026-08-30,704527570,kw/h,,2026-08-30T15:56:00,opening stock,"Opening Stock, Dragon, LNG Importation"
2026-09-04T00:07:09+00:00,dragon,stock,D0,PUBOBJ2372,2026-08-31,704500369,kw/h,,2026-08-31T15:56:00,opening stock,"Opening Stock, Dragon, LNG Importation"
2026-09-04T00:07:09+00:00,dragon,stock,D0,PUBOBJ2372,2026-09-01,707045442,kw/h,,2026-09-01T15:56:00,opening stock,"Opening Stock, Dragon, LNG Importation"
2026-09-04T00:07:09+00:00,dragon,stock,D0,PUBOBJ2372,2026-09-02,707270483,kw/h,,2026-09-02T15:56:00,opening stock,"Opening Stock, Dragon, LNG Importation"
2026-09-04T00:07:09+00:00,dragon,stock,D0,PUBOBJ2372,2026-09-03,706579462,kw/h,,2026-09-03T15:56:00,opening stock,"Opening Stock, Dragon, LNG Importation"
2026-09-04T00:07:09+00:00,grain,inflow,D+1,PUBOBJ2403,2026-07-21,0,kw/h,,2026-07-21T15:56:00,LNG importation,"Inflow, Isle Of Grain, LNG Importation"
2026-09-04T00:07:09+00:00,grain,inflow,D+1,PUBOBJ2403,2026-07-22,0,kw/h,,2026-07-22T15:56:00,LNG importation,"Inflow, Isle Of Grain, LNG Importation"
2026-09-04T00:07:09+00:00,grain,inflow,D+1,PUBOBJ2403,2026-07-23,0,kw/h,,2026-07-23T15:56:00,LNG importation,"Inflow, Isle Of Grain, LNG Importation"
2026-09-04T00:07:09+00:00,grain,inflow,D+1,PUBOBJ2403,2026-07-24,0,kw/h,,2026-07-24T15:56:00,LNG importation,"Inflow, Isle Of Grain, LNG Importation"
2026-09-04T00:07:09+00:00,grain,inflow,D+1,PUBOBJ2403,2026-07-25,0,kw/h,,2026-07-25T15:56:00,LNG importation,"Inflow, Isle Of Grain, LNG Importation"
2026-09-04T00:07:09+00:00,grain,inflow,D+1,PUBOBJ2403,2026-07-26,0,kw/h,,2026-07-26T15:56:00,LNG importation,"Inflow, Isle Of Grain, LNG Importation"
2026-09-04T00:07:09+00:00,grain,inflow,D+1,PUBOBJ2403,2026-07-27,0,kw/h,,2026-07-27T15:56:00,LNG importation,"Inflow, Isle Of Grain, LNG Importation"
2026-09-04T00:07:09+00:00,grain,inflow,D+1,PUBOBJ2403,2026-07-28,0,kw/h,,2026-07-28T15:56:00,LNG importation,"Inflow, Isle Of Grain, LNG Importation"
2026-09-04T00:07:09+00:00,grain,inflow,D+1,PUBOBJ2403,2026-07-29,0,kw/h,,2026-07-29T15:56:00,LNG importation,"Inflow, Isle Of Grain, LNG Importation"
2026-09-04T00:07:09+00:00,grain,inflow,D+1,PUBOBJ2403,2026-07-30,0,kw/h,,2026-07-30T15:56:00,LNG importation,"Inflow, Isle Of Grain, LNG Importation"
2026-09-04T00:07:09+00:00,grain,inflow,D+1,PUBOBJ2403,2026-07-31,0,kw/h,,2026-07-31T15:56:00,LNG importation,"Inflow, Isle Of Grain, LNG Importation"
2026-09-04T00:07:09+00:00,grain,inflow,D+1,PUBOBJ2403,2026-08-01,0,kw/h,,2026-08-01T15:56:00,LNG importation,"Inflow, Isle Of Grain, LNG Importation"
2026-09-04T00:07:09+00:00,grain,inflow,D+1,PUBOBJ2403,2026-08-02,0,kw/h,,2026-08-02T15:56:00,LNG importation,"Inflow, Isle Of Grain, LNG Importation"
2026-09-04T00:07:09+00:00,grain,inflow,D+1,PUBOBJ2403,2026-08-03,0,kw/h,,2026-08-03T15:56:00,LNG importation,"Inflow, Isle Of Grain, LNG Importation"
2026-09-04T00:07:09+00:00,grain,inflow,D+1,PUBOBJ2403,2026-08-04,0,kw/h,,2026-08-04T15:56:00,LNG importation,"Inflow, Isle Of Grain, LNG Importation"
2026-09-04T00:07:09+00:00,grain,inflow,D+1,PUBOBJ2403,2026-08-05,0,kw/h,,2026-08-05T15:56:00,LNG importation,"Inflow, Isle Of Grain, LNG Importation"
2026-09-04T00:07:09+00:00,grain,inflow,D+1,PUBOBJ2403,2026-08-06,0,kw/h,,2026-08-06T15:56:00,LNG importation,"Inflow, Isle Of Grain, LNG Importation"
2026-09-04T00:07:09+00:00,grain,inflow,D+1,PUBOBJ2403,2026-08-07,0,kw/h,,2026-08-07T15:56:00,LNG importation,"Inflow, Isle Of Grain, LNG Importation"
2026-09-04T00:07:09+00:00,grain,inflow,D+1,PUBOBJ2403,2026-08-08,0,kw/h,,2026-08-08T15:56:00,LNG importation,"Inflow, Isle Of Grain, LNG Importation"
2026-09-04T00:07:09+00:00,grain,inflow,D+1,PUBOBJ2403,2026-08-09,0,kw/h,,2026-08-09T15:56:00,LNG importation,"Inflow, Isle Of Grain, LNG Importation"
2026-09-04T00:07:09+00:00,grain,inflow,D+1,PUBOBJ2403,2026-08-10,0,kw/h,,2026-08-10T15:56:00,LNG importation,"Inflow, Isle Of Grain, LNG Importation"
2026-09-04T00:07:09+00:00,grain,inflow,D+1,PUBOBJ2403,2026-08-11,0,kw/h,,2026-08-11T15:56:00,LNG importation,"Inflow, Isle Of Grain, LNG Importation"
2026-09-04T00:07:09+00:00,grain,inflow,D+1,PUBOBJ2403,2026-08-12,0,kw/h,,2026-08-12T15:56:00,LNG importation,"Inflow, Isle Of Grain, LNG Importation"
2026-09-04T00:07:09+00:00,grain,inflow,D+1,PUBOBJ2403,2026-08-13,0,kw/h,,2026-08-13T15:56:00,LNG importation,"Inflow, Isle Of Grain, LNG Importation"
2026-09-04T00:07:09+00:00,grain,inflow,D+1,PUBOBJ2403,2026-08-14,0,kw/h,,2026-08-14T15:56:00,LNG importation,"Inflow, Isle Of Grain, LNG Importation"
2026-09-04T00:07:09+00:00,grain,inflow,D+1,PUBOBJ2403,2026-08-15,0,kw/h,,2026-08-15T15:56:00,LNG importation,"Inflow, Isle Of Grain, LNG Importation"
2026-09-04T00:07:09+00:00,grain,inflow,D+1,PUBOBJ2403,2026-08-16,0,kw/h,,2026-08-16T15:56:00,LNG importation,"Inflow, Isle Of Grain, LNG Importation"
2026-09-04T00:07:09+00:00,grain,inflow,D+1,PUBOBJ2403,2026-08-17,0,kw/h,,2026-08-17T15:56:00,LNG importation,"Inflow, Isle Of Grain, LNG Importation"
2026-09-04T00:07:09+00:00,grain,inflow,D+1,PUBOBJ2403,2026-08-18,0,kw/h,,2026-08-18T15:56:00,LNG importation,"Inflow, Isle Of Grain, LNG Importation"
2026-09-04T00:07:09+00:00,grain,inflow,D+1,PUBOBJ2403,2026-08-19,0,kw/h,,2026-08-19T15:56:00,LNG importation,"Inflow, Isle Of Grain, LNG Importation"
2026-09-04T00:07:09+00:00,grain,inflow,D+1,PUBOBJ2403,2026-08-20,0,kw/h,,2026-08-20T15:56:00,LNG importation,"Inflow, Isle Of Grain, LNG Importation"
2026-09-04T00:07:09+00:00,grain,inflow,D+1,PUBOBJ2403,2026-08-21,0,kw/h,,2026-08-21T15:56:00,LNG importation,"Inflow, Isle Of Grain, LNG Importation"
2026-09-04T00:07:09+00:00,grain,inflow,D+1,PUBOBJ2403,2026-08-22,0,kw/h,,2026-08-22T15:56:00,LNG importation,"Inflow, Isle Of Grain, LNG Importation"
2026-09-04T00:07:09+00:00,grain,inflow,D+1,PUBOBJ2403,2026-08-23,0,kw/h,,2026-08-23T15:56:00,LNG importation,"Inflow, Isle Of Grain, LNG Importation"
2026-09-04T00:07:09+00:00,grain,inflow,D+1,PUBOBJ2403,2026-08-24,0,kw/h,,2026-08-24T15:56:00,LNG importation,"Inflow, Isle Of Grain, LNG Importation"
2026-09-04T00:07:09+00:00,grain,inflow,D+1,PUBOBJ2403,2026-08-25,0,kw/h,,2026-08-25T15:56:00,LNG importation,"Inflow, Isle Of Grain, LNG Importation"
2026-09-04T00:07:09+00:00,grain,inflow,D+1,PUBOBJ2403,2026-08-26,0,kw/h,,2026-08-26T15:56:00,LNG importation,"Inflow, Isle Of Grain, LNG Importation"
2026-09-04T00:07:09+00:00,grain,inflow,D+1,PUBOBJ2403,2026-08-27,0,kw/h,,2026-08-27T15:56:00,LNG importation,"Inflow, Isle Of Grain, LNG Importation"
2026-09-04T00:07:09+00:00,grain,inflow,D+1,PUBOBJ2403,2026-08-28,0,kw/h,,2026-08-28T15:56:00,LNG importation,"Inflow, Isle Of Grain, LNG Importation"
2026-09-04T00:07:09+00:00,grain,inflow,D+1,PUBOBJ2403,2026-08-29,0,kw/h,,2026-08-29T15:56:00,LNG importation,"Inflow, Isle Of Grain, LNG Importation"
2026-09-04T00:07:09+00:00,grain,inflow,D+1,PUBOBJ2403,2026-08-30,0,kw/h,,2026-08-30T15:56:00,LNG importation,"Inflow, Isle Of Grain, LNG Importation"
2026-09-04T00:07:09+00:00,grain,inflow,D+1,PUBOBJ2403,2026-08-31,0,kw/h,,2026-08-31T15:56:00,LNG importation,"Inflow, Isle Of Grain, LNG Importation"
2026-09-04T00:07:09+00:00,grain,inflow,D+1,PUBOBJ2403,2026-09-01,0,kw/h,,2026-09-01T15:56:00,LNG importation,"Inflow, Isle Of Grain, LNG Importation"
2026-09-04T00:07:09+00:00,grain,inflow,D+1,PUBOBJ2403,2026-09-02,450338073,kw/h,,2026-09-02T15:56:00,LNG importation,"Inflow, Isle Of Grain, LNG Importation"
2026-09-04T00:07:09+00:00,grain,inflow,D+1,PUBOBJ2403,2026-09-03,0,kw/h,,2026-09-03T15:56:00,LNG importation,"Inflow, Isle Of Grain, LNG Importation"
2026-09-04T00:07:09+00:00,south_hook,inflow,D+1,PUBOBJ2411,2026-07-21,0,kw/h,,2026-07-21T15:56:00,LNG importation,"Inflow, South Hook, LNG Importation"
2026-09-04T00:07:09+00:00,south_hook,inflow,D+1,PUBOBJ2411,2026-07-22,0,kw/h,,2026-07-22T15:56:00,LNG importation,"Inflow, South Hook, LNG Importation"
2026-09-04T00:07:09+00:00,south_hook,inflow,D+1,PUBOBJ2411,2026-07-23,0,kw/h,,2026-07-23T15:56:00,LNG importation,"Inflow, South Hook, LNG Importation"
2026-09-04T00:07:09+00:00,south_hook,inflow,D+1,PUBOBJ2411,2026-07-24,0,kw/h,,2026-07-24T15:56:00,LNG importation,"Inflow, South Hook, LNG Importation"
2026-09-04T00:07:09+00:00,south_hook,inflow,D+1,PUBOBJ2411,2026-07-25,0,kw/h,,2026-07-25T15:56:00,LNG importation,"Inflow, South Hook, LNG Importation"
2026-09-04T00:07:09+00:00,south_hook,inflow,D+1,PUBOBJ2411,2026-07-26,0,kw/h,,2026-07-26T15:56:00,LNG importation,"Inflow, South Hook, LNG Importation"
2026-09-04T00:07:09+00:00,south_hook,inflow,D+1,PUBOBJ2411,2026-07-27,0,kw/h,,2026-07-27T15:56:00,LNG importation,"Inflow, South Hook, LNG Importation"
2026-09-04T00:07:09+00:00,south_hook,inflow,D+1,PUBOBJ2411,2026-07-28,0,kw/h,,2026-07-28T15:56:00,LNG importation,"Inflow, South Hook, LNG Importation"
2026-09-04T00:07:09+00:00,south_hook,inflow,D+1,PUBOBJ2411,2026-07-29,0,kw/h,,2026-07-29T15:56:00,LNG importation,"Inflow, South Hook, LNG Importation"
2026-09-04T00:07:09+00:00,south_hook,inflow,D+1,PUBOBJ2411,2026-07-30,0,kw/h,,2026-07-30T15:56:00,LNG importation,"Inflow, South Hook, LNG Importation"
2026-09-04T00:07:09+00:00,south_hook,inflow,D+1,PUBOBJ2411,2026-07-31,986149593,kw/h,,2026-07-31T15:56:00,LNG importation,"Inflow, South Hook, LNG Importation"
2026-09-04T00:07:09+00:00,south_hook,inflow,D+1,PUBOBJ2411,2026-08-01,0,kw/h,,2026-08-01T15:56:00,LNG importation,"Inflow, South Hook, LNG Importation"
2026-09-04T00:07:09+00:00,south_hook,inflow,D+1,PUBOBJ2411,2026-08-02,0,kw/h,,2026-08-02T15:56:00,LNG importation,"Inflow, South Hook, LNG Importation"
2026-09-04T00:07:09+00:00,south_hook,inflow,D+1,PUBOBJ2411,2026-08-03,0,kw/h,,2026-08-03T15:56:00,LNG importation,"Inflow, South Hook, LNG Importation"
2026-09-04T00:07:09+00:00,south_hook,inflow,D+1,PUBOBJ2411,2026-08-04,0,kw/h,,2026-08-04T15:56:00,LNG importation,"Inflow, South Hook, LNG Importation"
2026-09-04T00:07:09+00:00,south_hook,inflow,D+1,PUBOBJ2411,2026-08-05,0,kw/h,,2026-08-05T15:56:00,LNG importation,"Inflow, South Hook, LNG Importation"
2026-09-04T00:07:09+00:00,south_hook,inflow,D+1,PUBOBJ2411,2026-08-06,0,kw/h,,2026-08-06T15:56:00,LNG importation,"Inflow, South Hook, LNG Importation"
2026-09-04T00:07:09+00:00,south_hook,inflow,D+1,PUBOBJ2411,2026-08-07,0,kw/h,,2026-08-07T15:56:00,LNG importation,"Inflow, South Hook, LNG Importation"
2026-09-04T00:07:09+00:00,south_hook,inflow,D+1,PUBOBJ2411,2026-08-08,0,kw/h,,2026-08-08T15:56:00,LNG importation,"Inflow, South Hook, LNG Importation"
2026-09-04T00:07:09+00:00,south_hook,inflow,D+1,PUBOBJ2411,2026-08-09,0,kw/h,,2026-08-09T15:56:00,LNG importation,"Inflow, South Hook, LNG Importation"
2026-09-04T00:07:09+00:00,south_hook,inflow,D+1,PUBOBJ2411,2026-08-10,0,kw/h,,2026-08-10T15:56:00,LNG importation,"Inflow, South Hook, LNG Importation"
2026-09-04T00:07:09+00:00,south_hook,inflow,D+1,PUBOBJ2411,2026-08-11,0,kw/h,,2026-08-11T15:56:00,LNG importation,"Inflow, South Hook, LNG Importation"
2026-09-04T00:07:09+00:00,south_hook,inflow,D+1,PUBOBJ2411,2026-08-12,0,kw/h,,2026-08-12T15:56:00,LNG importation,"Inflow, South Hook, LNG Importation"
2026-09-04T00:07:09+00:00,south_hook,inflow,D+1,PUBOBJ2411,2026-08-13,0,kw/h,,2026-08-13T15:56:00,LNG importation,"Inflow, South Hook, LNG Importation"
2026-09-04T00:07:09+00:00,south_hook,inflow,D+1,PUBOBJ2411,2026-08-14,0,kw/h,,2026-08-14T15:56:00,LNG importation,"Inflow, South Hook, LNG Importation"
2026-09-04T00:07:09+00:00,south_hook,inflow,D+1,PUBOBJ2411,2026-08-15,0,kw/h,,2026-08-15T15:56:00,LNG importation,"Inflow, South Hook, LNG Importation"
2026-09-04T00:07:09+00:00,south_hook,inflow,D+1,PUBOBJ2411,2026-08-16,0,kw/h,,2026-08-16T15:56:00,LNG importation,"Inflow, South Hook, LNG Importation"
2026-09-04T00:07:09+00:00,south_hook,inflow,D+1,PUBOBJ2411,2026-08-17,0,kw/h,,2026-08-17T15:56:00,LNG importation,"Inflow, South Hook, LNG Importation"
2026-09-04T00:07:09+00:00,south_hook,inflow,D+1,PUBOBJ2411,2026-08-18,0,kw/h,,2026-08-18T15:56:00,LNG importation,"Inflow, South Hook, LNG Importation"
2026-09-04T00:07:09+00:00,south_hook,inflow,D+1,PUBOBJ2411,2026-08-19,0,kw/h,,2026-08-19T15:56:00,LNG importation,"Inflow, South Hook, LNG Importation"
2026-09-04T00:07:09+00:00,south_hook,inflow,D+1,PUBOBJ2411,2026-08-20,0,kw/h,,2026-08-20T15:56:00,LNG importation,"Inflow, South Hook, LNG Importation"
2026-09-04T00:07:09+00:00,south_hook,inflow,D+1,PUBOBJ2411,2026-08-21,0,kw/h,,2026-08-21T15:56:00,LNG importation,"Inflow, South Hook, LNG Importation"
2026-09-04T00:07:09+00:00,south_hook,inflow,D+1,PUBOBJ2411,2026-08-22,0,kw/h,,2026-08-22T15:56:00,LNG importation,"Inflow, South Hook, LNG Importation"
2026-09-04T00:07:09+00:00,south_hook,inflow,D+1,PUBOBJ2411,2026-08-23,0,kw/h,,2026-08-23T15:56:00,LNG importation,"Inflow, South Hook, LNG Importation"
2026-09-04T00:07:09+00:00,south_hook,inflow,D+1,PUBOBJ2411,2026-08-24,0,kw/h,,2026-08-24T15:56:00,LNG importation,"Inflow, South Hook, LNG Importation"
2026-09-04T00:07:09+00:00,south_hook,inflow,D+1,PUBOBJ2411,2026-08-25,0,kw/h,,2026-08-25T15:56:00,LNG importation,"Inflow, South Hook, LNG Importation"
2026-09-04T00:07:09+00:00,south_hook,inflow,D+1,PUBOBJ2411,2026-08-26,0,kw/h,,2026-08-26T15:56:00,LNG importation,"Inflow, South Hook, LNG Importation"
2026-09-04T00:07:09+00:00,south_hook,inflow,D+1,PUBOBJ2411,2026-08-27,0,kw/h,,2026-08-27T15:56:00,LNG importation,"Inflow, South Hook, LNG Importation"
2026-09-04T00:07:09+00:00,south_hook,inflow,D+1,PUBOBJ2411,2026-08-28,977153885,kw/h,,2026-08-28T15:56:00,LNG importation,"Inflow, South Hook, LNG Importation"
2026-09-04T00:07:09+00:00,south_hook,inflow,D+1,PUBOBJ2411,2026-08-29,0,kw/h,,2026-08-29T15:56:00,LNG importation,"Inflow, South Hook, LNG Importation"
2026-09-04T00:07:09+00:00,south_hook,inflow,D+1,PUBOBJ2411,2026-08-30,0,kw/h,,2026-08-30T15:56:00,LNG importation,"Inflow, South Hook, LNG Importation"
2026-09-04T00:07:09+00:00,south_hook,inflow,D+1,PUBOBJ2411,2026-08-31,0,kw/h,,2026-08-31T15:56:00,LNG importation,"Inflow, South Hook, LNG Importation"
2026-09-04T00:07:09+00:00,south_hook,inflow,D+1,PUBOBJ2411,2026-09-01,0,kw/h,,2026-09-01T15:56:00,LNG importation,"Inflow, South Hook, LNG Importation"
2026-09-04T00:07:09+00:00,south_hook,inflow,D+1,PUBOBJ2411,2026-09-02,0,kw/h,,2026-09-02T15:56:00,LNG importation,"Inflow, South Hook, LNG Importation"
2026-09-04T00:07:09+00:00,south_hook,inflow,D+1,PUBOBJ2411,2026-09-03,0,kw/h,,2026-09-03T15:56:00,LNG importation,"Inflow, South Hook, LNG Importation"
2026-09-04T00:07:09+00:00,dragon,inflow,D+1,PUBOBJ2412,2026-07-21,0,kw/h,,2026-07-21T15:56:00,LNG importation,"Inflow, Dragon, LNG Importation"
2026-09-04T00:07:09+00:00,dragon,inflow,D+1,PUBOBJ2412,2026-07-22,0,kw/h,,2026-07-22T15:56:00,LNG importation,"Inflow, Dragon, LNG Importation"
2026-09-04T00:07:09+00:00,dragon,inflow,D+1,PUBOBJ2412,2026-07-23,553624,kw/h,,2026-07-23T15:56:00,LNG importation,"Inflow, Dragon, LNG Importation"
2026-09-04T00:07:09+00:00,dragon,inflow,D+1,PUBOBJ2412,2026-07-24,0,kw/h,,2026-07-24T15:56:00,LNG importation,"Inflow, Dragon, LNG Importation"
2026-09-04T00:07:09+00:00,dragon,inflow,D+1,PUBOBJ2412,2026-07-25,0,kw/h,,2026-07-25T15:56:00,LNG importation,"Inflow, Dragon, LNG Importation"
2026-09-04T00:07:09+00:00,dragon,inflow,D+1,PUBOBJ2412,2026-07-26,484429,kw/h,,2026-07-26T15:56:00,LNG importation,"Inflow, Dragon, LNG Importation"
2026-09-04T00:07:09+00:00,dragon,inflow,D+1,PUBOBJ2412,2026-07-27,0,kw/h,,2026-07-27T15:56:00,LNG importation,"Inflow, Dragon, LNG Importation"
2026-09-04T00:07:09+00:00,dragon,inflow,D+1,PUBOBJ2412,2026-07-28,386860,kw/h,,2026-07-28T15:56:00,LNG importation,"Inflow, Dragon, LNG Importation"
2026-09-04T00:07:09+00:00,dragon,inflow,D+1,PUBOBJ2412,2026-07-29,0,kw/h,,2026-07-29T15:56:00,LNG importation,"Inflow, Dragon, LNG Importation"
2026-09-04T00:07:09+00:00,dragon,inflow,D+1,PUBOBJ2412,2026-07-30,0,kw/h,,2026-07-30T15:56:00,LNG importation,"Inflow, Dragon, LNG Importation"
2026-09-04T00:07:09+00:00,dragon,inflow,D+1,PUBOBJ2412,2026-07-31,0,kw/h,,2026-07-31T15:56:00,LNG importation,"Inflow, Dragon, LNG Importation"
2026-09-04T00:07:09+00:00,dragon,inflow,D+1,PUBOBJ2412,2026-08-01,109732,kw/h,,2026-08-01T15:56:00,LNG importation,"Inflow, Dragon, LNG Importation"
2026-09-04T00:07:09+00:00,dragon,inflow,D+1,PUBOBJ2412,2026-08-02,0,kw/h,,2026-08-02T15:56:00,LNG importation,"Inflow, Dragon, LNG Importation"
2026-09-04T00:07:09+00:00,dragon,inflow,D+1,PUBOBJ2412,2026-08-03,493861,kw/h,,2026-08-03T15:56:00,LNG importation,"Inflow, Dragon, LNG Importation"
2026-09-04T00:07:09+00:00,dragon,inflow,D+1,PUBOBJ2412,2026-08-04,758208,kw/h,,2026-08-04T15:56:00,LNG importation,"Inflow, Dragon, LNG Importation"
2026-09-04T00:07:09+00:00,dragon,inflow,D+1,PUBOBJ2412,2026-08-05,504829,kw/h,,2026-08-05T15:56:00,LNG importation,"Inflow, Dragon, LNG Importation"
2026-09-04T00:07:09+00:00,dragon,inflow,D+1,PUBOBJ2412,2026-08-06,24920,kw/h,,2026-08-06T15:56:00,LNG importation,"Inflow, Dragon, LNG Importation"
2026-09-04T00:07:09+00:00,dragon,inflow,D+1,PUBOBJ2412,2026-08-07,0,kw/h,,2026-08-07T15:56:00,LNG importation,"Inflow, Dragon, LNG Importation"
2026-09-04T00:07:09+00:00,dragon,inflow,D+1,PUBOBJ2412,2026-08-08,0,kw/h,,2026-08-08T15:56:00,LNG importation,"Inflow, Dragon, LNG Importation"
2026-09-04T00:07:09+00:00,dragon,inflow,D+1,PUBOBJ2412,2026-08-09,417234,kw/h,,2026-08-09T15:56:00,LNG importation,"Inflow, Dragon, LNG Importation"
2026-09-04T00:07:09+00:00,dragon,inflow,D+1,PUBOBJ2412,2026-08-10,343631,kw/h,,2026-08-10T15:56:00,LNG importation,"Inflow, Dragon, LNG Importation"
2026-09-04T00:07:09+00:00,dragon,inflow,D+1,PUBOBJ2412,2026-08-11,0,kw/h,,2026-08-11T15:56:00,LNG importation,"Inflow, Dragon, LNG Importation"
2026-09-04T00:07:09+00:00,dragon,inflow,D+1,PUBOBJ2412,2026-08-12,0,kw/h,,2026-08-12T15:56:00,LNG importation,"Inflow, Dragon, LNG Importation"
2026-09-04T00:07:09+00:00,dragon,inflow,D+1,PUBOBJ2412,2026-08-13,0,kw/h,,2026-08-13T15:56:00,LNG importation,"Inflow, Dragon, LNG Importation"
2026-09-04T00:07:09+00:00,dragon,inflow,D+1,PUBOBJ2412,2026-08-14,2691785,kw/h,,2026-08-14T15:56:00,LNG importation,"Inflow, Dragon, LNG Importation"
2026-09-04T00:07:09+00:00,dragon,inflow,D+1,PUBOBJ2412,2026-08-15,0,kw/h,,2026-08-15T15:56:00,LNG importation,"Inflow, Dragon, LNG Importation"
2026-09-04T00:07:09+00:00,dragon,inflow,D+1,PUBOBJ2412,2026-08-16,4569642,kw/h,,2026-08-16T15:56:00,LNG importation,"Inflow, Dragon, LNG Importation"
2026-09-04T00:07:09+00:00,dragon,inflow,D+1,PUBOBJ2412,2026-08-17,0,kw/h,,2026-08-17T15:56:00,LNG importation,"Inflow, Dragon, LNG Importation"
2026-09-04T00:07:09+00:00,dragon,inflow,D+1,PUBOBJ2412,2026-08-18,0,kw/h,,2026-08-18T15:56:00,LNG importation,"Inflow, Dragon, LNG Importation"
2026-09-04T00:07:09+00:00,dragon,inflow,D+1,PUBOBJ2412,2026-08-19,606686,kw/h,,2026-08-19T15:56:00,LNG importation,"Inflow, Dragon, LNG Importation"
2026-09-04T00:07:09+00:00,dragon,inflow,D+1,PUBOBJ2412,2026-08-20,6699693,kw/h,,2026-08-20T15:56:00,LNG importation,"Inflow, Dragon, LNG Importation"
2026-09-04T00:07:09+00:00,dragon,inflow,D+1,PUBOBJ2412,2026-08-21,37702,kw/h,,2026-08-21T15:56:00,LNG importation,"Inflow, Dragon, LNG Importation"
2026-09-04T00:07:09+00:00,dragon,inflow,D+1,PUBOBJ2412,2026-08-22,0,kw/h,,2026-08-22T15:56:00,LNG importation,"Inflow, Dragon, LNG Importation"
2026-09-04T00:07:09+00:00,dragon,inflow,D+1,PUBOBJ2412,2026-08-23,0,kw/h,,2026-08-23T15:56:00,LNG importation,"Inflow, Dragon, LNG Importation"
2026-09-04T00:07:09+00:00,dragon,inflow,D+1,PUBOBJ2412,2026-08-24,76670,kw/h,,2026-08-24T15:56:00,LNG importation,"Inflow, Dragon, LNG Importation"
2026-09-04T00:07:09+00:00,dragon,inflow,D+1,PUBOBJ2412,2026-08-25,0,kw/h,,2026-08-25T15:56:00,LNG importation,"Inflow, Dragon, LNG Importation"
2026-09-04T00:07:09+00:00,dragon,inflow,D+1,PUBOBJ2412,2026-08-26,686335,kw/h,,2026-08-26T15:56:00,LNG importation,"Inflow, Dragon, LNG Importation"
2026-09-04T00:07:09+00:00,dragon,inflow,D+1,PUBOBJ2412,2026-08-27,152043,kw/h,,2026-08-27T15:56:00,LNG importation,"Inflow, Dragon, LNG Importation"
2026-09-04T00:07:09+00:00,dragon,inflow,D+1,PUBOBJ2412,2026-08-28,534145,kw/h,,2026-08-28T15:56:00,LNG importation,"Inflow, Dragon, LNG Importation"
2026-09-04T00:07:09+00:00,dragon,inflow,D+1,PUBOBJ2412,2026-08-29,3158783,kw/h,,2026-08-29T15:56:00,LNG importation,"Inflow, Dragon, LNG Importation"
2026-09-04T00:07:09+00:00,dragon,inflow,D+1,PUBOBJ2412,2026-08-30,0,kw/h,,2026-08-30T15:56:00,LNG importation,"Inflow, Dragon, LNG Importation"
2026-09-04T00:07:09+00:00,dragon,inflow,D+1,PUBOBJ2412,2026-08-31,0,kw/h,,2026-08-31T15:56:00,LNG importation,"Inflow, Dragon, LNG Importation"
2026-09-04T00:07:09+00:00,dragon,inflow,D+1,PUBOBJ2412,2026-09-01,2545073,kw/h,,2026-09-01T15:56:00,LNG importation,"Inflow, Dragon, LNG Importation"
2026-09-04T00:07:09+00:00,dragon,inflow,D+1,PUBOBJ2412,2026-09-02,225041,kw/h,,2026-09-02T15:56:00,LNG importation,"Inflow, Dragon, LNG Importation"
2026-09-04T00:07:09+00:00,dragon,inflow,D+1,PUBOBJ2412,2026-09-03,0,kw/h,,2026-09-03T15:56:00,LNG importation,"Inflow, Dragon, LNG Importation"
2026-09-04T00:07:09+00:00,grain,outflow,D+1,PUBOBJ2415,2026-07-21,37053254,kw/h,,2026-07-21T15:56:00,LNG importation,"Outflow, Isle Of Grain, LNG Importation"
2026-09-04T00:07:09+00:00,grain,outflow,D+1,PUBOBJ2415,2026-07-22,38734097,kw/h,,2026-07-22T15:56:00,LNG importation,"Outflow, Isle Of Grain, LNG Importation"
2026-09-04T00:07:09+00:00,grain,outflow,D+1,PUBOBJ2415,2026-07-23,38831857,kw/h,,2026-07-23T15:56:00,LNG importation,"Outflow, Isle Of Grain, LNG Importation"
2026-09-04T00:07:09+00:00,grain,outflow,D+1,PUBOBJ2415,2026-07-24,38234504,kw/h,,2026-07-24T15:56:00,LNG importation,"Outflow, Isle Of Grain, LNG Importation"
2026-09-04T00:07:09+00:00,grain,outflow,D+1,PUBOBJ2415,2026-07-25,37804632,kw/h,,2026-07-25T15:56:00,LNG importation,"Outflow, Isle Of Grain, LNG Importation"
2026-09-04T00:07:09+00:00,grain,outflow,D+1,PUBOBJ2415,2026-07-26,37943626,kw/h,,2026-07-26T15:56:00,LNG importation,"Outflow, Isle Of Grain, LNG Importation"
2026-09-04T00:07:09+00:00,grain,outflow,D+1,PUBOBJ2415,2026-07-27,38268514,kw/h,,2026-07-27T15:56:00,LNG importation,"Outflow, Isle Of Grain, LNG Importation"
2026-09-04T00:07:09+00:00,grain,outflow,D+1,PUBOBJ2415,2026-07-28,37274406,kw/h,,2026-07-28T15:56:00,LNG importation,"Outflow, Isle Of Grain, LNG Importation"
2026-09-04T00:07:09+00:00,grain,outflow,D+1,PUBOBJ2415,2026-07-29,37562472,kw/h,,2026-07-29T15:56:00,LNG importation,"Outflow, Isle Of Grain, LNG Importation"
2026-09-04T00:07:09+00:00,grain,outflow,D+1,PUBOBJ2415,2026-07-30,38226141,kw/h,,2026-07-30T15:56:00,LNG importation,"Outflow, Isle Of Grain, LNG Importation"
2026-09-04T00:07:09+00:00,grain,outflow,D+1,PUBOBJ2415,2026-07-31,38396969,kw/h,,2026-07-31T15:56:00,LNG importation,"Outflow, Isle Of Grain, LNG Importation"
2026-09-04T00:07:09+00:00,grain,outflow,D+1,PUBOBJ2415,2026-08-01,38534736,kw/h,,2026-08-01T15:56:00,LNG importation,"Outflow, Isle Of Grain, LNG Importation"
2026-09-04T00:07:09+00:00,grain,outflow,D+1,PUBOBJ2415,2026-08-02,37842674,kw/h,,2026-08-02T15:56:00,LNG importation,"Outflow, Isle Of Grain, LNG Importation"
2026-09-04T00:07:09+00:00,grain,outflow,D+1,PUBOBJ2415,2026-08-03,38601595,kw/h,,2026-08-03T15:56:00,LNG importation,"Outflow, Isle Of Grain, LNG Importation"
2026-09-04T00:07:09+00:00,grain,outflow,D+1,PUBOBJ2415,2026-08-04,36950513,kw/h,,2026-08-04T15:56:00,LNG importation,"Outflow, Isle Of Grain, LNG Importation"
2026-09-04T00:07:09+00:00,grain,outflow,D+1,PUBOBJ2415,2026-08-05,38343316,kw/h,,2026-08-05T15:56:00,LNG importation,"Outflow, Isle Of Grain, LNG Importation"
2026-09-04T00:07:09+00:00,grain,outflow,D+1,PUBOBJ2415,2026-08-06,37570186,kw/h,,2026-08-06T15:56:00,LNG importation,"Outflow, Isle Of Grain, LNG Importation"
2026-09-04T00:07:09+00:00,grain,outflow,D+1,PUBOBJ2415,2026-08-07,38059451,kw/h,,2026-08-07T15:56:00,LNG importation,"Outflow, Isle Of Grain, LNG Importation"
2026-09-04T00:07:09+00:00,grain,outflow,D+1,PUBOBJ2415,2026-08-08,38369428,kw/h,,2026-08-08T15:56:00,LNG importation,"Outflow, Isle Of Grain, LNG Importation"
2026-09-04T00:07:09+00:00,grain,outflow,D+1,PUBOBJ2415,2026-08-09,38254685,kw/h,,2026-08-09T15:56:00,LNG importation,"Outflow, Isle Of Grain, LNG Importation"
2026-09-04T00:07:09+00:00,grain,outflow,D+1,PUBOBJ2415,2026-08-10,38435301,kw/h,,2026-08-10T15:56:00,LNG importation,"Outflow, Isle Of Grain, LNG Importation"
2026-09-04T00:07:09+00:00,grain,outflow,D+1,PUBOBJ2415,2026-08-11,38276514,kw/h,,2026-08-11T15:56:00,LNG importation,"Outflow, Isle Of Grain, LNG Importation"
2026-09-04T00:07:09+00:00,grain,outflow,D+1,PUBOBJ2415,2026-08-12,39039512,kw/h,,2026-08-12T15:56:00,LNG importation,"Outflow, Isle Of Grain, LNG Importation"
2026-09-04T00:07:09+00:00,grain,outflow,D+1,PUBOBJ2415,2026-08-13,38705619,kw/h,,2026-08-13T15:56:00,LNG importation,"Outflow, Isle Of Grain, LNG Importation"
2026-09-04T00:07:09+00:00,grain,outflow,D+1,PUBOBJ2415,2026-08-14,37865517,kw/h,,2026-08-14T15:56:00,LNG importation,"Outflow, Isle Of Grain, LNG Importation"
2026-09-04T00:07:09+00:00,grain,outflow,D+1,PUBOBJ2415,2026-08-15,37446745,kw/h,,2026-08-15T15:56:00,LNG importation,"Outflow, Isle Of Grain, LNG Importation"
2026-09-04T00:07:09+00:00,grain,outflow,D+1,PUBOBJ2415,2026-08-16,37919108,kw/h,,2026-08-16T15:56:00,LNG importation,"Outflow, Isle Of Grain, LNG Importation"
2026-09-04T00:07:09+00:00,grain,outflow,D+1,PUBOBJ2415,2026-08-17,37512948,kw/h,,2026-08-17T15:56:00,LNG importation,"Outflow, Isle Of Grain, LNG Importation"
2026-09-04T00:07:09+00:00,grain,outflow,D+1,PUBOBJ2415,2026-08-18,38015150,kw/h,,2026-08-18T15:56:00,LNG importation,"Outflow, Isle Of Grain, LNG Importation"
2026-09-04T00:07:09+00:00,grain,outflow,D+1,PUBOBJ2415,2026-08-19,38161361,kw/h,,2026-08-19T15:56:00,LNG importation,"Outflow, Isle Of Grain, LNG Importation"
2026-09-04T00:07:09+00:00,grain,outflow,D+1,PUBOBJ2415,2026-08-20,37466622,kw/h,,2026-08-20T15:56:00,LNG importation,"Outflow, Isle Of Grain, LNG Importation"
2026-09-04T00:07:09+00:00,grain,outflow,D+1,PUBOBJ2415,2026-08-21,38446022,kw/h,,2026-08-21T15:56:00,LNG importation,"Outflow, Isle Of Grain, LNG Importation"
2026-09-04T00:07:09+00:00,grain,outflow,D+1,PUBOBJ2415,2026-08-22,37407039,kw/h,,2026-08-22T15:56:00,LNG importation,"Outflow, Isle Of Grain, LNG Importation"
2026-09-04T00:07:09+00:00,grain,outflow,D+1,PUBOBJ2415,2026-08-23,38695235,kw/h,,2026-08-23T15:56:00,LNG importation,"Outflow, Isle Of Grain, LNG Importation"
2026-09-04T00:07:09+00:00,grain,outflow,D+1,PUBOBJ2415,2026-08-24,37967955,kw/h,,2026-08-24T15:56:00,LNG importation,"Outflow, Isle Of Grain, LNG Importation"
2026-09-04T00:07:09+00:00,grain,outflow,D+1,PUBOBJ2415,2026-08-25,37566564,kw/h,,2026-08-25T15:56:00,LNG importation,"Outflow, Isle Of Grain, LNG Importation"
2026-09-04T00:07:09+00:00,grain,outflow,D+1,PUBOBJ2415,2026-08-26,38328130,kw/h,,2026-08-26T15:56:00,LNG importation,"Outflow, Isle Of Grain, LNG Importation"
2026-09-04T00:07:09+00:00,grain,outflow,D+1,PUBOBJ2415,2026-08-27,38189999,kw/h,,2026-08-27T15:56:00,LNG importation,"Outflow, Isle Of Grain, LNG Importation"
2026-09-04T00:07:09+00:00,grain,outflow,D+1,PUBOBJ2415,2026-08-28,39012545,kw/h,,2026-08-28T15:56:00,LNG importation,"Outflow, Isle Of Grain, LNG Importation"
2026-09-04T00:07:09+00:00,grain,outflow,D+1,PUBOBJ2415,2026-08-29,37911129,kw/h,,2026-08-29T15:56:00,LNG importation,"Outflow, Isle Of Grain, LNG Importation"
2026-09-04T00:07:09+00:00,grain,outflow,D+1,PUBOBJ2415,2026-08-30,38309675,kw/h,,2026-08-30T15:56:00,LNG importation,"Outflow, Isle Of Grain, LNG Importation"
2026-09-04T00:07:09+00:00,grain,outflow,D+1,PUBOBJ2415,2026-08-31,38168400,kw/h,,2026-08-31T15:56:00,LNG importation,"Outflow, Isle Of Grain, LNG Importation"
2026-09-04T00:07:09+00:00,grain,outflow,D+1,PUBOBJ2415,2026-09-01,38881650,kw/h,,2026-09-01T15:56:00,LNG importation,"Outflow, Isle Of Grain, LNG Importation"
2026-09-04T00:07:09+00:00,grain,outflow,D+1,PUBOBJ2415,2026-09-02,0,kw/h,,2026-09-02T15:56:00,LNG importation,"Outflow, Isle Of Grain, LNG Importation"
2026-09-04T00:07:09+00:00,grain,outflow,D+1,PUBOBJ2415,2026-09-03,52364022,kw/h,,2026-09-03T15:56:00,LNG importation,"Outflow, Isle Of Grain, LNG Importation"
2026-09-04T00:07:09+00:00,south_hook,outflow,D+1,PUBOBJ2423,2026-07-21,55061111,kw/h,,2026-07-21T15:56:00,LNG importation,"Outflow, South Hook, LNG Importation"
2026-09-04T00:07:09+00:00,south_hook,outflow,D+1,PUBOBJ2423,2026-07-22,55030556,kw/h,,2026-07-22T15:56:00,LNG importation,"Outflow, South Hook, LNG Importation"
2026-09-04T00:07:09+00:00,south_hook,outflow,D+1,PUBOBJ2423,2026-07-23,54969762,kw/h,,2026-07-23T15:56:00,LNG importation,"Outflow, South Hook, LNG Importation"
2026-09-04T00:07:09+00:00,south_hook,outflow,D+1,PUBOBJ2423,2026-07-24,54711149,kw/h,,2026-07-24T15:56:00,LNG importation,"Outflow, South Hook, LNG Importation"
2026-09-04T00:07:09+00:00,south_hook,outflow,D+1,PUBOBJ2423,2026-07-25,54630555,kw/h,,2026-07-25T15:56:00,LNG importation,"Outflow, South Hook, LNG Importation"
2026-09-04T00:07:09+00:00,south_hook,outflow,D+1,PUBOBJ2423,2026-07-26,54636110,kw/h,,2026-07-26T15:56:00,LNG importation,"Outflow, South Hook, LNG Importation"
2026-09-04T00:07:09+00:00,south_hook,outflow,D+1,PUBOBJ2423,2026-07-27,54622224,kw/h,,2026-07-27T15:56:00,LNG importation,"Outflow, South Hook, LNG Importation"
2026-09-04T00:07:09+00:00,south_hook,outflow,D+1,PUBOBJ2423,2026-07-28,54627776,kw/h,,2026-07-28T15:56:00,LNG importation,"Outflow, South Hook, LNG Importation"
2026-09-04T00:07:09+00:00,south_hook,outflow,D+1,PUBOBJ2423,2026-07-29,54613889,kw/h,,2026-07-29T15:56:00,LNG importation,"Outflow, South Hook, LNG Importation"
2026-09-04T00:07:09+00:00,south_hook,outflow,D+1,PUBOBJ2423,2026-07-30,64746668,kw/h,,2026-07-30T15:56:00,LNG importation,"Outflow, South Hook, LNG Importation"
2026-09-04T00:07:09+00:00,south_hook,outflow,D+1,PUBOBJ2423,2026-07-31,0,kw/h,,2026-07-31T15:56:00,LNG importation,"Outflow, South Hook, LNG Importation"
2026-09-04T00:07:09+00:00,south_hook,outflow,D+1,PUBOBJ2423,2026-08-01,71605003,kw/h,,2026-08-01T15:56:00,LNG importation,"Outflow, South Hook, LNG Importation"
2026-09-04T00:07:09+00:00,south_hook,outflow,D+1,PUBOBJ2423,2026-08-02,56027119,kw/h,,2026-08-02T15:56:00,LNG importation,"Outflow, South Hook, LNG Importation"
2026-09-04T00:07:09+00:00,south_hook,outflow,D+1,PUBOBJ2423,2026-08-03,56027778,kw/h,,2026-08-03T15:56:00,LNG importation,"Outflow, South Hook, LNG Importation"
2026-09-04T00:07:09+00:00,south_hook,outflow,D+1,PUBOBJ2423,2026-08-04,56115373,kw/h,,2026-08-04T15:56:00,LNG importation,"Outflow, South Hook, LNG Importation"
2026-09-04T00:07:09+00:00,south_hook,outflow,D+1,PUBOBJ2423,2026-08-05,56120696,kw/h,,2026-08-05T15:56:00,LNG importation,"Outflow, South Hook, LNG Importation"
2026-09-04T00:07:09+00:00,south_hook,outflow,D+1,PUBOBJ2423,2026-08-06,56130554,kw/h,,2026-08-06T15:56:00,LNG importation,"Outflow, South Hook, LNG Importation"
2026-09-04T00:07:09+00:00,south_hook,outflow,D+1,PUBOBJ2423,2026-08-07,50364998,kw/h,,2026-08-07T15:56:00,LNG importation,"Outflow, South Hook, LNG Importation"
2026-09-04T00:07:09+00:00,south_hook,outflow,D+1,PUBOBJ2423,2026-08-08,56144445,kw/h,,2026-08-08T15:56:00,LNG importation,"Outflow, South Hook, LNG Importation"
2026-09-04T00:07:09+00:00,south_hook,outflow,D+1,PUBOBJ2423,2026-08-09,54737188,kw/h,,2026-08-09T15:56:00,LNG importation,"Outflow, South Hook, LNG Importation"
2026-09-04T00:07:09+00:00,south_hook,outflow,D+1,PUBOBJ2423,2026-08-10,54744444,kw/h,,2026-08-10T15:56:00,LNG importation,"Outflow, South Hook, LNG Importation"
2026-09-04T00:07:09+00:00,south_hook,outflow,D+1,PUBOBJ2423,2026-08-11,57008688,kw/h,,2026-08-11T15:56:00,LNG importation,"Outflow, South Hook, LNG Importation"
2026-09-04T00:07:09+00:00,south_hook,outflow,D+1,PUBOBJ2423,2026-08-12,52449644,kw/h,,2026-08-12T15:56:00,LNG importation,"Outflow, South Hook, LNG Importation"
2026-09-04T00:07:09+00:00,south_hook,outflow,D+1,PUBOBJ2423,2026-08-13,54736112,kw/h,,2026-08-13T15:56:00,LNG importation,"Outflow, South Hook, LNG Importation"
2026-09-04T00:07:09+00:00,south_hook,outflow,D+1,PUBOBJ2423,2026-08-14,54730555,kw/h,,2026-08-14T15:56:00,LNG importation,"Outflow, South Hook, LNG Importation"
2026-09-04T00:07:09+00:00,south_hook,outflow,D+1,PUBOBJ2423,2026-08-15,54733332,kw/h,,2026-08-15T15:56:00,LNG importation,"Outflow, South Hook, LNG Importation"
2026-09-04T00:07:09+00:00,south_hook,outflow,D+1,PUBOBJ2423,2026-08-16,54733332,kw/h,,2026-08-16T15:56:00,LNG importation,"Outflow, South Hook, LNG Importation"
2026-09-04T00:07:09+00:00,south_hook,outflow,D+1,PUBOBJ2423,2026-08-17,54738890,kw/h,,2026-08-17T15:56:00,LNG importation,"Outflow, South Hook, LNG Importation"
2026-09-04T00:07:09+00:00,south_hook,outflow,D+1,PUBOBJ2423,2026-08-18,54741667,kw/h,,2026-08-18T15:56:00,LNG importation,"Outflow, South Hook, LNG Importation"
2026-09-04T00:07:09+00:00,south_hook,outflow,D+1,PUBOBJ2423,2026-08-19,54730554,kw/h,,2026-08-19T15:56:00,LNG importation,"Outflow, South Hook, LNG Importation"
2026-09-04T00:07:09+00:00,south_hook,outflow,D+1,PUBOBJ2423,2026-08-20,54738891,kw/h,,2026-08-20T15:56:00,LNG importation,"Outflow, South Hook, LNG Importation"
2026-09-04T00:07:09+00:00,south_hook,outflow,D+1,PUBOBJ2423,2026-08-21,54725000,kw/h,,2026-08-21T15:56:00,LNG importation,"Outflow, South Hook, LNG Importation"
2026-09-04T00:07:09+00:00,south_hook,outflow,D+1,PUBOBJ2423,2026-08-22,54685894,kw/h,,2026-08-22T15:56:00,LNG importation,"Outflow, South Hook, LNG Importation"
2026-09-04T00:07:09+00:00,south_hook,outflow,D+1,PUBOBJ2423,2026-08-23,54808554,kw/h,,2026-08-23T15:56:00,LNG importation,"Outflow, South Hook, LNG Importation"
2026-09-04T00:07:09+00:00,south_hook,outflow,D+1,PUBOBJ2423,2026-08-24,54713888,kw/h,,2026-08-24T15:56:00,LNG importation,"Outflow, South Hook, LNG Importation"
2026-09-04T00:07:09+00:00,south_hook,outflow,D+1,PUBOBJ2423,2026-08-25,54738888,kw/h,,2026-08-25T15:56:00,LNG importation,"Outflow, South Hook, LNG Importation"
2026-09-04T00:07:09+00:00,south_hook,outflow,D+1,PUBOBJ2423,2026-08-26,58314287,kw/h,,2026-08-26T15:56:00,LNG importation,"Outflow, South Hook, LNG Importation"
2026-09-04T00:07:09+00:00,south_hook,outflow,D+1,PUBOBJ2423,2026-08-27,77293438,kw/h,,2026-08-27T15:56:00,LNG importation,"Outflow, South Hook, LNG Importation"
2026-09-04T00:07:09+00:00,south_hook,outflow,D+1,PUBOBJ2423,2026-08-28,0,kw/h,,2026-08-28T15:56:00,LNG importation,"Outflow, South Hook, LNG Importation"
2026-09-04T00:07:09+00:00,south_hook,outflow,D+1,PUBOBJ2423,2026-08-29,115738070,kw/h,,2026-08-29T15:56:00,LNG importation,"Outflow, South Hook, LNG Importation"
2026-09-04T00:07:09+00:00,south_hook,outflow,D+1,PUBOBJ2423,2026-08-30,54739221,kw/h,,2026-08-30T15:56:00,LNG importation,"Outflow, South Hook, LNG Importation"
2026-09-04T00:07:09+00:00,south_hook,outflow,D+1,PUBOBJ2423,2026-08-31,54722221,kw/h,,2026-08-31T15:56:00,LNG importation,"Outflow, South Hook, LNG Importation"
2026-09-04T00:07:09+00:00,south_hook,outflow,D+1,PUBOBJ2423,2026-09-01,56718460,kw/h,,2026-09-01T15:56:00,LNG importation,"Outflow, South Hook, LNG Importation"
2026-09-04T00:07:09+00:00,south_hook,outflow,D+1,PUBOBJ2423,2026-09-02,54964220,kw/h,,2026-09-02T15:56:00,LNG importation,"Outflow, South Hook, LNG Importation"
2026-09-04T00:07:09+00:00,south_hook,outflow,D+1,PUBOBJ2423,2026-09-03,54966667,kw/h,,2026-09-03T15:56:00,LNG importation,"Outflow, South Hook, LNG Importation"
2026-09-04T00:07:09+00:00,dragon,outflow,D+1,PUBOBJ2424,2026-07-21,36361717,kw/h,,2026-07-21T15:56:00,LNG importation,"Outflow, Dragon, LNG Importation"
2026-09-04T00:07:09+00:00,dragon,outflow,D+1,PUBOBJ2424,2026-07-22,24599663,kw/h,,2026-07-22T15:56:00,LNG importation,"Outflow, Dragon, LNG Importation"
2026-09-04T00:07:09+00:00,dragon,outflow,D+1,PUBOBJ2424,2026-07-23,0,kw/h,,2026-07-23T15:56:00,LNG importation,"Outflow, Dragon, LNG Importation"
2026-09-04T00:07:09+00:00,dragon,outflow,D+1,PUBOBJ2424,2026-07-24,17305215,kw/h,,2026-07-24T15:56:00,LNG importation,"Outflow, Dragon, LNG Importation"
2026-09-04T00:07:09+00:00,dragon,outflow,D+1,PUBOBJ2424,2026-07-25,27936759,kw/h,,2026-07-25T15:56:00,LNG importation,"Outflow, Dragon, LNG Importation"
2026-09-04T00:07:09+00:00,dragon,outflow,D+1,PUBOBJ2424,2026-07-26,0,kw/h,,2026-07-26T15:56:00,LNG importation,"Outflow, Dragon, LNG Importation"
2026-09-04T00:07:09+00:00,dragon,outflow,D+1,PUBOBJ2424,2026-07-27,2176147,kw/h,,2026-07-27T15:56:00,LNG importation,"Outflow, Dragon, LNG Importation"
2026-09-04T00:07:09+00:00,dragon,outflow,D+1,PUBOBJ2424,2026-07-28,0,kw/h,,2026-07-28T15:56:00,LNG importation,"Outflow, Dragon, LNG Importation"
2026-09-04T00:07:09+00:00,dragon,outflow,D+1,PUBOBJ2424,2026-07-29,209087,kw/h,,2026-07-29T15:56:00,LNG importation,"Outflow, Dragon, LNG Importation"
2026-09-04T00:07:09+00:00,dragon,outflow,D+1,PUBOBJ2424,2026-07-30,23415,kw/h,,2026-07-30T15:56:00,LNG importation,"Outflow, Dragon, LNG Importation"
2026-09-04T00:07:09+00:00,dragon,outflow,D+1,PUBOBJ2424,2026-07-31,2615209,kw/h,,2026-07-31T15:56:00,LNG importation,"Outflow, Dragon, LNG Importation"
2026-09-04T00:07:09+00:00,dragon,outflow,D+1,PUBOBJ2424,2026-08-01,0,kw/h,,2026-08-01T15:56:00,LNG importation,"Outflow, Dragon, LNG Importation"
2026-09-04T00:07:09+00:00,dragon,outflow,D+1,PUBOBJ2424,2026-08-02,896170,kw/h,,2026-08-02T15:56:00,LNG importation,"Outflow, Dragon, LNG Importation"
2026-09-04T00:07:09+00:00,dragon,outflow,D+1,PUBOBJ2424,2026-08-03,0,kw/h,,2026-08-03T15:56:00,LNG importation,"Outflow, Dragon, LNG Importation"
2026-09-04T00:07:09+00:00,dragon,outflow,D+1,PUBOBJ2424,2026-08-04,0,kw/h,,2026-08-04T15:56:00,LNG importation,"Outflow, Dragon, LNG Importation"
2026-09-04T00:07:09+00:00,dragon,outflow,D+1,PUBOBJ2424,2026-08-05,0,kw/h,,2026-08-05T15:56:00,LNG importation,"Outflow, Dragon, LNG Importation"
2026-09-04T00:07:09+00:00,dragon,outflow,D+1,PUBOBJ2424,2026-08-06,0,kw/h,,2026-08-06T15:56:00,LNG importation,"Outflow, Dragon, LNG Importation"
2026-09-04T00:07:09+00:00,dragon,outflow,D+1,PUBOBJ2424,2026-08-07,543962,kw/h,,2026-08-07T15:56:00,LNG importation,"Outflow, Dragon, LNG Importation"
2026-09-04T00:07:09+00:00,dragon,outflow,D+1,PUBOBJ2424,2026-08-08,919473,kw/h,,2026-08-08T15:56:00,LNG importation,"Outflow, Dragon, LNG Importation"
2026-09-04T00:07:09+00:00,dragon,outflow,D+1,PUBOBJ2424,2026-08-09,0,kw/h,,2026-08-09T15:56:00,LNG importation,"Outflow, Dragon, LNG Importation"
2026-09-04T00:07:09+00:00,dragon,outflow,D+1,PUBOBJ2424,2026-08-10,0,kw/h,,2026-08-10T15:56:00,LNG importation,"Outflow, Dragon, LNG Importation"
2026-09-04T00:07:09+00:00,dragon,outflow,D+1,PUBOBJ2424,2026-08-11,1173934,kw/h,,2026-08-11T15:56:00,LNG importation,"Outflow, Dragon, LNG Importation"
2026-09-04T00:07:09+00:00,dragon,outflow,D+1,PUBOBJ2424,2026-08-12,1214750,kw/h,,2026-08-12T15:56:00,LNG importation,"Outflow, Dragon, LNG Importation"
2026-09-04T00:07:09+00:00,dragon,outflow,D+1,PUBOBJ2424,2026-08-13,3070746,kw/h,,2026-08-13T15:56:00,LNG importation,"Outflow, Dragon, LNG Importation"
2026-09-04T00:07:09+00:00,dragon,outflow,D+1,PUBOBJ2424,2026-08-14,0,kw/h,,2026-08-14T15:56:00,LNG importation,"Outflow, Dragon, LNG Importation"
2026-09-04T00:07:09+00:00,dragon,outflow,D+1,PUBOBJ2424,2026-08-15,3365604,kw/h,,2026-08-15T15:56:00,LNG importation,"Outflow, Dragon, LNG Importation"
2026-09-04T00:07:09+00:00,dragon,outflow,D+1,PUBOBJ2424,2026-08-16,0,kw/h,,2026-08-16T15:56:00,LNG importation,"Outflow, Dragon, LNG Importation"
2026-09-04T00:07:09+00:00,dragon,outflow,D+1,PUBOBJ2424,2026-08-17,731263,kw/h,,2026-08-17T15:56:00,LNG importation,"Outflow, Dragon, LNG Importation"
2026-09-04T00:07:09+00:00,dragon,outflow,D+1,PUBOBJ2424,2026-08-18,437437,kw/h,,2026-08-18T15:56:00,LNG importation,"Outflow, Dragon, LNG Importation"
2026-09-04T00:07:09+00:00,dragon,outflow,D+1,PUBOBJ2424,2026-08-19,0,kw/h,,2026-08-19T15:56:00,LNG importation,"Outflow, Dragon, LNG Importation"
2026-09-04T00:07:09+00:00,dragon,outflow,D+1,PUBOBJ2424,2026-08-20,0,kw/h,,2026-08-20T15:56:00,LNG importation,"Outflow, Dragon, LNG Importation"
2026-09-04T00:07:09+00:00,dragon,outflow,D+1,PUBOBJ2424,2026-08-21,0,kw/h,,2026-08-21T15:56:00,LNG importation,"Outflow, Dragon, LNG Importation"
2026-09-04T00:07:09+00:00,dragon,outflow,D+1,PUBOBJ2424,2026-08-22,258787,kw/h,,2026-08-22T15:56:00,LNG importation,"Outflow, Dragon, LNG Importation"
2026-09-04T00:07:09+00:00,dragon,outflow,D+1,PUBOBJ2424,2026-08-23,165857,kw/h,,2026-08-23T15:56:00,LNG importation,"Outflow, Dragon, LNG Importation"
2026-09-04T00:07:09+00:00,dragon,outflow,D+1,PUBOBJ2424,2026-08-24,0,kw/h,,2026-08-24T15:56:00,LNG importation,"Outflow, Dragon, LNG Importation"
2026-09-04T00:07:09+00:00,dragon,outflow,D+1,PUBOBJ2424,2026-08-25,7073184,kw/h,,2026-08-25T15:56:00,LNG importation,"Outflow, Dragon, LNG Importation"
2026-09-04T00:07:09+00:00,dragon,outflow,D+1,PUBOBJ2424,2026-08-26,0,kw/h,,2026-08-26T15:56:00,LNG importation,"Outflow, Dragon, LNG Importation"
2026-09-04T00:07:09+00:00,dragon,outflow,D+1,PUBOBJ2424,2026-08-27,0,kw/h,,2026-08-27T15:56:00,LNG importation,"Outflow, Dragon, LNG Importation"
2026-09-04T00:07:09+00:00,dragon,outflow,D+1,PUBOBJ2424,2026-08-28,0,kw/h,,2026-08-28T15:56:00,LNG importation,"Outflow, Dragon, LNG Importation"
2026-09-04T00:07:09+00:00,dragon,outflow,D+1,PUBOBJ2424,2026-08-29,0,kw/h,,2026-08-29T15:56:00,LNG importation,"Outflow, Dragon, LNG Importation"
2026-09-04T00:07:09+00:00,dragon,outflow,D+1,PUBOBJ2424,2026-08-30,201836,kw/h,,2026-08-30T15:56:00,LNG importation,"Outflow, Dragon, LNG Importation"
2026-09-04T00:07:09+00:00,dragon,outflow,D+1,PUBOBJ2424,2026-08-31,27201,kw/h,,2026-08-31T15:56:00,LNG importation,"Outflow, Dragon, LNG Importation"
2026-09-04T00:07:09+00:00,dragon,outflow,D+1,PUBOBJ2424,2026-09-01,0,kw/h,,2026-09-01T15:56:00,LNG importation,"Outflow, Dragon, LNG Importation"
2026-09-04T00:07:09+00:00,dragon,outflow,D+1,PUBOBJ2424,2026-09-02,0,kw/h,,2026-09-02T15:56:00,LNG importation,"Outflow, Dragon, LNG Importation"
2026-09-04T00:07:09+00:00,dragon,outflow,D+1,PUBOBJ2424,2026-09-03,691021,kw/h,,2026-09-03T15:56:00,LNG importation,"Outflow, Dragon, LNG Importation"
2026-09-04T00:07:09+00:00,grain,nomination,live,PUBOBJ1117,2026-07-21,106739,kWh,,2026-07-22T04:20:10,Grain NTS1,"Nominations, Prevailing Nomination, GrainNTS1, LNG Importation"
2026-09-04T00:07:09+00:00,grain,nomination,live,PUBOBJ1117,2026-07-22,106738,kWh,,2026-07-23T04:20:10,Grain NTS1,"Nominations, Prevailing Nomination, GrainNTS1, LNG Importation"
2026-09-04T00:07:09+00:00,grain,nomination,live,PUBOBJ1117,2026-07-23,0,kWh,,2026-07-24T04:20:10,Grain NTS1,"Nominations, Prevailing Nomination, GrainNTS1, LNG Importation"
2026-09-04T00:07:09+00:00,grain,nomination,live,PUBOBJ1117,2026-07-24,0,kWh,,2026-07-25T04:20:10,Grain NTS1,"Nominations, Prevailing Nomination, GrainNTS1, LNG Importation"
2026-09-04T00:07:09+00:00,grain,nomination,live,PUBOBJ1117,2026-07-25,0,kWh,,2026-07-26T04:20:10,Grain NTS1,"Nominations, Prevailing Nomination, GrainNTS1, LNG Importation"
2026-09-04T00:07:09+00:00,grain,nomination,live,PUBOBJ1117,2026-07-26,0,kWh,,2026-07-27T04:20:10,Grain NTS1,"Nominations, Prevailing Nomination, GrainNTS1, LNG Importation"
2026-09-04T00:07:09+00:00,grain,nomination,live,PUBOBJ1117,2026-07-27,0,kWh,,2026-07-28T04:20:10,Grain NTS1,"Nominations, Prevailing Nomination, GrainNTS1, LNG Importation"
2026-09-04T00:07:09+00:00,grain,nomination,live,PUBOBJ1117,2026-07-28,0,kWh,,2026-07-29T04:20:10,Grain NTS1,"Nominations, Prevailing Nomination, GrainNTS1, LNG Importation"
2026-09-04T00:07:09+00:00,grain,nomination,live,PUBOBJ1117,2026-07-29,0,kWh,,2026-07-30T04:20:10,Grain NTS1,"Nominations, Prevailing Nomination, GrainNTS1, LNG Importation"
2026-09-04T00:07:09+00:00,grain,nomination,live,PUBOBJ1117,2026-07-30,0,kWh,,2026-07-31T04:20:10,Grain NTS1,"Nominations, Prevailing Nomination, GrainNTS1, LNG Importation"
2026-09-04T00:07:09+00:00,grain,nomination,live,PUBOBJ1117,2026-07-31,0,kWh,,2026-08-01T04:20:10,Grain NTS1,"Nominations, Prevailing Nomination, GrainNTS1, LNG Importation"
2026-09-04T00:07:09+00:00,grain,nomination,live,PUBOBJ1117,2026-08-01,0,kWh,,2026-08-02T04:20:10,Grain NTS1,"Nominations, Prevailing Nomination, GrainNTS1, LNG Importation"
2026-09-04T00:07:09+00:00,grain,nomination,live,PUBOBJ1117,2026-08-02,0,kWh,,2026-08-03T04:20:10,Grain NTS1,"Nominations, Prevailing Nomination, GrainNTS1, LNG Importation"
2026-09-04T00:07:09+00:00,grain,nomination,live,PUBOBJ1117,2026-08-03,0,kWh,,2026-08-04T04:20:10,Grain NTS1,"Nominations, Prevailing Nomination, GrainNTS1, LNG Importation"
2026-09-04T00:07:09+00:00,grain,nomination,live,PUBOBJ1117,2026-08-04,0,kWh,,2026-08-05T04:20:10,Grain NTS1,"Nominations, Prevailing Nomination, GrainNTS1, LNG Importation"
2026-09-04T00:07:09+00:00,grain,nomination,live,PUBOBJ1117,2026-08-05,0,kWh,,2026-08-06T04:20:11,Grain NTS1,"Nominations, Prevailing Nomination, GrainNTS1, LNG Importation"
2026-09-04T00:07:09+00:00,grain,nomination,live,PUBOBJ1117,2026-08-06,0,kWh,,2026-08-07T04:20:11,Grain NTS1,"Nominations, Prevailing Nomination, GrainNTS1, LNG Importation"
2026-09-04T00:07:09+00:00,grain,nomination,live,PUBOBJ1117,2026-08-07,0,kWh,,2026-08-08T04:20:10,Grain NTS1,"Nominations, Prevailing Nomination, GrainNTS1, LNG Importation"
2026-09-04T00:07:09+00:00,grain,nomination,live,PUBOBJ1117,2026-08-08,0,kWh,,2026-08-09T04:20:10,Grain NTS1,"Nominations, Prevailing Nomination, GrainNTS1, LNG Importation"
2026-09-04T00:07:09+00:00,grain,nomination,live,PUBOBJ1117,2026-08-09,0,kWh,,2026-08-10T04:20:10,Grain NTS1,"Nominations, Prevailing Nomination, GrainNTS1, LNG Importation"
2026-09-04T00:07:09+00:00,grain,nomination,live,PUBOBJ1117,2026-08-10,0,kWh,,2026-08-11T04:20:10,Grain NTS1,"Nominations, Prevailing Nomination, GrainNTS1, LNG Importation"
2026-09-04T00:07:09+00:00,grain,nomination,live,PUBOBJ1117,2026-08-11,0,kWh,,2026-08-12T04:20:11,Grain NTS1,"Nominations, Prevailing Nomination, GrainNTS1, LNG Importation"
2026-09-04T00:07:09+00:00,grain,nomination,live,PUBOBJ1117,2026-08-12,0,kWh,,2026-08-13T04:20:10,Grain NTS1,"Nominations, Prevailing Nomination, GrainNTS1, LNG Importation"
2026-09-04T00:07:09+00:00,grain,nomination,live,PUBOBJ1117,2026-08-13,0,kWh,,2026-08-14T04:20:10,Grain NTS1,"Nominations, Prevailing Nomination, GrainNTS1, LNG Importation"
2026-09-04T00:07:09+00:00,grain,nomination,live,PUBOBJ1117,2026-08-14,0,kWh,,2026-08-15T04:20:10,Grain NTS1,"Nominations, Prevailing Nomination, GrainNTS1, LNG Importation"
2026-09-04T00:07:09+00:00,grain,nomination,live,PUBOBJ1117,2026-08-15,0,kWh,,2026-08-16T04:20:10,Grain NTS1,"Nominations, Prevailing Nomination, GrainNTS1, LNG Importation"
2026-09-04T00:07:09+00:00,grain,nomination,live,PUBOBJ1117,2026-08-16,0,kWh,,2026-08-17T04:20:10,Grain NTS1,"Nominations, Prevailing Nomination, GrainNTS1, LNG Importation"
2026-09-04T00:07:09+00:00,grain,nomination,live,PUBOBJ1117,2026-08-17,0,kWh,,2026-08-18T04:20:11,Grain NTS1,"Nominations, Prevailing Nomination, GrainNTS1, LNG Importation"
2026-09-04T00:07:09+00:00,grain,nomination,live,PUBOBJ1117,2026-08-18,0,kWh,,2026-08-19T04:20:10,Grain NTS1,"Nominations, Prevailing Nomination, GrainNTS1, LNG Importation"
2026-09-04T00:07:09+00:00,grain,nomination,live,PUBOBJ1117,2026-08-19,0,kWh,,2026-08-20T04:20:11,Grain NTS1,"Nominations, Prevailing Nomination, GrainNTS1, LNG Importation"
2026-09-04T00:07:09+00:00,grain,nomination,live,PUBOBJ1117,2026-08-20,0,kWh,,2026-08-21T04:20:10,Grain NTS1,"Nominations, Prevailing Nomination, GrainNTS1, LNG Importation"
2026-09-04T00:07:09+00:00,grain,nomination,live,PUBOBJ1117,2026-08-21,0,kWh,,2026-08-22T04:20:10,Grain NTS1,"Nominations, Prevailing Nomination, GrainNTS1, LNG Importation"
2026-09-04T00:07:09+00:00,grain,nomination,live,PUBOBJ1117,2026-08-22,0,kWh,,2026-08-23T04:20:10,Grain NTS1,"Nominations, Prevailing Nomination, GrainNTS1, LNG Importation"
2026-09-04T00:07:09+00:00,grain,nomination,live,PUBOBJ1117,2026-08-23,0,kWh,,2026-08-24T04:20:10,Grain NTS1,"Nominations, Prevailing Nomination, GrainNTS1, LNG Importation"
2026-09-04T00:07:09+00:00,grain,nomination,live,PUBOBJ1117,2026-08-24,0,kWh,,2026-08-25T04:20:10,Grain NTS1,"Nominations, Prevailing Nomination, GrainNTS1, LNG Importation"
2026-09-04T00:07:09+00:00,grain,nomination,live,PUBOBJ1117,2026-08-25,0,kWh,,2026-08-26T04:20:10,Grain NTS1,"Nominations, Prevailing Nomination, GrainNTS1, LNG Importation"
2026-09-04T00:07:09+00:00,grain,nomination,live,PUBOBJ1117,2026-08-26,0,kWh,,2026-08-27T04:20:10,Grain NTS1,"Nominations, Prevailing Nomination, GrainNTS1, LNG Importation"
2026-09-04T00:07:09+00:00,grain,nomination,live,PUBOBJ1117,2026-08-27,0,kWh,,2026-08-28T04:20:11,Grain NTS1,"Nominations, Prevailing Nomination, GrainNTS1, LNG Importation"
2026-09-04T00:07:09+00:00,grain,nomination,live,PUBOBJ1117,2026-08-28,0,kWh,,2026-08-29T04:20:10,Grain NTS1,"Nominations, Prevailing Nomination, GrainNTS1, LNG Importation"
2026-09-04T00:07:09+00:00,grain,nomination,live,PUBOBJ1117,2026-08-29,0,kWh,,2026-08-30T04:20:10,Grain NTS1,"Nominations, Prevailing Nomination, GrainNTS1, LNG Importation"
2026-09-04T00:07:09+00:00,grain,nomination,live,PUBOBJ1117,2026-08-30,0,kWh,,2026-08-31T04:20:10,Grain NTS1,"Nominations, Prevailing Nomination, GrainNTS1, LNG Importation"
2026-09-04T00:07:09+00:00,grain,nomination,live,PUBOBJ1117,2026-08-31,0,kWh,,2026-09-01T04:20:11,Grain NTS1,"Nominations, Prevailing Nomination, GrainNTS1, LNG Importation"
2026-09-04T00:07:09+00:00,grain,nomination,live,PUBOBJ1117,2026-09-01,0,kWh,,2026-09-02T04:20:10,Grain NTS1,"Nominations, Prevailing Nomination, GrainNTS1, LNG Importation"
2026-09-04T00:07:09+00:00,grain,nomination,live,PUBOBJ1117,2026-09-02,0,kWh,,2026-09-03T04:20:10,Grain NTS1,"Nominations, Prevailing Nomination, GrainNTS1, LNG Importation"
2026-09-04T00:07:09+00:00,grain,nomination,live,PUBOBJ1117,2026-09-03,0,kWh,,2026-09-04T00:20:10,Grain NTS1,"Nominations, Prevailing Nomination, GrainNTS1, LNG Importation"
2026-09-04T00:07:09+00:00,grain,nomination,live,PUBOBJ1117,2026-09-04,0,kWh,,2026-09-03T15:20:15,Grain NTS1,"Nominations, Prevailing Nomination, GrainNTS1, LNG Importation"
2026-09-04T00:07:09+00:00,grain,nomination,live,PUBOBJ1118,2026-07-21,40717,kWh,,2026-07-22T04:20:10,Grain NTS2,"Nominations, Prevailing Nomination, GrainNTS2, LNG Importation"
2026-09-04T00:07:09+00:00,grain,nomination,live,PUBOBJ1118,2026-07-22,40718,kWh,,2026-07-23T04:20:10,Grain NTS2,"Nominations, Prevailing Nomination, GrainNTS2, LNG Importation"
2026-09-04T00:07:09+00:00,grain,nomination,live,PUBOBJ1118,2026-07-23,0,kWh,,2026-07-24T04:20:10,Grain NTS2,"Nominations, Prevailing Nomination, GrainNTS2, LNG Importation"
2026-09-04T00:07:09+00:00,grain,nomination,live,PUBOBJ1118,2026-07-24,0,kWh,,2026-07-25T04:20:10,Grain NTS2,"Nominations, Prevailing Nomination, GrainNTS2, LNG Importation"
2026-09-04T00:07:09+00:00,grain,nomination,live,PUBOBJ1118,2026-07-25,0,kWh,,2026-07-26T04:20:10,Grain NTS2,"Nominations, Prevailing Nomination, GrainNTS2, LNG Importation"
2026-09-04T00:07:09+00:00,grain,nomination,live,PUBOBJ1118,2026-07-26,0,kWh,,2026-07-27T04:20:10,Grain NTS2,"Nominations, Prevailing Nomination, GrainNTS2, LNG Importation"
2026-09-04T00:07:09+00:00,grain,nomination,live,PUBOBJ1118,2026-07-27,0,kWh,,2026-07-28T04:20:10,Grain NTS2,"Nominations, Prevailing Nomination, GrainNTS2, LNG Importation"
2026-09-04T00:07:09+00:00,grain,nomination,live,PUBOBJ1118,2026-07-28,0,kWh,,2026-07-29T04:20:10,Grain NTS2,"Nominations, Prevailing Nomination, GrainNTS2, LNG Importation"
2026-09-04T00:07:09+00:00,grain,nomination,live,PUBOBJ1118,2026-07-29,0,kWh,,2026-07-30T04:20:10,Grain NTS2,"Nominations, Prevailing Nomination, GrainNTS2, LNG Importation"
2026-09-04T00:07:09+00:00,grain,nomination,live,PUBOBJ1118,2026-07-30,0,kWh,,2026-07-31T04:20:10,Grain NTS2,"Nominations, Prevailing Nomination, GrainNTS2, LNG Importation"
2026-09-04T00:07:09+00:00,grain,nomination,live,PUBOBJ1118,2026-07-31,0,kWh,,2026-08-01T04:20:10,Grain NTS2,"Nominations, Prevailing Nomination, GrainNTS2, LNG Importation"
2026-09-04T00:07:09+00:00,grain,nomination,live,PUBOBJ1118,2026-08-01,0,kWh,,2026-08-02T04:20:10,Grain NTS2,"Nominations, Prevailing Nomination, GrainNTS2, LNG Importation"
2026-09-04T00:07:09+00:00,grain,nomination,live,PUBOBJ1118,2026-08-02,0,kWh,,2026-08-03T04:20:10,Grain NTS2,"Nominations, Prevailing Nomination, GrainNTS2, LNG Importation"
2026-09-04T00:07:09+00:00,grain,nomination,live,PUBOBJ1118,2026-08-03,0,kWh,,2026-08-04T04:20:10,Grain NTS2,"Nominations, Prevailing Nomination, GrainNTS2, LNG Importation"
2026-09-04T00:07:09+00:00,grain,nomination,live,PUBOBJ1118,2026-08-04,0,kWh,,2026-08-05T04:20:10,Grain NTS2,"Nominations, Prevailing Nomination, GrainNTS2, LNG Importation"
2026-09-04T00:07:09+00:00,grain,nomination,live,PUBOBJ1118,2026-08-05,0,kWh,,2026-08-06T04:20:11,Grain NTS2,"Nominations, Prevailing Nomination, GrainNTS2, LNG Importation"
2026-09-04T00:07:09+00:00,grain,nomination,live,PUBOBJ1118,2026-08-06,0,kWh,,2026-08-07T04:20:11,Grain NTS2,"Nominations, Prevailing Nomination, GrainNTS2, LNG Importation"
2026-09-04T00:07:09+00:00,grain,nomination,live,PUBOBJ1118,2026-08-07,0,kWh,,2026-08-08T04:20:10,Grain NTS2,"Nominations, Prevailing Nomination, GrainNTS2, LNG Importation"
2026-09-04T00:07:09+00:00,grain,nomination,live,PUBOBJ1118,2026-08-08,0,kWh,,2026-08-09T04:20:10,Grain NTS2,"Nominations, Prevailing Nomination, GrainNTS2, LNG Importation"
2026-09-04T00:07:09+00:00,grain,nomination,live,PUBOBJ1118,2026-08-09,0,kWh,,2026-08-10T04:20:10,Grain NTS2,"Nominations, Prevailing Nomination, GrainNTS2, LNG Importation"
2026-09-04T00:07:09+00:00,grain,nomination,live,PUBOBJ1118,2026-08-10,0,kWh,,2026-08-11T04:20:10,Grain NTS2,"Nominations, Prevailing Nomination, GrainNTS2, LNG Importation"
2026-09-04T00:07:09+00:00,grain,nomination,live,PUBOBJ1118,2026-08-11,0,kWh,,2026-08-12T04:20:11,Grain NTS2,"Nominations, Prevailing Nomination, GrainNTS2, LNG Importation"
2026-09-04T00:07:09+00:00,grain,nomination,live,PUBOBJ1118,2026-08-12,655360,kWh,,2026-08-13T04:20:10,Grain NTS2,"Nominations, Prevailing Nomination, GrainNTS2, LNG Importation"
2026-09-04T00:07:09+00:00,grain,nomination,live,PUBOBJ1118,2026-08-13,0,kWh,,2026-08-14T04:20:10,Grain NTS2,"Nominations, Prevailing Nomination, GrainNTS2, LNG Importation"
2026-09-04T00:07:09+00:00,grain,nomination,live,PUBOBJ1118,2026-08-14,0,kWh,,2026-08-15T04:20:10,Grain NTS2,"Nominations, Prevailing Nomination, GrainNTS2, LNG Importation"
2026-09-04T00:07:09+00:00,grain,nomination,live,PUBOBJ1118,2026-08-15,0,kWh,,2026-08-16T04:20:10,Grain NTS2,"Nominations, Prevailing Nomination, GrainNTS2, LNG Importation"
2026-09-04T00:07:09+00:00,grain,nomination,live,PUBOBJ1118,2026-08-16,0,kWh,,2026-08-17T04:20:10,Grain NTS2,"Nominations, Prevailing Nomination, GrainNTS2, LNG Importation"
2026-09-04T00:07:09+00:00,grain,nomination,live,PUBOBJ1118,2026-08-17,0,kWh,,2026-08-18T04:20:11,Grain NTS2,"Nominations, Prevailing Nomination, GrainNTS2, LNG Importation"
2026-09-04T00:07:09+00:00,grain,nomination,live,PUBOBJ1118,2026-08-18,0,kWh,,2026-08-19T04:20:10,Grain NTS2,"Nominations, Prevailing Nomination, GrainNTS2, LNG Importation"
2026-09-04T00:07:09+00:00,grain,nomination,live,PUBOBJ1118,2026-08-19,0,kWh,,2026-08-20T04:20:11,Grain NTS2,"Nominations, Prevailing Nomination, GrainNTS2, LNG Importation"
2026-09-04T00:07:09+00:00,grain,nomination,live,PUBOBJ1118,2026-08-20,0,kWh,,2026-08-21T04:20:10,Grain NTS2,"Nominations, Prevailing Nomination, GrainNTS2, LNG Importation"
2026-09-04T00:07:09+00:00,grain,nomination,live,PUBOBJ1118,2026-08-21,0,kWh,,2026-08-22T04:20:10,Grain NTS2,"Nominations, Prevailing Nomination, GrainNTS2, LNG Importation"
2026-09-04T00:07:09+00:00,grain,nomination,live,PUBOBJ1118,2026-08-22,0,kWh,,2026-08-23T04:20:10,Grain NTS2,"Nominations, Prevailing Nomination, GrainNTS2, LNG Importation"
2026-09-04T00:07:09+00:00,grain,nomination,live,PUBOBJ1118,2026-08-23,0,kWh,,2026-08-24T04:20:10,Grain NTS2,"Nominations, Prevailing Nomination, GrainNTS2, LNG Importation"
2026-09-04T00:07:09+00:00,grain,nomination,live,PUBOBJ1118,2026-08-24,0,kWh,,2026-08-25T04:20:10,Grain NTS2,"Nominations, Prevailing Nomination, GrainNTS2, LNG Importation"
2026-09-04T00:07:09+00:00,grain,nomination,live,PUBOBJ1118,2026-08-25,0,kWh,,2026-08-26T04:20:10,Grain NTS2,"Nominations, Prevailing Nomination, GrainNTS2, LNG Importation"
2026-09-04T00:07:09+00:00,grain,nomination,live,PUBOBJ1118,2026-08-26,0,kWh,,2026-08-27T04:20:10,Grain NTS2,"Nominations, Prevailing Nomination, GrainNTS2, LNG Importation"
2026-09-04T00:07:09+00:00,grain,nomination,live,PUBOBJ1118,2026-08-27,0,kWh,,2026-08-28T04:20:11,Grain NTS2,"Nominations, Prevailing Nomination, GrainNTS2, LNG Importation"
2026-09-04T00:07:09+00:00,grain,nomination,live,PUBOBJ1118,2026-08-28,0,kWh,,2026-08-29T04:20:10,Grain NTS2,"Nominations, Prevailing Nomination, GrainNTS2, LNG Importation"
2026-09-04T00:07:09+00:00,grain,nomination,live,PUBOBJ1118,2026-08-29,0,kWh,,2026-08-30T04:20:10,Grain NTS2,"Nominations, Prevailing Nomination, GrainNTS2, LNG Importation"
2026-09-04T00:07:09+00:00,grain,nomination,live,PUBOBJ1118,2026-08-30,0,kWh,,2026-08-31T04:20:10,Grain NTS2,"Nominations, Prevailing Nomination, GrainNTS2, LNG Importation"
2026-09-04T00:07:09+00:00,grain,nomination,live,PUBOBJ1118,2026-08-31,0,kWh,,2026-09-01T04:20:11,Grain NTS2,"Nominations, Prevailing Nomination, GrainNTS2, LNG Importation"
2026-09-04T00:07:09+00:00,grain,nomination,live,PUBOBJ1118,2026-09-01,0,kWh,,2026-09-02T04:20:10,Grain NTS2,"Nominations, Prevailing Nomination, GrainNTS2, LNG Importation"
2026-09-04T00:07:09+00:00,grain,nomination,live,PUBOBJ1118,2026-09-02,0,kWh,,2026-09-03T04:20:10,Grain NTS2,"Nominations, Prevailing Nomination, GrainNTS2, LNG Importation"
2026-09-04T00:07:09+00:00,grain,nomination,live,PUBOBJ1118,2026-09-03,0,kWh,,2026-09-04T00:20:10,Grain NTS2,"Nominations, Prevailing Nomination, GrainNTS2, LNG Importation"
2026-09-04T00:07:09+00:00,grain,nomination,live,PUBOBJ1118,2026-09-04,0,kWh,,2026-09-03T15:20:15,Grain NTS2,"Nominations, Prevailing Nomination, GrainNTS2, LNG Importation"
2026-09-04T00:07:09+00:00,south_hook,nomination,live,PUBOBJ1119,2026-07-21,54409031,kWh,,2026-07-22T04:20:10,,"Nominations, Prevailing Nomination, SouthHook, LNG Importation"
2026-09-04T00:07:09+00:00,south_hook,nomination,live,PUBOBJ1119,2026-07-22,54409031,kWh,,2026-07-23T04:20:10,,"Nominations, Prevailing Nomination, SouthHook, LNG Importation"
2026-09-04T00:07:09+00:00,south_hook,nomination,live,PUBOBJ1119,2026-07-23,54009031,kWh,,2026-07-24T04:20:10,,"Nominations, Prevailing Nomination, SouthHook, LNG Importation"
2026-09-04T00:07:09+00:00,south_hook,nomination,live,PUBOBJ1119,2026-07-24,54009031,kWh,,2026-07-25T04:20:10,,"Nominations, Prevailing Nomination, SouthHook, LNG Importation"
2026-09-04T00:07:09+00:00,south_hook,nomination,live,PUBOBJ1119,2026-07-25,54009031,kWh,,2026-07-26T04:20:10,,"Nominations, Prevailing Nomination, SouthHook, LNG Importation"
2026-09-04T00:07:09+00:00,south_hook,nomination,live,PUBOBJ1119,2026-07-26,54009032,kWh,,2026-07-27T04:20:10,,"Nominations, Prevailing Nomination, SouthHook, LNG Importation"
2026-09-04T00:07:09+00:00,south_hook,nomination,live,PUBOBJ1119,2026-07-27,54009031,kWh,,2026-07-28T04:20:10,,"Nominations, Prevailing Nomination, SouthHook, LNG Importation"
2026-09-04T00:07:09+00:00,south_hook,nomination,live,PUBOBJ1119,2026-07-28,54009031,kWh,,2026-07-29T04:20:10,,"Nominations, Prevailing Nomination, SouthHook, LNG Importation"
2026-09-04T00:07:09+00:00,south_hook,nomination,live,PUBOBJ1119,2026-07-29,64009031,kWh,,2026-07-30T04:20:10,,"Nominations, Prevailing Nomination, SouthHook, LNG Importation"
2026-09-04T00:07:09+00:00,south_hook,nomination,live,PUBOBJ1119,2026-07-30,72000000,kWh,,2026-07-31T04:20:10,,"Nominations, Prevailing Nomination, SouthHook, LNG Importation"
2026-09-04T00:07:09+00:00,south_hook,nomination,live,PUBOBJ1119,2026-07-31,72261693,kWh,,2026-08-01T04:20:10,,"Nominations, Prevailing Nomination, SouthHook, LNG Importation"
2026-09-04T00:07:09+00:00,south_hook,nomination,live,PUBOBJ1119,2026-08-01,55372265,kWh,,2026-08-02T04:20:10,,"Nominations, Prevailing Nomination, SouthHook, LNG Importation"
2026-09-04T00:07:09+00:00,south_hook,nomination,live,PUBOBJ1119,2026-08-02,55372265,kWh,,2026-08-03T04:20:10,,"Nominations, Prevailing Nomination, SouthHook, LNG Importation"
2026-09-04T00:07:09+00:00,south_hook,nomination,live,PUBOBJ1119,2026-08-03,55475187,kWh,,2026-08-04T04:20:10,,"Nominations, Prevailing Nomination, SouthHook, LNG Importation"
2026-09-04T00:07:09+00:00,south_hook,nomination,live,PUBOBJ1119,2026-08-04,55475187,kWh,,2026-08-05T04:20:10,,"Nominations, Prevailing Nomination, SouthHook, LNG Importation"
2026-09-04T00:07:09+00:00,south_hook,nomination,live,PUBOBJ1119,2026-08-05,55475187,kWh,,2026-08-06T04:20:11,,"Nominations, Prevailing Nomination, SouthHook, LNG Importation"
2026-09-04T00:07:09+00:00,south_hook,nomination,live,PUBOBJ1119,2026-08-06,55475187,kWh,,2026-08-07T04:20:11,,"Nominations, Prevailing Nomination, SouthHook, LNG Importation"
2026-09-04T00:07:09+00:00,south_hook,nomination,live,PUBOBJ1119,2026-08-07,55475186,kWh,,2026-08-08T04:20:10,,"Nominations, Prevailing Nomination, SouthHook, LNG Importation"
2026-09-04T00:07:09+00:00,south_hook,nomination,live,PUBOBJ1119,2026-08-08,54105187,kWh,,2026-08-09T04:20:10,,"Nominations, Prevailing Nomination, SouthHook, LNG Importation"
2026-09-04T00:07:09+00:00,south_hook,nomination,live,PUBOBJ1119,2026-08-09,54105187,kWh,,2026-08-10T04:20:10,,"Nominations, Prevailing Nomination, SouthHook, LNG Importation"
2026-09-04T00:07:09+00:00,south_hook,nomination,live,PUBOBJ1119,2026-08-10,54105187,kWh,,2026-08-11T04:20:10,,"Nominations, Prevailing Nomination, SouthHook, LNG Importation"
2026-09-04T00:07:09+00:00,south_hook,nomination,live,PUBOBJ1119,2026-08-11,54105188,kWh,,2026-08-12T04:20:11,,"Nominations, Prevailing Nomination, SouthHook, LNG Importation"
2026-09-04T00:07:09+00:00,south_hook,nomination,live,PUBOBJ1119,2026-08-12,54105188,kWh,,2026-08-13T04:20:10,,"Nominations, Prevailing Nomination, SouthHook, LNG Importation"
2026-09-04T00:07:09+00:00,south_hook,nomination,live,PUBOBJ1119,2026-08-13,54105188,kWh,,2026-08-14T04:20:10,,"Nominations, Prevailing Nomination, SouthHook, LNG Importation"
2026-09-04T00:07:09+00:00,south_hook,nomination,live,PUBOBJ1119,2026-08-14,54105188,kWh,,2026-08-15T04:20:10,,"Nominations, Prevailing Nomination, SouthHook, LNG Importation"
2026-09-04T00:07:09+00:00,south_hook,nomination,live,PUBOBJ1119,2026-08-15,54105188,kWh,,2026-08-16T04:20:10,,"Nominations, Prevailing Nomination, SouthHook, LNG Importation"
2026-09-04T00:07:09+00:00,south_hook,nomination,live,PUBOBJ1119,2026-08-16,54105188,kWh,,2026-08-17T04:20:10,,"Nominations, Prevailing Nomination, SouthHook, LNG Importation"
2026-09-04T00:07:09+00:00,south_hook,nomination,live,PUBOBJ1119,2026-08-17,54105188,kWh,,2026-08-18T04:20:11,,"Nominations, Prevailing Nomination, SouthHook, LNG Importation"
2026-09-04T00:07:09+00:00,south_hook,nomination,live,PUBOBJ1119,2026-08-18,54105188,kWh,,2026-08-19T04:20:10,,"Nominations, Prevailing Nomination, SouthHook, LNG Importation"
2026-09-04T00:07:09+00:00,south_hook,nomination,live,PUBOBJ1119,2026-08-19,54105188,kWh,,2026-08-20T04:20:11,,"Nominations, Prevailing Nomination, SouthHook, LNG Importation"
2026-09-04T00:07:09+00:00,south_hook,nomination,live,PUBOBJ1119,2026-08-20,54105188,kWh,,2026-08-21T04:20:10,,"Nominations, Prevailing Nomination, SouthHook, LNG Importation"
2026-09-04T00:07:09+00:00,south_hook,nomination,live,PUBOBJ1119,2026-08-21,54105188,kWh,,2026-08-22T04:20:10,,"Nominations, Prevailing Nomination, SouthHook, LNG Importation"
2026-09-04T00:07:09+00:00,south_hook,nomination,live,PUBOBJ1119,2026-08-22,54105188,kWh,,2026-08-23T04:20:10,,"Nominations, Prevailing Nomination, SouthHook, LNG Importation"
2026-09-04T00:07:09+00:00,south_hook,nomination,live,PUBOBJ1119,2026-08-23,54105188,kWh,,2026-08-24T04:20:10,,"Nominations, Prevailing Nomination, SouthHook, LNG Importation"
2026-09-04T00:07:09+00:00,south_hook,nomination,live,PUBOBJ1119,2026-08-24,54105187,kWh,,2026-08-25T04:20:10,,"Nominations, Prevailing Nomination, SouthHook, LNG Importation"
2026-09-04T00:07:09+00:00,south_hook,nomination,live,PUBOBJ1119,2026-08-25,57640187,kWh,,2026-08-26T04:20:10,,"Nominations, Prevailing Nomination, SouthHook, LNG Importation"
2026-09-04T00:07:09+00:00,south_hook,nomination,live,PUBOBJ1119,2026-08-26,76308984,kWh,,2026-08-27T04:20:10,,"Nominations, Prevailing Nomination, SouthHook, LNG Importation"
2026-09-04T00:07:09+00:00,south_hook,nomination,live,PUBOBJ1119,2026-08-27,72000001,kWh,,2026-08-28T04:20:11,,"Nominations, Prevailing Nomination, SouthHook, LNG Importation"
2026-09-04T00:07:09+00:00,south_hook,nomination,live,PUBOBJ1119,2026-08-28,72000000,kWh,,2026-08-29T04:20:10,,"Nominations, Prevailing Nomination, SouthHook, LNG Importation"
2026-09-04T00:07:09+00:00,south_hook,nomination,live,PUBOBJ1119,2026-08-29,54105187,kWh,,2026-08-30T04:20:10,,"Nominations, Prevailing Nomination, SouthHook, LNG Importation"
2026-09-04T00:07:09+00:00,south_hook,nomination,live,PUBOBJ1119,2026-08-30,54105187,kWh,,2026-08-31T04:20:10,,"Nominations, Prevailing Nomination, SouthHook, LNG Importation"
2026-09-04T00:07:09+00:00,south_hook,nomination,live,PUBOBJ1119,2026-08-31,56053868,kWh,,2026-09-01T04:20:11,,"Nominations, Prevailing Nomination, SouthHook, LNG Importation"
2026-09-04T00:07:09+00:00,south_hook,nomination,live,PUBOBJ1119,2026-09-01,54323920,kWh,,2026-09-02T04:20:10,,"Nominations, Prevailing Nomination, SouthHook, LNG Importation"
2026-09-04T00:07:09+00:00,south_hook,nomination,live,PUBOBJ1119,2026-09-02,54323910,kWh,,2026-09-03T04:20:10,,"Nominations, Prevailing Nomination, SouthHook, LNG Importation"
2026-09-04T00:07:09+00:00,south_hook,nomination,live,PUBOBJ1119,2026-09-03,51305280,kWh,,2026-09-04T00:20:10,,"Nominations, Prevailing Nomination, SouthHook, LNG Importation"
2026-09-04T00:07:09+00:00,south_hook,nomination,live,PUBOBJ1119,2026-09-04,44694713,kWh,,2026-09-03T15:20:15,,"Nominations, Prevailing Nomination, SouthHook, LNG Importation"
2026-09-04T00:07:09+00:00,dragon,nomination,live,PUBOBJ1112,2026-07-21,24001200,kWh,,2026-07-22T04:20:10,,"Nominations, Prevailing Nomination, Dragon, LNG Importation"
2026-09-04T00:07:09+00:00,dragon,nomination,live,PUBOBJ1112,2026-07-23,18500000,kWh,,2026-07-24T04:20:10,,"Nominations, Prevailing Nomination, Dragon, LNG Importation"
2026-09-04T00:07:09+00:00,dragon,nomination,live,PUBOBJ1112,2026-07-24,27036544,kWh,,2026-07-25T04:20:10,,"Nominations, Prevailing Nomination, Dragon, LNG Importation"
2026-09-04T00:07:09+00:00,grain,boiloff_nom,live,PUBOBJ1141,2026-07-21,34852545,kWh,,2026-07-22T04:20:10,storage boil-off,"Nominations, Prevailing Nomination, IsleOfGrainBL, Storage Boiloff"
2026-09-04T00:07:09+00:00,grain,boiloff_nom,live,PUBOBJ1141,2026-07-22,34852544,kWh,,2026-07-23T04:20:10,storage boil-off,"Nominations, Prevailing Nomination, IsleOfGrainBL, Storage Boiloff"
2026-09-04T00:07:09+00:00,grain,boiloff_nom,live,PUBOBJ1141,2026-07-23,35000000,kWh,,2026-07-24T04:20:10,storage boil-off,"Nominations, Prevailing Nomination, IsleOfGrainBL, Storage Boiloff"
2026-09-04T00:07:09+00:00,grain,boiloff_nom,live,PUBOBJ1141,2026-07-24,34999999,kWh,,2026-07-25T04:20:10,storage boil-off,"Nominations, Prevailing Nomination, IsleOfGrainBL, Storage Boiloff"
2026-09-04T00:07:09+00:00,grain,boiloff_nom,live,PUBOBJ1141,2026-07-25,34999999,kWh,,2026-07-26T04:20:10,storage boil-off,"Nominations, Prevailing Nomination, IsleOfGrainBL, Storage Boiloff"
2026-09-04T00:07:09+00:00,grain,boiloff_nom,live,PUBOBJ1141,2026-07-26,34999999,kWh,,2026-07-27T04:20:10,storage boil-off,"Nominations, Prevailing Nomination, IsleOfGrainBL, Storage Boiloff"
2026-09-04T00:07:09+00:00,grain,boiloff_nom,live,PUBOBJ1141,2026-07-27,34999999,kWh,,2026-07-28T04:20:10,storage boil-off,"Nominations, Prevailing Nomination, IsleOfGrainBL, Storage Boiloff"
2026-09-04T00:07:09+00:00,grain,boiloff_nom,live,PUBOBJ1141,2026-07-28,34999999,kWh,,2026-07-29T04:20:10,storage boil-off,"Nominations, Prevailing Nomination, IsleOfGrainBL, Storage Boiloff"
2026-09-04T00:07:09+00:00,grain,boiloff_nom,live,PUBOBJ1141,2026-07-29,34999999,kWh,,2026-07-30T04:20:10,storage boil-off,"Nominations, Prevailing Nomination, IsleOfGrainBL, Storage Boiloff"
2026-09-04T00:07:09+00:00,grain,boiloff_nom,live,PUBOBJ1141,2026-07-30,34999999,kWh,,2026-07-31T04:20:10,storage boil-off,"Nominations, Prevailing Nomination, IsleOfGrainBL, Storage Boiloff"
2026-09-04T00:07:09+00:00,grain,boiloff_nom,live,PUBOBJ1141,2026-07-31,35000000,kWh,,2026-08-01T04:20:10,storage boil-off,"Nominations, Prevailing Nomination, IsleOfGrainBL, Storage Boiloff"
2026-09-04T00:07:09+00:00,grain,boiloff_nom,live,PUBOBJ1141,2026-08-01,34999999,kWh,,2026-08-02T04:20:10,storage boil-off,"Nominations, Prevailing Nomination, IsleOfGrainBL, Storage Boiloff"
2026-09-04T00:07:09+00:00,grain,boiloff_nom,live,PUBOBJ1141,2026-08-02,34999999,kWh,,2026-08-03T04:20:10,storage boil-off,"Nominations, Prevailing Nomination, IsleOfGrainBL, Storage Boiloff"
2026-09-04T00:07:09+00:00,grain,boiloff_nom,live,PUBOBJ1141,2026-08-03,34999999,kWh,,2026-08-04T04:20:10,storage boil-off,"Nominations, Prevailing Nomination, IsleOfGrainBL, Storage Boiloff"
2026-09-04T00:07:09+00:00,grain,boiloff_nom,live,PUBOBJ1141,2026-08-04,34999999,kWh,,2026-08-05T04:20:10,storage boil-off,"Nominations, Prevailing Nomination, IsleOfGrainBL, Storage Boiloff"
2026-09-04T00:07:09+00:00,grain,boiloff_nom,live,PUBOBJ1141,2026-08-05,34999999,kWh,,2026-08-06T04:20:11,storage boil-off,"Nominations, Prevailing Nomination, IsleOfGrainBL, Storage Boiloff"
2026-09-04T00:07:09+00:00,grain,boiloff_nom,live,PUBOBJ1141,2026-08-06,34999999,kWh,,2026-08-07T04:20:11,storage boil-off,"Nominations, Prevailing Nomination, IsleOfGrainBL, Storage Boiloff"
2026-09-04T00:07:09+00:00,grain,boiloff_nom,live,PUBOBJ1141,2026-08-07,34999999,kWh,,2026-08-08T04:20:10,storage boil-off,"Nominations, Prevailing Nomination, IsleOfGrainBL, Storage Boiloff"
2026-09-04T00:07:09+00:00,grain,boiloff_nom,live,PUBOBJ1141,2026-08-08,34999999,kWh,,2026-08-09T04:20:10,storage boil-off,"Nominations, Prevailing Nomination, IsleOfGrainBL, Storage Boiloff"
2026-09-04T00:07:09+00:00,grain,boiloff_nom,live,PUBOBJ1141,2026-08-09,34999999,kWh,,2026-08-10T04:20:10,storage boil-off,"Nominations, Prevailing Nomination, IsleOfGrainBL, Storage Boiloff"
2026-09-04T00:07:09+00:00,grain,boiloff_nom,live,PUBOBJ1141,2026-08-10,35000000,kWh,,2026-08-11T04:20:10,storage boil-off,"Nominations, Prevailing Nomination, IsleOfGrainBL, Storage Boiloff"
2026-09-04T00:07:09+00:00,grain,boiloff_nom,live,PUBOBJ1141,2026-08-11,34999999,kWh,,2026-08-12T04:20:11,storage boil-off,"Nominations, Prevailing Nomination, IsleOfGrainBL, Storage Boiloff"
2026-09-04T00:07:09+00:00,grain,boiloff_nom,live,PUBOBJ1141,2026-08-12,34344640,kWh,,2026-08-13T04:20:10,storage boil-off,"Nominations, Prevailing Nomination, IsleOfGrainBL, Storage Boiloff"
2026-09-04T00:07:09+00:00,grain,boiloff_nom,live,PUBOBJ1141,2026-08-13,34999999,kWh,,2026-08-14T04:20:10,storage boil-off,"Nominations, Prevailing Nomination, IsleOfGrainBL, Storage Boiloff"
2026-09-04T00:07:09+00:00,grain,boiloff_nom,live,PUBOBJ1141,2026-08-14,34999999,kWh,,2026-08-15T04:20:10,storage boil-off,"Nominations, Prevailing Nomination, IsleOfGrainBL, Storage Boiloff"
2026-09-04T00:07:09+00:00,grain,boiloff_nom,live,PUBOBJ1141,2026-08-15,35048151,kWh,,2026-08-16T04:20:10,storage boil-off,"Nominations, Prevailing Nomination, IsleOfGrainBL, Storage Boiloff"
2026-09-04T00:07:09+00:00,grain,boiloff_nom,live,PUBOBJ1141,2026-08-16,34999999,kWh,,2026-08-17T04:20:10,storage boil-off,"Nominations, Prevailing Nomination, IsleOfGrainBL, Storage Boiloff"
2026-09-04T00:07:09+00:00,grain,boiloff_nom,live,PUBOBJ1141,2026-08-17,34999999,kWh,,2026-08-18T04:20:11,storage boil-off,"Nominations, Prevailing Nomination, IsleOfGrainBL, Storage Boiloff"
2026-09-04T00:07:09+00:00,grain,boiloff_nom,live,PUBOBJ1141,2026-08-18,34999999,kWh,,2026-08-19T04:20:10,storage boil-off,"Nominations, Prevailing Nomination, IsleOfGrainBL, Storage Boiloff"
2026-09-04T00:07:09+00:00,grain,boiloff_nom,live,PUBOBJ1141,2026-08-19,34999999,kWh,,2026-08-20T04:20:11,storage boil-off,"Nominations, Prevailing Nomination, IsleOfGrainBL, Storage Boiloff"
2026-09-04T00:07:09+00:00,grain,boiloff_nom,live,PUBOBJ1141,2026-08-20,34999999,kWh,,2026-08-21T04:20:10,storage boil-off,"Nominations, Prevailing Nomination, IsleOfGrainBL, Storage Boiloff"
2026-09-04T00:07:09+00:00,grain,boiloff_nom,live,PUBOBJ1141,2026-08-21,34999999,kWh,,2026-08-22T04:20:10,storage boil-off,"Nominations, Prevailing Nomination, IsleOfGrainBL, Storage Boiloff"
2026-09-04T00:07:09+00:00,grain,boiloff_nom,live,PUBOBJ1141,2026-08-22,34999999,kWh,,2026-08-23T04:20:10,storage boil-off,"Nominations, Prevailing Nomination, IsleOfGrainBL, Storage Boiloff"
2026-09-04T00:07:09+00:00,grain,boiloff_nom,live,PUBOBJ1141,2026-08-23,34999999,kWh,,2026-08-24T04:20:10,storage boil-off,"Nominations, Prevailing Nomination, IsleOfGrainBL, Storage Boiloff"
2026-09-04T00:07:09+00:00,grain,boiloff_nom,live,PUBOBJ1141,2026-08-24,34999999,kWh,,2026-08-25T04:20:10,storage boil-off,"Nominations, Prevailing Nomination, IsleOfGrainBL, Storage Boiloff"
2026-09-04T00:07:09+00:00,grain,boiloff_nom,live,PUBOBJ1141,2026-08-25,34999999,kWh,,2026-08-26T04:20:10,storage boil-off,"Nominations, Prevailing Nomination, IsleOfGrainBL, Storage Boiloff"
2026-09-04T00:07:09+00:00,grain,boiloff_nom,live,PUBOBJ1141,2026-08-26,34999999,kWh,,2026-08-27T04:20:10,storage boil-off,"Nominations, Prevailing Nomination, IsleOfGrainBL, Storage Boiloff"
2026-09-04T00:07:09+00:00,grain,boiloff_nom,live,PUBOBJ1141,2026-08-27,34999999,kWh,,2026-08-28T04:20:11,storage boil-off,"Nominations, Prevailing Nomination, IsleOfGrainBL, Storage Boiloff"
2026-09-04T00:07:09+00:00,grain,boiloff_nom,live,PUBOBJ1141,2026-08-28,34999999,kWh,,2026-08-29T04:20:10,storage boil-off,"Nominations, Prevailing Nomination, IsleOfGrainBL, Storage Boiloff"
2026-09-04T00:07:09+00:00,grain,boiloff_nom,live,PUBOBJ1141,2026-08-29,34999999,kWh,,2026-08-30T04:20:10,storage boil-off,"Nominations, Prevailing Nomination, IsleOfGrainBL, Storage Boiloff"
2026-09-04T00:07:09+00:00,grain,boiloff_nom,live,PUBOBJ1141,2026-08-30,34999999,kWh,,2026-08-31T04:20:10,storage boil-off,"Nominations, Prevailing Nomination, IsleOfGrainBL, Storage Boiloff"
2026-09-04T00:07:09+00:00,grain,boiloff_nom,live,PUBOBJ1141,2026-08-31,34999999,kWh,,2026-09-01T04:20:11,storage boil-off,"Nominations, Prevailing Nomination, IsleOfGrainBL, Storage Boiloff"
2026-09-04T00:07:09+00:00,grain,boiloff_nom,live,PUBOBJ1141,2026-09-01,35000000,kWh,,2026-09-02T04:20:10,storage boil-off,"Nominations, Prevailing Nomination, IsleOfGrainBL, Storage Boiloff"
2026-09-04T00:07:09+00:00,grain,boiloff_nom,live,PUBOBJ1141,2026-09-02,34999999,kWh,,2026-09-03T04:20:10,storage boil-off,"Nominations, Prevailing Nomination, IsleOfGrainBL, Storage Boiloff"
2026-09-04T00:07:09+00:00,grain,boiloff_nom,live,PUBOBJ1141,2026-09-03,34999999,kWh,,2026-09-04T00:20:10,storage boil-off,"Nominations, Prevailing Nomination, IsleOfGrainBL, Storage Boiloff"
2026-09-04T00:07:09+00:00,grain,boiloff_nom,live,PUBOBJ1141,2026-09-04,20626286,kWh,,2026-09-03T15:20:15,storage boil-off,"Nominations, Prevailing Nomination, IsleOfGrainBL, Storage Boiloff"
2026-09-04T00:07:09+00:00,grain,cv,D+2,PUBOB369,2026-07-21,36.7,MJ/scm,,2026-08-18T10:00:00,Grain NTS1,"System Entry Calorific Value, Grain NTS 1, D+2"
2026-09-04T00:07:09+00:00,grain,cv,D+2,PUBOB369,2026-07-22,39.5,MJ/scm,,2026-08-18T10:00:00,Grain NTS1,"System Entry Calorific Value, Grain NTS 1, D+2"
2026-09-04T00:07:09+00:00,grain,cv,D+2,PUBOB369,2026-07-23,39.46,MJ/scm,,2026-08-18T10:00:00,Grain NTS1,"System Entry Calorific Value, Grain NTS 1, D+2"
2026-09-04T00:07:09+00:00,grain,cv,D+2,PUBOB369,2026-07-24,39.48,MJ/scm,,2026-08-18T10:00:00,Grain NTS1,"System Entry Calorific Value, Grain NTS 1, D+2"
2026-09-04T00:07:09+00:00,grain,cv,D+2,PUBOB369,2026-07-25,39.45,MJ/scm,,2026-08-18T10:00:00,Grain NTS1,"System Entry Calorific Value, Grain NTS 1, D+2"
2026-09-04T00:07:09+00:00,grain,cv,D+2,PUBOB369,2026-07-26,39.5,MJ/scm,,2026-08-18T10:00:00,Grain NTS1,"System Entry Calorific Value, Grain NTS 1, D+2"
2026-09-04T00:07:09+00:00,grain,cv,D+2,PUBOB369,2026-07-27,39.5,MJ/scm,,2026-08-18T10:00:00,Grain NTS1,"System Entry Calorific Value, Grain NTS 1, D+2"
2026-09-04T00:07:09+00:00,grain,cv,D+2,PUBOB369,2026-07-28,39.5,MJ/scm,,2026-08-18T10:00:00,Grain NTS1,"System Entry Calorific Value, Grain NTS 1, D+2"
2026-09-04T00:07:09+00:00,grain,cv,D+2,PUBOB369,2026-07-29,39.5,MJ/scm,,2026-08-18T10:00:00,Grain NTS1,"System Entry Calorific Value, Grain NTS 1, D+2"
2026-09-04T00:07:09+00:00,grain,cv,D+2,PUBOB369,2026-07-30,39.51,MJ/scm,,2026-08-18T10:00:00,Grain NTS1,"System Entry Calorific Value, Grain NTS 1, D+2"
2026-09-04T00:07:09+00:00,grain,cv,D+2,PUBOB369,2026-07-31,39.45,MJ/scm,,2026-08-18T10:00:00,Grain NTS1,"System Entry Calorific Value, Grain NTS 1, D+2"
2026-09-04T00:07:09+00:00,grain,cv,D+2,PUBOB369,2026-08-01,39.46,MJ/scm,,2026-08-03T10:00:00,Grain NTS1,"System Entry Calorific Value, Grain NTS 1, D+2"
2026-09-04T00:07:09+00:00,grain,cv,D+2,PUBOB369,2026-08-02,39.48,MJ/scm,,2026-08-04T10:00:00,Grain NTS1,"System Entry Calorific Value, Grain NTS 1, D+2"
2026-09-04T00:07:09+00:00,grain,cv,D+2,PUBOB369,2026-08-03,39.48,MJ/scm,,2026-08-05T10:00:00,Grain NTS1,"System Entry Calorific Value, Grain NTS 1, D+2"
2026-09-04T00:07:09+00:00,grain,cv,D+2,PUBOB369,2026-08-04,39.45,MJ/scm,,2026-08-06T10:00:00,Grain NTS1,"System Entry Calorific Value, Grain NTS 1, D+2"
2026-09-04T00:07:09+00:00,grain,cv,D+2,PUBOB369,2026-08-05,39.41,MJ/scm,,2026-08-07T10:00:00,Grain NTS1,"System Entry Calorific Value, Grain NTS 1, D+2"
2026-09-04T00:07:09+00:00,grain,cv,D+2,PUBOB369,2026-08-06,39.46,MJ/scm,,2026-08-08T10:00:00,Grain NTS1,"System Entry Calorific Value, Grain NTS 1, D+2"
2026-09-04T00:07:09+00:00,grain,cv,D+2,PUBOB369,2026-08-07,39.37,MJ/scm,,2026-08-09T10:00:00,Grain NTS1,"System Entry Calorific Value, Grain NTS 1, D+2"
2026-09-04T00:07:09+00:00,grain,cv,D+2,PUBOB369,2026-08-08,39.51,MJ/scm,,2026-08-10T10:00:00,Grain NTS1,"System Entry Calorific Value, Grain NTS 1, D+2"
2026-09-04T00:07:09+00:00,grain,cv,D+2,PUBOB369,2026-08-09,39.44,MJ/scm,,2026-08-11T10:00:00,Grain NTS1,"System Entry Calorific Value, Grain NTS 1, D+2"
2026-09-04T00:07:09+00:00,grain,cv,D+2,PUBOB369,2026-08-10,39.64,MJ/scm,,2026-08-12T10:00:00,Grain NTS1,"System Entry Calorific Value, Grain NTS 1, D+2"
2026-09-04T00:07:09+00:00,grain,cv,D+2,PUBOB369,2026-08-11,39.47,MJ/scm,,2026-08-13T10:00:00,Grain NTS1,"System Entry Calorific Value, Grain NTS 1, D+2"
2026-09-04T00:07:09+00:00,grain,cv,D+2,PUBOB369,2026-08-12,38.4,MJ/scm,,2026-08-14T10:00:00,Grain NTS1,"System Entry Calorific Value, Grain NTS 1, D+2"
2026-09-04T00:07:09+00:00,grain,cv,D+2,PUBOB369,2026-08-13,39.52,MJ/scm,,2026-08-15T10:00:00,Grain NTS1,"System Entry Calorific Value, Grain NTS 1, D+2"
2026-09-04T00:07:09+00:00,grain,cv,D+2,PUBOB369,2026-08-14,39.53,MJ/scm,,2026-08-16T10:00:00,Grain NTS1,"System Entry Calorific Value, Grain NTS 1, D+2"
2026-09-04T00:07:09+00:00,grain,cv,D+2,PUBOB369,2026-08-15,39.55,MJ/scm,,2026-08-17T10:00:00,Grain NTS1,"System Entry Calorific Value, Grain NTS 1, D+2"
2026-09-04T00:07:09+00:00,grain,cv,D+2,PUBOB369,2026-08-16,39.49,MJ/scm,,2026-08-18T10:00:00,Grain NTS1,"System Entry Calorific Value, Grain NTS 1, D+2"
2026-09-04T00:07:09+00:00,grain,cv,D+2,PUBOB369,2026-08-17,39.46,MJ/scm,,2026-08-19T10:00:00,Grain NTS1,"System Entry Calorific Value, Grain NTS 1, D+2"
2026-09-04T00:07:09+00:00,grain,cv,D+2,PUBOB369,2026-08-18,39.58,MJ/scm,,2026-08-20T10:00:00,Grain NTS1,"System Entry Calorific Value, Grain NTS 1, D+2"
2026-09-04T00:07:09+00:00,grain,cv,D+2,PUBOB369,2026-08-19,39.44,MJ/scm,,2026-08-21T10:00:00,Grain NTS1,"System Entry Calorific Value, Grain NTS 1, D+2"
2026-09-04T00:07:09+00:00,grain,cv,D+2,PUBOB369,2026-08-20,39.43,MJ/scm,,2026-08-22T10:00:00,Grain NTS1,"System Entry Calorific Value, Grain NTS 1, D+2"
2026-09-04T00:07:09+00:00,grain,cv,D+2,PUBOB369,2026-08-21,39.39,MJ/scm,,2026-08-23T10:00:00,Grain NTS1,"System Entry Calorific Value, Grain NTS 1, D+2"
2026-09-04T00:07:09+00:00,grain,cv,D+2,PUBOB369,2026-08-22,39.47,MJ/scm,,2026-08-24T10:00:00,Grain NTS1,"System Entry Calorific Value, Grain NTS 1, D+2"
2026-09-04T00:07:09+00:00,grain,cv,D+2,PUBOB369,2026-08-23,39.48,MJ/scm,,2026-08-25T10:00:00,Grain NTS1,"System Entry Calorific Value, Grain NTS 1, D+2"
2026-09-04T00:07:09+00:00,grain,cv,D+2,PUBOB369,2026-08-24,39.52,MJ/scm,,2026-08-26T10:00:00,Grain NTS1,"System Entry Calorific Value, Grain NTS 1, D+2"
2026-09-04T00:07:09+00:00,grain,cv,D+2,PUBOB369,2026-08-25,39.52,MJ/scm,,2026-08-27T10:00:00,Grain NTS1,"System Entry Calorific Value, Grain NTS 1, D+2"
2026-09-04T00:07:09+00:00,grain,cv,D+2,PUBOB369,2026-08-26,39.59,MJ/scm,,2026-08-28T10:00:00,Grain NTS1,"System Entry Calorific Value, Grain NTS 1, D+2"
2026-09-04T00:07:09+00:00,grain,cv,D+2,PUBOB369,2026-08-27,39.46,MJ/scm,,2026-08-29T10:00:00,Grain NTS1,"System Entry Calorific Value, Grain NTS 1, D+2"
2026-09-04T00:07:09+00:00,grain,cv,D+2,PUBOB369,2026-08-28,39.55,MJ/scm,,2026-08-30T10:00:00,Grain NTS1,"System Entry Calorific Value, Grain NTS 1, D+2"
2026-09-04T00:07:09+00:00,grain,cv,D+2,PUBOB369,2026-08-29,39.53,MJ/scm,,2026-08-31T10:00:00,Grain NTS1,"System Entry Calorific Value, Grain NTS 1, D+2"
2026-09-04T00:07:09+00:00,grain,cv,D+2,PUBOB369,2026-08-30,39.56,MJ/scm,,2026-09-01T10:00:00,Grain NTS1,"System Entry Calorific Value, Grain NTS 1, D+2"
2026-09-04T00:07:09+00:00,grain,cv,D+2,PUBOB369,2026-08-31,39.54,MJ/scm,,2026-09-02T10:00:00,Grain NTS1,"System Entry Calorific Value, Grain NTS 1, D+2"
2026-09-04T00:07:09+00:00,grain,cv,D+2,PUBOB369,2026-09-01,39.51,MJ/scm,,2026-09-03T10:00:00,Grain NTS1,"System Entry Calorific Value, Grain NTS 1, D+2"
2026-09-04T00:07:09+00:00,grain,cv,D+2,PUBOB3475,2026-07-21,39.28,MJ/scm,,2026-08-18T10:00:00,Grain NTS2,"System Entry Calorific Value, Grain NTS 2, D+2"
2026-09-04T00:07:09+00:00,grain,cv,D+2,PUBOB3475,2026-07-22,39.46,MJ/scm,,2026-08-18T10:00:00,Grain NTS2,"System Entry Calorific Value, Grain NTS 2, D+2"
2026-09-04T00:07:09+00:00,grain,cv,D+2,PUBOB3475,2026-07-23,39.44,MJ/scm,,2026-08-18T10:00:00,Grain NTS2,"System Entry Calorific Value, Grain NTS 2, D+2"
2026-09-04T00:07:09+00:00,grain,cv,D+2,PUBOB3475,2026-07-24,39.42,MJ/scm,,2026-08-18T10:00:00,Grain NTS2,"System Entry Calorific Value, Grain NTS 2, D+2"
2026-09-04T00:07:09+00:00,grain,cv,D+2,PUBOB3475,2026-07-25,39.41,MJ/scm,,2026-08-18T10:00:00,Grain NTS2,"System Entry Calorific Value, Grain NTS 2, D+2"
2026-09-04T00:07:09+00:00,grain,cv,D+2,PUBOB3475,2026-07-26,39.41,MJ/scm,,2026-08-18T10:00:00,Grain NTS2,"System Entry Calorific Value, Grain NTS 2, D+2"
2026-09-04T00:07:09+00:00,grain,cv,D+2,PUBOB3475,2026-07-27,39.4,MJ/scm,,2026-08-18T10:00:00,Grain NTS2,"System Entry Calorific Value, Grain NTS 2, D+2"
2026-09-04T00:07:09+00:00,grain,cv,D+2,PUBOB3475,2026-07-28,39.39,MJ/scm,,2026-08-18T10:00:00,Grain NTS2,"System Entry Calorific Value, Grain NTS 2, D+2"
2026-09-04T00:07:09+00:00,grain,cv,D+2,PUBOB3475,2026-07-29,39.38,MJ/scm,,2026-08-18T10:00:00,Grain NTS2,"System Entry Calorific Value, Grain NTS 2, D+2"
2026-09-04T00:07:09+00:00,grain,cv,D+2,PUBOB3475,2026-07-30,39.37,MJ/scm,,2026-08-18T10:00:00,Grain NTS2,"System Entry Calorific Value, Grain NTS 2, D+2"
2026-09-04T00:07:09+00:00,grain,cv,D+2,PUBOB3475,2026-07-31,39.36,MJ/scm,,2026-08-18T10:00:00,Grain NTS2,"System Entry Calorific Value, Grain NTS 2, D+2"
2026-09-04T00:07:09+00:00,grain,cv,D+2,PUBOB3475,2026-08-01,39.35,MJ/scm,,2026-08-03T10:00:00,Grain NTS2,"System Entry Calorific Value, Grain NTS 2, D+2"
2026-09-04T00:07:09+00:00,grain,cv,D+2,PUBOB3475,2026-08-02,39.34,MJ/scm,,2026-08-04T10:00:00,Grain NTS2,"System Entry Calorific Value, Grain NTS 2, D+2"
2026-09-04T00:07:09+00:00,grain,cv,D+2,PUBOB3475,2026-08-03,39.33,MJ/scm,,2026-08-05T10:00:00,Grain NTS2,"System Entry Calorific Value, Grain NTS 2, D+2"
2026-09-04T00:07:09+00:00,grain,cv,D+2,PUBOB3475,2026-08-04,39.33,MJ/scm,,2026-08-06T10:00:00,Grain NTS2,"System Entry Calorific Value, Grain NTS 2, D+2"
2026-09-04T00:07:09+00:00,grain,cv,D+2,PUBOB3475,2026-08-05,39.47,MJ/scm,,2026-08-07T10:00:00,Grain NTS2,"System Entry Calorific Value, Grain NTS 2, D+2"
2026-09-04T00:07:09+00:00,grain,cv,D+2,PUBOB3475,2026-08-06,39.45,MJ/scm,,2026-08-08T10:00:00,Grain NTS2,"System Entry Calorific Value, Grain NTS 2, D+2"
2026-09-04T00:07:09+00:00,grain,cv,D+2,PUBOB3475,2026-08-07,39.44,MJ/scm,,2026-08-09T10:00:00,Grain NTS2,"System Entry Calorific Value, Grain NTS 2, D+2"
2026-09-04T00:07:09+00:00,grain,cv,D+2,PUBOB3475,2026-08-08,39.42,MJ/scm,,2026-08-10T10:00:00,Grain NTS2,"System Entry Calorific Value, Grain NTS 2, D+2"
2026-09-04T00:07:09+00:00,grain,cv,D+2,PUBOB3475,2026-08-09,39.41,MJ/scm,,2026-08-11T10:00:00,Grain NTS2,"System Entry Calorific Value, Grain NTS 2, D+2"
2026-09-04T00:07:09+00:00,grain,cv,D+2,PUBOB3475,2026-08-10,39.41,MJ/scm,,2026-08-12T10:00:00,Grain NTS2,"System Entry Calorific Value, Grain NTS 2, D+2"
2026-09-04T00:07:09+00:00,grain,cv,D+2,PUBOB3475,2026-08-11,39.4,MJ/scm,,2026-08-13T10:00:00,Grain NTS2,"System Entry Calorific Value, Grain NTS 2, D+2"
2026-09-04T00:07:09+00:00,grain,cv,D+2,PUBOB3475,2026-08-12,39.4,MJ/scm,,2026-08-14T10:00:00,Grain NTS2,"System Entry Calorific Value, Grain NTS 2, D+2"
2026-09-04T00:07:09+00:00,grain,cv,D+2,PUBOB3475,2026-08-13,39.4,MJ/scm,,2026-08-15T10:00:00,Grain NTS2,"System Entry Calorific Value, Grain NTS 2, D+2"
2026-09-04T00:07:09+00:00,grain,cv,D+2,PUBOB3475,2026-08-14,39.4,MJ/scm,,2026-08-16T10:00:00,Grain NTS2,"System Entry Calorific Value, Grain NTS 2, D+2"
2026-09-04T00:07:09+00:00,grain,cv,D+2,PUBOB3475,2026-08-15,39.39,MJ/scm,,2026-08-17T10:00:00,Grain NTS2,"System Entry Calorific Value, Grain NTS 2, D+2"
2026-09-04T00:07:09+00:00,grain,cv,D+2,PUBOB3475,2026-08-16,39.39,MJ/scm,,2026-08-18T10:00:00,Grain NTS2,"System Entry Calorific Value, Grain NTS 2, D+2"
2026-09-04T00:07:09+00:00,grain,cv,D+2,PUBOB3475,2026-08-17,39.46,MJ/scm,,2026-08-19T10:00:00,Grain NTS2,"System Entry Calorific Value, Grain NTS 2, D+2"
2026-09-04T00:07:09+00:00,grain,cv,D+2,PUBOB3475,2026-08-18,39.44,MJ/scm,,2026-08-20T10:00:00,Grain NTS2,"System Entry Calorific Value, Grain NTS 2, D+2"
2026-09-04T00:07:09+00:00,grain,cv,D+2,PUBOB3475,2026-08-19,39.43,MJ/scm,,2026-08-21T10:00:00,Grain NTS2,"System Entry Calorific Value, Grain NTS 2, D+2"
2026-09-04T00:07:09+00:00,grain,cv,D+2,PUBOB3475,2026-08-20,39.43,MJ/scm,,2026-08-22T10:00:00,Grain NTS2,"System Entry Calorific Value, Grain NTS 2, D+2"
2026-09-04T00:07:09+00:00,grain,cv,D+2,PUBOB3475,2026-08-21,39.42,MJ/scm,,2026-08-23T10:00:00,Grain NTS2,"System Entry Calorific Value, Grain NTS 2, D+2"
2026-09-04T00:07:09+00:00,grain,cv,D+2,PUBOB3475,2026-08-22,39.42,MJ/scm,,2026-08-24T10:00:00,Grain NTS2,"System Entry Calorific Value, Grain NTS 2, D+2"
2026-09-04T00:07:09+00:00,grain,cv,D+2,PUBOB3475,2026-08-23,39.44,MJ/scm,,2026-08-25T10:00:00,Grain NTS2,"System Entry Calorific Value, Grain NTS 2, D+2"
2026-09-04T00:07:09+00:00,grain,cv,D+2,PUBOB3475,2026-08-24,39.44,MJ/scm,,2026-08-26T10:00:00,Grain NTS2,"System Entry Calorific Value, Grain NTS 2, D+2"
2026-09-04T00:07:09+00:00,grain,cv,D+2,PUBOB3475,2026-08-25,39.43,MJ/scm,,2026-08-27T10:00:00,Grain NTS2,"System Entry Calorific Value, Grain NTS 2, D+2"
2026-09-04T00:07:09+00:00,grain,cv,D+2,PUBOB3475,2026-08-26,39.43,MJ/scm,,2026-08-28T10:00:00,Grain NTS2,"System Entry Calorific Value, Grain NTS 2, D+2"
2026-09-04T00:07:09+00:00,grain,cv,D+2,PUBOB3475,2026-08-27,39.42,MJ/scm,,2026-08-29T10:00:00,Grain NTS2,"System Entry Calorific Value, Grain NTS 2, D+2"
2026-09-04T00:07:09+00:00,grain,cv,D+2,PUBOB3475,2026-08-28,39.42,MJ/scm,,2026-08-30T10:00:00,Grain NTS2,"System Entry Calorific Value, Grain NTS 2, D+2"
2026-09-04T00:07:09+00:00,grain,cv,D+2,PUBOB3475,2026-08-29,39.46,MJ/scm,,2026-08-31T10:00:00,Grain NTS2,"System Entry Calorific Value, Grain NTS 2, D+2"
2026-09-04T00:07:09+00:00,grain,cv,D+2,PUBOB3475,2026-08-30,39.46,MJ/scm,,2026-09-01T10:00:00,Grain NTS2,"System Entry Calorific Value, Grain NTS 2, D+2"
2026-09-04T00:07:09+00:00,grain,cv,D+2,PUBOB3475,2026-08-31,39.46,MJ/scm,,2026-09-02T10:00:00,Grain NTS2,"System Entry Calorific Value, Grain NTS 2, D+2"
2026-09-04T00:07:09+00:00,grain,cv,D+2,PUBOB3475,2026-09-01,39.46,MJ/scm,,2026-09-03T10:00:00,Grain NTS2,"System Entry Calorific Value, Grain NTS 2, D+2"
2026-09-04T00:07:09+00:00,south_hook,cv,D+2,PUBOB3482,2026-07-21,39.04,MJ/scm,,2026-08-18T10:00:00,,"System Entry Calorific Value, South Hook, D+2"
2026-09-04T00:07:09+00:00,south_hook,cv,D+2,PUBOB3482,2026-07-22,39.02,MJ/scm,,2026-08-18T10:00:00,,"System Entry Calorific Value, South Hook, D+2"
2026-09-04T00:07:09+00:00,south_hook,cv,D+2,PUBOB3482,2026-07-23,39.07,MJ/scm,,2026-08-18T10:00:00,,"System Entry Calorific Value, South Hook, D+2"
2026-09-04T00:07:09+00:00,south_hook,cv,D+2,PUBOB3482,2026-07-24,39.13,MJ/scm,,2026-08-18T10:00:00,,"System Entry Calorific Value, South Hook, D+2"
2026-09-04T00:07:09+00:00,south_hook,cv,D+2,PUBOB3482,2026-07-25,39.13,MJ/scm,,2026-08-18T10:00:00,,"System Entry Calorific Value, South Hook, D+2"
2026-09-04T00:07:09+00:00,south_hook,cv,D+2,PUBOB3482,2026-07-26,39.12,MJ/scm,,2026-08-18T10:00:00,,"System Entry Calorific Value, South Hook, D+2"
2026-09-04T00:07:09+00:00,south_hook,cv,D+2,PUBOB3482,2026-07-27,39.08,MJ/scm,,2026-08-18T10:00:00,,"System Entry Calorific Value, South Hook, D+2"
2026-09-04T00:07:09+00:00,south_hook,cv,D+2,PUBOB3482,2026-07-28,39.04,MJ/scm,,2026-08-18T10:00:00,,"System Entry Calorific Value, South Hook, D+2"
2026-09-04T00:07:09+00:00,south_hook,cv,D+2,PUBOB3482,2026-07-29,39.01,MJ/scm,,2026-08-18T10:00:00,,"System Entry Calorific Value, South Hook, D+2"
2026-09-04T00:07:09+00:00,south_hook,cv,D+2,PUBOB3482,2026-07-30,39.07,MJ/scm,,2026-08-18T10:00:00,,"System Entry Calorific Value, South Hook, D+2"
2026-09-04T00:07:09+00:00,south_hook,cv,D+2,PUBOB3482,2026-07-31,39.26,MJ/scm,,2026-08-18T10:00:00,,"System Entry Calorific Value, South Hook, D+2"
2026-09-04T00:07:09+00:00,south_hook,cv,D+2,PUBOB3482,2026-08-01,39.17,MJ/scm,,2026-08-03T10:00:00,,"System Entry Calorific Value, South Hook, D+2"
2026-09-04T00:07:09+00:00,south_hook,cv,D+2,PUBOB3482,2026-08-02,39.21,MJ/scm,,2026-08-04T10:00:00,,"System Entry Calorific Value, South Hook, D+2"
2026-09-04T00:07:09+00:00,south_hook,cv,D+2,PUBOB3482,2026-08-03,39.24,MJ/scm,,2026-08-05T10:00:00,,"System Entry Calorific Value, South Hook, D+2"
2026-09-04T00:07:09+00:00,south_hook,cv,D+2,PUBOB3482,2026-08-04,39.21,MJ/scm,,2026-08-06T10:00:00,,"System Entry Calorific Value, South Hook, D+2"
2026-09-04T00:07:09+00:00,south_hook,cv,D+2,PUBOB3482,2026-08-05,39.21,MJ/scm,,2026-08-07T10:00:00,,"System Entry Calorific Value, South Hook, D+2"
2026-09-04T00:07:09+00:00,south_hook,cv,D+2,PUBOB3482,2026-08-06,39.22,MJ/scm,,2026-08-08T10:00:00,,"System Entry Calorific Value, South Hook, D+2"
2026-09-04T00:07:09+00:00,south_hook,cv,D+2,PUBOB3482,2026-08-07,39.18,MJ/scm,,2026-08-09T10:00:00,,"System Entry Calorific Value, South Hook, D+2"
2026-09-04T00:07:09+00:00,south_hook,cv,D+2,PUBOB3482,2026-08-08,39.18,MJ/scm,,2026-08-10T10:00:00,,"System Entry Calorific Value, South Hook, D+2"
2026-09-04T00:07:09+00:00,south_hook,cv,D+2,PUBOB3482,2026-08-09,39.26,MJ/scm,,2026-08-11T10:00:00,,"System Entry Calorific Value, South Hook, D+2"
2026-09-04T00:07:09+00:00,south_hook,cv,D+2,PUBOB3482,2026-08-10,39.27,MJ/scm,,2026-08-12T10:00:00,,"System Entry Calorific Value, South Hook, D+2"
2026-09-04T00:07:09+00:00,south_hook,cv,D+2,PUBOB3482,2026-08-11,39.21,MJ/scm,,2026-08-13T10:00:00,,"System Entry Calorific Value, South Hook, D+2"
2026-09-04T00:07:09+00:00,south_hook,cv,D+2,PUBOB3482,2026-08-12,39.16,MJ/scm,,2026-08-14T10:00:00,,"System Entry Calorific Value, South Hook, D+2"
2026-09-04T00:07:09+00:00,south_hook,cv,D+2,PUBOB3482,2026-08-13,39.17,MJ/scm,,2026-08-15T10:00:00,,"System Entry Calorific Value, South Hook, D+2"
2026-09-04T00:07:09+00:00,south_hook,cv,D+2,PUBOB3482,2026-08-14,39.21,MJ/scm,,2026-08-16T10:00:00,,"System Entry Calorific Value, South Hook, D+2"
2026-09-04T00:07:09+00:00,south_hook,cv,D+2,PUBOB3482,2026-08-15,39.18,MJ/scm,,2026-08-17T10:00:00,,"System Entry Calorific Value, South Hook, D+2"
2026-09-04T00:07:09+00:00,south_hook,cv,D+2,PUBOB3482,2026-08-16,39.31,MJ/scm,,2026-08-18T10:00:00,,"System Entry Calorific Value, South Hook, D+2"
2026-09-04T00:07:09+00:00,south_hook,cv,D+2,PUBOB3482,2026-08-17,39.24,MJ/scm,,2026-08-19T10:00:00,,"System Entry Calorific Value, South Hook, D+2"
2026-09-04T00:07:09+00:00,south_hook,cv,D+2,PUBOB3482,2026-08-18,39.22,MJ/scm,,2026-08-20T10:00:00,,"System Entry Calorific Value, South Hook, D+2"
2026-09-04T00:07:09+00:00,south_hook,cv,D+2,PUBOB3482,2026-08-19,39.25,MJ/scm,,2026-08-21T10:00:00,,"System Entry Calorific Value, South Hook, D+2"
2026-09-04T00:07:09+00:00,south_hook,cv,D+2,PUBOB3482,2026-08-20,39.27,MJ/scm,,2026-08-22T10:00:00,,"System Entry Calorific Value, South Hook, D+2"
2026-09-04T00:07:09+00:00,south_hook,cv,D+2,PUBOB3482,2026-08-21,39.22,MJ/scm,,2026-08-23T10:00:00,,"System Entry Calorific Value, South Hook, D+2"
2026-09-04T00:07:09+00:00,south_hook,cv,D+2,PUBOB3482,2026-08-22,39.22,MJ/scm,,2026-08-24T10:00:00,,"System Entry Calorific Value, South Hook, D+2"
2026-09-04T00:07:09+00:00,south_hook,cv,D+2,PUBOB3482,2026-08-23,39.24,MJ/scm,,2026-08-25T10:00:00,,"System Entry Calorific Value, South Hook, D+2"
2026-09-04T00:07:09+00:00,south_hook,cv,D+2,PUBOB3482,2026-08-24,39.3,MJ/scm,,2026-08-26T10:00:00,,"System Entry Calorific Value, South Hook, D+2"
2026-09-04T00:07:09+00:00,south_hook,cv,D+2,PUBOB3482,2026-08-25,39.1,MJ/scm,,2026-08-27T10:00:00,,"System Entry Calorific Value, South Hook, D+2"
2026-09-04T00:07:09+00:00,south_hook,cv,D+2,PUBOB3482,2026-08-26,39.18,MJ/scm,,2026-08-28T10:00:00,,"System Entry Calorific Value, South Hook, D+2"
2026-09-04T00:07:09+00:00,south_hook,cv,D+2,PUBOB3482,2026-08-27,39.12,MJ/scm,,2026-08-29T10:00:00,,"System Entry Calorific Value, South Hook, D+2"
2026-09-04T00:07:09+00:00,south_hook,cv,D+2,PUBOB3482,2026-08-28,38.98,MJ/scm,,2026-08-30T10:00:00,,"System Entry Calorific Value, South Hook, D+2"
2026-09-04T00:07:09+00:00,south_hook,cv,D+2,PUBOB3482,2026-08-29,39.07,MJ/scm,,2026-08-31T10:00:00,,"System Entry Calorific Value, South Hook, D+2"
2026-09-04T00:07:09+00:00,south_hook,cv,D+2,PUBOB3482,2026-08-30,39.09,MJ/scm,,2026-09-01T10:00:00,,"System Entry Calorific Value, South Hook, D+2"
2026-09-04T00:07:09+00:00,south_hook,cv,D+2,PUBOB3482,2026-08-31,39.06,MJ/scm,,2026-09-02T10:00:00,,"System Entry Calorific Value, South Hook, D+2"
2026-09-04T00:07:09+00:00,south_hook,cv,D+2,PUBOB3482,2026-09-01,39.02,MJ/scm,,2026-09-03T10:00:00,,"System Entry Calorific Value, South Hook, D+2"
2026-09-04T00:07:09+00:00,dragon,cv,D+2,PUBOB3566,2026-07-21,38.11,MJ/scm,,2026-08-18T10:00:00,,"System Entry Calorific Value, Milford Haven - Dragon, D+2"
2026-09-04T00:07:09+00:00,dragon,cv,D+2,PUBOB3566,2026-07-22,39,MJ/scm,,2026-08-18T10:00:00,,"System Entry Calorific Value, Milford Haven - Dragon, D+2"
2026-09-04T00:07:09+00:00,dragon,cv,D+2,PUBOB3566,2026-07-23,37.93,MJ/scm,,2026-08-18T10:00:00,,"System Entry Calorific Value, Milford Haven - Dragon, D+2"
2026-09-04T00:07:09+00:00,dragon,cv,D+2,PUBOB3566,2026-07-24,38.09,MJ/scm,,2026-08-18T10:00:00,,"System Entry Calorific Value, Milford Haven - Dragon, D+2"
2026-09-04T00:07:09+00:00,dragon,cv,D+2,PUBOB3566,2026-07-25,39,MJ/scm,,2026-08-18T10:00:00,,"System Entry Calorific Value, Milford Haven - Dragon, D+2"
2026-09-04T00:07:09+00:00,dragon,cv,D+2,PUBOB3566,2026-07-26,39,MJ/scm,,2026-08-18T10:00:00,,"System Entry Calorific Value, Milford Haven - Dragon, D+2"
2026-09-04T00:07:09+00:00,dragon,cv,D+2,PUBOB3566,2026-07-27,39,MJ/scm,,2026-08-18T10:00:00,,"System Entry Calorific Value, Milford Haven - Dragon, D+2"
2026-09-04T00:07:09+00:00,dragon,cv,D+2,PUBOB3566,2026-07-28,39,MJ/scm,,2026-08-18T10:00:00,,"System Entry Calorific Value, Milford Haven - Dragon, D+2"
2026-09-04T00:07:09+00:00,dragon,cv,D+2,PUBOB3566,2026-07-29,39,MJ/scm,,2026-08-18T10:00:00,,"System Entry Calorific Value, Milford Haven - Dragon, D+2"
2026-09-04T00:07:09+00:00,dragon,cv,D+2,PUBOB3566,2026-07-30,39,MJ/scm,,2026-08-18T10:00:00,,"System Entry Calorific Value, Milford Haven - Dragon, D+2"
2026-09-04T00:07:09+00:00,dragon,cv,D+2,PUBOB3566,2026-07-31,39,MJ/scm,,2026-08-18T10:00:00,,"System Entry Calorific Value, Milford Haven - Dragon, D+2"
2026-09-04T00:07:09+00:00,dragon,cv,D+2,PUBOB3566,2026-08-01,39,MJ/scm,,2026-08-03T10:00:00,,"System Entry Calorific Value, Milford Haven - Dragon, D+2"
2026-09-04T00:07:09+00:00,dragon,cv,D+2,PUBOB3566,2026-08-02,39,MJ/scm,,2026-08-04T10:00:00,,"System Entry Calorific Value, Milford Haven - Dragon, D+2"
2026-09-04T00:07:09+00:00,dragon,cv,D+2,PUBOB3566,2026-08-03,39,MJ/scm,,2026-08-05T10:00:00,,"System Entry Calorific Value, Milford Haven - Dragon, D+2"
2026-09-04T00:07:09+00:00,dragon,cv,D+2,PUBOB3566,2026-08-04,39,MJ/scm,,2026-08-06T10:00:00,,"System Entry Calorific Value, Milford Haven - Dragon, D+2"
2026-09-04T00:07:09+00:00,dragon,cv,D+2,PUBOB3566,2026-08-05,39,MJ/scm,,2026-08-07T10:00:00,,"System Entry Calorific Value, Milford Haven - Dragon, D+2"
2026-09-04T00:07:09+00:00,dragon,cv,D+2,PUBOB3566,2026-08-06,39,MJ/scm,,2026-08-08T10:00:00,,"System Entry Calorific Value, Milford Haven - Dragon, D+2"
2026-09-04T00:07:09+00:00,dragon,cv,D+2,PUBOB3566,2026-08-07,39,MJ/scm,,2026-08-09T10:00:00,,"System Entry Calorific Value, Milford Haven - Dragon, D+2"
2026-09-04T00:07:09+00:00,dragon,cv,D+2,PUBOB3566,2026-08-08,39,MJ/scm,,2026-08-10T10:00:00,,"System Entry Calorific Value, Milford Haven - Dragon, D+2"
2026-09-04T00:07:09+00:00,dragon,cv,D+2,PUBOB3566,2026-08-09,39,MJ/scm,,2026-08-11T10:00:00,,"System Entry Calorific Value, Milford Haven - Dragon, D+2"
2026-09-04T00:07:09+00:00,dragon,cv,D+2,PUBOB3566,2026-08-10,39,MJ/scm,,2026-08-12T10:00:00,,"System Entry Calorific Value, Milford Haven - Dragon, D+2"
2026-09-04T00:07:09+00:00,dragon,cv,D+2,PUBOB3566,2026-08-11,39,MJ/scm,,2026-08-13T10:00:00,,"System Entry Calorific Value, Milford Haven - Dragon, D+2"
2026-09-04T00:07:09+00:00,dragon,cv,D+2,PUBOB3566,2026-08-12,39,MJ/scm,,2026-08-14T10:00:00,,"System Entry Calorific Value, Milford Haven - Dragon, D+2"
2026-09-04T00:07:09+00:00,dragon,cv,D+2,PUBOB3566,2026-08-13,39,MJ/scm,,2026-08-15T10:00:00,,"System Entry Calorific Value, Milford Haven - Dragon, D+2"
2026-09-04T00:07:09+00:00,dragon,cv,D+2,PUBOB3566,2026-08-14,39,MJ/scm,,2026-08-16T10:00:00,,"System Entry Calorific Value, Milford Haven - Dragon, D+2"
2026-09-04T00:07:09+00:00,dragon,cv,D+2,PUBOB3566,2026-08-15,39,MJ/scm,,2026-08-17T10:00:00,,"System Entry Calorific Value, Milford Haven - Dragon, D+2"
2026-09-04T00:07:09+00:00,dragon,cv,D+2,PUBOB3566,2026-08-16,39,MJ/scm,,2026-08-18T10:00:00,,"System Entry Calorific Value, Milford Haven - Dragon, D+2"
2026-09-04T00:07:09+00:00,dragon,cv,D+2,PUBOB3566,2026-08-17,39,MJ/scm,,2026-08-19T10:00:00,,"System Entry Calorific Value, Milford Haven - Dragon, D+2"
2026-09-04T00:07:09+00:00,dragon,cv,D+2,PUBOB3566,2026-08-18,39,MJ/scm,,2026-08-20T10:00:00,,"System Entry Calorific Value, Milford Haven - Dragon, D+2"
2026-09-04T00:07:09+00:00,dragon,cv,D+2,PUBOB3566,2026-08-19,39,MJ/scm,,2026-08-21T10:00:00,,"System Entry Calorific Value, Milford Haven - Dragon, D+2"
2026-09-04T00:07:09+00:00,dragon,cv,D+2,PUBOB3566,2026-08-20,39,MJ/scm,,2026-08-22T10:00:00,,"System Entry Calorific Value, Milford Haven - Dragon, D+2"
2026-09-04T00:07:09+00:00,dragon,cv,D+2,PUBOB3566,2026-08-21,39,MJ/scm,,2026-08-23T10:00:00,,"System Entry Calorific Value, Milford Haven - Dragon, D+2"
2026-09-04T00:07:09+00:00,dragon,cv,D+2,PUBOB3566,2026-08-22,39,MJ/scm,,2026-08-24T10:00:00,,"System Entry Calorific Value, Milford Haven - Dragon, D+2"
2026-09-04T00:07:09+00:00,dragon,cv,D+2,PUBOB3566,2026-08-23,39,MJ/scm,,2026-08-25T10:00:00,,"System Entry Calorific Value, Milford Haven - Dragon, D+2"
2026-09-04T00:07:09+00:00,dragon,cv,D+2,PUBOB3566,2026-08-24,39,MJ/scm,,2026-08-26T10:00:00,,"System Entry Calorific Value, Milford Haven - Dragon, D+2"
2026-09-04T00:07:09+00:00,dragon,cv,D+2,PUBOB3566,2026-08-25,39,MJ/scm,,2026-08-27T10:00:00,,"System Entry Calorific Value, Milford Haven - Dragon, D+2"
2026-09-04T00:07:09+00:00,dragon,cv,D+2,PUBOB3566,2026-08-26,39,MJ/scm,,2026-08-28T10:00:00,,"System Entry Calorific Value, Milford Haven - Dragon, D+2"
2026-09-04T00:07:09+00:00,dragon,cv,D+2,PUBOB3566,2026-08-27,39,MJ/scm,,2026-08-29T10:00:00,,"System Entry Calorific Value, Milford Haven - Dragon, D+2"
2026-09-04T00:07:09+00:00,dragon,cv,D+2,PUBOB3566,2026-08-28,39,MJ/scm,,2026-08-30T10:00:00,,"System Entry Calorific Value, Milford Haven - Dragon, D+2"
2026-09-04T00:07:09+00:00,dragon,cv,D+2,PUBOB3566,2026-08-29,39,MJ/scm,,2026-08-31T10:00:00,,"System Entry Calorific Value, Milford Haven - Dragon, D+2"
2026-09-04T00:07:09+00:00,dragon,cv,D+2,PUBOB3566,2026-08-30,39,MJ/scm,,2026-09-01T10:00:00,,"System Entry Calorific Value, Milford Haven - Dragon, D+2"
2026-09-04T00:07:09+00:00,dragon,cv,D+2,PUBOB3566,2026-08-31,39,MJ/scm,,2026-09-02T10:00:00,,"System Entry Calorific Value, Milford Haven - Dragon, D+2"
2026-09-04T00:07:09+00:00,dragon,cv,D+2,PUBOB3566,2026-09-01,39,MJ/scm,,2026-09-03T10:00:00,,"System Entry Calorific Value, Milford Haven - Dragon, D+2"
