snapshot_utc,mmsi,name,imo,ship_type,loa,beam,draught_m,lat,lon,sog,nav_status,terminal,berth_sub,at_berth,likely_lng_carrier,destination,n_pos,first_seen,last_seen
2026-09-05T00:09:05+00:00,218006040,PLUTO,,,,,,51.95574833333333,4.148201666666667,11.5,0,gate,,False,False,,2,2026-09-05 00:09:04.863975261 +0000 UTC,2026-09-05 00:10:05.304592553 +0000 UTC
2026-09-05T00:09:05+00:00,244119000,WR57 JACOBA,,,,,,53.44491166666667,6.824721666666666,0.0,7,eems,,False,False,,3,2026-09-05 00:09:04.886934281 +0000 UTC,2026-09-05 00:15:54.567363915 +0000 UTC
2026-09-05T00:09:05+00:00,211690000,VB BREMEN,,,,,,53.537685,8.1637,0.0,0,wilhelmshaven,,False,False,,7,2026-09-05 00:09:05.127750259 +0000 UTC,2026-09-05 00:16:27.053678868 +0000 UTC
2026-09-05T00:09:05+00:00,244020615,DAAN,0.0,79.0,107.0,22.0,1.9,51.940356666666666,4.0654916666666665,0.0,0,gate,,False,False,HARTELHAVEN,10,2026-09-05 00:09:05.43369019 +0000 UTC,2026-09-05 00:16:56.319211552 +0000 UTC
2026-09-05T00:09:05+00:00,226002270,VAUBAN,0.0,99.0,96.0,12.0,0.0,49.484698333333334,0.15439,0.0,5,lehavre,,False,False,LE HAVRE,1,2026-09-05 00:09:05.812024637 +0000 UTC,2026-09-05 00:15:51.459060214 +0000 UTC
2026-09-05T00:09:05+00:00,211334410,BUETZFLETH,7720441.0,52.0,27.0,8.0,5.0,53.65275833333333,9.510795,0.0,0,stade,stade,True,False,STADE,8,2026-09-05 00:09:05.902843863 +0000 UTC,2026-09-05 00:16:05.982512541 +0000 UTC
2026-09-05T00:09:05+00:00,205149000,MFV Z38 ZUIDERZEE,0.0,30.0,30.0,8.0,4.0,51.322855,3.202495,0.0,0,zeebrugge,,False,False,SEA,6,2026-09-05 00:09:05.928142407 +0000 UTC,2026-09-05 00:16:35.667973231 +0000 UTC
2026-09-05T00:09:05+00:00,244650467,FRIENDSHIP,,,,,,51.94474,4.048645,0.0,0,gate,,False,False,,7,2026-09-05 00:09:05.966257661 +0000 UTC,2026-09-05 00:15:17.507924202 +0000 UTC
2026-09-05T00:09:05+00:00,2444059,HOEK VAN HOLLAND,0.0,0.0,,,0.0,51.98098166666667,4.112603333333333,0.0,15,gate,,False,False,,7,2026-09-05 00:09:06.187679565 +0000 UTC,2026-09-05 00:16:35.072146381 +0000 UTC
2026-09-05T00:09:05+00:00,256274000,VICTORINE,9184029.0,0.0,162.0,25.0,5.5,51.34995833333333,3.1863433333333333,0.0,5,zeebrugge,zeebrugge,True,False,BEZEE,2,2026-09-05 00:09:06.746614111 +0000 UTC,2026-09-05 00:15:08.914856531 +0000 UTC
2026-09-05T00:09:05+00:00,211286490,JADE,9199165.0,55.0,30.0,7.0,2.1,53.513376666666666,8.149533333333332,0.0,5,wilhelmshaven,,False,False,SURVEY OPP.,3,2026-09-05 00:09:06.806171863 +0000 UTC,2026-09-05 00:16:09.634243051 +0000 UTC
2026-09-05T00:09:05+00:00,205529990,DAMPEZZO,0.0,79.0,135.0,12.0,2.0,51.93962333333333,4.033933333333334,0.0,5,gate,,False,False,MAASVLAKTE HARTELHAV,2,2026-09-05 00:09:06.926160984 +0000 UTC,2026-09-05 00:15:05.619706249 +0000 UTC
2026-09-05T00:09:05+00:00,244730125,KRVE 62,,,,,,51.96003333333333,4.0905700000000005,0.1,0,gate,,False,False,,6,2026-09-05 00:09:07.060278591 +0000 UTC,2026-09-05 00:15:17.632209026 +0000 UTC
2026-09-05T00:09:05+00:00,228444600,NANTES KNUTSEN,9926714.0,80.0,299.0,47.0,11.2,31.405286666666665,32.29286333333333,0.5,1,transit_port_said,,False,True,EGAIS,3,2026-09-05 00:09:07.484990624 +0000 UTC,2026-09-05 00:15:34.1980284 +0000 UTC
2026-09-05T00:09:05+00:00,212115000,SHOALWAY,9556337.0,33.0,90.0,20.0,4.2,53.45074833333333,6.904513333333333,9.6,0,eems,,False,False,DREDGING EMS,10,2026-09-05 00:09:08.018647864 +0000 UTC,2026-09-05 00:16:30.374313023 +0000 UTC
2026-09-05T00:09:05+00:00,211226450,TRANSPORTER II,,,,,,53.516823333333335,8.14592,0.0,5,wilhelmshaven,wilhelmshaven,True,False,,2,2026-09-05 00:09:08.037233286 +0000 UTC,2026-09-05 00:12:01.915650715 +0000 UTC
2026-09-05T00:09:05+00:00,538005865,ARDMORE CHEROKEE,,,,,,51.95298666666667,4.151541666666667,9.9,0,gate,,False,False,,3,2026-09-05 00:09:08.150182482 +0000 UTC,2026-09-05 00:11:18.260874848 +0000 UTC
2026-09-05T00:09:05+00:00,244700680,WESTERSCHELDE,0.0,90.0,64.0,16.0,0.0,51.945550000000004,4.088534999999999,0.0,0,gate,,False,False,6E PET MAASVLAKTE,9,2026-09-05 00:09:08.211168334 +0000 UTC,2026-09-05 00:16:27.500770272 +0000 UTC
2026-09-05T00:09:05+00:00,538006315,HARVEST RAIN,9643893.0,70.0,237.0,40.0,11.0,51.961149999999996,4.125111666666666,0.1,5,gate,,False,False,NL RTM,3,2026-09-05 00:09:08.248973457 +0000 UTC,2026-09-05 00:15:08.261879892 +0000 UTC
2026-09-05T00:09:05+00:00,311001938,CAPTAIN LEANDROS,9172210.0,82.0,140.0,22.0,8.7,51.96382666666667,4.144666666666667,10.3,0,gate,,False,False,ROTTERDAM,5,2026-09-05 00:09:08.422116355 +0000 UTC,2026-09-05 00:13:08.767570261 +0000 UTC
2026-09-05T00:09:05+00:00,211265240,STADERSAND,,,,,,53.627465,9.525081666666667,0.0,15,stade,,False,False,,7,2026-09-05 00:09:08.657291129 +0000 UTC,2026-09-05 00:15:48.436311218 +0000 UTC
2026-09-05T00:09:05+00:00,245979000,KNRM DORUS RIJKERS,0.0,51.0,15.0,6.0,1.0,51.977055,4.125098333333333,0.1,5,gate,,False,False,EEMSHAVEN_,2,2026-09-05 00:09:08.850421341 +0000 UTC,2026-09-05 00:12:09.255189463 +0000 UTC
2026-09-05T00:09:05+00:00,367381000,HATTERAS TRADER,9353541.0,80.0,183.0,32.0,8.5,27.816421666666667,-97.42347,0.0,0,depart_corpus_christi,,False,True,"CORPUS CHRISTI,TX",7,2026-09-05 00:09:09.113692445 +0000 UTC,2026-09-05 00:16:19.709899488 +0000 UTC
2026-09-05T00:09:05+00:00,245841000,ST28 LUBBERT SENIOR,,,,,,53.44478,6.825311666666667,0.0,7,eems,,False,False,,10,2026-09-05 00:09:09.267345418 +0000 UTC,2026-09-05 00:16:30.442195818 +0000 UTC
2026-09-05T00:09:05+00:00,211667760,FAIRPLAY IX,,,,,,53.52451166666666,8.147136666666666,0.0,0,wilhelmshaven,wilhelmshaven,True,False,,5,2026-09-05 00:09:10.007854946 +0000 UTC,2026-09-05 00:16:20.728022208 +0000 UTC
2026-09-05T00:09:05+00:00,244620993,PROGRES,0.0,79.0,135.0,15.0,1.6,51.956265,4.011735,0.0,5,gate,,False,False,EMMERICH,2,2026-09-05 00:09:10.721828325 +0000 UTC,2026-09-05 00:15:38.435623581 +0000 UTC
2026-09-05T00:09:05+00:00,273274930,KOMANDER,9271585.0,80.0,274.0,48.0,8.3,31.544621666666668,32.33893833333333,0.0,1,transit_port_said,,False,True,EG SCN,2,2026-09-05 00:09:10.724042905 +0000 UTC,2026-09-05 00:15:16.214455112 +0000 UTC
2026-09-05T00:09:05+00:00,211117790,VB ENDEAVOUR,9992189.0,52.0,28.0,13.0,6.1,53.51738666666667,8.140923333333333,0.0,5,wilhelmshaven,wilhelmshaven,True,False,DEWHV,3,2026-09-05 00:09:10.865358945 +0000 UTC,2026-09-05 00:15:19.129574758 +0000 UTC
2026-09-05T00:09:05+00:00,246344000,VB COURAGE,,,,,,51.96028,4.151396666666667,8.3,0,gate,,False,False,,2,2026-09-05 00:09:10.894348879 +0000 UTC,2026-09-05 00:09:23.953142025 +0000 UTC
2026-09-05T00:09:05+00:00,228498900,TSM CHARENTE,,,,,,49.476725,0.098805,0.0,3,lehavre,lehavre,True,False,,6,2026-09-05 00:09:11.274307352 +0000 UTC,2026-09-05 00:16:11.678030138 +0000 UTC
2026-09-05T00:09:05+00:00,228243350,ORION IRIS,9956604.0,84.0,290.0,46.0,11.3,36.079655,-5.4015200000000005,0.0,1,transit_gibraltar,,False,True,ESALG,2,2026-09-05 00:09:11.551864154 +0000 UTC,2026-09-05 00:15:15.311775373 +0000 UTC
2026-09-05T00:09:05+00:00,477168900,COSCO CAPRICORN,9783514.0,71.0,400.0,59.0,15.8,51.97544666666667,4.029896666666667,0.0,5,gate,,False,False,ROTTERDAM,3,2026-09-05 00:09:11.940750891 +0000 UTC,2026-09-05 00:15:08.795354584 +0000 UTC
2026-09-05T00:09:05+00:00,228260170,COTE DE JADE,,,,,,47.27779666666667,-2.1992949999999998,0.0,0,montoir,,False,False,,4,2026-09-05 00:09:13.105615927 +0000 UTC,2026-09-05 00:15:48.958881531 +0000 UTC
2026-09-05T00:09:05+00:00,636024938,MSC CAMEROON,9974498.0,71.0,260.0,46.0,11.5,49.46000333333333,0.14765833333333334,0.0,5,lehavre,,False,False,FRLEH,3,2026-09-05 00:09:13.164272639 +0000 UTC,2026-09-05 00:15:17.028717912 +0000 UTC
2026-09-05T00:09:05+00:00,277548000,TULIPA SEAWAYS,9809100.0,71.0,209.0,26.0,6.0,51.961400000000005,4.1518,14.5,0,gate,,False,False,NLVLA-GBFXT-NLVLA,7,2026-09-05 00:09:13.19505101 +0000 UTC,2026-09-05 00:15:18.366399623 +0000 UTC
2026-09-05T00:09:05+00:00,244650437,A2B ENERGY,9183427.0,79.0,101.0,18.0,6.6,51.98744333333333,4.070928333333333,12.8,0,gate,,False,False,GBIMM,4,2026-09-05 00:09:13.555051066 +0000 UTC,2026-09-05 00:15:06.883366845 +0000 UTC
2026-09-05T00:09:05+00:00,244129132,SENTO,0.0,79.0,110.0,23.0,2.0,51.950695,4.07192,0.0,5,gate,,False,False,PRINSES MARGRIETHAVE,3,2026-09-05 00:09:13.701263734 +0000 UTC,2026-09-05 00:15:14.940005383 +0000 UTC
2026-09-05T00:09:05+00:00,511102072,CEZAR,9299367.0,80.0,182.0,27.0,7.6,36.12498333333333,-5.295808333333333,0.2,1,transit_gibraltar,,False,True,GIBRALTARR,2,2026-09-05 00:09:13.953383765 +0000 UTC,2026-09-05 00:15:16.314303369 +0000 UTC
2026-09-05T00:09:05+00:00,227004260,LYNX,,,,,,49.48384166666666,0.119585,0.0,5,lehavre,,False,False,,2,2026-09-05 00:09:14.369482978 +0000 UTC,2026-09-05 00:15:13.596294457 +0000 UTC
2026-09-05T00:09:05+00:00,205420690,THEODELA C,,,,,,51.93847,4.077585,0.0,5,gate,,False,False,,2,2026-09-05 00:09:14.377488848 +0000 UTC,2026-09-05 00:15:15.203411236 +0000 UTC
2026-09-05T00:09:05+00:00,244630697,SARINA,0.0,79.0,135.0,15.0,2.4,51.941628333333334,4.032768333333333,0.0,5,gate,,False,False,PRINSES AMALIAHAVEN,3,2026-09-05 00:09:14.541157548 +0000 UTC,2026-09-05 00:15:16.607358715 +0000 UTC
2026-09-05T00:09:05+00:00,245932000,VB GINGER,9507063.0,52.0,33.0,12.0,5.4,51.970683333333334,4.0769166666666665,0.0,0,gate,gate,True,False,NLRTM,8,2026-09-05 00:09:14.625671502 +0000 UTC,2026-09-05 00:16:25.22102635 +0000 UTC
2026-09-05T00:09:05+00:00,245439000,TORSTEN,9623142.0,38.0,31.0,12.0,2.9,53.653555,9.509431666666668,0.0,5,stade,stade,True,False,DE STA,3,2026-09-05 00:09:14.836455112 +0000 UTC,2026-09-05 00:15:14.356223084 +0000 UTC
2026-09-05T00:09:05+00:00,244660412,MA-BAKER,0.0,80.0,110.0,12.0,0.0,51.955455,4.127481666666666,2.1,0,gate,,False,False,BENELUXHAVEN,6,2026-09-05 00:09:14.90543646 +0000 UTC,2026-09-05 00:15:25.031735718 +0000 UTC
2026-09-05T00:09:05+00:00,227729770,LEOPARD,0.0,55.0,12.0,4.0,1.4,49.48377333333334,0.11768333333333333,0.0,0,lehavre,,False,False,LE HAVRE,7,2026-09-05 00:09:14.979876577 +0000 UTC,2026-09-05 00:16:23.829849559 +0000 UTC
2026-09-05T00:09:05+00:00,244730153,VEERHAVEN VI,0.0,99.0,24.0,11.0,2.0,51.956601666666664,4.113953333333333,0.0,5,gate,,False,False,DINTELHAVEN,2,2026-09-05 00:09:15.095159964 +0000 UTC,2026-09-05 00:15:15.279572904 +0000 UTC
2026-09-05T00:09:05+00:00,211626110,WULF 7,9183075.0,52.0,30.0,10.0,4.7,53.878011666666666,9.216266666666666,1.2,3,brunsbuettel,,False,False,DEWEW,7,2026-09-05 00:09:15.595345366 +0000 UTC,2026-09-05 00:16:18.341284858 +0000 UTC
2026-09-05T00:09:05+00:00,228287900,VB YPORT,9393723.0,52.0,30.0,10.0,0.0,49.483266666666665,0.097035,7.9,3,lehavre,lehavre,False,False,,7,2026-09-05 00:09:16.006941787 +0000 UTC,2026-09-05 00:15:44.183274047 +0000 UTC
2026-09-05T00:09:05+00:00,228284800,VB OCTEVILLE 11,9393709.0,52.0,32.0,10.0,5.2,49.48499,0.12470500000000001,0.0,0,lehavre,,False,False,LE HAVRE,7,2026-09-05 00:09:16.206973162 +0000 UTC,2026-09-05 00:16:16.370584915 +0000 UTC
2026-09-05T00:09:05+00:00,563099900,HAFNIA CATERINA,,,,,,51.95198166666667,4.088690000000001,0.0,5,gate,,False,False,,2,2026-09-05 00:09:16.617991358 +0000 UTC,2026-09-05 00:12:10.784449759 +0000 UTC
2026-09-05T00:09:05+00:00,244710445,AMER,0.0,33.0,25.0,8.0,1.0,51.96632666666667,4.04543,0.0,0,gate,,False,False,ANTARTICA KADE,7,2026-09-05 00:09:17.642142496 +0000 UTC,2026-09-05 00:14:27.158640161 +0000 UTC
2026-09-05T00:09:05+00:00,235113724,MFV LA CREOLE II,0.0,30.0,15.0,4.0,3.6,53.48278333333334,6.8293783333333336,7.6,0,eems,,False,False,EEMSHAVEN,8,2026-09-05 00:09:18.517788881 +0000 UTC,2026-09-05 00:15:17.687942809 +0000 UTC
2026-09-05T00:09:05+00:00,244630169,TRANSFERIUM,0.0,79.0,97.0,23.0,3.6,51.958805,4.055838333333333,0.0,5,gate,,False,False,EUROPOORT,2,2026-09-05 00:09:18.738877095 +0000 UTC,2026-09-05 00:15:18.374246102 +0000 UTC
2026-09-05T00:09:05+00:00,205117000,OP HOOP VAN ZEGEN,9019456.0,30.0,33.0,7.0,3.8,51.323143333333334,3.2020183333333336,0.0,0,zeebrugge,,False,False,DEZEE ;,5,2026-09-05 00:09:18.910498357 +0000 UTC,2026-09-05 00:17:02.209874477 +0000 UTC
2026-09-05T00:09:05+00:00,205113000,VB SAMBA,9809954.0,52.0,32.0,13.0,5.9,51.329391666666666,3.19741,0.0,15,zeebrugge,,False,False,PORT OPERATIONS,8,2026-09-05 00:09:19.362076261 +0000 UTC,2026-09-05 00:16:39.683316376 +0000 UTC
2026-09-05T00:09:05+00:00,255915653,FAIRPLAY-28,9765043.0,52.0,32.0,12.0,4.8,51.96394,4.095305,0.0,0,gate,,False,False,RTM HARBOUR TOWAGE,9,2026-09-05 00:09:19.543227298 +0000 UTC,2026-09-05 00:16:19.673741507 +0000 UTC
2026-09-05T00:09:05+00:00,244750893,HARINGVLIET,0.0,33.0,34.0,6.0,0.9,51.945598333333336,4.08878,0.0,0,gate,,False,False,,6,2026-09-05 00:09:19.894880292 +0000 UTC,2026-09-05 00:16:50.214075206 +0000 UTC
2026-09-05T00:09:05+00:00,631010092,MAISHA,9232929.0,89.0,274.0,48.0,9.0,31.538006666666668,32.279505,0.0,1,transit_port_said,,False,True,OPL PORTSAID FOR ORD,2,2026-09-05 00:09:19.999387637 +0000 UTC,2026-09-05 00:12:20.547261547 +0000 UTC
2026-09-05T00:09:05+00:00,273128810,MONOLIT,9232931.0,80.0,274.0,48.0,9.0,31.52137,32.245775,11.0,0,transit_port_said,,False,True,TR TUZ,5,2026-09-05 00:09:20.010628818 +0000 UTC,2026-09-05 00:14:33.144034387 +0000 UTC
2026-09-05T00:09:05+00:00,205253690,CASA BLANCA,0.0,79.0,110.0,12.0,2.7,51.95913333333333,4.013375,0.0,5,gate,,False,False,MAASVLAKTE AMALIAHAV,2,2026-09-05 00:09:20.371787195 +0000 UTC,2026-09-05 00:15:18.89914363 +0000 UTC
2026-09-05T00:09:05+00:00,211445200,OPPELN,,,,,,53.911804999999994,9.175948333333334,0.0,0,brunsbuettel,,False,False,,4,2026-09-05 00:09:20.397063116 +0000 UTC,2026-09-05 00:15:40.847778047 +0000 UTC
2026-09-05T00:09:05+00:00,211226330,T 1107,,,,,,53.89895,9.150118333333333,0.0,0,brunsbuettel,,False,False,,7,2026-09-05 00:09:20.582143618 +0000 UTC,2026-09-05 00:16:41.542065619 +0000 UTC
2026-09-05T00:09:05+00:00,205796000,CHARLEMAGNE,,,,,,51.48886666666667,0.7533216666666667,14.2,0,grain,,False,False,,2,2026-09-05 00:09:20.769381279 +0000 UTC,2026-09-05 00:10:26.208635009 +0000 UTC
2026-09-05T00:09:05+00:00,244620848,BRAAVOS,0.0,90.0,190.0,12.0,1.4,51.95838666666667,4.012183333333334,0.0,5,gate,,False,False,ROTTERDAM,3,2026-09-05 00:09:20.942810238 +0000 UTC,2026-09-05 00:16:53.088783112 +0000 UTC
2026-09-05T00:09:05+00:00,244620946,VEERHAVEN IX,0.0,79.0,117.0,23.0,1.8,51.95178,4.119318333333333,2.1,0,gate,,False,False,DINTELHAVEN,10,2026-09-05 00:09:20.992983322 +0000 UTC,2026-09-05 00:17:03.65713883 +0000 UTC
2026-09-05T00:09:05+00:00,219456000,SEA INSTALLER,,,,,,53.44960666666667,6.823203333333334,0.0,5,eems,,False,False,,2,2026-09-05 00:09:21.312799556 +0000 UTC,2026-09-05 00:15:21.460180456 +0000 UTC
2026-09-05T00:09:05+00:00,253000082,GEO OCEAN IX,9668518.0,70.0,53.0,13.0,4.6,53.44941333333334,6.822315000000001,0.0,5,eems,,False,False,NLEEM,2,2026-09-05 00:09:21.397841212 +0000 UTC,2026-09-05 00:15:21.794190962 +0000 UTC
2026-09-05T00:09:05+00:00,226005720,OURAL,0.0,20.0,135.0,12.0,0.0,49.48458333333333,0.15309166666666665,0.0,5,lehavre,,False,False,LE HAVRE,3,2026-09-05 00:09:21.868358072 +0000 UTC,2026-09-05 00:15:20.342756599 +0000 UTC
2026-09-05T00:09:05+00:00,244690719,ONDERNEMING,0.0,79.0,86.0,10.0,20.0,51.968965000000004,4.036795,0.0,5,gate,,False,False,YUKON HAVEN,3,2026-09-05 00:09:22.401735995 +0000 UTC,2026-09-05 00:15:22.26481511 +0000 UTC
2026-09-05T00:09:05+00:00,244737852,AM EXPLORER,,,,,,51.942175,4.034893333333334,0.0,5,gate,,False,False,,2,2026-09-05 00:09:22.49791078 +0000 UTC,2026-09-05 00:15:24.755576018 +0000 UTC
2026-09-05T00:09:05+00:00,244790037,KRVE80,,,,,,51.94893666666667,4.148603333333333,0.0,0,gate,,False,False,,6,2026-09-05 00:09:22.551180899 +0000 UTC,2026-09-05 00:16:23.582676054 +0000 UTC
2026-09-05T00:09:05+00:00,244020518,VEERLE,,,,,,51.934623333333334,4.039895,0.0,5,gate,,False,False,,1,2026-09-05 00:09:22.607070187 +0000 UTC,2026-09-05 00:09:22.607070187 +0000 UTC
2026-09-05T00:09:05+00:00,246582000,RWS 74,9479266.0,55.0,24.0,6.0,1.4,53.44475,6.824916666666667,0.0,0,eems,,False,False,NL EEM,7,2026-09-05 00:09:22.706746763 +0000 UTC,2026-09-05 00:16:55.609371218 +0000 UTC
2026-09-05T00:09:05+00:00,245836000,UK-95 AART MAASKANT,,,,,,53.456716666666665,6.8215,0.0,7,eems,,False,False,,5,2026-09-05 00:09:22.943304628 +0000 UTC,2026-09-05 00:16:53.419355221 +0000 UTC
2026-09-05T00:09:05+00:00,255915699,FAIRPLAY-92,9949417.0,52.0,28.0,13.0,5.9,51.964259999999996,4.0940433333333335,0.1,8,gate,,False,False,HARBOUR OPS RTM,9,2026-09-05 00:09:23.164167665 +0000 UTC,2026-09-05 00:16:43.548708109 +0000 UTC
2026-09-05T00:09:05+00:00,244660194,FARESIA,,,,,,51.947015,3.9935783333333332,0.0,5,gate,,False,False,,2,2026-09-05 00:09:23.60986544 +0000 UTC,2026-09-05 00:12:13.855907639 +0000 UTC
2026-09-05T00:09:05+00:00,205019000,VB BOLERO,9889526.0,52.0,28.0,13.0,6.2,51.330760000000005,3.218436666666667,0.0,5,zeebrugge,,False,False,ZEEBRUGGE,1,2026-09-05 00:09:24.031048683 +0000 UTC,2026-09-05 00:11:14.081481917 +0000 UTC
2026-09-05T00:09:05+00:00,563109900,SOLAR CLAIRE,9882425.0,80.0,183.0,32.0,8.5,29.832653333333333,-93.96491833333333,0.0,5,depart_sabine_pass,,False,True,US POA,2,2026-09-05 00:09:24.171657248 +0000 UTC,2026-09-05 00:15:56.191760265 +0000 UTC
2026-09-05T00:09:05+00:00,244650593,MIDWAY,0.0,89.0,110.0,14.0,3.3,51.95811833333333,4.012561666666667,0.0,5,gate,,False,False,ROTTERDAM PRINSES AM,1,2026-09-05 00:09:24.392649991 +0000 UTC,2026-09-05 00:15:13.967043932 +0000 UTC
2026-09-05T00:09:05+00:00,227006760,VB 21 FECAMP,9202728.0,52.0,36.0,11.0,0.0,49.470195,0.13049666666666665,0.0,11,lehavre,,False,False,,8,2026-09-05 00:09:24.661326315 +0000 UTC,2026-09-05 00:17:00.980285013 +0000 UTC
2026-09-05T00:09:05+00:00,255915695,CMA CGM ZINGARO,9926192.0,74.0,240.0,43.0,10.6,49.47578333333333,0.16675666666666666,0.0,5,lehavre,,False,False,FRLEH,2,2026-09-05 00:09:25.137624372 +0000 UTC,2026-09-05 00:16:29.063594846 +0000 UTC
2026-09-05T00:09:05+00:00,210325000,STENA PROVIDENT,9944637.0,82.0,186.0,32.0,8.0,51.937538333333336,4.069111666666667,0.0,5,gate,,False,True,IDTRH>NLRTM,2,2026-09-05 00:09:25.828188273 +0000 UTC,2026-09-05 00:15:26.407823958 +0000 UTC
2026-09-05T00:09:05+00:00,311000695,AMBELOS,9801524.0,80.0,250.0,44.0,11.9,36.11761166666667,-5.406983333333333,0.1,1,transit_gibraltar,,False,True,ESALG,3,2026-09-05 00:09:26.002056477 +0000 UTC,2026-09-05 00:15:26.075502917 +0000 UTC
2026-09-05T00:09:05+00:00,244780976,RVE 33,0.0,33.0,22.0,5.0,0.2,51.96237166666666,4.1378900000000005,0.0,0,gate,,False,False,ROTTERDAM,6,2026-09-05 00:09:26.085882781 +0000 UTC,2026-09-05 00:16:26.643990756 +0000 UTC
2026-09-05T00:09:05+00:00,244020258,DELTA,0.0,79.0,111.0,12.0,0.0,51.94394833333333,4.043355,0.0,5,gate,,False,False,RDAM,2,2026-09-05 00:09:26.087657609 +0000 UTC,2026-09-05 00:15:25.489455563 +0000 UTC
2026-09-05T00:09:05+00:00,244820038,HK86 MARKERWAARD,,,,,,53.44479333333334,6.8253683333333335,0.0,7,eems,,False,False,,7,2026-09-05 00:09:26.299094834 +0000 UTC,2026-09-05 00:16:17.562015871 +0000 UTC
2026-09-05T00:09:05+00:00,244020098,HD66 PIETER,8531938.0,30.0,24.0,6.0,3.0,53.44485666666667,6.824711666666667,0.0,0,eems,,False,False,,6,2026-09-05 00:09:26.410254971 +0000 UTC,2026-09-05 00:15:51.658488 +0000 UTC
2026-09-05T00:09:05+00:00,244670098,MAXIMA,,,,,,51.95496333333333,4.1517566666666665,0.0,5,gate,,False,False,,3,2026-09-05 00:09:26.633816935 +0000 UTC,2026-09-05 00:15:25.09898343 +0000 UTC
2026-09-05T00:09:05+00:00,244170721,AVALON,,,,,,51.92433833333334,4.103938333333334,0.0,5,gate,,False,False,,2,2026-09-05 00:09:27.154206579 +0000 UTC,2026-09-05 00:15:24.546858631 +0000 UTC
2026-09-05T00:09:05+00:00,227006780,VB SAINTE-ADRESSE 25,9202742.0,52.0,37.0,11.0,5.4,49.47072,0.12382,0.0,15,lehavre,,False,False,LE HAVRE,7,2026-09-05 00:09:27.247657949 +0000 UTC,2026-09-05 00:16:57.044580328 +0000 UTC
2026-09-05T00:09:05+00:00,245987000,WATERLINES,9881770.0,52.0,32.0,13.0,5.9,53.44494666666667,6.824296666666667,0.0,0,eems,,False,False,NLEEM,8,2026-09-05 00:09:27.375176273 +0000 UTC,2026-09-05 00:16:46.677648205 +0000 UTC
2026-09-05T00:09:05+00:00,244004262,AQUARIUS,0.0,79.0,105.0,10.0,1.8,51.94627666666667,4.032161666666666,0.0,5,gate,,False,False,HARTELHAVEN,4,2026-09-05 00:09:27.404373027 +0000 UTC,2026-09-05 00:13:47.728044884 +0000 UTC
2026-09-05T00:09:05+00:00,227006710,VB PORNIC,,,,,,47.267615,-2.2015949999999997,0.1,0,montoir,,False,False,,2,2026-09-05 00:09:27.47188725 +0000 UTC,2026-09-05 00:12:29.065039967 +0000 UTC
2026-09-05T00:09:05+00:00,244660361,PROCYON,,,,,,51.95267833333333,4.1167283333333335,0.0,5,gate,,False,False,,1,2026-09-05 00:09:27.62993895 +0000 UTC,2026-09-05 00:09:27.62993895 +0000 UTC
2026-09-05T00:09:05+00:00,244660711,TJERK-HIDDE,0.0,31.0,20.0,7.0,2.5,51.96024333333333,4.010811666666666,0.0,0,gate,,False,False,ROTTERDAM,6,2026-09-05 00:09:27.772734921 +0000 UTC,2026-09-05 00:16:15.372848418 +0000 UTC
2026-09-05T00:09:05+00:00,244003537,ORACLE,0.0,80.0,135.0,15.0,3.6,51.95815666666667,4.145521666666666,0.0,0,gate,,False,False,ROTTERDAM CALANDKANA,9,2026-09-05 00:09:28.002344513 +0000 UTC,2026-09-05 00:16:49.124063751 +0000 UTC
2026-09-05T00:09:05+00:00,249338000,HAFNIA LISE,9726621.0,80.0,183.0,32.0,7.6,51.009445,1.34321,12.1,0,transit_dover,,False,True,TRBZC,5,2026-09-05 00:09:28.292288127 +0000 UTC,2026-09-05 00:15:28.883512023 +0000 UTC
2026-09-05T00:09:05+00:00,227005270,VB SAINT MARC,,,,,,47.26822666666667,-2.201146666666667,0.0,0,montoir,,False,False,,5,2026-09-05 00:09:28.958666827 +0000 UTC,2026-09-05 00:16:51.062190332 +0000 UTC
2026-09-05T00:09:05+00:00,211784710,PILOT STEINBURG,,,,,,53.890276666666665,9.145896666666665,0.1,0,brunsbuettel,,False,False,,6,2026-09-05 00:09:29.27563272 +0000 UTC,2026-09-05 00:16:29.008923791 +0000 UTC
2026-09-05T00:09:05+00:00,219034000,MANCHESTER MAERSK,9780445.0,71.0,399.0,58.0,13.3,51.95688333333333,4.0052666666666665,0.0,5,gate,,False,False,DEBRV - NLRTM,3,2026-09-05 00:09:29.668919033 +0000 UTC,2026-09-05 00:16:45.012426372 +0000 UTC
2026-09-05T00:09:05+00:00,244700534,DWS11 WATERBUFFEL,,,,,,51.96183833333334,4.1392050000000005,0.0,0,gate,,False,False,,7,2026-09-05 00:09:29.888026996 +0000 UTC,2026-09-05 00:16:49.840666608 +0000 UTC
2026-09-05T00:09:05+00:00,244660230,RIVAL,0.0,33.0,76.0,10.0,2.0,51.96901833333333,4.036791666666667,0.0,0,gate,,False,False,WERKENDAM,7,2026-09-05 00:09:30.211897424 +0000 UTC,2026-09-05 00:16:41.729116569 +0000 UTC
2026-09-05T00:09:05+00:00,232040181,HST PEMBROKE,,,,,,53.44477,6.82657,0.0,0,eems,,False,False,,7,2026-09-05 00:09:30.277914563 +0000 UTC,2026-09-05 00:15:40.253171212 +0000 UTC
2026-09-05T00:09:05+00:00,244770079,NEW JERSEY,9367918.0,80.0,98.0,14.0,4.0,51.34354,3.193271666666667,0.0,0,zeebrugge,zeebrugge,True,False,ZEEBRUGGE,9,2026-09-05 00:09:30.645610522 +0000 UTC,2026-09-05 00:17:01.468284345 +0000 UTC
2026-09-05T00:09:05+00:00,211241230,WINDCAT 65,1044766.0,40.0,25.0,8.0,2.2,53.44433,6.828171666666666,0.0,5,eems,,False,False,NLEEM,2,2026-09-05 00:09:31.01212298 +0000 UTC,2026-09-05 00:15:46.464067512 +0000 UTC
2026-09-05T00:09:05+00:00,246064000,RDJ JOHANNA,9195418.0,79.0,83.0,13.0,3.4,53.61584666666667,9.548776666666667,0.0,1,stade,,False,False,DEHAM,2,2026-09-05 00:09:31.410920945 +0000 UTC,2026-09-05 00:15:30.875466697 +0000 UTC
2026-09-05T00:09:05+00:00,211696040,CORVIN,9280433.0,52.0,32.0,12.0,5.1,53.55708333333334,8.16795,0.0,5,wilhelmshaven,,False,False,WILHELMSHAVEN,3,2026-09-05 00:09:31.582620155 +0000 UTC,2026-09-05 00:15:32.728512213 +0000 UTC
2026-09-05T00:09:05+00:00,255915830,FAIRPLAY-84,9802968.0,52.0,32.0,12.0,4.4,53.89068666666667,9.144776666666667,0.0,0,brunsbuettel,,False,False,DEHAM,5,2026-09-05 00:09:31.622395793 +0000 UTC,2026-09-05 00:16:31.489091965 +0000 UTC
2026-09-05T00:09:05+00:00,219029563,ENERGIZER,9916563.0,40.0,39.0,11.0,2.5,53.45654833333333,6.829196666666666,0.0,5,eems,,False,False,NLEEM,3,2026-09-05 00:09:31.876106323 +0000 UTC,2026-09-05 00:15:31.637123185 +0000 UTC
2026-09-05T00:09:05+00:00,205580590,SAINTE-MAXIME,0.0,89.0,135.0,23.0,4.3,51.93978833333333,4.033853333333334,0.0,5,gate,,False,False,ROTTERDAM CALANDKANA,3,2026-09-05 00:09:32.379132635 +0000 UTC,2026-09-05 00:15:32.367447275 +0000 UTC
2026-09-05T00:09:05+00:00,244650900,INDEPENDENT,0.0,79.0,183.0,12.0,1.5,51.932098333333336,4.039358333333333,1.2,0,gate,,False,False,DINTELHAVEN,6,2026-09-05 00:09:32.538435806 +0000 UTC,2026-09-05 00:16:58.981169823 +0000 UTC
2026-09-05T00:09:05+00:00,636023484,ZHEN GUAN KOU,,,,,,51.308901666666664,3.230341666666667,0.0,5,zeebrugge,,False,False,,3,2026-09-05 00:09:32.849871657 +0000 UTC,2026-09-05 00:15:32.85817867 +0000 UTC
2026-09-05T00:09:05+00:00,244810053,KRVE 50,,,,,,51.970805000000006,4.07577,0.0,15,gate,gate,True,False,,4,2026-09-05 00:09:33.488736213 +0000 UTC,2026-09-05 00:13:53.247475741 +0000 UTC
2026-09-05T00:09:05+00:00,636021310,DF MONTMARTRE,9941714.0,80.0,250.0,44.0,8.5,36.143699999999995,-5.380553333333333,0.1,1,transit_gibraltar,,False,True,ITMLZ>GIGIB,2,2026-09-05 00:09:33.655928234 +0000 UTC,2026-09-05 00:15:33.615211476 +0000 UTC
2026-09-05T00:09:05+00:00,244670362,UQ15 CAROLINE ELISE,0.0,30.0,20.0,6.0,0.0,53.44468833333334,6.824658333333333,0.1,7,eems,,False,False,FISHING GROUNDS,8,2026-09-05 00:09:33.943634716 +0000 UTC,2026-09-05 00:16:53.086437323 +0000 UTC
2026-09-05T00:09:05+00:00,613471021,ROYAL ICE,9323340.0,89.0,195.0,32.0,11.8,31.536013333333337,32.376191666666664,0.0,1,transit_port_said,,False,True,FOR ORDER,2,2026-09-05 00:09:34.269220005 +0000 UTC,2026-09-05 00:12:35.526822417 +0000 UTC
2026-09-05T00:09:05+00:00,228055080,LH PILOT ST HONORINE,,,,,,49.48453166666666,0.09624833333333332,10.5,12,lehavre,lehavre,False,False,,9,2026-09-05 00:09:34.285864795 +0000 UTC,2026-09-05 00:15:43.971441366 +0000 UTC
2026-09-05T00:09:05+00:00,245385000,SVITZER MARKEN,9292890.0,52.0,30.0,11.0,4.8,51.97336833333333,4.075248333333334,0.1,0,gate,gate,True,False,ROTTERDAM,4,2026-09-05 00:09:34.448285088 +0000 UTC,2026-09-05 00:15:13.13404324 +0000 UTC
2026-09-05T00:09:05+00:00,246543000,VB TIGER,9454888.0,52.0,33.0,13.0,6.1,51.96071666666667,4.141565,0.0,0,gate,,False,False,ROTTERDAM,6,2026-09-05 00:09:34.550568919 +0000 UTC,2026-09-05 00:15:36.315122069 +0000 UTC
2026-09-05T00:09:05+00:00,245706000,VB PUMA,9525443.0,52.0,30.0,11.0,4.4,51.960633333333334,4.141916666666666,0.1,0,gate,,False,False,ROTTERDAM,6,2026-09-05 00:09:34.765089428 +0000 UTC,2026-09-05 00:16:35.167682677 +0000 UTC
2026-09-05T00:09:05+00:00,244516000,HARDER,,,,,,53.44463666666666,6.825358333333333,0.0,5,eems,,False,False,,3,2026-09-05 00:09:35.054332223 +0000 UTC,2026-09-05 00:15:36.701843633 +0000 UTC
2026-09-05T00:09:05+00:00,244650739,MOONLIGHT,0.0,79.0,135.0,14.0,0.0,51.967333333333336,4.041166666666666,0.0,5,gate,,False,False,,2,2026-09-05 00:09:35.05565317 +0000 UTC,2026-09-05 00:15:46.17324022 +0000 UTC
2026-09-05T00:09:05+00:00,244900124,VB MARS,,,,,,51.935095000000004,4.05892,0.0,0,gate,,False,False,,7,2026-09-05 00:09:35.55765495 +0000 UTC,2026-09-05 00:16:36.351105185 +0000 UTC
2026-09-05T00:09:05+00:00,212752000,BG JADE,9803687.0,74.0,153.0,24.0,7.2,51.9579,4.008183333333333,0.1,5,gate,,False,False,NLRTM,1,2026-09-05 00:09:35.572835832 +0000 UTC,2026-09-05 00:15:35.364895168 +0000 UTC
2026-09-05T00:09:05+00:00,246225000,UK-14 NEELTJE,,,,,,53.45684833333333,6.820679999999999,0.0,0,eems,,False,False,,4,2026-09-05 00:09:35.804813264 +0000 UTC,2026-09-05 00:12:35.83778498 +0000 UTC
2026-09-05T00:09:05+00:00,538011242,VALIANTA,9294666.0,80.0,183.0,32.0,7.5,31.50725,32.37560666666666,0.0,3,transit_port_said,,False,True,PORT SAID,6,2026-09-05 00:09:36.245791258 +0000 UTC,2026-09-05 00:15:55.510780516 +0000 UTC
2026-09-05T00:09:05+00:00,229191000,X-PRESS GODAVARI,9353735.0,72.0,155.0,21.0,5.5,51.973319999999994,4.040136666666666,0.0,5,gate,,False,False,NLRTM,2,2026-09-05 00:09:36.259203823 +0000 UTC,2026-09-05 00:15:47.143436354 +0000 UTC
2026-09-05T00:09:05+00:00,211226140,BALTIC LIFT,,,,,,53.898625,9.157525,0.0,5,brunsbuettel,,False,False,,3,2026-09-05 00:09:36.369220275 +0000 UTC,2026-09-05 00:15:35.569889035 +0000 UTC
2026-09-05T00:09:05+00:00,244820200,RHENUS,,,,,,51.930418333333336,4.045465,0.0,0,gate,,False,False,,8,2026-09-05 00:09:36.553640515 +0000 UTC,2026-09-05 00:15:45.87019216 +0000 UTC
2026-09-05T00:09:05+00:00,246758000,WATERSTRAAT,9428059.0,52.0,31.0,10.0,4.6,53.44497333333334,6.8237016666666666,0.0,0,eems,,False,False,EMS ASSIST,6,2026-09-05 00:09:36.779815615 +0000 UTC,2026-09-05 00:15:47.863424742 +0000 UTC
2026-09-05T00:09:05+00:00,232007487,SVITZER MONARCH,9756470.0,52.0,32.0,13.0,5.8,51.44631666666667,0.7426533333333333,0.0,5,grain,,False,False,LONDON GATEWAY,2,2026-09-05 00:09:37.220381454 +0000 UTC,2026-09-05 00:15:37.491633413 +0000 UTC
2026-09-05T00:09:05+00:00,246234000,FAIRPLAY-93,9949340.0,52.0,23.0,12.0,5.8,51.96441166666667,4.093563333333333,0.0,0,gate,,False,False,HARBOUR TUG,8,2026-09-05 00:09:38.159426787 +0000 UTC,2026-09-05 00:16:57.672723105 +0000 UTC
2026-09-05T00:09:05+00:00,227006770,VB 26 DEAUVILLE,,,,,,49.47543833333334,0.13348666666666667,0.1,13,lehavre,,False,False,,8,2026-09-05 00:09:38.311677618 +0000 UTC,2026-09-05 00:16:48.313384525 +0000 UTC
2026-09-05T00:09:05+00:00,636017581,MSC ANNICK,9169122.0,71.0,260.0,32.0,8.9,49.45875,0.15700666666666668,0.0,5,lehavre,,False,False,FRLEH,9,2026-09-05 00:09:38.450436235 +0000 UTC,2026-09-05 00:16:50.232909422 +0000 UTC
2026-09-05T00:09:05+00:00,244700469,CARLIJN,0.0,79.0,86.0,11.0,3.0,51.959671666666665,4.142995,0.0,5,gate,,False,False,VAULX,3,2026-09-05 00:09:38.633912079 +0000 UTC,2026-09-05 00:15:36.902466318 +0000 UTC
2026-09-05T00:09:05+00:00,205109000,VB FLANDES,,,,,,51.33043,3.2192083333333334,4.9,8,zeebrugge,,False,False,,9,2026-09-05 00:09:38.777423998 +0000 UTC,2026-09-05 00:16:59.50570848 +0000 UTC
2026-09-05T00:09:05+00:00,244730196,ALK,0.0,79.0,20.0,11.0,0.0,51.939550000000004,4.061705,0.0,5,gate,,False,False,ROTTERDAM,2,2026-09-05 00:09:39.656355686 +0000 UTC,2026-09-05 00:14:04.679423164 +0000 UTC
2026-09-05T00:09:05+00:00,228067800,VB OURAGAN,9746906.0,52.0,30.0,10.0,5.0,47.29810333333333,-2.1471716666666665,0.0,0,montoir,montoir,True,False,SAINT NAZAIRE,9,2026-09-05 00:09:39.841915742 +0000 UTC,2026-09-05 00:16:40.315456158 +0000 UTC
2026-09-05T00:09:05+00:00,244622000,MATADOR,,,,,,51.96186333333333,3.9951833333333338,0.0,5,gate,,False,False,,2,2026-09-05 00:09:40.849471593 +0000 UTC,2026-09-05 00:12:40.978481284 +0000 UTC
2026-09-05T00:09:05+00:00,511102027,VISUND,9378864.0,80.0,274.0,48.0,9.0,31.537605,32.335705,0.0,1,transit_port_said,,False,True,EG PSD,1,2026-09-05 00:09:41.273914521 +0000 UTC,2026-09-05 00:15:43.056758888 +0000 UTC
2026-09-05T00:09:05+00:00,244700365,META MARIA,0.0,99.0,85.0,11.0,0.0,51.94303166666667,4.0312149999999995,0.0,5,gate,,False,False,,1,2026-09-05 00:09:41.284717928 +0000 UTC,2026-09-05 00:15:41.733473287 +0000 UTC
2026-09-05T00:09:05+00:00,211216500,FAIRPLAY-56,,,,,,53.896121666666666,9.154766666666665,0.0,0,brunsbuettel,,False,False,,5,2026-09-05 00:09:41.376244677 +0000 UTC,2026-09-05 00:14:50.368744285 +0000 UTC
2026-09-05T00:09:05+00:00,211456940,SCHWINGEFLAIR,0.0,69.0,24.0,6.0,0.8,53.62805166666667,9.525728333333332,0.0,0,stade,,False,False,HH STD,6,2026-09-05 00:09:41.807067234 +0000 UTC,2026-09-05 00:16:00.807866703 +0000 UTC
2026-09-05T00:09:05+00:00,245587000,MEES (PILOTS),0.0,53.0,23.0,7.0,1.3,53.44497166666667,6.821619999999999,0.1,5,eems,,False,False,PILOT BOARDING AREA,2,2026-09-05 00:09:41.847291093 +0000 UTC,2026-09-05 00:15:42.415503013 +0000 UTC
2026-09-05T00:09:05+00:00,244650102,GULF MAX,0.0,99.0,35.0,8.0,2.4,53.44501,6.820598333333334,0.0,0,eems,,False,False,EH DZ EMD,6,2026-09-05 00:09:42.063674222 +0000 UTC,2026-09-05 00:16:12.063481173 +0000 UTC
2026-09-05T00:09:05+00:00,205654000,DN97,0.0,53.0,16.0,6.0,1.7,51.331001666666666,3.200641666666667,0.0,0,zeebrugge,,False,False,ZEEBRUGGE,5,2026-09-05 00:09:42.380635223 +0000 UTC,2026-09-05 00:16:02.736579666 +0000 UTC
2026-09-05T00:09:05+00:00,228267600,GAMBE D AMFARD,,,,,,49.474525,0.13302833333333333,0.0,3,lehavre,,False,False,,6,2026-09-05 00:09:42.833835726 +0000 UTC,2026-09-05 00:15:53.08515218 +0000 UTC
2026-09-05T00:09:05+00:00,218041400,BO,,,,,,53.88811666666666,9.183126666666668,0.0,0,brunsbuettel,brunsbuettel,True,False,,5,2026-09-05 00:09:43.034839299 +0000 UTC,2026-09-05 00:15:52.157206394 +0000 UTC
2026-09-05T00:09:05+00:00,205539990,VERA PAX,0.0,79.0,183.0,23.0,3.6,51.96196166666667,4.107876666666667,0.0,5,gate,,False,False,ROTTERDAM,1,2026-09-05 00:09:43.63046481 +0000 UTC,2026-09-05 00:15:46.607064155 +0000 UTC
2026-09-05T00:09:05+00:00,244750694,VEERWEL,0.0,60.0,22.0,5.0,1.6,51.976996666666665,4.12524,0.0,0,gate,,False,False,,7,2026-09-05 00:09:44.398701022 +0000 UTC,2026-09-05 00:16:44.642652402 +0000 UTC
2026-09-05T00:09:05+00:00,245463000,VB SEAL,,,,,,51.96156333333333,4.13983,0.0,5,gate,,False,False,,2,2026-09-05 00:09:44.499892957 +0000 UTC,2026-09-05 00:15:47.0276296 +0000 UTC
2026-09-05T00:09:05+00:00,563221100,PIURA PACIFIC,9983889.0,80.0,183.0,32.0,8.0,51.93552833333333,4.060031666666666,0.0,5,gate,,False,True,HOUSTON FOR ORDERS,3,2026-09-05 00:09:44.51683883 +0000 UTC,2026-09-05 00:15:46.172230608 +0000 UTC
2026-09-05T00:09:05+00:00,245775000,ST25 ELLY MARIJE,8587420.0,30.0,20.0,6.0,0.0,53.444876666666666,6.825313333333333,0.0,5,eems,,False,False,STAVEREN,1,2026-09-05 00:09:44.991784754 +0000 UTC,2026-09-05 00:14:02.10794612 +0000 UTC
2026-09-05T00:09:05+00:00,211290720,FAIRPLAY-51,,,,,,53.65336,9.511011666666667,0.0,0,stade,stade,True,False,,5,2026-09-05 00:09:45.609541502 +0000 UTC,2026-09-05 00:14:46.039428159 +0000 UTC
2026-09-05T00:09:05+00:00,244660365,AMIRA,0.0,79.0,110.0,12.0,2.1,51.959086666666664,4.013368333333333,0.0,5,gate,,False,False,OSS,2,2026-09-05 00:09:46.007247946 +0000 UTC,2026-09-05 00:15:48.339662667 +0000 UTC
2026-09-05T00:09:05+00:00,244670229,SPERANZA,,,,,,51.94071833333333,4.03289,0.0,0,gate,,False,False,,6,2026-09-05 00:09:46.057740076 +0000 UTC,2026-09-05 00:16:46.04248136 +0000 UTC
2026-09-05T00:09:05+00:00,245427000,VB STINGRAY,,,,,,51.96109833333333,4.140783333333333,0.0,0,gate,,False,False,,7,2026-09-05 00:09:46.309559769 +0000 UTC,2026-09-05 00:16:46.357153373 +0000 UTC
2026-09-05T00:09:05+00:00,244650489,DUANCIS,0.0,79.0,135.0,15.0,1.7,51.959044999999996,4.057718333333333,0.0,5,gate,,False,False,TERNEUZEN,1,2026-09-05 00:09:46.823360787 +0000 UTC,2026-09-05 00:12:50.549386263 +0000 UTC
2026-09-05T00:09:05+00:00,215845000,KANARIS 21,,,,,,53.562065,8.166728333333333,0.0,5,wilhelmshaven,,False,False,,1,2026-09-05 00:09:46.941967733 +0000 UTC,2026-09-05 00:09:46.941967733 +0000 UTC
2026-09-05T00:09:05+00:00,211466070,VB HUNTE,9454319.0,52.0,28.0,11.0,6.0,53.51766166666666,8.140905,0.0,0,wilhelmshaven,wilhelmshaven,True,False,WHV,8,2026-09-05 00:09:46.943886746 +0000 UTC,2026-09-05 00:15:44.677202034 +0000 UTC
2026-09-05T00:09:05+00:00,219032375,SERVER,,,,,,53.513513333333336,8.149888333333333,0.0,5,wilhelmshaven,,False,False,,3,2026-09-05 00:09:46.9455576 +0000 UTC,2026-09-05 00:15:48.933323957 +0000 UTC
2026-09-05T00:09:05+00:00,245821000,VB SIRIUS,,,,,,51.97121333333334,4.0770816666666665,0.0,5,gate,gate,True,False,,2,2026-09-05 00:09:47.076539329 +0000 UTC,2026-09-05 00:12:45.755835119 +0000 UTC
2026-09-05T00:09:05+00:00,244140114,LUNA (PILOTS),0.0,50.0,23.0,7.0,1.3,52.00198833333333,4.016671666666666,7.0,0,gate,,False,False,G,8,2026-09-05 00:09:47.115602886 +0000 UTC,2026-09-05 00:16:04.827456076 +0000 UTC
2026-09-05T00:09:05+00:00,228472700,VB LOUP,9977490.0,52.0,28.0,13.0,6.0,49.46991666666667,0.10318833333333334,5.6,0,lehavre,lehavre,False,False,LE HAVRE,7,2026-09-05 00:09:47.485975777 +0000 UTC,2026-09-05 00:16:48.258054714 +0000 UTC
2026-09-05T00:09:05+00:00,205540690,PELAGUS,0.0,79.0,110.0,24.0,1.0,51.945910000000005,4.0814466666666664,7.9,0,gate,,False,False,ROERMOND,8,2026-09-05 00:09:47.713954245 +0000 UTC,2026-09-05 00:16:48.899734651 +0000 UTC
2026-09-05T00:09:05+00:00,205157000,EEMSHAVEN LNG,,,,,,53.444585,6.848851666666667,0.0,5,eems,eems,True,False,,1,2026-09-05 00:09:47.772178211 +0000 UTC,2026-09-05 00:09:47.772178211 +0000 UTC
2026-09-05T00:09:05+00:00,235011460,OCEAN RESEARCHER,8207941.0,90.0,70.0,14.0,5.7,53.51683,8.141161666666667,0.0,5,wilhelmshaven,wilhelmshaven,True,False,WILHELMSHAVEN,3,2026-09-05 00:09:48.023863753 +0000 UTC,2026-09-05 00:15:48.935588763 +0000 UTC
2026-09-05T00:09:05+00:00,232006300,BRITISH ACHIEVER,9766542.0,89.0,295.0,46.0,11.5,29.771676666666668,-93.34112666666667,0.0,5,depart_calcasieu,,False,True,GI GIB,2,2026-09-05 00:09:48.095394009 +0000 UTC,2026-09-05 00:16:25.000017109 +0000 UTC
2026-09-05T00:09:05+00:00,248745000,SONGA COSMOS,9457024.0,80.0,170.0,26.0,7.7,51.948625,4.090698333333333,0.0,5,gate,,False,False,NLRTM,3,2026-09-05 00:09:48.358083758 +0000 UTC,2026-09-05 00:16:41.301046285 +0000 UTC
2026-09-05T00:09:05+00:00,244293000,ZK20 LAUWERSZEE,,,,,,53.44473666666667,6.824261666666667,0.0,7,eems,,False,False,,5,2026-09-05 00:09:48.524431128 +0000 UTC,2026-09-05 00:16:47.444436734 +0000 UTC
2026-09-05T00:09:05+00:00,244630162,THUNDERBIRD 2,0.0,20.0,64.0,8.0,1.5,51.96012666666666,4.124721666666667,0.0,5,gate,,False,False,BATAVIABRUG,3,2026-09-05 00:09:48.688238344 +0000 UTC,2026-09-05 00:15:48.241140218 +0000 UTC
2026-09-05T00:09:05+00:00,314630000,WILSON HALSVIK,,,,,,53.909641666666666,9.174305,4.0,0,brunsbuettel,,False,False,,7,2026-09-05 00:09:48.746863972 +0000 UTC,2026-09-05 00:16:49.304327643 +0000 UTC
2026-09-05T00:09:05+00:00,244820603,KRVE18,,,,,,51.972766666666665,4.074315,0.0,15,gate,gate,True,False,,4,2026-09-05 00:09:48.748693974 +0000 UTC,2026-09-05 00:15:28.342516679 +0000 UTC
2026-09-05T00:09:05+00:00,244087627,MABEL,,,,,,51.95545166666667,4.150763333333334,0.0,15,gate,,False,False,,8,2026-09-05 00:09:49.057505884 +0000 UTC,2026-09-05 00:16:58.050741064 +0000 UTC
2026-09-05T00:09:05+00:00,218346000,BORKUM,,,,,,53.53859166666667,8.16451,0.1,5,wilhelmshaven,,False,False,,4,2026-09-05 00:09:49.524951197 +0000 UTC,2026-09-05 00:15:48.936512288 +0000 UTC
2026-09-05T00:09:05+00:00,211784720,PILOT DITHMARSCHEN,,,,,,53.889784999999996,9.145318333333334,0.0,0,brunsbuettel,,False,False,,6,2026-09-05 00:09:49.969181961 +0000 UTC,2026-09-05 00:16:50.555995159 +0000 UTC
2026-09-05T00:09:05+00:00,244697000,VB KRACHT,9489936.0,90.0,32.0,12.0,6.3,51.96091666666667,4.14104,0.0,0,gate,,False,False,RTM,8,2026-09-05 00:09:50.393583061 +0000 UTC,2026-09-05 00:16:59.753215776 +0000 UTC
2026-09-05T00:09:05+00:00,228373700,VB LONGCHAMP 17,9876311.0,52.0,30.0,10.0,5.3,49.472318333333334,0.12219333333333333,0.4,0,lehavre,,False,False,LE HAVRE,7,2026-09-05 00:09:50.447974968 +0000 UTC,2026-09-05 00:16:09.383426923 +0000 UTC
2026-09-05T00:09:05+00:00,244650632,INVOTIS  VIII,0.0,99.0,43.0,10.0,0.0,51.94952333333333,4.148031666666666,0.1,0,gate,,False,False,ROTTERDAM,5,2026-09-05 00:09:51.100137151 +0000 UTC,2026-09-05 00:15:30.732760544 +0000 UTC
2026-09-05T00:09:05+00:00,244791000,VB ROB,9474905.0,52.0,29.0,12.0,6.2,51.961283333333334,4.140516666666667,0.0,0,gate,,False,False,ROTTERDAM,6,2026-09-05 00:09:51.370076854 +0000 UTC,2026-09-05 00:15:00.840074701 +0000 UTC
2026-09-05T00:09:05+00:00,244710348,PROGRESSO,0.0,79.0,105.0,10.0,0.0,51.94092833333333,4.032911666666667,0.1,5,gate,,False,False,RDAM,3,2026-09-05 00:09:52.878446664 +0000 UTC,2026-09-05 00:15:54.95981159 +0000 UTC
2026-09-05T00:09:05+00:00,244618000,MARE (PILOTS),0.0,50.0,23.0,7.0,1.3,51.97642666666666,4.125278333333333,0.0,5,gate,,False,False,HOEK VAN HOLLAND,3,2026-09-05 00:09:53.693017458 +0000 UTC,2026-09-05 00:15:54.648832795 +0000 UTC
2026-09-05T00:09:05+00:00,244660639,VLAARDINGEN,0.0,99.0,135.0,15.0,0.0,51.95734,4.147631666666666,0.0,0,gate,,False,False,,5,2026-09-05 00:09:54.04378624 +0000 UTC,2026-09-05 00:15:54.794321335 +0000 UTC
2026-09-05T00:09:05+00:00,211292900,HARLE KURIER,7114587.0,60.0,37.0,8.0,0.0,53.51368,8.145098333333333,0.0,15,wilhelmshaven,,False,False,WILHELMSHAVEN,3,2026-09-05 00:09:54.354581441 +0000 UTC,2026-09-05 00:16:09.360248585 +0000 UTC
2026-09-05T00:09:05+00:00,205306000,Z18 SOETKIN,,,,,,51.323679999999996,3.2006716666666666,0.0,7,zeebrugge,,False,False,,4,2026-09-05 00:09:54.423279255 +0000 UTC,2026-09-05 00:15:14.85880247 +0000 UTC
2026-09-05T00:09:05+00:00,244860469,NEPTUNUS 10,,,,,,51.95037166666667,4.124371666666667,0.3,0,gate,,False,False,,4,2026-09-05 00:09:55.113264357 +0000 UTC,2026-09-05 00:16:43.689316491 +0000 UTC
2026-09-05T00:09:05+00:00,244780387,AMBER,0.0,89.0,86.0,12.0,0.4,53.65403666666667,9.512118333333332,0.0,5,stade,stade,True,False,CUX,3,2026-09-05 00:09:56.596086917 +0000 UTC,2026-09-05 00:15:53.078044843 +0000 UTC
2026-09-05T00:09:05+00:00,205278390,TRIPOLI,9540546.0,79.0,135.0,18.0,2.1,51.34659166666667,3.185983333333333,0.0,5,zeebrugge,zeebrugge,True,False,ZEEBRUGGE,3,2026-09-05 00:09:57.452912547 +0000 UTC,2026-09-05 00:15:57.985013828 +0000 UTC
2026-09-05T00:09:05+00:00,244909000,TIMBER NAVIGATOR,9532824.0,70.0,118.0,16.0,4.3,49.47778,0.12556333333333333,0.0,5,lehavre,,False,False,FRLEH,2,2026-09-05 00:09:57.597335135 +0000 UTC,2026-09-05 00:13:51.832003 +0000 UTC
2026-09-05T00:09:05+00:00,236452000,EEMS EXE,9195535.0,70.0,89.0,12.0,3.2,53.61220333333333,9.559588333333332,0.0,1,stade,,False,False,HAMBURG,3,2026-09-05 00:09:57.742759967 +0000 UTC,2026-09-05 00:15:56.562981476 +0000 UTC
2026-09-05T00:09:05+00:00,211328230,HARLE PRIEL,,,,,,53.51497333333334,8.14991,0.0,0,wilhelmshaven,wilhelmshaven,True,False,,6,2026-09-05 00:09:58.327116037 +0000 UTC,2026-09-05 00:16:02.776379176 +0000 UTC
2026-09-05T00:09:05+00:00,211747930,GRIEP TO II,,,,,,53.89928999999999,9.149663333333333,0.0,3,brunsbuettel,,False,False,,3,2026-09-05 00:09:58.502676462 +0000 UTC,2026-09-05 00:15:18.34127608 +0000 UTC
2026-09-05T00:09:05+00:00,636015124,ATHINA L,9487627.0,70.0,229.0,32.0,12.9,51.953298333333336,4.1275216666666665,0.0,5,gate,,False,False,NLRTM,1,2026-09-05 00:09:59.325109955 +0000 UTC,2026-09-05 00:16:00.429027333 +0000 UTC
2026-09-05T00:09:05+00:00,244850970,SVEN D,9302243.0,71.0,142.0,21.0,5.7,51.953743333333335,3.993165,0.0,0,gate,,False,False,ROTTERDAM,3,2026-09-05 00:09:59.715480904 +0000 UTC,2026-09-05 00:13:13.112935009 +0000 UTC
2026-09-05T00:09:05+00:00,244650652,SEAZIP 6,9776119.0,99.0,26.0,10.0,2.2,53.44611,6.820491666666666,0.0,5,eems,,False,False,GEMINI<=>NLEEM,2,2026-09-05 00:09:59.985823509 +0000 UTC,2026-09-05 00:16:54.778124863 +0000 UTC
2026-09-05T00:09:05+00:00,219019933,BORA,9684304.0,40.0,31.0,13.0,2.5,53.44448333333333,6.827491666666666,0.1,5,eems,,False,False,EEMSHAVEN,2,2026-09-05 00:10:00.188662018 +0000 UTC,2026-09-05 00:13:30.466170073 +0000 UTC
2026-09-05T00:09:05+00:00,246658000,ORION (PILOTS),0.0,50.0,23.0,6.0,1.2,53.444923333333335,6.821086666666667,0.0,5,eems,,False,False,PILOTBOARDINGGROUND,3,2026-09-05 00:10:01.165185481 +0000 UTC,2026-09-05 00:16:00.431463643 +0000 UTC
2026-09-05T00:09:05+00:00,250006161,ARKLOW ARROW,9851971.0,70.0,120.0,15.0,4.4,53.654871666666665,9.510331666666668,0.1,5,stade,stade,True,False,DEBUZ,2,2026-09-05 00:10:01.946144082 +0000 UTC,2026-09-05 00:16:28.648133705 +0000 UTC
2026-09-05T00:09:05+00:00,255801470,HEA THOR,9577147.0,90.0,86.0,40.0,8.1,53.45077166666667,6.8151166666666665,0.0,5,eems,,False,False,NLEEM,2,2026-09-05 00:10:02.575279446 +0000 UTC,2026-09-05 00:16:02.141181231 +0000 UTC
2026-09-05T00:09:05+00:00,538010923,CAPOEIRA,9327011.0,80.0,206.0,49.0,12.5,31.59986,32.158625,11.2,1,transit_port_said,,False,True,EG PSD,4,2026-09-05 00:10:03.106513162 +0000 UTC,2026-09-05 00:12:33.000209715 +0000 UTC
2026-09-05T00:09:05+00:00,268250702,FT SUNRISE,9234599.0,80.0,183.0,32.0,6.9,31.584843333333332,32.30237666666667,0.0,1,transit_port_said,,False,True,FOR ORDER,1,2026-09-05 00:10:03.111309137 +0000 UTC,2026-09-05 00:16:02.276845517 +0000 UTC
2026-09-05T00:09:05+00:00,219031856,WSC SPEED 1,9996379.0,40.0,27.0,10.0,2.0,53.44457333333333,6.826275,0.0,5,eems,,False,False,EEMSHAVEN,3,2026-09-05 00:10:03.163089513 +0000 UTC,2026-09-05 00:16:30.059025685 +0000 UTC
2026-09-05T00:09:05+00:00,228402900,CMA CGM TROCADERO,9839167.0,71.0,400.0,62.0,16.0,49.45661833333334,0.170595,0.0,5,lehavre,,False,False,SGSIN > FRLEH,1,2026-09-05 00:10:03.40404676 +0000 UTC,2026-09-05 00:16:03.682182549 +0000 UTC
2026-09-05T00:09:05+00:00,227062830,DUNCAN,0.0,80.0,18.0,7.0,2.5,49.48448166666667,0.15423,0.0,5,lehavre,,False,False,LE TRAIT CHANTIER,2,2026-09-05 00:10:03.414770094 +0000 UTC,2026-09-05 00:16:04.233582111 +0000 UTC
2026-09-05T00:09:05+00:00,227023200,VB GASCOGNE,9202730.0,52.0,37.0,10.0,5.5,49.45834833333333,0.16029166666666667,0.1,0,lehavre,,False,False,LE HAVRE,7,2026-09-05 00:10:03.427661182 +0000 UTC,2026-09-05 00:16:22.52804029 +0000 UTC
2026-09-05T00:09:05+00:00,244710626,BENCKES,0.0,90.0,,,0.0,51.93873,4.0342633333333335,102.3,0,gate,,False,False,ROTTERDAM HARTELHAVE,4,2026-09-05 00:10:03.497187832 +0000 UTC,2026-09-05 00:16:22.501008597 +0000 UTC
2026-09-05T00:09:05+00:00,244030023,HEBO-CAT 5,0.0,99.0,28.0,14.0,0.0,51.96197333333334,4.138378333333333,0.0,0,gate,,False,False,OLIEBESTRIJDING,7,2026-09-05 00:10:03.512164932 +0000 UTC,2026-09-05 00:16:13.397088589 +0000 UTC
2026-09-05T00:09:05+00:00,205619000,VB KIWI,9454321.0,52.0,26.0,11.0,6.2,51.32969,3.197181666666667,0.0,0,zeebrugge,,False,False,ZEEBRUGGE,4,2026-09-05 00:10:03.574498186 +0000 UTC,2026-09-05 00:16:02.572810623 +0000 UTC
2026-09-05T00:09:05+00:00,211216480,FAIRPLAY-54,9021112.0,52.0,28.0,9.0,4.5,53.65300166666667,9.510913333333333,0.0,0,stade,stade,True,False,WEWELSFLETH,7,2026-09-05 00:10:03.693588131 +0000 UTC,2026-09-05 00:15:03.097241395 +0000 UTC
2026-09-05T00:09:05+00:00,255806364,BRAVEWIND,9886330.0,79.0,149.0,28.0,4.9,53.452325,6.821038333333333,0.0,5,eems,,False,False,NLEEM,1,2026-09-05 00:10:03.770965081 +0000 UTC,2026-09-05 00:16:02.50873104 +0000 UTC
2026-09-05T00:09:05+00:00,352001786,NEW APEX,9929106.0,80.0,293.0,46.0,9.3,29.741448333333334,-93.867575,0.0,5,depart_sabine_pass,,False,True,USNSS,1,2026-09-05 00:10:04.277979065 +0000 UTC,2026-09-05 00:12:06.753037935 +0000 UTC
2026-09-05T00:09:05+00:00,319762000,STARFIRE,1008918.0,37.0,70.0,13.0,3.7,53.87635833333333,9.140678333333334,0.3,1,brunsbuettel,,False,False,DEBRB,1,2026-09-05 00:10:04.279444145 +0000 UTC,2026-09-05 00:16:04.259164731 +0000 UTC
2026-09-05T00:09:05+00:00,244750022,TAURUS,0.0,79.0,106.0,12.0,1.8,51.96147666666666,4.03068,0.0,0,gate,,False,False,EUROPAHAVEN,5,2026-09-05 00:10:04.3307313 +0000 UTC,2026-09-05 00:17:00.145681822 +0000 UTC
2026-09-05T00:09:05+00:00,229964000,RS SENTINEL,,,,,,53.44891500000001,6.825081666666667,0.0,5,eems,,False,False,,2,2026-09-05 00:10:04.402934629 +0000 UTC,2026-09-05 00:16:05.571512548 +0000 UTC
2026-09-05T00:09:05+00:00,538012439,GH FRANKLIN,9723186.0,70.0,292.0,45.0,18.4,51.966771666666666,4.108503333333333,0.0,5,gate,,False,False,NLRTM,3,2026-09-05 00:10:04.547094467 +0000 UTC,2026-09-05 00:16:04.262305086 +0000 UTC
2026-09-05T00:09:05+00:00,227211180,LH PILOT ST JOSEPH,0.0,50.0,,,1.5,49.48410666666667,0.11295999999999999,0.2,3,lehavre,,False,False,,5,2026-09-05 00:10:05.301092558 +0000 UTC,2026-09-05 00:16:05.487389361 +0000 UTC
2026-09-05T00:09:05+00:00,352898717,EVER ALP,,,,,,51.947015,4.0444700000000005,0.0,5,gate,,False,False,,1,2026-09-05 00:10:05.380147302 +0000 UTC,2026-09-05 00:10:05.380147302 +0000 UTC
2026-09-05T00:09:05+00:00,636017797,MAGIC WAND,9379143.0,80.0,183.0,41.0,8.4,50.998733333333334,1.5901166666666666,8.8,0,transit_dover,,False,True,EE TLL,3,2026-09-05 00:10:05.447868121 +0000 UTC,2026-09-05 00:14:11.34459291 +0000 UTC
2026-09-05T00:09:05+00:00,258106000,HOEGH BERLIN,9295842.0,70.0,229.0,32.0,9.0,51.30361666666667,3.22975,0.0,5,zeebrugge,,False,False,ITLIV-BEZEE,2,2026-09-05 00:10:05.729615644 +0000 UTC,2026-09-05 00:13:05.703657852 +0000 UTC
2026-09-05T00:09:05+00:00,212637000,BG DIAMOND,,,,,,51.964000000000006,4.0548,0.0,0,gate,,False,False,,7,2026-09-05 00:10:06.073913123 +0000 UTC,2026-09-05 00:16:16.608398156 +0000 UTC
2026-09-05T00:09:05+00:00,244670421,MISSION,0.0,99.0,135.0,12.0,0.0,51.957175,4.119091666666667,0.0,5,gate,,False,False,BEGEN04017CITYX00030,3,2026-09-05 00:10:06.562246558 +0000 UTC,2026-09-05 00:16:05.119875333 +0000 UTC
2026-09-05T00:09:05+00:00,244870700,METTE MARIA,9254068.0,33.0,75.0,12.0,2.8,53.52818333333333,8.1493,102.3,5,wilhelmshaven,wilhelmshaven,True,False,DREDGING JADE RIVER,2,2026-09-05 00:10:07.272032039 +0000 UTC,2026-09-05 00:16:06.035313358 +0000 UTC
2026-09-05T00:09:05+00:00,255915686,FAIRPLAY-29,9817250.0,52.0,32.0,12.0,5.4,51.95076166666667,4.14509,0.0,0,gate,,False,False,RTM NL,5,2026-09-05 00:10:07.288088703 +0000 UTC,2026-09-05 00:16:07.569707656 +0000 UTC
2026-09-05T00:09:05+00:00,372319000,NYK DIANA,9337688.0,70.0,294.0,32.0,10.4,51.949574999999996,4.0637533333333336,0.0,5,gate,,False,False,NLRTM,3,2026-09-05 00:10:07.323114268 +0000 UTC,2026-09-05 00:16:07.379430252 +0000 UTC
2026-09-05T00:09:05+00:00,211795250,FAIRPLAY-35,9565194.0,52.0,37.0,14.0,6.8,53.65119666666667,9.510068333333333,0.0,5,stade,stade,True,False,ETV ELBE,3,2026-09-05 00:10:08.193081192 +0000 UTC,2026-09-05 00:16:50.095237788 +0000 UTC
2026-09-05T00:09:05+00:00,244101977,BORELLI,0.0,79.0,110.0,12.0,0.0,51.957139999999995,4.0345699999999995,0.0,5,gate,,False,False,NL BE NL,2,2026-09-05 00:10:08.325735351 +0000 UTC,2026-09-05 00:16:08.020403814 +0000 UTC
2026-09-05T00:09:05+00:00,244010253,VEERHAVEN VII,0.0,79.0,117.0,23.0,1.9,51.952485,4.120303333333333,0.0,5,gate,,False,False,DINTELHAVEN,2,2026-09-05 00:10:08.515175996 +0000 UTC,2026-09-05 00:16:09.387789057 +0000 UTC
2026-09-05T00:09:05+00:00,228068700,VB CYCLONE,9746918.0,52.0,30.0,10.0,0.0,51.32234666666667,3.2026416666666666,0.0,15,zeebrugge,,False,False,,9,2026-09-05 00:10:08.710665198 +0000 UTC,2026-09-05 00:16:20.40302178 +0000 UTC
2026-09-05T00:09:05+00:00,244660432,SEPTIMO,0.0,99.0,135.0,11.0,0.2,51.93801833333334,4.034945,0.0,5,gate,,False,False,ROTTERDAM,2,2026-09-05 00:10:08.839551829 +0000 UTC,2026-09-05 00:13:10.619832799 +0000 UTC
2026-09-05T00:09:05+00:00,211224360,RUESTERSIEL,,,,,,53.51334,8.148808333333333,0.0,5,wilhelmshaven,,False,False,,2,2026-09-05 00:10:08.842946809 +0000 UTC,2026-09-05 00:13:08.458772868 +0000 UTC
2026-09-05T00:09:05+00:00,227275310,LH PILOT ST NICOLAS,0.0,50.0,16.0,4.0,0.0,49.484183333333334,0.11292333333333333,0.0,8,lehavre,,False,False,,6,2026-09-05 00:10:08.876492772 +0000 UTC,2026-09-05 00:15:57.273071611 +0000 UTC
2026-09-05T00:09:05+00:00,232059673,SVITZER TIGER,,,,,,51.44632,0.7428866666666667,0.0,0,grain,,False,False,,5,2026-09-05 00:10:09.022802248 +0000 UTC,2026-09-05 00:16:10.63360765 +0000 UTC
2026-09-05T00:09:05+00:00,636018052,ASTERION,,,,,,51.959266666666664,4.1256949999999994,0.0,5,gate,,False,False,,3,2026-09-05 00:10:09.14312411 +0000 UTC,2026-09-05 00:16:10.445333057 +0000 UTC
2026-09-05T00:09:05+00:00,244820811,RVE 53,,,,,,51.94942,4.148328333333334,0.1,0,gate,,False,False,,7,2026-09-05 00:10:09.767037118 +0000 UTC,2026-09-05 00:16:30.027066695 +0000 UTC
2026-09-05T00:09:05+00:00,244615748,INVOTIS III,,,,,,51.94946,4.147966666666666,0.0,0,gate,,False,False,,6,2026-09-05 00:10:11.158499349 +0000 UTC,2026-09-05 00:15:21.798827396 +0000 UTC
2026-09-05T00:09:05+00:00,563345500,DAVID SCHULTE,,,,,,51.34451166666667,3.19533,0.0,5,zeebrugge,zeebrugge,True,False,,2,2026-09-05 00:10:11.350153794 +0000 UTC,2026-09-05 00:16:12.895170654 +0000 UTC
2026-09-05T00:09:05+00:00,232064738,EMILIA JANE,,,,,,53.4448,6.825753333333334,0.0,5,eems,,False,False,,1,2026-09-05 00:10:14.731670568 +0000 UTC,2026-09-05 00:10:14.731670568 +0000 UTC
2026-09-05T00:09:05+00:00,246006000,VLIESTROOM,8802650.0,33.0,38.0,9.0,1.8,53.528670000000005,8.149321666666667,0.0,5,wilhelmshaven,wilhelmshaven,True,False,HOOKSIEL,1,2026-09-05 00:10:16.78133653 +0000 UTC,2026-09-05 00:16:15.074733435 +0000 UTC
2026-09-05T00:09:05+00:00,244790539,RVE 17,,,,,,51.94873333333333,4.149051666666667,0.0,0,gate,,False,False,,5,2026-09-05 00:10:17.357036192 +0000 UTC,2026-09-05 00:16:36.787598262 +0000 UTC
2026-09-05T00:09:05+00:00,249436000,CELANDINE,9183984.0,70.0,162.0,25.0,4.9,51.34153333333334,3.2158533333333335,0.0,5,zeebrugge,,False,False,BEZEE,3,2026-09-05 00:10:18.011863765 +0000 UTC,2026-09-05 00:16:19.746133088 +0000 UTC
2026-09-05T00:09:05+00:00,211211840,NATO WARSHIP A 1443,0.0,35.0,130.0,19.0,7.1,53.51934833333333,8.129335000000001,0.0,5,wilhelmshaven,,False,False,,2,2026-09-05 00:10:18.212701435 +0000 UTC,2026-09-05 00:15:33.715060705 +0000 UTC
2026-09-05T00:09:05+00:00,255915929,AYR,9313711.0,70.0,88.0,12.0,3.2,52.012993333333334,3.993695,8.2,0,gate,,False,False,BEANR,4,2026-09-05 00:10:18.492969285 +0000 UTC,2026-09-05 00:14:47.25521323 +0000 UTC
2026-09-05T00:09:05+00:00,244615588,SPRINTER,0.0,33.0,10.0,4.0,1.0,53.44489333333333,6.824203333333333,0.0,0,eems,,False,False,RILLAND BATH,5,2026-09-05 00:10:20.022111557 +0000 UTC,2026-09-05 00:14:50.701236754 +0000 UTC
2026-09-05T00:09:05+00:00,268235302,MIRANDA,9738258.0,90.0,37.0,9.0,4.0,53.44446833333333,6.8274349999999995,0.0,5,eems,,False,False,EEMSHAVEN NL,2,2026-09-05 00:10:20.525268196 +0000 UTC,2026-09-05 00:16:18.919969393 +0000 UTC
2026-09-05T00:09:05+00:00,209248000,BG EMERALD,9803704.0,79.0,153.0,24.0,7.4,51.962313333333334,4.05505,0.0,5,gate,,False,False,NLRTM   FWP 3,3,2026-09-05 00:10:22.231678007 +0000 UTC,2026-09-05 00:16:24.217928368 +0000 UTC
2026-09-05T00:09:05+00:00,236734000,WINDEA JULES VERNE,9863584.0,99.0,93.0,18.0,5.8,53.456514999999996,6.823195,0.0,5,eems,,False,False,EEMSHAVEN NL,1,2026-09-05 00:10:22.237744392 +0000 UTC,2026-09-05 00:16:11.001180492 +0000 UTC
2026-09-05T00:09:05+00:00,256512000,ORION JESSICA,9917543.0,84.0,299.0,46.0,11.1,51.97128333333333,4.07664,0.0,5,gate,gate,True,True,FOR ORDERS,1,2026-09-05 00:10:22.298406088 +0000 UTC,2026-09-05 00:16:22.964596355 +0000 UTC
2026-09-05T00:09:05+00:00,244630153,ROSANNE,,,,,,53.443171666666665,6.842316666666666,0.0,5,eems,eems,True,False,,2,2026-09-05 00:10:22.642083098 +0000 UTC,2026-09-05 00:13:21.085327677 +0000 UTC
2026-09-05T00:09:05+00:00,244770727,THYRA,,,,,,51.92972666666667,4.039508333333333,0.0,0,gate,,False,False,,6,2026-09-05 00:10:22.666793038 +0000 UTC,2026-09-05 00:17:01.913133198 +0000 UTC
2026-09-05T00:09:05+00:00,205244890,MEYATI,0.0,79.0,110.0,12.0,0.0,51.93792166666666,4.034586666666667,0.0,5,gate,,False,False,ROTTERDAM HARTELHAVE,3,2026-09-05 00:10:22.717008972 +0000 UTC,2026-09-05 00:16:23.338756072 +0000 UTC
2026-09-05T00:09:05+00:00,232054448,HST LOWESTOFT,,,,,,53.44469166666667,6.826378333333333,0.0,0,eems,,False,False,,6,2026-09-05 00:10:22.751237617 +0000 UTC,2026-09-05 00:15:32.419302727 +0000 UTC
2026-09-05T00:09:05+00:00,246749000,UK153 LUB SENIOR,9599731.0,30.0,26.0,7.0,5.0,53.45715333333333,6.81867,0.0,7,eems,,False,False,FISHING GROUND,6,2026-09-05 00:10:22.880698948 +0000 UTC,2026-09-05 00:14:15.707046969 +0000 UTC
2026-09-05T00:09:05+00:00,632001149,ETHERA,,,,,,51.338944999999995,3.195665,0.0,5,zeebrugge,,False,False,,1,2026-09-05 00:10:23.01385987 +0000 UTC,2026-09-05 00:10:23.01385987 +0000 UTC
2026-09-05T00:09:05+00:00,249256000,LUIGI GALVANI,9738246.0,80.0,180.0,28.0,8.0,29.579881666666665,-93.74398,0.0,1,depart_sabine_pass,,False,True,,3,2026-09-05 00:10:23.828805681 +0000 UTC,2026-09-05 00:16:23.931106873 +0000 UTC
2026-09-05T00:09:05+00:00,246683000,DANCING WATER,9065807.0,52.0,19.0,6.0,2.9,53.44600333333334,6.82038,0.0,3,eems,,False,False,DREDGING EEMSGEUL,5,2026-09-05 00:10:24.173630913 +0000 UTC,2026-09-05 00:16:35.475804785 +0000 UTC
2026-09-05T00:09:05+00:00,218039400,VB TRAGEN,9931446.0,52.0,24.0,12.0,5.8,53.535893333333334,8.161629999999999,0.0,0,wilhelmshaven,,False,False,DEWVN,5,2026-09-05 00:10:24.38117613 +0000 UTC,2026-09-05 00:16:47.822841359 +0000 UTC
2026-09-05T00:09:05+00:00,227022600,MSC WORLD ASIA,9901556.0,69.0,334.0,54.0,9.1,47.28422,-2.1891966666666667,0.0,5,montoir,,False,False,SEA TRIAL,1,2026-09-05 00:10:25.063749333 +0000 UTC,2026-09-05 00:16:25.953656359 +0000 UTC
2026-09-05T00:09:05+00:00,211169340,BAYERN 2,,,,,,51.949648333333336,4.125885,0.0,5,gate,,False,False,,1,2026-09-05 00:10:25.526757272 +0000 UTC,2026-09-05 00:10:25.526757272 +0000 UTC
2026-09-05T00:09:05+00:00,244750111,HENRY HUDSON,,,,,,51.959565,4.013545,0.0,5,gate,,False,False,,3,2026-09-05 00:10:25.649188182 +0000 UTC,2026-09-05 00:16:27.907983404 +0000 UTC
2026-09-05T00:09:05+00:00,244059204,ALPHENAAR,0.0,79.0,90.0,11.0,2.0,51.958054999999995,4.012646666666667,0.0,5,gate,,False,False,LIGPLAATS CCT ZUID,1,2026-09-05 00:10:25.896273156 +0000 UTC,2026-09-05 00:15:24.770698701 +0000 UTC
2026-09-05T00:09:05+00:00,211122000,SINGAPORE EXPRESS,,,,,,51.95342166666667,4.000976666666667,0.0,5,gate,,False,False,,1,2026-09-05 00:10:26.65768815 +0000 UTC,2026-09-05 00:10:26.65768815 +0000 UTC
2026-09-05T00:09:05+00:00,205557290,DESEO,61050150.0,79.0,110.0,17.0,2.6,51.344321666666666,3.1813366666666667,0.0,5,zeebrugge,zeebrugge,True,False,ANTWERPEN 614,2,2026-09-05 00:10:27.10976864 +0000 UTC,2026-09-05 00:16:27.725627324 +0000 UTC
2026-09-05T00:09:05+00:00,244670273,BACO,0.0,79.0,57.0,7.0,2.3,51.956831666666666,4.119666666666666,0.0,0,gate,,False,False,PRIVE,6,2026-09-05 00:10:27.357134088 +0000 UTC,2026-09-05 00:16:46.95047016 +0000 UTC
2026-09-05T00:09:05+00:00,228480800,DURANDE,1025540.0,71.0,172.0,27.0,8.6,49.47268833333333,0.15276333333333333,0.1,5,lehavre,,False,False,DEWVN,1,2026-09-05 00:10:29.176734313 +0000 UTC,2026-09-05 00:14:46.293621697 +0000 UTC
2026-09-05T00:09:05+00:00,244757000,RPA 16,0.0,99.0,32.0,9.0,0.0,51.95670666666667,4.012366666666667,2.9,0,gate,,False,False,,8,2026-09-05 00:10:29.228204819 +0000 UTC,2026-09-05 00:16:48.552483417 +0000 UTC
2026-09-05T00:09:05+00:00,219023116,KARMSUND,7724203.0,79.0,89.0,14.0,4.7,53.45501333333333,6.832666666666666,0.0,5,eems,,False,False,EEMSHAVEN,3,2026-09-05 00:10:29.238203453 +0000 UTC,2026-09-05 00:17:02.19108287 +0000 UTC
2026-09-05T00:09:05+00:00,230652000,NORSKY,,,,,,51.94578833333333,4.130711666666667,0.0,5,gate,,False,False,,2,2026-09-05 00:10:29.433375039 +0000 UTC,2026-09-05 00:13:29.390454244 +0000 UTC
2026-09-05T00:09:05+00:00,413549320,FU ZHOU GUO JI,1014204.0,70.0,172.0,47.0,6.2,51.976908333333334,4.024193333333334,0.0,5,gate,,False,False,NL RTM,3,2026-09-05 00:10:29.832446794 +0000 UTC,2026-09-05 00:16:25.99309942 +0000 UTC
2026-09-05T00:09:05+00:00,227975290,BENTHOS,,,,,,49.47451,0.13378166666666666,0.0,0,lehavre,,False,False,,6,2026-09-05 00:10:29.836281564 +0000 UTC,2026-09-05 00:16:38.369193764 +0000 UTC
2026-09-05T00:09:05+00:00,244070846,JURA,,,,,,51.95748833333334,4.012518333333333,0.0,5,gate,,False,False,,1,2026-09-05 00:10:30.773232291 +0000 UTC,2026-09-05 00:10:30.773232291 +0000 UTC
2026-09-05T00:09:05+00:00,211322590,WSP 3,0.0,55.0,30.0,7.0,2.2,53.533546666666666,8.159651666666667,0.1,5,wilhelmshaven,wilhelmshaven,True,False,ON PATROL,3,2026-09-05 00:10:30.803816888 +0000 UTC,2026-09-05 00:16:30.375625008 +0000 UTC
2026-09-05T00:09:05+00:00,538005823,STI GUIDE,9717113.0,80.0,250.0,44.0,9.2,49.46980666666666,0.13140666666666667,0.0,5,lehavre,,False,True,TT PTP,2,2026-09-05 00:10:31.021938247 +0000 UTC,2026-09-05 00:16:31.02185942 +0000 UTC
2026-09-05T00:09:05+00:00,244700704,PUR SANG,,,,,,51.952488333333335,4.125348333333333,0.0,0,gate,,False,False,,7,2026-09-05 00:10:31.109752633 +0000 UTC,2026-09-05 00:16:41.937275985 +0000 UTC
2026-09-05T00:09:05+00:00,211182030,BUXTEHUDE,0.0,99.0,15.0,5.0,1.0,53.627179999999996,9.524411666666667,0.0,0,stade,,False,False,WSA ELBE-NORDSEE,7,2026-09-05 00:10:31.53745282 +0000 UTC,2026-09-05 00:16:31.023664525 +0000 UTC
2026-09-05T00:09:05+00:00,244038327,KERSTIN,0.0,90.0,110.0,11.0,0.0,51.938401666666664,4.037678333333334,0.0,5,gate,,False,False,DILLINGEN,2,2026-09-05 00:10:31.608751061 +0000 UTC,2026-09-05 00:15:33.543556646 +0000 UTC
2026-09-05T00:09:05+00:00,244730912,AURA,0.0,79.0,80.0,10.0,0.2,51.94456,4.046948333333334,0.0,5,gate,,False,False,ROTTERDAM,1,2026-09-05 00:10:31.62032068 +0000 UTC,2026-09-05 00:11:31.189887462 +0000 UTC
2026-09-05T00:09:05+00:00,244620889,GERARD ALBERT,0.0,99.0,135.0,12.0,0.0,51.93885833333333,4.034436666666667,0.0,5,gate,,False,False,DEGIG03900TERMC04930,2,2026-09-05 00:10:32.590769185 +0000 UTC,2026-09-05 00:13:35.39278314 +0000 UTC
2026-09-05T00:09:05+00:00,255915875,FAIRPLAY I,,,,,,51.96385166666666,4.095841666666667,0.0,0,gate,,False,False,,6,2026-09-05 00:10:33.540332373 +0000 UTC,2026-09-05 00:16:33.647407363 +0000 UTC
2026-09-05T00:09:05+00:00,205243000,Z.48DE MARIA ANTONIA,8972986.0,30.0,46.0,8.0,4.5,51.32266833333333,3.2027266666666665,0.0,15,zeebrugge,,False,False,KEEP SAFE DISTANCE!,5,2026-09-05 00:10:33.544349455 +0000 UTC,2026-09-05 00:16:53.198652313 +0000 UTC
2026-09-05T00:09:05+00:00,232026951,SEVERN SUPPORTER,,,,,,53.888198333333335,9.19359,0.0,3,brunsbuettel,,False,False,,6,2026-09-05 00:10:33.754945152 +0000 UTC,2026-09-05 00:16:42.876737634 +0000 UTC
2026-09-05T00:09:05+00:00,352006908,SEA ENTERPRISE,0.0,90.0,20.0,5.0,1.4,53.445948333333334,6.8204166666666675,0.0,5,eems,,False,False,EEMSHAVEN PORT,2,2026-09-05 00:10:34.355976963 +0000 UTC,2026-09-05 00:16:08.563721469 +0000 UTC
2026-09-05T00:09:05+00:00,246015000,UK224 TUNIS VAN LUUT,,,,,,53.45690333333334,6.820253333333333,0.0,7,eems,,False,False,,6,2026-09-05 00:10:34.389908132 +0000 UTC,2026-09-05 00:16:45.033678058 +0000 UTC
2026-09-05T00:09:05+00:00,205252000,VLAANDEREN 8,,,,,,51.32031333333334,3.1924366666666666,0.0,5,zeebrugge,,False,False,,1,2026-09-05 00:10:36.287024335 +0000 UTC,2026-09-05 00:10:36.287024335 +0000 UTC
2026-09-05T00:09:05+00:00,211474330,GOOR 2,0.0,34.0,16.0,5.0,2.4,53.51666,8.145013333333333,0.0,0,wilhelmshaven,wilhelmshaven,True,False,WILHELMSHAVEN,5,2026-09-05 00:10:36.327348244 +0000 UTC,2026-09-05 00:16:59.63829465 +0000 UTC
2026-09-05T00:09:05+00:00,244670411,DANIEL,0.0,79.0,110.0,11.0,0.1,51.95037166666667,4.125431666666667,0.0,5,gate,,False,False,NEUSS,2,2026-09-05 00:10:36.38071954 +0000 UTC,2026-09-05 00:16:37.119852979 +0000 UTC
2026-09-05T00:09:05+00:00,211625340,FAIRPLAY-81,9693264.0,52.0,32.0,12.0,5.9,53.53523333333333,8.161435,0.0,0,wilhelmshaven,,False,False,WILHELMSHAVEN,5,2026-09-05 00:10:37.410098248 +0000 UTC,2026-09-05 00:16:48.941301134 +0000 UTC
2026-09-05T00:09:05+00:00,244650881,CARONIA,,,,,,51.957005,4.010058333333333,0.3,0,gate,,False,False,,4,2026-09-05 00:10:37.485966582 +0000 UTC,2026-09-05 00:16:55.862643045 +0000 UTC
2026-09-05T00:09:05+00:00,244620511,MERCURIUS,0.0,79.0,86.0,12.0,0.0,51.95818333333333,4.01074,0.0,5,gate,,False,False,,3,2026-09-05 00:10:37.699332222 +0000 UTC,2026-09-05 00:16:39.937684484 +0000 UTC
2026-09-05T00:09:05+00:00,269057848,RP PRAAG,,,,,,51.93893166666667,4.087516666666667,6.2,0,gate,,False,False,,5,2026-09-05 00:10:38.518742038 +0000 UTC,2026-09-05 00:15:49.122870269 +0000 UTC
2026-09-05T00:09:05+00:00,538006781,FEDERAL KUMANO,,,,,,53.91569833333333,9.199831666666666,0.0,5,brunsbuettel,,False,False,,1,2026-09-05 00:10:39.168090946 +0000 UTC,2026-09-05 00:10:39.168090946 +0000 UTC
2026-09-05T00:09:05+00:00,228373800,VB GUARDIAN 19,,,,,,49.48217666666667,0.08344833333333333,8.1,5,lehavre,lehavre,True,False,,8,2026-09-05 00:10:39.19086686 +0000 UTC,2026-09-05 00:16:48.713690106 +0000 UTC
2026-09-05T00:09:05+00:00,255915617,MSC DAKAR X,9605231.0,72.0,300.0,48.0,11.9,49.461666666666666,0.13413833333333333,0.0,5,lehavre,,False,False,FRLEH,3,2026-09-05 00:10:39.726317074 +0000 UTC,2026-09-05 00:16:43.507038882 +0000 UTC
2026-09-05T00:09:05+00:00,211745030,JADE HIEV,0.0,90.0,52.0,22.0,2.2,53.517511666666664,8.147231666666666,0.0,5,wilhelmshaven,wilhelmshaven,True,False,DEWHV,3,2026-09-05 00:10:40.032227398 +0000 UTC,2026-09-05 00:16:47.821683393 +0000 UTC
2026-09-05T00:09:05+00:00,205393290,GLADIATOR,0.0,79.0,110.0,12.0,0.0,51.95807833333333,4.01081,0.0,5,gate,,False,False,PRINSES AMALIAHAVEN,2,2026-09-05 00:10:42.972751782 +0000 UTC,2026-09-05 00:16:43.389581049 +0000 UTC
2026-09-05T00:09:05+00:00,636023954,PACIFIC CRYSTAL,,,,,,49.470823333333335,0.12314833333333333,0.0,5,lehavre,,False,False,,2,2026-09-05 00:10:43.701971338 +0000 UTC,2026-09-05 00:16:43.702608058 +0000 UTC
2026-09-05T00:09:05+00:00,212905000,SEAWAY STRASHNOV,9452701.0,90.0,183.0,47.0,11.4,49.49991833333333,0.017371666666666667,7.7,0,lehavre,,False,False,COURSEULLES OWF,5,2026-09-05 00:10:44.314241694 +0000 UTC,2026-09-05 00:16:44.051777399 +0000 UTC
2026-09-05T00:09:05+00:00,228492900,ECO PAMPERO,1020667.0,70.0,148.0,27.0,6.8,51.95278,4.077285,0.0,5,gate,,False,False,NLRTM,2,2026-09-05 00:10:45.992977556 +0000 UTC,2026-09-05 00:16:56.128740904 +0000 UTC
2026-09-05T00:09:05+00:00,211537930,TUEMMLER,0.0,55.0,17.0,4.0,1.2,53.624559999999995,9.513378333333332,0.0,5,stade,,False,False,SURVEYING,1,2026-09-05 00:10:46.436322554 +0000 UTC,2026-09-05 00:11:46.220218346 +0000 UTC
2026-09-05T00:09:05+00:00,244660785,KVB DRAGONFLY,0.0,79.0,184.0,23.0,3.0,51.96005,4.115125,0.0,5,gate,,False,False,HARTELHAVEN,2,2026-09-05 00:10:48.276246436 +0000 UTC,2026-09-05 00:16:34.556569597 +0000 UTC
2026-09-05T00:09:05+00:00,211508590,BRESLAU,0.0,69.0,38.0,13.0,2.8,53.89754166666667,9.149461666666667,4.1,0,brunsbuettel,,False,False,BRUNSBUETTEL NOK,4,2026-09-05 00:10:49.254806755 +0000 UTC,2026-09-05 00:13:09.248112814 +0000 UTC
2026-09-05T00:09:05+00:00,244750018,RELINQUENDA,0.0,79.0,114.0,12.0,3.2,53.441604999999996,6.855433333333334,0.0,5,eems,eems,True,False,RWE WILHELMINAHAVEN,1,2026-09-05 00:10:50.015217735 +0000 UTC,2026-09-05 00:16:48.634057745 +0000 UTC
2026-09-05T00:09:05+00:00,244485000,GRUNO V,6907171.0,52.0,30.0,8.0,3.6,53.44508333333333,6.823298333333333,0.0,5,eems,,False,False,ASSISTENCERIVEREMS,3,2026-09-05 00:10:50.110377318 +0000 UTC,2026-09-05 00:16:54.443702176 +0000 UTC
2026-09-05T00:09:05+00:00,211436810,TRANSPORTER III,0.0,70.0,34.0,6.0,1.7,53.516733333333335,8.14545,0.0,0,wilhelmshaven,wilhelmshaven,True,False,WILHELSHAVEN,5,2026-09-05 00:10:50.25977195 +0000 UTC,2026-09-05 00:16:59.644427879 +0000 UTC
2026-09-05T00:09:05+00:00,244010081,NAPOLI,,,,,,51.938388333333336,4.131708333333333,9.3,0,gate,,False,False,,5,2026-09-05 00:10:50.66079444 +0000 UTC,2026-09-05 00:15:20.644920733 +0000 UTC
2026-09-05T00:09:05+00:00,256172000,MSC CORUNA,9480215.0,74.0,270.0,40.0,10.1,51.50142166666667,0.6549266666666667,11.7,0,grain,,False,False,GBLGP SUNK P/S,1,2026-09-05 00:10:52.067165123 +0000 UTC,2026-09-05 00:12:04.600567498 +0000 UTC
2026-09-05T00:09:05+00:00,244620947,VEERHAVEN X,0.0,79.0,193.0,23.0,1.8,51.95147166666666,4.117651666666666,0.0,5,gate,,False,False,SCHWELGERN,2,2026-09-05 00:10:54.608568561 +0000 UTC,2026-09-05 00:16:55.297806273 +0000 UTC
2026-09-05T00:09:05+00:00,226003010,CLOVIS,0.0,20.0,88.0,12.0,3.0,49.48450166666667,0.15416333333333335,0.1,5,lehavre,,False,False,CPAQ AVAL,3,2026-09-05 00:10:54.767909917 +0000 UTC,2026-09-05 00:16:53.220579596 +0000 UTC
2026-09-05T00:09:05+00:00,245199000,EEMS WRESTLER,8843549.0,31.0,40.0,10.0,3.5,53.446616666666664,6.822306666666666,0.0,5,eems,,False,False,NLEEM,2,2026-09-05 00:10:55.488647049 +0000 UTC,2026-09-05 00:16:58.166895592 +0000 UTC
2026-09-05T00:09:05+00:00,244700375,RIVIERA,0.0,79.0,153.0,24.0,2.0,51.94952333333333,4.116895,0.0,5,gate,,False,False,SCHWELGERN,2,2026-09-05 00:10:55.498926864 +0000 UTC,2026-09-05 00:15:04.234436099 +0000 UTC
2026-09-05T00:09:05+00:00,563185400,ARMADA 78 05,9924285.0,90.0,78.0,17.0,6.0,53.493875,6.778451666666667,0.0,1,eems,,False,False,INNER ANCHORAGE,2,2026-09-05 00:10:55.67645078 +0000 UTC,2026-09-05 00:13:56.453222147 +0000 UTC
2026-09-05T00:09:05+00:00,211591710,SCHILLIG,9652454.0,55.0,44.0,10.0,1.7,53.513241666666666,8.148805,0.0,5,wilhelmshaven,,False,False,WILHELMSHAVEN,1,2026-09-05 00:10:55.930554915 +0000 UTC,2026-09-05 00:12:17.553092247 +0000 UTC
2026-09-05T00:09:05+00:00,219020687,DISPATCHER,,,,,,53.456630000000004,6.828755,0.0,5,eems,,False,False,,2,2026-09-05 00:10:56.566627927 +0000 UTC,2026-09-05 00:16:58.664012599 +0000 UTC
2026-09-05T00:09:05+00:00,538008879,ENERGY ENDEAVOUR,9854624.0,80.0,295.0,46.0,11.3,31.394188333333332,32.27399166666667,0.0,5,transit_port_said,,False,True,PORT SAID,1,2026-09-05 00:10:56.991875487 +0000 UTC,2026-09-05 00:14:24.298729823 +0000 UTC
2026-09-05T00:09:05+00:00,311027600,MARAN PEARY,,,,,,53.887431666666664,9.177258333333333,0.0,5,brunsbuettel,brunsbuettel,True,False,,1,2026-09-05 00:10:59.942630399 +0000 UTC,2026-09-05 00:10:59.942630399 +0000 UTC
2026-09-05T00:09:05+00:00,211135190,VB SATURNUS,7719052.0,52.0,28.0,8.0,4.9,53.651176666666665,9.510115,0.0,0,stade,stade,True,False,DECUX,6,2026-09-05 00:11:00.815486048 +0000 UTC,2026-09-05 00:16:50.676588945 +0000 UTC
2026-09-05T00:09:05+00:00,304588000,BARBARA-B,,,,,,53.451260000000005,6.828831666666667,0.0,5,eems,,False,False,,2,2026-09-05 00:11:00.864453847 +0000 UTC,2026-09-05 00:17:01.026981589 +0000 UTC
2026-09-05T00:09:05+00:00,218001440,JD EAGLE,0.0,49.0,19.0,8.0,1.8,53.516439999999996,8.141123333333333,0.0,5,wilhelmshaven,wilhelmshaven,True,False,DEWVN,2,2026-09-05 00:11:01.509216841 +0000 UTC,2026-09-05 00:13:59.674315791 +0000 UTC
2026-09-05T00:09:05+00:00,244660237,CHRISTIAAN P,,,,,,51.968939999999996,4.036601666666667,0.0,5,gate,,False,False,,2,2026-09-05 00:11:02.302058426 +0000 UTC,2026-09-05 00:14:04.004823057 +0000 UTC
2026-09-05T00:09:05+00:00,355390000,WESER HIGHWAY,,,,,,51.304875,3.233555,0.0,5,zeebrugge,,False,False,,3,2026-09-05 00:11:03.148790215 +0000 UTC,2026-09-05 00:17:03.094773125 +0000 UTC
2026-09-05T00:09:05+00:00,244850156,BARNEY,,,,,,53.513288333333335,8.145691666666666,0.0,5,wilhelmshaven,,False,False,,4,2026-09-05 00:11:03.52766202 +0000 UTC,2026-09-05 00:17:02.647634449 +0000 UTC
2026-09-05T00:09:05+00:00,257831000,BELHAWK,9748461.0,70.0,199.0,32.0,7.4,51.93492833333333,4.057923333333333,0.1,5,gate,,False,False,NL RTM,1,2026-09-05 00:11:05.600204758 +0000 UTC,2026-09-05 00:13:17.650143694 +0000 UTC
2026-09-05T00:09:05+00:00,244013482,PIEN,,,,,,53.44477166666666,6.824315,0.0,0,eems,,False,False,,6,2026-09-05 00:11:09.588986749 +0000 UTC,2026-09-05 00:16:31.160710881 +0000 UTC
2026-09-05T00:09:05+00:00,244620955,MANUELA,,,,,,51.94447666666667,4.046953333333334,0.0,5,gate,,False,False,,1,2026-09-05 00:11:09.754994416 +0000 UTC,2026-09-05 00:11:09.754994416 +0000 UTC
2026-09-05T00:09:05+00:00,353423000,GERAKAS,9399894.0,80.0,184.0,32.0,9.2,51.95297333333333,4.1419049999999995,0.0,5,gate,,False,True,NLRTM,2,2026-09-05 00:11:09.854287221 +0000 UTC,2026-09-05 00:14:14.180602712 +0000 UTC
2026-09-05T00:09:05+00:00,205574490,CENTURION,,,,,,51.938991666666666,4.034021666666667,0.0,5,gate,,False,False,,2,2026-09-05 00:11:10.421282804 +0000 UTC,2026-09-05 00:14:21.999592814 +0000 UTC
2026-09-05T00:09:05+00:00,244140042,UK46 WILLEKE,9830276.0,30.0,41.0,9.0,5.2,53.45693833333333,6.820818333333333,0.0,5,eems,,False,False,EEMSHAVEN,1,2026-09-05 00:11:11.466425521 +0000 UTC,2026-09-05 00:16:12.670919783 +0000 UTC
2026-09-05T00:09:05+00:00,631010099,INDUS 1,9360415.0,85.0,182.0,27.0,7.5,31.512626666666666,32.3874,0.0,1,transit_port_said,,False,True,PORT SAID,1,2026-09-05 00:11:11.68335265 +0000 UTC,2026-09-05 00:11:22.046217247 +0000 UTC
2026-09-05T00:09:05+00:00,244660004,PRONTO,0.0,79.0,110.0,12.0,1.0,51.943905,4.030625,0.0,0,gate,,False,False,WBROEK  RDAM VV,7,2026-09-05 00:11:12.017959518 +0000 UTC,2026-09-05 00:16:22.298394561 +0000 UTC
2026-09-05T00:09:05+00:00,636023558,UMM GHUWAILINA,9953250.0,80.0,299.0,46.0,10.7,29.762046666666667,-93.923705,0.0,0,depart_sabine_pass,,False,True,FRMTX,3,2026-09-05 00:11:12.330443294 +0000 UTC,2026-09-05 00:15:21.719824221 +0000 UTC
2026-09-05T00:09:05+00:00,228084000,VILLE DE BORDEAUX,,,,,,47.28847666666666,-2.1694633333333333,0.0,5,montoir,,False,False,,1,2026-09-05 00:11:13.368759006 +0000 UTC,2026-09-05 00:11:13.368759006 +0000 UTC
2026-09-05T00:09:05+00:00,207138000,PEACE,9553983.0,70.0,153.0,22.0,7.0,53.515145,8.139476666666667,0.1,5,wilhelmshaven,wilhelmshaven,True,False,DE WVN,2,2026-09-05 00:11:13.741334321 +0000 UTC,2026-09-05 00:16:45.172309825 +0000 UTC
2026-09-05T00:09:05+00:00,354415000,MSC FABIENNE,9279965.0,71.0,294.0,32.0,12.0,51.39960333333333,3.1249966666666666,16.4,0,zeebrugge,,False,False,TRCKZ-TRGEB,6,2026-09-05 00:11:14.004513279 +0000 UTC,2026-09-05 00:16:19.615085553 +0000 UTC
2026-09-05T00:09:05+00:00,245425000,VB EBRO,9476408.0,52.0,28.0,11.0,4.8,51.9727,4.075983333333333,0.0,0,gate,gate,True,False,HARBOUR TUG,3,2026-09-05 00:11:14.807029294 +0000 UTC,2026-09-05 00:16:14.280575466 +0000 UTC
2026-09-05T00:09:05+00:00,244740148,PORTHOS,0.0,79.0,85.0,10.0,1.0,51.944105,4.04349,0.0,5,gate,,False,False,PRINSES MARGRIETHAVE,1,2026-09-05 00:11:15.355336732 +0000 UTC,2026-09-05 00:11:46.048000206 +0000 UTC
2026-09-05T00:09:05+00:00,219032872,IMPROVER,,,,,,53.44473166666667,6.825774999999999,0.0,5,eems,,False,False,,1,2026-09-05 00:11:15.819997529 +0000 UTC,2026-09-05 00:11:15.819997529 +0000 UTC
2026-09-05T00:09:05+00:00,244650878,ELEONORA,0.0,79.0,110.0,12.0,3.0,51.941876666666666,4.032276666666666,0.0,5,gate,,False,False,BRUXELLES AVANTPORT,2,2026-09-05 00:11:16.019849371 +0000 UTC,2026-09-05 00:14:18.360727213 +0000 UTC
2026-09-05T00:09:05+00:00,211184930,STADE,0.0,99.0,15.0,5.0,1.1,53.62714166666667,9.524466666666665,0.0,0,stade,,False,False,ZWISCHEN ESTE UND O,6,2026-09-05 00:11:16.172757047 +0000 UTC,2026-09-05 00:16:26.566308305 +0000 UTC
2026-09-05T00:09:05+00:00,244492000,EEMS WORKER,8433253.0,52.0,24.0,6.0,2.4,53.445973333333335,6.819905,0.0,1,eems,,False,False,EEMSHAVEN,2,2026-09-05 00:11:16.363152059 +0000 UTC,2026-09-05 00:14:18.918970325 +0000 UTC
2026-09-05T00:09:05+00:00,211318180,VB BERNE,8500422.0,52.0,28.0,8.0,4.5,53.53924333333334,8.164665000000001,0.0,0,wilhelmshaven,,False,False,WILHELMSHAVEN,5,2026-09-05 00:11:17.5065091 +0000 UTC,2026-09-05 00:15:29.095070423 +0000 UTC
2026-09-05T00:09:05+00:00,305540000,LANGENESS,9944778.0,71.0,172.0,29.0,8.1,51.956005,3.995645,0.0,5,gate,,False,False,PTLEI,2,2026-09-05 00:11:18.552351171 +0000 UTC,2026-09-05 00:14:17.483661353 +0000 UTC
2026-09-05T00:09:05+00:00,255915802,BOLTEN PANORAMA,9495583.0,70.0,159.0,26.0,9.3,51.441829999999996,0.7423,0.0,5,grain,,False,False,GBSHS,2,2026-09-05 00:11:21.001232096 +0000 UTC,2026-09-05 00:14:45.062120059 +0000 UTC
2026-09-05T00:09:05+00:00,366826000,ARCTIC,9131371.0,80.0,182.0,32.0,6.9,27.822580000000002,-97.43620833333333,0.0,5,depart_corpus_christi,,False,True,CORPUS CHRISTI TX,2,2026-09-05 00:11:21.642115959 +0000 UTC,2026-09-05 00:14:16.660902596 +0000 UTC
2026-09-05T00:09:05+00:00,538004977,ENERGOS IGLOO,9633991.0,80.0,293.0,44.0,11.4,53.443893333333335,6.85426,0.0,5,eems,eems,True,True,EEMSHAVEN,1,2026-09-05 00:11:21.690103366 +0000 UTC,2026-09-05 00:12:02.97691726 +0000 UTC
2026-09-05T00:09:05+00:00,244670996,WATERBOOT 15,0.0,99.0,30.0,7.0,0.0,51.96178833333333,4.13929,0.0,5,gate,,False,False,,1,2026-09-05 00:11:26.53044922 +0000 UTC,2026-09-05 00:12:29.156831085 +0000 UTC
2026-09-05T00:09:05+00:00,563153700,HAFNIA EXPEDITE,9735593.0,80.0,219.0,38.0,8.8,29.573471666666666,-93.73197666666667,0.0,1,depart_sabine_pass,,False,True,USHOU > USBPT,1,2026-09-05 00:11:29.21272744 +0000 UTC,2026-09-05 00:14:29.432127349 +0000 UTC
2026-09-05T00:09:05+00:00,211509360,WINDROSE,,,,,,53.627449999999996,9.525153333333332,0.0,0,stade,,False,False,,3,2026-09-05 00:11:31.369592978 +0000 UTC,2026-09-05 00:14:22.569822178 +0000 UTC
2026-09-05T00:09:05+00:00,244660775,SCALDIS,0.0,20.0,18.0,6.0,0.0,51.96883166666667,4.036816666666667,0.0,5,gate,,False,False,NLAMS00220BRDG500003,2,2026-09-05 00:11:31.444467612 +0000 UTC,2026-09-05 00:15:04.413175387 +0000 UTC
2026-09-05T00:09:05+00:00,244850403,SNIP,0.0,79.0,64.0,7.0,0.0,51.95156166666666,4.120335,0.0,15,gate,,False,False,,7,2026-09-05 00:11:31.472388325 +0000 UTC,2026-09-05 00:16:41.582937602 +0000 UTC
2026-09-05T00:09:05+00:00,431230000,SUNNY VISTA,9607758.0,80.0,230.0,36.0,10.8,31.538014999999998,32.39445166666666,0.0,1,transit_port_said,,False,True,OPL PORT SAID,2,2026-09-05 00:11:32.429070961 +0000 UTC,2026-09-05 00:14:33.148234797 +0000 UTC
2026-09-05T00:09:05+00:00,205546000,VB  KOALA,,,,,,51.330441666666665,3.1969383333333337,0.0,5,zeebrugge,,False,False,,2,2026-09-05 00:11:35.582811337 +0000 UTC,2026-09-05 00:14:45.017192143 +0000 UTC
2026-09-05T00:09:05+00:00,636021771,MSC SOFIA,,,,,,49.46074,0.142175,0.0,5,lehavre,,False,False,,2,2026-09-05 00:11:35.673110501 +0000 UTC,2026-09-05 00:14:35.717015922 +0000 UTC
2026-09-05T00:09:05+00:00,219012076,MIRA A,9099171.0,31.0,54.0,12.0,2.8,53.44954833333334,6.82112,0.0,5,eems,,False,False,NLDZL,1,2026-09-05 00:11:35.97137999 +0000 UTC,2026-09-05 00:16:27.566862899 +0000 UTC
2026-09-05T00:09:05+00:00,205597000,MEUSE RIVER,9866988.0,33.0,116.0,26.0,8.7,53.88113166666667,9.20926,9.7,3,brunsbuettel,,False,False,ELBE DREDGING,4,2026-09-05 00:11:36.501494014 +0000 UTC,2026-09-05 00:16:46.101009173 +0000 UTC
2026-09-05T00:09:05+00:00,305055000,PAVO J,,,,,,51.95012333333333,4.0681199999999995,0.0,5,gate,,False,False,,2,2026-09-05 00:11:37.568848606 +0000 UTC,2026-09-05 00:13:37.290652618 +0000 UTC
2026-09-05T00:09:05+00:00,211200300,MELLUM,,,,,,53.51507166666667,8.143933333333333,0.0,5,wilhelmshaven,wilhelmshaven,True,False,,2,2026-09-05 00:11:37.81115446 +0000 UTC,2026-09-05 00:14:37.5201189 +0000 UTC
2026-09-05T00:09:05+00:00,255805557,ALANA,9297589.0,70.0,149.0,22.0,6.2,51.34546,3.183635,0.0,5,zeebrugge,zeebrugge,True,False,BEZEE,2,2026-09-05 00:11:38.230349898 +0000 UTC,2026-09-05 00:14:38.28720112 +0000 UTC
2026-09-05T00:09:05+00:00,244620640,VECTOR,0.0,79.0,135.0,12.0,2.5,51.94076666666667,4.0331616666666665,0.0,5,gate,,False,False,FRANKFURT OSTHAFEN,1,2026-09-05 00:11:38.644097455 +0000 UTC,2026-09-05 00:12:04.639380184 +0000 UTC
2026-09-05T00:09:05+00:00,244730580,AVENSIS,0.0,79.0,105.0,10.0,0.0,51.957784999999994,4.124348333333334,0.0,5,gate,,False,False,ALPHATRON IV,1,2026-09-05 00:11:39.986353871 +0000 UTC,2026-09-05 00:16:33.112617339 +0000 UTC
2026-09-05T00:09:05+00:00,226344000,SKUTEVIKEN,,,,,,49.472366666666666,0.11744166666666667,0.0,5,lehavre,,False,False,,1,2026-09-05 00:11:40.022145535 +0000 UTC,2026-09-05 00:11:40.022145535 +0000 UTC
2026-09-05T00:09:05+00:00,245122000,SAND FULMAR,,,,,,51.322493333333334,3.20221,0.0,5,zeebrugge,,False,False,,1,2026-09-05 00:11:41.819215988 +0000 UTC,2026-09-05 00:11:41.819215988 +0000 UTC
2026-09-05T00:09:05+00:00,613407501,STORM PEARL,9263203.0,80.0,181.0,27.0,7.5,31.543619999999997,32.321508333333334,0.1,1,transit_port_said,,False,True,PORT SAID OPL,1,2026-09-05 00:11:43.492192224 +0000 UTC,2026-09-05 00:15:10.296041499 +0000 UTC
2026-09-05T00:09:05+00:00,538009152,CELSIUS CHARLOTTE,9878711.0,80.0,299.0,46.0,9.8,27.880695,-97.27098833333334,0.0,5,depart_corpus_christi,,False,True,OPEN SEA FOR ORDER,2,2026-09-05 00:11:43.65432217 +0000 UTC,2026-09-05 00:16:28.75373828 +0000 UTC
2026-09-05T00:09:05+00:00,228072800,VB TYPHON,9774941.0,52.0,30.0,10.0,5.3,47.27289833333334,-2.200886666666667,0.0,0,montoir,,False,False,ST NAZAIRE,3,2026-09-05 00:11:43.717937418 +0000 UTC,2026-09-05 00:16:49.014919757 +0000 UTC
2026-09-05T00:09:05+00:00,244030549,AZOLLA,,,,,,51.941691666666664,4.03264,0.0,5,gate,,False,False,,2,2026-09-05 00:11:43.787146071 +0000 UTC,2026-09-05 00:14:41.018930106 +0000 UTC
2026-09-05T00:09:05+00:00,244670522,DESEJO,0.0,79.0,86.0,9.0,0.0,51.957676666666664,4.124428333333333,0.0,5,gate,,False,False,,2,2026-09-05 00:11:43.998054525 +0000 UTC,2026-09-05 00:16:13.792017531 +0000 UTC
2026-09-05T00:09:05+00:00,211906000,GERMAN WARSHIP F221,0.0,94.0,138.0,17.0,0.0,53.530345000000004,8.154926666666666,0.0,5,wilhelmshaven,wilhelmshaven,True,False,NOT DEFINED,3,2026-09-05 00:11:44.043623668 +0000 UTC,2026-09-05 00:14:44.648093875 +0000 UTC
2026-09-05T00:09:05+00:00,244710718,WATERPEIL,,,,,,53.444518333333335,6.825998333333334,0.0,5,eems,,False,False,,1,2026-09-05 00:11:44.537698974 +0000 UTC,2026-09-05 00:11:44.537698974 +0000 UTC
2026-09-05T00:09:05+00:00,226002790,BIARRITZ,,,,,,49.48444833333333,0.15265333333333334,0.0,5,lehavre,,False,False,,1,2026-09-05 00:11:44.72975 +0000 UTC,2026-09-05 00:11:44.72975 +0000 UTC
2026-09-05T00:09:05+00:00,636014059,KASSIAKOS,9386471.0,74.0,259.0,32.0,11.9,49.47418833333334,0.15594666666666665,0.0,5,lehavre,,False,False,LE HAVRE,2,2026-09-05 00:11:44.900419012 +0000 UTC,2026-09-05 00:14:44.902254574 +0000 UTC
2026-09-05T00:09:05+00:00,246777000,MPI RESOLUTION,9260134.0,90.0,130.0,38.0,4.2,51.340105,3.1952516666666666,0.0,5,zeebrugge,,False,False,ZEEBRUGGE - BE,1,2026-09-05 00:11:45.205036006 +0000 UTC,2026-09-05 00:11:47.874635179 +0000 UTC
2026-09-05T00:09:05+00:00,538005788,HAFNIA AZOTIC,9719757.0,80.0,184.0,27.0,11.7,35.922868333333334,-5.346425,0.1,1,transit_gibraltar,,False,True,CEUTA,2,2026-09-05 00:11:45.757954531 +0000 UTC,2026-09-05 00:14:48.33137832 +0000 UTC
2026-09-05T00:09:05+00:00,244650312,AMAZONE,0.0,90.0,135.0,15.0,2.0,51.967216666666666,4.041586666666666,0.0,5,gate,,False,False,EEMHAVEN,2,2026-09-05 00:11:46.493026596 +0000 UTC,2026-09-05 00:15:01.96859624 +0000 UTC
2026-09-05T00:09:05+00:00,636025657,MSC SENEGAL,9974527.0,71.0,260.0,46.0,11.9,51.959725000000006,4.064856666666667,0.0,5,gate,,False,False,NLRTM,2,2026-09-05 00:11:47.247917565 +0000 UTC,2026-09-05 00:14:46.260671428 +0000 UTC
2026-09-05T00:09:05+00:00,246134000,KLAVERBANK,9518244.0,79.0,100.0,15.0,4.2,51.961778333333335,4.051421666666666,0.0,5,gate,,False,False,ROTTERDAM,1,2026-09-05 00:11:47.674196983 +0000 UTC,2026-09-05 00:13:32.366020913 +0000 UTC
2026-09-05T00:09:05+00:00,636016582,LAVINIA OLDENDORFF,,,,,,51.93747666666666,4.053445,0.0,5,gate,,False,False,,2,2026-09-05 00:11:47.829442508 +0000 UTC,2026-09-05 00:14:48.058436732 +0000 UTC
2026-09-05T00:09:05+00:00,232065120,AMANDINE,9424871.0,71.0,196.0,26.0,5.9,51.352385,3.1911383333333334,0.0,5,zeebrugge,zeebrugge,True,False,DKEBJ,4,2026-09-05 00:11:48.207036186 +0000 UTC,2026-09-05 00:14:48.049579382 +0000 UTC
2026-09-05T00:09:05+00:00,256232000,CLEAN RESOLUTION,9943475.0,84.0,300.0,49.0,8.9,27.880196666666667,-97.266715,0.0,5,depart_corpus_christi,,False,True,OPEN SEA FOR ORDERS,2,2026-09-05 00:11:48.261959316 +0000 UTC,2026-09-05 00:15:47.451344127 +0000 UTC
2026-09-05T00:09:05+00:00,245431000,BALOE,,,,,,53.88831166666667,9.197503333333334,0.0,3,brunsbuettel,,False,False,,4,2026-09-05 00:11:48.50162423 +0000 UTC,2026-09-05 00:15:48.662935368 +0000 UTC
2026-09-05T00:09:05+00:00,211224270,PILOT PAGENSAND,,,,,,53.627629999999996,9.525276666666667,0.0,0,stade,,False,False,,4,2026-09-05 00:11:50.14263852 +0000 UTC,2026-09-05 00:16:31.50277553 +0000 UTC
2026-09-05T00:09:05+00:00,245079000,DEEP MARKER,,,,,,53.444305,6.827121666666667,0.0,5,eems,,False,False,,1,2026-09-05 00:11:50.335689764 +0000 UTC,2026-09-05 00:11:50.335689764 +0000 UTC
2026-09-05T00:09:05+00:00,538005385,HTM TITAN,9688831.0,80.0,256.0,43.0,10.0,31.589513333333333,32.20780166666667,0.0,1,transit_port_said,,False,True,EG PSD,2,2026-09-05 00:11:51.192278736 +0000 UTC,2026-09-05 00:14:44.696886933 +0000 UTC
2026-09-05T00:09:05+00:00,259888000,STAVFJORD,,,,,,49.47065333333333,0.12488,0.0,5,lehavre,,False,False,,1,2026-09-05 00:11:52.952708784 +0000 UTC,2026-09-05 00:11:52.952708784 +0000 UTC
2026-09-05T00:09:05+00:00,636026604,ONE TRUTH,9773210.0,70.0,400.0,58.0,12.1,49.457748333333335,0.16470833333333335,0.0,5,lehavre,,False,False,FRLEH>>CNYSA,2,2026-09-05 00:11:54.074675524 +0000 UTC,2026-09-05 00:14:54.071985661 +0000 UTC
2026-09-05T00:09:05+00:00,244870431,UTOPIA,0.0,99.0,23.0,6.0,1.0,51.952905,4.1254116666666665,0.1,5,gate,,False,False,ROTTERDAM HAVENWERK,1,2026-09-05 00:11:54.346848588 +0000 UTC,2026-09-05 00:15:52.65980233 +0000 UTC
2026-09-05T00:09:05+00:00,227681520,ANATIFE,,,,,,47.305553333333336,-2.0814833333333334,0.0,0,montoir,,False,False,,1,2026-09-05 00:11:55.228089801 +0000 UTC,2026-09-05 00:11:55.228089801 +0000 UTC
2026-09-05T00:09:05+00:00,613404821,INA,9308443.0,80.0,245.0,42.0,8.5,31.569000000000003,32.242626666666666,0.0,1,transit_port_said,,False,True,OPL PORTSAID FOR ORD,1,2026-09-05 00:11:55.522346183 +0000 UTC,2026-09-05 00:15:04.189705029 +0000 UTC
2026-09-05T00:09:05+00:00,210701000,MEREL-G,9782285.0,90.0,26.0,10.0,2.4,53.444853333333334,6.825925,0.0,5,eems,,False,False,EEMSHAVEN,2,2026-09-05 00:11:56.407712323 +0000 UTC,2026-09-05 00:14:56.397195133 +0000 UTC
2026-09-05T00:09:05+00:00,354368000,NAVIOS AZIMUTH,9589839.0,79.0,292.0,45.0,18.2,51.96441166666667,4.11745,0.0,5,gate,,False,False,NLROT,1,2026-09-05 00:11:58.903267843 +0000 UTC,2026-09-05 00:14:15.436699259 +0000 UTC
2026-09-05T00:09:05+00:00,376118000,VB FOXTROT,1061829.0,52.0,25.0,13.0,0.0,51.936029999999995,4.06287,0.0,5,gate,,False,False,NL RTM,2,2026-09-05 00:11:59.304584993 +0000 UTC,2026-09-05 00:15:00.658511433 +0000 UTC
2026-09-05T00:09:05+00:00,211475980,HERKULES II,,,,,,51.92953166666667,4.039835,0.0,5,gate,,False,False,,2,2026-09-05 00:11:59.807597985 +0000 UTC,2026-09-05 00:14:59.950428607 +0000 UTC
2026-09-05T00:09:05+00:00,205567490,POROS,,,,,,51.956541666666666,4.004128333333333,0.0,5,gate,,False,False,,2,2026-09-05 00:12:01.607190608 +0000 UTC,2026-09-05 00:15:00.873198144 +0000 UTC
2026-09-05T00:09:05+00:00,210283000,WEC DE HOOGH,,,,,,47.29327833333333,-2.160235,0.0,5,montoir,,False,False,,1,2026-09-05 00:12:02.694129863 +0000 UTC,2026-09-05 00:12:02.694129863 +0000 UTC
2026-09-05T00:09:05+00:00,244890853,FELIX,,,,,,53.88563,9.16977,0.8,0,brunsbuettel,brunsbuettel,False,False,,2,2026-09-05 00:12:04.849298285 +0000 UTC,2026-09-05 00:15:14.595488414 +0000 UTC
2026-09-05T00:09:05+00:00,244660962,USHUAIA,0.0,79.0,116.0,23.0,4.0,51.94416666666667,4.044833333333333,0.0,5,gate,,False,False,WAALHAVENANTWERPEN V,1,2026-09-05 00:12:07.368792909 +0000 UTC,2026-09-05 00:15:42.012057298 +0000 UTC
2026-09-05T00:09:05+00:00,228365900,VB CONCORDE,,,,,,47.26793833333333,-2.201415,0.0,5,montoir,,False,False,,1,2026-09-05 00:12:09.340806827 +0000 UTC,2026-09-05 00:12:09.340806827 +0000 UTC
2026-09-05T00:09:05+00:00,636022629,MISTRAL,9623817.0,70.0,225.0,32.0,14.0,51.95744333333334,4.128458333333334,0.0,5,gate,,False,False,NL RTM,2,2026-09-05 00:12:09.781156845 +0000 UTC,2026-09-05 00:15:17.661178058 +0000 UTC
2026-09-05T00:09:05+00:00,211214970,MUENSTERLAND,,,,,,53.45586,6.833545,0.0,5,eems,,False,False,,2,2026-09-05 00:12:10.040509916 +0000 UTC,2026-09-05 00:15:07.479214771 +0000 UTC
2026-09-05T00:09:05+00:00,255955000,FAIRPLAY-67,,,,,,53.89100333333333,9.14515,0.0,0,brunsbuettel,,False,False,,4,2026-09-05 00:12:10.288764199 +0000 UTC,2026-09-05 00:16:20.449012455 +0000 UTC
2026-09-05T00:09:05+00:00,244730042,CLEAN SEAS 2,,,,,,51.958664999999996,4.0339366666666665,0.0,5,gate,,False,False,,2,2026-09-05 00:12:10.610215252 +0000 UTC,2026-09-05 00:15:19.957147305 +0000 UTC
2026-09-05T00:09:05+00:00,245931000,VB BRENT,9507051.0,52.0,32.0,13.0,6.0,51.96085,4.1413166666666665,0.0,5,gate,,False,False,NL RTM,1,2026-09-05 00:12:12.180506156 +0000 UTC,2026-09-05 00:12:23.763305583 +0000 UTC
2026-09-05T00:09:05+00:00,244750633,VEERHAVEN III,0.0,99.0,40.0,15.0,0.2,51.95269666666666,4.1198999999999995,0.0,5,gate,,False,False,DINTELHAVEN,1,2026-09-05 00:12:18.306455831 +0000 UTC,2026-09-05 00:14:17.405926836 +0000 UTC
2026-09-05T00:09:05+00:00,244191102,FAYE,,,,,,51.968195,4.037425,0.0,5,gate,,False,False,,2,2026-09-05 00:12:18.670315116 +0000 UTC,2026-09-05 00:15:19.235568543 +0000 UTC
2026-09-05T00:09:05+00:00,244830301,VEJA,0.0,79.0,110.0,12.0,1.7,51.95967333333333,3.9954899999999998,0.0,5,gate,,False,False,PRINSES MARGRIETHAVE,2,2026-09-05 00:12:26.019612117 +0000 UTC,2026-09-05 00:15:28.688318771 +0000 UTC
2026-09-05T00:09:05+00:00,211515020,ADRIAN,0.0,90.0,110.0,12.0,2.0,51.944361666666666,4.091933333333333,0.0,5,gate,,False,False,EUROPOORT,2,2026-09-05 00:12:27.768436253 +0000 UTC,2026-09-05 00:15:25.691168025 +0000 UTC
2026-09-05T00:09:05+00:00,244660297,MICHIGAN,,,,,,51.958380000000005,4.013766666666666,0.0,5,gate,,False,False,,1,2026-09-05 00:12:30.261151193 +0000 UTC,2026-09-05 00:12:30.261151193 +0000 UTC
2026-09-05T00:09:05+00:00,305373000,KLARA,9507130.0,79.0,107.0,15.0,5.7,53.91728833333333,9.187928333333334,4.1,0,brunsbuettel,,False,False,GBERI,2,2026-09-05 00:12:31.648753051 +0000 UTC,2026-09-05 00:14:31.435422787 +0000 UTC
2026-09-05T00:09:05+00:00,211212410,GRIEP,0.0,0.0,53.0,24.0,2.4,53.521499999999996,8.133928333333333,0.0,5,wilhelmshaven,,False,False,W'HAVEN PORT,1,2026-09-05 00:12:31.773907085 +0000 UTC,2026-09-05 00:15:08.487487708 +0000 UTC
2026-09-05T00:09:05+00:00,210408000,SCARLATTI,9866976.0,82.0,100.0,14.0,5.1,49.474025,0.11364833333333334,0.0,5,lehavre,,False,False,LE HAVRE,1,2026-09-05 00:12:32.157614665 +0000 UTC,2026-09-05 00:14:55.541779539 +0000 UTC
2026-09-05T00:09:05+00:00,205551390,PURITY,0.0,80.0,135.0,19.0,2.8,51.957056666666666,4.1481916666666665,0.0,5,gate,,False,False,ROTTERDAM MISSISSIP,1,2026-09-05 00:12:34.362507457 +0000 UTC,2026-09-05 00:15:36.912094063 +0000 UTC
2026-09-05T00:09:05+00:00,244700122,IJSVOGEL,0.0,79.0,80.0,9.0,0.0,51.95796666666667,4.124516666666667,0.0,5,gate,,False,False,,1,2026-09-05 00:12:34.989547469 +0000 UTC,2026-09-05 00:15:14.121027282 +0000 UTC
2026-09-05T00:09:05+00:00,255806329,CHARLOTTE ESSBERGER,9294680.0,83.0,100.0,17.0,7.0,49.472923333333334,0.16152666666666665,7.1,0,lehavre,,False,False,GBLIV,4,2026-09-05 00:12:37.301371833 +0000 UTC,2026-09-05 00:16:37.923578386 +0000 UTC
2026-09-05T00:09:05+00:00,211290730,WULF 5,,,,,,53.878566666666664,9.211795,1.0,0,brunsbuettel,,False,False,,2,2026-09-05 00:12:37.862983379 +0000 UTC,2026-09-05 00:14:10.572773273 +0000 UTC
2026-09-05T00:09:05+00:00,205099000,PIETER COECKE,,,,,,51.322111666666665,3.201585,0.0,5,zeebrugge,,False,False,,2,2026-09-05 00:12:38.195048639 +0000 UTC,2026-09-05 00:15:36.277434585 +0000 UTC
2026-09-05T00:09:05+00:00,273124310,VYCHEGDA,9352195.0,80.0,183.0,28.0,8.0,31.54493666666667,32.30449166666667,0.0,1,transit_port_said,,False,True,FOR ORDERS,1,2026-09-05 00:12:38.275607016 +0000 UTC,2026-09-05 00:16:57.038590602 +0000 UTC
2026-09-05T00:09:05+00:00,255802790,ILSE D,9514755.0,79.0,152.0,24.0,7.3,51.95771166666667,4.040813333333333,0.0,5,gate,,False,False,DOLPHIN3,2,2026-09-05 00:12:39.286437644 +0000 UTC,2026-09-05 00:17:02.977341618 +0000 UTC
2026-09-05T00:09:05+00:00,357988000,SEROJA LIMA,9567661.0,73.0,316.0,46.0,9.3,51.958769999999994,4.051318333333334,0.0,5,gate,,False,False,DEBRV,2,2026-09-05 00:12:39.406143718 +0000 UTC,2026-09-05 00:15:36.477175646 +0000 UTC
2026-09-05T00:09:05+00:00,228475700,ECOMAR GASCOGNE,1029261.0,80.0,183.0,32.0,8.0,29.59091833333333,-93.73185833333334,0.0,1,depart_sabine_pass,,False,True,USPOA>USPOA,1,2026-09-05 00:12:41.140064959 +0000 UTC,2026-09-05 00:14:08.943628265 +0000 UTC
2026-09-05T00:09:05+00:00,244384750,PRADA,0.0,79.0,135.0,12.0,1.5,51.95001333333333,4.119338333333333,9.1,0,gate,,False,False,ROTTERDAM DINTELHAVE,4,2026-09-05 00:12:42.954887776 +0000 UTC,2026-09-05 00:14:52.928082214 +0000 UTC
2026-09-05T00:09:05+00:00,232052057,SVITZER ESTELLE,,,,,,51.44591333333334,0.74274,0.0,5,grain,,False,False,,1,2026-09-05 00:12:45.069299283 +0000 UTC,2026-09-05 00:12:45.069299283 +0000 UTC
2026-09-05T00:09:05+00:00,244830541,BERYL,0.0,0.0,86.0,15.0,0.1,51.956851666666665,4.148280000000001,0.1,5,gate,,False,False,OOSTELIJKE HAVEN VAN,2,2026-09-05 00:12:51.161801111 +0000 UTC,2026-09-05 00:16:48.235325812 +0000 UTC
2026-09-05T00:09:05+00:00,244780902,ARTEON,,,,,,51.932615000000006,4.047171666666666,0.0,5,gate,,False,False,,1,2026-09-05 00:12:51.498150711 +0000 UTC,2026-09-05 00:12:51.498150711 +0000 UTC
2026-09-05T00:09:05+00:00,352143000,AGRI OCEAN,9770684.0,70.0,229.0,32.0,13.9,53.44235166666667,6.8492516666666665,0.0,5,eems,eems,True,False,NL EEM,1,2026-09-05 00:12:53.793263162 +0000 UTC,2026-09-05 00:17:03.822019247 +0000 UTC
2026-09-05T00:09:05+00:00,211518200,TERRA,0.0,89.0,86.0,10.0,2.5,51.95966,4.142875,0.0,5,gate,,False,False,ROTTERDAM CALANDKANA,1,2026-09-05 00:12:55.714668158 +0000 UTC,2026-09-05 00:15:15.202696832 +0000 UTC
2026-09-05T00:09:05+00:00,205166000,VAN EYCK Z53,,,,,,51.32339833333333,3.20136,0.0,5,zeebrugge,,False,False,,1,2026-09-05 00:12:56.615240178 +0000 UTC,2026-09-05 00:12:56.615240178 +0000 UTC
2026-09-05T00:09:05+00:00,211279690,ELBCLEARING 3,,,,,,53.65314166666667,9.511045,0.0,0,stade,stade,True,False,,5,2026-09-05 00:12:59.236895249 +0000 UTC,2026-09-05 00:16:10.452178197 +0000 UTC
2026-09-05T00:09:05+00:00,245147000,,9367762.0,70.0,118.0,12.0,3.3,51.95200333333333,4.128048333333333,0.0,5,gate,,False,False,ROTTERDAM,1,2026-09-05 00:13:00.389452014 +0000 UTC,2026-09-05 00:14:35.545481956 +0000 UTC
2026-09-05T00:09:05+00:00,228442700,ABEILLE HORIZON,9178410.0,32.0,73.0,17.0,6.0,49.48141833333333,0.13349833333333333,0.0,5,lehavre,,False,False,FRLEH,1,2026-09-05 00:13:04.76982441 +0000 UTC,2026-09-05 00:14:35.218822666 +0000 UTC
2026-09-05T00:09:05+00:00,255805821,HAUKE OLDENDORFF,9871115.0,70.0,300.0,50.0,16.6,51.965538333333335,4.112941666666667,0.0,5,gate,,False,False,NLRTM,1,2026-09-05 00:13:09.96956406 +0000 UTC,2026-09-05 00:13:34.25962953 +0000 UTC
2026-09-05T00:09:05+00:00,253726000,LES ALIZES,9911032.0,90.0,236.0,52.0,9.8,51.96906333333333,4.002351666666667,0.0,5,gate,,False,False,ORANJEWIND OWF,1,2026-09-05 00:13:10.633611902 +0000 UTC,2026-09-05 00:15:30.585663273 +0000 UTC
2026-09-05T00:09:05+00:00,244624000,KNRM-J&T VISSER,,,,,,53.44671,6.819793333333333,0.1,5,eems,,False,False,,2,2026-09-05 00:13:10.808918157 +0000 UTC,2026-09-05 00:16:11.776353274 +0000 UTC
2026-09-05T00:09:05+00:00,246951000,ZEEZWALUW,,,,,,51.97760666666667,4.124021666666667,0.0,0,gate,,False,False,,3,2026-09-05 00:13:12.998346606 +0000 UTC,2026-09-05 00:15:22.480061946 +0000 UTC
2026-09-05T00:09:05+00:00,538004413,PHOENIX,9609160.0,70.0,229.0,32.0,13.1,53.65463833333333,9.511306666666666,0.0,5,stade,stade,True,False,STADE,2,2026-09-05 00:13:13.48820904 +0000 UTC,2026-09-05 00:16:13.491474966 +0000 UTC
2026-09-05T00:09:05+00:00,244927482,NEW JERSEY,0.0,79.0,135.0,15.0,0.2,51.92988166666667,4.042316666666666,0.0,5,gate,,False,False,GERMERSHEIM,1,2026-09-05 00:13:14.244366866 +0000 UTC,2026-09-05 00:15:17.06893467 +0000 UTC
2026-09-05T00:09:05+00:00,211477070,ASP BILGENENTOELER 1,0.0,80.0,47.0,6.0,2.0,53.524095,8.14486,0.0,5,wilhelmshaven,wilhelmshaven,True,False,WILHELMSHAVEN,1,2026-09-05 00:13:15.594468458 +0000 UTC,2026-09-05 00:16:02.781820858 +0000 UTC
2026-09-05T00:09:05+00:00,244690451,VEERHAVEN XI,0.0,79.0,117.0,23.0,2.0,51.95257,4.12006,0.0,5,gate,,False,False,DINTELHAVEN,1,2026-09-05 00:13:19.052393241 +0000 UTC,2026-09-05 00:14:25.926489472 +0000 UTC
2026-09-05T00:09:05+00:00,244314861,HESTIA,0.0,79.0,110.0,12.0,2.0,51.930148333333335,4.0441400000000005,0.0,5,gate,,False,False,HENGELO ROTTERDAM HE,2,2026-09-05 00:13:21.697944225 +0000 UTC,2026-09-05 00:16:23.892155465 +0000 UTC
2026-09-05T00:09:05+00:00,248729000,CMA CGM ABU DHABI,,,,,,49.470335,0.16327,0.0,5,lehavre,,False,False,,2,2026-09-05 00:13:26.287364596 +0000 UTC,2026-09-05 00:16:28.258913585 +0000 UTC
2026-09-05T00:09:05+00:00,636022447,MSC TAYLOR,,,,,,51.947815,4.051663333333333,0.0,5,gate,,False,False,,2,2026-09-05 00:13:30.793266704 +0000 UTC,2026-09-05 00:16:30.794806545 +0000 UTC
2026-09-05T00:09:05+00:00,244660967,HYDROVAC 10,,,,,,53.444455,6.826675,0.0,5,eems,,False,False,,1,2026-09-05 00:13:31.585040348 +0000 UTC,2026-09-05 00:13:31.585040348 +0000 UTC
2026-09-05T00:09:05+00:00,244821242,SALAMANCA,0.0,79.0,135.0,15.0,2.6,51.956300000000006,4.075266666666667,0.0,5,gate,,False,False,ROTTERDAM,2,2026-09-05 00:13:32.206042051 +0000 UTC,2026-09-05 00:16:32.256823314 +0000 UTC
2026-09-05T00:09:05+00:00,232054596,MJM ENTERPRISE,,,,,,53.444628333333334,6.826863333333334,0.0,5,eems,,False,False,,2,2026-09-05 00:13:33.890432192 +0000 UTC,2026-09-05 00:16:36.817412792 +0000 UTC
2026-09-05T00:09:05+00:00,244660532,SQUARE,0.0,79.0,104.0,35.0,4.0,51.967110000000005,4.04293,0.0,5,gate,,False,False,PRINSES MARGRIETHAV,1,2026-09-05 00:13:40.192845213 +0000 UTC,2026-09-05 00:14:37.623587654 +0000 UTC
2026-09-05T00:09:05+00:00,244660249,MAGRI,0.0,33.0,48.0,9.0,2.0,51.96899166666667,4.036378333333333,0.0,5,gate,,False,False,MAASVLAKTE,1,2026-09-05 00:13:42.203366319 +0000 UTC,2026-09-05 00:15:44.893852888 +0000 UTC
2026-09-05T00:09:05+00:00,244690001,WATERBOOT 5,,,,,,51.96174166666666,4.13931,0.0,5,gate,,False,False,,1,2026-09-05 00:13:42.265813285 +0000 UTC,2026-09-05 00:13:42.265813285 +0000 UTC
2026-09-05T00:09:05+00:00,232059968,MCS SWATH 3,1040459.0,40.0,29.0,11.0,2.5,53.444525,6.826885,0.0,5,eems,,False,False,EEMSHAVEN,1,2026-09-05 00:13:44.482254634 +0000 UTC,2026-09-05 00:15:48.334394045 +0000 UTC
2026-09-05T00:09:05+00:00,636018761,PACIFIC AZUR,9788540.0,89.0,182.0,32.0,8.8,29.55968,-93.69713,0.0,1,depart_sabine_pass,,False,True,USBPT,2,2026-09-05 00:13:48.116075748 +0000 UTC,2026-09-05 00:16:51.516154632 +0000 UTC
2026-09-05T00:09:05+00:00,236112832,NJORD MAGELLAN,,,,,,53.444388333333336,6.828206666666667,0.0,5,eems,,False,False,,2,2026-09-05 00:13:56.273247333 +0000 UTC,2026-09-05 00:16:59.434700071 +0000 UTC
2026-09-05T00:09:05+00:00,305399000,CEMISLE,,,,,,51.44133333333333,0.7420000000000001,0.0,5,grain,,False,False,,1,2026-09-05 00:14:05.82045625 +0000 UTC,2026-09-05 00:14:05.82045625 +0000 UTC
2026-09-05T00:09:05+00:00,244620903,SPLENDID,2331217.0,79.0,135.0,12.0,0.0,51.93753666666667,4.038236666666666,0.0,5,gate,,False,False,ROTTERDAM,1,2026-09-05 00:14:06.486340853 +0000 UTC,2026-09-05 00:16:51.712811677 +0000 UTC
2026-09-05T00:09:05+00:00,205436000,GOLDEN FROZEN,9955583.0,70.0,227.0,36.0,9.0,51.938538333333334,4.058086666666666,0.0,5,gate,,False,False,CA MNI,1,2026-09-05 00:14:06.746210982 +0000 UTC,2026-09-05 00:14:52.248267626 +0000 UTC
2026-09-05T00:09:05+00:00,244620940,VOGUE,,,,,,51.955126666666665,4.076046666666667,0.0,5,gate,,False,False,,2,2026-09-05 00:14:07.608105576 +0000 UTC,2026-09-05 00:16:57.528367202 +0000 UTC
2026-09-05T00:09:05+00:00,246657000,DRACO (PILOT VESSEL),0.0,50.0,23.0,6.0,1.3,51.97616166666667,4.125015,0.1,5,gate,,False,False,HOEK VAN HOLLAND,1,2026-09-05 00:14:09.205260746 +0000 UTC,2026-09-05 00:14:14.07226446 +0000 UTC
2026-09-05T00:09:05+00:00,205300990,CETUS,,,,,,51.956285,4.075383333333333,0.0,5,gate,,False,False,,1,2026-09-05 00:14:21.775133124 +0000 UTC,2026-09-05 00:14:21.775133124 +0000 UTC
2026-09-05T00:09:05+00:00,219025574,FORTUNA KINGFISHER,4549133.0,90.0,39.0,9.0,3.9,53.48620666666667,6.805351666666667,0.4,1,eems,,False,False,DUKEGAT-REEDE,1,2026-09-05 00:14:22.676771505 +0000 UTC,2026-09-05 00:15:27.849023891 +0000 UTC
2026-09-05T00:09:05+00:00,244130717,MARINUS G,9566318.0,33.0,85.0,16.0,6.0,53.893548333333335,9.151125,0.0,5,brunsbuettel,,False,False,DREDGING BINNENHAFEN,1,2026-09-05 00:14:25.381147364 +0000 UTC,2026-09-05 00:14:34.20036834 +0000 UTC
2026-09-05T00:09:05+00:00,255805753,CHRISTIAN ESSBERGER,,,,,,53.65004333333333,9.510575,0.0,5,stade,stade,True,False,,1,2026-09-05 00:14:34.039942658 +0000 UTC,2026-09-05 00:14:34.039942658 +0000 UTC
2026-09-05T00:09:05+00:00,255806510,SEA LINE,,,,,,47.30283333333333,-2.1278333333333332,0.0,5,montoir,montoir,True,False,,1,2026-09-05 00:14:34.76430408 +0000 UTC,2026-09-05 00:14:34.76430408 +0000 UTC
2026-09-05T00:09:05+00:00,244620945,VEERHAVEN VIII,,,,,,51.951771666666666,4.120275,0.0,5,gate,,False,False,,1,2026-09-05 00:14:39.704149 +0000 UTC,2026-09-05 00:14:39.704149 +0000 UTC
2026-09-05T00:09:05+00:00,244810809,THUNDERBIRD 1,0.0,20.0,60.0,7.0,0.0,51.960025,4.124618333333333,0.1,5,gate,,False,False,CAPELLE,1,2026-09-05 00:14:40.549057842 +0000 UTC,2026-09-05 00:15:43.080888201 +0000 UTC
2026-09-05T00:09:05+00:00,244710352,VALBURG,0.0,80.0,85.0,10.0,0.0,51.957840000000004,4.124615,0.0,5,gate,,False,False,BOTLEK,1,2026-09-05 00:14:46.874051655 +0000 UTC,2026-09-05 00:15:00.461704717 +0000 UTC
2026-09-05T00:09:05+00:00,244650495,JACOBUS,0.0,79.0,136.0,16.0,0.0,51.958435,3.9958283333333333,0.0,5,gate,,False,False,RDAM <-> KOBLENZ,1,2026-09-05 00:14:47.129761656 +0000 UTC,2026-09-05 00:16:50.350623624 +0000 UTC
2026-09-05T00:09:05+00:00,211617060,VOSSBROOK,,,,,,53.89763666666667,9.148503333333334,0.0,5,brunsbuettel,,False,False,,1,2026-09-05 00:14:53.7042614 +0000 UTC,2026-09-05 00:14:53.7042614 +0000 UTC
2026-09-05T00:09:05+00:00,563297100,ONE RESOLUTION,9952763.0,71.0,272.0,43.0,12.2,51.95803166666667,4.0444716666666665,0.0,5,gate,,False,False,GBLGP>NLRTM,1,2026-09-05 00:14:54.032149483 +0000 UTC,2026-09-05 00:15:17.015710235 +0000 UTC
2026-09-05T00:09:05+00:00,255801540,AUTOSTAR,,,,,,51.333470000000005,3.2178983333333333,0.0,5,zeebrugge,,False,False,,1,2026-09-05 00:14:54.086907831 +0000 UTC,2026-09-05 00:14:54.086907831 +0000 UTC
2026-09-05T00:09:05+00:00,538008394,AEOLIAN VISION,9483554.0,79.0,229.0,32.0,11.5,51.95103166666667,4.127365,0.0,5,gate,,False,False,NL RTM,1,2026-09-05 00:14:55.055057027 +0000 UTC,2026-09-05 00:15:21.49563312 +0000 UTC
2026-09-05T00:09:05+00:00,211590150,PUMA,,,,,,53.89500666666667,9.153088333333333,0.0,5,brunsbuettel,,False,False,,1,2026-09-05 00:15:17.731271709 +0000 UTC,2026-09-05 00:15:17.731271709 +0000 UTC
2026-09-05T00:09:05+00:00,205568190,RIVER DRONE 7,,,,,,51.958954999999996,4.033568333333333,0.0,5,gate,,False,False,,1,2026-09-05 00:15:20.402692356 +0000 UTC,2026-09-05 00:15:20.402692356 +0000 UTC
2026-09-05T00:09:05+00:00,244797142,SWISS LNG I,0.0,80.0,135.0,18.0,1.5,51.94646,4.087025,0.0,5,gate,,False,False,EUROPOORT,1,2026-09-05 00:15:24.421126617 +0000 UTC,2026-09-05 00:15:24.832559771 +0000 UTC
2026-09-05T00:09:05+00:00,211207650,WSP 5,,,,,,53.534385,8.160231666666666,0.0,5,wilhelmshaven,,False,False,,1,2026-09-05 00:15:24.565181843 +0000 UTC,2026-09-05 00:15:24.565181843 +0000 UTC
2026-09-05T00:09:05+00:00,209341000,BERNSTEIN,,,,,,49.47465,0.16796,4.8,0,lehavre,,False,False,,2,2026-09-05 00:15:24.586602694 +0000 UTC,2026-09-05 00:16:13.354116666 +0000 UTC
2026-09-05T00:09:05+00:00,211400260,SOENKE,,,,,,53.88706166666667,9.17606,0.1,0,brunsbuettel,brunsbuettel,True,False,,1,2026-09-05 00:15:27.434760869 +0000 UTC,2026-09-05 00:15:27.434760869 +0000 UTC
2026-09-05T00:09:05+00:00,244660360,TENAX,,,,,,51.95666000000001,4.119703333333333,0.0,5,gate,,False,False,,1,2026-09-05 00:15:37.729347214 +0000 UTC,2026-09-05 00:15:37.729347214 +0000 UTC
2026-09-05T00:09:05+00:00,244139567,MI-MUNDO,,,,,,51.946461666666664,3.992903333333333,0.0,5,gate,,False,False,,1,2026-09-05 00:15:55.734258394 +0000 UTC,2026-09-05 00:15:55.734258394 +0000 UTC
2026-09-05T00:09:05+00:00,563071100,HOEGH GANNET,,,,,,53.887280000000004,9.16987,0.0,5,brunsbuettel,brunsbuettel,True,False,,1,2026-09-05 00:15:58.643902232 +0000 UTC,2026-09-05 00:15:58.643902232 +0000 UTC
2026-09-05T00:09:05+00:00,244000935,BERNARD M,,,,,,51.95895333333333,4.144299999999999,0.0,5,gate,,False,False,,1,2026-09-05 00:16:00.283225058 +0000 UTC,2026-09-05 00:16:00.283225058 +0000 UTC
2026-09-05T00:09:05+00:00,219028351,MHO APOLLO,9915545.0,40.0,35.0,11.0,2.2,53.456718333333335,6.8280183333333335,0.0,5,eems,,False,False,EEMSHAVEN,1,2026-09-05 00:16:11.344516367 +0000 UTC,2026-09-05 00:16:15.611157265 +0000 UTC
2026-09-05T00:09:05+00:00,205276490,BEYOND PARADISE,,,,,,51.95151833333333,4.125333333333334,0.1,5,gate,,False,False,,1,2026-09-05 00:16:22.333089732 +0000 UTC,2026-09-05 00:16:22.333089732 +0000 UTC
2026-09-05T00:09:05+00:00,477945700,KONGTONG,,,,,,53.443365,6.854001666666666,0.0,5,eems,eems,True,False,,1,2026-09-05 00:16:32.360569541 +0000 UTC,2026-09-05 00:16:32.360569541 +0000 UTC
2026-09-05T00:09:05+00:00,244700688,QUEBEC,,,,,,51.955704999999995,4.150965,0.0,5,gate,,False,False,,1,2026-09-05 00:16:37.748697753 +0000 UTC,2026-09-05 00:16:37.748697753 +0000 UTC
2026-09-05T00:09:05+00:00,244780376,LYRA PILOTS,,,,,,51.97666666666667,4.1255,0.1,5,gate,,False,False,,1,2026-09-05 00:16:39.616660239 +0000 UTC,2026-09-05 00:16:39.616660239 +0000 UTC
2026-09-05T00:09:05+00:00,228484600,AUGUSTIN FRESNEL,,,,,,47.27796,-2.1998883333333334,0.0,5,montoir,,False,False,,1,2026-09-05 00:16:59.452731149 +0000 UTC,2026-09-05 00:16:59.452731149 +0000 UTC
2026-09-05T00:09:05+00:00,211188260,FRIESLAND,,,,,,53.534515000000006,8.160833333333333,0.0,5,wilhelmshaven,,False,False,,1,2026-09-05 00:16:59.641916571 +0000 UTC,2026-09-05 00:16:59.641916571 +0000 UTC
2026-09-05T00:09:05+00:00,244060924,FIXUT MARIS,,,,,,51.96127166666667,3.9953016666666668,0.0,5,gate,,False,False,,1,2026-09-05 00:17:00.578724907 +0000 UTC,2026-09-05 00:17:00.578724907 +0000 UTC
