snapshot_utc,mmsi,name,imo,ship_type,loa,beam,draught_m,lat,lon,sog,nav_status,terminal,berth_sub,at_berth,likely_lng_carrier,destination,n_pos,first_seen,last_seen
2026-09-09T21:15:22+00:00,244010956,P93,0.0,99.0,21.0,6.0,0.0,51.97723333333333,4.124836666666666,0.1,0,gate,,False,False,,8,2026-09-09 21:15:22.209362248 +0000 UTC,2026-09-09 21:22:43.144327059 +0000 UTC
2026-09-09T21:15:22+00:00,211181090,HANS,0.0,99.0,12.0,4.0,0.0,53.651181666666666,9.509693333333333,0.0,0,stade,stade,True,False,,6,2026-09-09 21:15:22.634469527 +0000 UTC,2026-09-09 21:22:32.064316102 +0000 UTC
2026-09-09T21:15:22+00:00,244790147,SOLID RUBY,0.0,52.0,13.0,5.0,0.7,53.456961666666665,6.827496666666667,0.0,5,eems,,False,False,W-EMS ANCHORAGE,2,2026-09-09 21:15:22.731511164 +0000 UTC,2026-09-09 21:21:28.000296759 +0000 UTC
2026-09-09T21:15:22+00:00,244740409,EUCHARISTEO,,,,,,51.96168,4.138045,0.0,0,gate,,False,False,,6,2026-09-09 21:15:22.860991571 +0000 UTC,2026-09-09 21:22:23.702557603 +0000 UTC
2026-09-09T21:15:22+00:00,232040181,HST PEMBROKE,9942471.0,40.0,25.0,9.0,1.6,53.44477,6.8266,0.0,5,eems,,False,False,BRK02WF / EEMSHVN  _,2,2026-09-09 21:15:23.099140022 +0000 UTC,2026-09-09 21:21:32.428202056 +0000 UTC
2026-09-09T21:15:22+00:00,228072800,VB TYPHON,,,,,,47.267936666666664,-2.2014133333333334,0.0,0,montoir,,False,False,,6,2026-09-09 21:15:23.604650096 +0000 UTC,2026-09-09 21:23:05.050054936 +0000 UTC
2026-09-09T21:15:22+00:00,268235302,MIRANDA,,,,,,53.444538333333334,6.827516666666667,0.0,5,eems,,False,False,,3,2026-09-09 21:15:23.844204073 +0000 UTC,2026-09-09 21:21:17.364169422 +0000 UTC
2026-09-09T21:15:22+00:00,210400000,SEAPIPER,8766296.0,33.0,147.0,36.0,6.3,52.01125666666667,3.9936966666666667,11.4,0,gate,,False,False,ROTTERDAM,8,2026-09-09 21:15:23.84799311 +0000 UTC,2026-09-09 21:21:24.932442499 +0000 UTC
2026-09-09T21:15:22+00:00,226016370,MISTRAL,0.0,79.0,110.0,12.0,3.0,49.470508333333335,0.13795,8.4,0,lehavre,,False,False,OISE CANALISE KM 13,5,2026-09-09 21:15:24.163729126 +0000 UTC,2026-09-09 21:22:33.244651224 +0000 UTC
2026-09-09T21:15:22+00:00,244110640,ECODELTA,9822619.0,33.0,134.0,21.0,3.8,51.96109833333333,4.042631666666667,1.6,0,gate,,False,False,ROTTERDAM,9,2026-09-09 21:15:24.171333404 +0000 UTC,2026-09-09 21:22:53.777190208 +0000 UTC
2026-09-09T21:15:22+00:00,205291000,WARRIOR N-79,8545783.0,0.0,24.0,6.0,0.0,51.39669666666667,3.1972883333333333,2.9,0,zeebrugge,,False,False,VLISSINGEN,3,2026-09-09 21:15:24.177856037 +0000 UTC,2026-09-09 21:21:24.023619846 +0000 UTC
2026-09-09T21:15:22+00:00,310652000,GASLOG SANTIAGO,9600530.0,80.0,285.0,43.0,11.0,51.98966666666667,4.0478950000000005,8.3,0,gate,,False,True,ESCAD,6,2026-09-09 21:15:24.220294208 +0000 UTC,2026-09-09 21:22:51.622061589 +0000 UTC
2026-09-09T21:15:22+00:00,244780962,SOMTRANS XXXII,,,,,,51.975051666666666,4.030101666666666,0.0,5,gate,,False,False,,2,2026-09-09 21:15:24.231833109 +0000 UTC,2026-09-09 21:21:26.205666269 +0000 UTC
2026-09-09T21:15:22+00:00,244170721,AVALON,0.0,37.0,21.0,5.0,0.0,51.92433333333334,4.103928333333333,0.0,5,gate,,False,False,,3,2026-09-09 21:15:24.625922193 +0000 UTC,2026-09-09 21:21:27.687432474 +0000 UTC
2026-09-09T21:15:22+00:00,227023200,VB GASCOGNE,9202730.0,52.0,37.0,10.0,5.5,49.47554,0.13227666666666668,0.0,0,lehavre,,False,False,LE HAVRE,7,2026-09-09 21:15:24.681232594 +0000 UTC,2026-09-09 21:22:24.796804749 +0000 UTC
2026-09-09T21:15:22+00:00,211594520,,,,,,,53.930303333333335,9.209456666666666,0.0,0,brunsbuettel,,False,False,,1,2026-09-09 21:15:25.009829882 +0000 UTC,2026-09-09 21:15:25.009829882 +0000 UTC
2026-09-09T21:15:22+00:00,245706000,VB PUMA,9525443.0,52.0,30.0,11.0,4.4,51.960699999999996,4.141883333333333,0.1,0,gate,,False,False,ROTTERDAM,5,2026-09-09 21:15:25.046068268 +0000 UTC,2026-09-09 21:22:30.134093612 +0000 UTC
2026-09-09T21:15:22+00:00,211836960,VB EMOE,9483748.0,52.0,28.0,12.0,5.9,53.524065,8.147351666666667,0.0,0,wilhelmshaven,wilhelmshaven,True,False,STADE,4,2026-09-09 21:15:25.821787377 +0000 UTC,2026-09-09 21:22:45.209479711 +0000 UTC
2026-09-09T21:15:22+00:00,211221550,RESONARE,0.0,99.0,105.0,11.0,0.0,51.940090000000005,4.0834383333333335,8.4,0,gate,,False,False,,11,2026-09-09 21:15:26.767672451 +0000 UTC,2026-09-09 21:23:06.532856899 +0000 UTC
2026-09-09T21:15:22+00:00,244084000,TENDER I,8134039.0,50.0,41.0,7.0,2.8,51.977288333333334,4.124621666666667,0.1,0,gate,,False,False,NOORDZEE,7,2026-09-09 21:15:26.901981835 +0000 UTC,2026-09-09 21:22:37.195617874 +0000 UTC
2026-09-09T21:15:22+00:00,244020518,VEERLE,0.0,99.0,36.0,14.0,2.0,51.95164333333333,4.120581666666667,0.0,5,gate,,False,False,DINTELHAVEN ERTSOVE,3,2026-09-09 21:15:26.962649167 +0000 UTC,2026-09-09 21:21:28.69057435 +0000 UTC
2026-09-09T21:15:22+00:00,244757000,RPA 16,,,,,,51.961175000000004,4.089871666666666,0.0,0,gate,,False,False,,6,2026-09-09 21:15:27.63292611 +0000 UTC,2026-09-09 21:22:48.463454179 +0000 UTC
2026-09-09T21:15:22+00:00,244615490,UK214 MAARTEN SR,0.0,30.0,20.0,6.0,2.5,51.387033333333335,3.1386333333333334,3.4,7,zeebrugge,,False,False,FISHING *,7,2026-09-09 21:15:27.782069917 +0000 UTC,2026-09-09 21:23:01.605963663 +0000 UTC
2026-09-09T21:15:22+00:00,636016290,GREEN PLANET,9669914.0,80.0,182.0,32.0,11.5,53.87972833333333,9.185685000000001,10.6,0,brunsbuettel,brunsbuettel,False,True,HAMBURG,4,2026-09-09 21:15:27.808111209 +0000 UTC,2026-09-09 21:20:16.757973463 +0000 UTC
2026-09-09T21:15:22+00:00,245255000,VB REBEL,,,,,,51.961335,4.140348333333333,0.0,0,gate,,False,False,,9,2026-09-09 21:15:28.031904324 +0000 UTC,2026-09-09 21:22:48.523837581 +0000 UTC
2026-09-09T21:15:22+00:00,244044538,EMMA,,,,,,51.315405000000005,3.200925,0.0,5,zeebrugge,,False,False,,7,2026-09-09 21:15:28.336081692 +0000 UTC,2026-09-09 21:22:35.32907506 +0000 UTC
2026-09-09T21:15:22+00:00,244710445,AMER,0.0,33.0,25.0,8.0,1.0,51.97262166666667,4.050391666666667,0.0,0,gate,,False,False,ANTARTICA KADE,7,2026-09-09 21:15:28.345615584 +0000 UTC,2026-09-09 21:22:59.007507348 +0000 UTC
2026-09-09T21:15:22+00:00,211117790,VB ENDEAVOUR,,,,,,53.52818166666667,8.156596666666667,0.1,0,wilhelmshaven,wilhelmshaven,True,False,,10,2026-09-09 21:15:29.873446756 +0000 UTC,2026-09-09 21:23:03.801282041 +0000 UTC
2026-09-09T21:15:22+00:00,244010724,SURVEYOR 2,0.0,53.0,19.0,6.0,0.0,51.962044999999996,4.138621666666666,0.0,5,gate,,False,False,,1,2026-09-09 21:15:30.120032373 +0000 UTC,2026-09-09 21:19:33.489170919 +0000 UTC
2026-09-09T21:15:22+00:00,211328230,HARLE PRIEL,,,,,,53.51498333333333,8.149893333333333,0.0,0,wilhelmshaven,wilhelmshaven,True,False,,3,2026-09-09 21:15:30.88693509 +0000 UTC,2026-09-09 21:23:00.00740575 +0000 UTC
2026-09-09T21:15:22+00:00,244730209,HILLIE,0.0,80.0,40.0,6.0,2.1,53.44492,6.823493333333333,0.0,8,eems,,False,False,,6,2026-09-09 21:15:32.511341592 +0000 UTC,2026-09-09 21:22:12.179761866 +0000 UTC
2026-09-09T21:15:22+00:00,205619000,VB KIWI,9454321.0,52.0,26.0,11.0,6.2,51.32969166666667,3.197191666666667,0.0,0,zeebrugge,,False,False,ZEEBRUGGE,7,2026-09-09 21:15:32.518396941 +0000 UTC,2026-09-09 21:22:32.031290643 +0000 UTC
2026-09-09T21:15:22+00:00,265063000,FURE VALO,9983097.0,80.0,149.0,23.0,6.0,51.96283666666667,4.035033333333334,0.0,5,gate,,False,False,NLRTM,1,2026-09-09 21:15:32.569447038 +0000 UTC,2026-09-09 21:18:11.354852625 +0000 UTC
2026-09-09T21:15:22+00:00,244030023,HEBO-CAT 5,0.0,99.0,28.0,14.0,0.0,51.961980000000004,4.138416666666667,0.0,0,gate,,False,False,OLIEBESTRIJDING,5,2026-09-09 21:15:32.860499275 +0000 UTC,2026-09-09 21:22:33.117968427 +0000 UTC
2026-09-09T21:15:22+00:00,255915875,FAIRPLAY I,9365128.0,52.0,25.0,11.0,5.0,51.963971666666666,4.0954266666666665,0.0,0,gate,,False,False,HARBOUR TOWAGE RDAM,4,2026-09-09 21:15:33.036921918 +0000 UTC,2026-09-09 21:20:03.279445952 +0000 UTC
2026-09-09T21:15:22+00:00,244170146,WR12 EMMA,9853797.0,30.0,24.0,7.0,0.0,53.444763333333334,6.825243333333333,0.0,7,eems,,False,False,FISHING GROUNDS,5,2026-09-09 21:15:33.406121933 +0000 UTC,2026-09-09 21:21:58.063768432 +0000 UTC
2026-09-09T21:15:22+00:00,209221000,TRAVIATA,9684122.0,80.0,105.0,17.0,5.6,53.65105333333334,9.513065000000001,0.0,5,stade,stade,True,False,DESTA,3,2026-09-09 21:15:33.62396027 +0000 UTC,2026-09-09 21:21:33.624144507 +0000 UTC
2026-09-09T21:15:22+00:00,636016801,HIGH TRUST,9696254.0,80.0,183.0,32.0,8.4,27.812493333333336,-97.22769333333333,11.5,0,depart_corpus_christi,,False,True,US CRP,4,2026-09-09 21:15:34.255336227 +0000 UTC,2026-09-09 21:23:06.609718426 +0000 UTC
2026-09-09T21:15:22+00:00,211292900,HARLE KURIER,7114587.0,60.0,37.0,8.0,0.0,53.513686666666665,8.145103333333333,0.0,15,wilhelmshaven,,False,False,WILHELMSHAVEN,5,2026-09-09 21:15:34.915778358 +0000 UTC,2026-09-09 21:22:34.541002391 +0000 UTC
2026-09-09T21:15:22+00:00,269057617,COMUS 2,0.0,80.0,110.0,14.0,0.0,51.963026666666664,4.035748333333333,0.0,5,gate,,False,False,ROTTERDAM EUROPAHAVE,1,2026-09-09 21:15:35.493347093 +0000 UTC,2026-09-09 21:20:42.910975296 +0000 UTC
2026-09-09T21:15:22+00:00,244136452,KRVE 1,0.0,99.0,10.0,4.0,4.9,51.948955,4.148411666666666,0.1,7,gate,,False,False,ROTTERDAM,6,2026-09-09 21:15:35.759625236 +0000 UTC,2026-09-09 21:22:26.219809621 +0000 UTC
2026-09-09T21:15:22+00:00,226014730,NEW JERSEY,0.0,20.0,110.0,12.0,0.0,49.4713,0.16886333333333334,0.5,0,lehavre,,False,False,,9,2026-09-09 21:15:37.063412849 +0000 UTC,2026-09-09 21:22:38.94569747 +0000 UTC
2026-09-09T21:15:22+00:00,249594000,YASMINE,,,,,,51.40088333333333,3.105121666666667,16.1,5,zeebrugge,,False,False,,3,2026-09-09 21:15:37.168830744 +0000 UTC,2026-09-09 21:18:37.431177604 +0000 UTC
2026-09-09T21:15:22+00:00,255915848,NORDIC FELICIA,,,,,,51.951519999999995,4.128046666666666,0.0,5,gate,,False,False,,3,2026-09-09 21:15:37.190984079 +0000 UTC,2026-09-09 21:21:36.658762784 +0000 UTC
2026-09-09T21:15:22+00:00,246234000,FAIRPLAY-93,9949340.0,52.0,23.0,12.0,5.8,51.95887666666667,4.051763333333333,0.0,0,gate,,False,False,HARBOUR TUG,6,2026-09-09 21:15:37.365235623 +0000 UTC,2026-09-09 21:22:38.295099022 +0000 UTC
2026-09-09T21:15:22+00:00,205080000,LA VENTA,8976384.0,52.0,15.0,5.0,2.0,51.322030000000005,3.202865,0.0,0,zeebrugge,,False,False,ZEEBRUGGE,7,2026-09-09 21:15:37.660304059 +0000 UTC,2026-09-09 21:22:57.099370762 +0000 UTC
2026-09-09T21:15:22+00:00,231915000,KOLLAND,,,,,,53.882601666666666,9.100588333333333,1.9,0,brunsbuettel,,False,False,,9,2026-09-09 21:15:38.128930869 +0000 UTC,2026-09-09 21:22:58.929329684 +0000 UTC
2026-09-09T21:15:22+00:00,244620946,VEERHAVEN IX,0.0,79.0,117.0,23.0,1.8,51.93425833333333,4.037276666666667,0.0,5,gate,,False,False,HARTELHAVEN,2,2026-09-09 21:15:38.191253495 +0000 UTC,2026-09-09 21:18:56.148875087 +0000 UTC
2026-09-09T21:15:22+00:00,227006770,VB 26 DEAUVILLE,,,,,,49.47463166666667,0.12329333333333332,9.3,13,lehavre,,False,False,,7,2026-09-09 21:15:38.502391709 +0000 UTC,2026-09-09 21:22:46.889486558 +0000 UTC
2026-09-09T21:15:22+00:00,227975290,BENTHOS,,,,,,49.474718333333335,0.13295833333333335,0.0,0,lehavre,,False,False,,8,2026-09-09 21:15:38.621899092 +0000 UTC,2026-09-09 21:21:39.728468313 +0000 UTC
2026-09-09T21:15:22+00:00,244670429,ARCILLA,,,,,,51.95713,4.1194516666666665,0.0,5,gate,,False,False,,3,2026-09-09 21:15:39.699388234 +0000 UTC,2026-09-09 21:21:37.865854039 +0000 UTC
2026-09-09T21:15:22+00:00,245385000,SVITZER MARKEN,,,,,,51.96003333333333,4.011045,0.0,0,gate,,False,False,,5,2026-09-09 21:15:39.777385545 +0000 UTC,2026-09-09 21:20:40.13754361 +0000 UTC
2026-09-09T21:15:22+00:00,636024635,CADWELL,9999979.0,70.0,200.0,38.0,9.8,51.31664166666667,3.2250666666666663,0.0,5,zeebrugge,,False,False,BEZEE,2,2026-09-09 21:15:40.43574118 +0000 UTC,2026-09-09 21:22:48.651201401 +0000 UTC
2026-09-09T21:15:22+00:00,249110003,RICOCHET,,,,,,51.96103,4.005743333333333,6.7,0,gate,,False,False,,6,2026-09-09 21:15:41.116677086 +0000 UTC,2026-09-09 21:18:04.159818336 +0000 UTC
2026-09-09T21:15:22+00:00,305208000,PATRIA,,,,,,53.89378,9.151523333333333,0.0,5,brunsbuettel,,False,False,,1,2026-09-09 21:15:41.248806266 +0000 UTC,2026-09-09 21:15:41.248806266 +0000 UTC
2026-09-09T21:15:22+00:00,244860469,NEPTUNUS 10,0.0,99.0,14.0,4.0,0.0,51.95343333333334,4.1281300000000005,4.6,0,gate,,False,False,HAVENWERK ROTTERDAM,6,2026-09-09 21:15:41.275603495 +0000 UTC,2026-09-09 21:22:41.307733601 +0000 UTC
2026-09-09T21:15:22+00:00,228498900,TSM CHARENTE,1141100.0,52.0,20.0,8.0,2.3,49.47694,0.13329333333333335,0.0,3,lehavre,,False,False,FR LEH,8,2026-09-09 21:15:41.712933796 +0000 UTC,2026-09-09 21:22:21.434970859 +0000 UTC
2026-09-09T21:15:22+00:00,244087627,MABEL,0.0,80.0,110.0,12.0,0.0,51.95777833333333,4.146306666666667,0.0,15,gate,,False,False,,6,2026-09-09 21:15:42.550613327 +0000 UTC,2026-09-09 21:22:48.474414719 +0000 UTC
2026-09-09T21:15:22+00:00,255915699,FAIRPLAY-92,9949417.0,52.0,28.0,13.0,5.9,51.96426333333333,4.094025,0.0,8,gate,,False,False,HARBOUR OPS RTM,6,2026-09-09 21:15:43.68791833 +0000 UTC,2026-09-09 21:23:03.153820029 +0000 UTC
2026-09-09T21:15:22+00:00,246758000,WATERSTRAAT,9428059.0,52.0,31.0,10.0,4.6,53.44506,6.8237716666666675,0.0,0,eems,,False,False,EMS ASSIST,6,2026-09-09 21:15:43.810072443 +0000 UTC,2026-09-09 21:22:53.837143261 +0000 UTC
2026-09-09T21:15:22+00:00,245444000,KRVE 87,,,,,,51.949398333333335,4.148493333333334,0.0,0,gate,,False,False,,6,2026-09-09 21:15:44.609482315 +0000 UTC,2026-09-09 21:23:05.249727939 +0000 UTC
2026-09-09T21:15:22+00:00,211322590,WSP 3,0.0,55.0,30.0,7.0,2.2,53.53355166666667,8.159661666666667,0.0,5,wilhelmshaven,wilhelmshaven,True,False,ON PATROL,2,2026-09-09 21:15:44.700031789 +0000 UTC,2026-09-09 21:20:38.561417574 +0000 UTC
2026-09-09T21:15:22+00:00,218050910,KEHDINGEN,0.0,99.0,29.0,8.0,2.5,53.882733333333334,9.101253333333334,1.8,0,brunsbuettel,,False,False,BRUNSBUETTEL,8,2026-09-09 21:15:45.267753713 +0000 UTC,2026-09-09 21:23:13.541711561 +0000 UTC
2026-09-09T21:15:22+00:00,244620937,EXPLORER,0.0,79.0,110.0,12.0,2.0,51.94492833333334,4.031611666666667,0.9,0,gate,,False,False,ROTTERDAM  LEEUWARDE,5,2026-09-09 21:15:45.274057888 +0000 UTC,2026-09-09 21:21:45.020222667 +0000 UTC
2026-09-09T21:15:22+00:00,636016683,CORAL LOPHELIA,9350886.0,80.0,108.0,17.0,5.3,51.345283333333334,3.1974383333333334,0.1,5,zeebrugge,zeebrugge,True,False,BEZEE,3,2026-09-09 21:15:45.729997756 +0000 UTC,2026-09-09 21:21:45.718603969 +0000 UTC
2026-09-09T21:15:22+00:00,636015124,ATHINA L,9487627.0,70.0,229.0,32.0,12.9,51.95330833333333,4.12753,0.1,5,gate,,False,False,NLRTM,3,2026-09-09 21:15:45.991665923 +0000 UTC,2026-09-09 21:21:59.238991046 +0000 UTC
2026-09-09T21:15:22+00:00,211187040,SOPHIA SORAYA,0.0,70.0,98.0,14.0,3.0,53.61741166666666,9.558201666666667,7.8,0,stade,,False,False,BRUNSBUETTEL,7,2026-09-09 21:15:46.489690757 +0000 UTC,2026-09-09 21:22:26.143501786 +0000 UTC
2026-09-09T21:15:22+00:00,244750694,VEERWEL,0.0,60.0,22.0,5.0,1.6,51.97702833333334,4.125211666666667,0.0,0,gate,,False,False,,7,2026-09-09 21:15:46.716656653 +0000 UTC,2026-09-09 21:23:07.381146603 +0000 UTC
2026-09-09T21:15:22+00:00,211202570,BUTT,,,,,,53.89909,9.149750000000001,0.0,15,brunsbuettel,,False,False,,2,2026-09-09 21:15:47.088612238 +0000 UTC,2026-09-09 21:17:47.088471444 +0000 UTC
2026-09-09T21:15:22+00:00,211747930,GRIEP TO II,0.0,33.0,38.0,12.0,1.5,53.899265,9.149678333333332,0.0,3,brunsbuettel,,False,False,KIEL HOLTENAU AREA,6,2026-09-09 21:15:47.490248072 +0000 UTC,2026-09-09 21:23:07.116456872 +0000 UTC
2026-09-09T21:15:22+00:00,538006547,MARQUETTE,9732785.0,80.0,184.0,27.0,8.8,51.97794333333333,4.084081666666667,9.6,0,gate,gate,False,True,FR DKK,5,2026-09-09 21:15:47.597386725 +0000 UTC,2026-09-09 21:22:30.605077189 +0000 UTC
2026-09-09T21:15:22+00:00,244070903,RPA14,8306412.0,55.0,30.0,8.0,3.3,51.960715,4.089768333333334,0.0,0,gate,,False,False,ROTTERDAM,7,2026-09-09 21:15:47.674919063 +0000 UTC,2026-09-09 21:22:18.291056547 +0000 UTC
2026-09-09T21:15:22+00:00,228055080,LH PILOT ST HONORINE,0.0,50.0,,,1.5,49.48414666666667,0.11315333333333334,0.0,12,lehavre,,False,False,LE HAVRE,6,2026-09-09 21:15:47.701740658 +0000 UTC,2026-09-09 21:23:06.606516397 +0000 UTC
2026-09-09T21:15:22+00:00,244293000,ZK20 LAUWERSZEE,,,,,,53.46947333333333,6.79819,0.0,7,eems,,False,False,,10,2026-09-09 21:15:47.752104606 +0000 UTC,2026-09-09 21:23:07.960861187 +0000 UTC
2026-09-09T21:15:22+00:00,244010927,CARISMA,0.0,79.0,172.0,24.0,1.6,51.96014,4.110798333333333,1.5,0,gate,,False,False,DINTELHAVEN,4,2026-09-09 21:15:48.040238686 +0000 UTC,2026-09-09 21:23:16.629127181 +0000 UTC
2026-09-09T21:15:22+00:00,228147320,ROUEN PILOT AVOCETTE,0.0,50.0,16.0,5.0,0.0,49.476848333333336,0.073685,12.0,0,lehavre,,False,False,LE HAVRE,7,2026-09-09 21:15:48.152064645 +0000 UTC,2026-09-09 21:23:06.582436382 +0000 UTC
2026-09-09T21:15:22+00:00,269057212,VIVA BEYOND,1234567.0,69.0,110.0,12.0,0.0,49.488929999999996,0.12421333333333333,0.0,5,lehavre,,False,False,ROUEN,3,2026-09-09 21:15:48.342882577 +0000 UTC,2026-09-09 21:21:48.062762498 +0000 UTC
2026-09-09T21:15:22+00:00,230694000,FINNECO 1,9856830.0,74.0,238.0,35.0,6.9,51.353851666666664,3.1775183333333334,0.0,5,zeebrugge,zeebrugge,True,False,BEZEE,2,2026-09-09 21:15:48.560105699 +0000 UTC,2026-09-09 21:21:49.968079878 +0000 UTC
2026-09-09T21:15:22+00:00,244660967,HYDROVAC 10,0.0,89.0,35.0,7.0,0.0,53.444385000000004,6.82662,0.0,5,eems,,False,False,ROTTERDAM,3,2026-09-09 21:15:48.651891624 +0000 UTC,2026-09-09 21:21:46.776382472 +0000 UTC
2026-09-09T21:15:22+00:00,244660775,SCALDIS,0.0,20.0,18.0,6.0,0.0,51.97071833333334,4.047405,0.0,0,gate,,False,False,NLAMS00220BRDG500003,8,2026-09-09 21:15:48.844678402 +0000 UTC,2026-09-09 21:22:49.276881421 +0000 UTC
2026-09-09T21:15:22+00:00,244820200,RHENUS,0.0,33.0,68.0,12.0,0.4,51.930386666666664,4.045486666666666,0.0,0,gate,,False,False,,8,2026-09-09 21:15:49.523996135 +0000 UTC,2026-09-09 21:23:13.175155095 +0000 UTC
2026-09-09T21:15:22+00:00,244660545,UNIQUESHIP,0.0,79.0,110.0,12.0,1.9,51.941955,4.03091,0.0,0,gate,,False,False,ROTTERDAM,7,2026-09-09 21:15:49.579821381 +0000 UTC,2026-09-09 21:23:19.662990052 +0000 UTC
2026-09-09T21:15:22+00:00,235094267,HIGHLAND DEFENDER,9639335.0,99.0,87.0,18.0,4.6,53.45278833333334,6.837695,6.2,0,eems,eems,False,False,NDL 1,10,2026-09-09 21:15:49.634234831 +0000 UTC,2026-09-09 21:22:59.632860851 +0000 UTC
2026-09-09T21:15:22+00:00,244013482,PIEN,0.0,33.0,13.0,6.0,2.0,53.44477833333334,6.82427,0.0,0,eems,,False,False,DELFZIJL,5,2026-09-09 21:15:49.81739592 +0000 UTC,2026-09-09 21:22:31.480849836 +0000 UTC
2026-09-09T21:15:22+00:00,219029563,ENERGIZER,9916563.0,40.0,39.0,11.0,2.5,53.444338333333334,6.828055,0.0,0,eems,,False,False,NC1,6,2026-09-09 21:15:50.12231735 +0000 UTC,2026-09-09 21:22:51.468126431 +0000 UTC
2026-09-09T21:15:22+00:00,244890853,FELIX,,,,,,53.88509,9.181775,2.6,0,brunsbuettel,brunsbuettel,False,False,,7,2026-09-09 21:15:50.129277519 +0000 UTC,2026-09-09 21:22:19.568637834 +0000 UTC
2026-09-09T21:15:22+00:00,205567490,POROS,,,,,,51.958455,4.045791666666667,0.0,0,gate,,False,False,,7,2026-09-09 21:15:50.141476781 +0000 UTC,2026-09-09 21:23:09.408224814 +0000 UTC
2026-09-09T21:15:22+00:00,211224270,PILOT PAGENSAND,,,,,,53.627628333333334,9.525285,0.0,0,stade,,False,False,,7,2026-09-09 21:15:50.679420011 +0000 UTC,2026-09-09 21:23:10.170433553 +0000 UTC
2026-09-09T21:15:22+00:00,538009509,ORCHID KEFALONIA,,,,,,53.65141833333333,9.511883333333333,0.0,5,stade,stade,True,False,,2,2026-09-09 21:15:50.704172826 +0000 UTC,2026-09-09 21:21:50.728377199 +0000 UTC
2026-09-09T21:15:22+00:00,218037780,HELIOS,0.0,90.0,136.0,12.0,1.9,51.96187166666667,4.1265,1.5,0,gate,,False,False,R'DAM <> SPYCK,3,2026-09-09 21:15:51.192912836 +0000 UTC,2026-09-09 21:23:09.692169619 +0000 UTC
2026-09-09T21:15:22+00:00,211445200,OPPELN,,,,,,53.91005500000001,9.178466666666667,0.0,0,brunsbuettel,,False,False,,5,2026-09-09 21:15:51.249295161 +0000 UTC,2026-09-09 21:21:40.795341036 +0000 UTC
2026-09-09T21:15:22+00:00,244730153,VEERHAVEN VI,0.0,99.0,24.0,11.0,2.0,51.95945166666667,4.112208333333333,0.7,0,gate,,False,False,DINTELHAVEN,8,2026-09-09 21:15:51.406885166 +0000 UTC,2026-09-09 21:23:02.504014749 +0000 UTC
2026-09-09T21:15:22+00:00,244650632,INVOTIS  VIII,0.0,99.0,43.0,10.0,0.0,51.94949999999999,4.148078333333333,0.0,0,gate,,False,False,ROTTERDAM,8,2026-09-09 21:15:51.585145117 +0000 UTC,2026-09-09 21:22:36.749048181 +0000 UTC
2026-09-09T21:15:22+00:00,244650759,HELENA,,,,,,51.93147666666667,4.152116666666667,8.7,5,gate,,False,False,,1,2026-09-09 21:15:51.592615875 +0000 UTC,2026-09-09 21:15:51.592615875 +0000 UTC
2026-09-09T21:15:22+00:00,250005913,ARKLOW ACE,9851957.0,70.0,120.0,15.0,4.3,47.30484666666667,-2.1143799999999997,0.0,5,montoir,,False,False,MONTOIR,3,2026-09-09 21:15:51.853574929 +0000 UTC,2026-09-09 21:22:15.163773952 +0000 UTC
2026-09-09T21:15:22+00:00,205246000,Z510 DENNIS,,,,,,51.323930000000004,3.2001399999999998,0.1,0,zeebrugge,,False,False,,6,2026-09-09 21:15:51.951986547 +0000 UTC,2026-09-09 21:23:11.025823006 +0000 UTC
2026-09-09T21:15:22+00:00,636093385,MICHELANGELO,1030820.0,70.0,229.0,32.0,14.4,51.938644999999994,4.057991666666667,0.0,5,gate,,False,False,NLRTM,3,2026-09-09 21:15:51.967010196 +0000 UTC,2026-09-09 21:21:47.45357319 +0000 UTC
2026-09-09T21:15:22+00:00,211886790,SYLVIA DEYMANN,,,,,,51.93902833333333,4.034328333333333,0.1,0,gate,,False,False,,8,2026-09-09 21:15:52.189838724 +0000 UTC,2026-09-09 21:23:02.031066622 +0000 UTC
2026-09-09T21:15:22+00:00,244790887,KRVE 51,,,,,,51.96006666666666,4.01222,0.0,15,gate,,False,False,,6,2026-09-09 21:15:52.448539032 +0000 UTC,2026-09-09 21:23:12.343882782 +0000 UTC
2026-09-09T21:15:22+00:00,211784720,PILOT DITHMARSCHEN,,,,,,53.88948666666667,9.144856666666668,0.1,0,brunsbuettel,,False,False,,8,2026-09-09 21:15:52.582130346 +0000 UTC,2026-09-09 21:23:02.074423012 +0000 UTC
2026-09-09T21:15:22+00:00,211197670,BRGM NEVERMANN,1068023.0,99.0,29.0,6.0,2.2,53.87844333333333,9.095156666666666,11.3,0,brunsbuettel,,False,False,,1,2026-09-09 21:15:52.821224897 +0000 UTC,2026-09-09 21:16:41.727129465 +0000 UTC
2026-09-09T21:15:22+00:00,228160900,SAMUEL DE CHAMPLAIN,,,,,,47.297025,-2.139395,2.4,3,montoir,montoir,False,False,,7,2026-09-09 21:15:52.867971428 +0000 UTC,2026-09-09 21:20:39.286251147 +0000 UTC
2026-09-09T21:15:22+00:00,211214970,MUENSTERLAND,8601989.0,65.0,94.0,12.0,2.4,53.455835,6.8335550000000005,0.0,5,eems,,False,False,EEMSHAVEN<>BORKUM,2,2026-09-09 21:15:52.949932179 +0000 UTC,2026-09-09 21:20:37.39956683 +0000 UTC
2026-09-09T21:15:22+00:00,205133000,Z26 AVANTI,9913315.0,30.0,38.0,8.0,5.9,51.323625,3.2006083333333333,0.0,0,zeebrugge,,False,False,FISHINGGROUNDS,5,2026-09-09 21:15:52.999018561 +0000 UTC,2026-09-09 21:20:13.951792535 +0000 UTC
2026-09-09T21:15:22+00:00,205113000,VB SAMBA,9809954.0,52.0,32.0,13.0,5.9,51.361650000000004,3.19592,3.3,15,zeebrugge,zeebrugge,False,False,PORT OPERATIONS,5,2026-09-09 21:15:53.250844234 +0000 UTC,2026-09-09 21:21:42.306842488 +0000 UTC
2026-09-09T21:15:22+00:00,244650102,GULF MAX,,,,,,53.445205,6.8197133333333335,0.0,0,eems,,False,False,,6,2026-09-09 21:15:53.560830937 +0000 UTC,2026-09-09 21:22:13.643134871 +0000 UTC
2026-09-09T21:15:22+00:00,244870700,METTE MARIA,9254068.0,33.0,75.0,12.0,2.8,53.5281,8.149233333333333,102.3,5,wilhelmshaven,wilhelmshaven,True,False,DEWHV,2,2026-09-09 21:15:53.581123984 +0000 UTC,2026-09-09 21:21:54.666412609 +0000 UTC
2026-09-09T21:15:22+00:00,236112832,NJORD MAGELLAN,1036379.0,40.0,32.0,10.0,1.8,53.44441666666667,6.828198333333333,0.0,5,eems,,False,False,NLEEM-NC1/2-NLEEM,2,2026-09-09 21:15:53.672307909 +0000 UTC,2026-09-09 21:19:58.773212932 +0000 UTC
2026-09-09T21:15:22+00:00,244700122,IJSVOGEL,0.0,79.0,80.0,9.0,0.0,51.952075,4.119793333333333,0.0,5,gate,,False,False,,1,2026-09-09 21:15:53.835966112 +0000 UTC,2026-09-09 21:21:53.979663587 +0000 UTC
2026-09-09T21:15:22+00:00,353962000,NAVE TITAN,9487469.0,80.0,183.0,32.0,9.9,35.94719666666666,-5.4834016666666665,12.5,0,transit_gibraltar,,False,True,ES CAS,6,2026-09-09 21:15:53.881968115 +0000 UTC,2026-09-09 21:22:45.305056613 +0000 UTC
2026-09-09T21:15:22+00:00,211835230,RHENUS REGENSBURG,,,,,,51.94105166666667,4.033168333333333,0.5,5,gate,,False,False,,7,2026-09-09 21:15:54.107848748 +0000 UTC,2026-09-09 21:23:05.415338819 +0000 UTC
2026-09-09T21:15:22+00:00,244670362,UQ15 CAROLINE ELISE,0.0,30.0,20.0,6.0,0.0,53.44450833333334,6.826163333333333,0.1,7,eems,,False,False,FISHING GROUNDS,7,2026-09-09 21:15:54.178440512 +0000 UTC,2026-09-09 21:22:44.164896371 +0000 UTC
2026-09-09T21:15:22+00:00,563325300,SERI DIAN,9991915.0,80.0,295.0,47.0,9.4,29.709825000000002,-93.85296,9.5,0,depart_sabine_pass,,False,True,USNSS,5,2026-09-09 21:15:54.334515048 +0000 UTC,2026-09-09 21:23:06.837777603 +0000 UTC
2026-09-09T21:15:22+00:00,244730008,BRUINVIS,0.0,69.0,42.0,10.0,0.7,53.41751,6.888391666666666,0.0,0,eems,,False,False,DOLLARD,5,2026-09-09 21:15:54.390510881 +0000 UTC,2026-09-09 21:22:14.171179681 +0000 UTC
2026-09-09T21:15:22+00:00,506021500,VARG,9335094.0,80.0,183.0,32.0,12.0,31.52005,32.35276666666667,0.0,1,transit_port_said,,False,True,EGPSD,1,2026-09-09 21:15:54.429220146 +0000 UTC,2026-09-09 21:21:23.869335083 +0000 UTC
2026-09-09T21:15:22+00:00,207138000,PEACE,9553983.0,70.0,153.0,22.0,5.5,53.53807333333334,8.166846666666666,6.1,0,wilhelmshaven,,False,False,FIPRS,6,2026-09-09 21:15:54.64372978 +0000 UTC,2026-09-09 21:23:03.807056962 +0000 UTC
2026-09-09T21:15:22+00:00,245987000,WATERLINES,9881770.0,52.0,32.0,13.0,5.9,53.444921666666666,6.824306666666667,0.0,0,eems,,False,False,NLEEM,5,2026-09-09 21:15:54.757382652 +0000 UTC,2026-09-09 21:22:54.123371601 +0000 UTC
2026-09-09T21:15:22+00:00,244020335,ARKLOW VALOUR,9772565.0,70.0,87.0,15.0,3.9,53.91571666666667,9.202183333333332,0.0,5,brunsbuettel,,False,False,DEBRB,2,2026-09-09 21:15:54.875015267 +0000 UTC,2026-09-09 21:21:54.742267832 +0000 UTC
2026-09-09T21:15:22+00:00,244209000,SWALINGE,7637448.0,33.0,120.0,15.0,6.0,51.321035,3.1930850000000004,0.0,0,zeebrugge,,False,False,DREDGING AREA,7,2026-09-09 21:15:54.898689321 +0000 UTC,2026-09-09 21:23:04.213939298 +0000 UTC
2026-09-09T21:15:22+00:00,228287900,VB YPORT,9393723.0,52.0,30.0,10.0,0.0,49.47534333333333,0.132445,0.0,3,lehavre,,False,False,,5,2026-09-09 21:15:54.914194901 +0000 UTC,2026-09-09 21:22:56.295159075 +0000 UTC
2026-09-09T21:15:22+00:00,636019214,MSC KANOKO,9842102.0,71.0,366.0,48.0,11.5,51.949465000000004,4.063468333333334,0.0,5,gate,,False,False,BEANR,2,2026-09-09 21:15:54.931581532 +0000 UTC,2026-09-09 21:21:55.676652211 +0000 UTC
2026-09-09T21:15:22+00:00,226016380,O'RANA,0.0,79.0,135.0,12.0,0.0,49.458958333333335,0.15582833333333335,0.0,1,lehavre,,False,False,,3,2026-09-09 21:15:55.105163864 +0000 UTC,2026-09-09 21:21:55.328928472 +0000 UTC
2026-09-09T21:15:22+00:00,245821000,VB SIRIUS,9317901.0,52.0,30.0,12.0,4.8,51.960855,4.14126,0.0,5,gate,,False,False,R0TTERDAM,1,2026-09-09 21:15:55.115879598 +0000 UTC,2026-09-09 21:19:44.740343887 +0000 UTC
2026-09-09T21:15:22+00:00,245484000,VB ROTTERDAM,9816658.0,52.0,29.0,13.0,6.0,51.96072166666667,4.14153,0.0,0,gate,,False,False,ROTTERDAM,5,2026-09-09 21:15:55.621338285 +0000 UTC,2026-09-09 21:22:54.798255817 +0000 UTC
2026-09-09T21:15:22+00:00,228284800,VB OCTEVILLE 11,9393709.0,52.0,32.0,10.0,5.2,49.48499666666667,0.12470333333333333,0.0,0,lehavre,,False,False,LE HAVRE,7,2026-09-09 21:15:55.637900925 +0000 UTC,2026-09-09 21:23:06.432465527 +0000 UTC
2026-09-09T21:15:22+00:00,244140444,NOORDKAAP,0.0,80.0,135.0,18.0,2.0,51.93781666666666,4.0817,0.0,5,gate,,False,False,ANTWERPEN KANAALDOK,2,2026-09-09 21:15:55.652066916 +0000 UTC,2026-09-09 21:22:39.016445648 +0000 UTC
2026-09-09T21:15:22+00:00,218010920,OLDENBURG,9928815.0,55.0,23.0,6.0,1.3,53.51337,8.150165,0.0,5,wilhelmshaven,,False,False,WHV,2,2026-09-09 21:15:55.912846671 +0000 UTC,2026-09-09 21:22:51.901146962 +0000 UTC
2026-09-09T21:15:22+00:00,373031000,MSC CAPELLA,9465289.0,71.0,366.0,48.0,14.7,51.36165833333334,3.192075,6.8,0,zeebrugge,zeebrugge,False,False,BEZEE,4,2026-09-09 21:15:55.926481133 +0000 UTC,2026-09-09 21:21:54.37962477 +0000 UTC
2026-09-09T21:15:22+00:00,211334410,BUETZFLETH,7720441.0,52.0,27.0,8.0,5.0,53.652858333333334,9.5109,0.0,0,stade,stade,True,False,STADE,8,2026-09-09 21:15:56.276729732 +0000 UTC,2026-09-09 21:23:06.85027483 +0000 UTC
2026-09-09T21:15:22+00:00,461000264,GARNET,9577094.0,89.0,228.0,32.0,12.6,31.548125000000002,32.36466666666667,0.0,1,transit_port_said,,False,True,FOR ORDER,2,2026-09-09 21:15:56.536077557 +0000 UTC,2026-09-09 21:20:40.414220745 +0000 UTC
2026-09-09T21:15:22+00:00,244790539,RVE 17,,,,,,51.94872833333333,4.1490366666666665,0.0,0,gate,,False,False,,2,2026-09-09 21:15:57.043501289 +0000 UTC,2026-09-09 21:16:57.060789828 +0000 UTC
2026-09-09T21:15:22+00:00,227005270,VB SAINT MARC,9002063.0,52.0,30.0,10.0,5.0,47.29812666666667,-2.1471666666666667,0.0,0,montoir,montoir,True,False,ST NAZAIRE,6,2026-09-09 21:15:57.051416762 +0000 UTC,2026-09-09 21:23:06.874030834 +0000 UTC
2026-09-09T21:15:22+00:00,244750043,TRUDIE,0.0,79.0,75.0,8.0,0.0,51.95750666666667,4.014248333333333,0.0,0,gate,,False,False,XSBFBCAAEAAAAAAAAAI1,7,2026-09-09 21:15:57.497925494 +0000 UTC,2026-09-09 21:23:08.127848605 +0000 UTC
2026-09-09T21:15:22+00:00,211279690,ELBCLEARING 3,0.0,52.0,21.0,6.0,2.4,53.65315,9.511016666666666,0.0,0,stade,stade,True,False,ELBE RIVER,6,2026-09-09 21:15:57.679351389 +0000 UTC,2026-09-09 21:23:07.876393052 +0000 UTC
2026-09-09T21:15:22+00:00,211745390,TRITON,0.0,30.0,23.0,6.0,0.0,53.422625000000004,6.890733333333333,0.0,7,eems,,False,False,,4,2026-09-09 21:15:57.823279962 +0000 UTC,2026-09-09 21:23:07.270389889 +0000 UTC
2026-09-09T21:15:22+00:00,244620945,VEERHAVEN VIII,0.0,79.0,117.0,23.0,1.8,51.95173666666667,4.120211666666667,0.0,5,gate,,False,False,DINTELHAVEN,3,2026-09-09 21:15:58.107366749 +0000 UTC,2026-09-09 21:21:56.458005252 +0000 UTC
2026-09-09T21:15:22+00:00,211625340,FAIRPLAY-81,,,,,,53.535225,8.161443333333333,0.0,0,wilhelmshaven,,False,False,,11,2026-09-09 21:15:58.624868776 +0000 UTC,2026-09-09 21:23:19.047672782 +0000 UTC
2026-09-09T21:15:22+00:00,244780377,LACERTA (PILOTS),0.0,50.0,23.0,6.0,1.3,51.976855,4.125683333333333,0.0,5,gate,,False,False,PILOT BOARDING AREA,1,2026-09-09 21:15:58.691943075 +0000 UTC,2026-09-09 21:20:58.055614104 +0000 UTC
2026-09-09T21:15:22+00:00,244870431,UTOPIA,,,,,,51.95632333333333,4.125681666666667,0.0,0,gate,,False,False,,9,2026-09-09 21:15:58.81255683 +0000 UTC,2026-09-09 21:23:18.848473995 +0000 UTC
2026-09-09T21:15:22+00:00,636024736,MSC ROUEN,,,,,,49.495405,0.04012,13.8,0,lehavre,,False,False,,8,2026-09-09 21:15:58.888653255 +0000 UTC,2026-09-09 21:22:59.338850117 +0000 UTC
2026-09-09T21:15:22+00:00,244832000,BOREAS,9962304.0,90.0,175.0,63.0,8.2,53.45254833333333,6.818526666666667,0.0,5,eems,,False,False,EEMSHAVEN,3,2026-09-09 21:15:59.053965339 +0000 UTC,2026-09-09 21:21:59.315307071 +0000 UTC
2026-09-09T21:15:22+00:00,228020700,CITY OF HAMBURG,9383558.0,79.0,125.0,26.0,4.8,47.288331666666664,-2.1696566666666666,0.0,5,montoir,,False,False,MONTOIR,1,2026-09-09 21:15:59.263196344 +0000 UTC,2026-09-09 21:20:05.552330282 +0000 UTC
2026-09-09T21:15:22+00:00,211466070,VB HUNTE,9454319.0,52.0,28.0,11.0,6.0,53.517655,8.140963333333334,0.0,0,wilhelmshaven,wilhelmshaven,True,False,WHV,4,2026-09-09 21:15:59.341080968 +0000 UTC,2026-09-09 21:23:19.282315057 +0000 UTC
2026-09-09T21:15:22+00:00,228373800,VB GUARDIAN 19,9876323.0,52.0,30.0,10.0,5.2,49.472123333333336,0.129085,10.9,5,lehavre,,False,False,LE HAVRE,6,2026-09-09 21:15:59.422438594 +0000 UTC,2026-09-09 21:22:59.778134313 +0000 UTC
2026-09-09T21:15:22+00:00,244630051,CLIMAX,0.0,170.0,64.0,7.0,0.0,51.93455166666667,4.1493633333333335,0.1,0,gate,,False,False,,8,2026-09-09 21:15:59.816834111 +0000 UTC,2026-09-09 21:22:59.830297707 +0000 UTC
2026-09-09T21:15:22+00:00,244650860,MATHIJS,0.0,20.0,86.0,10.0,2.8,51.95901,4.033886666666667,0.0,5,gate,,False,False,,2,2026-09-09 21:15:59.988142769 +0000 UTC,2026-09-09 21:21:13.863825975 +0000 UTC
2026-09-09T21:15:22+00:00,563297800,MAERSK CHARLESTON,9936379.0,71.0,366.0,51.0,13.1,51.95591,4.003921666666667,0.0,5,gate,,False,False,DEHAM>>NLRTM,2,2026-09-09 21:16:00.018658274 +0000 UTC,2026-09-09 21:19:00.826137709 +0000 UTC
2026-09-09T21:15:22+00:00,205130000,BELGICA,,,,,,51.361545,3.141425,4.5,0,zeebrugge,,False,False,,5,2026-09-09 21:16:00.019589829 +0000 UTC,2026-09-09 21:23:00.197285768 +0000 UTC
2026-09-09T21:15:22+00:00,244137310,PREGO,0.0,79.0,135.0,15.0,2.0,51.95786666666667,4.008205,0.2,5,gate,,False,False,MAASVLAKTE HARTELHA,3,2026-09-09 21:16:00.11346554 +0000 UTC,2026-09-09 21:23:00.98194309 +0000 UTC
2026-09-09T21:15:22+00:00,636018702,ATLANTA EXPRESS,,,,,,51.94859333333333,4.056953333333333,0.0,5,gate,,False,False,,2,2026-09-09 21:16:00.157311476 +0000 UTC,2026-09-09 21:19:00.15778877 +0000 UTC
2026-09-09T21:15:22+00:00,211226330,T 1107,,,,,,53.89929333333334,9.149329999999999,0.0,0,brunsbuettel,,False,False,,1,2026-09-09 21:16:00.314468233 +0000 UTC,2026-09-09 21:16:00.314468233 +0000 UTC
2026-09-09T21:15:22+00:00,215170000,NEPTUNE_AEGLI,9240964.0,70.0,159.0,25.0,5.3,51.32412166666666,3.21292,0.1,5,zeebrugge,,False,False,BEZEE,3,2026-09-09 21:16:00.357970209 +0000 UTC,2026-09-09 21:22:56.478092051 +0000 UTC
2026-09-09T21:15:22+00:00,255917267,FAIRPLAY-95,9964041.0,52.0,25.0,13.0,6.2,51.964065,4.094853333333334,0.0,0,gate,,False,False,ROTTERDAM,6,2026-09-09 21:16:00.752490879 +0000 UTC,2026-09-09 21:23:01.191636411 +0000 UTC
2026-09-09T21:15:22+00:00,227062830,DUNCAN,0.0,80.0,18.0,7.0,2.5,49.48446166666667,0.154255,0.0,5,lehavre,,False,False,LE TRAIT CHANTIER,1,2026-09-09 21:16:01.059013324 +0000 UTC,2026-09-09 21:20:23.434227277 +0000 UTC
2026-09-09T21:15:22+00:00,244620640,VECTOR,0.0,79.0,135.0,12.0,2.5,51.93991833333334,4.033721666666667,0.0,5,gate,,False,False,FRANKFURT OSTHAFEN,3,2026-09-09 21:16:01.530226745 +0000 UTC,2026-09-09 21:22:02.437858136 +0000 UTC
2026-09-09T21:15:22+00:00,244770079,NEW JERSEY,9367918.0,80.0,98.0,14.0,4.0,51.339576666666666,3.1922183333333334,0.1,0,zeebrugge,,False,False,ZEEBRUGGE,8,2026-09-09 21:16:01.601418928 +0000 UTC,2026-09-09 21:23:20.805727432 +0000 UTC
2026-09-09T21:15:22+00:00,244850581,LIBRA (PILOTS),,,,,,51.976405,4.125275,0.0,0,gate,,False,False,,7,2026-09-09 21:16:01.807143185 +0000 UTC,2026-09-09 21:23:21.438638466 +0000 UTC
2026-09-09T21:15:22+00:00,218007800,FAIRPLAY-91,9932177.0,52.0,25.0,13.0,6.2,53.65103833333333,9.509995,0.0,5,stade,stade,True,False,DEBUZ,1,2026-09-09 21:16:01.964390624 +0000 UTC,2026-09-09 21:17:39.838235737 +0000 UTC
2026-09-09T21:15:22+00:00,273120730,TURMALIN,9470131.0,80.0,248.0,44.0,0.0,31.53479666666667,32.26397166666666,0.0,15,transit_port_said,,False,True,,7,2026-09-09 21:16:02.125457157 +0000 UTC,2026-09-09 21:23:11.724173442 +0000 UTC
2026-09-09T21:15:22+00:00,565487000,CHRISTOPH SCHULTE,,,,,,53.63145,9.53035,8.0,0,stade,,False,False,,9,2026-09-09 21:16:02.318718872 +0000 UTC,2026-09-09 21:23:03.274844039 +0000 UTC
2026-09-09T21:15:22+00:00,205243000,Z.48DE MARIA ANTONIA,8972986.0,30.0,46.0,8.0,4.5,51.322606666666665,3.2027533333333333,0.0,15,zeebrugge,,False,False,KEEP SAFE DISTANCE!,7,2026-09-09 21:16:03.021099757 +0000 UTC,2026-09-09 21:22:41.219991544 +0000 UTC
2026-09-09T21:15:22+00:00,205279000,WINDROOS Z98,9902110.0,30.0,38.0,9.0,5.5,51.322986666666665,3.2022733333333333,0.0,7,zeebrugge,,False,False,ZEEBRUGGE,6,2026-09-09 21:16:03.024964444 +0000 UTC,2026-09-09 21:23:13.16960744 +0000 UTC
2026-09-09T21:15:22+00:00,247385300,AIDAPERLA,9636967.0,60.0,300.0,48.0,8.3,49.48055166666666,0.10739333333333333,0.0,5,lehavre,,False,False,BEZEE WANDELAAR PBG,2,2026-09-09 21:16:03.164846224 +0000 UTC,2026-09-09 21:22:03.645370881 +0000 UTC
2026-09-09T21:15:22+00:00,244944994,VIGO,,,,,,51.94029166666667,4.03559,1.8,0,gate,,False,False,,7,2026-09-09 21:16:03.547638148 +0000 UTC,2026-09-09 21:22:12.225511063 +0000 UTC
2026-09-09T21:15:22+00:00,244670305,MERWEPLUS,0.0,99.0,30.0,5.0,0.0,51.948949999999996,4.148935,0.0,0,gate,,False,False,,7,2026-09-09 21:16:04.009580885 +0000 UTC,2026-09-09 21:22:53.147312762 +0000 UTC
2026-09-09T21:15:22+00:00,304080000,AURORA,9234989.0,70.0,135.0,23.0,7.6,51.34795999999999,3.1883566666666665,0.0,5,zeebrugge,zeebrugge,True,False,IEDUB,2,2026-09-09 21:16:04.20466799 +0000 UTC,2026-09-09 21:22:05.62515723 +0000 UTC
2026-09-09T21:15:22+00:00,255806342,UHL FAITH,9892482.0,70.0,150.0,26.0,6.6,53.452216666666665,6.822285,0.0,5,eems,,False,False,EEMSHAVEN,3,2026-09-09 21:16:04.249997726 +0000 UTC,2026-09-09 21:22:03.561121979 +0000 UTC
2026-09-09T21:15:22+00:00,211456940,SCHWINGEFLAIR,,,,,,53.628015,9.525659999999998,0.0,0,stade,,False,False,,7,2026-09-09 21:16:04.835856463 +0000 UTC,2026-09-09 21:23:04.479178722 +0000 UTC
2026-09-09T21:15:22+00:00,246683000,DANCING WATER,9065807.0,52.0,19.0,6.0,2.9,53.446011666666664,6.820248333333334,0.0,3,eems,,False,False,DREDGING EEMSGEUL,5,2026-09-09 21:16:05.111051987 +0000 UTC,2026-09-09 21:22:15.017281406 +0000 UTC
2026-09-09T21:15:22+00:00,2444059,HOEK VAN HOLLAND,,,,,,51.980985000000004,4.112606666666667,0.0,15,gate,,False,False,,5,2026-09-09 21:16:05.29126694 +0000 UTC,2026-09-09 21:23:05.826034449 +0000 UTC
2026-09-09T21:15:22+00:00,244900124,VB MARS,9695509.0,52.0,32.0,12.0,5.5,51.95142333333333,4.144126666666667,0.0,0,gate,,False,False,HARBOUR TOWAGE,8,2026-09-09 21:16:05.460191197 +0000 UTC,2026-09-09 21:22:25.607748388 +0000 UTC
2026-09-09T21:15:22+00:00,245237000,TRITO NAVIGATOR,,,,,,51.95206666666666,4.126616666666667,0.0,5,gate,,False,False,,3,2026-09-09 21:16:05.779250146 +0000 UTC,2026-09-09 21:22:05.781461701 +0000 UTC
2026-09-09T21:15:22+00:00,244909000,TIMBER NAVIGATOR,9532824.0,70.0,118.0,16.0,4.3,49.47778166666667,0.12555,0.0,0,lehavre,,False,False,FRLEH,9,2026-09-09 21:16:05.953276207 +0000 UTC,2026-09-09 21:23:14.388285885 +0000 UTC
2026-09-09T21:15:22+00:00,244820283,YOGI,9479785.0,52.0,26.0,11.0,2.6,53.51748333333333,8.148455,0.0,0,wilhelmshaven,wilhelmshaven,True,False,WILHELMSHAVEN,7,2026-09-09 21:16:06.435934491 +0000 UTC,2026-09-09 21:23:10.537744152 +0000 UTC
2026-09-09T21:15:22+00:00,205019000,VB BOLERO,,,,,,51.36167833333333,3.1921383333333333,5.8,5,zeebrugge,zeebrugge,True,False,,7,2026-09-09 21:16:06.598969879 +0000 UTC,2026-09-09 21:23:06.929225173 +0000 UTC
2026-09-09T21:15:22+00:00,227211180,LH PILOT ST JOSEPH,0.0,50.0,,,1.5,49.491735,0.056736666666666664,11.9,3,lehavre,,False,False,,5,2026-09-09 21:16:06.609195477 +0000 UTC,2026-09-09 21:20:30.006800985 +0000 UTC
2026-09-09T21:15:22+00:00,255801480,AUTOSKY,9206774.0,70.0,140.0,23.0,6.9,51.31204833333334,3.2139266666666666,0.0,5,zeebrugge,,False,False,BEZEE,1,2026-09-09 21:16:06.964791463 +0000 UTC,2026-09-09 21:22:37.842974811 +0000 UTC
2026-09-09T21:15:22+00:00,245405000,STAR CURACAO,9402653.0,80.0,110.0,14.0,4.2,51.95752,4.1253633333333335,0.0,5,gate,,False,False,ROTTERDAM,1,2026-09-09 21:16:07.835231498 +0000 UTC,2026-09-09 21:16:09.558632379 +0000 UTC
2026-09-09T21:15:22+00:00,244660432,SEPTIMO,0.0,99.0,135.0,11.0,0.2,51.93803833333333,4.034913333333333,0.0,5,gate,,False,False,ROTTERDAM,2,2026-09-09 21:16:08.1184991 +0000 UTC,2026-09-09 21:22:08.607885388 +0000 UTC
2026-09-09T21:15:22+00:00,244029273,MUTATIO,0.0,79.0,80.0,9.0,2.0,51.950293333333335,4.1254116666666665,0.0,5,gate,,False,False,,1,2026-09-09 21:16:08.28275583 +0000 UTC,2026-09-09 21:21:02.132163591 +0000 UTC
2026-09-09T21:15:22+00:00,211509360,WINDROSE,,,,,,53.62744166666666,9.525115,0.0,0,stade,,False,False,,5,2026-09-09 21:16:08.333440525 +0000 UTC,2026-09-09 21:22:48.036028161 +0000 UTC
2026-09-09T21:15:22+00:00,253661000,SANDERUS,9830941.0,33.0,110.0,24.0,4.0,51.37569166666666,3.168426666666667,3.0,3,zeebrugge,,False,False,ZEEBRUGGE,6,2026-09-09 21:16:08.391924826 +0000 UTC,2026-09-09 21:23:08.075377103 +0000 UTC
2026-09-09T21:15:22+00:00,227006780,VB SAINTE-ADRESSE 25,,,,,,49.47524833333333,0.13341166666666665,0.0,15,lehavre,,False,False,,8,2026-09-09 21:16:08.486885268 +0000 UTC,2026-09-09 21:23:09.060818763 +0000 UTC
2026-09-09T21:15:22+00:00,236112545,EEMS WAVE,,,,,,53.446215,6.8199966666666665,0.0,5,eems,,False,False,,3,2026-09-09 21:16:08.770152019 +0000 UTC,2026-09-09 21:22:10.640002757 +0000 UTC
2026-09-09T21:15:22+00:00,228068700,VB CYCLONE,9746918.0,52.0,30.0,10.0,0.0,51.322365,3.2026433333333335,0.0,15,zeebrugge,,False,False,,8,2026-09-09 21:16:08.891342206 +0000 UTC,2026-09-09 21:23:08.404038169 +0000 UTC
2026-09-09T21:15:22+00:00,219072000,SANTA CATARINAMAERSK,9444730.0,71.0,300.0,43.0,11.8,51.957991666666665,4.04439,0.1,5,gate,,False,False,NLRTM,3,2026-09-09 21:16:08.899429406 +0000 UTC,2026-09-09 21:22:45.964593191 +0000 UTC
2026-09-09T21:15:22+00:00,218001450,JD ONE,0.0,40.0,26.0,8.0,1.5,53.517471666666665,8.142278333333334,0.0,5,wilhelmshaven,wilhelmshaven,True,False,DEWVN,1,2026-09-09 21:16:09.918716385 +0000 UTC,2026-09-09 21:19:01.57207952 +0000 UTC
2026-09-09T21:15:22+00:00,266436000,CORALIUS,9769128.0,89.0,100.0,18.0,5.5,51.35228166666666,3.2122783333333333,0.0,5,zeebrugge,,False,False,BEZEE,1,2026-09-09 21:16:10.138276571 +0000 UTC,2026-09-09 21:22:09.796616774 +0000 UTC
2026-09-09T21:15:22+00:00,228373700,VB LONGCHAMP 17,9876311.0,52.0,30.0,10.0,5.3,49.459555,0.14838833333333332,0.2,0,lehavre,,False,False,LE HAVRE,6,2026-09-09 21:16:10.180170976 +0000 UTC,2026-09-09 21:23:20.125936455 +0000 UTC
2026-09-09T21:15:22+00:00,305814000,GT PIKE,,,,,,51.34334833333333,3.1794333333333333,0.0,5,zeebrugge,zeebrugge,True,False,,3,2026-09-09 21:16:10.381565547 +0000 UTC,2026-09-09 21:22:09.82106942 +0000 UTC
2026-09-09T21:15:22+00:00,244010253,VEERHAVEN VII,0.0,79.0,117.0,23.0,1.9,51.95248,4.120285,0.0,5,gate,,False,False,DINTELHAVEN,2,2026-09-09 21:16:10.400488372 +0000 UTC,2026-09-09 21:22:10.284671883 +0000 UTC
2026-09-09T21:15:22+00:00,246658000,ORION (PILOTS),,,,,,53.444923333333335,6.821091666666666,0.0,0,eems,,False,False,,6,2026-09-09 21:16:10.431505784 +0000 UTC,2026-09-09 21:23:16.769316358 +0000 UTC
2026-09-09T21:15:22+00:00,244750893,HARINGVLIET,0.0,33.0,34.0,6.0,0.9,51.94533833333333,4.088821666666666,0.0,0,gate,,False,False,,5,2026-09-09 21:16:11.015830084 +0000 UTC,2026-09-09 21:23:20.641695744 +0000 UTC
2026-09-09T21:15:22+00:00,232048134,HST LONDON,,,,,,53.51719666666667,8.146511666666667,0.0,5,wilhelmshaven,wilhelmshaven,True,False,,2,2026-09-09 21:16:11.634391301 +0000 UTC,2026-09-09 21:22:13.017011409 +0000 UTC
2026-09-09T21:15:22+00:00,219026490,LEVANTE,9896024.0,70.0,33.0,12.0,2.5,53.51755166666667,8.14866,0.0,5,wilhelmshaven,wilhelmshaven,True,False,WILHELMSHAVEN,1,2026-09-09 21:16:11.773271643 +0000 UTC,2026-09-09 21:23:10.011456429 +0000 UTC
2026-09-09T21:15:22+00:00,228472700,VB LOUP,9977490.0,52.0,28.0,13.0,6.0,49.459273333333336,0.15001499999999998,0.0,0,lehavre,,False,False,LE HAVRE,4,2026-09-09 21:16:12.28775121 +0000 UTC,2026-09-09 21:21:48.074470995 +0000 UTC
2026-09-09T21:15:22+00:00,244482000,MARIETJE HESTER,,,,,,53.915685,9.199735,0.0,0,brunsbuettel,,False,False,,4,2026-09-09 21:16:12.741381706 +0000 UTC,2026-09-09 21:23:12.971110597 +0000 UTC
2026-09-09T21:15:22+00:00,205545000,VB PANDA,9502697.0,79.0,33.0,13.0,5.6,51.35903166666667,3.1944216666666665,6.0,0,zeebrugge,zeebrugge,False,False,ZEEBRUGGE,9,2026-09-09 21:16:12.818333708 +0000 UTC,2026-09-09 21:22:31.866675504 +0000 UTC
2026-09-09T21:15:22+00:00,244850403,SNIP,,,,,,51.95158666666667,4.120291666666667,0.0,15,gate,,False,False,,5,2026-09-09 21:16:13.127444021 +0000 UTC,2026-09-09 21:22:34.985467046 +0000 UTC
2026-09-09T21:15:22+00:00,246774000,EN AVANT 10,9264386.0,52.0,30.0,10.0,4.4,51.96138166666666,4.072715,8.8,0,gate,,False,False,BORWIN 5 OSS,5,2026-09-09 21:16:13.19220589 +0000 UTC,2026-09-09 21:22:41.224378143 +0000 UTC
2026-09-09T21:15:22+00:00,211784710,PILOT STEINBURG,,,,,,53.88375166666666,9.185863333333334,13.6,0,brunsbuettel,brunsbuettel,False,False,,5,2026-09-09 21:16:13.35736928 +0000 UTC,2026-09-09 21:23:03.461561043 +0000 UTC
2026-09-09T21:15:22+00:00,245979000,KNRM DORUS RIJKERS,0.0,51.0,15.0,6.0,1.0,51.97703166666667,4.1251,0.0,5,gate,,False,False,EEMSHAVEN_,2,2026-09-09 21:16:13.405970931 +0000 UTC,2026-09-09 21:22:48.136951412 +0000 UTC
2026-09-09T21:15:22+00:00,244001751,MARRIEJANNE,,,,,,53.44163833333334,6.854208333333333,0.0,5,eems,eems,True,False,,3,2026-09-09 21:16:13.721431357 +0000 UTC,2026-09-09 21:22:15.745817776 +0000 UTC
2026-09-09T21:15:22+00:00,667002567,TOPTERIX,,,,,,53.903040000000004,9.162148333333333,6.9,0,brunsbuettel,,False,False,,4,2026-09-09 21:16:13.728433307 +0000 UTC,2026-09-09 21:22:03.648489038 +0000 UTC
2026-09-09T21:15:22+00:00,211745030,JADE HIEV,0.0,90.0,52.0,22.0,2.2,53.51753833333333,8.147208333333333,0.0,5,wilhelmshaven,wilhelmshaven,True,False,DEWHV,3,2026-09-09 21:16:14.1638008 +0000 UTC,2026-09-09 21:22:41.982878507 +0000 UTC
2026-09-09T21:15:22+00:00,255916110,FAIRPLAY XI,9725108.0,52.0,26.0,14.0,6.6,51.964394999999996,4.093535,0.0,0,gate,,False,False,NLRTM,8,2026-09-09 21:16:14.407083549 +0000 UTC,2026-09-09 21:23:14.024086115 +0000 UTC
2026-09-09T21:15:22+00:00,245425000,VB EBRO,9476408.0,52.0,28.0,11.0,4.8,51.96146666666667,4.14025,0.1,0,gate,,False,False,HARBOUR TUG,7,2026-09-09 21:16:14.419738021 +0000 UTC,2026-09-09 21:23:14.554315907 +0000 UTC
2026-09-09T21:15:22+00:00,244650985,PRESTO,0.0,99.0,110.0,12.0,0.0,51.944966666666666,4.049375,0.0,5,gate,,False,False,AMSTERDAM AFRIKAHAVE,2,2026-09-09 21:16:14.578047199 +0000 UTC,2026-09-09 21:22:12.390835862 +0000 UTC
2026-09-09T21:15:22+00:00,244660439,DELTA HOPPER,,,,,,51.962196666666664,3.9950816666666666,0.0,5,gate,,False,False,,2,2026-09-09 21:16:14.593100634 +0000 UTC,2026-09-09 21:22:12.886435373 +0000 UTC
2026-09-09T21:15:22+00:00,244660152,AMARA,0.0,99.0,135.0,15.0,0.0,51.97507333333333,4.029906666666666,0.0,5,gate,,False,False,YANGTZEKANAAL,2,2026-09-09 21:16:14.708200752 +0000 UTC,2026-09-09 21:19:14.02277317 +0000 UTC
2026-09-09T21:15:22+00:00,636025012,MSC GIOIA TAURO,9946738.0,73.0,366.0,51.0,16.2,49.459815000000006,0.14845499999999998,0.0,5,lehavre,,False,False,FRLEH,1,2026-09-09 21:16:14.823260158 +0000 UTC,2026-09-09 21:22:15.664263465 +0000 UTC
2026-09-09T21:15:22+00:00,205157000,EEMSHAVEN LNG,,,,,,53.444583333333334,6.848798333333334,0.0,5,eems,eems,True,False,,3,2026-09-09 21:16:15.003894807 +0000 UTC,2026-09-09 21:22:16.887587094 +0000 UTC
2026-09-09T21:15:22+00:00,211690000,VB BREMEN,,,,,,53.5377,8.163683333333333,0.0,0,wilhelmshaven,,False,False,,8,2026-09-09 21:16:15.103936738 +0000 UTC,2026-09-09 21:22:36.364485041 +0000 UTC
2026-09-09T21:15:22+00:00,211278240,FAIRPLAY-65,,,,,,53.535585,8.161761666666667,0.0,0,wilhelmshaven,,False,False,,5,2026-09-09 21:16:15.104641509 +0000 UTC,2026-09-09 21:22:36.368014406 +0000 UTC
2026-09-09T21:15:22+00:00,205597000,MEUSE RIVER,,,,,,53.87993166666667,9.113748333333332,9.2,3,brunsbuettel,,False,False,,7,2026-09-09 21:16:15.16776692 +0000 UTC,2026-09-09 21:23:15.220849162 +0000 UTC
2026-09-09T21:15:22+00:00,205224490,MARIE,0.0,99.0,14.0,6.0,0.3,51.32541833333333,3.19828,0.0,5,zeebrugge,,False,False,ZEEBRUGGE@,2,2026-09-09 21:16:15.350264202 +0000 UTC,2026-09-09 21:19:15.116499842 +0000 UTC
2026-09-09T21:15:22+00:00,230700000,FINNECO III,,,,,,51.31158166666667,3.2235783333333337,0.0,5,zeebrugge,,False,False,,2,2026-09-09 21:16:15.452099543 +0000 UTC,2026-09-09 21:22:17.040446431 +0000 UTC
2026-09-09T21:15:22+00:00,245015000,SAMIRA,9240744.0,79.0,80.0,10.0,3.6,53.87815666666667,9.094705000000001,7.1,0,brunsbuettel,,False,False,NLRTM,4,2026-09-09 21:16:15.701112424 +0000 UTC,2026-09-09 21:19:24.575747502 +0000 UTC
2026-09-09T21:15:22+00:00,211216480,FAIRPLAY-54,,,,,,53.653798333333334,9.510261666666667,4.5,0,stade,stade,False,False,,8,2026-09-09 21:16:16.755920986 +0000 UTC,2026-09-09 21:21:27.352978239 +0000 UTC
2026-09-09T21:15:22+00:00,244670043,COLORADO,0.0,79.0,110.0,23.0,0.4,51.95825833333333,4.008635,1.6,0,gate,,False,False,PRINSES AMALIAHAVEN,8,2026-09-09 21:16:17.270454494 +0000 UTC,2026-09-09 21:23:18.259734301 +0000 UTC
2026-09-09T21:15:22+00:00,228267600,GAMBE D AMFARD,9375434.0,90.0,60.0,14.0,4.8,49.47448166666666,0.132995,0.0,3,lehavre,,False,False,LE HAVRE,6,2026-09-09 21:16:17.379512183 +0000 UTC,2026-09-09 21:23:19.784343678 +0000 UTC
2026-09-09T21:15:22+00:00,232064738,EMILIA JANE,,,,,,53.444849999999995,6.826580000000001,0.0,0,eems,,False,False,,5,2026-09-09 21:16:17.71657937 +0000 UTC,2026-09-09 21:22:47.170783732 +0000 UTC
2026-09-09T21:15:22+00:00,205473290,PETRONI,,,,,,51.95617333333333,4.149868333333333,0.0,5,gate,,False,False,,2,2026-09-09 21:16:18.821966834 +0000 UTC,2026-09-09 21:19:16.048658449 +0000 UTC
2026-09-09T21:15:22+00:00,211789900,ADLER CAT,9199725.0,40.0,30.0,10.0,2.5,53.513825,8.145821666666667,0.0,5,wilhelmshaven,wilhelmshaven,True,False,DEWVN,1,2026-09-09 21:16:19.342367492 +0000 UTC,2026-09-09 21:19:07.399049544 +0000 UTC
2026-09-09T21:15:22+00:00,211667760,FAIRPLAY IX,9725093.0,52.0,29.0,14.0,6.4,53.524548333333335,8.147151666666666,0.0,0,wilhelmshaven,wilhelmshaven,True,False,WILHELMSHAVEN,4,2026-09-09 21:16:19.397592226 +0000 UTC,2026-09-09 21:22:33.180938235 +0000 UTC
2026-09-09T21:15:22+00:00,244020615,DAAN,0.0,79.0,107.0,14.0,1.9,51.951545,4.1207666666666665,0.0,5,gate,,False,False,DINTELHAVEN,2,2026-09-09 21:16:19.642421825 +0000 UTC,2026-09-09 21:22:20.454450021 +0000 UTC
2026-09-09T21:15:22+00:00,205551390,PURITY,,,,,,51.95800833333333,4.14546,0.0,5,gate,,False,False,,1,2026-09-09 21:16:19.660583705 +0000 UTC,2026-09-09 21:16:19.660583705 +0000 UTC
2026-09-09T21:15:22+00:00,244697000,VB KRACHT,9489936.0,90.0,32.0,12.0,6.3,51.98515333333333,4.054263333333333,1.0,0,gate,,False,False,RTM,6,2026-09-09 21:16:19.678487158 +0000 UTC,2026-09-09 21:23:00.759885962 +0000 UTC
2026-09-09T21:15:22+00:00,211202770,KAJA JOSEPHINE,,,,,,53.66043,9.513681666666667,11.0,0,stade,stade,False,False,,5,2026-09-09 21:16:19.822933669 +0000 UTC,2026-09-09 21:21:29.42223937 +0000 UTC
2026-09-09T21:15:22+00:00,205255290,JOGO 1,0.0,70.0,50.0,7.0,2.4,51.313428333333334,3.2012833333333335,0.0,15,zeebrugge,,False,False,ANTWERPEN,8,2026-09-09 21:16:19.852438082 +0000 UTC,2026-09-09 21:23:08.727592007 +0000 UTC
2026-09-09T21:15:22+00:00,244060924,FIXUT MARIS,0.0,79.0,135.0,23.0,0.0,51.95995666666667,4.069736666666667,0.0,5,gate,,False,False,,4,2026-09-09 21:16:20.357141833 +0000 UTC,2026-09-09 21:20:42.013377549 +0000 UTC
2026-09-09T21:15:22+00:00,211436040,PETER,9445863.0,52.0,24.0,11.0,5.4,53.65270666666667,9.510676666666665,0.0,0,stade,stade,True,False,BUETZFLETH,6,2026-09-09 21:16:20.409577849 +0000 UTC,2026-09-09 21:21:30.582453834 +0000 UTC
2026-09-09T21:15:22+00:00,538010742,MAINPORT EDGE,9762821.0,90.0,59.0,12.0,4.0,51.31809333333333,3.21608,0.0,5,zeebrugge,,False,False,BE ZEE,1,2026-09-09 21:16:20.566226982 +0000 UTC,2026-09-09 21:19:22.172823013 +0000 UTC
2026-09-09T21:15:22+00:00,244615588,SPRINTER,,,,,,53.444828333333334,6.824133333333333,0.0,0,eems,,False,False,,6,2026-09-09 21:16:20.832814668 +0000 UTC,2026-09-09 21:23:19.800421111 +0000 UTC
2026-09-09T21:15:22+00:00,212937000,ELBTRADER,,,,,,51.95761666666667,4.04023,0.0,5,gate,,False,False,,3,2026-09-09 21:16:20.979426028 +0000 UTC,2026-09-09 21:22:20.63191208 +0000 UTC
2026-09-09T21:15:22+00:00,205109000,VB FLANDES,9809942.0,52.0,32.0,13.0,6.0,51.33412,3.2174150000000004,0.1,8,zeebrugge,,False,False,PORT OPERATIONS,5,2026-09-09 21:16:21.391960664 +0000 UTC,2026-09-09 21:22:40.888029996 +0000 UTC
2026-09-09T21:15:22+00:00,211400260,SOENKE,,,,,,53.888041666666666,9.182625,0.0,0,brunsbuettel,brunsbuettel,True,False,,3,2026-09-09 21:16:21.489317993 +0000 UTC,2026-09-09 21:23:20.555588203 +0000 UTC
2026-09-09T21:15:22+00:00,211216500,FAIRPLAY-56,,,,,,53.89612666666667,9.154746666666666,0.0,0,brunsbuettel,,False,False,,6,2026-09-09 21:16:21.51591247 +0000 UTC,2026-09-09 21:21:30.047356358 +0000 UTC
2026-09-09T21:15:22+00:00,477345900,COSCO PLANET,9795660.0,71.0,400.0,59.0,14.7,51.97576333333333,4.028851666666666,0.0,5,gate,,False,False,NLRTM,2,2026-09-09 21:16:21.779117131 +0000 UTC,2026-09-09 21:21:00.48621891 +0000 UTC
2026-09-09T21:15:22+00:00,232052110,FARRA MAEV,1017232.0,40.0,27.0,9.0,1.7,53.44485666666667,6.824798333333334,0.0,5,eems,,False,False,NLEEM,2,2026-09-09 21:16:21.854014711 +0000 UTC,2026-09-09 21:19:36.79629378 +0000 UTC
2026-09-09T21:15:22+00:00,244010031,VITESSE,,,,,,51.94434666666667,4.0462983333333336,0.1,5,gate,,False,False,,3,2026-09-09 21:16:21.959306468 +0000 UTC,2026-09-09 21:22:21.313702235 +0000 UTC
2026-09-09T21:15:22+00:00,227275310,LH PILOT ST NICOLAS,0.0,50.0,16.0,4.0,0.0,49.48411,0.11294833333333335,0.0,8,lehavre,,False,False,,6,2026-09-09 21:16:21.993728319 +0000 UTC,2026-09-09 21:22:21.460293623 +0000 UTC
2026-09-09T21:15:22+00:00,244001448,LOMBARDIJEN,,,,,,51.961688333333335,4.042728333333334,0.0,5,gate,,False,False,,1,2026-09-09 21:16:22.473355053 +0000 UTC,2026-09-09 21:16:22.473355053 +0000 UTC
2026-09-09T21:15:22+00:00,244130717,MARINUS G,9566318.0,33.0,85.0,16.0,6.0,53.89357,9.15118,0.0,5,brunsbuettel,,False,False,DREDGING BINNENHAFEN,3,2026-09-09 21:16:23.260820653 +0000 UTC,2026-09-09 21:22:56.23596102 +0000 UTC
2026-09-09T21:15:22+00:00,253000082,GEO OCEAN IX,,,,,,53.45724666666667,6.818388333333333,0.0,5,eems,,False,False,,2,2026-09-09 21:16:23.962593048 +0000 UTC,2026-09-09 21:19:16.630254064 +0000 UTC
2026-09-09T21:15:22+00:00,246951000,ZEEZWALUW,8434130.0,53.0,24.0,5.0,1.5,51.97755666666667,4.123973333333334,0.0,0,gate,,False,False,MSSL,6,2026-09-09 21:16:23.992475289 +0000 UTC,2026-09-09 21:21:24.028224063 +0000 UTC
2026-09-09T21:15:22+00:00,636018723,FPMC 31,9831696.0,80.0,183.0,32.0,10.5,35.89716,-5.6852,10.3,0,transit_gibraltar,,False,True,MA PTM,3,2026-09-09 21:16:24.174347454 +0000 UTC,2026-09-09 21:23:15.300079183 +0000 UTC
2026-09-09T21:15:22+00:00,277573000,LYDIA,9125657.0,70.0,100.0,16.0,4.5,49.45742,0.16645000000000001,0.0,5,lehavre,,False,False,FRLEH,2,2026-09-09 21:16:24.526172254 +0000 UTC,2026-09-09 21:23:03.463671131 +0000 UTC
2026-09-09T21:15:22+00:00,632001149,ETHERA,9387279.0,89.0,183.0,32.0,7.2,51.338985,3.1956266666666666,0.0,5,zeebrugge,,False,True,FOR ORDERS,2,2026-09-09 21:16:25.160306242 +0000 UTC,2026-09-09 21:23:13.790214794 +0000 UTC
2026-09-09T21:15:22+00:00,211477070,ASP BILGENENTOELER 1,0.0,80.0,47.0,6.0,2.0,53.523606666666666,8.150743333333333,0.0,5,wilhelmshaven,wilhelmshaven,True,False,WILHELMSHAVEN,1,2026-09-09 21:16:25.365707202 +0000 UTC,2026-09-09 21:22:25.420995156 +0000 UTC
2026-09-09T21:15:22+00:00,211591710,SCHILLIG,9652454.0,55.0,44.0,10.0,1.7,53.51329833333333,8.148825,0.0,5,wilhelmshaven,,False,False,WILHELMSHAVEN,2,2026-09-09 21:16:25.367110989 +0000 UTC,2026-09-09 21:23:15.131298863 +0000 UTC
2026-09-09T21:15:22+00:00,431881000,RUBY ACE,9476757.0,70.0,200.0,32.0,9.4,51.32294666666667,3.210601666666667,0.0,5,zeebrugge,,False,False,BEZEE,2,2026-09-09 21:16:25.849815193 +0000 UTC,2026-09-09 21:22:29.306709832 +0000 UTC
2026-09-09T21:15:22+00:00,244770979,EPSHIP III,0.0,33.0,60.0,20.0,0.0,51.95838333333334,4.127981666666667,0.0,5,gate,,False,False,,1,2026-09-09 21:16:26.524516392 +0000 UTC,2026-09-09 21:19:24.609913236 +0000 UTC
2026-09-09T21:15:22+00:00,367455770,OREGON,9118628.0,82.0,183.0,33.0,8.4,29.60432666666667,-93.70152666666667,0.0,1,depart_sabine_pass,,False,True,NEDERLAND TX,3,2026-09-09 21:16:27.814123142 +0000 UTC,2026-09-09 21:22:29.103944042 +0000 UTC
2026-09-09T21:15:22+00:00,244630131,INSOMNIA,0.0,79.0,135.0,12.0,1.3,51.96053333333334,4.113523333333333,0.1,5,gate,,False,False,ROTTERDAM DINTELHAVE,2,2026-09-09 21:16:28.049132902 +0000 UTC,2026-09-09 21:21:06.910311848 +0000 UTC
2026-09-09T21:15:22+00:00,211417420,EMELIE DEYMANN,,,,,,51.943189999999994,4.033938333333333,0.0,0,gate,,False,False,,4,2026-09-09 21:16:28.209331404 +0000 UTC,2026-09-09 21:22:57.326045432 +0000 UTC
2026-09-09T21:15:22+00:00,244700661,VRIDO 1,,,,,,51.94522166666666,4.0327866666666665,0.0,5,gate,,False,False,,5,2026-09-09 21:16:28.713116385 +0000 UTC,2026-09-09 21:22:29.282449468 +0000 UTC
2026-09-09T21:15:22+00:00,244020098,HD66 PIETER,8531938.0,30.0,24.0,6.0,3.0,53.444628333333334,6.825810000000001,0.0,0,eems,,False,False,,4,2026-09-09 21:16:28.726225746 +0000 UTC,2026-09-09 21:22:47.774737491 +0000 UTC
2026-09-09T21:15:22+00:00,227969170,BAC 24,9887463.0,60.0,65.0,11.0,0.0,49.486201666666666,0.12424666666666666,0.0,0,lehavre,,False,False,,7,2026-09-09 21:16:28.929088626 +0000 UTC,2026-09-09 21:22:38.886632868 +0000 UTC
2026-09-09T21:15:22+00:00,244660716,JAGER,0.0,79.0,110.0,12.0,3.5,51.94460166666667,4.039655,0.0,5,gate,,False,False,,1,2026-09-09 21:16:29.02761114 +0000 UTC,2026-09-09 21:19:28.635330208 +0000 UTC
2026-09-09T21:15:22+00:00,367102000,GARDEN STATE,9698006.0,80.0,186.0,32.0,8.8,29.850604999999998,-93.97142333333333,0.0,5,depart_sabine_pass,,False,True,USPAB PORT ARTHUR,1,2026-09-09 21:16:30.601375162 +0000 UTC,2026-09-09 21:17:48.950097858 +0000 UTC
2026-09-09T21:15:22+00:00,563071100,HOEGH GANNET,,,,,,53.88726666666666,9.169878333333333,0.0,5,brunsbuettel,brunsbuettel,True,False,,1,2026-09-09 21:16:30.661665032 +0000 UTC,2026-09-09 21:16:30.661665032 +0000 UTC
2026-09-09T21:15:22+00:00,211626110,WULF 7,9183075.0,52.0,30.0,10.0,4.7,53.652993333333335,9.510083333333334,0.0,5,stade,stade,True,False,DEBUZ,3,2026-09-09 21:16:31.158030594 +0000 UTC,2026-09-09 21:22:32.588419898 +0000 UTC
2026-09-09T21:15:22+00:00,636022717,ADALINE,9701243.0,70.0,180.0,30.0,10.1,49.43346666666666,0.12217499999999999,11.3,0,lehavre,,False,False,ESSCT,6,2026-09-09 21:16:32.289404168 +0000 UTC,2026-09-09 21:22:33.02350214 +0000 UTC
2026-09-09T21:15:22+00:00,244448000,EEMS WRANGLER,9274783.0,52.0,47.0,14.0,5.2,53.446713333333335,6.822226666666666,0.0,5,eems,,False,False,NLEEM,1,2026-09-09 21:16:33.184613654 +0000 UTC,2026-09-09 21:22:32.68102349 +0000 UTC
2026-09-09T21:15:22+00:00,246804000,SISKIN,95632010.0,52.0,27.0,9.0,0.0,53.45017,6.818106666666667,0.0,5,eems,,False,False,NLEEM,2,2026-09-09 21:16:33.599565848 +0000 UTC,2026-09-09 21:20:44.526435176 +0000 UTC
2026-09-09T21:15:22+00:00,244730125,KRVE 62,0.0,49.0,10.0,4.0,0.0,51.960031666666666,4.090573333333333,0.0,0,gate,,False,False,HEYPLAAT,7,2026-09-09 21:16:33.654006187 +0000 UTC,2026-09-09 21:23:21.063168731 +0000 UTC
2026-09-09T21:15:22+00:00,255915653,FAIRPLAY-28,9765043.0,52.0,32.0,12.0,4.8,51.9587,4.049713333333333,0.0,0,gate,,False,False,RTM HARBOUR TOWAGE,4,2026-09-09 21:16:33.935852745 +0000 UTC,2026-09-09 21:21:44.220834408 +0000 UTC
2026-09-09T21:15:22+00:00,244003138,FORTUNA,,,,,,51.94884166666667,4.093771666666666,0.0,5,gate,,False,False,,2,2026-09-09 21:16:33.942517526 +0000 UTC,2026-09-09 21:22:32.395612712 +0000 UTC
2026-09-09T21:15:22+00:00,244670274,RIVERO,,,,,,51.962473333333335,4.039068333333334,0.0,5,gate,,False,False,,2,2026-09-09 21:16:34.609596034 +0000 UTC,2026-09-09 21:19:34.453001989 +0000 UTC
2026-09-09T21:15:22+00:00,244024802,PHIRON,,,,,,51.95157,4.1292599999999995,5.9,0,gate,,False,False,,2,2026-09-09 21:16:34.632036675 +0000 UTC,2026-09-09 21:22:34.646239562 +0000 UTC
2026-09-09T21:15:22+00:00,205546000,VB  KOALA,9502714.0,52.0,33.0,13.0,3.0,51.33049166666667,3.1968316666666667,0.0,5,zeebrugge,,False,False,BEZEE,2,2026-09-09 21:16:34.807953052 +0000 UTC,2026-09-09 21:19:37.394965095 +0000 UTC
2026-09-09T21:15:22+00:00,538009246,AIFANOURIOS,9891696.0,80.0,249.0,44.0,12.1,35.95344,-5.652495,10.2,0,transit_gibraltar,,False,True,GI GIB > PA CTB,4,2026-09-09 21:16:34.945698655 +0000 UTC,2026-09-09 21:22:53.945034938 +0000 UTC
2026-09-09T21:15:22+00:00,211200300,MELLUM,8301981.0,54.0,80.0,16.0,5.2,53.515053333333334,8.143906666666668,0.0,5,wilhelmshaven,wilhelmshaven,True,False,PATROL,2,2026-09-09 21:16:35.408080098 +0000 UTC,2026-09-09 21:22:36.369056805 +0000 UTC
2026-09-09T21:15:22+00:00,244710358,AMENTO,0.0,79.0,110.0,11.0,0.0,51.95341,4.1203183333333335,0.1,5,gate,,False,False,,3,2026-09-09 21:16:35.741713826 +0000 UTC,2026-09-09 21:22:38.90765427 +0000 UTC
2026-09-09T21:15:22+00:00,219028351,MHO APOLLO,9915545.0,40.0,35.0,11.0,2.2,53.456725,6.828028333333333,0.0,5,eems,,False,False,EEMSHAVEN,2,2026-09-09 21:16:36.044663784 +0000 UTC,2026-09-09 21:22:37.32533216 +0000 UTC
2026-09-09T21:15:22+00:00,255771000,BG RUBY,9436202.0,71.0,141.0,22.0,7.4,51.961185,4.009721666666667,0.0,5,gate,,False,False,GBTEE>NLRTM,2,2026-09-09 21:16:36.854494652 +0000 UTC,2026-09-09 21:22:36.958263343 +0000 UTC
2026-09-09T21:15:22+00:00,211182030,BUXTEHUDE,0.0,99.0,15.0,5.0,1.0,53.627145000000006,9.524418333333333,0.0,5,stade,,False,False,WSA ELBE-NORDSEE,1,2026-09-09 21:16:37.475084039 +0000 UTC,2026-09-09 21:22:36.84789111 +0000 UTC
2026-09-09T21:15:22+00:00,209332000,RIX PACIFIC,,,,,,53.897306666666665,9.15157,6.7,0,brunsbuettel,,False,False,,4,2026-09-09 21:16:37.542058169 +0000 UTC,2026-09-09 21:20:47.999349956 +0000 UTC
2026-09-09T21:15:22+00:00,244660108,MUREEN,0.0,79.0,135.0,23.0,0.0,51.96006,3.995525,0.0,5,gate,,False,False,,2,2026-09-09 21:16:38.061764172 +0000 UTC,2026-09-09 21:20:42.216570831 +0000 UTC
2026-09-09T21:15:22+00:00,244690454,REGGEPLUS,,,,,,51.94945,4.148815,0.0,0,gate,,False,False,,3,2026-09-09 21:16:38.132445664 +0000 UTC,2026-09-09 21:22:57.509361095 +0000 UTC
2026-09-09T21:15:22+00:00,244820811,RVE 53,0.0,0.0,16.0,5.0,1.5,51.949421666666666,4.148333333333333,0.0,0,gate,,False,False,,5,2026-09-09 21:16:38.687500911 +0000 UTC,2026-09-09 21:22:50.584291093 +0000 UTC
2026-09-09T21:15:22+00:00,244750111,HENRY HUDSON,,,,,,51.95956,4.0135499999999995,0.0,5,gate,,False,False,,2,2026-09-09 21:16:38.814995328 +0000 UTC,2026-09-09 21:22:36.376877242 +0000 UTC
2026-09-09T21:15:22+00:00,636018052,ASTERION,,,,,,51.95928833333333,4.125713333333334,0.0,5,gate,,False,False,,3,2026-09-09 21:16:39.272569813 +0000 UTC,2026-09-09 21:22:42.366669206 +0000 UTC
2026-09-09T21:15:22+00:00,227752910,LH PILOT ST CECILE,,,,,,49.48415,0.11340499999999999,0.0,0,lehavre,,False,False,,6,2026-09-09 21:16:40.487933833 +0000 UTC,2026-09-09 21:21:40.209590755 +0000 UTC
2026-09-09T21:15:22+00:00,257248000,ELEKTRA,9176577.0,70.0,228.0,32.0,9.5,51.33353833333333,3.2171133333333333,0.0,0,zeebrugge,,False,False,CA HAL,6,2026-09-09 21:16:41.317905095 +0000 UTC,2026-09-09 21:22:51.282846044 +0000 UTC
2026-09-09T21:15:22+00:00,249200000,CMA CGM RED,9690107.0,79.0,185.0,30.0,9.3,49.45796333333333,0.161915,0.0,5,lehavre,,False,False,SE GOT,3,2026-09-09 21:16:41.78260458 +0000 UTC,2026-09-09 21:22:50.874105142 +0000 UTC
2026-09-09T21:15:22+00:00,244700631,LA TERNA,0.0,79.0,135.0,15.0,1.0,51.95076666666667,4.073283333333333,0.0,5,gate,,False,False,GULYCKGELDERHAVEN,3,2026-09-09 21:16:41.817402729 +0000 UTC,2026-09-09 21:22:37.381215744 +0000 UTC
2026-09-09T21:15:22+00:00,241827000,MARAN DANAE,9930791.0,80.0,330.0,60.0,20.8,51.95247166666666,4.131016666666667,0.0,5,gate,,False,False,NLRTM,3,2026-09-09 21:16:42.822852878 +0000 UTC,2026-09-09 21:22:43.407257382 +0000 UTC
2026-09-09T21:15:22+00:00,352006908,SEA ENTERPRISE,0.0,90.0,20.0,5.0,1.4,53.44594166666666,6.820371666666667,0.0,5,eems,,False,False,EEMSHAVEN PORT,1,2026-09-09 21:16:44.11836363 +0000 UTC,2026-09-09 21:22:44.007670004 +0000 UTC
2026-09-09T21:15:22+00:00,376118000,VB FOXTROT,,,,,,51.961668333333336,4.139638333333333,0.0,5,gate,,False,False,,3,2026-09-09 21:16:45.971730408 +0000 UTC,2026-09-09 21:22:47.836271144 +0000 UTC
2026-09-09T21:15:22+00:00,211515230,HEINRICH 2,0.0,80.0,43.0,7.0,1.8,53.61226666666666,9.550525,2.6,0,stade,,False,False,DEHBU0394,6,2026-09-09 21:16:47.102322277 +0000 UTC,2026-09-09 21:22:56.652244669 +0000 UTC
2026-09-09T21:15:22+00:00,244070846,JURA,0.0,79.0,135.0,14.0,1.9,51.95908,4.013311666666667,0.0,5,gate,,False,False,APM TERMINALS MAASVL,3,2026-09-09 21:16:47.111364505 +0000 UTC,2026-09-09 21:22:47.038584673 +0000 UTC
2026-09-09T21:15:22+00:00,249436000,CELANDINE,,,,,,51.341528333333336,3.21582,0.0,5,zeebrugge,,False,False,,3,2026-09-09 21:16:47.147446394 +0000 UTC,2026-09-09 21:22:49.135204633 +0000 UTC
2026-09-09T21:15:22+00:00,232052713,HST PADSTOW,9947184.0,40.0,27.0,10.0,2.4,53.456786666666666,6.827568333333334,0.0,5,eems,,False,False,EEMSHAVEN <-> MERKUR,2,2026-09-09 21:16:47.504553342 +0000 UTC,2026-09-09 21:22:47.505266113 +0000 UTC
2026-09-09T21:15:22+00:00,211265240,STADERSAND,,,,,,53.62746333333334,9.525105,0.0,15,stade,,False,False,,6,2026-09-09 21:16:47.636313808 +0000 UTC,2026-09-09 21:22:56.836038816 +0000 UTC
2026-09-09T21:15:22+00:00,244070504,TRANQUILO,0.0,79.0,110.0,14.0,1.9,51.95703666666667,4.010031666666666,0.0,5,gate,,False,False,DUISBURG,1,2026-09-09 21:16:49.572240666 +0000 UTC,2026-09-09 21:22:49.7413503 +0000 UTC
2026-09-09T21:15:22+00:00,255915668,AMADEUS PEARL,9995844.0,70.0,90.0,13.0,5.6,53.89787666666667,9.151241666666666,3.6,0,brunsbuettel,,False,False,PLSZZ>NLVLI,4,2026-09-09 21:16:49.679582473 +0000 UTC,2026-09-09 21:22:30.207214538 +0000 UTC
2026-09-09T21:15:22+00:00,636023417,VENTURE BAYOU,9958846.0,80.0,290.0,46.0,9.6,50.87961333333333,1.221865,13.9,0,transit_dover,,False,True,FOR ORDERS,6,2026-09-09 21:16:49.758863556 +0000 UTC,2026-09-09 21:23:00.052840093 +0000 UTC
2026-09-09T21:15:22+00:00,244010504,CARON,0.0,20.0,135.0,12.0,0.0,51.93128166666667,4.037815,0.0,5,gate,,False,False,VAN A NAAR B,3,2026-09-09 21:16:50.807018969 +0000 UTC,2026-09-09 21:23:08.432852836 +0000 UTC
2026-09-09T21:15:22+00:00,244650276,DECIBEL,0.0,79.0,86.0,10.0,0.3,51.95834,4.014015,0.0,5,gate,,False,False,,1,2026-09-09 21:16:51.248481763 +0000 UTC,2026-09-09 21:22:51.75710024 +0000 UTC
2026-09-09T21:15:22+00:00,219449000,ESVAGT SERVER,,,,,,53.45514166666667,6.831501666666667,0.0,0,eems,,False,False,,9,2026-09-09 21:16:51.643965727 +0000 UTC,2026-09-09 21:23:01.215715821 +0000 UTC
2026-09-09T21:15:22+00:00,205533090,LINJAD,0.0,79.0,110.0,24.0,3.6,51.966593333333336,4.044566666666666,0.0,5,gate,,False,False,ROTTERDAM PRINSES A,1,2026-09-09 21:16:52.048216493 +0000 UTC,2026-09-09 21:19:55.2208763 +0000 UTC
2026-09-09T21:15:22+00:00,211372620,KATHI,7006974.0,89.0,43.0,7.0,1.2,53.65593333333334,9.509976666666667,0.0,0,stade,stade,True,False,STADERSAND,3,2026-09-09 21:16:52.288223071 +0000 UTC,2026-09-09 21:22:52.250598429 +0000 UTC
2026-09-09T21:15:22+00:00,246777000,MPI RESOLUTION,9260134.0,90.0,130.0,38.0,4.2,53.45824833333334,6.817871666666666,0.0,5,eems,,False,False,EMS NL,3,2026-09-09 21:16:54.129784902 +0000 UTC,2026-09-09 21:22:54.129988709 +0000 UTC
2026-09-09T21:15:22+00:00,228442700,ABEILLE HORIZON,,,,,,49.481385,0.13352833333333333,0.0,5,lehavre,,False,False,,2,2026-09-09 21:16:54.155309143 +0000 UTC,2026-09-09 21:22:58.030096113 +0000 UTC
2026-09-09T21:15:22+00:00,226003010,CLOVIS,0.0,20.0,88.0,12.0,3.0,49.484495,0.15415666666666666,0.1,5,lehavre,,False,False,CPAQ AVAL,2,2026-09-09 21:16:54.340460647 +0000 UTC,2026-09-09 21:22:52.283767277 +0000 UTC
2026-09-09T21:15:22+00:00,232054448,HST LOWESTOFT,9991977.0,40.0,27.0,10.0,2.4,53.44466833333333,6.8264016666666665,0.0,5,eems,,False,False,EEMSHAVEN,2,2026-09-09 21:16:57.250663854 +0000 UTC,2026-09-09 21:22:57.266764186 +0000 UTC
2026-09-09T21:15:22+00:00,219031856,WSC SPEED 1,9996379.0,40.0,27.0,10.0,2.0,53.444645,6.826438333333333,0.0,5,eems,,False,False,EEMSHAVEN,2,2026-09-09 21:16:57.5872967 +0000 UTC,2026-09-09 21:22:47.82614087 +0000 UTC
2026-09-09T21:15:22+00:00,244012683,ORANJE NASSAU V,0.0,89.0,110.0,14.0,1.4,51.961801666666666,4.042833333333333,0.0,5,gate,,False,False,ROTTERDAM 1E PETROHA,1,2026-09-09 21:16:57.856983264 +0000 UTC,2026-09-09 21:21:21.86267635 +0000 UTC
2026-09-09T21:15:22+00:00,354972000,MSC MARINA,9275971.0,74.0,304.0,40.0,10.5,51.959465,4.060625,0.1,5,gate,,False,False,NLRTM,2,2026-09-09 21:16:59.808806944 +0000 UTC,2026-09-09 21:23:04.513648849 +0000 UTC
2026-09-09T21:15:22+00:00,205595190,BARENDSZ,,,,,,51.97255166666666,4.12423,8.3,0,gate,,False,False,,6,2026-09-09 21:17:02.452602741 +0000 UTC,2026-09-09 21:23:12.144939145 +0000 UTC
2026-09-09T21:15:22+00:00,244170750,A2B AMBITION,9113745.0,71.0,101.0,18.0,5.7,51.98909833333333,4.0399416666666665,14.1,0,gate,,False,False,NLMOE-GBIMM VV,6,2026-09-09 21:17:03.742591122 +0000 UTC,2026-09-09 21:23:10.273111656 +0000 UTC
2026-09-09T21:15:22+00:00,352005437,BALU 6,9460564.0,80.0,229.0,42.0,8.0,31.54739,32.340025,0.0,1,transit_port_said,,False,True,PORT SAID,2,2026-09-09 21:17:03.860926569 +0000 UTC,2026-09-09 21:22:56.556876099 +0000 UTC
2026-09-09T21:15:22+00:00,244690001,WATERBOOT 5,,,,,,51.96174333333333,4.139305,0.0,5,gate,,False,False,,2,2026-09-09 21:17:04.668545772 +0000 UTC,2026-09-09 21:23:03.526676578 +0000 UTC
2026-09-09T21:15:22+00:00,311000157,ELENA,9336880.0,79.0,224.0,32.0,10.8,47.302675,-2.1281333333333334,0.0,5,montoir,montoir,True,False,FRMTX,2,2026-09-09 21:17:05.306439086 +0000 UTC,2026-09-09 21:23:05.256241569 +0000 UTC
2026-09-09T21:15:22+00:00,311000437,BARCELONA SPIRIT,9578634.0,80.0,274.0,48.0,15.1,51.968516666666666,4.069718333333333,0.1,5,gate,gate,True,False,NLRTM,1,2026-09-09 21:17:05.353676807 +0000 UTC,2026-09-09 21:23:05.50934655 +0000 UTC
2026-09-09T21:15:22+00:00,211190940,BAVARIA 88,,,,,,51.957278333333335,4.119353333333334,0.0,5,gate,,False,False,,1,2026-09-09 21:17:05.567662682 +0000 UTC,2026-09-09 21:17:05.567662682 +0000 UTC
2026-09-09T21:15:22+00:00,249342000,CLEAN TEXAS,9994008.0,80.0,300.0,49.0,9.5,27.88078,-97.27095333333334,0.0,5,depart_corpus_christi,,False,True,OPEN SEA FOR ORDERS,1,2026-09-09 21:17:06.251497721 +0000 UTC,2026-09-09 21:22:54.685114606 +0000 UTC
2026-09-09T21:15:22+00:00,205244890,MEYATI,,,,,,51.95934,4.033273333333333,0.0,5,gate,,False,False,,3,2026-09-09 21:17:06.373743113 +0000 UTC,2026-09-09 21:23:05.013209452 +0000 UTC
2026-09-09T21:15:22+00:00,253641000,GEO OCEAN IV,8704858.0,33.0,41.0,9.0,5.5,53.45733666666667,6.817593333333334,0.0,5,eems,,False,False,EEMSHAVEN,2,2026-09-09 21:17:06.416465484 +0000 UTC,2026-09-09 21:21:10.540869801 +0000 UTC
2026-09-09T21:15:22+00:00,244690451,VEERHAVEN XI,,,,,,51.952565,4.1199916666666665,0.0,5,gate,,False,False,,3,2026-09-09 21:17:06.950462741 +0000 UTC,2026-09-09 21:23:07.421352033 +0000 UTC
2026-09-09T21:15:22+00:00,244700375,RIVIERA,0.0,79.0,190.0,24.0,1.9,51.947671666666665,4.117861666666666,6.8,0,gate,,False,False,DINTELHAVEN,6,2026-09-09 21:17:08.936703123 +0000 UTC,2026-09-09 21:23:19.962584776 +0000 UTC
2026-09-09T21:15:22+00:00,228067800,VB OURAGAN,,,,,,47.267645,-2.2016050000000003,0.0,0,montoir,,False,False,,3,2026-09-09 21:17:09.583485395 +0000 UTC,2026-09-09 21:22:26.700187538 +0000 UTC
2026-09-09T21:15:22+00:00,244485000,GRUNO V,,,,,,53.445095,6.823285,0.0,5,eems,,False,False,,2,2026-09-09 21:17:09.700979932 +0000 UTC,2026-09-09 21:23:08.836409725 +0000 UTC
2026-09-09T21:15:22+00:00,247363700,IEVOLI COBALT,9736872.0,90.0,84.0,16.0,6.6,53.456588333333336,6.822863333333333,0.0,5,eems,,False,False,EEMSHAVEN PORT,3,2026-09-09 21:17:09.970083755 +0000 UTC,2026-09-09 21:23:09.970150117 +0000 UTC
2026-09-09T21:15:22+00:00,244700781,SPERA,,,,,,51.94882833333334,4.124985,0.1,5,gate,,False,False,,3,2026-09-09 21:17:10.64408558 +0000 UTC,2026-09-09 21:23:13.010018424 +0000 UTC
2026-09-09T21:15:22+00:00,205021000,VB RUMBA,9889825.0,52.0,28.0,13.0,6.1,51.33239666666667,3.2189116666666666,0.4,5,zeebrugge,,False,False,HARBOUR TOWAGE,2,2026-09-09 21:17:10.650303835 +0000 UTC,2026-09-09 21:23:11.039791125 +0000 UTC
2026-09-09T21:15:22+00:00,244670664,BUIZERD,0.0,52.0,24.0,6.0,2.0,51.934965000000005,4.056825,0.0,5,gate,,False,False,ROTTERDAM,2,2026-09-09 21:17:10.815123878 +0000 UTC,2026-09-09 21:23:11.945318458 +0000 UTC
2026-09-09T21:15:22+00:00,636016436,MSC ZLATA R,9227314.0,71.0,280.0,32.0,11.6,51.959714999999996,4.066838333333333,0.0,5,gate,,False,False,NLRTM,3,2026-09-09 21:17:11.006585794 +0000 UTC,2026-09-09 21:23:10.979683997 +0000 UTC
2026-09-09T21:15:22+00:00,244860529,HENDRIK S,,,,,,53.61566166666667,9.547400000000001,0.0,5,stade,,False,False,,3,2026-09-09 21:17:11.518054769 +0000 UTC,2026-09-09 21:23:10.957557085 +0000 UTC
2026-09-09T21:15:22+00:00,538005807,MARLIN AQUAMARINE,9721906.0,80.0,183.0,32.0,7.0,49.470580000000005,0.12494000000000001,0.0,5,lehavre,,False,True,FR LEH,2,2026-09-09 21:17:11.700247223 +0000 UTC,2026-09-09 21:23:10.889720523 +0000 UTC
2026-09-09T21:15:22+00:00,304662000,SALAR,8801125.0,70.0,87.0,13.0,3.6,51.96275833333333,4.056448333333333,0.0,5,gate,,False,False,NLRTM,1,2026-09-09 21:17:13.303083192 +0000 UTC,2026-09-09 21:23:13.593336426 +0000 UTC
2026-09-09T21:15:22+00:00,244001927,DEN BOSCH MAX GROEN,,,,,,51.97291333333333,4.041926666666667,0.0,5,gate,,False,False,,3,2026-09-09 21:17:14.366629821 +0000 UTC,2026-09-09 21:23:10.738093477 +0000 UTC
2026-09-09T21:15:22+00:00,538006120,ECO LUCIDITY,9733624.0,80.0,99.0,17.0,4.8,51.344568333333335,3.1957016666666664,0.0,5,zeebrugge,zeebrugge,True,False,BEZEE,1,2026-09-09 21:17:14.514507818 +0000 UTC,2026-09-09 21:23:14.505849957 +0000 UTC
2026-09-09T21:15:22+00:00,209058000,CAPE VENTURE,9518921.0,70.0,292.0,45.0,18.3,51.9668,4.1086833333333335,0.0,5,gate,,False,False,NL RTM,1,2026-09-09 21:17:15.994185061 +0000 UTC,2026-09-09 21:23:17.225690949 +0000 UTC
2026-09-09T21:15:22+00:00,211475980,HERKULES II,0.0,99.0,40.0,14.0,1.9,51.92955333333334,4.039853333333333,0.0,5,gate,,False,False,DINTELHAVEN,1,2026-09-09 21:17:18.300880824 +0000 UTC,2026-09-09 21:21:20.074431666 +0000 UTC
2026-09-09T21:15:22+00:00,636025561,FEW BPS,9405538.0,80.0,183.0,32.0,9.6,35.8985,-5.320333333333334,0.0,5,transit_gibraltar,,False,True,ESCEU,1,2026-09-09 21:17:21.120781052 +0000 UTC,2026-09-09 21:22:50.54948386 +0000 UTC
2026-09-09T21:15:22+00:00,205654000,DN97,0.0,53.0,16.0,6.0,1.7,51.331,3.2006316666666668,0.0,0,zeebrugge,,False,False,ZEEBRUGGE,6,2026-09-09 21:17:21.719919368 +0000 UTC,2026-09-09 21:22:01.440349908 +0000 UTC
2026-09-09T21:15:22+00:00,356037000,MSC JOY,9039250.0,70.0,202.0,31.0,7.7,49.46167666666667,0.136205,0.0,5,lehavre,,False,False,GBGRK >>  FRLEH,1,2026-09-09 21:17:22.23685815 +0000 UTC,2026-09-09 21:20:20.820438964 +0000 UTC
2026-09-09T21:15:22+00:00,211846860,RHENUS DORTMUND,0.0,79.0,96.0,12.0,1.8,51.939825000000006,4.033316666666667,0.0,5,gate,,False,False,RQTTERDAM,2,2026-09-09 21:17:22.333012121 +0000 UTC,2026-09-09 21:20:19.865781986 +0000 UTC
2026-09-09T21:15:22+00:00,563341700,ONE SATISFACTION,,,,,,51.97388333333333,4.036218333333333,0.0,5,gate,,False,False,,1,2026-09-09 21:17:22.444031616 +0000 UTC,2026-09-09 21:17:22.444031616 +0000 UTC
2026-09-09T21:15:22+00:00,244710348,PROGRESSO,,,,,,51.944445,4.046751666666667,0.2,5,gate,,False,False,,2,2026-09-09 21:17:24.915498102 +0000 UTC,2026-09-09 21:20:25.700097233 +0000 UTC
2026-09-09T21:15:22+00:00,244328000,YE238 GEERTRUIDA,0.0,30.0,20.0,5.0,2.7,51.402636666666666,3.1514666666666664,7.3,0,zeebrugge,,False,False,,4,2026-09-09 21:17:25.014695898 +0000 UTC,2026-09-09 21:22:46.071590831 +0000 UTC
2026-09-09T21:15:22+00:00,244660237,CHRISTIAAN P,,,,,,51.970755000000004,4.047711666666666,0.0,5,gate,,False,False,,1,2026-09-09 21:17:25.675616574 +0000 UTC,2026-09-09 21:17:25.675616574 +0000 UTC
2026-09-09T21:15:22+00:00,205517890,MEERBOOT IV,0.0,31.0,13.0,6.0,0.0,51.33043833333333,3.2016433333333336,0.0,0,zeebrugge,,False,False,,5,2026-09-09 21:17:26.060969371 +0000 UTC,2026-09-09 21:23:05.504816623 +0000 UTC
2026-09-09T21:15:22+00:00,244492000,EEMS WORKER,,,,,,53.44600333333334,6.819911666666667,0.0,5,eems,,False,False,,2,2026-09-09 21:17:26.621996593 +0000 UTC,2026-09-09 21:20:24.006946291 +0000 UTC
2026-09-09T21:15:22+00:00,636021162,LEGISLATOR,9938523.0,84.0,227.0,37.0,8.1,28.93502833333333,-95.33130166666666,0.0,5,depart_freeport_tx,,False,True,USHOU VIA COGH,2,2026-09-09 21:17:26.786882809 +0000 UTC,2026-09-09 21:22:08.939819187 +0000 UTC
2026-09-09T21:15:22+00:00,563182800,EA NODDY,9937488.0,70.0,172.0,24.0,7.8,51.953828333333334,4.0765416666666665,0.0,5,gate,,False,False,NLRTM,2,2026-09-09 21:17:27.454585543 +0000 UTC,2026-09-09 21:20:27.458539599 +0000 UTC
2026-09-09T21:15:22+00:00,244620859,ALFA GRANDE,0.0,79.0,,,0.0,51.95992666666667,4.115753333333333,0.0,5,gate,,False,False,NLRTM0115A4811300042,2,2026-09-09 21:17:28.271684255 +0000 UTC,2026-09-09 21:20:27.600320597 +0000 UTC
2026-09-09T21:15:22+00:00,244830176,CALIFORNIA,0.0,80.0,135.0,18.0,4.0,51.948211666666666,4.05608,0.1,5,gate,,False,False,DEURGANCKDOK,2,2026-09-09 21:17:28.470617822 +0000 UTC,2026-09-09 21:21:32.15410415 +0000 UTC
2026-09-09T21:15:22+00:00,211436810,TRANSPORTER III,,,,,,53.51675,8.145473333333333,0.0,0,wilhelmshaven,wilhelmshaven,True,False,,6,2026-09-09 21:17:29.260758012 +0000 UTC,2026-09-09 21:22:48.860888555 +0000 UTC
2026-09-09T21:15:22+00:00,232059673,SVITZER TIGER,1040502.0,52.0,32.0,13.0,6.0,51.446353333333334,0.7428816666666667,0.0,0,grain,,False,False,THAMES MEDWAY TOWAG,5,2026-09-09 21:17:29.674590758 +0000 UTC,2026-09-09 21:23:09.034867391 +0000 UTC
2026-09-09T21:15:22+00:00,246582000,RWS 74,9479266.0,55.0,24.0,6.0,1.4,53.44473333333334,6.824916666666667,0.0,5,eems,,False,False,NL EEM,5,2026-09-09 21:17:30.653165942 +0000 UTC,2026-09-09 21:20:40.194483907 +0000 UTC
2026-09-09T21:15:22+00:00,244791000,VB ROB,9474905.0,52.0,29.0,12.0,6.2,51.96125,4.140633333333333,0.0,0,gate,,False,False,ROTTERDAM,4,2026-09-09 21:17:30.867588062 +0000 UTC,2026-09-09 21:21:07.227420502 +0000 UTC
2026-09-09T21:15:22+00:00,227006760,VB 21 FECAMP,,,,,,49.47570333333333,0.13151166666666667,0.0,11,lehavre,,False,False,,3,2026-09-09 21:17:30.871343536 +0000 UTC,2026-09-09 21:21:21.409673838 +0000 UTC
2026-09-09T21:15:22+00:00,244670320,JOHANNA,0.0,79.0,187.0,12.0,2.0,51.93170166666666,4.049623333333333,0.0,5,gate,,False,False,ROTTERDAM,2,2026-09-09 21:17:30.953126232 +0000 UTC,2026-09-09 21:20:48.2832427 +0000 UTC
2026-09-09T21:15:22+00:00,244740148,PORTHOS,0.0,79.0,85.0,10.0,1.0,51.95808666666667,4.011028333333333,0.0,5,gate,,False,False,AMAZONEHAVEN,1,2026-09-09 21:17:31.273440884 +0000 UTC,2026-09-09 21:20:53.518820783 +0000 UTC
2026-09-09T21:15:22+00:00,211445180,STETTIN,,,,,,53.898825,9.14998,0.0,5,brunsbuettel,,False,False,,2,2026-09-09 21:17:31.594098297 +0000 UTC,2026-09-09 21:20:29.505980261 +0000 UTC
2026-09-09T21:15:22+00:00,255915686,FAIRPLAY-29,,,,,,51.95077166666667,4.145078333333333,0.0,0,gate,,False,False,,3,2026-09-09 21:17:32.259309579 +0000 UTC,2026-09-09 21:23:12.550072569 +0000 UTC
2026-09-09T21:15:22+00:00,245497000,EEMS DOLLARD,9278337.0,79.0,89.0,12.0,2.9,53.61119,9.558908333333333,0.0,1,stade,,False,False,DEHAM,1,2026-09-09 21:17:33.274825993 +0000 UTC,2026-09-09 21:18:28.488597026 +0000 UTC
2026-09-09T21:15:22+00:00,205285890,CHRIDI,0.0,79.0,172.0,12.0,3.6,51.94043833333333,4.036208333333334,0.0,5,gate,,False,False,ROTTERDAM HARTELHAVE,2,2026-09-09 21:17:33.60694725 +0000 UTC,2026-09-09 21:20:33.518043191 +0000 UTC
2026-09-09T21:15:22+00:00,245932000,VB GINGER,,,,,,51.9599,4.00975,0.0,0,gate,,False,False,,1,2026-09-09 21:17:34.447602309 +0000 UTC,2026-09-09 21:17:34.447602309 +0000 UTC
2026-09-09T21:15:22+00:00,244620628,JOWI,0.0,90.0,135.0,17.0,0.0,51.95834,4.145648333333333,0.0,5,gate,,False,False,ROTTERDAM 6E PETROHA,2,2026-09-09 21:17:35.16349905 +0000 UTC,2026-09-09 21:21:47.38039228 +0000 UTC
2026-09-09T21:15:22+00:00,244591000,HNLMS ZIERIKZEE,0.0,35.0,,,0.0,51.336533333333335,3.201085,0.2,5,zeebrugge,,False,False,,1,2026-09-09 21:17:35.926242697 +0000 UTC,2026-09-09 21:20:58.519429842 +0000 UTC
2026-09-09T21:15:22+00:00,230916000,TALI,,,,,,53.65511166666667,9.508941666666667,0.0,5,stade,stade,True,False,,2,2026-09-09 21:17:38.428175505 +0000 UTC,2026-09-09 21:20:37.929815003 +0000 UTC
2026-09-09T21:15:22+00:00,244003614,DEN BOSCH MAX BLAUW,0.0,79.0,90.0,12.0,0.0,51.95099166666667,4.0743350000000005,0.0,5,gate,,False,False,DEN BOSCH EXSPRESS,6,2026-09-09 21:17:39.073593535 +0000 UTC,2026-09-09 21:20:59.755325863 +0000 UTC
2026-09-09T21:15:22+00:00,218055210,LINEM,,,,,,51.34583666666666,3.1990683333333334,0.0,5,zeebrugge,,False,False,,2,2026-09-09 21:17:42.701619569 +0000 UTC,2026-09-09 21:20:29.935735495 +0000 UTC
2026-09-09T21:15:22+00:00,249917000,CMA CGM MOLIERE,,,,,,51.95453333333333,3.9941833333333334,0.0,5,gate,,False,False,,2,2026-09-09 21:17:43.465026003 +0000 UTC,2026-09-09 21:20:43.45217851 +0000 UTC
2026-09-09T21:15:22+00:00,211224360,RUESTERSIEL,8865145.0,52.0,34.0,8.0,1.8,53.51327166666667,8.148855000000001,0.0,5,wilhelmshaven,,False,False,WHV,1,2026-09-09 21:17:43.746600376 +0000 UTC,2026-09-09 21:18:16.725145658 +0000 UTC
2026-09-09T21:15:22+00:00,244620662,COMBINATION,,,,,,51.95919833333333,4.124751666666667,0.0,5,gate,,False,False,,1,2026-09-09 21:17:44.531016833 +0000 UTC,2026-09-09 21:17:44.531016833 +0000 UTC
2026-09-09T21:15:22+00:00,246191000,FENJA,9287716.0,71.0,137.0,22.0,7.8,51.950205,4.0678383333333334,0.1,5,gate,,False,False,GBFXT,2,2026-09-09 21:17:44.814603858 +0000 UTC,2026-09-09 21:21:06.462193143 +0000 UTC
2026-09-09T21:15:22+00:00,245049000,VERTOM QUINA,1027718.0,70.0,119.0,14.0,6.5,53.516529999999996,8.141276666666666,0.0,5,wilhelmshaven,wilhelmshaven,True,False,DEWVN,3,2026-09-09 21:17:45.586884677 +0000 UTC,2026-09-09 21:20:57.289833035 +0000 UTC
2026-09-09T21:15:22+00:00,244630169,TRANSFERIUM,,,,,,51.967710000000004,4.039383333333333,0.0,5,gate,,False,False,,2,2026-09-09 21:17:45.677030566 +0000 UTC,2026-09-09 21:20:45.209465771 +0000 UTC
2026-09-09T21:15:22+00:00,218816000,BEATE,9333345.0,79.0,135.0,23.0,7.1,51.97677,4.024915,0.0,5,gate,,False,False,NLRTM,1,2026-09-09 21:17:45.887055505 +0000 UTC,2026-09-09 21:21:21.011036753 +0000 UTC
2026-09-09T21:15:22+00:00,245122000,SAND FULMAR,9174127.0,33.0,100.0,20.0,4.5,51.322496666666666,3.202195,0.0,5,zeebrugge,,False,False,BE ZEE,2,2026-09-09 21:17:46.601013543 +0000 UTC,2026-09-09 21:21:06.963231415 +0000 UTC
2026-09-09T21:15:22+00:00,211537930,TUEMMLER,0.0,55.0,17.0,4.0,1.2,53.624575,9.513348333333333,0.0,5,stade,,False,False,SURVEYING,1,2026-09-09 21:17:49.182512691 +0000 UTC,2026-09-09 21:19:47.609739015 +0000 UTC
2026-09-09T21:15:22+00:00,244730042,CLEAN SEAS 2,0.0,79.0,75.0,20.0,0.0,51.94395166666666,4.043498333333334,0.0,5,gate,,False,False,,1,2026-09-09 21:17:49.732218857 +0000 UTC,2026-09-09 21:20:44.063252046 +0000 UTC
2026-09-09T21:15:22+00:00,246333000,KNRM JEANINE PARQUI,0.0,51.0,19.0,6.0,1.0,51.97716666666667,4.125166666666667,0.1,5,gate,,False,False,SAR OPS,2,2026-09-09 21:17:49.953623023 +0000 UTC,2026-09-09 21:20:48.356205041 +0000 UTC
2026-09-09T21:15:22+00:00,255955000,FAIRPLAY-67,9158472.0,52.0,31.0,11.0,5.0,53.89134166666667,9.145593333333332,0.0,0,brunsbuettel,,False,False,BRUNSBUETTEL,5,2026-09-09 21:17:50.744090968 +0000 UTC,2026-09-09 21:23:00.247862091 +0000 UTC
2026-09-09T21:15:22+00:00,538009160,SHANDONG DE TAI,9872121.0,70.0,292.0,45.0,14.3,51.93748166666667,4.0534783333333335,0.0,5,gate,,False,False,NL RTM,1,2026-09-09 21:17:53.677564567 +0000 UTC,2026-09-09 21:20:46.997029696 +0000 UTC
2026-09-09T21:15:22+00:00,538008394,AEOLIAN VISION,,,,,,51.95101,4.1273,0.0,5,gate,,False,False,,2,2026-09-09 21:17:53.755925215 +0000 UTC,2026-09-09 21:20:56.636986878 +0000 UTC
2026-09-09T21:15:22+00:00,636026391,AEGEA,,,,,,51.95030166666666,4.091600000000001,0.2,5,gate,,False,False,,2,2026-09-09 21:17:56.512303107 +0000 UTC,2026-09-09 21:20:56.635348374 +0000 UTC
2026-09-09T21:15:22+00:00,211286490,JADE,,,,,,53.513391666666664,8.149555,0.0,5,wilhelmshaven,,False,False,,2,2026-09-09 21:18:00.719869445 +0000 UTC,2026-09-09 21:20:59.555368208 +0000 UTC
2026-09-09T21:15:22+00:00,219110000,VAYENGA MAERSK,9775751.0,71.0,200.0,36.0,9.6,51.9585,4.0501499999999995,0.0,5,gate,,False,False,NLRTM->DEBRV,1,2026-09-09 21:18:01.414441053 +0000 UTC,2026-09-09 21:18:51.841902235 +0000 UTC
2026-09-09T21:15:22+00:00,235108495,NJORD THOR,9751810.0,40.0,26.0,8.0,1.6,53.44461,6.827026666666667,0.0,5,eems,,False,False,BRK3>EEMSHAVEN,2,2026-09-09 21:18:02.706071462 +0000 UTC,2026-09-09 21:21:00.057281061 +0000 UTC
2026-09-09T21:15:22+00:00,244078754,STERN,,,,,,51.950511666666664,4.12483,0.0,5,gate,,False,False,,2,2026-09-09 21:18:03.247244905 +0000 UTC,2026-09-09 21:21:02.688842258 +0000 UTC
2026-09-09T21:15:22+00:00,205755000,ORION,,,,,,53.448595,6.828733333333333,0.0,5,eems,,False,False,,1,2026-09-09 21:18:04.273047853 +0000 UTC,2026-09-09 21:18:04.273047853 +0000 UTC
2026-09-09T21:15:22+00:00,244129132,SENTO,0.0,79.0,110.0,23.0,2.0,51.96041666666667,3.99536,0.0,5,gate,,False,False,PRINSES MARGRIETHAVE,1,2026-09-09 21:18:06.123247109 +0000 UTC,2026-09-09 21:21:49.983996692 +0000 UTC
2026-09-09T21:15:22+00:00,563262500,CMACGM SAINT GERMAIN,9987201.0,71.0,400.0,62.0,15.9,49.456745,0.17037333333333335,0.0,5,lehavre,,False,False,SGSIN>FRLEH,1,2026-09-09 21:18:08.048420333 +0000 UTC,2026-09-09 21:18:16.79880351 +0000 UTC
2026-09-09T21:15:22+00:00,538010923,CAPOEIRA,9327011.0,80.0,206.0,49.0,12.5,31.571345,32.21678333333333,0.0,1,transit_port_said,,False,True,EG PSD,1,2026-09-09 21:18:09.460504454 +0000 UTC,2026-09-09 21:19:51.622849151 +0000 UTC
2026-09-09T21:15:22+00:00,211212410,GRIEP,0.0,0.0,53.0,24.0,2.4,53.521494999999994,8.13395,0.0,5,wilhelmshaven,,False,False,W'HAVEN PORT,1,2026-09-09 21:18:10.70173745 +0000 UTC,2026-09-09 21:19:21.498071512 +0000 UTC
2026-09-09T21:15:22+00:00,245587000,MEES (PILOTS),0.0,53.0,23.0,7.0,1.3,53.444966666666666,6.8216133333333335,0.0,5,eems,,False,False,PILOT BOARDING AREA,1,2026-09-09 21:18:10.800778098 +0000 UTC,2026-09-09 21:18:28.925980173 +0000 UTC
2026-09-09T21:15:22+00:00,244650819,AMIRATIO,,,,,,51.956755,4.148646666666667,0.0,5,gate,,False,False,,2,2026-09-09 21:18:11.008327168 +0000 UTC,2026-09-09 21:21:10.567186778 +0000 UTC
2026-09-09T21:15:22+00:00,211207650,WSP 5,,,,,,53.534380000000006,8.160223333333333,0.0,5,wilhelmshaven,,False,False,,2,2026-09-09 21:18:11.600675323 +0000 UTC,2026-09-09 21:21:12.489348213 +0000 UTC
2026-09-09T21:15:22+00:00,244710029,NORTHSTAR,,,,,,51.332748333333335,3.2012,0.0,5,zeebrugge,,False,False,,2,2026-09-09 21:18:11.941878313 +0000 UTC,2026-09-09 21:21:12.945057981 +0000 UTC
2026-09-09T21:15:22+00:00,267131008,NAJADE,0.0,20.0,109.0,21.0,3.0,51.93231333333333,4.046681666666667,0.0,5,gate,,False,False,ROTTERDAM,1,2026-09-09 21:18:12.626637041 +0000 UTC,2026-09-09 21:23:00.75114009 +0000 UTC
2026-09-09T21:15:22+00:00,367518920,AMERICAN PHOENIX,9564578.0,80.0,189.0,32.0,11.7,27.814616666666666,-97.40819833333333,0.0,5,depart_corpus_christi,,False,True,ARANSAS PASS,1,2026-09-09 21:18:13.067452131 +0000 UTC,2026-09-09 21:21:21.485487932 +0000 UTC
2026-09-09T21:15:22+00:00,255805907,AUTO ECO,9736365.0,70.0,181.0,32.0,7.0,53.52885666666667,8.151315,0.0,5,wilhelmshaven,wilhelmshaven,True,False,ESVGO,1,2026-09-09 21:18:14.353700863 +0000 UTC,2026-09-09 21:18:48.809184654 +0000 UTC
2026-09-09T21:15:22+00:00,244710657,DEZI,0.0,79.0,135.0,12.0,0.0,51.950500000000005,4.070833333333334,0.0,5,gate,,False,False,APM 2 EXSPRES,1,2026-09-09 21:18:17.066287772 +0000 UTC,2026-09-09 21:21:10.397036645 +0000 UTC
2026-09-09T21:15:22+00:00,244700456,PRINS 2,,,,,,53.89498833333334,9.152796666666667,0.0,5,brunsbuettel,,False,False,,1,2026-09-09 21:18:18.68809742 +0000 UTC,2026-09-09 21:18:18.68809742 +0000 UTC
2026-09-09T21:15:22+00:00,227004260,LYNX,,,,,,49.483795,0.11957666666666666,0.0,5,lehavre,,False,False,,2,2026-09-09 21:18:19.77988352 +0000 UTC,2026-09-09 21:21:19.276225895 +0000 UTC
2026-09-09T21:15:22+00:00,211184930,STADE,,,,,,53.62712666666666,9.524461666666667,0.0,5,stade,,False,False,,2,2026-09-09 21:18:24.963337418 +0000 UTC,2026-09-09 21:21:26.86280218 +0000 UTC
2026-09-09T21:15:22+00:00,244650652,SEAZIP 6,9776119.0,99.0,26.0,10.0,2.2,53.44611,6.820508333333334,0.0,5,eems,,False,False,GEMINI<=>NLEEM,2,2026-09-09 21:18:25.592144111 +0000 UTC,2026-09-09 21:22:54.776344306 +0000 UTC
2026-09-09T21:15:22+00:00,244730603,CHAMISA-D,,,,,,51.945328333333336,4.090425,0.0,5,gate,,False,False,,2,2026-09-09 21:18:25.873026156 +0000 UTC,2026-09-09 21:21:28.155961037 +0000 UTC
2026-09-09T21:15:22+00:00,244670573,MODENA,0.0,79.0,105.0,10.0,1.4,51.96694333333333,4.04277,0.0,5,gate,,False,False,OP EN NEER,2,2026-09-09 21:18:29.809399933 +0000 UTC,2026-09-09 21:21:29.357351704 +0000 UTC
2026-09-09T21:15:22+00:00,244533000,WATERLAND,9881768.0,52.0,32.0,13.0,5.8,53.44507333333333,6.824375,0.0,3,eems,,False,False,EEMSHAVEN,6,2026-09-09 21:18:29.906361368 +0000 UTC,2026-09-09 21:22:31.453976376 +0000 UTC
2026-09-09T21:15:22+00:00,205521790,ANTIBES,,,,,,51.945434999999996,4.09077,0.0,5,gate,,False,False,,2,2026-09-09 21:18:30.023213078 +0000 UTC,2026-09-09 21:21:28.452447194 +0000 UTC
2026-09-09T21:15:22+00:00,255915830,FAIRPLAY-84,,,,,,53.89069166666666,9.144775000000001,0.0,5,brunsbuettel,,False,False,,1,2026-09-09 21:18:30.237073027 +0000 UTC,2026-09-09 21:18:30.237073027 +0000 UTC
2026-09-09T21:15:22+00:00,244710007,LEVANTE,,,,,,51.94078666666667,4.03282,0.1,5,gate,,False,False,,1,2026-09-09 21:18:32.220858705 +0000 UTC,2026-09-09 21:18:32.220858705 +0000 UTC
2026-09-09T21:15:22+00:00,257350880,HAGLAND POSEIDON,1093638.0,70.0,87.0,15.0,4.0,53.447046666666665,6.820203333333334,0.0,0,eems,,False,False,SEA TRIALS,2,2026-09-09 21:18:34.133395679 +0000 UTC,2026-09-09 21:23:07.930788442 +0000 UTC
2026-09-09T21:15:22+00:00,244730201,LISA,0.0,79.0,51.0,7.0,0.0,51.953253333333336,4.125485,0.0,0,gate,,False,False,,4,2026-09-09 21:18:34.343498416 +0000 UTC,2026-09-09 21:21:43.890436046 +0000 UTC
2026-09-09T21:15:22+00:00,211247120,FAIRPLAY-57,,,,,,53.89098333333333,9.145166666666666,0.0,0,brunsbuettel,,False,False,,2,2026-09-09 21:18:35.329279796 +0000 UTC,2026-09-09 21:23:05.542266291 +0000 UTC
2026-09-09T21:15:22+00:00,244660365,AMIRA,,,,,,51.959264999999995,4.0131483333333335,0.0,5,gate,,False,False,,1,2026-09-09 21:18:40.234608636 +0000 UTC,2026-09-09 21:18:40.234608636 +0000 UTC
2026-09-09T21:15:22+00:00,563331700,CECILIE F,,,,,,51.95843333333333,4.127413333333333,0.0,5,gate,,False,False,,1,2026-09-09 21:18:41.51263721 +0000 UTC,2026-09-09 21:18:41.51263721 +0000 UTC
2026-09-09T21:15:22+00:00,244660660,ADDIO,0.0,79.0,80.0,9.0,1.7,51.95150666666667,4.125426666666667,0.1,5,gate,,False,False,NVT,1,2026-09-09 21:18:45.568213223 +0000 UTC,2026-09-09 21:20:48.924505567 +0000 UTC
2026-09-09T21:15:22+00:00,227006710,VB PORNIC,,,,,,47.267336666666665,-2.2017683333333333,0.0,0,montoir,,False,False,,2,2026-09-09 21:18:51.838450643 +0000 UTC,2026-09-09 21:22:48.885310978 +0000 UTC
2026-09-09T21:15:22+00:00,228461800,JOZEF PILSUDSKI,9969376.0,80.0,299.0,46.0,9.2,29.741388333333337,-93.86752,0.0,5,depart_sabine_pass,,False,True,USSAB,2,2026-09-09 21:18:51.916078661 +0000 UTC,2026-09-09 21:22:50.921545618 +0000 UTC
2026-09-09T21:15:22+00:00,244100961,ROLF MONI,,,,,,51.941021666666664,4.03564,0.0,5,gate,,False,False,,2,2026-09-09 21:18:55.276162142 +0000 UTC,2026-09-09 21:21:57.764819082 +0000 UTC
2026-09-09T21:15:22+00:00,219025574,FORTUNA KINGFISHER,4549133.0,90.0,39.0,9.0,3.9,53.486356666666666,6.804728333333333,0.2,1,eems,,False,False,DUKEGAT-REEDE,1,2026-09-09 21:18:57.792728984 +0000 UTC,2026-09-09 21:20:24.99812765 +0000 UTC
2026-09-09T21:15:22+00:00,244620993,PROGRES,0.0,79.0,135.0,15.0,1.6,51.959716666666665,4.0333966666666665,0.0,5,gate,,False,False,MAASVLAKTE,2,2026-09-09 21:18:58.492278999 +0000 UTC,2026-09-09 21:22:21.623813069 +0000 UTC
2026-09-09T21:15:22+00:00,247452100,GREAT COTONOU,9935064.0,70.0,249.0,39.0,9.0,53.881373333333336,9.220213333333334,11.6,0,brunsbuettel,,False,False,DEHAM > GBLON,4,2026-09-09 21:18:58.760800103 +0000 UTC,2026-09-09 21:22:19.247429705 +0000 UTC
2026-09-09T21:15:22+00:00,211508590,BRESLAU,,,,,,53.898559999999996,9.14973,0.0,5,brunsbuettel,,False,False,,1,2026-09-09 21:18:59.302350296 +0000 UTC,2026-09-09 21:18:59.302350296 +0000 UTC
2026-09-09T21:15:22+00:00,352004757,ASP TREASURES,9732242.0,80.0,256.0,43.0,13.2,51.95343333333334,4.138631666666667,0.0,5,gate,,False,False,NLRTM,2,2026-09-09 21:19:06.56650644 +0000 UTC,2026-09-09 21:22:44.887044034 +0000 UTC
2026-09-09T21:15:22+00:00,565497000,TORM TROILUS,9726475.0,80.0,183.0,32.0,11.4,31.379261666666665,32.30050666666667,0.0,1,transit_port_said,,False,True,EGPSD,1,2026-09-09 21:19:09.813672031 +0000 UTC,2026-09-09 21:21:11.734670376 +0000 UTC
2026-09-09T21:15:22+00:00,244010931,IVEN 1,,,,,,51.93924166666667,4.037105,0.0,0,gate,,False,False,,4,2026-09-09 21:19:11.43234655 +0000 UTC,2026-09-09 21:22:02.694252877 +0000 UTC
2026-09-09T21:15:22+00:00,257831000,BELHAWK,9748461.0,70.0,199.0,32.0,7.4,51.93492833333333,4.057956666666667,0.1,5,gate,,False,False,NL RTM,2,2026-09-09 21:19:17.651986082 +0000 UTC,2026-09-09 21:23:05.589594347 +0000 UTC
2026-09-09T21:15:22+00:00,205268290,VENJO,1840972.0,99.0,22.0,10.0,2.7,51.93437666666667,4.052336666666666,2.6,0,gate,,False,False,GENT,4,2026-09-09 21:19:21.552126381 +0000 UTC,2026-09-09 21:23:19.291050642 +0000 UTC
2026-09-09T21:15:22+00:00,219032375,SERVER,,,,,,53.51356666666666,8.14991,0.0,5,wilhelmshaven,,False,False,,2,2026-09-09 21:19:21.705323671 +0000 UTC,2026-09-09 21:22:21.760728832 +0000 UTC
2026-09-09T21:15:22+00:00,228432600,GORDONWATERS KNUTSEN,9946374.0,84.0,299.0,46.0,9.2,70.67526500000001,23.409805,0.0,1,depart_hammerfest,,False,True,NOHFT,2,2026-09-09 21:19:24.162408301 +0000 UTC,2026-09-09 21:22:22.589255262 +0000 UTC
2026-09-09T21:15:22+00:00,244130941,NAUTICTRANS,,,,,,51.95614333333333,4.011918333333333,0.0,5,gate,,False,False,,1,2026-09-09 21:19:30.33063945 +0000 UTC,2026-09-09 21:19:30.33063945 +0000 UTC
2026-09-09T21:15:22+00:00,244043000,DEEP LOCUS,,,,,,53.44446333333334,6.82639,0.0,5,eems,,False,False,,1,2026-09-09 21:19:30.390618887 +0000 UTC,2026-09-09 21:19:30.390618887 +0000 UTC
2026-09-09T21:15:22+00:00,636015607,AMBITION,,,,,,51.95236666666666,3.9999366666666663,0.0,5,gate,,False,False,,2,2026-09-09 21:19:31.405601959 +0000 UTC,2026-09-09 21:22:37.434665361 +0000 UTC
2026-09-09T21:15:22+00:00,205252000,VLAANDEREN 8,9198214.0,33.0,66.0,12.0,1.9,51.320296666666664,3.192405,0.0,5,zeebrugge,,False,False,GBARS->BEZEE,2,2026-09-09 21:19:34.262699753 +0000 UTC,2026-09-09 21:22:32.852150445 +0000 UTC
2026-09-09T21:15:22+00:00,255805821,HAUKE OLDENDORFF,9871115.0,70.0,300.0,50.0,16.6,51.96551,4.11296,0.0,5,gate,,False,False,NLRTM,2,2026-09-09 21:19:34.419320592 +0000 UTC,2026-09-09 21:22:42.2590448 +0000 UTC
2026-09-09T21:15:22+00:00,245427000,VB STINGRAY,,,,,,51.983891666666665,4.060928333333333,6.5,0,gate,,False,False,,5,2026-09-09 21:19:36.141323045 +0000 UTC,2026-09-09 21:22:56.443176105 +0000 UTC
2026-09-09T21:15:22+00:00,563155200,YM TROPHY,9789996.0,71.0,333.0,48.0,12.6,51.94768166666667,4.049801666666666,0.0,5,gate,,False,False,NLRTM,2,2026-09-09 21:19:37.170744092 +0000 UTC,2026-09-09 21:22:37.18823285 +0000 UTC
2026-09-09T21:15:22+00:00,244710739,DRAGA,0.0,79.0,110.0,13.0,0.0,51.958148333333334,3.995765,0.0,5,gate,,False,False,OOSTERHOUT,1,2026-09-09 21:19:38.259375049 +0000 UTC,2026-09-09 21:23:09.359998002 +0000 UTC
2026-09-09T21:15:22+00:00,244780376,LYRA PILOTS,0.0,50.0,23.0,6.0,1.3,51.976638333333334,4.125485,0.0,5,gate,,False,False,PILOT BOARDING,2,2026-09-09 21:19:39.199653924 +0000 UTC,2026-09-09 21:22:48.555196146 +0000 UTC
2026-09-09T21:15:22+00:00,227681520,ANATIFE,,,,,,47.30555833333334,-2.0814766666666666,0.0,0,montoir,,False,False,,3,2026-09-09 21:19:43.355183939 +0000 UTC,2026-09-09 21:22:41.691611212 +0000 UTC
2026-09-09T21:15:22+00:00,256339000,ECO MAESTRO,,,,,,51.96248666666667,4.056783333333334,0.0,5,gate,,False,False,,2,2026-09-09 21:19:43.668718885 +0000 UTC,2026-09-09 21:22:43.644665202 +0000 UTC
2026-09-09T21:15:22+00:00,244255050,GODETIA,0.0,99.0,55.0,8.0,0.0,51.93357833333334,4.037443333333333,0.0,5,gate,,False,False,ROTTERDAM MISSISSIP,1,2026-09-09 21:19:44.028567136 +0000 UTC,2026-09-09 21:21:45.019035354 +0000 UTC
2026-09-09T21:15:22+00:00,219000245,SATURN,,,,,,53.87892166666666,9.092731666666667,5.4,0,brunsbuettel,,False,False,,1,2026-09-09 21:19:47.914485748 +0000 UTC,2026-09-09 21:19:47.914485748 +0000 UTC
2026-09-09T21:15:22+00:00,232052057,SVITZER ESTELLE,9984144.0,52.0,32.0,12.0,6.0,51.445955000000005,0.742725,0.0,5,grain,,False,False,THAMES,1,2026-09-09 21:19:50.760933794 +0000 UTC,2026-09-09 21:23:05.502214637 +0000 UTC
2026-09-09T21:15:22+00:00,205542590,MALIA,,,,,,51.9578,4.146216666666667,0.0,5,gate,,False,False,,2,2026-09-09 21:19:52.13913036 +0000 UTC,2026-09-09 21:22:55.560426931 +0000 UTC
2026-09-09T21:15:22+00:00,244140114,LUNA (PILOTS),,,,,,51.96031666666667,4.090518333333333,0.0,5,gate,,False,False,,2,2026-09-09 21:20:06.823350062 +0000 UTC,2026-09-09 21:23:05.816826555 +0000 UTC
2026-09-09T21:15:22+00:00,244650739,MOONLIGHT,,,,,,51.972166666666666,4.0441666666666665,0.0,5,gate,,False,False,,1,2026-09-09 21:20:09.893508964 +0000 UTC,2026-09-09 21:20:09.893508964 +0000 UTC
2026-09-09T21:15:22+00:00,205568190,RIVER DRONE 7,,,,,,51.96792000000001,4.038608333333333,0.0,5,gate,,False,False,,2,2026-09-09 21:20:18.504202261 +0000 UTC,2026-09-09 21:23:19.14205628 +0000 UTC
2026-09-09T21:15:22+00:00,246593000,EEMS SPIRIT,9559626.0,70.0,99.0,11.0,2.5,51.95740833333333,4.12535,0.0,5,gate,,False,False,NL RTM,1,2026-09-09 21:20:18.924901634 +0000 UTC,2026-09-09 21:23:21.068572928 +0000 UTC
2026-09-09T21:15:22+00:00,232055708,PURUS CORIOLIS,1035583.0,90.0,90.0,25.0,5.3,53.45640166666667,6.824018333333333,0.0,5,eems,,False,False,"BORKUM,FIELD",1,2026-09-09 21:20:19.33906252 +0000 UTC,2026-09-09 21:21:05.424990745 +0000 UTC
2026-09-09T21:15:22+00:00,232059968,MCS SWATH 3,,,,,,53.444561666666665,6.827653333333333,0.0,5,eems,,False,False,,1,2026-09-09 21:20:22.568666812 +0000 UTC,2026-09-09 21:20:22.568666812 +0000 UTC
2026-09-09T21:15:22+00:00,205384190,ALASKA,0.0,79.0,105.0,12.0,1.0,51.933998333333335,4.0541833333333335,0.0,5,gate,,False,False,MISSISSIPPIHAVEN,1,2026-09-09 21:20:22.913320425 +0000 UTC,2026-09-09 21:23:08.103658516 +0000 UTC
2026-09-09T21:15:22+00:00,255802940,CGAS MATE,,,,,,47.30552,-2.0665999999999998,0.0,5,montoir,,False,False,,1,2026-09-09 21:20:23.404239255 +0000 UTC,2026-09-09 21:20:23.404239255 +0000 UTC
2026-09-09T21:15:22+00:00,244624000,KNRM-J&T VISSER,,,,,,53.446708333333326,6.8197849999999995,0.0,5,eems,,False,False,,1,2026-09-09 21:20:25.636597245 +0000 UTC,2026-09-09 21:20:25.636597245 +0000 UTC
2026-09-09T21:15:22+00:00,273125630,LEGION,9378864.0,88.0,274.0,48.0,8.0,31.536963333333333,32.33483666666667,0.0,1,transit_port_said,,False,True,,1,2026-09-09 21:20:26.439663795 +0000 UTC,2026-09-09 21:23:10.748213769 +0000 UTC
2026-09-09T21:15:22+00:00,305055000,PAVO J,,,,,,53.69798333333333,9.494786666666666,13.2,0,stade,,False,False,,3,2026-09-09 21:20:27.035209465 +0000 UTC,2026-09-09 21:22:37.812638863 +0000 UTC
2026-09-09T21:15:22+00:00,244670996,WATERBOOT 15,,,,,,51.961815,4.1392750000000005,0.0,5,gate,,False,False,,1,2026-09-09 21:20:27.941479094 +0000 UTC,2026-09-09 21:20:27.941479094 +0000 UTC
2026-09-09T21:15:22+00:00,244670755,INVOTIS VI,0.0,20.0,43.0,10.0,1.5,51.94941333333334,4.14801,0.0,5,gate,,False,False,ROTTERDAM,1,2026-09-09 21:20:30.338824263 +0000 UTC,2026-09-09 21:20:31.329463942 +0000 UTC
2026-09-09T21:15:22+00:00,255915924,EQUINOX DREAM,,,,,,51.961175000000004,4.125185,0.0,5,gate,,False,False,,1,2026-09-09 21:20:33.831318359 +0000 UTC,2026-09-09 21:20:33.831318359 +0000 UTC
2026-09-09T21:15:22+00:00,256794000,ADAM I,,,,,,53.65461833333333,9.511488333333334,0.0,5,stade,stade,True,False,,1,2026-09-09 21:20:38.249765869 +0000 UTC,2026-09-09 21:20:38.249765869 +0000 UTC
2026-09-09T21:15:22+00:00,305493000,ANMARE,9434589.0,70.0,88.0,13.0,4.3,47.28845833333333,-2.1984583333333334,0.0,5,montoir,,False,False,DEPAP,1,2026-09-09 21:20:39.683202052 +0000 UTC,2026-09-09 21:23:16.087402551 +0000 UTC
2026-09-09T21:15:22+00:00,244710710,AMELIE 2,0.0,89.0,125.0,12.0,4.5,51.95601333333333,4.149676666666667,0.1,5,gate,,False,False,JAN VAN RIEBEECKHAVE,1,2026-09-09 21:20:44.710910196 +0000 UTC,2026-09-09 21:20:56.901166663 +0000 UTC
2026-09-09T21:15:22+00:00,244790375,VUELTA,0.0,79.0,110.0,12.0,2.5,51.945143333333334,4.029885,0.0,5,gate,,False,False,TOP SECRET,1,2026-09-09 21:20:44.754740826 +0000 UTC,2026-09-09 21:21:40.468434932 +0000 UTC
2026-09-09T21:15:22+00:00,631010075,VALIANT,9409247.0,80.0,333.0,60.0,11.0,31.508445,32.40979,0.0,1,transit_port_said,,False,True,PORT SAID,1,2026-09-09 21:20:46.439578019 +0000 UTC,2026-09-09 21:22:30.09031641 +0000 UTC
2026-09-09T21:15:22+00:00,245463000,VB SEAL,9448188.0,52.0,32.0,14.0,5.2,51.96156,4.139835,0.0,5,gate,,False,False,NLROT HARBOURASST.,1,2026-09-09 21:20:47.83769925 +0000 UTC,2026-09-09 21:23:05.884702887 +0000 UTC
2026-09-09T21:15:22+00:00,218008130,GROSSNORDSEE,9067271.0,52.0,35.0,11.0,4.6,53.4494,6.82431,0.0,5,eems,,False,False,NLEEM,1,2026-09-09 21:20:49.575793025 +0000 UTC,2026-09-09 21:22:53.817600288 +0000 UTC
2026-09-09T21:15:22+00:00,211809000,JANA,,,,,,53.52963,8.151518333333334,0.0,5,wilhelmshaven,wilhelmshaven,True,False,,1,2026-09-09 21:20:51.765150238 +0000 UTC,2026-09-09 21:20:51.765150238 +0000 UTC
2026-09-09T21:15:22+00:00,205564590,ENERGY STOCKHOLM,,,,,,51.95800666666666,4.14616,0.1,5,gate,,False,False,,1,2026-09-09 21:20:52.058370441 +0000 UTC,2026-09-09 21:20:52.058370441 +0000 UTC
2026-09-09T21:15:22+00:00,218041400,BO,,,,,,53.89583666666667,9.154328333333332,0.0,5,brunsbuettel,,False,False,,1,2026-09-09 21:20:55.892376403 +0000 UTC,2026-09-09 21:20:55.892376403 +0000 UTC
2026-09-09T21:15:22+00:00,205581790,OMEGA,,,,,,51.32364,3.21046,0.0,5,zeebrugge,,False,False,,1,2026-09-09 21:20:57.716152709 +0000 UTC,2026-09-09 21:20:57.716152709 +0000 UTC
2026-09-09T21:15:22+00:00,244927482,NEW JERSEY,,,,,,51.958780000000004,4.05492,0.0,5,gate,,False,False,,1,2026-09-09 21:21:04.740862512 +0000 UTC,2026-09-09 21:21:04.740862512 +0000 UTC
2026-09-09T21:15:22+00:00,205278390,TRIPOLI,9540546.0,79.0,135.0,18.0,2.1,51.321416666666664,3.214435,0.0,5,zeebrugge,,False,False,ZEEBRUGGE,1,2026-09-09 21:21:07.136661644 +0000 UTC,2026-09-09 21:21:09.183084699 +0000 UTC
2026-09-09T21:15:22+00:00,209719000,BG IRELAND,9355446.0,71.0,140.0,22.0,6.6,51.96369833333333,4.056031666666667,0.0,5,gate,,False,False,GBIMM,1,2026-09-09 21:21:08.115177266 +0000 UTC,2026-09-09 21:23:04.947924929 +0000 UTC
2026-09-09T21:15:22+00:00,305981000,LISA LEHMANN,,,,,,53.45134333333333,6.827858333333333,0.0,5,eems,,False,False,,1,2026-09-09 21:21:09.008636098 +0000 UTC,2026-09-09 21:21:09.008636098 +0000 UTC
2026-09-09T21:15:22+00:00,211590150,PUMA,,,,,,53.89537333333333,9.153628333333334,0.0,5,brunsbuettel,,False,False,,1,2026-09-09 21:21:10.452853003 +0000 UTC,2026-09-09 21:21:10.452853003 +0000 UTC
2026-09-09T21:15:22+00:00,269057007,METIS,,,,,,51.959093333333335,4.143798333333334,0.0,5,gate,,False,False,,1,2026-09-09 21:21:10.53537251 +0000 UTC,2026-09-09 21:21:10.53537251 +0000 UTC
2026-09-09T21:15:22+00:00,220514000,ORASUND,,,,,,51.954341666666664,4.126621666666667,0.0,5,gate,,False,False,,1,2026-09-09 21:21:11.040451813 +0000 UTC,2026-09-09 21:21:11.040451813 +0000 UTC
2026-09-09T21:15:22+00:00,636026017,ATLANTIC CORAL,,,,,,51.43259666666667,0.67719,0.0,5,grain,,False,False,,1,2026-09-09 21:21:14.636486958 +0000 UTC,2026-09-09 21:21:14.636486958 +0000 UTC
2026-09-09T21:15:22+00:00,205574490,CENTURION,,,,,,51.93814166666667,4.034725,0.0,5,gate,,False,False,,1,2026-09-09 21:21:19.08879149 +0000 UTC,2026-09-09 21:21:19.08879149 +0000 UTC
2026-09-09T21:15:22+00:00,235003790,TS JOHN JERWOOD,0.0,37.0,24.0,6.0,2.0,51.407259999999994,0.6931283333333333,0.0,1,grain,,False,False,STANGATE CREEK,1,2026-09-09 21:21:23.241780283 +0000 UTC,2026-09-09 21:23:02.74680225 +0000 UTC
2026-09-09T21:15:22+00:00,244780409,SUMUS UMBRA,,,,,,51.95712666666667,4.128186666666667,0.0,5,gate,,False,False,,1,2026-09-09 21:21:29.836088238 +0000 UTC,2026-09-09 21:21:29.836088238 +0000 UTC
2026-09-09T21:15:22+00:00,244730581,NOVA-CURA,,,,,,51.93786333333333,4.035076666666667,0.0,5,gate,,False,False,,1,2026-09-09 21:21:45.701721332 +0000 UTC,2026-09-09 21:21:45.701721332 +0000 UTC
2026-09-09T21:15:22+00:00,246359000,STAR BONAIRE,,,,,,51.96576666666667,4.144733333333333,13.7,0,gate,,False,False,,2,2026-09-09 21:21:54.661184259 +0000 UTC,2026-09-09 21:22:54.682707007 +0000 UTC
2026-09-09T21:15:22+00:00,232007487,SVITZER MONARCH,,,,,,51.445948333333334,0.7429083333333334,0.0,5,grain,,False,False,,1,2026-09-09 21:22:35.835432406 +0000 UTC,2026-09-09 21:22:35.835432406 +0000 UTC
2026-09-09T21:15:22+00:00,244710165,NEELTJE,,,,,,53.4442,6.828131666666667,0.1,5,eems,,False,False,,1,2026-09-09 21:22:45.747087062 +0000 UTC,2026-09-09 21:22:45.747087062 +0000 UTC
2026-09-09T21:15:22+00:00,211489000,MAGELLAN,,,,,,53.42582166666667,6.889868333333334,0.1,1,eems,,False,False,,1,2026-09-09 21:22:51.435208496 +0000 UTC,2026-09-09 21:22:51.435208496 +0000 UTC
2026-09-09T21:15:22+00:00,219036652,PROGRESSER,,,,,,53.44440833333333,6.827436666666667,0.0,5,eems,,False,False,,1,2026-09-09 21:22:59.903943571 +0000 UTC,2026-09-09 21:22:59.903943571 +0000 UTC
2026-09-09T21:15:22+00:00,245863000,YE-44 DENNIS,0.0,90.0,22.0,6.0,3.0,51.40274,3.233381666666667,4.4,5,zeebrugge,,False,False,,1,2026-09-09 21:23:01.695437333 +0000 UTC,2026-09-09 21:23:14.01027541 +0000 UTC
2026-09-09T21:15:22+00:00,219678000,VISTULA MAERSK,,,,,,51.953266666666664,3.9928666666666666,0.0,5,gate,,False,False,,1,2026-09-09 21:23:06.583588045 +0000 UTC,2026-09-09 21:23:06.583588045 +0000 UTC
2026-09-09T21:15:22+00:00,219032872,IMPROVER,,,,,,53.44498333333333,6.824776666666667,0.0,5,eems,,False,False,,1,2026-09-09 21:23:11.793478665 +0000 UTC,2026-09-09 21:23:11.793478665 +0000 UTC
2026-09-09T21:15:22+00:00,205273000,O191 ROMY,,,,,,51.37755,3.1046666666666667,4.0,7,zeebrugge,,False,False,,1,2026-09-09 21:23:12.070005291 +0000 UTC,2026-09-09 21:23:12.070005291 +0000 UTC
2026-09-09T21:15:22+00:00,244710183,PATRIJS,,,,,,51.93442833333334,4.037498333333334,0.0,5,gate,,False,False,,1,2026-09-09 21:23:12.97984346 +0000 UTC,2026-09-09 21:23:12.97984346 +0000 UTC
2026-09-09T21:15:22+00:00,244630814,HOUSTON,,,,,,51.95646,4.149365,0.0,5,gate,,False,False,,1,2026-09-09 21:23:15.950571039 +0000 UTC,2026-09-09 21:23:15.950571039 +0000 UTC
2026-09-09T21:15:22+00:00,244660819,VOORBURG,,,,,,51.95940666666667,4.143271666666667,0.0,5,gate,,False,False,,1,2026-09-09 21:23:18.398976231 +0000 UTC,2026-09-09 21:23:18.398976231 +0000 UTC
