snapshot_utc,mmsi,name,imo,ship_type,loa,beam,draught_m,lat,lon,sog,nav_status,terminal,berth_sub,at_berth,likely_lng_carrier,destination,n_pos,first_seen,last_seen
2026-09-04T21:05:05+00:00,244650881,CARONIA,0.0,79.0,135.0,15.0,0.0,51.938116666666666,4.1000016666666665,9.3,0,gate,,False,False,ANT NEUSS VV,5,2026-09-04 21:05:06.937766233 +0000 UTC,2026-09-04 21:12:55.878044679 +0000 UTC
2026-09-04T21:05:05+00:00,636025571,JAXSON,9399868.0,80.0,183.0,32.0,7.8,31.31309666666667,32.37117333333334,7.3,0,transit_port_said,,False,True,EG PSD,10,2026-09-04 21:05:07.045683215 +0000 UTC,2026-09-04 21:12:35.946732695 +0000 UTC
2026-09-04T21:05:05+00:00,228472700,VB LOUP,,,,,,49.46259166666667,0.12976333333333334,0.0,0,lehavre,,False,False,,5,2026-09-04 21:05:07.142200897 +0000 UTC,2026-09-04 21:12:07.992752602 +0000 UTC
2026-09-04T21:05:05+00:00,205021000,VB RUMBA,9889825.0,52.0,28.0,13.0,6.1,51.347788333333334,3.2092083333333337,8.1,5,zeebrugge,,False,False,HARBOUR TOWAGE,7,2026-09-04 21:05:07.416508368 +0000 UTC,2026-09-04 21:12:06.569398748 +0000 UTC
2026-09-04T21:05:05+00:00,244820038,HK86 MARKERWAARD,0.0,30.0,23.0,6.0,0.0,53.44480333333333,6.825378333333333,0.0,7,eems,,False,False,,8,2026-09-04 21:05:07.537577894 +0000 UTC,2026-09-04 21:12:26.651462124 +0000 UTC
2026-09-04T21:05:05+00:00,244139567,MI-MUNDO,,,,,,51.946505,3.992855,0.0,5,gate,,False,False,,2,2026-09-04 21:05:07.59288934 +0000 UTC,2026-09-04 21:10:55.698842792 +0000 UTC
2026-09-04T21:05:05+00:00,209248000,BG EMERALD,9803704.0,79.0,153.0,24.0,7.4,51.95793666666667,4.008233333333333,0.0,0,gate,,False,False,NLRTM   FWP 3,7,2026-09-04 21:05:07.923975685 +0000 UTC,2026-09-04 21:12:35.756674157 +0000 UTC
2026-09-04T21:05:05+00:00,244140042,UK46 WILLEKE,,,,,,53.45695,6.820825,0.0,5,eems,,False,False,,3,2026-09-04 21:05:08.37957733 +0000 UTC,2026-09-04 21:11:08.444251538 +0000 UTC
2026-09-04T21:05:05+00:00,244750893,HARINGVLIET,,,,,,51.94558333333334,4.088746666666667,0.1,0,gate,,False,False,,6,2026-09-04 21:05:08.380448455 +0000 UTC,2026-09-04 21:12:30.149810188 +0000 UTC
2026-09-04T21:05:05+00:00,205436000,GOLDEN FROZEN,9955583.0,70.0,227.0,36.0,9.0,51.93853,4.057996666666667,0.0,5,gate,,False,False,CA MNI,3,2026-09-04 21:05:08.874747545 +0000 UTC,2026-09-04 21:11:09.411579082 +0000 UTC
2026-09-04T21:05:05+00:00,631010099,INDUS 1,9360415.0,85.0,182.0,27.0,7.5,31.512616666666666,32.387375,0.0,1,transit_port_said,,False,True,PORT SAID,1,2026-09-04 21:05:08.996313791 +0000 UTC,2026-09-04 21:05:16.716857735 +0000 UTC
2026-09-04T21:05:05+00:00,244660711,TJERK-HIDDE,0.0,31.0,20.0,7.0,2.5,51.96024,4.010815,0.0,0,gate,,False,False,ROTTERDAM,4,2026-09-04 21:05:09.042986973 +0000 UTC,2026-09-04 21:10:59.53556452 +0000 UTC
2026-09-04T21:05:05+00:00,244770727,THYRA,0.0,99.0,100.0,23.0,0.0,51.92972666666667,4.039495,0.0,0,gate,,False,False,,9,2026-09-04 21:05:09.074962427 +0000 UTC,2026-09-04 21:12:32.05724973 +0000 UTC
2026-09-04T21:05:05+00:00,209239000,RIX STAR,,,,,,53.89050666666667,9.138448333333335,3.6,0,brunsbuettel,,False,False,,7,2026-09-04 21:05:09.114407576 +0000 UTC,2026-09-04 21:12:19.274800312 +0000 UTC
2026-09-04T21:05:05+00:00,211322590,WSP 3,0.0,55.0,30.0,7.0,2.2,53.53353833333333,8.15966,0.0,5,wilhelmshaven,wilhelmshaven,True,False,ON PATROL,2,2026-09-04 21:05:09.417865207 +0000 UTC,2026-09-04 21:10:17.797201533 +0000 UTC
2026-09-04T21:05:05+00:00,211625340,FAIRPLAY-81,9693264.0,52.0,32.0,12.0,5.9,53.53525666666667,8.161476666666667,0.0,0,wilhelmshaven,,False,False,WILHELMSHAVEN,3,2026-09-04 21:05:09.419946156 +0000 UTC,2026-09-04 21:11:48.190929175 +0000 UTC
2026-09-04T21:05:05+00:00,244620955,MANUELA,0.0,79.0,70.0,12.0,1.7,51.94446000000001,4.046928333333333,0.0,5,gate,,False,False,DEN BOSCH,3,2026-09-04 21:05:09.558190233 +0000 UTC,2026-09-04 21:11:08.905888132 +0000 UTC
2026-09-04T21:05:05+00:00,211445180,STETTIN,0.0,99.0,29.0,10.0,0.0,53.898805,9.149994999999999,0.0,5,brunsbuettel,,False,False,,1,2026-09-04 21:05:09.585582766 +0000 UTC,2026-09-04 21:11:07.675973641 +0000 UTC
2026-09-04T21:05:05+00:00,305476000,KARION,9155884.0,70.0,90.0,13.0,4.5,53.886015,9.123436666666667,4.5,0,brunsbuettel,,False,False,DEWIS,6,2026-09-04 21:05:09.967618002 +0000 UTC,2026-09-04 21:12:09.169587011 +0000 UTC
2026-09-04T21:05:05+00:00,253661000,SANDERUS,9830941.0,33.0,110.0,24.0,4.0,51.37682333333333,3.1681216666666665,3.6,3,zeebrugge,,False,False,ZEEBRUGGE,6,2026-09-04 21:05:10.088172805 +0000 UTC,2026-09-04 21:11:50.007597338 +0000 UTC
2026-09-04T21:05:05+00:00,249537000,ECO KHAMSIN,1020631.0,70.0,148.0,27.0,6.7,51.945460000000004,4.075431666666667,0.0,5,gate,,False,False,NLRTM,2,2026-09-04 21:05:10.3131665 +0000 UTC,2026-09-04 21:11:03.170222133 +0000 UTC
2026-09-04T21:05:05+00:00,250006161,ARKLOW ARROW,9851971.0,70.0,120.0,15.0,4.4,53.62030666666667,9.541191666666666,0.3,0,stade,,False,False,DEBUZ,7,2026-09-04 21:05:10.473783639 +0000 UTC,2026-09-04 21:11:22.420568084 +0000 UTC
2026-09-04T21:05:05+00:00,245841000,ST28 LUBBERT SENIOR,,,,,,53.44479166666667,6.825273333333333,0.0,7,eems,,False,False,,5,2026-09-04 21:05:10.696355534 +0000 UTC,2026-09-04 21:12:10.22337747 +0000 UTC
2026-09-04T21:05:05+00:00,244850403,SNIP,,,,,,51.95160833333333,4.120256666666666,0.0,15,gate,,False,False,,5,2026-09-04 21:05:10.80518661 +0000 UTC,2026-09-04 21:12:51.133311755 +0000 UTC
2026-09-04T21:05:05+00:00,538003677,SUCCESS,9418133.0,80.0,183.0,32.0,8.3,29.83406666666667,-93.96703333333333,0.0,5,depart_sabine_pass,,False,True,USPOA,3,2026-09-04 21:05:10.818774368 +0000 UTC,2026-09-04 21:12:28.030218197 +0000 UTC
2026-09-04T21:05:05+00:00,205574490,CENTURION,0.0,20.0,110.0,12.0,2.3,51.93899833333333,4.0340066666666665,0.0,5,gate,,False,False,BEAAA00018DOCKX00016,2,2026-09-04 21:05:10.896624879 +0000 UTC,2026-09-04 21:11:38.250970517 +0000 UTC
2026-09-04T21:05:05+00:00,244615588,SPRINTER,0.0,33.0,10.0,4.0,1.0,53.444849999999995,6.824085,0.0,0,eems,,False,False,RILLAND BATH,9,2026-09-04 21:05:10.969018572 +0000 UTC,2026-09-04 21:12:30.742411788 +0000 UTC
2026-09-04T21:05:05+00:00,211400260,SOENKE,,,,,,53.88709666666667,9.175961666666666,0.0,0,brunsbuettel,brunsbuettel,True,False,,3,2026-09-04 21:05:11.060947162 +0000 UTC,2026-09-04 21:07:34.768213946 +0000 UTC
2026-09-04T21:05:05+00:00,244770079,NEW JERSEY,9367918.0,80.0,98.0,14.0,4.0,51.34349666666667,3.1932983333333333,0.1,0,zeebrugge,zeebrugge,True,False,ZEEBRUGGE,5,2026-09-04 21:05:11.232652992 +0000 UTC,2026-09-04 21:12:30.572193182 +0000 UTC
2026-09-04T21:05:05+00:00,227004260,LYNX,,,,,,49.483785,0.11957,0.0,5,lehavre,,False,False,,2,2026-09-04 21:05:11.273309011 +0000 UTC,2026-09-04 21:11:11.883610327 +0000 UTC
2026-09-04T21:05:05+00:00,613271813,DESTAMAR,9253894.0,89.0,272.0,45.0,9.5,31.580843333333334,32.27193666666667,0.0,1,transit_port_said,,False,True,FOR ORDERS,4,2026-09-04 21:05:11.310091924 +0000 UTC,2026-09-04 21:12:34.628362967 +0000 UTC
2026-09-04T21:05:05+00:00,353423000,GERAKAS,9399894.0,80.0,184.0,32.0,9.2,51.95296333333333,4.141886666666667,0.0,5,gate,,False,True,NLRTM,3,2026-09-04 21:05:11.350236681 +0000 UTC,2026-09-04 21:11:10.071202511 +0000 UTC
2026-09-04T21:05:05+00:00,244927482,NEW JERSEY,0.0,79.0,135.0,15.0,0.2,51.929880000000004,4.042283333333334,0.0,5,gate,,False,False,GERMERSHEIM,1,2026-09-04 21:05:11.417042313 +0000 UTC,2026-09-04 21:09:15.825658342 +0000 UTC
2026-09-04T21:05:05+00:00,305540000,LANGENESS,9944778.0,71.0,172.0,29.0,8.1,51.95599333333333,3.995643333333333,0.0,5,gate,,False,False,NLRTM,2,2026-09-04 21:05:11.460406049 +0000 UTC,2026-09-04 21:11:11.981418438 +0000 UTC
2026-09-04T21:05:05+00:00,244650632,INVOTIS  VIII,0.0,99.0,43.0,10.0,0.0,51.94953833333333,4.148028333333333,0.1,0,gate,,False,False,ROTTERDAM,5,2026-09-04 21:05:11.600461242 +0000 UTC,2026-09-04 21:12:32.001359699 +0000 UTC
2026-09-04T21:05:05+00:00,244030549,AZOLLA,0.0,79.0,135.0,18.0,0.0,51.941675000000004,4.032645,0.0,5,gate,,False,False,BET,3,2026-09-04 21:05:12.105018879 +0000 UTC,2026-09-04 21:11:40.737540618 +0000 UTC
2026-09-04T21:05:05+00:00,227005270,VB SAINT MARC,,,,,,47.26824833333333,-2.2011733333333336,0.0,0,montoir,,False,False,,7,2026-09-04 21:05:12.299773152 +0000 UTC,2026-09-04 21:12:54.088670792 +0000 UTC
2026-09-04T21:05:05+00:00,232054448,HST LOWESTOFT,,,,,,53.44469333333333,6.82637,0.0,0,eems,,False,False,,6,2026-09-04 21:05:12.405803281 +0000 UTC,2026-09-04 21:12:23.231190107 +0000 UTC
2026-09-04T21:05:05+00:00,366826000,ARCTIC,9131371.0,80.0,182.0,32.0,6.9,27.822581666666668,-97.43615333333334,0.0,5,depart_corpus_christi,,False,True,CORPUS CHRISTI TX,3,2026-09-04 21:05:12.58203377 +0000 UTC,2026-09-04 21:12:55.94296424 +0000 UTC
2026-09-04T21:05:05+00:00,219029563,ENERGIZER,9916563.0,40.0,39.0,11.0,2.5,53.45653333333333,6.829148333333333,0.0,5,eems,,False,False,NLEEM,1,2026-09-04 21:05:12.775755856 +0000 UTC,2026-09-04 21:09:33.153838834 +0000 UTC
2026-09-04T21:05:05+00:00,255915875,FAIRPLAY I,9365128.0,52.0,25.0,11.0,5.0,51.976351666666666,3.998753333333333,0.5,0,gate,,False,False,HARBOUR TOWAGE RDAM,7,2026-09-04 21:05:12.802357733 +0000 UTC,2026-09-04 21:12:22.721688854 +0000 UTC
2026-09-04T21:05:05+00:00,228260170,COTE DE JADE,,,,,,47.27781166666667,-2.1992716666666667,0.0,0,montoir,,False,False,,9,2026-09-04 21:05:12.818953995 +0000 UTC,2026-09-04 21:12:50.987974229 +0000 UTC
2026-09-04T21:05:05+00:00,244670362,UQ15 CAROLINE ELISE,0.0,30.0,20.0,6.0,0.0,53.444675,6.824666666666667,0.1,7,eems,,False,False,FISHING GROUNDS,7,2026-09-04 21:05:13.278066865 +0000 UTC,2026-09-04 21:10:53.696100844 +0000 UTC
2026-09-04T21:05:05+00:00,636021206,STL YANGTZE,9918171.0,80.0,229.0,36.0,10.3,29.568871666666666,-93.76814333333333,12.8,0,depart_sabine_pass,,False,True,USNDX,6,2026-09-04 21:05:13.424921707 +0000 UTC,2026-09-04 21:11:56.680292455 +0000 UTC
2026-09-04T21:05:05+00:00,228084000,VILLE DE BORDEAUX,9270842.0,70.0,154.0,24.0,6.0,47.28845333333334,-2.1694766666666667,0.0,5,montoir,,False,False,FRMTX,1,2026-09-04 21:05:13.581602163 +0000 UTC,2026-09-04 21:08:32.916294753 +0000 UTC
2026-09-04T21:05:05+00:00,538005398,STI PIMLICO,,,,,,51.99279,4.04158,12.5,0,gate,,False,False,,6,2026-09-04 21:05:13.995670665 +0000 UTC,2026-09-04 21:12:15.531004563 +0000 UTC
2026-09-04T21:05:05+00:00,207138000,PEACE,,,,,,53.51515166666666,8.139498333333332,0.0,5,wilhelmshaven,wilhelmshaven,True,False,,2,2026-09-04 21:05:14.015590362 +0000 UTC,2026-09-04 21:08:13.250930441 +0000 UTC
2026-09-04T21:05:05+00:00,246683000,DANCING WATER,9065807.0,52.0,19.0,6.0,2.9,53.44600166666667,6.8204,0.0,3,eems,,False,False,DREDGING EEMSGEUL,7,2026-09-04 21:05:14.036176026 +0000 UTC,2026-09-04 21:12:55.509067785 +0000 UTC
2026-09-04T21:05:05+00:00,246015000,UK224 TUNIS VAN LUUT,9044786.0,30.0,35.0,8.0,4.7,53.456921666666666,6.820281666666667,0.0,7,eems,,False,False,FISHING GROUNDS,4,2026-09-04 21:05:14.069165672 +0000 UTC,2026-09-04 21:12:44.404451827 +0000 UTC
2026-09-04T21:05:05+00:00,244790037,KRVE80,,,,,,51.948855,4.148628333333333,0.1,0,gate,,False,False,,7,2026-09-04 21:05:14.076374647 +0000 UTC,2026-09-04 21:12:23.634218251 +0000 UTC
2026-09-04T21:05:05+00:00,227211180,LH PILOT ST JOSEPH,0.0,50.0,,,1.5,49.484135,0.11294666666666667,0.1,3,lehavre,,False,False,,6,2026-09-04 21:05:14.259790243 +0000 UTC,2026-09-04 21:11:14.633069228 +0000 UTC
2026-09-04T21:05:05+00:00,244820200,RHENUS,0.0,33.0,68.0,12.0,0.4,51.930405,4.045468333333334,0.0,0,gate,,False,False,,7,2026-09-04 21:05:14.592946905 +0000 UTC,2026-09-04 21:12:25.100189014 +0000 UTC
2026-09-04T21:05:05+00:00,245932000,VB GINGER,9507063.0,52.0,33.0,12.0,5.4,51.9599,4.0097,0.0,0,gate,,False,False,NLRTM,6,2026-09-04 21:05:14.593478318 +0000 UTC,2026-09-04 21:11:14.576833127 +0000 UTC
2026-09-04T21:05:05+00:00,245425000,VB EBRO,9476408.0,52.0,28.0,11.0,4.8,51.95973333333333,4.073216666666666,0.1,0,gate,,False,False,HARBOUR TUG,5,2026-09-04 21:05:14.821182663 +0000 UTC,2026-09-04 21:13:01.813235371 +0000 UTC
2026-09-04T21:05:05+00:00,244730125,KRVE 62,0.0,49.0,10.0,4.0,0.0,51.96003666666666,4.090555,0.0,0,gate,,False,False,HEYPLAAT,6,2026-09-04 21:05:15.133271378 +0000 UTC,2026-09-04 21:12:54.312355383 +0000 UTC
2026-09-04T21:05:05+00:00,354368000,NAVIOS AZIMUTH,9589839.0,79.0,292.0,45.0,18.2,51.964436666666664,4.117423333333333,0.1,5,gate,,False,False,NLROT,2,2026-09-04 21:05:15.435469741 +0000 UTC,2026-09-04 21:11:58.899974763 +0000 UTC
2026-09-04T21:05:05+00:00,228284800,VB OCTEVILLE 11,9393709.0,52.0,32.0,10.0,5.2,49.48500666666666,0.12469,0.0,0,lehavre,,False,False,LE HAVRE,8,2026-09-04 21:05:15.489013541 +0000 UTC,2026-09-04 21:12:15.967393134 +0000 UTC
2026-09-04T21:05:05+00:00,244740148,PORTHOS,0.0,79.0,85.0,10.0,1.0,51.957316666666664,4.013128333333333,0.0,5,gate,,False,False,PRINSES MARGRIETHAVE,1,2026-09-04 21:05:15.781584042 +0000 UTC,2026-09-04 21:11:15.806941985 +0000 UTC
2026-09-04T21:05:05+00:00,211290720,FAIRPLAY-51,8912211.0,52.0,29.0,9.0,4.6,53.653348333333334,9.511016666666666,0.0,0,stade,stade,True,False,BUETZFLEHT,7,2026-09-04 21:05:16.013784108 +0000 UTC,2026-09-04 21:12:56.250125883 +0000 UTC
2026-09-04T21:05:05+00:00,244660432,SEPTIMO,0.0,99.0,135.0,11.0,0.2,51.938030000000005,4.034901666666666,0.0,5,gate,,False,False,ROTTERDAM,3,2026-09-04 21:05:16.118072858 +0000 UTC,2026-09-04 21:11:18.246405171 +0000 UTC
2026-09-04T21:05:05+00:00,244110640,ECODELTA,9822619.0,33.0,134.0,21.0,3.8,51.933915,4.050303333333334,0.0,0,gate,,False,False,ROTTERDAM,6,2026-09-04 21:05:16.12367967 +0000 UTC,2026-09-04 21:12:32.425958056 +0000 UTC
2026-09-04T21:05:05+00:00,246543000,VB TIGER,,,,,,51.960696666666664,4.141511666666667,0.0,0,gate,,False,False,,6,2026-09-04 21:05:16.183559425 +0000 UTC,2026-09-04 21:12:24.860924024 +0000 UTC
2026-09-04T21:05:05+00:00,227006770,VB 26 DEAUVILLE,9202754.0,52.0,37.0,10.0,0.0,49.475435,0.133495,0.0,13,lehavre,,False,False,,9,2026-09-04 21:05:16.702171702 +0000 UTC,2026-09-04 21:12:16.711161146 +0000 UTC
2026-09-04T21:05:05+00:00,211747930,GRIEP TO II,,,,,,53.899321666666665,9.14971,0.0,3,brunsbuettel,,False,False,,7,2026-09-04 21:05:16.900774639 +0000 UTC,2026-09-04 21:12:38.582663847 +0000 UTC
2026-09-04T21:05:05+00:00,244492000,EEMS WORKER,,,,,,53.44598,6.819918333333334,0.0,1,eems,,False,False,,2,2026-09-04 21:05:16.996808616 +0000 UTC,2026-09-04 21:08:16.616637302 +0000 UTC
2026-09-04T21:05:05+00:00,244070903,RPA14,8306412.0,55.0,30.0,8.0,3.3,51.960715,4.089768333333334,0.0,0,gate,,False,False,ROTTERDAM,4,2026-09-04 21:05:17.065317312 +0000 UTC,2026-09-04 21:10:20.94091213 +0000 UTC
2026-09-04T21:05:05+00:00,211474330,GOOR 2,0.0,34.0,16.0,5.0,2.4,53.516666666666666,8.145016666666667,0.0,0,wilhelmshaven,wilhelmshaven,True,False,WILHELMSHAVEN,6,2026-09-04 21:05:17.366747556 +0000 UTC,2026-09-04 21:11:56.382091164 +0000 UTC
2026-09-04T21:05:05+00:00,244060924,FIXUT MARIS,0.0,79.0,135.0,23.0,0.0,51.96801166666667,4.0391900000000005,0.0,5,gate,,False,False,,1,2026-09-04 21:05:17.617715459 +0000 UTC,2026-09-04 21:12:19.387963216 +0000 UTC
2026-09-04T21:05:05+00:00,636024278,ATHENS C,1019761.0,80.0,183.0,32.0,8.0,29.591363333333334,-93.79417666666667,13.4,0,depart_sabine_pass,,False,True,USBPT,7,2026-09-04 21:05:17.694037861 +0000 UTC,2026-09-04 21:12:28.029315235 +0000 UTC
2026-09-04T21:05:05+00:00,246758000,WATERSTRAAT,9428059.0,52.0,31.0,10.0,4.6,53.445029999999996,6.82375,0.0,0,eems,,False,False,EMS ASSIST,8,2026-09-04 21:05:17.792177201 +0000 UTC,2026-09-04 21:12:36.833207363 +0000 UTC
2026-09-04T21:05:05+00:00,211508590,BRESLAU,0.0,69.0,38.0,13.0,2.8,53.897526666666664,9.150193333333334,5.5,0,brunsbuettel,,False,False,BRUNSBUETTEL NOK,6,2026-09-04 21:05:17.994751048 +0000 UTC,2026-09-04 21:12:39.247774348 +0000 UTC
2026-09-04T21:05:05+00:00,215994000,PLEVNE,,,,,,47.304700000000004,-2.069741666666667,0.1,0,montoir,,False,False,,1,2026-09-04 21:05:18.271203324 +0000 UTC,2026-09-04 21:05:18.271203324 +0000 UTC
2026-09-04T21:05:05+00:00,244293000,ZK20 LAUWERSZEE,0.0,30.0,18.0,4.0,1.2,53.44477166666666,6.824216666666667,0.0,7,eems,,False,False,E,6,2026-09-04 21:05:18.542625605 +0000 UTC,2026-09-04 21:12:57.286234686 +0000 UTC
2026-09-04T21:05:05+00:00,244700534,DWS11 WATERBUFFEL,0.0,99.0,24.0,6.0,0.3,51.961845000000004,4.139146666666667,0.0,0,gate,,False,False,HAVENGEBIED R'DAM,6,2026-09-04 21:05:18.952214944 +0000 UTC,2026-09-04 21:13:00.307493367 +0000 UTC
2026-09-04T21:05:05+00:00,219032872,IMPROVER,1038171.0,40.0,34.0,12.0,2.2,53.44469333333333,6.825753333333334,0.0,5,eems,,False,False,NLEEM,2,2026-09-04 21:05:18.975129059 +0000 UTC,2026-09-04 21:08:45.525004105 +0000 UTC
2026-09-04T21:05:05+00:00,244757000,RPA 16,0.0,99.0,32.0,9.0,0.0,51.96116166666666,4.08987,0.0,0,gate,,False,False,,8,2026-09-04 21:05:19.0863241 +0000 UTC,2026-09-04 21:12:54.942773341 +0000 UTC
2026-09-04T21:05:05+00:00,367381000,HATTERAS TRADER,9353541.0,80.0,183.0,32.0,8.5,27.816468333333333,-97.42343666666667,0.0,0,depart_corpus_christi,,False,True,"CORPUS CHRISTI,TX",9,2026-09-04 21:05:19.153619386 +0000 UTC,2026-09-04 21:12:50.531681259 +0000 UTC
2026-09-04T21:05:05+00:00,244870287,A2B FUTURE,,,,,,52.012335,3.993995,13.0,0,gate,,False,False,,1,2026-09-04 21:05:19.201535597 +0000 UTC,2026-09-04 21:05:19.201535597 +0000 UTC
2026-09-04T21:05:05+00:00,244660360,TENAX,,,,,,51.95666000000001,4.119703333333333,0.0,5,gate,,False,False,,6,2026-09-04 21:05:19.518949519 +0000 UTC,2026-09-04 21:12:20.394278592 +0000 UTC
2026-09-04T21:05:05+00:00,211182030,BUXTEHUDE,,,,,,53.627179999999996,9.524431666666667,0.0,0,stade,,False,False,,8,2026-09-04 21:05:20.52263114 +0000 UTC,2026-09-04 21:12:42.450386356 +0000 UTC
2026-09-04T21:05:05+00:00,255915802,BOLTEN PANORAMA,9495583.0,70.0,159.0,26.0,9.3,51.44186333333334,0.7422833333333333,0.0,5,grain,,False,False,GBSHS,2,2026-09-04 21:05:20.590404301 +0000 UTC,2026-09-04 21:11:46.874125456 +0000 UTC
2026-09-04T21:05:05+00:00,255806510,SEA LINE,9558048.0,79.0,106.0,16.0,6.3,47.30283333333333,-2.1278333333333332,0.0,5,montoir,montoir,True,False,FRMTX,3,2026-09-04 21:05:20.83535204 +0000 UTC,2026-09-04 21:11:34.672306876 +0000 UTC
2026-09-04T21:05:05+00:00,205019000,VB BOLERO,9889526.0,52.0,28.0,13.0,6.2,51.35654,3.1827533333333333,0.2,5,zeebrugge,zeebrugge,True,False,ZEEBRUGGE,3,2026-09-04 21:05:20.901357716 +0000 UTC,2026-09-04 21:11:11.384999926 +0000 UTC
2026-09-04T21:05:05+00:00,244697000,VB KRACHT,,,,,,51.96091,4.141055,0.0,0,gate,,False,False,,6,2026-09-04 21:05:20.953428997 +0000 UTC,2026-09-04 21:12:30.741628754 +0000 UTC
2026-09-04T21:05:05+00:00,244001428,KRVE 82,0.0,99.0,11.0,4.0,0.0,51.951440000000005,4.0782066666666665,6.7,7,gate,,False,False,,7,2026-09-04 21:05:21.008287695 +0000 UTC,2026-09-04 21:12:42.477002084 +0000 UTC
2026-09-04T21:05:05+00:00,211135190,VB SATURNUS,7719052.0,52.0,28.0,8.0,4.9,53.65110166666667,9.510115,0.0,0,stade,stade,True,False,DECUX,7,2026-09-04 21:05:21.109716358 +0000 UTC,2026-09-04 21:12:42.410676375 +0000 UTC
2026-09-04T21:05:05+00:00,244660230,RIVAL,0.0,33.0,76.0,10.0,2.0,51.96905666666667,4.0367983333333335,0.0,0,gate,,False,False,WERKENDAM,7,2026-09-04 21:05:21.247589307 +0000 UTC,2026-09-04 21:12:30.921066922 +0000 UTC
2026-09-04T21:05:05+00:00,255806519,RUBIKON 202,9344423.0,80.0,144.0,23.0,7.1,53.883,9.105483333333332,5.5,0,brunsbuettel,,False,False,DE KEL,7,2026-09-04 21:05:21.32868342 +0000 UTC,2026-09-04 21:12:22.531496546 +0000 UTC
2026-09-04T21:05:05+00:00,538004977,ENERGOS IGLOO,9633991.0,80.0,293.0,44.0,11.4,53.443888333333334,6.854258333333333,0.0,5,eems,eems,True,True,EEMSHAVEN,2,2026-09-04 21:05:21.502997347 +0000 UTC,2026-09-04 21:12:00.397381432 +0000 UTC
2026-09-04T21:05:05+00:00,205619000,VB KIWI,,,,,,51.329674999999995,3.197191666666667,0.0,0,zeebrugge,,False,False,,4,2026-09-04 21:05:21.884460774 +0000 UTC,2026-09-04 21:11:23.234956843 +0000 UTC
2026-09-04T21:05:05+00:00,228267600,GAMBE D AMFARD,9375434.0,90.0,60.0,14.0,4.8,49.47456666666667,0.13302,0.0,3,lehavre,,False,False,LE HAVRE,7,2026-09-04 21:05:22.685497071 +0000 UTC,2026-09-04 21:12:23.638566414 +0000 UTC
2026-09-04T21:05:05+00:00,255955000,FAIRPLAY-67,9158472.0,52.0,31.0,11.0,5.0,53.88263333333334,9.102971666666667,5.6,0,brunsbuettel,,False,False,BRUNSBUETTEL,8,2026-09-04 21:05:22.742113577 +0000 UTC,2026-09-04 21:11:54.780220394 +0000 UTC
2026-09-04T21:05:05+00:00,246344000,VB COURAGE,9963891.0,52.0,28.0,13.0,5.8,51.95184666666667,4.077111666666666,0.0,0,gate,,False,False,HARBOR TOWAGE,10,2026-09-04 21:05:23.030641091 +0000 UTC,2026-09-04 21:12:52.923510021 +0000 UTC
2026-09-04T21:05:05+00:00,255806060,JOHN AUGUSTUS ESSBER,,,,,,53.878416666666666,9.092473333333334,14.0,0,brunsbuettel,,False,False,,5,2026-09-04 21:05:23.647951783 +0000 UTC,2026-09-04 21:09:23.676858514 +0000 UTC
2026-09-04T21:05:05+00:00,511102049,EL SIRENA,9397511.0,80.0,183.0,32.0,10.5,31.2926,32.364635,10.2,0,transit_port_said,,False,True,CN YTG,6,2026-09-04 21:05:24.21016493 +0000 UTC,2026-09-04 21:12:44.038143347 +0000 UTC
2026-09-04T21:05:05+00:00,228287900,VB YPORT,9393723.0,52.0,30.0,10.0,0.0,49.46292166666667,0.127335,0.0,3,lehavre,,False,False,,7,2026-09-04 21:05:25.594307811 +0000 UTC,2026-09-04 21:11:25.834729241 +0000 UTC
2026-09-04T21:05:05+00:00,244820811,RVE 53,,,,,,51.94938833333333,4.148311666666666,0.1,0,gate,,False,False,,5,2026-09-04 21:05:25.793791999 +0000 UTC,2026-09-04 21:10:56.420575518 +0000 UTC
2026-09-04T21:05:05+00:00,211466070,VB HUNTE,,,,,,53.517653333333335,8.140941666666667,0.0,0,wilhelmshaven,wilhelmshaven,True,False,,7,2026-09-04 21:05:25.818249579 +0000 UTC,2026-09-04 21:12:55.264573777 +0000 UTC
2026-09-04T21:05:05+00:00,352005045,MH KONPIRA,9994682.0,80.0,183.0,32.0,11.6,35.94992833333333,-5.49401,11.1,0,transit_gibraltar,,False,True,ALGECIRAS,6,2026-09-04 21:05:25.954078862 +0000 UTC,2026-09-04 21:12:45.065741811 +0000 UTC
2026-09-04T21:05:05+00:00,244690451,VEERHAVEN XI,0.0,79.0,117.0,23.0,2.0,51.95258333333334,4.12001,0.0,5,gate,,False,False,DINTELHAVEN,2,2026-09-04 21:05:26.202924744 +0000 UTC,2026-09-04 21:13:02.236350732 +0000 UTC
2026-09-04T21:05:05+00:00,245427000,VB STINGRAY,9448176.0,52.0,32.0,12.0,5.4,51.96108,4.140803333333333,0.0,0,gate,,False,False,ROTTERDAM,7,2026-09-04 21:05:26.28494616 +0000 UTC,2026-09-04 21:12:37.620931078 +0000 UTC
2026-09-04T21:05:05+00:00,2444059,HOEK VAN HOLLAND,0.0,0.0,,,0.0,51.98098,4.112615,0.0,15,gate,,False,False,,8,2026-09-04 21:05:26.504903788 +0000 UTC,2026-09-04 21:12:36.357455018 +0000 UTC
2026-09-04T21:05:05+00:00,244670996,WATERBOOT 15,0.0,99.0,30.0,7.0,0.0,51.96179166666666,4.13927,0.0,5,gate,,False,False,,2,2026-09-04 21:05:26.634481667 +0000 UTC,2026-09-04 21:11:27.967132051 +0000 UTC
2026-09-04T21:05:05+00:00,563185400,ARMADA 78 05,9924285.0,90.0,78.0,17.0,6.0,53.49391333333333,6.77846,0.0,1,eems,,False,False,INNER ANCHORAGE,1,2026-09-04 21:05:27.446317539 +0000 UTC,2026-09-04 21:11:28.124982414 +0000 UTC
2026-09-04T21:05:05+00:00,636093164,AL RIFFA,9525912.0,71.0,366.0,48.0,13.0,51.94865,4.057370000000001,0.0,5,gate,,False,False,DEHAM,1,2026-09-04 21:05:27.98654317 +0000 UTC,2026-09-04 21:11:28.023391251 +0000 UTC
2026-09-04T21:05:05+00:00,227975290,BENTHOS,0.0,90.0,20.0,9.0,1.8,49.47452666666666,0.13384833333333335,0.0,0,lehavre,,False,False,LE_HAVRE,4,2026-09-04 21:05:28.170105853 +0000 UTC,2026-09-04 21:12:29.460453779 +0000 UTC
2026-09-04T21:05:05+00:00,228068700,VB CYCLONE,9746918.0,52.0,30.0,10.0,0.0,51.32235,3.2026499999999998,0.0,15,zeebrugge,,False,False,,7,2026-09-04 21:05:28.43858295 +0000 UTC,2026-09-04 21:10:28.675196305 +0000 UTC
2026-09-04T21:05:05+00:00,244820976,KRVE 52,0.0,99.0,15.0,5.0,0.0,51.952215,4.087741666666667,0.2,0,gate,,False,False,ROTTERDAM,7,2026-09-04 21:05:28.776369937 +0000 UTC,2026-09-04 21:11:28.122246999 +0000 UTC
2026-09-04T21:05:05+00:00,205113000,VB SAMBA,,,,,,51.329385,3.1974050000000003,0.0,15,zeebrugge,,False,False,,7,2026-09-04 21:05:28.93150417 +0000 UTC,2026-09-04 21:12:39.338286764 +0000 UTC
2026-09-04T21:05:05+00:00,538010703,FW MERCURY,9960459.0,70.0,199.0,32.0,12.5,51.95988333333333,4.085486666666666,7.4,0,gate,,False,False,MXVER,7,2026-09-04 21:05:29.523329816 +0000 UTC,2026-09-04 21:12:29.831969365 +0000 UTC
2026-09-04T21:05:05+00:00,244850970,SVEN D,,,,,,51.953745000000005,3.99318,0.0,0,gate,,False,False,,8,2026-09-04 21:05:30.198425578 +0000 UTC,2026-09-04 21:11:30.340901712 +0000 UTC
2026-09-04T21:05:05+00:00,211667760,FAIRPLAY IX,9725093.0,52.0,29.0,14.0,6.4,53.524555,8.147128333333333,0.0,0,wilhelmshaven,wilhelmshaven,True,False,WILHELMSHAVEN,5,2026-09-04 21:05:30.594165068 +0000 UTC,2026-09-04 21:12:40.621455835 +0000 UTC
2026-09-04T21:05:05+00:00,244791000,VB ROB,9474905.0,52.0,29.0,12.0,6.2,51.961283333333334,4.1406,0.0,0,gate,,False,False,ROTTERDAM,7,2026-09-04 21:05:30.636367665 +0000 UTC,2026-09-04 21:12:19.796828252 +0000 UTC
2026-09-04T21:05:05+00:00,244710718,WATERPEIL,0.0,33.0,33.0,6.0,0.9,53.44446333333334,6.8260483333333335,0.0,5,eems,,False,False,EEMSHAVEN,1,2026-09-04 21:05:30.830714483 +0000 UTC,2026-09-04 21:11:30.111982444 +0000 UTC
2026-09-04T21:05:05+00:00,244013482,PIEN,,,,,,53.44478166666667,6.8243,0.0,0,eems,,False,False,,7,2026-09-04 21:05:31.214855559 +0000 UTC,2026-09-04 21:10:50.325941599 +0000 UTC
2026-09-04T21:05:05+00:00,244730912,AURA,0.0,79.0,80.0,10.0,0.2,51.944538333333334,4.046913333333333,0.0,5,gate,,False,False,ROTTERDAM,2,2026-09-04 21:05:31.321254069 +0000 UTC,2026-09-04 21:12:33.13624078 +0000 UTC
2026-09-04T21:05:05+00:00,205551390,PURITY,,,,,,51.957053333333334,4.148171666666666,0.0,5,gate,,False,False,,2,2026-09-04 21:05:31.456905996 +0000 UTC,2026-09-04 21:08:32.619115387 +0000 UTC
2026-09-04T21:05:05+00:00,211784710,PILOT STEINBURG,0.0,50.0,29.0,8.0,0.0,53.89026333333334,9.145900000000001,0.1,0,brunsbuettel,,False,False,BRUNSBUETTEL,10,2026-09-04 21:05:32.26326801 +0000 UTC,2026-09-04 21:12:30.073472226 +0000 UTC
2026-09-04T21:05:05+00:00,244013210,LUCIDA (PILOTS),,,,,,51.97699166666666,4.125791666666667,0.0,5,gate,,False,False,,3,2026-09-04 21:05:32.303962783 +0000 UTC,2026-09-04 21:11:32.637105247 +0000 UTC
2026-09-04T21:05:05+00:00,244140114,LUNA (PILOTS),,,,,,51.976861666666665,4.125688333333334,0.0,0,gate,,False,False,,7,2026-09-04 21:05:32.929654297 +0000 UTC,2026-09-04 21:11:43.165949101 +0000 UTC
2026-09-04T21:05:05+00:00,227681520,ANATIFE,938192600.0,80.0,41.0,8.0,2.0,47.305569999999996,-2.081495,0.0,0,montoir,,False,False,DONGES,2,2026-09-04 21:05:33.008015072 +0000 UTC,2026-09-04 21:12:38.131627552 +0000 UTC
2026-09-04T21:05:05+00:00,631010113,ZARO,9176773.0,89.0,213.0,37.0,7.0,31.380901666666666,32.38701833333333,4.2,0,transit_port_said,,False,True,PORT SAID  V3,6,2026-09-04 21:05:33.250813679 +0000 UTC,2026-09-04 21:10:48.842861682 +0000 UTC
2026-09-04T21:05:05+00:00,255805753,CHRISTIAN ESSBERGER,9212498.0,82.0,101.0,16.0,6.3,53.65007666666667,9.510578333333333,0.0,5,stade,stade,True,False,DE STA,3,2026-09-04 21:05:33.524167995 +0000 UTC,2026-09-04 21:11:37.981996725 +0000 UTC
2026-09-04T21:05:05+00:00,244710207,ATLANTIC PERFORMER,0.0,89.0,135.0,14.0,3.2,51.958688333333335,4.137033333333333,9.5,0,gate,,False,False,2E WERKHAVEN IN DE B,7,2026-09-04 21:05:33.623687064 +0000 UTC,2026-09-04 21:12:54.407510082 +0000 UTC
2026-09-04T21:05:05+00:00,244030023,HEBO-CAT 5,0.0,99.0,28.0,14.0,0.0,51.962023333333335,4.138395,0.0,0,gate,,False,False,OLIEBESTRIJDING,7,2026-09-04 21:05:33.78760748 +0000 UTC,2026-09-04 21:12:22.4139244 +0000 UTC
2026-09-04T21:05:05+00:00,245385000,SVITZER MARKEN,9292890.0,52.0,30.0,11.0,4.8,51.960035,4.0110866666666665,0.0,0,gate,,False,False,ROTTERDAM,6,2026-09-04 21:05:33.829053944 +0000 UTC,2026-09-04 21:12:33.891266655 +0000 UTC
2026-09-04T21:05:05+00:00,244660639,VLAARDINGEN,0.0,99.0,135.0,15.0,0.0,51.95732666666667,4.147653333333333,0.0,0,gate,,False,False,,8,2026-09-04 21:05:33.896822934 +0000 UTC,2026-09-04 21:11:57.269553022 +0000 UTC
2026-09-04T21:05:05+00:00,246582000,RWS 74,9479266.0,99.0,24.0,6.0,1.4,53.444716666666665,6.824983333333334,0.0,0,eems,,False,False,NL DZL,7,2026-09-04 21:05:33.90074185 +0000 UTC,2026-09-04 21:12:34.354512397 +0000 UTC
2026-09-04T21:05:05+00:00,244890853,FELIX,,,,,,53.885088333333336,9.177581666666667,0.7,0,brunsbuettel,brunsbuettel,False,False,,7,2026-09-04 21:05:34.528256702 +0000 UTC,2026-09-04 21:11:34.581473503 +0000 UTC
2026-09-04T21:05:05+00:00,211436810,TRANSPORTER III,0.0,70.0,34.0,6.0,1.7,53.51672333333333,8.145458333333334,0.0,0,wilhelmshaven,wilhelmshaven,True,False,WILHELSHAVEN,4,2026-09-04 21:05:34.618515607 +0000 UTC,2026-09-04 21:12:10.276941063 +0000 UTC
2026-09-04T21:05:05+00:00,636021771,MSC SOFIA,,,,,,49.46078,0.14190833333333333,0.0,5,lehavre,,False,False,,2,2026-09-04 21:05:35.674738219 +0000 UTC,2026-09-04 21:11:35.675891282 +0000 UTC
2026-09-04T21:05:05+00:00,244700704,PUR SANG,0.0,79.0,50.0,8.0,1.9,51.95249,4.125333333333334,0.0,0,gate,,False,False,HELMOND,7,2026-09-04 21:05:35.860553352 +0000 UTC,2026-09-04 21:12:12.107761017 +0000 UTC
2026-09-04T21:05:05+00:00,228067800,VB OURAGAN,9746906.0,52.0,30.0,10.0,5.0,47.298120000000004,-2.1471933333333335,0.0,0,montoir,montoir,True,False,SAINT NAZAIRE,8,2026-09-04 21:05:36.459137027 +0000 UTC,2026-09-04 21:12:47.016725243 +0000 UTC
2026-09-04T21:05:05+00:00,244130717,MARINUS G,9566318.0,33.0,85.0,16.0,6.0,53.893440000000005,9.151161666666667,0.0,5,brunsbuettel,,False,False,DREDGING BINNENHAFEN,3,2026-09-04 21:05:36.465665102 +0000 UTC,2026-09-04 21:11:37.860335293 +0000 UTC
2026-09-04T21:05:05+00:00,375433000,VB FANTASTIC,,,,,,51.95156,4.076591666666666,0.0,5,gate,,False,False,,9,2026-09-04 21:05:36.724592524 +0000 UTC,2026-09-04 21:12:37.536586121 +0000 UTC
2026-09-04T21:05:05+00:00,244900124,VB MARS,,,,,,51.95995833333333,4.072195,0.0,0,gate,,False,False,,9,2026-09-04 21:05:36.737146054 +0000 UTC,2026-09-04 21:12:36.312744223 +0000 UTC
2026-09-04T21:05:05+00:00,220284000,SUECIA SEAWAYS,9153020.0,79.0,198.0,26.0,7.3,51.991101666666665,4.053476666666667,14.9,0,gate,,False,False,NLRTM-GBFXT,10,2026-09-04 21:05:36.745893074 +0000 UTC,2026-09-04 21:12:47.857594058 +0000 UTC
2026-09-04T21:05:05+00:00,246225000,UK-14 NEELTJE,,,,,,53.45683833333333,6.820685,0.0,0,eems,,False,False,,5,2026-09-04 21:05:36.952329584 +0000 UTC,2026-09-04 21:11:05.792609818 +0000 UTC
2026-09-04T21:05:05+00:00,244620946,VEERHAVEN IX,,,,,,51.93673166666667,4.038663333333333,0.0,5,gate,,False,False,,2,2026-09-04 21:05:37.161989132 +0000 UTC,2026-09-04 21:11:37.161492254 +0000 UTC
2026-09-04T21:05:05+00:00,227275310,LH PILOT ST NICOLAS,,,,,,49.484183333333334,0.11293,0.0,8,lehavre,,False,False,,6,2026-09-04 21:05:37.16890097 +0000 UTC,2026-09-04 21:12:37.915484195 +0000 UTC
2026-09-04T21:05:05+00:00,244670273,BACO,,,,,,51.957271666666664,4.1198033333333335,0.0,0,gate,,False,False,,1,2026-09-04 21:05:38.216833579 +0000 UTC,2026-09-04 21:05:38.216833579 +0000 UTC
2026-09-04T21:05:05+00:00,210283000,WEC DE HOOGH,9315018.0,71.0,150.0,22.0,7.8,47.293308333333336,-2.1602733333333335,0.0,5,montoir,,False,False,FRMTX,1,2026-09-04 21:05:38.480360316 +0000 UTC,2026-09-04 21:06:01.349678263 +0000 UTC
2026-09-04T21:05:05+00:00,205540690,PELAGUS,,,,,,51.944673333333334,4.032826666666667,0.5,0,gate,,False,False,,8,2026-09-04 21:05:38.585930202 +0000 UTC,2026-09-04 21:12:48.5002611 +0000 UTC
2026-09-04T21:05:05+00:00,244620945,VEERHAVEN VIII,,,,,,51.95177666666667,4.12025,0.0,5,gate,,False,False,,1,2026-09-04 21:05:38.660538455 +0000 UTC,2026-09-04 21:05:38.660538455 +0000 UTC
2026-09-04T21:05:05+00:00,245147000,,9367762.0,70.0,118.0,12.0,3.3,51.95202,4.128065,0.0,5,gate,,False,False,ROTTERDAM,3,2026-09-04 21:05:38.842899912 +0000 UTC,2026-09-04 21:11:40.925816991 +0000 UTC
2026-09-04T21:05:05+00:00,244700680,WESTERSCHELDE,,,,,,51.94555166666667,4.088565,0.0,0,gate,,False,False,,6,2026-09-04 21:05:38.902778427 +0000 UTC,2026-09-04 21:12:37.079398196 +0000 UTC
2026-09-04T21:05:05+00:00,226344000,SKUTEVIKEN,,,,,,49.47232833333333,0.11749833333333333,0.0,5,lehavre,,False,False,,3,2026-09-04 21:05:39.005441132 +0000 UTC,2026-09-04 21:11:38.285857366 +0000 UTC
2026-09-04T21:05:05+00:00,244620640,VECTOR,0.0,79.0,135.0,12.0,2.5,51.940756666666665,4.033173333333333,0.0,5,gate,,False,False,FRANKFURT OSTHAFEN,2,2026-09-04 21:05:39.406234354 +0000 UTC,2026-09-04 21:11:41.016213014 +0000 UTC
2026-09-04T21:05:05+00:00,244730580,AVENSIS,0.0,79.0,105.0,10.0,0.0,51.95778,4.124333333333333,0.0,5,gate,,False,False,ALPHATRON IV,3,2026-09-04 21:05:39.747758565 +0000 UTC,2026-09-04 21:11:40.419225585 +0000 UTC
2026-09-04T21:05:05+00:00,255915653,FAIRPLAY-28,9765043.0,52.0,32.0,12.0,4.8,51.96395,4.0952866666666665,0.0,0,gate,,False,False,RTM HARBOUR TOWAGE,7,2026-09-04 21:05:39.754412028 +0000 UTC,2026-09-04 21:12:59.467209269 +0000 UTC
2026-09-04T21:05:05+00:00,244730153,VEERHAVEN VI,0.0,99.0,24.0,11.0,2.0,51.958769999999994,4.111306666666667,5.0,0,gate,,False,False,DINTELHAVEN,3,2026-09-04 21:05:39.768689025 +0000 UTC,2026-09-04 21:12:31.478787995 +0000 UTC
2026-09-04T21:05:05+00:00,232065120,AMANDINE,9424871.0,71.0,196.0,26.0,5.9,51.343653333333336,3.221991666666667,0.0,0,zeebrugge,,False,False,DKEBJ,5,2026-09-04 21:05:41.49654326 +0000 UTC,2026-09-04 21:12:47.500230173 +0000 UTC
2026-09-04T21:05:05+00:00,245122000,SAND FULMAR,9174127.0,33.0,100.0,20.0,4.5,51.32246333333333,3.202183333333333,0.0,5,zeebrugge,,False,False,BE ZEE,1,2026-09-04 21:05:41.56808437 +0000 UTC,2026-09-04 21:11:43.877583165 +0000 UTC
2026-09-04T21:05:05+00:00,305491000,GAMMAGAS,9553646.0,83.0,143.0,22.0,6.7,51.39904166666667,3.151535,12.4,0,zeebrugge,,False,False,DE EME>NL TNZ,6,2026-09-04 21:05:42.283708939 +0000 UTC,2026-09-04 21:13:01.044084103 +0000 UTC
2026-09-04T21:05:05+00:00,244660153,RVE54,0.0,0.0,10.0,3.0,0.0,51.95121666666667,4.079916666666667,6.4,15,gate,,False,False,,7,2026-09-04 21:05:42.333647116 +0000 UTC,2026-09-04 21:11:51.564207141 +0000 UTC
2026-09-04T21:05:05+00:00,255915830,FAIRPLAY-84,9802968.0,52.0,32.0,12.0,4.4,53.890695,9.144786666666667,0.0,0,brunsbuettel,,False,False,DEHAM,10,2026-09-04 21:05:42.336840953 +0000 UTC,2026-09-04 21:12:42.262156692 +0000 UTC
2026-09-04T21:05:05+00:00,246749000,UK153 LUB SENIOR,,,,,,53.45719166666667,6.818656666666667,0.0,7,eems,,False,False,,7,2026-09-04 21:05:42.769501727 +0000 UTC,2026-09-04 21:13:02.63386058 +0000 UTC
2026-09-04T21:05:05+00:00,205243000,Z.48DE MARIA ANTONIA,,,,,,51.32264333333333,3.2027316666666668,0.0,15,zeebrugge,,False,False,,3,2026-09-04 21:05:42.778596139 +0000 UTC,2026-09-04 21:10:43.540410315 +0000 UTC
2026-09-04T21:05:05+00:00,246827000,HESTIA,9411783.0,70.0,90.0,12.0,3.5,53.614108333333334,9.55456,0.0,1,stade,,False,False,HAMBURG,2,2026-09-04 21:05:42.846206404 +0000 UTC,2026-09-04 21:11:02.394447867 +0000 UTC
2026-09-04T21:05:05+00:00,246951000,ZEEZWALUW,,,,,,51.977655,4.123971666666667,0.0,0,gate,,False,False,,7,2026-09-04 21:05:43.150152456 +0000 UTC,2026-09-04 21:13:02.614341873 +0000 UTC
2026-09-04T21:05:05+00:00,244660249,MAGRI,0.0,33.0,48.0,9.0,2.0,51.968986666666666,4.036365,0.0,5,gate,,False,False,MAASVLAKTE,1,2026-09-04 21:05:43.184937124 +0000 UTC,2026-09-04 21:09:44.273279049 +0000 UTC
2026-09-04T21:05:05+00:00,232026951,SEVERN SUPPORTER,9868534.0,52.0,22.0,9.0,2.2,53.88820333333333,9.193586666666667,0.0,3,brunsbuettel,,False,False,DEGLU,3,2026-09-04 21:05:43.489940542 +0000 UTC,2026-09-04 21:11:20.572299523 +0000 UTC
2026-09-04T21:05:05+00:00,636016582,LAVINIA OLDENDORFF,9691931.0,70.0,300.0,50.0,18.2,51.93745166666667,4.053341666666666,0.0,5,gate,,False,False,CASEI > NLRTM,1,2026-09-04 21:05:43.67341206 +0000 UTC,2026-09-04 21:08:43.353813946 +0000 UTC
2026-09-04T21:05:05+00:00,636025657,MSC SENEGAL,,,,,,51.959736666666664,4.064825,0.0,5,gate,,False,False,,3,2026-09-04 21:05:43.943343611 +0000 UTC,2026-09-04 21:11:42.633564774 +0000 UTC
2026-09-04T21:05:05+00:00,245987000,WATERLINES,9881770.0,52.0,32.0,13.0,5.9,53.44497,6.824318333333333,0.0,0,eems,,False,False,NLEEM,4,2026-09-04 21:05:43.961350431 +0000 UTC,2026-09-04 21:10:44.122183135 +0000 UTC
2026-09-04T21:05:05+00:00,244670522,DESEJO,0.0,79.0,86.0,9.0,0.0,51.957676666666664,4.124421666666667,0.0,5,gate,,False,False,,1,2026-09-04 21:05:44.539677079 +0000 UTC,2026-09-04 21:11:44.220834034 +0000 UTC
2026-09-04T21:05:05+00:00,211906000,GERMAN WARSHIP F221,0.0,94.0,138.0,17.0,0.0,53.53034666666667,8.154935,0.0,5,wilhelmshaven,wilhelmshaven,True,False,NOT DEFINED,1,2026-09-04 21:05:44.6469329 +0000 UTC,2026-09-04 21:12:15.713678294 +0000 UTC
2026-09-04T21:05:05+00:00,211784720,PILOT DITHMARSCHEN,,,,,,53.889745,9.145299999999999,0.1,0,brunsbuettel,,False,False,,7,2026-09-04 21:05:44.679399509 +0000 UTC,2026-09-04 21:12:13.808235335 +0000 UTC
2026-09-04T21:05:05+00:00,636014059,KASSIAKOS,9386471.0,74.0,259.0,32.0,11.9,49.47407,0.15598166666666666,0.0,5,lehavre,,False,False,LE HAVRE,3,2026-09-04 21:05:44.897844501 +0000 UTC,2026-09-04 21:11:53.888596736 +0000 UTC
2026-09-04T21:05:05+00:00,211334410,BUETZFLETH,7720441.0,52.0,27.0,8.0,5.0,53.652705,9.510858333333335,0.0,0,stade,stade,True,False,STADE,6,2026-09-04 21:05:44.931791343 +0000 UTC,2026-09-04 21:12:46.028680243 +0000 UTC
2026-09-04T21:05:05+00:00,226002790,BIARRITZ,0.0,20.0,98.0,12.0,2.4,49.48444833333333,0.15265333333333334,0.0,5,lehavre,,False,False,LE HAVRE,1,2026-09-04 21:05:44.95637192 +0000 UTC,2026-09-04 21:08:53.40799824 +0000 UTC
2026-09-04T21:05:05+00:00,636022447,MSC TAYLOR,9932048.0,72.0,366.0,51.0,14.9,51.947763333333334,4.0516499999999995,0.0,5,gate,,False,False,GBFXT>NLRTM,1,2026-09-04 21:05:45.046968912 +0000 UTC,2026-09-04 21:11:45.055905808 +0000 UTC
2026-09-04T21:05:05+00:00,244780976,RVE 33,0.0,33.0,22.0,5.0,0.2,51.96238666666667,4.13788,0.0,0,gate,,False,False,ROTTERDAM,8,2026-09-04 21:05:45.071790699 +0000 UTC,2026-09-04 21:12:46.260908043 +0000 UTC
2026-09-04T21:05:05+00:00,246777000,MPI RESOLUTION,9260134.0,90.0,130.0,38.0,4.2,51.340105,3.1952516666666666,0.0,5,zeebrugge,,False,False,ZEEBRUGGE - BE,1,2026-09-04 21:05:45.231735356 +0000 UTC,2026-09-04 21:11:47.891806814 +0000 UTC
2026-09-04T21:05:05+00:00,212637000,BG DIAMOND,,,,,,51.964000000000006,4.0548,0.0,0,gate,,False,False,,8,2026-09-04 21:05:45.272604041 +0000 UTC,2026-09-04 21:12:46.179945358 +0000 UTC
2026-09-04T21:05:05+00:00,244790539,RVE 17,,,,,,51.948721666666664,4.149045,0.0,0,gate,,False,False,,4,2026-09-04 21:05:45.795909744 +0000 UTC,2026-09-04 21:10:26.870010173 +0000 UTC
2026-09-04T21:05:05+00:00,246134000,KLAVERBANK,9518244.0,79.0,100.0,15.0,4.2,51.96177,4.05144,0.0,5,gate,,False,False,ROTTERDAM,3,2026-09-04 21:05:45.857124209 +0000 UTC,2026-09-04 21:11:47.577466799 +0000 UTC
2026-09-04T21:05:05+00:00,205244890,MEYATI,0.0,79.0,110.0,12.0,0.0,51.93793166666667,4.0345249999999995,0.0,5,gate,,False,False,ROTTERDAM HARTELHAVE,2,2026-09-04 21:05:45.86529369 +0000 UTC,2026-09-04 21:10:23.577605362 +0000 UTC
2026-09-04T21:05:05+00:00,244650312,AMAZONE,,,,,,51.96725666666667,4.041566666666666,0.1,5,gate,,False,False,,2,2026-09-04 21:05:46.243778486 +0000 UTC,2026-09-04 21:11:45.153675372 +0000 UTC
2026-09-04T21:05:05+00:00,244020615,DAAN,,,,,,51.940356666666666,4.0654916666666665,0.0,0,gate,,False,False,,5,2026-09-04 21:05:46.593486 +0000 UTC,2026-09-04 21:12:55.637755584 +0000 UTC
2026-09-04T21:05:05+00:00,211537930,TUEMMLER,0.0,55.0,17.0,4.0,1.2,53.624586666666666,9.513361666666666,0.0,5,stade,,False,False,SURVEYING,3,2026-09-04 21:05:46.621795303 +0000 UTC,2026-09-04 21:12:47.219592683 +0000 UTC
2026-09-04T21:05:05+00:00,352898717,EVER ALP,9893929.0,74.0,400.0,62.0,16.6,51.946865,4.044508333333334,0.0,5,gate,,False,False,SG SIN>NL RTM,3,2026-09-04 21:05:46.80758413 +0000 UTC,2026-09-04 21:11:46.792635842 +0000 UTC
2026-09-04T21:05:05+00:00,244780377,LACERTA (PILOTS),0.0,50.0,23.0,6.0,1.3,51.976218333333335,4.125078333333334,0.0,5,gate,,False,False,PILOT BOARDING AREA,3,2026-09-04 21:05:48.162378313 +0000 UTC,2026-09-04 21:12:50.42580421 +0000 UTC
2026-09-04T21:05:05+00:00,256232000,CLEAN RESOLUTION,9943475.0,84.0,300.0,49.0,8.9,27.880196666666667,-97.26668833333333,0.0,5,depart_corpus_christi,,False,True,OPEN SEA FOR ORDERS,3,2026-09-04 21:05:48.251498908 +0000 UTC,2026-09-04 21:12:47.409728411 +0000 UTC
2026-09-04T21:05:05+00:00,212115000,SHOALWAY,9556337.0,33.0,90.0,20.0,4.2,53.45596,6.897365,1.5,0,eems,,False,False,DREDGING EMS,8,2026-09-04 21:05:48.831720497 +0000 UTC,2026-09-04 21:12:29.639158723 +0000 UTC
2026-09-04T21:05:05+00:00,371333000,GLOMAR AVIOR,,,,,,53.491096666666664,6.787393333333333,0.2,1,eems,,False,False,,1,2026-09-04 21:05:48.926137211 +0000 UTC,2026-09-04 21:05:48.926137211 +0000 UTC
2026-09-04T21:05:05+00:00,211690000,VB BREMEN,,,,,,53.5377,8.163683333333333,0.0,0,wilhelmshaven,,False,False,,7,2026-09-04 21:05:48.943362688 +0000 UTC,2026-09-04 21:13:00.958947827 +0000 UTC
2026-09-04T21:05:05+00:00,227729770,LEOPARD,,,,,,49.48377666666667,0.117675,0.0,0,lehavre,,False,False,,6,2026-09-04 21:05:49.070886209 +0000 UTC,2026-09-04 21:12:07.915870574 +0000 UTC
2026-09-04T21:05:05+00:00,352004884,BEBEK,9787340.0,80.0,180.0,28.0,10.1,50.97036666666667,1.2424033333333333,15.6,0,transit_dover,,False,True,FOR ORDERS,7,2026-09-04 21:05:50.025745361 +0000 UTC,2026-09-04 21:12:55.518934198 +0000 UTC
2026-09-04T21:05:05+00:00,210408000,SCARLATTI,9866976.0,82.0,100.0,14.0,5.1,49.474025,0.11364833333333334,0.0,5,lehavre,,False,False,LE HAVRE,2,2026-09-04 21:05:50.471342344 +0000 UTC,2026-09-04 21:12:31.480680899 +0000 UTC
2026-09-04T21:05:05+00:00,232040181,HST PEMBROKE,9942471.0,40.0,25.0,9.0,1.6,53.44478333333333,6.826556666666666,0.0,0,eems,,False,False,BRK02WF / EEMSHVN  _,7,2026-09-04 21:05:50.527917274 +0000 UTC,2026-09-04 21:11:50.678340817 +0000 UTC
2026-09-04T21:05:05+00:00,244710626,BENCKES,0.0,90.0,,,0.0,51.94416666666667,4.0334449999999995,102.3,0,gate,,False,False,ROTTERDAM HARTELHAVE,3,2026-09-04 21:05:50.830812433 +0000 UTC,2026-09-04 21:12:30.221217809 +0000 UTC
2026-09-04T21:05:05+00:00,244615748,INVOTIS III,0.0,20.0,42.0,9.0,1.6,51.94947166666667,4.147985,0.0,0,gate,,False,False,ROTTERDAM,6,2026-09-04 21:05:51.254909179 +0000 UTC,2026-09-04 21:10:51.192254105 +0000 UTC
2026-09-04T21:05:05+00:00,230652000,NORSKY,9186182.0,73.0,180.0,26.0,5.4,51.945726666666665,4.130731666666667,0.0,5,gate,,False,False,NLRTM<->GBTIL,2,2026-09-04 21:05:51.489577398 +0000 UTC,2026-09-04 21:11:52.478775344 +0000 UTC
2026-09-04T21:05:05+00:00,256274000,VICTORINE,,,,,,51.34998666666667,3.1863433333333333,0.0,5,zeebrugge,zeebrugge,True,False,,2,2026-09-04 21:05:51.705653781 +0000 UTC,2026-09-04 21:12:05.831878091 +0000 UTC
2026-09-04T21:05:05+00:00,205654000,DN97,0.0,53.0,16.0,6.0,1.7,51.331015,3.2006183333333333,0.0,0,zeebrugge,,False,False,ZEEBRUGGE,6,2026-09-04 21:05:51.785963271 +0000 UTC,2026-09-04 21:12:41.800353603 +0000 UTC
2026-09-04T21:05:05+00:00,211509360,WINDROSE,,,,,,53.627446666666664,9.525118333333333,0.0,0,stade,,False,False,,6,2026-09-04 21:05:51.827798352 +0000 UTC,2026-09-04 21:12:11.982665765 +0000 UTC
2026-09-04T21:05:05+00:00,249172000,CMA CGM TOKYO,9629380.0,70.0,271.0,43.0,13.5,51.40070166666667,3.1033216666666665,17.2,0,zeebrugge,,False,False,FRLEH,3,2026-09-04 21:05:52.440002401 +0000 UTC,2026-09-04 21:07:36.63630031 +0000 UTC
2026-09-04T21:05:05+00:00,227023200,VB GASCOGNE,,,,,,49.461485,0.13768833333333333,0.0,0,lehavre,,False,False,,4,2026-09-04 21:05:52.556594018 +0000 UTC,2026-09-04 21:10:52.502338736 +0000 UTC
2026-09-04T21:05:05+00:00,218041400,BO,,,,,,53.88811166666667,9.183118333333335,0.0,0,brunsbuettel,brunsbuettel,True,False,,5,2026-09-04 21:05:52.79431859 +0000 UTC,2026-09-04 21:11:23.994322529 +0000 UTC
2026-09-04T21:05:05+00:00,244750633,VEERHAVEN III,0.0,99.0,40.0,15.0,0.2,51.957465,4.113558333333334,0.5,0,gate,,False,False,DINTELHAVEN,5,2026-09-04 21:05:53.583598728 +0000 UTC,2026-09-04 21:12:25.412054419 +0000 UTC
2026-09-04T21:05:05+00:00,244129132,SENTO,0.0,79.0,110.0,23.0,2.0,51.95068833333333,4.071921666666666,0.0,5,gate,,False,False,PRINSES MARGRIETHAVE,1,2026-09-04 21:05:54.182011219 +0000 UTC,2026-09-04 21:12:14.098185635 +0000 UTC
2026-09-04T21:05:05+00:00,205149000,MFV Z38 ZUIDERZEE,,,,,,51.322896666666665,3.2023883333333334,0.0,0,zeebrugge,,False,False,,2,2026-09-04 21:05:55.55642691 +0000 UTC,2026-09-04 21:08:25.877136026 +0000 UTC
2026-09-04T21:05:05+00:00,538008394,AEOLIAN VISION,,,,,,51.951045,4.1273,0.0,5,gate,,False,False,,1,2026-09-04 21:05:56.124246277 +0000 UTC,2026-09-04 21:05:56.124246277 +0000 UTC
2026-09-04T21:05:05+00:00,212752000,BG JADE,9803687.0,74.0,153.0,24.0,7.2,51.97861666666667,4.0085999999999995,4.6,0,gate,,False,False,NLRTM,6,2026-09-04 21:05:56.424825498 +0000 UTC,2026-09-04 21:12:06.045171169 +0000 UTC
2026-09-04T21:05:05+00:00,244575000,MAASBORG,9341720.0,70.0,110.0,14.0,6.2,53.912349999999996,9.181711666666667,0.0,0,brunsbuettel,,False,False,ESPAS,4,2026-09-04 21:05:57.141500053 +0000 UTC,2026-09-04 21:12:08.127873194 +0000 UTC
2026-09-04T21:05:05+00:00,205117000,OP HOOP VAN ZEGEN,9019456.0,30.0,33.0,7.0,3.8,51.323098333333334,3.2019983333333335,0.0,0,zeebrugge,,False,False,DEZEE ;,3,2026-09-04 21:05:57.192115913 +0000 UTC,2026-09-04 21:11:06.776009867 +0000 UTC
2026-09-04T21:05:05+00:00,244622000,MATADOR,0.0,31.0,45.0,20.0,1.3,51.961798333333334,3.9952216666666667,0.0,5,gate,,False,False,,2,2026-09-04 21:05:57.410571793 +0000 UTC,2026-09-04 21:11:57.158737046 +0000 UTC
2026-09-04T21:05:05+00:00,372319000,NYK DIANA,9337688.0,70.0,294.0,32.0,10.4,51.949466666666666,4.063891666666667,0.0,5,gate,,False,False,NLRTM,2,2026-09-04 21:05:58.129831797 +0000 UTC,2026-09-04 21:11:58.131000895 +0000 UTC
2026-09-04T21:05:05+00:00,205306000,Z18 SOETKIN,9222065.0,30.0,38.0,8.0,4.7,51.32364833333334,3.2006566666666667,0.0,7,zeebrugge,,False,False,ZEEBRUGGE,4,2026-09-04 21:05:58.174678165 +0000 UTC,2026-09-04 21:12:54.902434299 +0000 UTC
2026-09-04T21:05:05+00:00,227006780,VB SAINTE-ADRESSE 25,9202742.0,52.0,37.0,11.0,5.4,49.475485000000006,0.13290833333333332,0.0,15,lehavre,,False,False,LE HAVRE,8,2026-09-04 21:05:58.289051432 +0000 UTC,2026-09-04 21:12:58.287624756 +0000 UTC
2026-09-04T21:05:05+00:00,232059673,SVITZER TIGER,1040502.0,52.0,32.0,13.0,6.0,51.446353333333334,0.74287,0.0,0,grain,,False,False,THAMES MEDWAY TOWAG,7,2026-09-04 21:05:58.398028363 +0000 UTC,2026-09-04 21:12:38.572156825 +0000 UTC
2026-09-04T21:05:05+00:00,211456940,SCHWINGEFLAIR,,,,,,53.628005,9.5257,0.0,0,stade,,False,False,,4,2026-09-04 21:05:58.808839868 +0000 UTC,2026-09-04 21:11:09.620052581 +0000 UTC
2026-09-04T21:05:05+00:00,205109000,VB FLANDES,9809942.0,52.0,32.0,13.0,6.0,51.33202666666667,3.2185566666666667,0.1,8,zeebrugge,,False,False,PORT OPERATIONS,6,2026-09-04 21:05:59.075409813 +0000 UTC,2026-09-04 21:12:38.523897144 +0000 UTC
2026-09-04T21:05:05+00:00,211279690,ELBCLEARING 3,0.0,52.0,21.0,6.0,2.4,53.65314,9.511018333333334,0.0,0,stade,stade,True,False,ELBE RIVER,6,2026-09-04 21:06:00.125596369 +0000 UTC,2026-09-04 21:12:09.422937603 +0000 UTC
2026-09-04T21:05:05+00:00,209938000,RIX SPRING,9137296.0,70.0,82.0,11.0,3.0,53.87836,9.094753333333333,11.9,0,brunsbuettel,,False,False,NLAMS,6,2026-09-04 21:06:00.180366208 +0000 UTC,2026-09-04 21:10:00.181330804 +0000 UTC
2026-09-04T21:05:05+00:00,211216500,FAIRPLAY-56,9036234.0,52.0,28.0,10.0,4.6,53.89608,9.154718333333333,0.0,0,brunsbuettel,,False,False,BRUNSBUETTEL,8,2026-09-04 21:06:00.265170751 +0000 UTC,2026-09-04 21:13:00.79359406 +0000 UTC
2026-09-04T21:05:05+00:00,244650102,GULF MAX,,,,,,53.44500166666667,6.820576666666667,0.0,0,eems,,False,False,,7,2026-09-04 21:06:02.635980115 +0000 UTC,2026-09-04 21:13:02.924783115 +0000 UTC
2026-09-04T21:05:05+00:00,235080274,STENA BRITANNICA,9419175.0,60.0,240.0,32.0,6.0,52.00226166666666,4.005933333333333,16.0,0,gate,,False,False,GBHRW,8,2026-09-04 21:06:02.678469016 +0000 UTC,2026-09-04 21:13:03.099554496 +0000 UTC
2026-09-04T21:05:05+00:00,226005720,OURAL,0.0,20.0,135.0,12.0,0.0,49.484585,0.15309166666666665,0.0,5,lehavre,,False,False,LE HAVRE,2,2026-09-04 21:06:02.937847486 +0000 UTC,2026-09-04 21:09:22.36544038 +0000 UTC
2026-09-04T21:05:05+00:00,245979000,KNRM DORUS RIJKERS,0.0,51.0,15.0,6.0,1.0,51.97704833333333,4.1251066666666665,0.0,5,gate,,False,False,EEMSHAVEN_,3,2026-09-04 21:06:04.768503911 +0000 UTC,2026-09-04 21:12:08.482731184 +0000 UTC
2026-09-04T21:05:05+00:00,205529990,DAMPEZZO,0.0,79.0,135.0,12.0,2.0,51.939658333333334,4.033955,0.0,5,gate,,False,False,MAASVLAKTE HARTELHAV,3,2026-09-04 21:06:04.80457077 +0000 UTC,2026-09-04 21:12:04.52743704 +0000 UTC
2026-09-04T21:05:05+00:00,636024606,DELTA HELLAS,9406673.0,80.0,274.0,48.0,15.5,49.46881666666666,0.15378333333333333,0.0,5,lehavre,,False,False,FR LEH,3,2026-09-04 21:06:05.554356892 +0000 UTC,2026-09-04 21:12:32.715299082 +0000 UTC
2026-09-04T21:05:05+00:00,244650467,FRIENDSHIP,0.0,79.0,135.0,15.0,2.0,51.94473,4.04863,0.0,0,gate,,False,False,UERPORT,6,2026-09-04 21:06:05.936864269 +0000 UTC,2026-09-04 21:11:05.58051048 +0000 UTC
2026-09-04T21:05:05+00:00,244660962,USHUAIA,0.0,79.0,116.0,23.0,4.0,51.9442,4.044966666666666,0.0,5,gate,,False,False,WAALHAVENANTWERPEN V,1,2026-09-04 21:06:07.079242033 +0000 UTC,2026-09-04 21:12:41.756090233 +0000 UTC
2026-09-04T21:05:05+00:00,538005197,GO ELECTRA,9545481.0,99.0,80.0,17.0,5.5,53.44687333333333,6.82111,0.0,5,eems,,False,False,NLEEM,2,2026-09-04 21:06:07.104618932 +0000 UTC,2026-09-04 21:10:12.004896154 +0000 UTC
2026-09-04T21:05:05+00:00,538006315,HARVEST RAIN,9643893.0,70.0,237.0,40.0,11.0,51.96117166666667,4.12509,0.1,5,gate,,False,False,NL RTM,1,2026-09-04 21:06:08.205982562 +0000 UTC,2026-09-04 21:08:04.149326759 +0000 UTC
2026-09-04T21:05:05+00:00,253726000,LES ALIZES,9911032.0,90.0,236.0,52.0,9.8,51.96905833333334,4.002353333333334,0.0,5,gate,,False,False,ORANJEWIND OWF,1,2026-09-04 21:06:09.163025739 +0000 UTC,2026-09-04 21:07:08.949603737 +0000 UTC
2026-09-04T21:05:05+00:00,211212410,GRIEP,,,,,,53.521483333333336,8.133948333333333,0.0,5,wilhelmshaven,,False,False,,2,2026-09-04 21:06:09.77436389 +0000 UTC,2026-09-04 21:09:08.993926396 +0000 UTC
2026-09-04T21:05:05+00:00,211328230,HARLE PRIEL,,,,,,53.51498333333333,8.149925,0.0,0,wilhelmshaven,wilhelmshaven,True,False,,4,2026-09-04 21:06:09.775087993 +0000 UTC,2026-09-04 21:11:01.520560686 +0000 UTC
2026-09-04T21:05:05+00:00,538010923,CAPOEIRA,9327011.0,80.0,206.0,49.0,12.5,31.376913333333334,32.30256833333333,0.0,1,transit_port_said,,False,True,EG PSD,2,2026-09-04 21:06:10.330926094 +0000 UTC,2026-09-04 21:12:08.878204381 +0000 UTC
2026-09-04T21:05:05+00:00,227006710,VB PORNIC,,,,,,47.26761833333333,-2.2016,0.0,0,montoir,,False,False,,6,2026-09-04 21:06:10.41904696 +0000 UTC,2026-09-04 21:12:52.564195721 +0000 UTC
2026-09-04T21:05:05+00:00,477168900,COSCO CAPRICORN,,,,,,51.97540333333333,4.0298766666666666,0.0,5,gate,,False,False,,2,2026-09-04 21:06:11.00000126 +0000 UTC,2026-09-04 21:12:08.607379689 +0000 UTC
2026-09-04T21:05:05+00:00,227006760,VB 21 FECAMP,9202728.0,52.0,36.0,11.0,0.0,49.47573333333333,0.13155833333333333,0.0,11,lehavre,,False,False,,5,2026-09-04 21:06:11.274586783 +0000 UTC,2026-09-04 21:12:31.515319454 +0000 UTC
2026-09-04T21:05:05+00:00,245439000,TORSTEN,9623142.0,38.0,31.0,12.0,2.9,53.65353833333334,9.509459999999999,0.0,5,stade,stade,True,False,DE STA,2,2026-09-04 21:06:12.285823658 +0000 UTC,2026-09-04 21:12:14.382959513 +0000 UTC
2026-09-04T21:05:05+00:00,244820968,NEXUS,,,,,,53.45891666666667,6.817981666666666,0.0,5,eems,,False,False,,2,2026-09-04 21:06:12.529311621 +0000 UTC,2026-09-04 21:12:12.571820844 +0000 UTC
2026-09-04T21:05:05+00:00,244710348,PROGRESSO,0.0,79.0,105.0,10.0,0.0,51.95695,4.010050000000001,0.1,5,gate,,False,False,RDAM,3,2026-09-04 21:06:12.751063141 +0000 UTC,2026-09-04 21:12:09.45128449 +0000 UTC
2026-09-04T21:05:05+00:00,246658000,ORION (PILOTS),0.0,50.0,23.0,6.0,1.2,53.444923333333335,6.821091666666666,0.0,5,eems,,False,False,PILOTBOARDINGGROUND,1,2026-09-04 21:06:13.08066843 +0000 UTC,2026-09-04 21:10:24.567599684 +0000 UTC
2026-09-04T21:05:05+00:00,636024938,MSC CAMEROON,,,,,,49.46003333333333,0.14757666666666666,0.0,5,lehavre,,False,False,,2,2026-09-04 21:06:13.381277844 +0000 UTC,2026-09-04 21:12:12.632203006 +0000 UTC
2026-09-04T21:05:05+00:00,244750694,VEERWEL,0.0,60.0,22.0,5.0,1.6,51.977005,4.1252200000000006,0.0,0,gate,,False,False,,8,2026-09-04 21:06:14.874222305 +0000 UTC,2026-09-04 21:13:03.645508449 +0000 UTC
2026-09-04T21:05:05+00:00,211117790,VB ENDEAVOUR,,,,,,53.517395,8.140911666666666,0.0,5,wilhelmshaven,wilhelmshaven,True,False,,1,2026-09-04 21:06:15.2337512 +0000 UTC,2026-09-04 21:06:15.2337512 +0000 UTC
2026-09-04T21:05:05+00:00,244191102,FAYE,0.0,79.0,135.0,15.0,2.1,51.968215,4.037405000000001,0.0,5,gate,,False,False,MAASVLAKTE,2,2026-09-04 21:06:15.60516004 +0000 UTC,2026-09-04 21:12:17.066937775 +0000 UTC
2026-09-04T21:05:05+00:00,244630697,SARINA,,,,,,51.94161166666667,4.032751666666667,0.0,5,gate,,False,False,,2,2026-09-04 21:06:17.997665984 +0000 UTC,2026-09-04 21:09:15.782490626 +0000 UTC
2026-09-04T21:05:05+00:00,563297100,ONE RESOLUTION,9952763.0,71.0,272.0,43.0,12.2,51.958045,4.0444933333333335,0.0,5,gate,,False,False,GBLGP>NLRTM,3,2026-09-04 21:06:18.15523245 +0000 UTC,2026-09-04 21:12:19.203386675 +0000 UTC
2026-09-04T21:05:05+00:00,211207650,WSP 5,0.0,55.0,20.0,5.0,1.4,53.53439166666667,8.160228333333333,0.0,5,wilhelmshaven,,False,False,ON PATROL,2,2026-09-04 21:06:19.874238358 +0000 UTC,2026-09-04 21:09:21.525617419 +0000 UTC
2026-09-04T21:05:05+00:00,210325000,STENA PROVIDENT,9944637.0,82.0,186.0,32.0,8.0,51.93753166666667,4.069101666666667,0.0,5,gate,,False,True,IDTRH>NLRTM,2,2026-09-04 21:06:20.607577025 +0000 UTC,2026-09-04 21:12:20.591655346 +0000 UTC
2026-09-04T21:05:05+00:00,205568190,RIVER DRONE 7,0.0,79.0,106.0,12.0,2.7,51.958938333333336,4.03358,0.0,5,gate,,False,False,ROTTERDAM PRINSES AM,1,2026-09-04 21:06:21.792785833 +0000 UTC,2026-09-04 21:10:28.89500752 +0000 UTC
2026-09-04T21:05:05+00:00,244630153,ROSANNE,0.0,79.0,110.0,12.0,0.1,53.44316,6.842271666666666,0.0,5,eems,eems,True,False,BAHAMAS,1,2026-09-04 21:06:22.49471025 +0000 UTC,2026-09-04 21:07:22.957933229 +0000 UTC
2026-09-04T21:05:05+00:00,244737852,AM EXPLORER,0.0,79.0,110.0,12.0,1.9,51.942159999999994,4.034908333333333,0.0,5,gate,,False,False,DUISBURG  PARALLELHA,3,2026-09-04 21:06:23.016733524 +0000 UTC,2026-09-04 21:12:21.13667548 +0000 UTC
2026-09-04T21:05:05+00:00,253000082,GEO OCEAN IX,9668518.0,70.0,53.0,13.0,4.6,53.44940999999999,6.822326666666667,0.0,5,eems,,False,False,NLEEM,3,2026-09-04 21:06:23.24533711 +0000 UTC,2026-09-04 21:12:21.312617682 +0000 UTC
2026-09-04T21:05:05+00:00,244660831,SAYONARA,,,,,,51.940005,4.032196666666667,0.0,5,gate,,False,False,,1,2026-09-04 21:06:23.417927997 +0000 UTC,2026-09-04 21:06:23.417927997 +0000 UTC
2026-09-04T21:05:05+00:00,255915695,CMA CGM ZINGARO,,,,,,49.47578333333333,0.16662333333333335,0.0,5,lehavre,,False,False,,2,2026-09-04 21:06:23.755390981 +0000 UTC,2026-09-04 21:12:25.059226255 +0000 UTC
2026-09-04T21:05:05+00:00,245836000,UK-95 AART MAASKANT,,,,,,53.456716666666665,6.821516666666667,0.0,7,eems,,False,False,,3,2026-09-04 21:06:23.88380249 +0000 UTC,2026-09-04 21:12:53.240257918 +0000 UTC
2026-09-04T21:05:05+00:00,244170721,AVALON,,,,,,51.92431833333333,4.103925,0.0,5,gate,,False,False,,1,2026-09-04 21:06:23.952893381 +0000 UTC,2026-09-04 21:06:23.952893381 +0000 UTC
2026-09-04T21:05:05+00:00,244860469,NEPTUNUS 10,0.0,99.0,14.0,4.0,0.0,51.952753333333334,4.125251666666666,0.1,0,gate,,False,False,HAVENWERK ROTTERDAM,8,2026-09-04 21:06:24.019333094 +0000 UTC,2026-09-04 21:12:54.564042349 +0000 UTC
2026-09-04T21:05:05+00:00,244448000,EEMS WRANGLER,,,,,,53.446686666666665,6.822245,0.1,5,eems,,False,False,,1,2026-09-04 21:06:24.845913363 +0000 UTC,2026-09-04 21:06:24.845913363 +0000 UTC
2026-09-04T21:05:05+00:00,538008523,ION M,9864344.0,80.0,183.0,32.0,10.4,35.971268333333335,-5.401376666666667,14.0,0,transit_gibraltar,,False,True,"MISURATA,LIBYA",7,2026-09-04 21:06:25.420906385 +0000 UTC,2026-09-04 21:11:25.291478551 +0000 UTC
2026-09-04T21:05:05+00:00,255805908,AUTO ENERGY,,,,,,51.33351666666667,3.21773,0.0,5,zeebrugge,,False,False,,3,2026-09-04 21:06:25.519790598 +0000 UTC,2026-09-04 21:12:21.152363037 +0000 UTC
2026-09-04T21:05:05+00:00,244690719,ONDERNEMING,,,,,,51.968965000000004,4.03679,0.0,5,gate,,False,False,,2,2026-09-04 21:06:25.537343475 +0000 UTC,2026-09-04 21:09:22.1389283 +0000 UTC
2026-09-04T21:05:05+00:00,244670098,MAXIMA,,,,,,51.955225000000006,4.151549999999999,0.0,5,gate,,False,False,,2,2026-09-04 21:06:28.393685942 +0000 UTC,2026-09-04 21:09:28.313705541 +0000 UTC
2026-09-04T21:05:05+00:00,219034000,MANCHESTER MAERSK,9780445.0,71.0,399.0,58.0,13.3,51.956900000000005,4.0052666666666665,0.0,5,gate,,False,False,DEBRV - NLRTM,2,2026-09-04 21:06:29.898427066 +0000 UTC,2026-09-04 21:12:29.436840957 +0000 UTC
2026-09-04T21:05:05+00:00,246064000,RDJ JOHANNA,9195418.0,79.0,83.0,13.0,3.4,53.615993333333336,9.549415,0.1,1,stade,,False,False,DEHAM,2,2026-09-04 21:06:31.19628343 +0000 UTC,2026-09-04 21:12:48.296124906 +0000 UTC
2026-09-04T21:05:05+00:00,354895000,MANTA ANKA,9666663.0,80.0,183.0,29.0,6.6,29.59611,-93.75028166666667,0.1,1,depart_sabine_pass,,False,True,ESTAR>USNDX,1,2026-09-04 21:06:31.374573844 +0000 UTC,2026-09-04 21:08:33.529300848 +0000 UTC
2026-09-04T21:05:05+00:00,211224270,PILOT PAGENSAND,4810370.0,50.0,16.0,6.0,1.2,53.627613333333336,9.525266666666665,0.0,0,stade,,False,False,BOARDING AREA STADE,4,2026-09-04 21:06:31.955502062 +0000 UTC,2026-09-04 21:12:31.128719698 +0000 UTC
2026-09-04T21:05:05+00:00,211515020,ADRIAN,0.0,90.0,110.0,12.0,2.0,51.94436833333334,4.091926666666667,0.0,5,gate,,False,False,EUROPOORT,2,2026-09-04 21:06:32.851890791 +0000 UTC,2026-09-04 21:12:37.517178039 +0000 UTC
2026-09-04T21:05:05+00:00,636023484,ZHEN GUAN KOU,9990258.0,70.0,199.0,38.0,9.8,51.30889333333334,3.2303383333333335,0.0,5,zeebrugge,,False,False,ZEBRUGGE,3,2026-09-04 21:06:32.858633672 +0000 UTC,2026-09-04 21:12:33.517632774 +0000 UTC
2026-09-04T21:05:05+00:00,211216480,FAIRPLAY-54,,,,,,53.652984999999994,9.510836666666668,0.0,0,stade,stade,True,False,,7,2026-09-04 21:06:33.502294819 +0000 UTC,2026-09-04 21:12:52.127472591 +0000 UTC
2026-09-04T21:05:05+00:00,218001440,JD EAGLE,0.0,49.0,19.0,8.0,1.8,53.51643166666667,8.141138333333334,0.0,5,wilhelmshaven,wilhelmshaven,True,False,DEWVN,4,2026-09-04 21:06:34.323450381 +0000 UTC,2026-09-04 21:12:34.17011113 +0000 UTC
2026-09-04T21:05:05+00:00,211696040,CORVIN,9280433.0,52.0,32.0,12.0,5.1,53.55713333333333,8.167933333333334,0.0,5,wilhelmshaven,,False,False,WILHELMSHAVEN,3,2026-09-04 21:06:34.40648223 +0000 UTC,2026-09-04 21:12:32.647708985 +0000 UTC
2026-09-04T21:05:05+00:00,244620993,PROGRES,0.0,79.0,135.0,15.0,1.6,51.95625666666667,4.0117416666666665,0.1,5,gate,,False,False,EMMERICH,3,2026-09-04 21:06:34.723952316 +0000 UTC,2026-09-04 21:12:37.314798705 +0000 UTC
2026-09-04T21:05:05+00:00,211184930,STADE,,,,,,53.627140000000004,9.524483333333334,0.0,0,stade,,False,False,,7,2026-09-04 21:06:35.421720611 +0000 UTC,2026-09-04 21:12:46.676875167 +0000 UTC
2026-09-04T21:05:05+00:00,205580590,SAINTE-MAXIME,,,,,,51.939795000000004,4.033838333333334,0.0,5,gate,,False,False,,2,2026-09-04 21:06:35.698651529 +0000 UTC,2026-09-04 21:12:33.769780141 +0000 UTC
2026-09-04T21:05:05+00:00,244660361,PROCYON,0.0,79.0,185.0,24.0,4.0,51.95267,4.116751666666667,0.0,5,gate,,False,False,DINTELHAVEN,1,2026-09-04 21:06:37.028579876 +0000 UTC,2026-09-04 21:12:37.144098944 +0000 UTC
2026-09-04T21:05:05+00:00,244730196,ALK,0.0,79.0,20.0,11.0,0.0,51.938896666666665,4.058998333333333,0.0,5,gate,,False,False,ROTTERDAM,2,2026-09-04 21:06:37.030343683 +0000 UTC,2026-09-04 21:12:36.577424044 +0000 UTC
2026-09-04T21:05:05+00:00,205545000,VB PANDA,,,,,,51.33566666666666,3.2156466666666663,0.4,0,zeebrugge,,False,False,,6,2026-09-04 21:06:37.332764095 +0000 UTC,2026-09-04 21:12:46.627476217 +0000 UTC
2026-09-04T21:05:05+00:00,244516000,HARDER,,,,,,53.444628333333334,6.825358333333333,0.0,5,eems,,False,False,,3,2026-09-04 21:06:37.481351973 +0000 UTC,2026-09-04 21:12:36.702415271 +0000 UTC
2026-09-04T21:05:05+00:00,636017581,MSC ANNICK,9169122.0,71.0,260.0,32.0,8.9,49.45870333333333,0.157095,0.0,5,lehavre,,False,False,FRLEH,6,2026-09-04 21:06:37.661282586 +0000 UTC,2026-09-04 21:11:44.447870094 +0000 UTC
2026-09-04T21:05:05+00:00,246234000,FAIRPLAY-93,,,,,,51.964415,4.093553333333333,0.0,0,gate,,False,False,,6,2026-09-04 21:06:37.887221582 +0000 UTC,2026-09-04 21:12:38.635679351 +0000 UTC
2026-09-04T21:05:05+00:00,244700469,CARLIJN,0.0,79.0,86.0,11.0,3.0,51.959680000000006,4.142986666666666,0.0,5,gate,,False,False,VAULX,2,2026-09-04 21:06:38.099236194 +0000 UTC,2026-09-04 21:12:39.007081957 +0000 UTC
2026-09-04T21:05:05+00:00,232007487,SVITZER MONARCH,,,,,,51.446371666666664,0.7426600000000001,0.0,5,grain,,False,False,,3,2026-09-04 21:06:38.12844168 +0000 UTC,2026-09-04 21:12:37.782915443 +0000 UTC
2026-09-04T21:05:05+00:00,244690685,ZEPHYR,,,,,,51.93270166666667,4.047343333333333,0.1,5,gate,,False,False,,3,2026-09-04 21:06:38.487716019 +0000 UTC,2026-09-04 21:12:40.215967774 +0000 UTC
2026-09-04T21:05:05+00:00,211445200,OPPELN,,,,,,53.911793333333335,9.175928333333333,0.0,0,brunsbuettel,,False,False,,3,2026-09-04 21:06:40.181229324 +0000 UTC,2026-09-04 21:12:20.398809299 +0000 UTC
2026-09-04T21:05:05+00:00,205157000,EEMSHAVEN LNG,9757694.0,81.0,120.0,33.0,6.7,53.44462166666666,6.848843333333334,0.0,5,eems,eems,True,False,,1,2026-09-04 21:06:40.804107141 +0000 UTC,2026-09-04 21:12:48.033147562 +0000 UTC
2026-09-04T21:05:05+00:00,253641000,GEO OCEAN IV,,,,,,53.45728833333333,6.817683333333333,0.0,5,eems,,False,False,,3,2026-09-04 21:06:40.996996835 +0000 UTC,2026-09-04 21:12:39.659003771 +0000 UTC
2026-09-04T21:05:05+00:00,245587000,MEES (PILOTS),,,,,,53.44497666666667,6.821616666666667,0.0,5,eems,,False,False,,2,2026-09-04 21:06:42.131624817 +0000 UTC,2026-09-04 21:09:43.403190486 +0000 UTC
2026-09-04T21:05:05+00:00,244810809,THUNDERBIRD 1,,,,,,51.96001166666667,4.124616666666666,0.1,5,gate,,False,False,,3,2026-09-04 21:06:42.234113461 +0000 UTC,2026-09-04 21:12:44.180852726 +0000 UTC
2026-09-04T21:05:05+00:00,255802790,ILSE D,,,,,,51.957721666666664,4.040823333333333,0.0,5,gate,,False,False,,2,2026-09-04 21:06:42.420482259 +0000 UTC,2026-09-04 21:09:43.281449131 +0000 UTC
2026-09-04T21:05:05+00:00,563221100,PIURA PACIFIC,9983889.0,80.0,183.0,32.0,8.0,51.93553,4.060016666666667,0.0,5,gate,,False,True,HOUSTON FOR ORDERS,2,2026-09-04 21:06:43.332884027 +0000 UTC,2026-09-04 21:10:21.903515526 +0000 UTC
2026-09-04T21:05:05+00:00,311001806,WILSON MONSOON,,,,,,52.014385,3.9951233333333334,8.4,0,gate,,False,False,,3,2026-09-04 21:06:43.513824656 +0000 UTC,2026-09-04 21:08:53.055959911 +0000 UTC
2026-09-04T21:05:05+00:00,255742000,AUTO ASPIRE,9895812.0,70.0,169.0,28.0,7.6,51.33529333333333,3.21631,0.0,5,zeebrugge,,False,False,ESSDR,3,2026-09-04 21:06:45.115057609 +0000 UTC,2026-09-04 21:12:52.312633296 +0000 UTC
2026-09-04T21:05:05+00:00,248189000,DELPHINE,,,,,,51.353208333333335,3.1931083333333334,0.0,0,zeebrugge,zeebrugge,True,False,,5,2026-09-04 21:06:45.52378617 +0000 UTC,2026-09-04 21:11:54.283333289 +0000 UTC
2026-09-04T21:05:05+00:00,636015124,ATHINA L,9487627.0,70.0,229.0,32.0,12.9,51.95331,4.127526666666666,0.1,5,gate,,False,False,NLRTM,3,2026-09-04 21:06:46.229207074 +0000 UTC,2026-09-04 21:12:43.379205989 +0000 UTC
2026-09-04T21:05:05+00:00,245463000,VB SEAL,9448188.0,52.0,32.0,14.0,5.2,51.96156,4.139833333333333,0.0,5,gate,,False,False,NLROT HARBOURASST.,3,2026-09-04 21:06:46.279398747 +0000 UTC,2026-09-04 21:12:46.526092102 +0000 UTC
2026-09-04T21:05:05+00:00,244650489,DUANCIS,0.0,79.0,135.0,15.0,1.7,51.959035,4.057706666666666,0.0,5,gate,,False,False,TERNEUZEN,3,2026-09-04 21:06:46.757090191 +0000 UTC,2026-09-04 21:12:47.235940654 +0000 UTC
2026-09-04T21:05:05+00:00,244087627,MABEL,,,,,,51.95544333333333,4.150738333333333,0.0,15,gate,,False,False,,8,2026-09-04 21:06:48.10484612 +0000 UTC,2026-09-04 21:12:49.627473993 +0000 UTC
2026-09-04T21:05:05+00:00,244630162,THUNDERBIRD 2,,,,,,51.96013000000001,4.124693333333333,0.1,5,gate,,False,False,,3,2026-09-04 21:06:48.126733038 +0000 UTC,2026-09-04 21:12:45.836103195 +0000 UTC
2026-09-04T21:05:05+00:00,244020258,DELTA,0.0,79.0,111.0,12.0,0.0,51.94397,4.043308333333333,0.0,5,gate,,False,False,RDAM,2,2026-09-04 21:06:48.634284275 +0000 UTC,2026-09-04 21:12:50.708846434 +0000 UTC
2026-09-04T21:05:05+00:00,244909000,TIMBER NAVIGATOR,9532824.0,70.0,118.0,16.0,4.3,49.477776666666664,0.12556166666666665,0.0,5,lehavre,,False,False,FRLEH,2,2026-09-04 21:06:49.515809684 +0000 UTC,2026-09-04 21:12:49.059061792 +0000 UTC
2026-09-04T21:05:05+00:00,244750018,RELINQUENDA,,,,,,53.44161999999999,6.85543,0.0,5,eems,eems,True,False,,1,2026-09-04 21:06:49.880023315 +0000 UTC,2026-09-04 21:06:49.880023315 +0000 UTC
2026-09-04T21:05:05+00:00,241891000,MARAN GAS ANTIBES,9941520.0,80.0,293.0,46.0,11.1,35.97582,-5.361056666666667,18.5,0,transit_gibraltar,,False,True,FOR ORDERS,6,2026-09-04 21:06:50.497249438 +0000 UTC,2026-09-04 21:12:55.733421957 +0000 UTC
2026-09-04T21:05:05+00:00,245413000,DONGEBORG,,,,,,53.65501833333334,9.510248333333333,0.0,5,stade,stade,True,False,,3,2026-09-04 21:06:51.743502424 +0000 UTC,2026-09-04 21:12:50.417879965 +0000 UTC
2026-09-04T21:05:05+00:00,244010031,VITESSE,0.0,79.0,110.0,12.0,3.3,51.96768333333333,4.0398499999999995,0.0,5,gate,,False,False,AMAZONEHAVEN,1,2026-09-04 21:06:52.304543028 +0000 UTC,2026-09-04 21:12:52.593825307 +0000 UTC
2026-09-04T21:05:05+00:00,232059968,MCS SWATH 3,1040459.0,40.0,29.0,11.0,2.5,53.444523333333336,6.826891666666667,0.0,5,eems,,False,False,EEMSHAVEN,2,2026-09-04 21:06:52.437502397 +0000 UTC,2026-09-04 21:12:51.482454513 +0000 UTC
2026-09-04T21:05:05+00:00,218346000,BORKUM,9500376.0,55.0,50.0,20.0,4.7,53.53859166666667,8.164525000000001,0.0,5,wilhelmshaven,,False,False,DECUX,4,2026-09-04 21:06:52.549229469 +0000 UTC,2026-09-04 21:12:50.585325183 +0000 UTC
2026-09-04T21:05:05+00:00,477945700,KONGTONG,9958664.0,80.0,295.0,45.0,11.0,53.44336833333333,6.853996666666666,0.0,5,eems,eems,True,True,NLEEM,1,2026-09-04 21:06:52.693586712 +0000 UTC,2026-09-04 21:10:26.456219769 +0000 UTC
2026-09-04T21:05:05+00:00,244630415,LADY ALIDA,9760380.0,70.0,88.0,14.0,4.0,53.46471666666666,6.861565,10.4,0,eems,,False,False,PTLIS,3,2026-09-04 21:06:53.444095044 +0000 UTC,2026-09-04 21:12:55.094127352 +0000 UTC
2026-09-04T21:05:05+00:00,211292900,HARLE KURIER,,,,,,53.513686666666665,8.145055000000001,0.0,15,wilhelmshaven,,False,False,,5,2026-09-04 21:06:53.553826799 +0000 UTC,2026-09-04 21:12:54.193323998 +0000 UTC
2026-09-04T21:05:05+00:00,245706000,VB PUMA,9525443.0,52.0,30.0,11.0,4.4,51.96071666666667,4.1418333333333335,0.1,0,gate,,False,False,ROTTERDAM,6,2026-09-04 21:06:54.204953763 +0000 UTC,2026-09-04 21:12:54.028996057 +0000 UTC
2026-09-04T21:05:05+00:00,211200300,MELLUM,8301981.0,54.0,80.0,16.0,5.2,53.51507166666667,8.143925,0.0,5,wilhelmshaven,wilhelmshaven,True,False,PATROL,3,2026-09-04 21:06:55.029854569 +0000 UTC,2026-09-04 21:12:55.265749757 +0000 UTC
2026-09-04T21:05:05+00:00,235011460,OCEAN RESEARCHER,8207941.0,90.0,70.0,14.0,5.7,53.516846666666666,8.141181666666666,0.0,0,wilhelmshaven,wilhelmshaven,True,False,WILHELMSHAVEN,3,2026-09-04 21:06:55.447405274 +0000 UTC,2026-09-04 21:09:06.26303717 +0000 UTC
2026-09-04T21:05:05+00:00,244059204,ALPHENAAR,0.0,79.0,90.0,11.0,2.0,51.957618333333336,4.010191666666667,0.3,0,gate,,False,False,LIGPLAATS CCT ZUID,5,2026-09-04 21:06:55.45926824 +0000 UTC,2026-09-04 21:10:34.664557565 +0000 UTC
2026-09-04T21:05:05+00:00,210701000,MEREL-G,9782285.0,90.0,26.0,10.0,2.4,53.44486166666666,6.825918333333333,0.0,5,eems,,False,False,EEMSHAVEN,1,2026-09-04 21:06:55.793176065 +0000 UTC,2026-09-04 21:12:55.798002802 +0000 UTC
2026-09-04T21:05:05+00:00,245431000,BALOE,,,,,,53.88829333333333,9.19748,0.0,3,brunsbuettel,,False,False,,7,2026-09-04 21:06:57.384689561 +0000 UTC,2026-09-04 21:12:39.167621672 +0000 UTC
2026-09-04T21:05:05+00:00,244740545,DIVA ROMY,0.0,79.0,135.0,12.0,2.1,51.939598333333336,4.061888333333333,0.0,5,gate,,False,False,DINTELHAVEN,1,2026-09-04 21:06:57.424332012 +0000 UTC,2026-09-04 21:12:56.770951504 +0000 UTC
2026-09-04T21:05:05+00:00,205278390,TRIPOLI,9540546.0,79.0,135.0,18.0,2.1,51.346603333333334,3.1859800000000003,0.0,5,zeebrugge,zeebrugge,True,False,ZEEBRUGGE,2,2026-09-04 21:06:58.262935324 +0000 UTC,2026-09-04 21:09:56.564913068 +0000 UTC
2026-09-04T21:05:05+00:00,205613000,DEUGNIET,9865623.0,79.0,95.0,20.0,5.9,51.34231666666667,3.206495,0.3,0,zeebrugge,,False,False,BE ZEE,6,2026-09-04 21:06:58.328419345 +0000 UTC,2026-09-04 21:12:59.686230528 +0000 UTC
2026-09-04T21:05:05+00:00,228373700,VB LONGCHAMP 17,9876311.0,52.0,30.0,10.0,5.3,49.47539666666667,0.13193333333333335,0.0,0,lehavre,,False,False,LE HAVRE,4,2026-09-04 21:06:59.554107043 +0000 UTC,2026-09-04 21:12:49.503086856 +0000 UTC
2026-09-04T21:05:05+00:00,352001786,NEW APEX,9929106.0,80.0,293.0,46.0,9.3,29.74145,-93.867575,0.0,5,depart_sabine_pass,,False,True,USNSS,1,2026-09-04 21:07:00.392958151 +0000 UTC,2026-09-04 21:12:08.283988027 +0000 UTC
2026-09-04T21:05:05+00:00,228442700,ABEILLE HORIZON,9178410.0,32.0,73.0,17.0,6.0,49.481385,0.13351,0.0,5,lehavre,,False,False,FRLEH,2,2026-09-04 21:07:00.508254862 +0000 UTC,2026-09-04 21:13:00.66292884 +0000 UTC
2026-09-04T21:05:05+00:00,227062830,DUNCAN,0.0,80.0,18.0,7.0,2.5,49.484453333333335,0.15426833333333334,0.0,5,lehavre,,False,False,LE TRAIT CHANTIER,2,2026-09-04 21:07:01.43204711 +0000 UTC,2026-09-04 21:13:03.225756296 +0000 UTC
2026-09-04T21:05:05+00:00,244750022,TAURUS,0.0,79.0,106.0,12.0,1.8,51.955709999999996,4.078171666666667,7.9,0,gate,,False,False,EUROPAHAVEN,6,2026-09-04 21:07:03.350349551 +0000 UTC,2026-09-04 21:12:04.497037201 +0000 UTC
2026-09-04T21:05:05+00:00,211475980,HERKULES II,,,,,,51.929565000000004,4.03983,0.0,5,gate,,False,False,,2,2026-09-04 21:07:03.63123373 +0000 UTC,2026-09-04 21:10:02.546392076 +0000 UTC
2026-09-04T21:05:05+00:00,218039400,VB TRAGEN,9931446.0,52.0,24.0,12.0,5.8,53.53588833333333,8.161629999999999,0.0,0,wilhelmshaven,,False,False,DEWVN,5,2026-09-04 21:07:04.087132614 +0000 UTC,2026-09-04 21:12:24.062302308 +0000 UTC
2026-09-04T21:05:05+00:00,538012439,GH FRANKLIN,,,,,,51.966789999999996,4.108526666666666,0.0,5,gate,,False,False,,2,2026-09-04 21:07:04.252080402 +0000 UTC,2026-09-04 21:10:04.367502361 +0000 UTC
2026-09-04T21:05:05+00:00,636026604,ONE TRUTH,9773210.0,70.0,400.0,58.0,12.1,49.45753166666667,0.16487000000000002,0.1,5,lehavre,,False,False,FRLEH>>CNYSA,2,2026-09-04 21:07:04.690673623 +0000 UTC,2026-09-04 21:11:54.074247475 +0000 UTC
2026-09-04T21:05:05+00:00,219031856,WSC SPEED 1,9996379.0,40.0,27.0,10.0,2.0,53.444586666666666,6.826338333333334,0.0,5,eems,,False,False,EEMSHAVEN,3,2026-09-04 21:07:04.916975496 +0000 UTC,2026-09-04 21:13:00.895130817 +0000 UTC
2026-09-04T21:05:05+00:00,244630169,TRANSFERIUM,0.0,79.0,97.0,23.0,3.6,51.95885833333333,4.055843333333333,0.1,5,gate,,False,False,EUROPOORT,1,2026-09-04 21:07:05.146266717 +0000 UTC,2026-09-04 21:09:18.562083101 +0000 UTC
2026-09-04T21:05:05+00:00,211265240,STADERSAND,,,,,,53.627465,9.525081666666667,0.0,15,stade,,False,False,,5,2026-09-04 21:07:07.369506506 +0000 UTC,2026-09-04 21:11:27.983440645 +0000 UTC
2026-09-04T21:05:05+00:00,211224360,RUESTERSIEL,,,,,,53.51334,8.148810000000001,0.0,5,wilhelmshaven,,False,False,,2,2026-09-04 21:07:07.828610185 +0000 UTC,2026-09-04 21:10:08.784881326 +0000 UTC
2026-09-04T21:05:05+00:00,211795250,FAIRPLAY-35,9565194.0,52.0,37.0,14.0,6.8,53.65107,9.509933333333333,0.0,5,stade,stade,True,False,ETV ELBE,2,2026-09-04 21:07:08.557138727 +0000 UTC,2026-09-04 21:10:49.99275656 +0000 UTC
2026-09-04T21:05:05+00:00,244710445,AMER,,,,,,51.966348333333336,4.045401666666667,0.0,0,gate,,False,False,,6,2026-09-04 21:07:08.694203944 +0000 UTC,2026-09-04 21:11:08.116889524 +0000 UTC
2026-09-04T21:05:05+00:00,255806364,BRAVEWIND,9886330.0,79.0,149.0,28.0,4.9,53.45230333333333,6.82105,0.0,5,eems,,False,False,NLEEM,2,2026-09-04 21:07:08.70371869 +0000 UTC,2026-09-04 21:10:07.722009756 +0000 UTC
2026-09-04T21:05:05+00:00,228430700,TSM WINDCAT 54,,,,,,47.269255,-2.2018,0.0,5,montoir,,False,False,,1,2026-09-04 21:07:10.557864144 +0000 UTC,2026-09-04 21:07:10.557864144 +0000 UTC
2026-09-04T21:05:05+00:00,244624000,KNRM-J&T VISSER,,,,,,53.44671166666667,6.819748333333334,0.0,5,eems,,False,False,,2,2026-09-04 21:07:12.571421923 +0000 UTC,2026-09-04 21:10:11.989279322 +0000 UTC
2026-09-04T21:05:05+00:00,538004413,PHOENIX,,,,,,53.65459833333333,9.511308333333334,0.0,5,stade,stade,True,False,,2,2026-09-04 21:07:13.632782428 +0000 UTC,2026-09-04 21:10:13.511717159 +0000 UTC
2026-09-04T21:05:05+00:00,249436000,CELANDINE,9183984.0,70.0,162.0,25.0,4.9,51.341555,3.2158066666666665,0.0,5,zeebrugge,,False,False,BEZEE,1,2026-09-04 21:07:14.901327657 +0000 UTC,2026-09-04 21:10:11.6342545 +0000 UTC
2026-09-04T21:05:05+00:00,219456000,SEA INSTALLER,9646481.0,90.0,132.0,46.0,6.6,53.44961,6.823205,0.0,5,eems,,False,False,NDL 1>NL EEM,1,2026-09-04 21:07:15.240643748 +0000 UTC,2026-09-04 21:12:12.209248086 +0000 UTC
2026-09-04T21:05:05+00:00,228373800,VB GUARDIAN 19,9876323.0,52.0,30.0,10.0,5.2,49.475235,0.13340500000000002,0.1,5,lehavre,,False,False,LE HAVRE,2,2026-09-04 21:07:17.752077874 +0000 UTC,2026-09-04 21:12:04.050025016 +0000 UTC
2026-09-04T21:05:05+00:00,211477070,ASP BILGENENTOELER 1,0.0,80.0,47.0,6.0,2.0,53.52409,8.144845,0.0,5,wilhelmshaven,wilhelmshaven,True,False,WILHELMSHAVEN,2,2026-09-04 21:07:18.945171397 +0000 UTC,2026-09-04 21:10:17.792887978 +0000 UTC
2026-09-04T21:05:05+00:00,211211840,NATO WARSHIP A 1443,0.0,35.0,130.0,19.0,7.1,53.51936166666667,8.129335000000001,0.0,5,wilhelmshaven,,False,False,,1,2026-09-04 21:07:18.947057711 +0000 UTC,2026-09-04 21:10:57.180735547 +0000 UTC
2026-09-04T21:05:05+00:00,244020518,VEERLE,0.0,79.0,113.0,24.0,2.0,51.934625,4.0398966666666665,0.0,5,gate,,False,False,HARTELHAVEN EMO EUR,1,2026-09-04 21:07:20.931555096 +0000 UTC,2026-09-04 21:07:22.478154287 +0000 UTC
2026-09-04T21:05:05+00:00,205276490,BEYOND PARADISE,0.0,79.0,110.0,12.0,2.0,51.95153833333333,4.125388333333333,0.1,5,gate,,False,False,BENELUXHAVEN,2,2026-09-04 21:07:21.355651875 +0000 UTC,2026-09-04 21:10:21.414654238 +0000 UTC
2026-09-04T21:05:05+00:00,255801470,HEA THOR,9577147.0,90.0,86.0,40.0,8.1,53.45087,6.815038333333334,0.0,5,eems,,False,False,NLEEM,2,2026-09-04 21:07:21.375751964 +0000 UTC,2026-09-04 21:10:24.520112115 +0000 UTC
2026-09-04T21:05:05+00:00,244670153,JURALIS,,,,,,51.95800833333333,4.1246833333333335,0.0,5,gate,,False,False,,1,2026-09-04 21:07:21.383311591 +0000 UTC,2026-09-04 21:07:21.383311591 +0000 UTC
2026-09-04T21:05:05+00:00,211169340,BAYERN 2,0.0,20.0,84.0,10.0,1.3,51.949643333333334,4.125875,0.1,5,gate,,False,False,ROTTERDAM,1,2026-09-04 21:07:21.608219176 +0000 UTC,2026-09-04 21:10:44.178619119 +0000 UTC
2026-09-04T21:05:05+00:00,268235302,MIRANDA,,,,,,53.44448333333333,6.827461666666666,0.0,5,eems,,False,False,,2,2026-09-04 21:07:21.710904642 +0000 UTC,2026-09-04 21:10:23.751432212 +0000 UTC
2026-09-04T21:05:05+00:00,244059064,GENERAL,,,,,,51.95684166666667,4.11961,0.0,5,gate,,False,False,,2,2026-09-04 21:07:22.245262315 +0000 UTC,2026-09-04 21:10:20.734675763 +0000 UTC
2026-09-04T21:05:05+00:00,236734000,WINDEA JULES VERNE,,,,,,53.456495000000004,6.823253333333333,0.0,5,eems,,False,False,,2,2026-09-04 21:07:22.272629069 +0000 UTC,2026-09-04 21:10:22.24704586 +0000 UTC
2026-09-04T21:05:05+00:00,244314861,HESTIA,0.0,79.0,110.0,12.0,2.0,51.93014166666667,4.044098333333333,0.0,5,gate,,False,False,HENGELO ROTTERDAM HE,2,2026-09-04 21:07:23.940057081 +0000 UTC,2026-09-04 21:10:23.08623529 +0000 UTC
2026-09-04T21:05:05+00:00,244700365,META MARIA,0.0,99.0,85.0,11.0,0.0,51.943020000000004,4.031185,0.0,5,gate,,False,False,,2,2026-09-04 21:07:24.047100741 +0000 UTC,2026-09-04 21:10:24.217599861 +0000 UTC
2026-09-04T21:05:05+00:00,244043000,DEEP LOCUS,,,,,,53.444365,6.8271733333333335,0.0,5,eems,,False,False,,1,2026-09-04 21:07:24.252265385 +0000 UTC,2026-09-04 21:07:24.252265385 +0000 UTC
2026-09-04T21:05:05+00:00,244650878,ELEONORA,0.0,79.0,110.0,12.0,3.0,51.941876666666666,4.032291666666667,0.0,5,gate,,False,False,BRUXELLES AVANTPORT,1,2026-09-04 21:07:24.577991372 +0000 UTC,2026-09-04 21:11:18.637776494 +0000 UTC
2026-09-04T21:05:05+00:00,248729000,CMA CGM ABU DHABI,,,,,,49.47035166666667,0.16324166666666665,0.0,5,lehavre,,False,False,,2,2026-09-04 21:07:24.688194631 +0000 UTC,2026-09-04 21:10:29.803271254 +0000 UTC
2026-09-04T21:05:05+00:00,244101977,BORELLI,,,,,,51.957409999999996,4.0130099999999995,0.0,5,gate,,False,False,,1,2026-09-04 21:07:24.876294698 +0000 UTC,2026-09-04 21:07:24.876294698 +0000 UTC
2026-09-04T21:05:05+00:00,205557290,DESEO,61050150.0,79.0,110.0,17.0,2.6,51.34434833333333,3.1813366666666667,0.0,5,zeebrugge,zeebrugge,True,False,ANTWERPEN 614,1,2026-09-04 21:07:25.667636472 +0000 UTC,2026-09-04 21:07:30.090047204 +0000 UTC
2026-09-04T21:05:05+00:00,244620940,VOGUE,0.0,99.0,110.0,12.0,25.5,51.95516166666666,4.075856666666667,0.1,5,gate,,False,False,MEPPEL,3,2026-09-04 21:07:26.865727797 +0000 UTC,2026-09-04 21:12:34.672813005 +0000 UTC
2026-09-04T21:05:05+00:00,255805557,ALANA,9297589.0,70.0,149.0,22.0,6.2,51.34547,3.183628333333333,0.0,5,zeebrugge,zeebrugge,True,False,BEZEE,2,2026-09-04 21:07:27.387281243 +0000 UTC,2026-09-04 21:11:38.962812744 +0000 UTC
2026-09-04T21:05:05+00:00,219023116,KARMSUND,7724203.0,79.0,89.0,14.0,4.7,53.455016666666666,6.832655,0.0,5,eems,,False,False,EEMSHAVEN,2,2026-09-04 21:07:28.151333776 +0000 UTC,2026-09-04 21:11:01.669156887 +0000 UTC
2026-09-04T21:05:05+00:00,228498900,TSM CHARENTE,1141100.0,52.0,20.0,8.0,2.3,49.476735,0.09879833333333334,0.0,3,lehavre,lehavre,True,False,FR LEH,3,2026-09-04 21:07:28.155676415 +0000 UTC,2026-09-04 21:10:52.071151 +0000 UTC
2026-09-04T21:05:05+00:00,244620903,SPLENDID,2331217.0,79.0,135.0,12.0,0.0,51.931918333333336,4.049526666666667,0.0,5,gate,,False,False,ROTTERDAM,2,2026-09-04 21:07:28.82763102 +0000 UTC,2026-09-04 21:10:28.180201737 +0000 UTC
2026-09-04T21:05:05+00:00,219019933,BORA,9684304.0,40.0,31.0,13.0,2.5,53.444496666666666,6.827463333333333,0.0,5,eems,,False,False,EEMSHAVEN,1,2026-09-04 21:07:28.870013694 +0000 UTC,2026-09-04 21:09:42.858823221 +0000 UTC
2026-09-04T21:05:05+00:00,228480800,DURANDE,,,,,,49.47263,0.15243333333333334,0.1,5,lehavre,,False,False,,2,2026-09-04 21:07:29.141511459 +0000 UTC,2026-09-04 21:10:29.138156534 +0000 UTC
2026-09-04T21:05:05+00:00,413549320,FU ZHOU GUO JI,,,,,,51.976890000000004,4.024151666666667,0.0,5,gate,,False,False,,2,2026-09-04 21:07:29.391109026 +0000 UTC,2026-09-04 21:10:32.231560517 +0000 UTC
2026-09-04T21:05:05+00:00,211226330,T 1107,,,,,,53.89895,9.150145,0.0,0,brunsbuettel,,False,False,,4,2026-09-04 21:07:30.207761561 +0000 UTC,2026-09-04 21:12:29.993452053 +0000 UTC
2026-09-04T21:05:05+00:00,244821242,SALAMANCA,0.0,79.0,135.0,15.0,2.6,51.95632333333333,4.075255,0.0,5,gate,,False,False,ROTTERDAM,2,2026-09-04 21:07:30.278048091 +0000 UTC,2026-09-04 21:10:32.006111884 +0000 UTC
2026-09-04T21:05:05+00:00,244780376,LYRA PILOTS,0.0,50.0,23.0,6.0,1.3,51.97666666666667,4.1255,0.1,5,gate,,False,False,PILOT BOARDING,1,2026-09-04 21:07:30.395014818 +0000 UTC,2026-09-04 21:07:38.897293118 +0000 UTC
2026-09-04T21:05:05+00:00,538005823,STI GUIDE,9717113.0,80.0,250.0,44.0,13.5,49.46979666666667,0.13143166666666667,0.0,5,lehavre,,False,False,FR LEH,2,2026-09-04 21:07:30.994555564 +0000 UTC,2026-09-04 21:12:27.273070491 +0000 UTC
2026-09-04T21:05:05+00:00,211122000,SINGAPORE EXPRESS,,,,,,51.95345,4.001003333333333,0.0,5,gate,,False,False,,2,2026-09-04 21:07:31.011834384 +0000 UTC,2026-09-04 21:10:29.113691979 +0000 UTC
2026-09-04T21:05:05+00:00,244376509,BLUE RENEE,,,,,,51.95999,4.1516166666666665,9.7,0,gate,,False,False,,1,2026-09-04 21:07:31.012847264 +0000 UTC,2026-09-04 21:07:31.012847264 +0000 UTC
2026-09-04T21:05:05+00:00,219012076,MIRA A,9099171.0,31.0,54.0,12.0,2.8,53.44955166666667,6.821133333333333,0.0,5,eems,,False,False,NLDZL,2,2026-09-04 21:07:31.186054048 +0000 UTC,2026-09-04 21:11:35.927374745 +0000 UTC
2026-09-04T21:05:05+00:00,255805821,HAUKE OLDENDORFF,9871115.0,70.0,300.0,50.0,16.6,51.96552333333333,4.112968333333333,0.0,5,gate,,False,False,NLRTM,1,2026-09-04 21:07:32.089010981 +0000 UTC,2026-09-04 21:10:06.127589696 +0000 UTC
2026-09-04T21:05:05+00:00,244660967,HYDROVAC 10,0.0,89.0,35.0,7.0,0.0,53.44442,6.826555,0.0,5,eems,,False,False,ROTTERDAM,2,2026-09-04 21:07:32.177238149 +0000 UTC,2026-09-04 21:11:35.261612513 +0000 UTC
2026-09-04T21:05:05+00:00,205392290,MERFORD,6105022.0,79.0,134.0,15.0,2.0,51.350495,3.1919,0.0,5,zeebrugge,zeebrugge,True,False,ZEEBRUGGE  ALBERT II,1,2026-09-04 21:07:32.958082459 +0000 UTC,2026-09-04 21:07:33.613109481 +0000 UTC
2026-09-04T21:05:05+00:00,244660785,KVB DRAGONFLY,,,,,,51.96004166666667,4.115113333333333,0.1,5,gate,,False,False,,2,2026-09-04 21:07:33.939145134 +0000 UTC,2026-09-04 21:10:33.40889382 +0000 UTC
2026-09-04T21:05:05+00:00,244119000,WR57 JACOBA,8432338.0,30.0,24.0,6.0,2.0,53.44490166666667,6.824716666666666,0.0,7,eems,,False,False,>DEN OEVER,4,2026-09-04 21:07:34.111122011 +0000 UTC,2026-09-04 21:12:14.96979303 +0000 UTC
2026-09-04T21:05:05+00:00,244620889,GERARD ALBERT,0.0,99.0,135.0,12.0,0.0,51.93884666666667,4.034423333333334,0.0,5,gate,,False,False,DEGIG03900TERMC04930,2,2026-09-04 21:07:34.927134686 +0000 UTC,2026-09-04 21:11:36.010075413 +0000 UTC
2026-09-04T21:05:05+00:00,244670411,DANIEL,,,,,,51.95035666666667,4.125416666666667,0.0,5,gate,,False,False,,1,2026-09-04 21:07:35.313643893 +0000 UTC,2026-09-04 21:07:35.313643893 +0000 UTC
2026-09-04T21:05:05+00:00,244620511,MERCURIUS,0.0,79.0,86.0,12.0,0.0,51.95820833333333,4.010725,0.0,5,gate,,False,False,,1,2026-09-04 21:07:39.942141973 +0000 UTC,2026-09-04 21:09:48.421272409 +0000 UTC
2026-09-04T21:05:05+00:00,255915617,MSC DAKAR X,,,,,,49.461885,0.13387166666666667,0.0,5,lehavre,,False,False,,2,2026-09-04 21:07:41.547433873 +0000 UTC,2026-09-04 21:10:42.128964101 +0000 UTC
2026-09-04T21:05:05+00:00,244690001,WATERBOOT 5,,,,,,51.961729999999996,4.139293333333333,0.0,5,gate,,False,False,,1,2026-09-04 21:07:41.835168898 +0000 UTC,2026-09-04 21:07:41.835168898 +0000 UTC
2026-09-04T21:05:05+00:00,211745030,JADE HIEV,0.0,90.0,52.0,22.0,2.2,53.51752166666667,8.147186666666666,0.0,5,wilhelmshaven,wilhelmshaven,True,False,DEWHV,1,2026-09-04 21:07:42.167102857 +0000 UTC,2026-09-04 21:10:24.164488464 +0000 UTC
2026-09-04T21:05:05+00:00,211591710,SCHILLIG,9652454.0,55.0,44.0,10.0,1.7,53.51325,8.148816666666667,0.1,5,wilhelmshaven,,False,False,WILHELMSHAVEN,2,2026-09-04 21:07:42.510812016 +0000 UTC,2026-09-04 21:10:56.140086733 +0000 UTC
2026-09-04T21:05:05+00:00,232054596,MJM ENTERPRISE,,,,,,53.44463,6.826865,0.1,5,eems,,False,False,,2,2026-09-04 21:07:42.596636148 +0000 UTC,2026-09-04 21:10:37.986948959 +0000 UTC
2026-09-04T21:05:05+00:00,636023954,PACIFIC CRYSTAL,9994527.0,89.0,183.0,32.0,12.1,49.47083833333333,0.12310166666666666,0.0,5,lehavre,,False,True,FRLEH,2,2026-09-04 21:07:43.729091129 +0000 UTC,2026-09-04 21:10:43.700995031 +0000 UTC
2026-09-04T21:05:05+00:00,305055000,PAVO J,9355458.0,71.0,139.0,22.0,4.9,51.95012333333333,4.068106666666667,0.0,5,gate,,False,False,NLRTM,2,2026-09-04 21:07:45.087135502 +0000 UTC,2026-09-04 21:10:44.951237857 +0000 UTC
2026-09-04T21:05:05+00:00,236112545,EEMS WAVE,8783048.0,53.0,24.0,10.0,1.8,53.44620166666667,6.819968333333334,0.0,5,eems,,False,False,EEMSHAVEN,1,2026-09-04 21:07:45.792297372 +0000 UTC,2026-09-04 21:07:56.992931496 +0000 UTC
2026-09-04T21:05:05+00:00,244070846,JURA,0.0,79.0,135.0,14.0,1.9,51.95749166666667,4.012508333333333,0.0,5,gate,,False,False,APM TERMINALS MAASVL,1,2026-09-04 21:07:46.165937055 +0000 UTC,2026-09-04 21:10:34.188710212 +0000 UTC
2026-09-04T21:05:05+00:00,314001155,TORVIAN,9470131.0,80.0,249.0,44.0,8.2,31.535239999999998,32.264604999999996,0.0,1,transit_port_said,,False,True,,2,2026-09-04 21:07:46.702133108 +0000 UTC,2026-09-04 21:10:47.920993897 +0000 UTC
2026-09-04T21:05:05+00:00,305023300,RMS CUXHAVEN,9218533.0,70.0,80.0,11.0,2.9,51.96128833333333,4.045553333333333,0.0,5,gate,,False,False,RTM/NL,2,2026-09-04 21:07:46.750580609 +0000 UTC,2026-09-04 21:10:49.622184677 +0000 UTC
2026-09-04T21:05:05+00:00,269057848,RP PRAAG,,,,,,51.93738833333334,4.075581666666666,0.0,5,gate,,False,False,,1,2026-09-04 21:07:47.889170187 +0000 UTC,2026-09-04 21:07:47.889170187 +0000 UTC
2026-09-04T21:05:05+00:00,244650753,KITA,,,,,,51.946614999999994,4.087506666666667,0.0,5,gate,,False,False,,2,2026-09-04 21:07:49.812360509 +0000 UTC,2026-09-04 21:10:47.021335168 +0000 UTC
2026-09-04T21:05:05+00:00,244870431,UTOPIA,,,,,,51.952936666666666,4.125421666666666,0.1,5,gate,,False,False,,1,2026-09-04 21:07:50.486196458 +0000 UTC,2026-09-04 21:07:50.486196458 +0000 UTC
2026-09-04T21:05:05+00:00,376118000,VB FOXTROT,1061829.0,52.0,25.0,13.0,0.0,51.949328333333334,4.067075,7.8,5,gate,,False,False,NL RTM,3,2026-09-04 21:07:51.06225268 +0000 UTC,2026-09-04 21:12:39.859916728 +0000 UTC
2026-09-04T21:05:05+00:00,244700125,SMIT WAALHAVEN 7,,,,,,51.961998333333334,4.137368333333333,0.0,5,gate,,False,False,,2,2026-09-04 21:07:51.617989069 +0000 UTC,2026-09-04 21:10:52.338962361 +0000 UTC
2026-09-04T21:05:05+00:00,244020098,HD66 PIETER,,,,,,53.44485666666667,6.824746666666667,0.0,0,eems,,False,False,,3,2026-09-04 21:07:52.407002865 +0000 UTC,2026-09-04 21:11:22.042611612 +0000 UTC
2026-09-04T21:05:05+00:00,244670258,PETRAQ,,,,,,51.961255,3.9951999999999996,0.0,0,gate,,False,False,,6,2026-09-04 21:07:52.698488885 +0000 UTC,2026-09-04 21:12:42.677345177 +0000 UTC
2026-09-04T21:05:05+00:00,228492900,ECO PAMPERO,1020667.0,70.0,148.0,27.0,6.8,51.952798333333334,4.07728,0.0,5,gate,,False,False,NLRTM,2,2026-09-04 21:07:56.127390744 +0000 UTC,2026-09-04 21:10:56.124233079 +0000 UTC
2026-09-04T21:05:05+00:00,211318180,VB BERNE,8500422.0,52.0,28.0,8.0,4.5,53.53925666666667,8.164661666666667,0.0,0,wilhelmshaven,,False,False,WILHELMSHAVEN,3,2026-09-04 21:07:57.293899669 +0000 UTC,2026-09-04 21:12:35.41250038 +0000 UTC
2026-09-04T21:05:05+00:00,311027600,MARAN PEARY,9466130.0,80.0,249.0,44.0,14.5,53.88743833333333,9.177266666666666,0.0,5,brunsbuettel,brunsbuettel,True,False,DEBRB,2,2026-09-04 21:07:58.845687711 +0000 UTC,2026-09-04 21:10:56.980891062 +0000 UTC
2026-09-04T21:05:05+00:00,304588000,BARBARA-B,,,,,,53.45128,6.828885,0.0,5,eems,,False,False,,2,2026-09-04 21:07:59.135715816 +0000 UTC,2026-09-04 21:10:58.833819603 +0000 UTC
2026-09-04T21:05:05+00:00,236112832,NJORD MAGELLAN,,,,,,53.444385000000004,6.828195,0.0,5,eems,,False,False,,1,2026-09-04 21:07:59.854230674 +0000 UTC,2026-09-04 21:07:59.854230674 +0000 UTC
2026-09-04T21:05:05+00:00,245775000,ST25 ELLY MARIJE,8587420.0,30.0,20.0,6.0,0.0,53.444851666666665,6.825328333333333,0.0,5,eems,,False,False,STAVEREN,1,2026-09-04 21:08:01.884496632 +0000 UTC,2026-09-04 21:09:46.406759615 +0000 UTC
2026-09-04T21:05:05+00:00,244660237,CHRISTIAAN P,0.0,33.0,50.0,10.0,1.0,51.968945,4.036575,0.0,5,gate,,False,False,MAASVLAKTE 2,1,2026-09-04 21:08:02.795646091 +0000 UTC,2026-09-04 21:12:56.892603976 +0000 UTC
2026-09-04T21:05:05+00:00,355390000,WESER HIGHWAY,,,,,,51.304896666666664,3.23355,0.0,5,zeebrugge,,False,False,,1,2026-09-04 21:08:03.103444191 +0000 UTC,2026-09-04 21:08:03.103444191 +0000 UTC
2026-09-04T21:05:05+00:00,226003010,CLOVIS,,,,,,49.48450166666667,0.15416666666666667,0.1,5,lehavre,,False,False,,2,2026-09-04 21:08:06.150858205 +0000 UTC,2026-09-04 21:10:53.727322274 +0000 UTC
2026-09-04T21:05:05+00:00,352143000,AGRI OCEAN,9770684.0,70.0,229.0,32.0,13.9,53.44242666666666,6.8492049999999995,0.0,5,eems,eems,True,False,NL EEM,1,2026-09-04 21:08:07.906982375 +0000 UTC,2026-09-04 21:12:53.693601034 +0000 UTC
2026-09-04T21:05:05+00:00,211445240,DANZIG,,,,,,53.898815,9.150455,0.1,5,brunsbuettel,,False,False,,1,2026-09-04 21:08:11.248901858 +0000 UTC,2026-09-04 21:08:11.248901858 +0000 UTC
2026-09-04T21:05:05+00:00,244050207,HALDIS,,,,,,51.944520000000004,4.092088333333333,0.0,5,gate,,False,False,,1,2026-09-04 21:08:23.177639971 +0000 UTC,2026-09-04 21:08:23.177639971 +0000 UTC
2026-09-04T21:05:05+00:00,205300990,CETUS,,,,,,51.95632166666667,4.0753916666666665,0.1,5,gate,,False,False,,1,2026-09-04 21:08:24.768652142 +0000 UTC,2026-09-04 21:08:24.768652142 +0000 UTC
2026-09-04T21:05:05+00:00,244670421,MISSION,0.0,99.0,135.0,12.0,0.0,51.95722,4.1190533333333335,0.1,5,gate,,False,False,BEGEN04017CITYX00030,1,2026-09-04 21:08:30.524908039 +0000 UTC,2026-09-04 21:10:06.786321779 +0000 UTC
2026-09-04T21:05:05+00:00,244004262,AQUARIUS,,,,,,51.94200333333333,4.032275,0.0,5,gate,,False,False,,1,2026-09-04 21:08:37.88840336 +0000 UTC,2026-09-04 21:08:37.88840336 +0000 UTC
2026-09-04T21:05:05+00:00,259888000,STAVFJORD,9401544.0,80.0,144.0,23.0,6.6,49.47065666666666,0.1249,0.0,5,lehavre,,False,False,FR LEH,1,2026-09-04 21:08:48.957362276 +0000 UTC,2026-09-04 21:11:50.952253672 +0000 UTC
2026-09-04T21:05:05+00:00,244670229,SPERANZA,0.0,79.0,80.0,9.0,0.0,51.940693333333336,4.03286,0.0,0,gate,,False,False,HARTELHAVEN,2,2026-09-04 21:08:55.435894503 +0000 UTC,2026-09-04 21:10:41.860590732 +0000 UTC
2026-09-04T21:05:05+00:00,205573890,AUSTRAL,0.0,99.0,85.0,10.0,0.0,51.96228333333333,4.029896666666667,0.0,5,gate,,False,False,ROTTERDAM EUROPAHAVE,1,2026-09-04 21:08:57.101128368 +0000 UTC,2026-09-04 21:09:16.448356481 +0000 UTC
2026-09-04T21:05:05+00:00,613404821,INA,9308443.0,80.0,245.0,42.0,8.5,31.569163333333332,32.24275166666667,0.0,1,transit_port_said,,False,True,OPL PORTSAID FOR ORD,2,2026-09-04 21:08:57.180497024 +0000 UTC,2026-09-04 21:11:55.006751558 +0000 UTC
2026-09-04T21:05:05+00:00,244710352,VALBURG,,,,,,51.95787,4.124625,0.0,5,gate,,False,False,,2,2026-09-04 21:08:59.163732444 +0000 UTC,2026-09-04 21:12:01.058763323 +0000 UTC
2026-09-04T21:05:05+00:00,211214970,MUENSTERLAND,,,,,,53.45584833333333,6.833586666666666,0.0,5,eems,,False,False,,1,2026-09-04 21:09:05.994080151 +0000 UTC,2026-09-04 21:09:05.994080151 +0000 UTC
2026-09-04T21:05:05+00:00,226002270,VAUBAN,0.0,99.0,96.0,12.0,0.0,49.48468833333333,0.15440666666666666,0.0,5,lehavre,,False,False,LE HAVRE,1,2026-09-04 21:09:06.099838723 +0000 UTC,2026-09-04 21:09:38.423762277 +0000 UTC
2026-09-04T21:05:05+00:00,228444600,NANTES KNUTSEN,9926714.0,80.0,299.0,47.0,11.2,31.405078333333332,32.293731666666666,0.0,1,transit_port_said,,False,True,EGAIS,1,2026-09-04 21:09:08.072553931 +0000 UTC,2026-09-04 21:09:33.540846564 +0000 UTC
2026-09-04T21:05:05+00:00,636022629,MISTRAL,,,,,,51.95745333333333,4.1284616666666665,0.1,5,gate,,False,False,,2,2026-09-04 21:09:09.779360905 +0000 UTC,2026-09-04 21:12:09.778438748 +0000 UTC
2026-09-04T21:05:05+00:00,205420690,THEODELA C,,,,,,51.93845833333333,4.077543333333334,0.0,5,gate,,False,False,,2,2026-09-04 21:09:14.406802119 +0000 UTC,2026-09-04 21:12:13.205101582 +0000 UTC
2026-09-04T21:05:05+00:00,211590150,PUMA,,,,,,53.89511166666667,9.153035,0.1,5,brunsbuettel,,False,False,,1,2026-09-04 21:09:14.502101506 +0000 UTC,2026-09-04 21:09:14.502101506 +0000 UTC
2026-09-04T21:05:05+00:00,211518200,TERRA,,,,,,51.95966,4.142875,0.0,5,gate,,False,False,,1,2026-09-04 21:09:16.219154888 +0000 UTC,2026-09-04 21:09:16.219154888 +0000 UTC
2026-09-04T21:05:05+00:00,244620848,BRAAVOS,,,,,,51.95841,4.012193333333333,0.0,5,gate,,False,False,,2,2026-09-04 21:09:19.647708531 +0000 UTC,2026-09-04 21:12:20.604538464 +0000 UTC
2026-09-04T21:05:05+00:00,631010092,MAISHA,9232929.0,89.0,274.0,48.0,9.0,31.538206666666667,32.279716666666666,0.0,1,transit_port_said,,False,True,OPL PORTSAID FOR ORD,1,2026-09-04 21:09:19.797897802 +0000 UTC,2026-09-04 21:11:33.462630712 +0000 UTC
2026-09-04T21:05:05+00:00,205253690,CASA BLANCA,,,,,,51.95916833333333,4.0134,0.0,5,gate,,False,False,,2,2026-09-04 21:09:19.927006841 +0000 UTC,2026-09-04 21:12:19.775716874 +0000 UTC
2026-09-04T21:05:05+00:00,244660297,MICHIGAN,0.0,79.0,135.0,15.0,0.0,51.958380000000005,4.013766666666666,0.0,5,gate,,False,False,AMAZONEHAVEN,1,2026-09-04 21:09:20.804928594 +0000 UTC,2026-09-04 21:12:21.489114588 +0000 UTC
2026-09-04T21:05:05+00:00,244010081,NAPOLI,0.0,79.0,135.0,12.0,2.0,51.96122833333333,4.110918333333333,0.0,5,gate,,False,False,HAFEN SCHWELGERN RHE,1,2026-09-04 21:09:23.348855143 +0000 UTC,2026-09-04 21:11:42.09022449 +0000 UTC
2026-09-04T21:05:05+00:00,244650593,MIDWAY,,,,,,51.95815833333334,4.0125416666666665,0.0,5,gate,,False,False,,1,2026-09-04 21:09:25.883327482 +0000 UTC,2026-09-04 21:09:25.883327482 +0000 UTC
2026-09-04T21:05:05+00:00,228072800,VB TYPHON,,,,,,47.27290333333334,-2.2009016666666668,0.0,0,montoir,,False,False,,1,2026-09-04 21:09:26.641315677 +0000 UTC,2026-09-04 21:09:26.641315677 +0000 UTC
2026-09-04T21:05:05+00:00,219025574,FORTUNA KINGFISHER,,,,,,53.48610166666666,6.805233333333334,0.8,1,eems,,False,False,,2,2026-09-04 21:09:27.135810067 +0000 UTC,2026-09-04 21:12:26.450119258 +0000 UTC
2026-09-04T21:05:05+00:00,319762000,STARFIRE,1008918.0,37.0,70.0,13.0,3.7,53.87519333333333,9.144211666666667,0.2,1,brunsbuettel,,False,False,DEBRB,1,2026-09-04 21:09:29.913836707 +0000 UTC,2026-09-04 21:09:53.55959062 +0000 UTC
2026-09-04T21:05:05+00:00,205393290,GLADIATOR,,,,,,51.958065000000005,4.010801666666667,0.0,5,gate,,False,False,,2,2026-09-04 21:09:34.767165135 +0000 UTC,2026-09-04 21:12:34.330670064 +0000 UTC
2026-09-04T21:05:05+00:00,357988000,SEROJA LIMA,9567661.0,73.0,316.0,46.0,9.3,51.95876833333333,4.0512733333333335,0.0,5,gate,,False,False,DEBRV,2,2026-09-04 21:09:35.647152348 +0000 UTC,2026-09-04 21:12:55.541968651 +0000 UTC
2026-09-04T21:05:05+00:00,229191000,X-PRESS GODAVARI,9353735.0,72.0,155.0,21.0,5.5,51.97320166666667,4.040263333333333,0.0,5,gate,,False,False,NLRTM,1,2026-09-04 21:09:35.836601677 +0000 UTC,2026-09-04 21:09:56.118466689 +0000 UTC
2026-09-04T21:05:05+00:00,636025561,FEW BPS,9405538.0,80.0,183.0,32.0,8.0,36.13466666666667,-5.408133333333334,0.1,1,transit_gibraltar,,False,True,ESALG,1,2026-09-04 21:09:36.270872932 +0000 UTC,2026-09-04 21:10:46.879732329 +0000 UTC
2026-09-04T21:05:05+00:00,236452000,EEMS EXE,9195535.0,70.0,89.0,12.0,3.2,53.61193,9.560761666666668,0.0,1,stade,,False,False,HAMBURG,2,2026-09-04 21:09:44.750967752 +0000 UTC,2026-09-04 21:12:52.663492134 +0000 UTC
2026-09-04T21:05:05+00:00,268250702,FT SUNRISE,9234599.0,80.0,183.0,32.0,6.9,31.584766666666667,32.302389999999995,0.0,1,transit_port_said,,False,True,FOR ORDER,1,2026-09-04 21:09:46.318654508 +0000 UTC,2026-09-04 21:11:59.230480463 +0000 UTC
2026-09-04T21:05:05+00:00,244660365,AMIRA,,,,,,51.959086666666664,4.013368333333333,0.0,5,gate,,False,False,,2,2026-09-04 21:09:47.033764341 +0000 UTC,2026-09-04 21:12:39.036836633 +0000 UTC
2026-09-04T21:05:05+00:00,244650739,MOONLIGHT,,,,,,51.96743333333333,4.041216666666667,0.0,5,gate,,False,False,,2,2026-09-04 21:09:48.859904391 +0000 UTC,2026-09-04 21:12:47.299149414 +0000 UTC
2026-09-04T21:05:05+00:00,244650652,SEAZIP 6,,,,,,53.44611333333333,6.820493333333333,0.0,5,eems,,False,False,,1,2026-09-04 21:09:59.989229048 +0000 UTC,2026-09-04 21:09:59.989229048 +0000 UTC
2026-09-04T21:05:05+00:00,244000935,BERNARD M,,,,,,51.95895666666667,4.144303333333333,0.0,5,gate,,False,False,,1,2026-09-04 21:10:00.442710342 +0000 UTC,2026-09-04 21:10:00.442710342 +0000 UTC
2026-09-04T21:05:05+00:00,244870700,METTE MARIA,,,,,,53.5281,8.149233333333333,102.3,5,wilhelmshaven,wilhelmshaven,True,False,,1,2026-09-04 21:10:00.994717001 +0000 UTC,2026-09-04 21:10:00.994717001 +0000 UTC
2026-09-04T21:05:05+00:00,273128810,MONOLIT,9232931.0,80.0,274.0,48.0,9.0,31.539965,32.416540000000005,0.0,1,transit_port_said,,False,True,SUEZ,1,2026-09-04 21:10:01.717321088 +0000 UTC,2026-09-04 21:10:55.464908289 +0000 UTC
2026-09-04T21:05:05+00:00,636023558,UMM GHUWAILINA,9953250.0,80.0,299.0,46.0,9.6,29.762075,-93.92366833333334,0.0,5,depart_sabine_pass,,False,True,USPOA,1,2026-09-04 21:10:02.648581439 +0000 UTC,2026-09-04 21:12:36.54212338 +0000 UTC
2026-09-04T21:05:05+00:00,229964000,RS SENTINEL,,,,,,53.448925,6.825083333333334,0.0,5,eems,,False,False,,1,2026-09-04 21:10:05.165769902 +0000 UTC,2026-09-04 21:10:05.165769902 +0000 UTC
2026-09-04T21:05:05+00:00,219028351,MHO APOLLO,9915545.0,40.0,35.0,11.0,2.2,53.456725,6.828055,0.0,5,eems,,False,False,EEMSHAVEN,1,2026-09-04 21:10:11.60607691 +0000 UTC,2026-09-04 21:10:11.637228208 +0000 UTC
2026-09-04T21:05:05+00:00,352006908,SEA ENTERPRISE,0.0,90.0,20.0,5.0,1.4,53.44593833333333,6.820438333333333,0.0,5,eems,,False,False,EEMSHAVEN PORT,1,2026-09-04 21:10:12.229660953 +0000 UTC,2026-09-04 21:10:34.253288537 +0000 UTC
2026-09-04T21:05:05+00:00,563345500,DAVID SCHULTE,,,,,,51.34453666666666,3.1953016666666665,0.0,5,zeebrugge,zeebrugge,True,False,,1,2026-09-04 21:10:12.840261467 +0000 UTC,2026-09-04 21:10:12.840261467 +0000 UTC
2026-09-04T21:05:05+00:00,205545990,SOPHIE ISABELL,,,,,,51.972325,4.044406666666666,0.0,5,gate,,False,False,,1,2026-09-04 21:10:13.193159561 +0000 UTC,2026-09-04 21:10:13.193159561 +0000 UTC
2026-09-04T21:05:05+00:00,255917263,LAUSANNE STAR,1028530.0,80.0,274.0,48.0,11.3,29.822411666666667,-93.95598,0.0,5,depart_sabine_pass,,False,True,SABINE PILOT,1,2026-09-04 21:10:20.290454325 +0000 UTC,2026-09-04 21:11:28.710651191 +0000 UTC
2026-09-04T21:05:05+00:00,244750111,HENRY HUDSON,,,,,,51.95954,4.01359,0.0,5,gate,,False,False,,1,2026-09-04 21:10:27.238494482 +0000 UTC,2026-09-04 21:10:27.238494482 +0000 UTC
2026-09-04T21:05:05+00:00,205252000,VLAANDEREN 8,9198214.0,33.0,66.0,12.0,1.9,51.32033666666667,3.1923416666666666,0.0,5,zeebrugge,,False,False,GBARS->BEZEE,1,2026-09-04 21:10:35.230501934 +0000 UTC,2026-09-04 21:12:40.407925834 +0000 UTC
2026-09-04T21:05:05+00:00,244650900,INDEPENDENT,0.0,79.0,183.0,12.0,1.5,51.939395,4.036946666666667,0.0,5,gate,,False,False,DINTELHAVEN,1,2026-09-04 21:10:40.141663452 +0000 UTC,2026-09-04 21:10:41.309944872 +0000 UTC
2026-09-04T21:05:05+00:00,228365800,VB MIRAGE,,,,,,47.26734666666667,-2.2018033333333333,0.0,5,montoir,,False,False,,1,2026-09-04 21:10:40.487465181 +0000 UTC,2026-09-04 21:10:40.487465181 +0000 UTC
2026-09-04T21:05:05+00:00,205567490,POROS,,,,,,51.956558333333334,4.004095,0.0,5,gate,,False,False,,1,2026-09-04 21:10:43.127611333 +0000 UTC,2026-09-04 21:10:43.127611333 +0000 UTC
2026-09-04T21:05:05+00:00,538012344,XENON GAS,9220794.0,83.0,129.0,19.0,6.5,51.34516333333333,3.197245,0.0,5,zeebrugge,zeebrugge,True,False,ZEEBRUGGE,1,2026-09-04 21:10:56.686345178 +0000 UTC,2026-09-04 21:11:01.556750733 +0000 UTC
2026-09-04T21:05:05+00:00,211188260,FRIESLAND,,,,,,53.53451,8.16084,0.1,5,wilhelmshaven,,False,False,,1,2026-09-04 21:10:57.182634067 +0000 UTC,2026-09-04 21:10:57.182634067 +0000 UTC
2026-09-04T21:05:05+00:00,245199000,EEMS WRESTLER,,,,,,53.44651666666667,6.822196666666667,0.0,5,eems,,False,False,,1,2026-09-04 21:10:57.817909098 +0000 UTC,2026-09-04 21:10:57.817909098 +0000 UTC
2026-09-04T21:05:05+00:00,205130000,BELGICA,,,,,,51.335995000000004,3.198621666666667,0.0,5,zeebrugge,,False,False,,1,2026-09-04 21:11:07.341289833 +0000 UTC,2026-09-04 21:11:07.341289833 +0000 UTC
2026-09-04T21:05:05+00:00,244790147,SOLID RUBY,,,,,,53.45695833333333,6.827451666666667,0.0,5,eems,,False,False,,1,2026-09-04 21:11:19.374718021 +0000 UTC,2026-09-04 21:11:19.374718021 +0000 UTC
2026-09-04T21:05:05+00:00,211235020,FAIRPLAY XV,,,,,,53.888056666666664,9.182563333333333,0.0,0,brunsbuettel,brunsbuettel,True,False,,1,2026-09-04 21:11:24.715504455 +0000 UTC,2026-09-04 21:11:24.715504455 +0000 UTC
2026-09-04T21:05:05+00:00,211626110,WULF 7,,,,,,53.87477833333333,9.092528333333332,0.9,3,brunsbuettel,,False,False,,2,2026-09-04 21:11:29.322147799 +0000 UTC,2026-09-04 21:12:29.418054862 +0000 UTC
2026-09-04T21:05:05+00:00,232052713,HST PADSTOW,9947184.0,40.0,27.0,10.0,2.4,53.456806666666665,6.827555,0.0,5,eems,,False,False,EEMSHAVEN <-> MERKUR,1,2026-09-04 21:11:53.77903235 +0000 UTC,2026-09-04 21:12:08.033631645 +0000 UTC
2026-09-04T21:05:05+00:00,244700122,IJSVOGEL,0.0,79.0,80.0,9.0,0.0,51.95796333333333,4.1245183333333335,0.0,5,gate,,False,False,,1,2026-09-04 21:12:12.686192105 +0000 UTC,2026-09-04 21:12:35.167189277 +0000 UTC
2026-09-04T21:05:05+00:00,245931000,VB BRENT,,,,,,51.96093333333333,4.141333333333333,0.1,5,gate,,False,False,,1,2026-09-04 21:12:12.691083653 +0000 UTC,2026-09-04 21:12:12.691083653 +0000 UTC
2026-09-04T21:05:05+00:00,563153700,HAFNIA EXPEDITE,9735593.0,80.0,219.0,38.0,8.8,29.551608333333334,-93.73735166666667,8.1,0,depart_sabine_pass,,False,True,USHOU > USBPT,1,2026-09-04 21:12:18.200111604 +0000 UTC,2026-09-04 21:12:34.102430137 +0000 UTC
2026-09-04T21:05:05+00:00,219683000,NAVIGATOR CELTIC,,,,,,51.402295,3.129401666666667,13.8,0,zeebrugge,,False,False,,1,2026-09-04 21:12:25.249631586 +0000 UTC,2026-09-04 21:12:25.249631586 +0000 UTC
2026-09-04T21:05:05+00:00,244830301,VEJA,,,,,,51.959698333333336,3.9955,0.0,5,gate,,False,False,,1,2026-09-04 21:12:28.864090084 +0000 UTC,2026-09-04 21:12:28.864090084 +0000 UTC
2026-09-04T21:05:05+00:00,233322000,CITY OF LONDON,,,,,,51.43238833333333,0.6897466666666666,0.0,5,grain,,False,False,,1,2026-09-04 21:12:31.06070813 +0000 UTC,2026-09-04 21:12:31.06070813 +0000 UTC
2026-09-04T21:05:05+00:00,205546000,VB  KOALA,,,,,,51.333780000000004,3.2171000000000003,0.1,5,zeebrugge,,False,False,,1,2026-09-04 21:12:32.374124909 +0000 UTC,2026-09-04 21:12:32.374124909 +0000 UTC
2026-09-04T21:05:05+00:00,244690994,VIRAGE,,,,,,51.95526666666667,4.151753333333334,0.0,5,gate,,False,False,,1,2026-09-04 21:12:34.854111269 +0000 UTC,2026-09-04 21:12:34.854111269 +0000 UTC
2026-09-04T21:05:05+00:00,244660532,SQUARE,,,,,,51.96712,4.042965,0.1,5,gate,,False,False,,1,2026-09-04 21:12:40.368737964 +0000 UTC,2026-09-04 21:12:40.368737964 +0000 UTC
2026-09-04T21:05:05+00:00,211241230,WINDCAT 65,,,,,,53.44435166666666,6.828126666666666,0.0,5,eems,,False,False,,1,2026-09-04 21:12:46.423872135 +0000 UTC,2026-09-04 21:12:46.423872135 +0000 UTC
2026-09-04T21:05:05+00:00,219032375,SERVER,,,,,,53.513506666666665,8.149875,0.0,5,wilhelmshaven,,False,False,,1,2026-09-04 21:12:50.584766578 +0000 UTC,2026-09-04 21:12:50.584766578 +0000 UTC
2026-09-04T21:05:05+00:00,244618000,MARE (PILOTS),0.0,50.0,23.0,7.0,1.3,51.97644833333333,4.125288333333334,0.0,5,gate,,False,False,HOEK VAN HOLLAND,1,2026-09-04 21:12:51.177106664 +0000 UTC,2026-09-04 21:12:52.639662429 +0000 UTC
