snapshot_utc,mmsi,name,imo,ship_type,loa,beam,draught_m,lat,lon,sog,nav_status,terminal,berth_sub,at_berth,likely_lng_carrier,destination,n_pos,first_seen,last_seen
2026-09-09T00:17:35+00:00,244012151,NIJMEGEN MAX,,,,,,51.956675000000004,4.005475,0.0,0,gate,,False,False,,6,2026-09-09 00:17:36.044602655 +0000 UTC,2026-09-09 00:21:36.025320942 +0000 UTC
2026-09-09T00:17:35+00:00,212810000,AASFJELL,9904766.0,70.0,120.0,16.0,7.8,53.51954833333333,8.146576666666666,0.0,5,wilhelmshaven,wilhelmshaven,True,False,DEWHV,2,2026-09-09 00:17:36.661286219 +0000 UTC,2026-09-09 00:23:36.648161671 +0000 UTC
2026-09-09T00:17:35+00:00,244780230,ALLIANTIE,0.0,79.0,85.0,10.0,0.0,51.97195333333333,4.000315,7.6,0,gate,,False,False,MALEDIVEN,6,2026-09-09 00:17:36.698795155 +0000 UTC,2026-09-09 00:24:47.365155419 +0000 UTC
2026-09-09T00:17:35+00:00,227023300,DANIEL LAVAL,9234393.0,33.0,104.0,22.0,6.0,49.47709,0.13153,0.0,3,lehavre,,False,False,ESTUAIRE DE LA SEINE,8,2026-09-09 00:17:36.979733419 +0000 UTC,2026-09-09 00:25:24.305660427 +0000 UTC
2026-09-09T00:17:35+00:00,244690454,REGGEPLUS,,,,,,51.94939166666666,4.148828333333333,0.0,0,gate,,False,False,,6,2026-09-09 00:17:37.062608849 +0000 UTC,2026-09-09 00:23:57.170130858 +0000 UTC
2026-09-09T00:17:35+00:00,211216480,FAIRPLAY-54,9021112.0,52.0,28.0,9.0,4.5,53.65299166666667,9.510875,0.0,0,stade,stade,True,False,WEWELSFLETH,8,2026-09-09 00:17:37.075752403 +0000 UTC,2026-09-09 00:25:33.66149645 +0000 UTC
2026-09-09T00:17:35+00:00,235094267,HIGHLAND DEFENDER,9639335.0,99.0,87.0,18.0,4.6,53.450540000000004,6.815316666666666,0.0,0,eems,,False,False,EEMSHAVEN,7,2026-09-09 00:17:37.174135177 +0000 UTC,2026-09-09 00:25:25.885803011 +0000 UTC
2026-09-09T00:17:35+00:00,244010724,SURVEYOR 2,0.0,53.0,19.0,6.0,0.0,51.96200833333333,4.138595,0.0,5,gate,,False,False,,2,2026-09-09 00:17:37.191709181 +0000 UTC,2026-09-09 00:25:21.166176472 +0000 UTC
2026-09-09T00:17:35+00:00,245427000,VB STINGRAY,9448176.0,52.0,32.0,12.0,5.4,51.96107833333333,4.14078,0.0,0,gate,,False,False,ROTTERDAM,8,2026-09-09 00:17:37.256722034 +0000 UTC,2026-09-09 00:23:37.221361739 +0000 UTC
2026-09-09T00:17:35+00:00,211474330,GOOR 2,0.0,34.0,16.0,5.0,2.4,53.516643333333334,8.145026666666666,0.0,0,wilhelmshaven,wilhelmshaven,True,False,WILHELMSHAVEN,6,2026-09-09 00:17:38.169193474 +0000 UTC,2026-09-09 00:24:47.472018086 +0000 UTC
2026-09-09T00:17:35+00:00,211224360,RUESTERSIEL,8865145.0,52.0,34.0,8.0,1.8,53.513225000000006,8.148838333333334,0.0,5,wilhelmshaven,,False,False,WHV,3,2026-09-09 00:17:38.170734704 +0000 UTC,2026-09-09 00:23:40.088424128 +0000 UTC
2026-09-09T00:17:35+00:00,211436810,TRANSPORTER III,0.0,70.0,34.0,6.0,1.7,53.51674,8.145483333333333,0.0,0,wilhelmshaven,wilhelmshaven,True,False,WILHELSHAVEN,5,2026-09-09 00:17:38.171253522 +0000 UTC,2026-09-09 00:24:32.052622708 +0000 UTC
2026-09-09T00:17:35+00:00,211200300,MELLUM,8301981.0,54.0,80.0,16.0,5.2,53.51506833333334,8.143936666666667,0.0,5,wilhelmshaven,wilhelmshaven,True,False,PATROL,2,2026-09-09 00:17:38.21045506 +0000 UTC,2026-09-09 00:20:54.7461789 +0000 UTC
2026-09-09T00:17:35+00:00,244677274,INITIO,0.0,79.0,86.0,10.0,0.0,51.964255,4.000285,7.6,0,gate,,False,False,DOESBURG  CONTAINER,10,2026-09-09 00:17:38.226481176 +0000 UTC,2026-09-09 00:25:09.088044362 +0000 UTC
2026-09-09T00:17:35+00:00,228068700,VB CYCLONE,9746918.0,52.0,30.0,10.0,0.0,51.322356666666664,3.202645,0.0,15,zeebrugge,,False,False,,8,2026-09-09 00:17:38.241411156 +0000 UTC,2026-09-09 00:23:58.583988547 +0000 UTC
2026-09-09T00:17:35+00:00,227006770,VB 26 DEAUVILLE,9202754.0,52.0,37.0,10.0,0.0,49.475458333333336,0.13347499999999998,0.0,13,lehavre,,False,False,,8,2026-09-09 00:17:38.28982098 +0000 UTC,2026-09-09 00:23:38.180348437 +0000 UTC
2026-09-09T00:17:35+00:00,244700251,DINA JACOBA,0.0,79.0,86.0,9.0,3.6,51.942165,4.117931666666666,0.0,5,gate,,False,False,,2,2026-09-09 00:17:38.824334551 +0000 UTC,2026-09-09 00:23:40.156796193 +0000 UTC
2026-09-09T00:17:35+00:00,232059673,SVITZER TIGER,,,,,,51.44637,0.7428766666666667,0.0,0,grain,,False,False,,6,2026-09-09 00:17:39.017948178 +0000 UTC,2026-09-09 00:25:18.202748112 +0000 UTC
2026-09-09T00:17:35+00:00,244820200,RHENUS,0.0,33.0,68.0,12.0,0.4,51.930391666666665,4.045466666666667,0.0,0,gate,,False,False,,7,2026-09-09 00:17:39.301489003 +0000 UTC,2026-09-09 00:23:39.073244882 +0000 UTC
2026-09-09T00:17:35+00:00,227975290,BENTHOS,0.0,90.0,20.0,9.0,1.8,49.474525,0.13384166666666666,0.0,0,lehavre,,False,False,LE_HAVRE,8,2026-09-09 00:17:39.61814871 +0000 UTC,2026-09-09 00:24:46.926058143 +0000 UTC
2026-09-09T00:17:35+00:00,257824000,AUTO WAY,,,,,,51.33313,3.2180516666666668,2.3,0,zeebrugge,,False,False,,6,2026-09-09 00:17:39.974968479 +0000 UTC,2026-09-09 00:24:44.406275504 +0000 UTC
2026-09-09T00:17:35+00:00,244750633,VEERHAVEN III,0.0,99.0,40.0,15.0,0.2,51.93690166666667,4.06156,5.0,0,gate,,False,False,HARTELHAVEN,3,2026-09-09 00:17:40.141043616 +0000 UTC,2026-09-09 00:24:21.522574081 +0000 UTC
2026-09-09T00:17:35+00:00,244615588,SPRINTER,0.0,33.0,10.0,4.0,1.0,53.444835,6.824118333333333,0.0,0,eems,,False,False,RILLAND BATH,9,2026-09-09 00:17:40.780719813 +0000 UTC,2026-09-09 00:24:50.40993058 +0000 UTC
2026-09-09T00:17:35+00:00,228498900,TSM CHARENTE,,,,,,49.47615,0.10159,0.0,3,lehavre,lehavre,True,False,,10,2026-09-09 00:17:41.035277796 +0000 UTC,2026-09-09 00:24:00.91107677 +0000 UTC
2026-09-09T00:17:35+00:00,244710183,PATRIJS,0.0,79.0,103.0,23.0,3.9,51.93563166666667,4.119995,4.9,0,gate,,False,False,HARTELHAVEN,6,2026-09-09 00:17:41.303417206 +0000 UTC,2026-09-09 00:24:51.031632609 +0000 UTC
2026-09-09T00:17:35+00:00,244700534,DWS11 WATERBUFFEL,0.0,99.0,24.0,6.0,0.3,51.96185666666667,4.139146666666667,0.0,0,gate,,False,False,HAVENGEBIED R'DAM,8,2026-09-09 00:17:41.53662057 +0000 UTC,2026-09-09 00:25:00.84909167 +0000 UTC
2026-09-09T00:17:35+00:00,244670258,PETRAQ,0.0,79.0,135.0,11.0,1.8,51.95086,4.073125,0.0,5,gate,,False,False,ROTTERDAM,3,2026-09-09 00:17:41.537355516 +0000 UTC,2026-09-09 00:23:41.491909955 +0000 UTC
2026-09-09T00:17:35+00:00,244710378,DELIVERY,0.0,79.0,110.0,12.0,3.0,51.94307666666667,4.03118,0.0,5,gate,,False,False,NLTLB00124BTTVS00195,1,2026-09-09 00:17:41.562018189 +0000 UTC,2026-09-09 00:22:38.914860868 +0000 UTC
2026-09-09T00:17:35+00:00,227275310,LH PILOT ST NICOLAS,0.0,50.0,16.0,4.0,0.0,49.48411,0.112955,0.3,8,lehavre,,False,False,,6,2026-09-09 00:17:41.780097904 +0000 UTC,2026-09-09 00:24:40.756336426 +0000 UTC
2026-09-09T00:17:35+00:00,211625340,FAIRPLAY-81,9693264.0,52.0,32.0,12.0,5.9,53.535248333333335,8.161461666666666,0.0,0,wilhelmshaven,,False,False,WILHELMSHAVEN,6,2026-09-09 00:17:42.193152484 +0000 UTC,2026-09-09 00:24:57.42648668 +0000 UTC
2026-09-09T00:17:35+00:00,352006908,SEA ENTERPRISE,,,,,,53.44594666666667,6.820386666666667,0.0,5,eems,,False,False,,3,2026-09-09 00:17:42.361121808 +0000 UTC,2026-09-09 00:23:42.147630806 +0000 UTC
2026-09-09T00:17:35+00:00,246344000,VB COURAGE,9963891.0,52.0,28.0,13.0,5.8,51.95176666666667,4.076953333333333,0.3,0,gate,,False,False,HARBOR TOWAGE,9,2026-09-09 00:17:42.447136831 +0000 UTC,2026-09-09 00:25:03.059448341 +0000 UTC
2026-09-09T00:17:35+00:00,227752910,LH PILOT ST CECILE,,,,,,49.48412166666667,0.11342,0.0,0,lehavre,,False,False,,6,2026-09-09 00:17:42.73971369 +0000 UTC,2026-09-09 00:24:42.309944514 +0000 UTC
2026-09-09T00:17:35+00:00,205424990,AMBRO,0.0,79.0,110.0,12.0,1.7,51.95712833333334,4.119421666666667,0.0,5,gate,,False,False,DINTELHAVEN,2,2026-09-09 00:17:43.352185283 +0000 UTC,2026-09-09 00:23:50.800888022 +0000 UTC
2026-09-09T00:17:35+00:00,244030023,HEBO-CAT 5,0.0,99.0,28.0,14.0,0.0,51.96197333333334,4.138403333333334,0.0,0,gate,,False,False,OLIEBESTRIJDING,8,2026-09-09 00:17:43.997808375 +0000 UTC,2026-09-09 00:24:43.706331199 +0000 UTC
2026-09-09T00:17:35+00:00,563032900,MAERSK SEOUL,9306550.0,71.0,332.0,43.0,12.5,53.879466666666666,9.113453333333332,9.1,0,brunsbuettel,,False,False,MAPTM,8,2026-09-09 00:17:44.048263948 +0000 UTC,2026-09-09 00:24:54.821514085 +0000 UTC
2026-09-09T00:17:35+00:00,244660815,VLISSINGEN,0.0,90.0,135.0,21.0,4.1,51.953155,4.000145,0.1,5,gate,,False,False,7EPETROLEUMHAVENCALA,1,2026-09-09 00:17:44.376331583 +0000 UTC,2026-09-09 00:23:45.669533067 +0000 UTC
2026-09-09T00:17:35+00:00,244700123,SMIT WAALHAVEN 4,,,,,,51.961985,4.137395,0.1,5,gate,,False,False,,3,2026-09-09 00:17:44.392571204 +0000 UTC,2026-09-09 00:23:46.874962594 +0000 UTC
2026-09-09T00:17:35+00:00,244371282,UNDECIMO,0.0,79.0,81.0,10.0,3.0,51.95556,4.1507,0.0,5,gate,,False,False,BIESBOSCHSLUIS,2,2026-09-09 00:17:44.858334223 +0000 UTC,2026-09-09 00:25:04.713357506 +0000 UTC
2026-09-09T00:17:35+00:00,211135190,VB SATURNUS,7719052.0,52.0,28.0,8.0,4.9,53.65288333333333,9.510621666666667,0.0,0,stade,stade,True,False,DECUX,5,2026-09-09 00:17:44.873830202 +0000 UTC,2026-09-09 00:25:31.902122438 +0000 UTC
2026-09-09T00:17:35+00:00,244710348,PROGRESSO,0.0,79.0,105.0,10.0,0.0,51.957388333333334,4.012996666666667,0.3,5,gate,,False,False,RDAM,3,2026-09-09 00:17:44.879509068 +0000 UTC,2026-09-09 00:23:44.765553185 +0000 UTC
2026-09-09T00:17:35+00:00,228284800,VB OCTEVILLE 11,,,,,,49.48498666666667,0.12469833333333334,0.0,0,lehavre,,False,False,,8,2026-09-09 00:17:45.139488089 +0000 UTC,2026-09-09 00:24:45.60668479 +0000 UTC
2026-09-09T00:17:35+00:00,636022112,ZIM AMERICA,9244934.0,70.0,304.0,40.0,13.0,49.45906166666667,0.136265,6.3,0,lehavre,,False,False,ASHDOD,8,2026-09-09 00:17:45.149536372 +0000 UTC,2026-09-09 00:25:13.883144069 +0000 UTC
2026-09-09T00:17:35+00:00,244030575,PRESTO,0.0,79.0,57.0,10.0,2.1,51.95355666666667,4.1255983333333335,0.1,0,gate,,False,False,WAGENINGEN,4,2026-09-09 00:17:45.249939335 +0000 UTC,2026-09-09 00:23:55.03357516 +0000 UTC
2026-09-09T00:17:35+00:00,244660655,SOMTRANS XIV,0.0,80.0,135.0,15.0,2.8,51.945343333333334,4.090416666666667,0.0,5,gate,,False,False,AMSTERDAM,2,2026-09-09 00:17:45.25347013 +0000 UTC,2026-09-09 00:23:43.512991344 +0000 UTC
2026-09-09T00:17:35+00:00,205021000,VB RUMBA,9889825.0,52.0,28.0,13.0,6.1,51.330913333333335,3.2197566666666666,1.8,5,zeebrugge,,False,False,HARBOUR TOWAGE,5,2026-09-09 00:17:45.429109146 +0000 UTC,2026-09-09 00:23:55.177159667 +0000 UTC
2026-09-09T00:17:35+00:00,636023608,MSC MARYLENA II,9169031.0,71.0,216.0,27.0,9.6,49.461490000000005,0.12240333333333334,5.9,0,lehavre,,False,False,ESBIO,9,2026-09-09 00:17:45.581608186 +0000 UTC,2026-09-09 00:24:45.794792619 +0000 UTC
2026-09-09T00:17:35+00:00,314606000,WILSON TWISTEDEN,9195468.0,70.0,88.0,11.0,3.1,53.61674,9.546088333333334,0.1,1,stade,,False,False,DEHAM,2,2026-09-09 00:17:45.670232212 +0000 UTC,2026-09-09 00:23:46.097821564 +0000 UTC
2026-09-09T00:17:35+00:00,211906000,GERMAN WARSHIP F221,0.0,94.0,138.0,17.0,0.0,53.53033166666667,8.154931666666666,0.0,5,wilhelmshaven,wilhelmshaven,True,False,NOT DEFINED,2,2026-09-09 00:17:45.890942533 +0000 UTC,2026-09-09 00:23:44.125945014 +0000 UTC
2026-09-09T00:17:35+00:00,211290720,FAIRPLAY-51,,,,,,53.89633333333334,9.155113333333333,0.0,0,brunsbuettel,,False,False,,4,2026-09-09 00:17:46.154554791 +0000 UTC,2026-09-09 00:23:46.367645501 +0000 UTC
2026-09-09T00:17:35+00:00,245122000,SAND FULMAR,9174127.0,33.0,100.0,20.0,4.5,51.32247333333333,3.202186666666667,0.0,5,zeebrugge,,False,False,BE ZEE,3,2026-09-09 00:17:46.360351025 +0000 UTC,2026-09-09 00:23:59.941853208 +0000 UTC
2026-09-09T00:17:35+00:00,218856000,ANOUK,9196266.0,70.0,90.0,13.0,3.2,51.95042,4.125488333333333,0.0,5,gate,,False,False,NLRTM,3,2026-09-09 00:17:46.417108558 +0000 UTC,2026-09-09 00:23:45.245390646 +0000 UTC
2026-09-09T00:17:35+00:00,244690971,MANTRA,,,,,,51.95143333333333,4.126538333333333,0.0,15,gate,,False,False,,6,2026-09-09 00:17:46.418727998 +0000 UTC,2026-09-09 00:24:55.122653917 +0000 UTC
2026-09-09T00:17:35+00:00,211196560,FAIRPLAY-98,1082366.0,52.0,25.0,13.0,6.3,53.654379999999996,9.511468333333333,0.0,0,stade,stade,True,False,DESTA,5,2026-09-09 00:17:47.318700767 +0000 UTC,2026-09-09 00:25:21.974997818 +0000 UTC
2026-09-09T00:17:35+00:00,232020276,AMBERLISA,9884112.0,30.0,19.0,7.0,4.2,53.447001666666665,6.81981,0.0,7,eems,,False,False,EMSHAVEN,5,2026-09-09 00:17:47.394961857 +0000 UTC,2026-09-09 00:24:36.700044967 +0000 UTC
2026-09-09T00:17:35+00:00,228472700,VB LOUP,9977490.0,52.0,28.0,13.0,6.0,49.458823333333335,0.13876666666666668,6.2,0,lehavre,,False,False,LE HAVRE,6,2026-09-09 00:17:47.80903062 +0000 UTC,2026-09-09 00:24:48.208018339 +0000 UTC
2026-09-09T00:17:35+00:00,246777000,MPI RESOLUTION,9260134.0,90.0,130.0,38.0,4.2,53.45824833333334,6.817871666666666,0.0,5,eems,,False,False,EMS NL,1,2026-09-09 00:17:47.874858732 +0000 UTC,2026-09-09 00:23:47.866389326 +0000 UTC
2026-09-09T00:17:35+00:00,244750786,HERMINA,0.0,79.0,186.0,11.0,4.1,51.93917666666667,4.08659,6.5,0,gate,,False,False,MEERHOUT,7,2026-09-09 00:17:48.048127823 +0000 UTC,2026-09-09 00:24:57.565749934 +0000 UTC
2026-09-09T00:17:35+00:00,205113000,VB SAMBA,,,,,,51.33371666666667,3.2172116666666666,2.5,15,zeebrugge,,False,False,,9,2026-09-09 00:17:48.152901182 +0000 UTC,2026-09-09 00:25:08.302265844 +0000 UTC
2026-09-09T00:17:35+00:00,245932000,VB GINGER,9507063.0,52.0,33.0,12.0,5.4,51.95761666666667,4.037450000000001,0.0,0,gate,,False,False,NLRTM,4,2026-09-09 00:17:48.355809343 +0000 UTC,2026-09-09 00:25:25.309857907 +0000 UTC
2026-09-09T00:17:35+00:00,244660660,ADDIO,0.0,79.0,80.0,9.0,1.7,51.95151,4.125655,0.0,5,gate,,False,False,NVT,2,2026-09-09 00:17:48.39763852 +0000 UTC,2026-09-09 00:24:25.546875441 +0000 UTC
2026-09-09T00:17:35+00:00,246391000,RDJ MAASSTROOM,9197818.0,70.0,82.0,13.0,5.4,51.93423833333333,4.054883333333334,0.0,5,gate,,False,False,NLRTM,2,2026-09-09 00:17:48.721815942 +0000 UTC,2026-09-09 00:24:52.23862722 +0000 UTC
2026-09-09T00:17:35+00:00,211509360,WINDROSE,0.0,99.0,14.0,4.0,0.2,53.627446666666664,9.525141666666666,0.0,0,stade,,False,False,STADE,7,2026-09-09 00:17:48.863840971 +0000 UTC,2026-09-09 00:25:08.648811268 +0000 UTC
2026-09-09T00:17:35+00:00,244061000,HEIN,7911856.0,33.0,107.0,16.0,3.8,53.478345,6.838403333333333,1.6,0,eems,,False,False,EEMSHAVEN,9,2026-09-09 00:17:49.066190833 +0000 UTC,2026-09-09 00:23:57.924444328 +0000 UTC
2026-09-09T00:17:35+00:00,244660432,SEPTIMO,0.0,99.0,135.0,11.0,0.2,51.938026666666666,4.0349216666666665,0.0,5,gate,,False,False,ROTTERDAM,1,2026-09-09 00:17:49.070589844 +0000 UTC,2026-09-09 00:22:50.937844317 +0000 UTC
2026-09-09T00:17:35+00:00,246333000,KNRM JEANINE PARQUI,0.0,51.0,19.0,6.0,1.0,51.97716666666667,4.125166666666667,0.0,5,gate,,False,False,SAR OPS,3,2026-09-09 00:17:49.156457676 +0000 UTC,2026-09-09 00:25:05.294256257 +0000 UTC
2026-09-09T00:17:35+00:00,232008661,SCOT NAVIGATOR,,,,,,53.49434333333333,6.815074999999999,11.6,0,eems,,False,False,,6,2026-09-09 00:17:49.303447398 +0000 UTC,2026-09-09 00:23:00.069053548 +0000 UTC
2026-09-09T00:17:35+00:00,367102000,GARDEN STATE,9698006.0,80.0,186.0,32.0,8.8,29.850651666666668,-93.97139999999999,0.1,5,depart_sabine_pass,,False,True,USPAB PORT ARTHUR,1,2026-09-09 00:17:49.508273107 +0000 UTC,2026-09-09 00:19:31.272422132 +0000 UTC
2026-09-09T00:17:35+00:00,232052057,SVITZER ESTELLE,,,,,,51.445948333333334,0.7427116666666667,0.0,0,grain,,False,False,,8,2026-09-09 00:17:50.111783686 +0000 UTC,2026-09-09 00:25:01.217617379 +0000 UTC
2026-09-09T00:17:35+00:00,245385000,SVITZER MARKEN,,,,,,51.96003333333333,4.011158333333333,0.0,0,gate,,False,False,,7,2026-09-09 00:17:50.127441117 +0000 UTC,2026-09-09 00:24:50.343813972 +0000 UTC
2026-09-09T00:17:35+00:00,244890853,FELIX,,,,,,53.88501,9.161081666666666,0.5,0,brunsbuettel,brunsbuettel,True,False,,5,2026-09-09 00:17:50.39411411 +0000 UTC,2026-09-09 00:23:19.968374067 +0000 UTC
2026-09-09T00:17:35+00:00,246774000,EN AVANT 10,9264386.0,52.0,30.0,10.0,4.5,51.95795333333333,4.033703333333333,0.0,0,gate,,False,False,DORDRECHT,8,2026-09-09 00:17:50.856821305 +0000 UTC,2026-09-09 00:24:52.213283414 +0000 UTC
2026-09-09T00:17:35+00:00,255955000,FAIRPLAY-67,9158472.0,52.0,31.0,11.0,5.0,53.89613333333333,9.154725000000001,0.0,0,brunsbuettel,,False,False,BRUNSBUETTEL,9,2026-09-09 00:17:50.901242019 +0000 UTC,2026-09-09 00:25:30.768640389 +0000 UTC
2026-09-09T00:17:35+00:00,244129132,SENTO,0.0,79.0,110.0,23.0,2.0,51.936425,4.114621666666666,5.2,0,gate,,False,False,PRINSES MARGRIETHAVE,9,2026-09-09 00:17:50.927068387 +0000 UTC,2026-09-09 00:24:50.25730194 +0000 UTC
2026-09-09T00:17:35+00:00,255738000,AUTO ADVANCE,9881299.0,70.0,169.0,28.0,7.2,51.30860833333334,3.2256116666666665,0.0,5,zeebrugge,,False,False,BEZEE,2,2026-09-09 00:17:50.969575664 +0000 UTC,2026-09-09 00:23:51.094766552 +0000 UTC
2026-09-09T00:17:35+00:00,244750893,HARINGVLIET,0.0,33.0,34.0,6.0,0.9,51.945346666666666,4.088838333333333,0.1,0,gate,,False,False,,9,2026-09-09 00:17:51.013135927 +0000 UTC,2026-09-09 00:25:00.565017641 +0000 UTC
2026-09-09T00:17:35+00:00,636026391,AEGEA,,,,,,51.95028,4.091565,0.0,5,gate,,False,False,,2,2026-09-09 00:17:51.125905317 +0000 UTC,2026-09-09 00:23:51.121667725 +0000 UTC
2026-09-09T00:17:35+00:00,226003310,VISION,0.0,79.0,80.0,6.0,2.4,51.959155,4.0335849999999995,0.0,5,gate,,False,False,MAASVLAKTE EUROPAHAV,3,2026-09-09 00:17:51.61023804 +0000 UTC,2026-09-09 00:24:11.171007722 +0000 UTC
2026-09-09T00:17:35+00:00,244010253,VEERHAVEN VII,0.0,79.0,117.0,23.0,1.9,51.95249333333334,4.12028,0.0,5,gate,,False,False,DINTELHAVEN,1,2026-09-09 00:17:51.849331256 +0000 UTC,2026-09-09 00:23:52.591647638 +0000 UTC
2026-09-09T00:17:35+00:00,211667760,FAIRPLAY IX,9725093.0,52.0,29.0,14.0,6.4,53.52451833333334,8.1472,0.0,0,wilhelmshaven,wilhelmshaven,True,False,WILHELMSHAVEN,7,2026-09-09 00:17:51.874013346 +0000 UTC,2026-09-09 00:25:00.060513416 +0000 UTC
2026-09-09T00:17:35+00:00,244740409,EUCHARISTEO,0.0,79.0,80.0,9.0,0.0,51.93254666666667,4.048473333333333,0.0,0,gate,,False,False,HENGELO,8,2026-09-09 00:17:51.900829706 +0000 UTC,2026-09-09 00:25:01.32963451 +0000 UTC
2026-09-09T00:17:35+00:00,269057212,VIVA BEYOND,,,,,,49.48143833333334,0.12679333333333334,11.1,0,lehavre,,False,False,,6,2026-09-09 00:17:51.916152392 +0000 UTC,2026-09-09 00:23:51.285475232 +0000 UTC
2026-09-09T00:17:35+00:00,249172000,CMA CGM TOKYO,9629380.0,70.0,271.0,43.0,13.4,49.457231666666665,0.16673,0.0,5,lehavre,,False,False,FRLEH,3,2026-09-09 00:17:52.394948666 +0000 UTC,2026-09-09 00:25:24.847051869 +0000 UTC
2026-09-09T00:17:35+00:00,211784720,PILOT DITHMARSCHEN,,,,,,53.87988333333333,9.140661666666666,12.2,0,brunsbuettel,,False,False,,12,2026-09-09 00:17:52.874016547 +0000 UTC,2026-09-09 00:24:25.18485851 +0000 UTC
2026-09-09T00:17:35+00:00,538009160,SHANDONG DE TAI,9872121.0,70.0,292.0,45.0,14.3,51.937466666666666,4.053393333333333,0.0,5,gate,,False,False,NL RTM,2,2026-09-09 00:17:52.949774216 +0000 UTC,2026-09-09 00:23:53.113257957 +0000 UTC
2026-09-09T00:17:35+00:00,244660194,FARESIA,,,,,,51.956135,4.011946666666667,0.0,0,gate,,False,False,,10,2026-09-09 00:17:53.065698074 +0000 UTC,2026-09-09 00:24:54.647060941 +0000 UTC
2026-09-09T00:17:35+00:00,244660108,MUREEN,0.0,79.0,135.0,23.0,0.0,51.94417,4.031795,0.3,5,gate,,False,False,,3,2026-09-09 00:17:53.566673204 +0000 UTC,2026-09-09 00:23:53.529908586 +0000 UTC
2026-09-09T00:17:35+00:00,244620640,VECTOR,0.0,79.0,135.0,12.0,2.5,51.93993833333333,4.033708333333333,0.0,5,gate,,False,False,FRANKFURT OSTHAFEN,3,2026-09-09 00:17:53.862650394 +0000 UTC,2026-09-09 00:24:55.940832573 +0000 UTC
2026-09-09T00:17:35+00:00,227006760,VB 21 FECAMP,9202728.0,52.0,36.0,11.0,0.0,49.461236666666665,0.12436,6.8,11,lehavre,,False,False,,7,2026-09-09 00:17:54.181496501 +0000 UTC,2026-09-09 00:24:24.742168841 +0000 UTC
2026-09-09T00:17:35+00:00,211456940,SCHWINGEFLAIR,0.0,69.0,24.0,6.0,0.8,53.62805,9.525731666666667,0.0,0,stade,,False,False,HH STD,5,2026-09-09 00:17:54.889331217 +0000 UTC,2026-09-09 00:25:10.301195473 +0000 UTC
2026-09-09T00:17:35+00:00,245444000,KRVE 87,0.0,53.0,16.0,5.0,0.0,51.949396666666665,4.148483333333333,0.0,0,gate,,False,False,,7,2026-09-09 00:17:55.015202731 +0000 UTC,2026-09-09 00:24:55.020951357 +0000 UTC
2026-09-09T00:17:35+00:00,235070283,ERIN SCHULTE,9439814.0,80.0,145.0,23.0,8.8,53.88621333333333,9.120595,4.8,0,brunsbuettel,,False,False,DERSK,8,2026-09-09 00:17:55.514744429 +0000 UTC,2026-09-09 00:25:14.179779784 +0000 UTC
2026-09-09T00:17:35+00:00,246543000,VB TIGER,,,,,,51.96074833333333,4.141543333333334,0.0,0,gate,,False,False,,8,2026-09-09 00:17:55.622818258 +0000 UTC,2026-09-09 00:25:15.628260028 +0000 UTC
2026-09-09T00:17:35+00:00,211202570,BUTT,,,,,,53.899080000000005,9.149701666666665,0.0,15,brunsbuettel,,False,False,,5,2026-09-09 00:17:56.313547872 +0000 UTC,2026-09-09 00:24:15.676316994 +0000 UTC
2026-09-09T00:17:35+00:00,227003190,MILOUIN,,,,,,47.28731833333333,-2.1986816666666664,0.0,3,montoir,,False,False,,3,2026-09-09 00:17:56.457602987 +0000 UTC,2026-09-09 00:24:16.672051677 +0000 UTC
2026-09-09T00:17:35+00:00,563296200,ONE RELIABILITY,,,,,,51.949515,4.063398333333334,0.0,5,gate,,False,False,,3,2026-09-09 00:17:56.60332013 +0000 UTC,2026-09-09 00:23:56.682628847 +0000 UTC
2026-09-09T00:17:35+00:00,538008394,AEOLIAN VISION,9483554.0,79.0,229.0,32.0,11.5,51.95103833333334,4.127305,0.0,5,gate,,False,False,NL RTM,3,2026-09-09 00:17:56.76530167 +0000 UTC,2026-09-09 00:23:55.432501701 +0000 UTC
2026-09-09T00:17:35+00:00,255915653,FAIRPLAY-28,9765043.0,52.0,32.0,12.0,4.8,51.975316666666664,4.006316666666667,8.2,0,gate,,False,False,RTM HARBOUR TOWAGE,6,2026-09-09 00:17:56.981966586 +0000 UTC,2026-09-09 00:23:57.327439496 +0000 UTC
2026-09-09T00:17:35+00:00,244890451,NEDSHIP,0.0,20.0,,,0.0,51.95865166666667,4.0134050000000006,0.0,5,gate,,False,False,TMA EXPRESS,1,2026-09-09 00:17:56.983183148 +0000 UTC,2026-09-09 00:22:58.474477039 +0000 UTC
2026-09-09T00:17:35+00:00,227681520,ANATIFE,,,,,,47.30556166666667,-2.08149,0.0,0,montoir,,False,False,,5,2026-09-09 00:17:57.770408558 +0000 UTC,2026-09-09 00:25:21.253103813 +0000 UTC
2026-09-09T00:17:35+00:00,244660639,VLAARDINGEN,0.0,99.0,135.0,15.0,0.0,51.957300000000004,4.147365,0.0,0,gate,,False,False,,9,2026-09-09 00:17:58.29369707 +0000 UTC,2026-09-09 00:24:59.060405964 +0000 UTC
2026-09-09T00:17:35+00:00,245587000,MEES (PILOTS),0.0,53.0,23.0,7.0,1.3,53.444966666666666,6.821608333333333,0.0,5,eems,,False,False,PILOT BOARDING AREA,2,2026-09-09 00:17:58.456062828 +0000 UTC,2026-09-09 00:20:59.496862452 +0000 UTC
2026-09-09T00:17:35+00:00,244780377,LACERTA (PILOTS),0.0,50.0,23.0,6.0,1.3,51.976416666666665,4.125275,0.0,5,gate,,False,False,PILOT BOARDING AREA,3,2026-09-09 00:17:58.480278418 +0000 UTC,2026-09-09 00:25:24.436652084 +0000 UTC
2026-09-09T00:17:35+00:00,211241230,WINDCAT 65,1044766.0,40.0,25.0,8.0,2.2,53.444536666666664,6.826905,0.0,5,eems,,False,False,NLEEM<>BKR03,3,2026-09-09 00:17:58.525697226 +0000 UTC,2026-09-09 00:23:58.494861271 +0000 UTC
2026-09-09T00:17:35+00:00,249917000,CMA CGM MOLIERE,9401099.0,74.0,300.0,40.0,12.2,51.96698333333333,4.056566666666667,6.2,0,gate,,False,False,NLRTM,8,2026-09-09 00:17:58.798990895 +0000 UTC,2026-09-09 00:25:33.538317401 +0000 UTC
2026-09-09T00:17:35+00:00,305981000,LISA LEHMANN,9325130.0,70.0,90.0,15.0,5.5,53.45142666666666,6.827601666666666,0.0,5,eems,,False,False,NLEEM,3,2026-09-09 00:17:58.803990596 +0000 UTC,2026-09-09 00:24:05.356193206 +0000 UTC
2026-09-09T00:17:35+00:00,354368000,NAVIOS AZIMUTH,9589839.0,79.0,292.0,45.0,18.2,51.96435333333333,4.1174550000000005,0.0,5,gate,,False,False,NLROT,2,2026-09-09 00:17:58.906048019 +0000 UTC,2026-09-09 00:23:58.905718747 +0000 UTC
2026-09-09T00:17:35+00:00,244022677,VIOS,,,,,,51.940365,4.036508333333333,0.1,0,gate,,False,False,,6,2026-09-09 00:17:58.91270952 +0000 UTC,2026-09-09 00:24:48.349764266 +0000 UTC
2026-09-09T00:17:35+00:00,244660153,RVE54,,,,,,51.96002166666666,4.090291666666666,0.0,15,gate,,False,False,,4,2026-09-09 00:18:00.105147755 +0000 UTC,2026-09-09 00:24:39.792155559 +0000 UTC
2026-09-09T00:17:35+00:00,211286490,JADE,9199165.0,55.0,30.0,7.0,2.1,53.51338,8.149555,0.0,5,wilhelmshaven,,False,False,SURVEY OPP.,2,2026-09-09 00:18:00.114176324 +0000 UTC,2026-09-09 00:21:51.234043903 +0000 UTC
2026-09-09T00:17:35+00:00,211710650,FAIRPLAY-94,9763253.0,52.0,24.0,11.0,5.5,53.65106,9.510121666666667,0.0,0,stade,stade,True,False,BUETZFLETH,9,2026-09-09 00:18:00.126313567 +0000 UTC,2026-09-09 00:25:13.723731116 +0000 UTC
2026-09-09T00:17:35+00:00,246683000,DANCING WATER,9065807.0,52.0,19.0,6.0,2.9,53.44601333333333,6.820293333333334,0.0,3,eems,,False,False,DREDGING EEMSGEUL,8,2026-09-09 00:18:00.256950589 +0000 UTC,2026-09-09 00:24:43.557339909 +0000 UTC
2026-09-09T00:17:35+00:00,246240000,GUST,,,,,,49.47515166666667,0.1703,1.2,0,lehavre,,False,False,,2,2026-09-09 00:18:00.66276131 +0000 UTC,2026-09-09 00:19:00.659955416 +0000 UTC
2026-09-09T00:17:35+00:00,244810053,KRVE 50,0.0,99.0,10.0,3.0,0.0,51.96638166666666,4.045165,0.1,15,gate,,False,False,,9,2026-09-09 00:18:01.06812799 +0000 UTC,2026-09-09 00:25:19.87559743 +0000 UTC
2026-09-09T00:17:35+00:00,244730209,HILLIE,0.0,80.0,40.0,6.0,2.1,53.444935,6.823485000000001,0.0,8,eems,,False,False,,8,2026-09-09 00:18:01.216687647 +0000 UTC,2026-09-09 00:25:11.582237426 +0000 UTC
2026-09-09T00:17:35+00:00,244660962,USHUAIA,0.0,79.0,116.0,23.0,4.0,51.958983333333336,4.011933333333333,0.0,5,gate,,False,False,WAALHAVENANTWERPEN V,3,2026-09-09 00:18:01.58509641 +0000 UTC,2026-09-09 00:25:21.813615056 +0000 UTC
2026-09-09T00:17:35+00:00,228373700,VB LONGCHAMP 17,9876311.0,52.0,30.0,10.0,5.3,49.45887833333334,0.14819666666666667,11.0,0,lehavre,,False,False,LE HAVRE,13,2026-09-09 00:18:01.782734432 +0000 UTC,2026-09-09 00:25:12.794227437 +0000 UTC
2026-09-09T00:17:35+00:00,248010000,V TRE,,,,,,49.47058833333333,0.13588166666666668,6.2,0,lehavre,,False,False,,7,2026-09-09 00:18:02.016164132 +0000 UTC,2026-09-09 00:25:22.206658642 +0000 UTC
2026-09-09T00:17:35+00:00,219110000,VAYENGA MAERSK,9775751.0,71.0,200.0,36.0,10.6,51.9585,4.050116666666667,0.0,5,gate,,False,False,GBTIL->NLRTM,3,2026-09-09 00:18:02.376579332 +0000 UTC,2026-09-09 00:24:01.0342515 +0000 UTC
2026-09-09T00:17:35+00:00,244070465,RIVERQUEST,0.0,99.0,19.0,6.0,0.3,51.95936666666667,4.124461666666667,0.0,5,gate,,False,False,ROTTERDAM,6,2026-09-09 00:18:03.020611837 +0000 UTC,2026-09-09 00:23:21.357582149 +0000 UTC
2026-09-09T00:17:35+00:00,211411980,ZENIT,9313187.0,90.0,30.0,6.0,2.1,53.51326666666667,8.149533333333332,0.0,5,wilhelmshaven,,False,False,SURVEY OPS JADE,3,2026-09-09 00:18:03.621709475 +0000 UTC,2026-09-09 00:24:53.844259961 +0000 UTC
2026-09-09T00:17:35+00:00,211895760,THEMHOF,,,,,,51.932811666666666,4.151055,9.7,0,gate,,False,False,,6,2026-09-09 00:18:04.15228222 +0000 UTC,2026-09-09 00:22:04.297778116 +0000 UTC
2026-09-09T00:17:35+00:00,205568190,RIVER DRONE 7,0.0,79.0,106.0,12.0,2.7,51.96791833333334,4.038596666666667,0.0,0,gate,,False,False,ROTTERDAM MISSISSIPP,6,2026-09-09 00:18:04.266673253 +0000 UTC,2026-09-09 00:25:17.940455334 +0000 UTC
2026-09-09T00:17:35+00:00,403511001,NCC HUDA,9399272.0,80.0,183.0,32.0,7.4,29.570596666666667,-93.71325499999999,0.1,1,depart_sabine_pass,,False,True,USPOA,1,2026-09-09 00:18:04.478451954 +0000 UTC,2026-09-09 00:24:04.571538249 +0000 UTC
2026-09-09T00:17:35+00:00,205755000,ORION,9825453.0,90.0,215.0,50.0,9.5,53.44859666666667,6.828725,0.0,5,eems,,False,False,NLEEM,2,2026-09-09 00:18:04.573249883 +0000 UTC,2026-09-09 00:24:06.45048626 +0000 UTC
2026-09-09T00:17:35+00:00,244750111,HENRY HUDSON,0.0,69.0,36.0,7.0,1.5,51.959555,4.013555,0.0,5,gate,,False,False,MAASVLAKTE2,3,2026-09-09 00:18:04.802568001 +0000 UTC,2026-09-09 00:24:05.957107465 +0000 UTC
2026-09-09T00:17:35+00:00,228072800,VB TYPHON,,,,,,47.267936666666664,-2.201401666666667,0.0,0,montoir,,False,False,,3,2026-09-09 00:18:04.973843595 +0000 UTC,2026-09-09 00:24:44.354870915 +0000 UTC
2026-09-09T00:17:35+00:00,2444059,HOEK VAN HOLLAND,,,,,,51.98099,4.112633333333333,0.0,15,gate,,False,False,,8,2026-09-09 00:18:05.516925073 +0000 UTC,2026-09-09 00:25:26.374660471 +0000 UTC
2026-09-09T00:17:35+00:00,572728220,ZEYNEP,9292943.0,79.0,133.0,19.0,6.6,51.95010166666667,4.067888333333333,0.0,5,gate,,False,False,NLRTM,1,2026-09-09 00:18:05.568630934 +0000 UTC,2026-09-09 00:22:55.6782206 +0000 UTC
2026-09-09T00:17:35+00:00,255915570,WINDEA LA COUR,9769025.0,90.0,88.0,18.0,5.8,53.45608333333333,6.825871666666667,0.0,5,eems,,False,False,EEMSHAVEN,2,2026-09-09 00:18:05.69358179 +0000 UTC,2026-09-09 00:24:04.950579527 +0000 UTC
2026-09-09T00:17:35+00:00,244020615,DAAN,,,,,,51.934475,4.037406666666667,0.0,0,gate,,False,False,,11,2026-09-09 00:18:06.179935035 +0000 UTC,2026-09-09 00:25:07.05228508 +0000 UTC
2026-09-09T00:17:35+00:00,244084000,TENDER I,8134039.0,50.0,41.0,7.0,2.8,51.97727166666667,4.124603333333334,0.0,0,gate,,False,False,NOORDZEE,3,2026-09-09 00:18:06.52869435 +0000 UTC,2026-09-09 00:23:15.796359307 +0000 UTC
2026-09-09T00:17:35+00:00,226004180,MAGISTER,0.0,79.0,110.0,9.0,0.0,49.473595,0.15455500000000003,0.0,0,lehavre,,False,False,,6,2026-09-09 00:18:06.849090934 +0000 UTC,2026-09-09 00:24:06.578739921 +0000 UTC
2026-09-09T00:17:35+00:00,232064738,EMILIA JANE,1130228.0,40.0,24.0,9.0,2.1,53.44485833333333,6.826571666666666,0.0,0,eems,,False,False,HD-OWF,6,2026-09-09 00:18:07.117046848 +0000 UTC,2026-09-09 00:24:52.096519838 +0000 UTC
2026-09-09T00:17:35+00:00,244850403,SNIP,0.0,79.0,64.0,7.0,0.0,51.95160833333333,4.1202950000000005,0.0,15,gate,,False,False,,5,2026-09-09 00:18:07.149058308 +0000 UTC,2026-09-09 00:24:33.123591724 +0000 UTC
2026-09-09T00:17:35+00:00,211314990,JAN BRUHNS,0.0,30.0,19.0,6.0,2.2,53.426375,6.889903333333334,0.0,7,eems,,False,False,FISHING GROUNDS,8,2026-09-09 00:18:07.21627233 +0000 UTC,2026-09-09 00:25:17.606320847 +0000 UTC
2026-09-09T00:17:35+00:00,371333000,GLOMAR AVIOR,,,,,,53.49129333333334,6.787155,0.0,1,eems,,False,False,,2,2026-09-09 00:18:07.438455703 +0000 UTC,2026-09-09 00:20:03.296511886 +0000 UTC
2026-09-09T00:17:35+00:00,244013210,LUCIDA (PILOTS),,,,,,51.976216666666666,4.125093333333333,0.0,0,gate,,False,False,,7,2026-09-09 00:18:07.958014152 +0000 UTC,2026-09-09 00:25:08.757427975 +0000 UTC
2026-09-09T00:17:35+00:00,232052713,HST PADSTOW,9947184.0,40.0,27.0,10.0,2.4,53.45679333333333,6.827553333333333,0.0,5,eems,,False,False,EEMSHAVEN <-> MERKUR,1,2026-09-09 00:18:08.030060822 +0000 UTC,2026-09-09 00:24:08.033022208 +0000 UTC
2026-09-09T00:17:35+00:00,228365800,VB MIRAGE,,,,,,47.26823,-2.2012133333333335,0.1,5,montoir,,False,False,,2,2026-09-09 00:18:08.430099689 +0000 UTC,2026-09-09 00:21:11.657949957 +0000 UTC
2026-09-09T00:17:35+00:00,265063000,FURE VALO,9983097.0,80.0,149.0,23.0,6.0,51.96288333333334,4.035051666666667,0.0,5,gate,,False,False,NLRTM,2,2026-09-09 00:18:08.693192368 +0000 UTC,2026-09-09 00:21:32.368670506 +0000 UTC
2026-09-09T00:17:35+00:00,255917255,HANSA MUNKSUND,9429223.0,74.0,157.0,23.0,7.9,49.458545,0.15783333333333335,0.0,5,lehavre,,False,False,BEANR,3,2026-09-09 00:18:08.845499274 +0000 UTC,2026-09-09 00:24:08.072644384 +0000 UTC
2026-09-09T00:17:35+00:00,244140114,LUNA (PILOTS),0.0,50.0,23.0,7.0,1.3,51.96031333333334,4.090496666666667,0.1,0,gate,,False,False,O,7,2026-09-09 00:18:09.276069682 +0000 UTC,2026-09-09 00:25:17.416572019 +0000 UTC
2026-09-09T00:17:35+00:00,227006780,VB SAINTE-ADRESSE 25,9202742.0,52.0,37.0,11.0,5.4,49.47995,0.10861000000000001,0.1,15,lehavre,,False,False,LE HAVRE,8,2026-09-09 00:18:09.355921585 +0000 UTC,2026-09-09 00:24:19.689508674 +0000 UTC
2026-09-09T00:17:35+00:00,211696040,CORVIN,9280433.0,52.0,32.0,12.0,5.1,53.55713166666667,8.168,0.0,5,wilhelmshaven,,False,False,WILHELMSHAVEN,3,2026-09-09 00:18:09.495240948 +0000 UTC,2026-09-09 00:25:20.932731484 +0000 UTC
2026-09-09T00:17:35+00:00,244757000,RPA 16,,,,,,51.96117,4.089856666666667,0.0,0,gate,,False,False,,7,2026-09-09 00:18:09.646977182 +0000 UTC,2026-09-09 00:24:39.032825984 +0000 UTC
2026-09-09T00:17:35+00:00,244832000,BOREAS,9962304.0,90.0,175.0,63.0,8.2,53.452575,6.81851,0.0,5,eems,,False,False,EEMSHAVEN,3,2026-09-09 00:18:10.637024942 +0000 UTC,2026-09-09 00:24:31.026782134 +0000 UTC
2026-09-09T00:17:35+00:00,227211180,LH PILOT ST JOSEPH,0.0,50.0,,,1.5,49.48419333333333,0.11291000000000001,0.1,3,lehavre,,False,False,,5,2026-09-09 00:18:10.658967911 +0000 UTC,2026-09-09 00:25:20.070705433 +0000 UTC
2026-09-09T00:17:35+00:00,211224270,PILOT PAGENSAND,4810370.0,50.0,16.0,6.0,1.2,53.627606666666665,9.52526,0.0,0,stade,,False,False,BOARDING AREA STADE,7,2026-09-09 00:18:11.232593519 +0000 UTC,2026-09-09 00:25:20.422647914 +0000 UTC
2026-09-09T00:17:35+00:00,477030700,COSCO FRANCE,9516416.0,71.0,366.0,52.0,12.0,51.97549333333333,4.029765,0.0,5,gate,,False,False,DEHAM,1,2026-09-09 00:18:11.256121286 +0000 UTC,2026-09-09 00:19:16.693334492 +0000 UTC
2026-09-09T00:17:35+00:00,244690719,ONDERNEMING,0.0,79.0,86.0,10.0,20.0,51.97104,4.049273333333334,0.0,5,gate,,False,False,YUKON HAVEN,2,2026-09-09 00:18:12.183834107 +0000 UTC,2026-09-09 00:24:11.017912864 +0000 UTC
2026-09-09T00:17:35+00:00,367455770,OREGON,9118628.0,82.0,183.0,33.0,8.4,29.605281666666666,-93.70067,0.0,1,depart_sabine_pass,,False,True,NEDERLAND TX,2,2026-09-09 00:18:12.512053456 +0000 UTC,2026-09-09 00:24:12.169164878 +0000 UTC
2026-09-09T00:17:35+00:00,211181090,HANS,0.0,99.0,12.0,4.0,0.0,53.651201666666665,9.509708333333332,0.0,0,stade,stade,True,False,,6,2026-09-09 00:18:12.556210414 +0000 UTC,2026-09-09 00:23:12.701995418 +0000 UTC
2026-09-09T00:17:35+00:00,244650102,GULF MAX,0.0,99.0,35.0,8.0,2.4,53.44520833333333,6.81971,0.0,0,eems,,False,False,EH DZ EMD,7,2026-09-09 00:18:12.561692241 +0000 UTC,2026-09-09 00:24:52.873092417 +0000 UTC
2026-09-09T00:17:35+00:00,205619000,VB KIWI,,,,,,51.32967333333333,3.1972,0.2,0,zeebrugge,,False,False,,8,2026-09-09 00:18:12.731306653 +0000 UTC,2026-09-09 00:25:13.08212246 +0000 UTC
2026-09-09T00:17:35+00:00,211886790,SYLVIA DEYMANN,,,,,,51.959655,3.99554,0.0,5,gate,,False,False,,8,2026-09-09 00:18:13.413077029 +0000 UTC,2026-09-09 00:25:23.272346269 +0000 UTC
2026-09-09T00:17:35+00:00,244003537,ORACLE,0.0,80.0,135.0,15.0,3.6,51.958931666666665,4.144471666666666,0.0,5,gate,,False,False,ROTTERDAM CALANDKANA,2,2026-09-09 00:18:14.018190772 +0000 UTC,2026-09-09 00:24:35.569386046 +0000 UTC
2026-09-09T00:17:35+00:00,245706000,VB PUMA,,,,,,51.96058333333334,4.141916666666666,0.1,0,gate,,False,False,,7,2026-09-09 00:18:14.475385382 +0000 UTC,2026-09-09 00:24:14.002723445 +0000 UTC
2026-09-09T00:17:35+00:00,477890500,MAERSK SALALAH,9352016.0,74.0,334.0,43.0,12.8,51.94855,4.0573749999999995,0.0,5,gate,,False,False,NLRTM >> GBLGP,2,2026-09-09 00:18:14.770125301 +0000 UTC,2026-09-09 00:24:14.690676814 +0000 UTC
2026-09-09T00:17:35+00:00,227023200,VB GASCOGNE,,,,,,49.47097,0.132545,6.3,0,lehavre,,False,False,,10,2026-09-09 00:18:14.895601636 +0000 UTC,2026-09-09 00:24:33.526697522 +0000 UTC
2026-09-09T00:17:35+00:00,255916110,FAIRPLAY XI,9725108.0,52.0,26.0,14.0,6.6,51.96404,4.094878333333333,0.1,0,gate,,False,False,NLRTM,6,2026-09-09 00:18:15.071585739 +0000 UTC,2026-09-09 00:25:12.376138968 +0000 UTC
2026-09-09T00:17:35+00:00,538011373,WECO MEMPHIS BELLE,1041453.0,80.0,183.0,32.0,8.5,27.822691666666667,-97.43622166666667,0.0,5,depart_corpus_christi,,False,True,US CRP,1,2026-09-09 00:18:15.34056771 +0000 UTC,2026-09-09 00:24:15.366252303 +0000 UTC
2026-09-09T00:17:35+00:00,273120730,TURMALIN,9470131.0,80.0,248.0,44.0,0.0,31.534665,32.263625000000005,0.0,15,transit_port_said,,False,True,,4,2026-09-09 00:18:16.183150505 +0000 UTC,2026-09-09 00:24:37.889623903 +0000 UTC
2026-09-09T00:17:35+00:00,211334410,BUETZFLETH,7720441.0,52.0,27.0,8.0,5.0,53.65271166666666,9.510845,0.0,0,stade,stade,True,False,STADE,7,2026-09-09 00:18:16.239393004 +0000 UTC,2026-09-09 00:23:16.848869416 +0000 UTC
2026-09-09T00:17:35+00:00,268235302,MIRANDA,9738258.0,90.0,37.0,9.0,4.0,53.44457666666666,6.8275966666666665,0.0,5,eems,,False,False,EEMSHAVEN NL,2,2026-09-09 00:18:16.290662242 +0000 UTC,2026-09-09 00:24:39.623889389 +0000 UTC
2026-09-09T00:17:35+00:00,205568590,BEETHOVEN,,,,,,51.97381166666666,4.028561666666667,7.2,0,gate,,False,False,,7,2026-09-09 00:18:16.891090432 +0000 UTC,2026-09-09 00:25:16.818060595 +0000 UTC
2026-09-09T00:17:35+00:00,244750694,VEERWEL,0.0,60.0,22.0,5.0,1.6,51.97700833333333,4.125215,0.1,0,gate,,False,False,,6,2026-09-09 00:18:17.020157786 +0000 UTC,2026-09-09 00:25:26.342745169 +0000 UTC
2026-09-09T00:17:35+00:00,244150137,SOFIE,,,,,,51.96215666666667,4.029146666666667,0.0,5,gate,,False,False,,3,2026-09-09 00:18:18.503800095 +0000 UTC,2026-09-09 00:24:18.184339118 +0000 UTC
2026-09-09T00:17:35+00:00,244001428,KRVE 82,,,,,,51.94897666666667,4.14842,0.1,7,gate,,False,False,,6,2026-09-09 00:18:19.435832471 +0000 UTC,2026-09-09 00:25:30.050745981 +0000 UTC
2026-09-09T00:17:35+00:00,226015110,SALAMANDRA,,,,,,51.959155,4.143714999999999,0.0,0,gate,,False,False,,3,2026-09-09 00:18:19.485506477 +0000 UTC,2026-09-09 00:22:29.915559831 +0000 UTC
2026-09-09T00:17:35+00:00,244730125,KRVE 62,,,,,,51.97649,4.125168333333333,0.2,0,gate,,False,False,,6,2026-09-09 00:18:19.802815884 +0000 UTC,2026-09-09 00:24:30.822401745 +0000 UTC
2026-09-09T00:17:35+00:00,376118000,VB FOXTROT,,,,,,51.96671166666667,4.059221666666667,6.2,5,gate,gate,True,False,,6,2026-09-09 00:18:20.036134483 +0000 UTC,2026-09-09 00:25:20.125337752 +0000 UTC
2026-09-09T00:17:35+00:00,244791000,VB ROB,,,,,,51.961283333333334,4.1405,0.0,0,gate,,False,False,,7,2026-09-09 00:18:20.088845761 +0000 UTC,2026-09-09 00:25:20.700816648 +0000 UTC
2026-09-09T00:17:35+00:00,207138000,PEACE,9553983.0,70.0,153.0,22.0,7.0,53.51529166666667,8.1398,0.0,5,wilhelmshaven,wilhelmshaven,True,False,DE WVN,3,2026-09-09 00:18:20.527585002 +0000 UTC,2026-09-09 00:24:19.790857948 +0000 UTC
2026-09-09T00:17:35+00:00,245987000,WATERLINES,9881770.0,52.0,32.0,13.0,5.9,53.444955,6.82431,0.0,0,eems,,False,False,NLEEM,7,2026-09-09 00:18:20.680156753 +0000 UTC,2026-09-09 00:24:58.593583667 +0000 UTC
2026-09-09T00:17:35+00:00,228267600,GAMBE D AMFARD,,,,,,49.474525,0.13297333333333333,0.0,3,lehavre,,False,False,,6,2026-09-09 00:18:20.97857643 +0000 UTC,2026-09-09 00:24:21.621675371 +0000 UTC
2026-09-09T00:17:35+00:00,246658000,ORION (PILOTS),0.0,50.0,23.0,6.0,1.2,53.444923333333335,6.821083333333333,0.0,0,eems,,False,False,PILOTBOARDINGGROUND,9,2026-09-09 00:18:21.366663352 +0000 UTC,2026-09-09 00:24:57.665439712 +0000 UTC
2026-09-09T00:17:35+00:00,211279690,ELBCLEARING 3,,,,,,53.653155,9.511013333333333,0.0,0,stade,stade,True,False,,4,2026-09-09 00:18:21.502209895 +0000 UTC,2026-09-09 00:24:22.622727009 +0000 UTC
2026-09-09T00:17:35+00:00,211690000,VB BREMEN,9211212.0,52.0,32.0,12.0,5.8,53.53965,8.167466666666666,5.3,0,wilhelmshaven,,False,False,DEWVN,6,2026-09-09 00:18:21.707489951 +0000 UTC,2026-09-09 00:23:54.192723762 +0000 UTC
2026-09-09T00:17:35+00:00,255806342,UHL FAITH,9892482.0,70.0,150.0,26.0,6.6,53.452171666666665,6.822336666666667,0.0,5,eems,,False,False,EEMSHAVEN,1,2026-09-09 00:18:21.72400832 +0000 UTC,2026-09-09 00:21:58.135445314 +0000 UTC
2026-09-09T00:17:35+00:00,219449000,ESVAGT SERVER,9592977.0,99.0,72.0,16.0,5.2,53.45511333333333,6.831851666666666,0.0,0,eems,,False,False,NLEMS,8,2026-09-09 00:18:21.803618034 +0000 UTC,2026-09-09 00:24:41.142574937 +0000 UTC
2026-09-09T00:17:35+00:00,226003010,CLOVIS,0.0,20.0,88.0,12.0,3.0,49.48450833333333,0.15416,0.1,5,lehavre,,False,False,CPAQ AVAL,1,2026-09-09 00:18:22.126189873 +0000 UTC,2026-09-09 00:24:22.210738385 +0000 UTC
2026-09-09T00:17:35+00:00,232054448,HST LOWESTOFT,9991977.0,40.0,27.0,10.0,2.4,53.44467833333333,6.826391666666667,0.0,0,eems,,False,False,EEMSHAVEN,9,2026-09-09 00:18:22.59636203 +0000 UTC,2026-09-09 00:25:32.787782081 +0000 UTC
2026-09-09T00:17:35+00:00,244058019,ANTWERPEN,0.0,89.0,135.0,18.0,2.0,51.94889166666667,4.093806666666667,0.0,5,gate,,False,False,ROTTERDAM,1,2026-09-09 00:18:22.781827424 +0000 UTC,2026-09-09 00:19:18.431650171 +0000 UTC
2026-09-09T00:17:35+00:00,244670362,UQ15 CAROLINE ELISE,0.0,30.0,20.0,6.0,0.0,53.44470666666667,6.825803333333334,0.0,7,eems,,False,False,FISHING GROUNDS,5,2026-09-09 00:18:22.801715245 +0000 UTC,2026-09-09 00:25:24.109506604 +0000 UTC
2026-09-09T00:17:35+00:00,220603000,TORM LAURA,9375616.0,80.0,183.0,32.0,7.2,51.948483333333336,4.090678333333333,0.0,5,gate,,False,True,RTMNL,3,2026-09-09 00:18:22.810752912 +0000 UTC,2026-09-09 00:24:22.8007403 +0000 UTC
2026-09-09T00:17:35+00:00,244690168,PECARO,0.0,79.0,110.0,12.0,1.0,51.950743333333335,4.07316,0.0,5,gate,,False,False,AMAZONEHAVEN,2,2026-09-09 00:18:23.203136707 +0000 UTC,2026-09-09 00:24:23.358493732 +0000 UTC
2026-09-09T00:17:35+00:00,232048134,HST LONDON,9958963.0,40.0,28.0,9.0,1.6,53.517498333333336,8.147603333333333,0.0,5,wilhelmshaven,wilhelmshaven,True,False,DEWVN,2,2026-09-09 00:18:23.342180942 +0000 UTC,2026-09-09 00:21:30.814022117 +0000 UTC
2026-09-09T00:17:35+00:00,244624000,KNRM-J&T VISSER,,,,,,53.44677166666667,6.819773333333333,0.0,5,eems,,False,False,,2,2026-09-09 00:18:23.363934779 +0000 UTC,2026-09-09 00:21:24.842215901 +0000 UTC
2026-09-09T00:17:35+00:00,244050638,GRINDELWALD,0.0,79.0,179.0,12.0,0.0,51.951056666666666,4.075215,0.0,5,gate,,False,False,BASELSEEHAFENBASEL,2,2026-09-09 00:18:23.458617651 +0000 UTC,2026-09-09 00:21:22.539346813 +0000 UTC
2026-09-09T00:17:35+00:00,304047000,KESSU,,,,,,53.92302666666667,9.19732,6.9,0,brunsbuettel,,False,False,,4,2026-09-09 00:18:23.809747367 +0000 UTC,2026-09-09 00:24:03.174123891 +0000 UTC
2026-09-09T00:17:35+00:00,255915699,FAIRPLAY-92,,,,,,51.95079,4.144991666666667,0.0,8,gate,,False,False,,8,2026-09-09 00:18:23.969250635 +0000 UTC,2026-09-09 00:25:23.011142112 +0000 UTC
2026-09-09T00:17:35+00:00,211184930,STADE,0.0,99.0,15.0,5.0,1.1,53.627163333333336,9.524493333333334,0.0,5,stade,,False,False,ZWISCHEN ESTE UND O,2,2026-09-09 00:18:24.099745559 +0000 UTC,2026-09-09 00:25:28.001346541 +0000 UTC
2026-09-09T00:17:35+00:00,244790048,HYDROVAC 12,0.0,89.0,86.0,10.0,2.0,51.96756333333334,4.040103333333334,0.0,5,gate,,False,False,ROTTERDAM AMAZONEHA,3,2026-09-09 00:18:24.192173937 +0000 UTC,2026-09-09 00:24:22.794648921 +0000 UTC
2026-09-09T00:17:35+00:00,636024736,MSC ROUEN,,,,,,49.46062666666667,0.14193333333333333,0.0,5,lehavre,,False,False,,3,2026-09-09 00:18:24.417716294 +0000 UTC,2026-09-09 00:24:26.420818256 +0000 UTC
2026-09-09T00:17:35+00:00,244730153,VEERHAVEN VI,0.0,99.0,24.0,11.0,2.0,51.958063333333335,4.114273333333333,0.0,5,gate,,False,False,DINTELHAVEN,3,2026-09-09 00:18:24.688764614 +0000 UTC,2026-09-09 00:24:26.002656699 +0000 UTC
2026-09-09T00:17:35+00:00,205109000,VB FLANDES,9809942.0,52.0,32.0,13.0,6.0,51.303455,3.233851666666667,1.9,8,zeebrugge,,False,False,PORT OPERATIONS,5,2026-09-09 00:18:25.098143436 +0000 UTC,2026-09-09 00:21:00.34821559 +0000 UTC
2026-09-09T00:17:35+00:00,477212700,SEA CREATION,9989118.0,80.0,295.0,47.0,10.0,36.00429999999999,-5.448076666666666,10.8,0,transit_gibraltar,,False,True,US FPO,6,2026-09-09 00:18:25.209663618 +0000 UTC,2026-09-09 00:24:05.329415571 +0000 UTC
2026-09-09T00:17:35+00:00,244650652,SEAZIP 6,9776119.0,99.0,26.0,10.0,2.2,53.446104999999996,6.8205116666666665,0.0,5,eems,,False,False,GEMINI<=>NLEEM,2,2026-09-09 00:18:25.584452102 +0000 UTC,2026-09-09 00:24:25.579708676 +0000 UTC
2026-09-09T00:17:35+00:00,244150949,OXANA,0.0,90.0,110.0,12.0,3.0,51.95328166666666,3.999985,0.0,5,gate,,False,False,DORDRECHT,3,2026-09-09 00:18:26.368809174 +0000 UTC,2026-09-09 00:24:29.143335519 +0000 UTC
2026-09-09T00:17:35+00:00,205574490,CENTURION,,,,,,51.93813333333333,4.034741666666666,0.0,5,gate,,False,False,,3,2026-09-09 00:18:26.623238389 +0000 UTC,2026-09-09 00:24:27.150775495 +0000 UTC
2026-09-09T00:17:35+00:00,245405000,STAR CURACAO,9402653.0,80.0,110.0,14.0,4.2,51.957548333333335,4.125381666666667,0.0,5,gate,,False,False,ROTTERDAM,5,2026-09-09 00:18:26.684563569 +0000 UTC,2026-09-09 00:25:03.675595762 +0000 UTC
2026-09-09T00:17:35+00:00,211207650,WSP 5,,,,,,53.53439,8.160223333333333,0.0,5,wilhelmshaven,,False,False,,2,2026-09-09 00:18:26.752998495 +0000 UTC,2026-09-09 00:24:25.343090107 +0000 UTC
2026-09-09T00:17:35+00:00,211836960,VB EMOE,,,,,,53.52408333333334,8.147331666666666,0.0,0,wilhelmshaven,wilhelmshaven,True,False,,6,2026-09-09 00:18:26.754499231 +0000 UTC,2026-09-09 00:25:26.271066657 +0000 UTC
2026-09-09T00:17:35+00:00,244533000,WATERLAND,9881768.0,52.0,32.0,13.0,5.8,53.44477833333334,6.825355,0.0,3,eems,,False,False,EEMSHAVEN,6,2026-09-09 00:18:26.769323196 +0000 UTC,2026-09-09 00:24:26.515604968 +0000 UTC
2026-09-09T00:17:35+00:00,244660716,JAGER,0.0,79.0,110.0,12.0,3.5,51.95813166666667,4.012556666666667,0.0,5,gate,,False,False,,1,2026-09-09 00:18:27.110900137 +0000 UTC,2026-09-09 00:19:26.021095136 +0000 UTC
2026-09-09T00:17:35+00:00,244660408,BRABO,,,,,,51.977070000000005,4.124876666666667,0.0,0,gate,,False,False,,7,2026-09-09 00:18:27.255627423 +0000 UTC,2026-09-09 00:24:37.595814682 +0000 UTC
2026-09-09T00:17:35+00:00,245431000,BALOE,,,,,,53.88856833333333,9.197073333333332,0.0,0,brunsbuettel,,False,False,,6,2026-09-09 00:18:27.994183057 +0000 UTC,2026-09-09 00:25:29.034224215 +0000 UTC
2026-09-09T00:17:35+00:00,244620848,BRAAVOS,,,,,,51.937891666666665,4.034653333333333,0.0,5,gate,,False,False,,3,2026-09-09 00:18:28.055790341 +0000 UTC,2026-09-09 00:24:29.083466292 +0000 UTC
2026-09-09T00:17:35+00:00,211747930,GRIEP TO II,0.0,33.0,38.0,12.0,1.5,53.89927333333333,9.14968,0.0,3,brunsbuettel,,False,False,KIEL HOLTENAU AREA,6,2026-09-09 00:18:28.351295394 +0000 UTC,2026-09-09 00:23:57.513484323 +0000 UTC
2026-09-09T00:17:35+00:00,211265240,STADERSAND,0.0,52.0,18.0,5.0,0.0,53.627471666666665,9.525095,0.0,15,stade,,False,False,STADE,5,2026-09-09 00:18:28.408732389 +0000 UTC,2026-09-09 00:23:57.901817366 +0000 UTC
2026-09-09T00:17:35+00:00,538004977,ENERGOS IGLOO,9633991.0,80.0,293.0,44.0,11.4,53.443918333333336,6.85427,0.0,5,eems,eems,True,True,EEMSHAVEN,3,2026-09-09 00:18:28.652157949 +0000 UTC,2026-09-09 00:24:28.918396729 +0000 UTC
2026-09-09T00:17:35+00:00,636019214,MSC KANOKO,9842102.0,71.0,366.0,48.0,11.5,51.959665,4.065413333333334,0.0,5,gate,,False,False,SHIFTING DDN - DDE,2,2026-09-09 00:18:29.248968411 +0000 UTC,2026-09-09 00:24:31.037722409 +0000 UTC
2026-09-09T00:17:35+00:00,205384790,AQUAPOLIS,,,,,,51.972366666666666,4.027816666666667,9.7,0,gate,,False,False,,4,2026-09-09 00:18:29.921607761 +0000 UTC,2026-09-09 00:25:18.657925627 +0000 UTC
2026-09-09T00:17:35+00:00,227969170,BAC 24,9887463.0,60.0,65.0,11.0,0.0,49.486250000000005,0.12424833333333334,0.0,0,lehavre,,False,False,,9,2026-09-09 00:18:30.28808123 +0000 UTC,2026-09-09 00:25:09.194615363 +0000 UTC
2026-09-09T00:17:35+00:00,211432400,TIMAJA,,,,,,53.655078333333336,9.510136666666666,0.0,0,stade,stade,True,False,,8,2026-09-09 00:18:30.32897354 +0000 UTC,2026-09-09 00:24:49.981688289 +0000 UTC
2026-09-09T00:17:35+00:00,205654000,DN97,,,,,,51.33099833333333,3.2006316666666668,0.0,0,zeebrugge,,False,False,,5,2026-09-09 00:18:30.378056901 +0000 UTC,2026-09-09 00:24:30.064828472 +0000 UTC
2026-09-09T00:17:35+00:00,244139567,MI-MUNDO,,,,,,51.95688500000001,4.01027,0.0,0,gate,,False,False,,8,2026-09-09 00:18:30.635667205 +0000 UTC,2026-09-09 00:25:30.855015953 +0000 UTC
2026-09-09T00:17:35+00:00,236752000,NJORD SHACKLETON,1036381.0,40.0,32.0,10.0,1.6,53.444385000000004,6.828175,0.0,5,eems,,False,False,EEMSHAVEN,3,2026-09-09 00:18:31.097597654 +0000 UTC,2026-09-09 00:24:31.123946289 +0000 UTC
2026-09-09T00:17:35+00:00,538011192,CELSIUS GREENLAND,9988700.0,80.0,299.0,46.0,9.8,29.743011666666668,-93.86948666666667,0.0,5,depart_sabine_pass,,False,True,FOR ORDERS,1,2026-09-09 00:18:31.186558194 +0000 UTC,2026-09-09 00:24:02.153309759 +0000 UTC
2026-09-09T00:17:35+00:00,232040181,HST PEMBROKE,9942471.0,40.0,25.0,9.0,1.6,53.44477666666667,6.826555,0.0,5,eems,,False,False,BRK02WF / EEMSHVN  _,1,2026-09-09 00:18:31.503291556 +0000 UTC,2026-09-09 00:24:31.400385017 +0000 UTC
2026-09-09T00:17:35+00:00,205595190,BARENDSZ,232498.0,79.0,86.0,11.0,1.7,51.950900000000004,4.075253333333333,0.0,5,gate,,False,False,,2,2026-09-09 00:18:31.714689515 +0000 UTC,2026-09-09 00:24:32.112017455 +0000 UTC
2026-09-09T00:17:35+00:00,205246000,Z510 DENNIS,9215969.0,30.0,38.0,9.0,0.0,51.32391500000001,3.2001216666666665,0.0,0,zeebrugge,,False,False,,6,2026-09-09 00:18:32.01607534 +0000 UTC,2026-09-09 00:25:32.34674085 +0000 UTC
2026-09-09T00:17:35+00:00,244670857,LURONA,0.0,70.0,86.0,10.0,2.8,51.96223666666666,3.995058333333333,0.0,0,gate,,False,False,ROTTERDAM,8,2026-09-09 00:18:32.13067195 +0000 UTC,2026-09-09 00:24:32.045439258 +0000 UTC
2026-09-09T00:17:35+00:00,211292900,HARLE KURIER,7114587.0,60.0,37.0,8.0,0.0,53.51371666666667,8.145101666666667,0.0,15,wilhelmshaven,,False,False,WILHELMSHAVEN,6,2026-09-09 00:18:32.191053997 +0000 UTC,2026-09-09 00:25:13.526331106 +0000 UTC
2026-09-09T00:17:35+00:00,244013482,PIEN,,,,,,53.444795,6.824301666666667,0.0,0,eems,,False,False,,7,2026-09-09 00:18:32.201889107 +0000 UTC,2026-09-09 00:24:42.885219996 +0000 UTC
2026-09-09T00:17:35+00:00,211586000,MARTHA BRUHNS,0.0,30.0,19.0,6.0,2.2,53.42924666666667,6.888741666666666,0.0,7,eems,,False,False,FISHING GROUND,5,2026-09-09 00:18:32.359700905 +0000 UTC,2026-09-09 00:23:41.316286599 +0000 UTC
2026-09-09T00:17:35+00:00,246951000,ZEEZWALUW,8434130.0,53.0,24.0,5.0,1.5,51.97762,4.1240033333333335,0.0,0,gate,,False,False,MSSL,6,2026-09-09 00:18:32.391785215 +0000 UTC,2026-09-09 00:25:33.069954017 +0000 UTC
2026-09-09T00:17:35+00:00,244630718,JORDY M,0.0,79.0,110.0,12.0,0.0,51.94427666666666,4.0433916666666665,0.0,5,gate,,False,False,DCS KRAMER AMAZONEHA,3,2026-09-09 00:18:32.483275379 +0000 UTC,2026-09-09 00:24:39.429118092 +0000 UTC
2026-09-09T00:17:35+00:00,227006710,VB PORNIC,,,,,,47.267338333333335,-2.201783333333333,0.0,0,montoir,,False,False,,3,2026-09-09 00:18:32.822799889 +0000 UTC,2026-09-09 00:25:09.341133905 +0000 UTC
2026-09-09T00:17:35+00:00,205243000,Z.48DE MARIA ANTONIA,8972986.0,30.0,46.0,8.0,4.5,51.322646666666664,3.2027516666666664,0.0,15,zeebrugge,,False,False,KEEP SAFE DISTANCE!,7,2026-09-09 00:18:32.836880135 +0000 UTC,2026-09-09 00:23:53.149016881 +0000 UTC
2026-09-09T00:17:35+00:00,255915830,FAIRPLAY-84,9802968.0,52.0,32.0,12.0,4.4,53.88604,9.11785,4.9,0,brunsbuettel,,False,False,DEBRB,8,2026-09-09 00:18:32.84783783 +0000 UTC,2026-09-09 00:24:33.540845488 +0000 UTC
2026-09-09T00:17:35+00:00,205279000,WINDROOS Z98,9902110.0,30.0,38.0,9.0,5.5,51.322970000000005,3.2022833333333334,0.0,7,zeebrugge,,False,False,ZEEBRUGGE,7,2026-09-09 00:18:33.037370588 +0000 UTC,2026-09-09 00:24:42.295685396 +0000 UTC
2026-09-09T00:17:35+00:00,244140389,GOUWENAAR 2,0.0,79.0,90.0,11.0,2.0,51.977345,4.0227916666666665,0.0,5,gate,,False,False,ROTTERDAM,3,2026-09-09 00:18:33.206106882 +0000 UTC,2026-09-09 00:25:06.513235756 +0000 UTC
2026-09-09T00:17:35+00:00,244670305,MERWEPLUS,,,,,,51.948949999999996,4.148925,0.0,0,gate,,False,False,,7,2026-09-09 00:18:33.360574499 +0000 UTC,2026-09-09 00:24:33.355383575 +0000 UTC
2026-09-09T00:17:35+00:00,227689570,MISTRAL,,,,,,49.462786666666666,0.12851166666666666,0.1,5,lehavre,,False,False,,11,2026-09-09 00:18:33.37306421 +0000 UTC,2026-09-09 00:24:43.455385569 +0000 UTC
2026-09-09T00:17:35+00:00,209221000,TRAVIATA,9684122.0,80.0,105.0,17.0,5.6,53.65089833333333,9.513016666666665,0.0,5,stade,stade,True,False,DESTA,2,2026-09-09 00:18:33.679762052 +0000 UTC,2026-09-09 00:24:33.637616481 +0000 UTC
2026-09-09T00:17:35+00:00,245079000,DEEP MARKER,,,,,,53.444415000000006,6.82643,0.0,5,eems,,False,False,,2,2026-09-09 00:18:33.925369098 +0000 UTC,2026-09-09 00:24:32.258342415 +0000 UTC
2026-09-09T00:17:35+00:00,246758000,WATERSTRAAT,9428059.0,52.0,31.0,10.0,4.6,53.444975,6.823846666666666,0.0,0,eems,,False,False,EMS ASSIST,4,2026-09-09 00:18:33.930060127 +0000 UTC,2026-09-09 00:23:42.306550648 +0000 UTC
2026-09-09T00:17:35+00:00,244870056,UQ6 DINA,0.0,30.0,18.0,5.0,1.2,53.444523333333336,6.826018333333334,0.0,15,eems,,False,False,,6,2026-09-09 00:18:34.390443176 +0000 UTC,2026-09-09 00:24:34.734262974 +0000 UTC
2026-09-09T00:17:35+00:00,255915848,NORDIC FELICIA,1089211.0,70.0,89.0,16.0,4.5,51.95154166666667,4.128081666666667,0.0,5,gate,,False,False,PLSZZ,3,2026-09-09 00:18:34.498972785 +0000 UTC,2026-09-09 00:24:28.469583594 +0000 UTC
2026-09-09T00:17:35+00:00,205244890,MEYATI,0.0,79.0,110.0,12.0,0.0,51.959685,4.033086666666667,0.0,0,gate,,False,False,ROTTERDAM PRINSES AM,5,2026-09-09 00:18:34.644446441 +0000 UTC,2026-09-09 00:24:45.016222949 +0000 UTC
2026-09-09T00:17:35+00:00,244073540,ORIGO,,,,,,51.93242333333333,4.04547,0.0,5,gate,,False,False,,1,2026-09-09 00:18:34.787564134 +0000 UTC,2026-09-09 00:18:34.787564134 +0000 UTC
2026-09-09T00:17:35+00:00,255806476,SKALAR,9458975.0,71.0,151.0,24.0,7.4,53.87854333333333,9.142388333333335,10.5,0,brunsbuettel,,False,False,DEHAM,7,2026-09-09 00:18:35.087447766 +0000 UTC,2026-09-09 00:24:56.464901178 +0000 UTC
2026-09-09T00:17:35+00:00,244700842,VEENDAM,0.0,90.0,86.0,12.0,2.0,51.93740833333333,4.078986666666667,0.0,5,gate,,False,False,ROTTERDAM HUDSONHAVE,3,2026-09-09 00:18:35.662602129 +0000 UTC,2026-09-09 00:24:34.271198238 +0000 UTC
2026-09-09T00:17:35+00:00,228025700,CIUDAD DE CADIZ,,,,,,47.28986333333333,-2.1669183333333333,0.0,5,montoir,,False,False,,2,2026-09-09 00:18:35.790115118 +0000 UTC,2026-09-09 00:24:35.746350598 +0000 UTC
2026-09-09T00:17:35+00:00,246582000,RWS 74,9479266.0,55.0,24.0,6.0,1.4,53.44473333333334,6.8249,0.0,0,eems,,False,False,NL EEM,6,2026-09-09 00:18:35.844821861 +0000 UTC,2026-09-09 00:25:18.357335614 +0000 UTC
2026-09-09T00:17:35+00:00,244375332,MYRIAM,0.0,80.0,135.0,18.0,1.5,51.946625000000004,4.087478333333333,0.0,5,gate,,False,False,ROTTERDAM 6E PETROHA,3,2026-09-09 00:18:36.010130317 +0000 UTC,2026-09-09 00:24:36.565383557 +0000 UTC
2026-09-09T00:17:35+00:00,244900124,VB MARS,9695509.0,52.0,32.0,12.0,5.5,51.96731166666667,4.054908333333334,6.1,0,gate,,False,False,HARBOUR TOWAGE,10,2026-09-09 00:18:36.601584864 +0000 UTC,2026-09-09 00:24:36.697086554 +0000 UTC
2026-09-09T00:17:35+00:00,304011025,ZEUS,9199684.0,157.0,89.0,12.0,3.5,51.934200000000004,4.054995,0.0,5,gate,,False,False,NLRTM,3,2026-09-09 00:18:36.820343504 +0000 UTC,2026-09-09 00:24:35.112195511 +0000 UTC
2026-09-09T00:17:35+00:00,253366000,VOLE AU VENT,9655315.0,90.0,140.0,44.0,7.4,49.47816,0.12078333333333333,0.0,6,lehavre,,False,False,TRE OWF,6,2026-09-09 00:18:37.168022005 +0000 UTC,2026-09-09 00:25:17.113219632 +0000 UTC
2026-09-09T00:17:35+00:00,211155000,PALOMA,0.0,30.0,17.0,5.0,2.1,53.43170666666666,6.889238333333334,0.0,7,eems,,False,False,FISHING GROUND,6,2026-09-09 00:18:37.425926184 +0000 UTC,2026-09-09 00:25:08.321606014 +0000 UTC
2026-09-09T00:17:35+00:00,563331700,CECILIE F,9984510.0,70.0,199.0,32.0,13.5,51.95845,4.12743,0.0,5,gate,,False,False,NL RTM,2,2026-09-09 00:18:39.031873183 +0000 UTC,2026-09-09 00:24:05.085724078 +0000 UTC
2026-09-09T00:17:35+00:00,226016410,IMMACULATA,0.0,79.0,135.0,12.0,2.0,49.462345,0.13146666666666668,0.1,5,lehavre,,False,False,PONTROUTE DE GENNEVI,2,2026-09-09 00:18:39.166643545 +0000 UTC,2026-09-09 00:21:39.93708179 +0000 UTC
2026-09-09T00:17:35+00:00,228373800,VB GUARDIAN 19,9876323.0,52.0,30.0,10.0,5.2,49.470845000000004,0.13287666666666667,6.4,5,lehavre,,False,False,LE HAVRE,5,2026-09-09 00:18:39.877123586 +0000 UTC,2026-09-09 00:24:08.606949278 +0000 UTC
2026-09-09T00:17:35+00:00,227022600,MSC WORLD ASIA,9901556.0,69.0,334.0,54.0,9.0,47.284215,-2.189185,0.0,5,montoir,,False,False,SEA TRIAL,3,2026-09-09 00:18:40.212612513 +0000 UTC,2026-09-09 00:24:40.927219828 +0000 UTC
2026-09-09T00:17:35+00:00,244615748,INVOTIS III,0.0,20.0,42.0,9.0,1.6,51.949484999999996,4.147983333333333,0.0,0,gate,,False,False,ROTTERDAM,5,2026-09-09 00:18:40.505098521 +0000 UTC,2026-09-09 00:24:42.203202479 +0000 UTC
2026-09-09T00:17:35+00:00,244670996,WATERBOOT 15,0.0,99.0,30.0,7.0,0.0,51.961798333333334,4.139278333333333,0.0,5,gate,,False,False,,3,2026-09-09 00:18:41.659804434 +0000 UTC,2026-09-09 00:24:41.771105275 +0000 UTC
2026-09-09T00:17:35+00:00,218028070,VB MERCURY,9597367.0,52.0,24.0,12.0,5.9,53.652789999999996,9.510471666666666,0.0,0,stade,stade,True,False,HAMBURG ASSIST TUG,7,2026-09-09 00:18:42.399870964 +0000 UTC,2026-09-09 00:24:42.462464493 +0000 UTC
2026-09-09T00:17:35+00:00,205257090,MONTEVERDI,0.0,80.0,110.0,14.0,2.9,51.34014333333334,3.195291666666667,0.1,5,zeebrugge,,False,False,BUITENHAVEN ZEEBRUGG,2,2026-09-09 00:18:42.465636613 +0000 UTC,2026-09-09 00:22:25.102992363 +0000 UTC
2026-09-09T00:17:35+00:00,211477070,ASP BILGENENTOELER 1,,,,,,53.5241,8.14485,0.0,5,wilhelmshaven,wilhelmshaven,True,False,,1,2026-09-09 00:18:42.479412624 +0000 UTC,2026-09-09 00:18:42.479412624 +0000 UTC
2026-09-09T00:17:35+00:00,211466070,VB HUNTE,,,,,,53.517696666666666,8.140868333333334,0.0,0,wilhelmshaven,wilhelmshaven,True,False,,4,2026-09-09 00:18:42.48118481 +0000 UTC,2026-09-09 00:25:21.072864252 +0000 UTC
2026-09-09T00:17:35+00:00,245463000,VB SEAL,,,,,,51.96156333333333,4.1398,0.0,5,gate,,False,False,,3,2026-09-09 00:18:42.739823905 +0000 UTC,2026-09-09 00:24:40.470651458 +0000 UTC
2026-09-09T00:17:35+00:00,211117790,VB ENDEAVOUR,,,,,,53.517555,8.140978333333333,0.0,0,wilhelmshaven,wilhelmshaven,True,False,,3,2026-09-09 00:18:42.807908887 +0000 UTC,2026-09-09 00:24:43.019769256 +0000 UTC
2026-09-09T00:17:35+00:00,211784710,PILOT STEINBURG,0.0,50.0,29.0,8.0,0.0,53.890258333333335,9.145885,0.0,0,brunsbuettel,,False,False,BRUNSBUETTEL,6,2026-09-09 00:18:42.902906063 +0000 UTC,2026-09-09 00:24:04.954832557 +0000 UTC
2026-09-09T00:17:35+00:00,245425000,VB EBRO,9476408.0,52.0,28.0,11.0,4.8,51.961400000000005,4.14015,0.1,0,gate,,False,False,HARBOUR TUG,6,2026-09-09 00:18:43.244702332 +0000 UTC,2026-09-09 00:25:03.72819403 +0000 UTC
2026-09-09T00:17:35+00:00,255915875,FAIRPLAY I,9365128.0,52.0,25.0,11.0,5.0,51.960005,4.010341666666666,0.0,0,gate,,False,False,HARBOUR TOWAGE RDAM,8,2026-09-09 00:18:43.339044225 +0000 UTC,2026-09-09 00:25:13.233927525 +0000 UTC
2026-09-09T00:17:35+00:00,636015124,ATHINA L,9487627.0,70.0,229.0,32.0,12.9,51.95331,4.1275466666666665,0.1,5,gate,,False,False,NLRTM,3,2026-09-09 00:18:43.480078984 +0000 UTC,2026-09-09 00:24:42.924819526 +0000 UTC
2026-09-09T00:17:35+00:00,244660254,REALENGRACHT,0.0,0.0,60.0,7.0,1.1,51.94091,4.11796,0.0,0,gate,,False,False,.,7,2026-09-09 00:18:44.152630272 +0000 UTC,2026-09-09 00:24:55.138980445 +0000 UTC
2026-09-09T00:17:35+00:00,268246300,LINDA-C,7367689.0,90.0,37.0,8.0,3.7,53.44429,6.828125,0.0,5,eems,,False,False,NLEEM,1,2026-09-09 00:18:44.345614795 +0000 UTC,2026-09-09 00:21:45.391821584 +0000 UTC
2026-09-09T00:17:35+00:00,244860469,NEPTUNUS 10,0.0,99.0,14.0,4.0,0.0,51.95274666666667,4.12519,0.0,0,gate,,False,False,HAVENWERK ROTTERDAM,4,2026-09-09 00:18:44.75425396 +0000 UTC,2026-09-09 00:25:05.097145575 +0000 UTC
2026-09-09T00:17:35+00:00,244790539,RVE 17,,,,,,51.949418333333334,4.14833,0.1,0,gate,,False,False,,5,2026-09-09 00:18:45.617426853 +0000 UTC,2026-09-09 00:24:35.85862596 +0000 UTC
2026-09-09T00:17:35+00:00,244820283,YOGI,,,,,,53.517500000000005,8.148393333333333,0.0,0,wilhelmshaven,wilhelmshaven,True,False,,6,2026-09-09 00:18:45.900887028 +0000 UTC,2026-09-09 00:24:55.927359991 +0000 UTC
2026-09-09T00:17:35+00:00,205473290,PETRONI,,,,,,51.95617666666667,4.14989,0.1,5,gate,,False,False,,1,2026-09-09 00:18:46.077928822 +0000 UTC,2026-09-09 00:18:46.077928822 +0000 UTC
2026-09-09T00:17:35+00:00,477967900,COSFLYING LAKE,9698771.0,80.0,333.0,60.0,11.0,27.82004,-97.20757833333333,0.0,5,depart_corpus_christi,,False,True,CORPUS CHRISTI,1,2026-09-09 00:18:46.147715687 +0000 UTC,2026-09-09 00:19:55.356719861 +0000 UTC
2026-09-09T00:17:35+00:00,636093385,MICHELANGELO,1030820.0,70.0,229.0,32.0,14.4,51.93860666666667,4.058136666666667,0.0,5,gate,,False,False,NLRTM,2,2026-09-09 00:18:46.415498417 +0000 UTC,2026-09-09 00:24:47.72510688 +0000 UTC
2026-09-09T00:17:35+00:00,211278240,FAIRPLAY-65,9183398.0,52.0,30.0,11.0,5.1,53.535624999999996,8.16182,0.0,0,wilhelmshaven,,False,False,DEWHV,5,2026-09-09 00:18:46.69506188 +0000 UTC,2026-09-09 00:24:35.512908569 +0000 UTC
2026-09-09T00:17:35+00:00,228055080,LH PILOT ST HONORINE,0.0,50.0,,,1.5,49.484155,0.11315,0.0,12,lehavre,,False,False,LE HAVRE,5,2026-09-09 00:18:47.219505503 +0000 UTC,2026-09-09 00:24:07.407069604 +0000 UTC
2026-09-09T00:17:35+00:00,257350880,HAGLAND POSEIDON,1093638.0,70.0,87.0,15.0,0.0,53.447021666666664,6.820383333333334,0.0,0,eems,,False,False,SEA TRIALS,5,2026-09-09 00:18:47.4459032 +0000 UTC,2026-09-09 00:24:47.046174364 +0000 UTC
2026-09-09T00:17:35+00:00,205278390,TRIPOLI,9540546.0,79.0,135.0,18.0,2.1,51.345016666666666,3.1828149999999997,0.0,5,zeebrugge,zeebrugge,True,False,ZEEBRUGGE,2,2026-09-09 00:18:47.744704053 +0000 UTC,2026-09-09 00:24:48.929049792 +0000 UTC
2026-09-09T00:17:35+00:00,305493000,ANMARE,9434589.0,70.0,88.0,13.0,4.3,47.28845333333334,-2.19846,0.0,5,montoir,,False,False,FRSNR,2,2026-09-09 00:18:49.608565765 +0000 UTC,2026-09-09 00:21:46.831901292 +0000 UTC
2026-09-09T00:17:35+00:00,205157000,EEMSHAVEN LNG,9757694.0,81.0,120.0,33.0,6.7,53.44461166666667,6.848843333333334,0.0,5,eems,eems,True,False,,1,2026-09-09 00:18:49.713717253 +0000 UTC,2026-09-09 00:25:13.931054918 +0000 UTC
2026-09-09T00:17:35+00:00,244995397,ALLEGRO,0.0,79.0,191.0,23.0,1.8,51.95467,4.116436666666667,0.0,5,gate,,False,False,RHEIN KM 790,2,2026-09-09 00:18:49.740948913 +0000 UTC,2026-09-09 00:24:48.030089244 +0000 UTC
2026-09-09T00:17:35+00:00,244850581,LIBRA (PILOTS),0.0,50.0,23.0,7.0,1.3,52.002525,4.007721666666667,16.3,0,gate,,False,False,PILOT BOARDING AREA,5,2026-09-09 00:18:50.300952008 +0000 UTC,2026-09-09 00:24:50.697204531 +0000 UTC
2026-09-09T00:17:35+00:00,205262290,NAVIS,0.0,80.0,135.0,15.0,1.7,51.95439666666667,4.152716666666667,0.0,5,gate,,False,False,ROTTERDAM 7E PETROHA,1,2026-09-09 00:18:50.847880404 +0000 UTC,2026-09-09 00:24:03.517425757 +0000 UTC
2026-09-09T00:17:35+00:00,215170000,NEPTUNE_AEGLI,,,,,,51.32411166666667,3.2128883333333333,0.2,5,zeebrugge,,False,False,,2,2026-09-09 00:18:52.267314378 +0000 UTC,2026-09-09 00:21:52.720104138 +0000 UTC
2026-09-09T00:17:35+00:00,236112832,NJORD MAGELLAN,,,,,,53.44448666666666,6.828225,0.0,5,eems,,False,False,,3,2026-09-09 00:18:52.573133025 +0000 UTC,2026-09-09 00:24:52.727035466 +0000 UTC
2026-09-09T00:17:35+00:00,232055708,PURUS CORIOLIS,1035583.0,90.0,90.0,25.0,5.3,53.45638333333333,6.824038333333333,0.0,5,eems,,False,False,NLEEM,1,2026-09-09 00:18:52.828986852 +0000 UTC,2026-09-09 00:20:13.904743523 +0000 UTC
2026-09-09T00:17:35+00:00,228287900,VB YPORT,9393723.0,52.0,30.0,10.0,0.0,49.460791666666665,0.12327666666666667,1.8,3,lehavre,,False,False,,9,2026-09-09 00:18:54.727568691 +0000 UTC,2026-09-09 00:24:11.899333347 +0000 UTC
2026-09-09T00:17:35+00:00,277574000,ACACIA SEAWAYS,,,,,,51.97571000000001,4.11685,10.7,0,gate,,False,False,,6,2026-09-09 00:18:55.220825163 +0000 UTC,2026-09-09 00:25:18.604696283 +0000 UTC
2026-09-09T00:17:35+00:00,244020335,ARKLOW VALOUR,9772565.0,70.0,87.0,15.0,3.9,53.915733333333336,9.202183333333332,0.0,5,brunsbuettel,,False,False,DEBRB,1,2026-09-09 00:18:55.223312867 +0000 UTC,2026-09-09 00:25:25.639340564 +0000 UTC
2026-09-09T00:17:35+00:00,244750018,RELINQUENDA,,,,,,53.44234333333333,6.8553533333333325,0.0,5,eems,eems,True,False,,3,2026-09-09 00:18:55.241827558 +0000 UTC,2026-09-09 00:24:56.546783254 +0000 UTC
2026-09-09T00:17:35+00:00,244590000,BALTICBORG,9267716.0,79.0,154.0,22.0,7.1,51.44450500000001,0.7432683333333333,0.0,5,grain,,False,False,TERNEUZEN,1,2026-09-09 00:18:55.327893609 +0000 UTC,2026-09-09 00:25:22.152855001 +0000 UTC
2026-09-09T00:17:35+00:00,211320900,TAUCHER 3,0.0,99.0,13.0,4.0,0.2,53.51415,8.116465,0.0,0,wilhelmshaven,,False,False,WILHELMSHAVEN,4,2026-09-09 00:18:55.513736018 +0000 UTC,2026-09-09 00:25:26.271851811 +0000 UTC
2026-09-09T00:17:35+00:00,211318180,VB BERNE,,,,,,53.53924,8.164645,0.0,0,wilhelmshaven,,False,False,,5,2026-09-09 00:18:55.514674683 +0000 UTC,2026-09-09 00:23:54.194440586 +0000 UTC
2026-09-09T00:17:35+00:00,246234000,FAIRPLAY-93,,,,,,51.96418666666667,4.09446,0.1,0,gate,,False,False,,6,2026-09-09 00:18:56.16995033 +0000 UTC,2026-09-09 00:24:57.480056085 +0000 UTC
2026-09-09T00:17:35+00:00,244620945,VEERHAVEN VIII,,,,,,51.95174166666666,4.120208333333333,0.0,5,gate,,False,False,,1,2026-09-09 00:18:56.255996162 +0000 UTC,2026-09-09 00:18:56.255996162 +0000 UTC
2026-09-09T00:17:35+00:00,257195000,VIKING WIND POWER,9378149.0,90.0,98.0,20.0,6.9,53.44957,6.821743333333333,0.0,5,eems,,False,False,EEMSHAVEN,3,2026-09-09 00:18:56.664092073 +0000 UTC,2026-09-09 00:24:58.352376388 +0000 UTC
2026-09-09T00:17:35+00:00,244710739,DRAGA,0.0,79.0,110.0,13.0,0.0,51.939854999999994,4.0334433333333335,0.0,5,gate,,False,False,OOSTERHOUT,3,2026-09-09 00:18:57.486887377 +0000 UTC,2026-09-09 00:24:59.88257569 +0000 UTC
2026-09-09T00:17:35+00:00,211366340,LEVENSAU,,,,,,53.897365,9.156446666666666,0.0,5,brunsbuettel,,False,False,,2,2026-09-09 00:18:57.637446847 +0000 UTC,2026-09-09 00:24:55.674480274 +0000 UTC
2026-09-09T00:17:35+00:00,205540690,PELAGUS,,,,,,51.97072166666667,4.033801666666666,7.9,0,gate,,False,False,,7,2026-09-09 00:18:58.422138115 +0000 UTC,2026-09-09 00:23:58.736505794 +0000 UTC
2026-09-09T00:17:35+00:00,244700661,VRIDO 1,,,,,,51.97651166666667,4.015911666666667,7.3,0,gate,,False,False,,8,2026-09-09 00:18:58.542941422 +0000 UTC,2026-09-09 00:23:59.692128277 +0000 UTC
2026-09-09T00:17:35+00:00,253661000,SANDERUS,9830941.0,33.0,110.0,24.0,4.0,51.379371666666664,3.2518716666666667,8.7,3,zeebrugge,,False,False,ZEEBRUGGE,7,2026-09-09 00:19:00.430672492 +0000 UTC,2026-09-09 00:24:58.105838823 +0000 UTC
2026-09-09T00:17:35+00:00,219028351,MHO APOLLO,9915545.0,40.0,35.0,11.0,2.2,53.456718333333335,6.828046666666666,0.0,5,eems,,False,False,EEMSHAVEN,3,2026-09-09 00:19:00.689737825 +0000 UTC,2026-09-09 00:24:59.901965931 +0000 UTC
2026-09-09T00:17:35+00:00,205479890,NEW YORK,,,,,,51.32846166666666,3.2226816666666664,0.8,0,zeebrugge,,False,False,,5,2026-09-09 00:19:00.741860501 +0000 UTC,2026-09-09 00:25:10.383067685 +0000 UTC
2026-09-09T00:17:35+00:00,211445200,OPPELN,,,,,,53.91179833333333,9.175936666666667,0.0,0,brunsbuettel,,False,False,,6,2026-09-09 00:19:01.247888497 +0000 UTC,2026-09-09 00:24:41.685718526 +0000 UTC
2026-09-09T00:17:35+00:00,244820603,KRVE18,,,,,,51.966429999999995,4.044883333333334,0.0,15,gate,,False,False,,6,2026-09-09 00:19:01.277009596 +0000 UTC,2026-09-09 00:24:46.073218647 +0000 UTC
2026-09-09T00:17:35+00:00,244650593,MIDWAY,0.0,89.0,110.0,14.0,4.0,51.967371666666665,4.0417000000000005,0.0,5,gate,,False,False,ROTTERDAM PRINSES AM,3,2026-09-09 00:19:01.514012401 +0000 UTC,2026-09-09 00:25:02.420978302 +0000 UTC
2026-09-09T00:17:35+00:00,244620993,PROGRES,0.0,79.0,135.0,15.0,1.6,51.940513333333335,4.0351,1.8,0,gate,,False,False,MAASVLAKTE,8,2026-09-09 00:19:02.056570911 +0000 UTC,2026-09-09 00:25:29.141726801 +0000 UTC
2026-09-09T00:17:35+00:00,244620935,BALANCE,0.0,79.0,135.0,12.0,0.0,51.950561666666665,4.070961666666666,0.0,5,gate,,False,False,ECT DDE EAST ROTTERD,1,2026-09-09 00:19:03.603290158 +0000 UTC,2026-09-09 00:25:04.753568505 +0000 UTC
2026-09-09T00:17:35+00:00,244944994,VIGO,0.0,79.0,135.0,18.0,2.0,51.94589,4.029485,0.0,5,gate,,False,False,HARTELHAVEN ROTTERDA,2,2026-09-09 00:19:03.94471389 +0000 UTC,2026-09-09 00:25:03.780639492 +0000 UTC
2026-09-09T00:17:35+00:00,247385300,AIDAPERLA,9636967.0,60.0,300.0,48.0,8.3,49.480538333333335,0.10738333333333333,0.0,5,lehavre,,False,False,BEZEE WANDELAAR PBG,3,2026-09-09 00:19:04.073267834 +0000 UTC,2026-09-09 00:25:04.764007884 +0000 UTC
2026-09-09T00:17:35+00:00,256339000,ECO MAESTRO,9985942.0,70.0,148.0,27.0,7.8,51.956995,4.075925,3.3,0,gate,,False,False,NLRTM,8,2026-09-09 00:19:04.471050024 +0000 UTC,2026-09-09 00:25:14.954918229 +0000 UTC
2026-09-09T00:17:35+00:00,244730281,MARTIE,0.0,99.0,62.0,7.0,0.0,51.94483,4.049115,0.0,5,gate,,False,False,ROTTERDAM,1,2026-09-09 00:19:04.846263802 +0000 UTC,2026-09-09 00:25:02.793135955 +0000 UTC
2026-09-09T00:17:35+00:00,245979000,KNRM DORUS RIJKERS,0.0,51.0,15.0,6.0,1.0,51.97703666666666,4.125115,0.1,5,gate,,False,False,EEMSHAVEN_,2,2026-09-09 00:19:06.403223244 +0000 UTC,2026-09-09 00:22:46.297922073 +0000 UTC
2026-09-09T00:17:35+00:00,245088000,ENERGIZER,9299501.0,70.0,134.0,21.0,5.5,51.94891333333333,4.066076666666667,0.0,5,gate,,False,False,DDE,2,2026-09-09 00:19:07.886024074 +0000 UTC,2026-09-09 00:25:08.415620217 +0000 UTC
2026-09-09T00:17:35+00:00,244660365,AMIRA,0.0,79.0,110.0,12.0,2.1,51.94618333333334,4.032141666666667,0.0,5,gate,,False,False,OSS,2,2026-09-09 00:19:08.261760036 +0000 UTC,2026-09-09 00:24:59.345707773 +0000 UTC
2026-09-09T00:17:35+00:00,244070903,RPA14,8306412.0,55.0,30.0,8.0,3.3,51.943281666666664,4.128746666666666,0.0,0,gate,,False,False,ROTTERDAM,4,2026-09-09 00:19:08.295015096 +0000 UTC,2026-09-09 00:25:08.286722962 +0000 UTC
2026-09-09T00:17:35+00:00,236112545,EEMS WAVE,,,,,,53.446241666666666,6.819935,0.0,5,eems,,False,False,,1,2026-09-09 00:19:08.919330112 +0000 UTC,2026-09-09 00:19:08.919330112 +0000 UTC
2026-09-09T00:17:35+00:00,244690451,VEERHAVEN XI,0.0,79.0,117.0,23.0,2.0,51.940005,4.063975,0.0,5,gate,,False,False,DINTELHAVEN,2,2026-09-09 00:19:08.979819041 +0000 UTC,2026-09-09 00:25:15.812022357 +0000 UTC
2026-09-09T00:17:35+00:00,375433000,VB FANTASTIC,1061831.0,52.0,25.0,13.0,6.2,51.95789666666667,4.040955,0.0,5,gate,,False,False,NL RTM,2,2026-09-09 00:19:10.204279767 +0000 UTC,2026-09-09 00:25:05.465169447 +0000 UTC
2026-09-09T00:17:35+00:00,230700000,FINNECO III,9856854.0,79.0,238.0,35.0,6.4,51.35449666666667,3.1766199999999998,0.0,5,zeebrugge,zeebrugge,True,False,SHIFTING,3,2026-09-09 00:19:10.356290896 +0000 UTC,2026-09-09 00:25:09.751910202 +0000 UTC
2026-09-09T00:17:35+00:00,244020916,THUNDERBIRD 3,0.0,20.0,59.0,13.0,0.1,51.966606666666664,4.074255,0.0,5,gate,gate,True,False,NLAMS01090DOCKX00018,2,2026-09-09 00:19:10.669598065 +0000 UTC,2026-09-09 00:25:11.97126168 +0000 UTC
2026-09-09T00:17:35+00:00,244620511,MERCURIUS,,,,,,51.944485,4.046975,0.0,5,gate,,False,False,,1,2026-09-09 00:19:11.299168086 +0000 UTC,2026-09-09 00:19:11.299168086 +0000 UTC
2026-09-09T00:17:35+00:00,244049834,CONFIAR,0.0,79.0,85.0,9.0,1.4,51.94882333333333,4.12792,0.1,0,gate,,False,False,,4,2026-09-09 00:19:11.369765015 +0000 UTC,2026-09-09 00:25:03.323549257 +0000 UTC
2026-09-09T00:17:35+00:00,227005270,VB SAINT MARC,,,,,,47.26800166666667,-2.2015416666666665,0.0,0,montoir,,False,False,,3,2026-09-09 00:19:11.487885049 +0000 UTC,2026-09-09 00:24:08.636930296 +0000 UTC
2026-09-09T00:17:35+00:00,219026490,LEVANTE,9896024.0,70.0,33.0,12.0,2.5,53.51755,8.148628333333333,0.0,5,wilhelmshaven,wilhelmshaven,True,False,WILHELMSHAVEN,2,2026-09-09 00:19:12.214418031 +0000 UTC,2026-09-09 00:23:11.65368921 +0000 UTC
2026-09-09T00:17:35+00:00,244650632,INVOTIS  VIII,,,,,,51.94952833333333,4.148036666666667,0.1,0,gate,,False,False,,4,2026-09-09 00:19:12.688605926 +0000 UTC,2026-09-09 00:22:11.165108851 +0000 UTC
2026-09-09T00:17:35+00:00,253000082,GEO OCEAN IX,9668518.0,70.0,53.0,13.0,4.6,53.45721666666667,6.818403333333333,0.0,5,eems,,False,False,NLEEM,2,2026-09-09 00:19:12.965049551 +0000 UTC,2026-09-09 00:25:12.828389867 +0000 UTC
2026-09-09T00:17:35+00:00,244660439,DELTA HOPPER,,,,,,51.958115,4.01164,0.0,5,gate,,False,False,,2,2026-09-09 00:19:13.702815156 +0000 UTC,2026-09-09 00:22:15.284918349 +0000 UTC
2026-09-09T00:17:35+00:00,205224490,MARIE,,,,,,51.325415,3.1983,0.0,5,zeebrugge,,False,False,,1,2026-09-09 00:19:13.913311164 +0000 UTC,2026-09-09 00:19:13.913311164 +0000 UTC
2026-09-09T00:17:35+00:00,211182030,BUXTEHUDE,0.0,99.0,15.0,5.0,1.0,53.627163333333336,9.524446666666668,0.0,5,stade,,False,False,WSA ELBE-NORDSEE,2,2026-09-09 00:19:14.396343588 +0000 UTC,2026-09-09 00:25:16.223571564 +0000 UTC
2026-09-09T00:17:35+00:00,212874000,LEFKAS,,,,,,51.340064999999996,3.19476,0.0,5,zeebrugge,,False,False,,3,2026-09-09 00:19:15.502307663 +0000 UTC,2026-09-09 00:25:09.190119765 +0000 UTC
2026-09-09T00:17:35+00:00,311001899,MISJE VITA,9927421.0,70.0,90.0,16.0,6.0,51.322673333333334,3.194095,0.0,5,zeebrugge,,False,False,BEZEE,3,2026-09-09 00:19:16.664484447 +0000 UTC,2026-09-09 00:25:28.891026124 +0000 UTC
2026-09-09T00:17:35+00:00,244074275,DUDARO,,,,,,51.956385,4.149113333333333,0.0,5,gate,,False,False,,3,2026-09-09 00:19:18.271123565 +0000 UTC,2026-09-09 00:25:19.505309354 +0000 UTC
2026-09-09T00:17:35+00:00,245199000,EEMS WRESTLER,8843549.0,31.0,40.0,10.0,3.5,53.446509999999996,6.8222716666666665,0.0,5,eems,,False,False,EEMSHAVEN,3,2026-09-09 00:19:20.771234327 +0000 UTC,2026-09-09 00:25:19.764908963 +0000 UTC
2026-09-09T00:17:35+00:00,226002790,BIARRITZ,0.0,20.0,98.0,12.0,2.4,49.48442166666667,0.15271333333333334,0.0,5,lehavre,,False,False,LE HAVRE,2,2026-09-09 00:19:21.113132309 +0000 UTC,2026-09-09 00:25:21.1207951 +0000 UTC
2026-09-09T00:17:35+00:00,244650759,HELENA,0.0,79.0,135.0,12.0,0.0,51.95748833333334,4.01255,0.0,5,gate,,False,False,,3,2026-09-09 00:19:21.258191237 +0000 UTC,2026-09-09 00:25:21.966947725 +0000 UTC
2026-09-09T00:17:35+00:00,244448000,EEMS WRANGLER,,,,,,53.44669666666667,6.822238333333333,0.0,5,eems,,False,False,,2,2026-09-09 00:19:22.171885964 +0000 UTC,2026-09-09 00:23:27.92894776 +0000 UTC
2026-09-09T00:17:35+00:00,244024802,PHIRON,0.0,79.0,75.0,9.0,2.6,51.95920666666667,4.1437,0.0,5,gate,,False,False,DEN BOSCH,2,2026-09-09 00:19:23.016708829 +0000 UTC,2026-09-09 00:25:23.886820404 +0000 UTC
2026-09-09T00:17:35+00:00,563071100,HOEGH GANNET,,,,,,53.887283333333336,9.169811666666668,0.0,5,brunsbuettel,brunsbuettel,True,False,,2,2026-09-09 00:19:23.621675362 +0000 UTC,2026-09-09 00:22:23.780854421 +0000 UTC
2026-09-09T00:17:35+00:00,253350000,DANIEL BERNOULLI,9778715.0,33.0,94.0,22.0,4.6,53.450808333333335,6.830923333333333,0.1,5,eems,,False,False,EEMSHAVEN (NL),3,2026-09-09 00:19:24.897483676 +0000 UTC,2026-09-09 00:25:25.212337793 +0000 UTC
2026-09-09T00:17:35+00:00,632001149,ETHERA,,,,,,51.33893833333333,3.195648333333333,0.0,5,zeebrugge,,False,False,,2,2026-09-09 00:19:25.674656001 +0000 UTC,2026-09-09 00:22:24.632650037 +0000 UTC
2026-09-09T00:17:35+00:00,538006074,ADVANTAGE LOVE,9708552.0,80.0,250.0,44.0,11.7,27.81516,-97.41858833333335,3.4,0,depart_corpus_christi,,False,True,US CRP,6,2026-09-09 00:19:26.155264286 +0000 UTC,2026-09-09 00:24:26.459829324 +0000 UTC
2026-09-09T00:17:35+00:00,235108495,NJORD THOR,,,,,,53.44460166666667,6.82703,0.0,5,eems,,False,False,,2,2026-09-09 00:19:26.990001651 +0000 UTC,2026-09-09 00:22:26.617326572 +0000 UTC
2026-09-09T00:17:35+00:00,255771000,BG RUBY,,,,,,51.96116166666666,4.009721666666667,0.0,5,gate,,False,False,,2,2026-09-09 00:19:27.715777233 +0000 UTC,2026-09-09 00:25:27.836354044 +0000 UTC
2026-09-09T00:17:35+00:00,244485000,GRUNO V,6907171.0,52.0,30.0,8.0,3.6,53.44509166666667,6.823293333333334,0.0,5,eems,,False,False,ASSISTENCERIVEREMS,2,2026-09-09 00:19:28.221043816 +0000 UTC,2026-09-09 00:23:05.48014366 +0000 UTC
2026-09-09T00:17:35+00:00,636015607,AMBITION,,,,,,51.95246833333333,4.000021666666666,0.0,5,gate,,False,False,,2,2026-09-09 00:19:28.714208776 +0000 UTC,2026-09-09 00:22:30.925906316 +0000 UTC
2026-09-09T00:17:35+00:00,218007800,FAIRPLAY-91,9932177.0,52.0,25.0,13.0,6.2,53.651041666666664,9.509995,0.0,5,stade,stade,True,False,DEBUZ,2,2026-09-09 00:19:30.328927906 +0000 UTC,2026-09-09 00:25:29.090075015 +0000 UTC
2026-09-09T00:17:35+00:00,244660742,MIRAGE,0.0,79.0,86.0,11.0,2.0,53.455855,6.827243333333333,0.0,5,eems,,False,False,,2,2026-09-09 00:19:30.648593853 +0000 UTC,2026-09-09 00:25:31.320095857 +0000 UTC
2026-09-09T00:17:35+00:00,205252000,VLAANDEREN 8,9198214.0,33.0,66.0,12.0,1.9,51.32025,3.1923466666666664,0.0,5,zeebrugge,,False,False,GBARS->BEZEE,2,2026-09-09 00:19:32.473008996 +0000 UTC,2026-09-09 00:23:12.673655373 +0000 UTC
2026-09-09T00:17:35+00:00,253726000,LES ALIZES,9911032.0,90.0,236.0,52.0,9.8,51.96904,4.0023349999999995,0.0,5,gate,,False,False,NL RTM,1,2026-09-09 00:19:33.616901301 +0000 UTC,2026-09-09 00:20:07.231485376 +0000 UTC
2026-09-09T00:17:35+00:00,255805821,HAUKE OLDENDORFF,9871115.0,70.0,300.0,50.0,16.6,51.96548333333333,4.112963333333334,0.0,5,gate,,False,False,NLRTM,2,2026-09-09 00:19:33.91713264 +0000 UTC,2026-09-09 00:22:38.445107794 +0000 UTC
2026-09-09T00:17:35+00:00,244740148,PORTHOS,,,,,,51.944280000000006,4.045535,0.0,5,gate,,False,False,,2,2026-09-09 00:19:34.925581109 +0000 UTC,2026-09-09 00:22:37.778889688 +0000 UTC
2026-09-09T00:17:35+00:00,211188260,FRIESLAND,9963358.0,55.0,55.0,10.0,2.6,53.534504999999996,8.160824999999999,0.0,5,wilhelmshaven,,False,False,COASTGUARD,3,2026-09-09 00:19:36.307889416 +0000 UTC,2026-09-09 00:22:35.953004599 +0000 UTC
2026-09-09T00:17:35+00:00,249200000,CMA CGM RED,9690107.0,79.0,185.0,30.0,8.6,49.45797,0.16190833333333332,0.0,5,lehavre,,False,False,SE GOT > FR LEH,1,2026-09-09 00:19:36.848436629 +0000 UTC,2026-09-09 00:19:40.555170357 +0000 UTC
2026-09-09T00:17:35+00:00,563155200,YM TROPHY,9789996.0,71.0,333.0,48.0,12.6,51.947673333333334,4.049813333333334,0.0,5,gate,,False,False,NLRTM,2,2026-09-09 00:19:37.163399693 +0000 UTC,2026-09-09 00:22:37.167180942 +0000 UTC
2026-09-09T00:17:35+00:00,244780376,LYRA PILOTS,0.0,50.0,23.0,6.0,1.3,51.97666666666667,4.1255,0.1,5,gate,,False,False,PILOT BOARDING,2,2026-09-09 00:19:37.64337847 +0000 UTC,2026-09-09 00:23:51.409661604 +0000 UTC
2026-09-09T00:17:35+00:00,211476070,HERKULES XII,0.0,90.0,109.0,24.0,1.8,51.95238833333334,4.120316666666667,0.0,5,gate,,False,False,DINTELHAVEN,1,2026-09-09 00:19:39.564012737 +0000 UTC,2026-09-09 00:21:11.916347013 +0000 UTC
2026-09-09T00:17:35+00:00,244700666,EZRA,0.0,0.0,35.0,6.0,1.0,51.951299999999996,4.124843333333334,0.0,0,gate,,False,False,WERKENDAM  .,5,2026-09-09 00:19:39.617745819 +0000 UTC,2026-09-09 00:25:28.423686277 +0000 UTC
2026-09-09T00:17:35+00:00,205476190,VESPER,0.0,79.0,135.0,12.0,1.4,51.938985,4.0344500000000005,0.0,5,gate,,False,False,ROTTERDAM,1,2026-09-09 00:19:40.852695711 +0000 UTC,2026-09-09 00:19:44.456458569 +0000 UTC
2026-09-09T00:17:35+00:00,205546000,VB  KOALA,,,,,,51.330435,3.1968866666666664,0.1,5,zeebrugge,,False,False,,1,2026-09-09 00:19:41.730417804 +0000 UTC,2026-09-09 00:19:41.730417804 +0000 UTC
2026-09-09T00:17:35+00:00,477178900,MAERSK BINTAN,9355288.0,79.0,223.0,32.0,10.8,51.957655,4.03834,0.0,5,gate,,False,False,NLROT>>BEANR,2,2026-09-09 00:19:42.018780733 +0000 UTC,2026-09-09 00:22:44.685689586 +0000 UTC
2026-09-09T00:17:35+00:00,257534000,SAGA INVENTANA,9186223.0,70.0,198.0,31.0,10.4,51.343446666666665,3.1796133333333336,0.0,5,zeebrugge,zeebrugge,True,False,BE ZEE,1,2026-09-09 00:19:43.439109192 +0000 UTC,2026-09-09 00:23:32.581593931 +0000 UTC
2026-09-09T00:17:35+00:00,245821000,VB SIRIUS,9317901.0,52.0,30.0,12.0,4.8,51.95981166666666,4.073006666666667,0.0,5,gate,,False,False,R0TTERDAM,2,2026-09-09 00:19:45.345550402 +0000 UTC,2026-09-09 00:23:11.029592184 +0000 UTC
2026-09-09T00:17:35+00:00,211262590,TRAVETANK,5126512.0,80.0,41.0,6.0,1.4,53.54083166666667,8.167423333333334,0.0,5,wilhelmshaven,,False,False,WILHELMSHAVEN,1,2026-09-09 00:19:45.910098932 +0000 UTC,2026-09-09 00:20:28.593185674 +0000 UTC
2026-09-09T00:17:35+00:00,241785000,SEA SAPPHIRE,9935600.0,80.0,274.0,48.0,13.5,53.56198833333334,8.16658,0.0,5,wilhelmshaven,,False,False,USCRP>>DEWVN,1,2026-09-09 00:19:45.913708374 +0000 UTC,2026-09-09 00:23:26.300627043 +0000 UTC
2026-09-09T00:17:35+00:00,244670295,ROMEE,,,,,,51.958814999999994,4.055615,0.0,5,gate,,False,False,,1,2026-09-09 00:19:47.058027347 +0000 UTC,2026-09-09 00:19:47.058027347 +0000 UTC
2026-09-09T00:17:35+00:00,211231300,SONJA,,,,,,53.89808166666667,9.157301666666665,0.0,5,brunsbuettel,,False,False,,1,2026-09-09 00:19:48.460239381 +0000 UTC,2026-09-09 00:19:48.460239381 +0000 UTC
2026-09-09T00:17:35+00:00,224876000,LAUDACE,,,,,,47.29141333333334,-2.1639649999999997,0.1,5,montoir,,False,False,,1,2026-09-09 00:19:48.995582985 +0000 UTC,2026-09-09 00:19:48.995582985 +0000 UTC
2026-09-09T00:17:35+00:00,226007020,BOSPHORE,,,,,,49.472181666666664,0.15161666666666665,0.0,5,lehavre,,False,False,,1,2026-09-09 00:19:49.620937261 +0000 UTC,2026-09-09 00:19:49.620937261 +0000 UTC
2026-09-09T00:17:35+00:00,218008130,GROSSNORDSEE,9067271.0,52.0,35.0,11.0,4.6,53.44938166666667,6.824418333333333,0.0,5,eems,,False,False,NLEEM,1,2026-09-09 00:19:49.715045329 +0000 UTC,2026-09-09 00:23:14.969469594 +0000 UTC
2026-09-09T00:17:35+00:00,219036652,PROGRESSER,,,,,,53.44442166666667,6.827431666666667,0.0,5,eems,,False,False,,2,2026-09-09 00:19:52.031086131 +0000 UTC,2026-09-09 00:22:51.163776699 +0000 UTC
2026-09-09T00:17:35+00:00,636016683,CORAL LOPHELIA,,,,,,51.34527666666667,3.197435,0.1,5,zeebrugge,zeebrugge,True,False,,2,2026-09-09 00:19:54.93513047 +0000 UTC,2026-09-09 00:22:54.996231862 +0000 UTC
2026-09-09T00:17:35+00:00,228442700,ABEILLE HORIZON,,,,,,49.481406666666665,0.13352333333333333,0.0,5,lehavre,,False,False,,1,2026-09-09 00:19:56.875368138 +0000 UTC,2026-09-09 00:19:56.875368138 +0000 UTC
2026-09-09T00:17:35+00:00,255802940,CGAS MATE,,,,,,47.305503333333334,-2.06665,0.0,5,montoir,,False,False,,3,2026-09-09 00:19:56.964630991 +0000 UTC,2026-09-09 00:25:00.295771375 +0000 UTC
2026-09-09T00:17:35+00:00,354972000,MSC MARINA,,,,,,51.95936833333334,4.060448333333333,0.1,5,gate,,False,False,,1,2026-09-09 00:19:57.412943017 +0000 UTC,2026-09-09 00:19:57.412943017 +0000 UTC
2026-09-09T00:17:35+00:00,244710445,AMER,0.0,33.0,25.0,8.0,1.0,51.972631666666665,4.050403333333334,0.0,0,gate,,False,False,ANTARTICA KADE,7,2026-09-09 00:19:58.165758869 +0000 UTC,2026-09-09 00:25:08.098762948 +0000 UTC
2026-09-09T00:17:35+00:00,244070504,TRANQUILO,0.0,79.0,110.0,14.0,1.9,51.944224999999996,4.033385,0.0,5,gate,,False,False,DUISBURG,2,2026-09-09 00:19:58.302797563 +0000 UTC,2026-09-09 00:22:56.911878226 +0000 UTC
2026-09-09T00:17:35+00:00,275563000,CEG ORBIT,9113599.0,70.0,81.0,11.0,2.9,51.962376666666664,4.0524716666666665,0.1,5,gate,,False,False,NLRTM,2,2026-09-09 00:19:58.432602515 +0000 UTC,2026-09-09 00:23:37.825927781 +0000 UTC
2026-09-09T00:17:35+00:00,244660237,CHRISTIAAN P,0.0,33.0,50.0,10.0,1.0,51.97090166666667,4.049366666666667,0.0,5,gate,,False,False,MAASVLAKTE 2,2,2026-09-09 00:19:58.823232637 +0000 UTC,2026-09-09 00:23:04.228980958 +0000 UTC
2026-09-09T00:17:35+00:00,211882390,RHENUS ESSEN,0.0,79.0,185.0,10.0,1.7,51.93168166666667,4.049925,0.0,5,gate,,False,False,R-DAM<>BOTTROP,2,2026-09-09 00:19:59.167698688 +0000 UTC,2026-09-09 00:24:58.819317223 +0000 UTC
2026-09-09T00:17:35+00:00,244927482,NEW JERSEY,,,,,,51.94175333333333,4.03271,0.0,5,gate,,False,False,,1,2026-09-09 00:20:00.485968109 +0000 UTC,2026-09-09 00:20:00.485968109 +0000 UTC
2026-09-09T00:17:35+00:00,244710931,RAPIDO,0.0,79.0,86.0,10.0,2.4,51.940865,4.032588333333333,0.0,5,gate,,False,False,HARTELHAVEN,2,2026-09-09 00:20:00.535318829 +0000 UTC,2026-09-09 00:25:11.177083264 +0000 UTC
2026-09-09T00:17:35+00:00,352898717,EVER ALP,9893929.0,74.0,400.0,62.0,16.6,51.946965,4.044536666666667,0.0,5,gate,,False,False,NL RTM > GB FXT,1,2026-09-09 00:20:01.031869423 +0000 UTC,2026-09-09 00:20:05.943855417 +0000 UTC
2026-09-09T00:17:35+00:00,226013720,PYTHAGORE,0.0,99.0,110.0,12.0,0.0,49.47342166666667,0.15455666666666668,0.0,5,lehavre,,False,False,,2,2026-09-09 00:20:04.124547729 +0000 UTC,2026-09-09 00:23:18.313235153 +0000 UTC
2026-09-09T00:17:35+00:00,244740804,LA BLANCA,,,,,,51.95836666666666,4.0139233333333335,0.0,5,gate,,False,False,,1,2026-09-09 00:20:05.724550452 +0000 UTC,2026-09-09 00:20:05.724550452 +0000 UTC
2026-09-09T00:17:35+00:00,636023161,TRIPITI,1021922.0,80.0,183.0,32.0,8.7,27.816415,-97.423425,0.0,5,depart_corpus_christi,,False,True,US CRP,1,2026-09-09 00:20:06.019220631 +0000 UTC,2026-09-09 00:22:35.695857914 +0000 UTC
2026-09-09T00:17:35+00:00,244620933,PANAMAX,,,,,,51.954715,4.15275,0.0,5,gate,,False,False,,1,2026-09-09 00:20:07.309480645 +0000 UTC,2026-09-09 00:20:07.309480645 +0000 UTC
2026-09-09T00:17:35+00:00,244010504,CARON,,,,,,51.941964999999996,4.03518,0.0,5,gate,,False,False,,1,2026-09-09 00:20:10.724741963 +0000 UTC,2026-09-09 00:20:10.724741963 +0000 UTC
2026-09-09T00:17:35+00:00,244697000,VB KRACHT,9489936.0,90.0,32.0,12.0,6.3,51.96091,4.141048333333333,0.0,0,gate,,False,False,RTM,6,2026-09-09 00:20:10.897049054 +0000 UTC,2026-09-09 00:25:10.046796165 +0000 UTC
2026-09-09T00:17:35+00:00,244170504,NORA B,9851270.0,52.0,36.0,15.0,2.6,53.45480166666667,6.833993333333334,0.0,5,eems,,False,False,NLEEM,2,2026-09-09 00:20:11.460662095 +0000 UTC,2026-09-09 00:23:13.50541742 +0000 UTC
2026-09-09T00:17:35+00:00,244006000,NOORDSTROOM,,,,,,53.888308333333335,9.193103333333333,0.0,5,brunsbuettel,,False,False,,1,2026-09-09 00:20:13.03456714 +0000 UTC,2026-09-09 00:20:13.03456714 +0000 UTC
2026-09-09T00:17:35+00:00,244710718,WATERPEIL,0.0,33.0,33.0,6.0,0.9,53.444876666666666,6.8246433333333325,0.0,5,eems,,False,False,EEMSHAVEN,2,2026-09-09 00:20:14.464487916 +0000 UTC,2026-09-09 00:23:21.632167456 +0000 UTC
2026-09-09T00:17:35+00:00,241827000,MARAN DANAE,9930791.0,80.0,330.0,60.0,20.8,51.952461666666665,4.130996666666666,0.0,5,gate,,False,False,NLRTM,1,2026-09-09 00:20:15.072464535 +0000 UTC,2026-09-09 00:22:42.785902773 +0000 UTC
2026-09-09T00:17:35+00:00,211475980,HERKULES II,0.0,99.0,40.0,14.0,1.9,51.92955333333334,4.039853333333333,0.0,5,gate,,False,False,DINTELHAVEN,2,2026-09-09 00:20:15.669911614 +0000 UTC,2026-09-09 00:23:14.605974386 +0000 UTC
2026-09-09T00:17:35+00:00,244004605,STURRE,0.0,80.0,110.0,14.0,1.0,51.95467,4.152726666666667,0.0,5,gate,,False,False,HAFEN KARLSRUHE,1,2026-09-09 00:20:16.742254206 +0000 UTC,2026-09-09 00:22:58.356011155 +0000 UTC
2026-09-09T00:17:35+00:00,246593000,EEMS SPIRIT,9559626.0,70.0,99.0,11.0,2.5,51.957433333333334,4.125361666666667,0.0,5,gate,,False,False,NL RTM,1,2026-09-09 00:20:17.511736801 +0000 UTC,2026-09-09 00:20:19.041618772 +0000 UTC
2026-09-09T00:17:35+00:00,220442000,ORAHOLM,9336696.0,84.0,106.0,16.0,6.3,51.31597,3.2130566666666667,0.0,5,zeebrugge,,False,False,BEZEE,1,2026-09-09 00:20:19.441991642 +0000 UTC,2026-09-09 00:21:47.103781881 +0000 UTC
2026-09-09T00:17:35+00:00,255915924,EQUINOX DREAM,9503964.0,70.0,197.0,32.0,11.8,51.96117166666667,4.125216666666667,0.0,5,gate,,False,False,NL RTM,2,2026-09-09 00:20:20.183843484 +0000 UTC,2026-09-09 00:23:28.418730581 +0000 UTC
2026-09-09T00:17:35+00:00,248553000,SHANNON STAR,9503926.0,89.0,128.0,20.0,6.8,51.94552833333333,4.092745,0.0,5,gate,,False,False,NL RTM,2,2026-09-09 00:20:22.154335839 +0000 UTC,2026-09-09 00:23:27.76484167 +0000 UTC
2026-09-09T00:17:35+00:00,269057834,BASILEA,2326627.0,79.0,110.0,12.0,0.0,51.95853833333333,4.03408,0.0,5,gate,,False,False,ROTTERDAM,1,2026-09-09 00:20:22.453356103 +0000 UTC,2026-09-09 00:20:50.659244074 +0000 UTC
2026-09-09T00:17:35+00:00,244020518,VEERLE,0.0,99.0,36.0,14.0,2.0,51.95165166666666,4.120565,0.0,5,gate,,False,False,DINTELHAVEN ERTSOVE,2,2026-09-09 00:20:26.679874032 +0000 UTC,2026-09-09 00:24:22.775197622 +0000 UTC
2026-09-09T00:17:35+00:00,311000437,BARCELONA SPIRIT,,,,,,51.968561666666666,4.0697616666666665,0.0,5,gate,gate,True,False,,1,2026-09-09 00:20:28.097487656 +0000 UTC,2026-09-09 00:20:28.097487656 +0000 UTC
2026-09-09T00:17:35+00:00,235102712,TROMS CAPELLA,9480722.0,90.0,88.0,19.0,5.8,53.45026166666666,6.817078333333333,0.0,5,eems,,False,False,EEMSHAVEN,2,2026-09-09 00:20:29.630679732 +0000 UTC,2026-09-09 00:23:31.80197396 +0000 UTC
2026-09-09T00:17:35+00:00,228067800,VB OURAGAN,9746906.0,52.0,30.0,10.0,5.0,47.26765,-2.201575,0.0,0,montoir,,False,False,SAINT NAZAIRE,3,2026-09-09 00:20:29.971947801 +0000 UTC,2026-09-09 00:25:16.998590081 +0000 UTC
2026-09-09T00:17:35+00:00,244790147,SOLID RUBY,,,,,,53.45696833333333,6.827455,0.0,5,eems,,False,False,,2,2026-09-09 00:20:30.160472479 +0000 UTC,2026-09-09 00:23:36.284750813 +0000 UTC
2026-09-09T00:17:35+00:00,243370967,,,,,,,51.95695333333333,4.010238333333333,0.0,0,gate,,False,False,,1,2026-09-09 00:20:30.99590815 +0000 UTC,2026-09-09 00:20:30.99590815 +0000 UTC
2026-09-09T00:17:35+00:00,244820811,RVE 53,,,,,,51.94940666666666,4.148256666666667,0.0,0,gate,,False,False,,4,2026-09-09 00:20:31.062826495 +0000 UTC,2026-09-09 00:23:40.432386039 +0000 UTC
2026-09-09T00:17:35+00:00,244670809,ATLANTIC PARTNER,0.0,99.0,110.0,12.0,4.3,51.9574,4.147433333333334,0.0,5,gate,,False,False,ARA EXPRESS,2,2026-09-09 00:20:32.34172985 +0000 UTC,2026-09-09 00:25:18.364908091 +0000 UTC
2026-09-09T00:17:35+00:00,211226450,TRANSPORTER II,,,,,,53.51673166666667,8.145833333333334,0.0,5,wilhelmshaven,wilhelmshaven,True,False,,2,2026-09-09 00:20:33.262680767 +0000 UTC,2026-09-09 00:23:40.087210777 +0000 UTC
2026-09-09T00:17:35+00:00,205545000,VB PANDA,9502697.0,79.0,33.0,13.0,5.6,51.33000666666667,3.197076666666667,0.0,5,zeebrugge,,False,False,ZEEBRUGGE,2,2026-09-09 00:20:33.753883708 +0000 UTC,2026-09-09 00:23:33.398882204 +0000 UTC
2026-09-09T00:17:35+00:00,563176600,EVER ACME,9943267.0,74.0,400.0,62.0,11.3,51.97391666666667,4.035731666666667,0.0,5,gate,,False,False,GBFXT > NLRTM,2,2026-09-09 00:20:37.205135421 +0000 UTC,2026-09-09 00:23:37.209104391 +0000 UTC
2026-09-09T00:17:35+00:00,244810087,KRATOS,0.0,80.0,80.0,10.0,0.0,51.95568333333333,4.1507483333333335,0.0,5,gate,,False,False,BUNKERING,2,2026-09-09 00:20:37.221137191 +0000 UTC,2026-09-09 00:23:38.90112975 +0000 UTC
2026-09-09T00:17:35+00:00,245049000,VERTOM QUINA,,,,,,53.516515,8.141241666666666,0.0,5,wilhelmshaven,wilhelmshaven,True,False,,4,2026-09-09 00:20:39.394428692 +0000 UTC,2026-09-09 00:23:37.399630739 +0000 UTC
2026-09-09T00:17:35+00:00,246804000,SISKIN,95632010.0,52.0,27.0,9.0,0.0,53.45016333333333,6.818205000000001,0.0,5,eems,,False,False,NLEEM,2,2026-09-09 00:20:40.354981447 +0000 UTC,2026-09-09 00:23:36.81112638 +0000 UTC
2026-09-09T00:17:35+00:00,244024014,MADEGRO SR,0.0,79.0,86.0,10.0,3.6,51.93448,4.149561666666667,0.0,5,gate,,False,False,DORDRECHT,1,2026-09-09 00:20:41.485312231 +0000 UTC,2026-09-09 00:23:42.366681908 +0000 UTC
2026-09-09T00:17:35+00:00,211328230,HARLE PRIEL,,,,,,53.51499,8.149908333333334,0.0,0,wilhelmshaven,wilhelmshaven,True,False,,2,2026-09-09 00:20:41.9021624 +0000 UTC,2026-09-09 00:25:21.071477525 +0000 UTC
2026-09-09T00:17:35+00:00,255805557,ALANA,9297589.0,70.0,149.0,22.0,6.7,51.346983333333334,3.1866483333333333,0.0,5,zeebrugge,zeebrugge,True,False,FRLEH,2,2026-09-09 00:20:42.575106958 +0000 UTC,2026-09-09 00:24:19.279405024 +0000 UTC
2026-09-09T00:17:35+00:00,265078760,ARCTICO,,,,,,47.30469666666667,-2.0700483333333333,0.0,5,montoir,,False,False,,1,2026-09-09 00:20:43.096772192 +0000 UTC,2026-09-09 00:20:43.096772192 +0000 UTC
2026-09-09T00:17:35+00:00,311000635,SONANGOL CAZENGA,9766310.0,80.0,274.0,48.0,15.9,51.967726666666664,4.0737033333333335,0.0,5,gate,gate,True,False,ROTTERDAM,1,2026-09-09 00:20:44.340243257 +0000 UTC,2026-09-09 00:23:20.229944133 +0000 UTC
2026-09-09T00:17:35+00:00,244700882,MARLIES-H,0.0,79.0,57.0,8.0,0.0,51.949025,4.127536666666667,0.0,5,gate,,False,False,,1,2026-09-09 00:20:44.979809055 +0000 UTC,2026-09-09 00:24:45.890201466 +0000 UTC
2026-09-09T00:17:35+00:00,211508590,BRESLAU,,,,,,53.89700166666667,9.156003333333333,0.5,0,brunsbuettel,brunsbuettel,True,False,,4,2026-09-09 00:20:48.953581545 +0000 UTC,2026-09-09 00:24:38.261248136 +0000 UTC
2026-09-09T00:17:35+00:00,211216500,FAIRPLAY-56,,,,,,53.891,9.145188333333333,0.1,0,brunsbuettel,,False,False,,3,2026-09-09 00:20:50.15509437 +0000 UTC,2026-09-09 00:25:30.287355357 +0000 UTC
2026-09-09T00:17:35+00:00,244660967,HYDROVAC 10,0.0,89.0,35.0,7.0,0.0,53.44441,6.826665,0.0,5,eems,,False,False,ROTTERDAM,2,2026-09-09 00:20:53.868600148 +0000 UTC,2026-09-09 00:23:56.256057018 +0000 UTC
2026-09-09T00:17:35+00:00,565487000,CHRISTOPH SCHULTE,,,,,,53.64986666666667,9.510716666666667,0.0,5,stade,stade,True,False,,2,2026-09-09 00:20:57.26324842 +0000 UTC,2026-09-09 00:23:57.263695705 +0000 UTC
2026-09-09T00:17:35+00:00,244730196,ALK,0.0,79.0,20.0,11.0,0.0,51.939566666666664,4.061983333333333,0.0,5,gate,,False,False,ROTTERDAM,1,2026-09-09 00:20:59.145307083 +0000 UTC,2026-09-09 00:21:11.106486178 +0000 UTC
2026-09-09T00:17:35+00:00,538010742,MAINPORT EDGE,,,,,,51.34441833333334,3.1952599999999998,0.0,5,zeebrugge,zeebrugge,True,False,,2,2026-09-09 00:20:59.226118479 +0000 UTC,2026-09-09 00:23:57.417369983 +0000 UTC
2026-09-09T00:17:35+00:00,244130717,MARINUS G,9566318.0,33.0,85.0,16.0,6.0,53.89353666666667,9.151148333333333,0.0,5,brunsbuettel,,False,False,DREDGING BINNENHAFEN,1,2026-09-09 00:21:01.355436779 +0000 UTC,2026-09-09 00:22:57.754251805 +0000 UTC
2026-09-09T00:17:35+00:00,255805954,X-PRESS TAGUS,9354375.0,71.0,134.0,22.0,8.0,51.97306666666667,4.04054,0.0,5,gate,,False,False,NLRTM,1,2026-09-09 00:21:01.403371567 +0000 UTC,2026-09-09 00:21:18.308793948 +0000 UTC
2026-09-09T00:17:35+00:00,211400260,SOENKE,,,,,,53.888145,9.183118333333335,0.0,0,brunsbuettel,brunsbuettel,True,False,,1,2026-09-09 00:21:01.564138946 +0000 UTC,2026-09-09 00:21:01.564138946 +0000 UTC
2026-09-09T00:17:35+00:00,613271813,DESTAMAR,9253894.0,89.0,272.0,45.0,9.5,31.579960000000003,32.27151,0.0,1,transit_port_said,,False,True,FOR ORDERS,1,2026-09-09 00:21:02.057938012 +0000 UTC,2026-09-09 00:24:00.80860953 +0000 UTC
2026-09-09T00:17:35+00:00,255805907,AUTO ECO,,,,,,53.52888333333333,8.15137,0.0,5,wilhelmshaven,wilhelmshaven,True,False,,2,2026-09-09 00:21:04.839627322 +0000 UTC,2026-09-09 00:24:06.702117621 +0000 UTC
2026-09-09T00:17:35+00:00,219031856,WSC SPEED 1,,,,,,53.444563333333335,6.826358333333333,0.0,5,eems,,False,False,,1,2026-09-09 00:21:09.963628521 +0000 UTC,2026-09-09 00:21:09.963628521 +0000 UTC
2026-09-09T00:17:35+00:00,219020687,DISPATCHER,,,,,,53.45663833333333,6.82879,0.0,5,eems,,False,False,,1,2026-09-09 00:21:10.139733483 +0000 UTC,2026-09-09 00:21:10.139733483 +0000 UTC
2026-09-09T00:17:35+00:00,245237000,TRITO NAVIGATOR,9631357.0,70.0,117.0,16.0,4.7,51.95206666666666,4.1266,0.0,5,gate,,False,False,NL RTM,1,2026-09-09 00:21:13.085944315 +0000 UTC,2026-09-09 00:23:58.418398999 +0000 UTC
2026-09-09T00:17:35+00:00,304662000,SALAR,8801125.0,70.0,87.0,13.0,3.6,51.961998333333334,4.122746666666667,0.0,5,gate,,False,False,NLRTM,2,2026-09-09 00:21:13.542425804 +0000 UTC,2026-09-09 00:24:13.811460477 +0000 UTC
2026-09-09T00:17:35+00:00,314837000,ALUNA,9590773.0,70.0,134.0,19.0,7.5,53.88752,9.18201,0.0,5,brunsbuettel,brunsbuettel,True,False,DEBRB,1,2026-09-09 00:21:13.833788378 +0000 UTC,2026-09-09 00:24:07.772937226 +0000 UTC
2026-09-09T00:17:35+00:00,244740579,MEDIATION,0.0,79.0,172.0,12.0,1.9,51.93644333333334,4.038703333333333,0.0,5,gate,,False,False,ROTTERDAM HARTELHAVE,1,2026-09-09 00:21:14.076751104 +0000 UTC,2026-09-09 00:24:14.592503579 +0000 UTC
2026-09-09T00:17:35+00:00,636026017,ATLANTIC CORAL,,,,,,51.43254833333334,0.6771499999999999,0.0,5,grain,,False,False,,2,2026-09-09 00:21:14.636027965 +0000 UTC,2026-09-09 00:24:14.660352794 +0000 UTC
2026-09-09T00:17:35+00:00,246191000,FENJA,9287716.0,71.0,137.0,22.0,6.4,51.96253,4.056531666666666,0.3,5,gate,,False,False,NLRTM,1,2026-09-09 00:21:15.406192574 +0000 UTC,2026-09-09 00:23:37.981566457 +0000 UTC
2026-09-09T00:17:35+00:00,227004260,LYNX,,,,,,49.48381666666667,0.11956666666666667,0.0,5,lehavre,,False,False,,2,2026-09-09 00:21:16.608874807 +0000 UTC,2026-09-09 00:24:16.845156682 +0000 UTC
2026-09-09T00:17:35+00:00,226014730,NEW JERSEY,0.0,20.0,110.0,12.0,0.0,49.48499666666667,0.15460333333333331,0.0,5,lehavre,,False,False,,2,2026-09-09 00:21:17.405490554 +0000 UTC,2026-09-09 00:24:16.92882086 +0000 UTC
2026-09-09T00:17:35+00:00,210607000,BAYMAR,,,,,,53.933416666666666,9.21179,6.7,0,brunsbuettel,,False,False,,1,2026-09-09 00:21:18.47583591 +0000 UTC,2026-09-09 00:21:18.47583591 +0000 UTC
2026-09-09T00:17:35+00:00,211202770,KAJA JOSEPHINE,,,,,,53.887910000000005,9.180308333333333,0.1,0,brunsbuettel,brunsbuettel,True,False,,2,2026-09-09 00:21:19.220217756 +0000 UTC,2026-09-09 00:22:49.940770763 +0000 UTC
2026-09-09T00:17:35+00:00,211226330,T 1107,,,,,,53.89929333333334,9.149311666666668,0.0,0,brunsbuettel,,False,False,,3,2026-09-09 00:21:20.511230753 +0000 UTC,2026-09-09 00:23:20.474935625 +0000 UTC
2026-09-09T00:17:35+00:00,269057617,COMUS 2,0.0,80.0,110.0,14.0,0.0,51.967225,4.0416783333333335,0.0,5,gate,,False,False,ROTTERDAM EUROPAHAVE,1,2026-09-09 00:21:22.176047911 +0000 UTC,2026-09-09 00:23:44.930346363 +0000 UTC
2026-09-09T00:17:35+00:00,244012683,ORANJE NASSAU V,,,,,,51.961821666666665,4.042801666666667,0.0,5,gate,,False,False,,1,2026-09-09 00:21:24.001065937 +0000 UTC,2026-09-09 00:21:24.001065937 +0000 UTC
2026-09-09T00:17:35+00:00,303530000,ARC HONOR,9505089.0,70.0,229.0,34.0,9.6,51.39982666666666,3.1305850000000004,15.8,0,zeebrugge,,False,False,DE BRV,2,2026-09-09 00:21:26.855839711 +0000 UTC,2026-09-09 00:24:31.972497724 +0000 UTC
2026-09-09T00:17:35+00:00,244170721,AVALON,,,,,,51.92433166666667,4.1039433333333335,0.0,5,gate,,False,False,,2,2026-09-09 00:21:27.12529311 +0000 UTC,2026-09-09 00:24:26.85545169 +0000 UTC
2026-09-09T00:17:35+00:00,636024635,CADWELL,,,,,,51.31666166666666,3.2250883333333333,0.0,5,zeebrugge,,False,False,,2,2026-09-09 00:21:40.379023388 +0000 UTC,2026-09-09 00:24:40.417678045 +0000 UTC
2026-09-09T00:17:35+00:00,226019840,KRAKEN,0.0,70.0,135.0,12.0,3.4,49.475678333333335,0.16365333333333335,0.0,5,lehavre,,False,False,LE HAVRE,1,2026-09-09 00:21:41.914254704 +0000 UTC,2026-09-09 00:22:33.382110953 +0000 UTC
2026-09-09T00:17:35+00:00,244690001,WATERBOOT 5,0.0,99.0,32.0,8.0,0.0,51.96174,4.13929,0.0,5,gate,,False,False,SEAVESSEL ONLY,1,2026-09-09 00:21:44.505762555 +0000 UTC,2026-09-09 00:21:53.036807251 +0000 UTC
2026-09-09T00:17:35+00:00,211214270,GUSTAV  MEYER,6619425.0,55.0,49.0,10.0,3.6,53.524301666666666,8.147288333333334,0.0,5,wilhelmshaven,wilhelmshaven,True,False,EMS,2,2026-09-09 00:21:48.59243249 +0000 UTC,2026-09-09 00:24:47.474224251 +0000 UTC
2026-09-09T00:17:35+00:00,219025574,FORTUNA KINGFISHER,,,,,,53.48722,6.80113,0.0,1,eems,,False,False,,2,2026-09-09 00:21:52.278697412 +0000 UTC,2026-09-09 00:24:53.749848144 +0000 UTC
2026-09-09T00:17:35+00:00,244137310,PREGO,,,,,,51.96008333333334,4.071675,0.0,5,gate,,False,False,,1,2026-09-09 00:21:55.564160059 +0000 UTC,2026-09-09 00:21:55.564160059 +0000 UTC
2026-09-09T00:17:35+00:00,244060233,SPECTER,0.0,79.0,110.0,12.0,3.1,51.962133333333334,4.122438333333333,0.0,5,gate,,False,False,DINTELHAVEN,2,2026-09-09 00:22:01.663697178 +0000 UTC,2026-09-09 00:25:01.384587677 +0000 UTC
2026-09-09T00:17:35+00:00,218001450,JD ONE,0.0,40.0,26.0,8.0,1.5,53.51744833333333,8.142276666666667,0.0,5,wilhelmshaven,wilhelmshaven,True,False,DEWVN,1,2026-09-09 00:22:06.701908795 +0000 UTC,2026-09-09 00:24:58.132751146 +0000 UTC
2026-09-09T00:17:35+00:00,211214970,MUENSTERLAND,,,,,,53.45581333333334,6.833573333333334,0.0,5,eems,,False,False,,1,2026-09-09 00:22:14.616645911 +0000 UTC,2026-09-09 00:22:14.616645911 +0000 UTC
2026-09-09T00:17:35+00:00,209719000,BG IRELAND,9355446.0,71.0,140.0,22.0,6.6,51.963695,4.05604,0.0,5,gate,,False,False,NLRTM,1,2026-09-09 00:22:15.99320179 +0000 UTC,2026-09-09 00:23:03.512873384 +0000 UTC
2026-09-09T00:17:35+00:00,211226120,BV2 VEGESACK,,,,,,53.90092,9.155194999999999,0.0,5,brunsbuettel,,False,False,,1,2026-09-09 00:22:21.468225606 +0000 UTC,2026-09-09 00:22:21.468225606 +0000 UTC
2026-09-09T00:17:35+00:00,244780409,SUMUS UMBRA,0.0,99.0,19.0,10.0,1.6,51.95842666666667,4.128435,0.0,5,gate,,False,False,WAALHAVEN,2,2026-09-09 00:22:25.870302129 +0000 UTC,2026-09-09 00:25:27.439829999 +0000 UTC
2026-09-09T00:17:35+00:00,244630717,OVAL,0.0,79.0,183.0,12.0,1.6,51.960429999999995,4.112861666666666,0.0,5,gate,,False,False,HAFEN SCHWELGERN,1,2026-09-09 00:22:34.554765315 +0000 UTC,2026-09-09 00:22:45.124441218 +0000 UTC
2026-09-09T00:17:35+00:00,259272000,HAVSTRAUM,9962495.0,82.0,105.0,20.0,7.3,53.881125,9.094991666666665,3.6,0,brunsbuettel,,False,False,DEBRB,3,2026-09-09 00:22:45.034617359 +0000 UTC,2026-09-09 00:24:35.090971308 +0000 UTC
2026-09-09T00:17:35+00:00,205405790,SILANI,,,,,,51.94986333333333,4.12594,0.0,5,gate,,False,False,,1,2026-09-09 00:22:45.090999347 +0000 UTC,2026-09-09 00:22:45.090999347 +0000 UTC
2026-09-09T00:17:35+00:00,310652000,GASLOG SANTIAGO,,,,,,51.97118,4.076333333333333,0.0,5,gate,gate,True,False,,1,2026-09-09 00:22:50.938651707 +0000 UTC,2026-09-09 00:22:50.938651707 +0000 UTC
2026-09-09T00:17:35+00:00,205019000,VB BOLERO,,,,,,51.30339333333333,3.2313183333333333,2.4,5,zeebrugge,,False,False,,1,2026-09-09 00:22:55.608240843 +0000 UTC,2026-09-09 00:22:55.608240843 +0000 UTC
2026-09-09T00:17:35+00:00,244630169,TRANSFERIUM,,,,,,51.929815,4.042855,0.1,5,gate,,False,False,,1,2026-09-09 00:23:01.572014031 +0000 UTC,2026-09-09 00:23:01.572014031 +0000 UTC
2026-09-09T00:17:35+00:00,269057062,KINGSTON,,,,,,51.93853333333333,4.05873,0.0,5,gate,,False,False,,1,2026-09-09 00:23:04.527378067 +0000 UTC,2026-09-09 00:23:04.527378067 +0000 UTC
2026-09-09T00:17:35+00:00,311000157,ELENA,9336880.0,79.0,224.0,32.0,10.8,47.30270333333333,-2.1281516666666667,0.0,5,montoir,montoir,True,False,FRMTX,1,2026-09-09 00:23:05.280771771 +0000 UTC,2026-09-09 00:23:14.830666556 +0000 UTC
2026-09-09T00:17:35+00:00,257831000,BELHAWK,9748461.0,70.0,199.0,32.0,7.4,51.93495333333333,4.057981666666667,0.0,5,gate,,False,False,NL RTM,1,2026-09-09 00:23:05.592904866 +0000 UTC,2026-09-09 00:25:17.668089924 +0000 UTC
2026-09-09T00:17:35+00:00,257869000,HOEGH DETROIT,,,,,,51.3058,3.2280666666666664,0.0,5,zeebrugge,,False,False,,1,2026-09-09 00:23:06.448708748 +0000 UTC,2026-09-09 00:23:06.448708748 +0000 UTC
2026-09-09T00:17:35+00:00,232059968,MCS SWATH 3,,,,,,53.444561666666665,6.827641666666667,0.0,5,eems,,False,False,,1,2026-09-09 00:23:14.364924116 +0000 UTC,2026-09-09 00:23:14.364924116 +0000 UTC
2026-09-09T00:17:35+00:00,273120120,DERZHAVA,9290385.0,80.0,274.0,48.0,9.0,31.473291666666668,32.309505,0.0,1,transit_port_said,,False,True,SUEZ,1,2026-09-09 00:23:16.893507174 +0000 UTC,2026-09-09 00:25:05.788941962 +0000 UTC
2026-09-09T00:17:35+00:00,244516000,HARDER,,,,,,53.44463833333334,6.82537,0.0,5,eems,,False,False,,1,2026-09-09 00:23:20.020243514 +0000 UTC,2026-09-09 00:23:20.020243514 +0000 UTC
2026-09-09T00:17:35+00:00,431153000,PADMA LEADER,,,,,,51.303779999999996,3.23157,1.8,0,zeebrugge,,False,False,,3,2026-09-09 00:23:22.552685962 +0000 UTC,2026-09-09 00:24:29.154215209 +0000 UTC
2026-09-09T00:17:35+00:00,244700456,PRINS 2,0.0,70.0,65.0,11.0,2.3,53.891616666666664,9.142398333333334,0.0,5,brunsbuettel,,False,False,SLIEDRECHT,1,2026-09-09 00:23:23.628889838 +0000 UTC,2026-09-09 00:23:30.359161675 +0000 UTC
2026-09-09T00:17:35+00:00,244492000,EEMS WORKER,,,,,,53.445996666666666,6.819881666666666,0.0,5,eems,,False,False,,1,2026-09-09 00:23:27.385246431 +0000 UTC,2026-09-09 00:23:27.385246431 +0000 UTC
2026-09-09T00:17:35+00:00,211445180,STETTIN,,,,,,53.898831666666666,9.149988333333333,0.0,5,brunsbuettel,,False,False,,1,2026-09-09 00:23:30.280251953 +0000 UTC,2026-09-09 00:23:30.280251953 +0000 UTC
2026-09-09T00:17:35+00:00,211537930,TUEMMLER,0.0,55.0,17.0,4.0,1.2,53.62458,9.513425000000002,0.0,5,stade,,False,False,SURVEYING,1,2026-09-09 00:23:45.742104761 +0000 UTC,2026-09-09 00:23:48.469033977 +0000 UTC
2026-09-09T00:17:35+00:00,244070846,JURA,0.0,79.0,135.0,14.0,1.9,51.97234666666667,4.044351666666667,0.0,5,gate,,False,False,APM TERMINALS MAASVL,1,2026-09-09 00:23:59.128819642 +0000 UTC,2026-09-09 00:24:05.95872028 +0000 UTC
2026-09-09T00:17:35+00:00,211212410,GRIEP,,,,,,53.52149333333333,8.133931666666667,0.0,5,wilhelmshaven,,False,False,,1,2026-09-09 00:24:10.70281047 +0000 UTC,2026-09-09 00:24:10.70281047 +0000 UTC
2026-09-09T00:17:35+00:00,244770979,EPSHIP III,,,,,,51.958105,4.128243333333334,0.0,5,gate,,False,False,,1,2026-09-09 00:24:17.570425764 +0000 UTC,2026-09-09 00:24:17.570425764 +0000 UTC
2026-09-09T00:17:35+00:00,244700714,SOMTRANS XX,,,,,,51.956943333333335,4.14792,0.0,5,gate,,False,False,,1,2026-09-09 00:25:13.944073201 +0000 UTC,2026-09-09 00:25:13.944073201 +0000 UTC
2026-09-09T00:17:35+00:00,219032375,SERVER,,,,,,53.51345833333333,8.149931666666667,0.0,5,wilhelmshaven,,False,False,,1,2026-09-09 00:25:16.780816569 +0000 UTC,2026-09-09 00:25:16.780816569 +0000 UTC
2026-09-09T00:17:35+00:00,205581790,OMEGA,,,,,,51.343113333333335,3.192545,0.0,5,zeebrugge,zeebrugge,True,False,,1,2026-09-09 00:25:32.693711612 +0000 UTC,2026-09-09 00:25:32.693711612 +0000 UTC
