snapshot_utc,series,terminal,sub,epoch_ms,time_label,value_mcm_d
2026-10-07T01:32:46+00:00,area_trajectory,grain,,1791262800000.0,,3.4314041746370503
2026-10-07T01:32:46+00:00,area_trajectory,grain,,1791262920000.0,,3.4314041746370503
2026-10-07T01:32:46+00:00,area_trajectory,grain,,1791263040000.0,,3.4142651365511103
2026-10-07T01:32:46+00:00,area_trajectory,grain,,1791263160000.0,,3.4010808103792396
2026-10-07T01:32:46+00:00,area_trajectory,grain,,1791263280000.0,,3.4010808103792396
2026-10-07T01:32:46+00:00,area_trajectory,grain,,1791263400000.0,,3.4010808103792396
2026-10-07T01:32:46+00:00,area_trajectory,grain,,1791263520000.0,,3.30055297834799
2026-10-07T01:32:46+00:00,area_trajectory,grain,,1791263640000.0,,3.2359515379183
2026-10-07T01:32:46+00:00,area_trajectory,grain,,1791263760000.0,,3.2359515379183
2026-10-07T01:32:46+00:00,area_trajectory,grain,,1791263880000.0,,3.2359515379183
2026-10-07T01:32:46+00:00,area_trajectory,grain,,1791264000000.0,,3.13146826155111
2026-10-07T01:32:46+00:00,area_trajectory,grain,,1791264120000.0,,2.86350347883627
2026-10-07T01:32:46+00:00,area_trajectory,grain,,1791264240000.0,,2.86350347883627
2026-10-07T01:32:46+00:00,area_trajectory,grain,,1791264360000.0,,3.54577514631674
2026-10-07T01:32:46+00:00,area_trajectory,grain,,1791264480000.0,,3.54577514631674
2026-10-07T01:32:46+00:00,area_trajectory,grain,,1791264600000.0,,3.3091226804964204
2026-10-07T01:32:46+00:00,area_trajectory,grain,,1791264720000.0,,3.3091226804964204
2026-10-07T01:32:46+00:00,area_trajectory,grain,,1791264840000.0,,3.3091226804964204
2026-10-07T01:32:46+00:00,area_trajectory,grain,,1791264960000.0,,3.5500601804964202
2026-10-07T01:32:46+00:00,area_trajectory,grain,,1791265080000.0,,3.42810827619955
2026-10-07T01:32:46+00:00,area_trajectory,grain,,1791265200000.0,,3.42810827619955
2026-10-07T01:32:46+00:00,area_trajectory,grain,,1791265320000.0,,3.42810827619955
2026-10-07T01:32:46+00:00,area_trajectory,grain,,1791265440000.0,,3.48974340803549
2026-10-07T01:32:46+00:00,area_trajectory,grain,,1791265560000.0,,3.5124858396761103
2026-10-07T01:32:46+00:00,area_trajectory,grain,,1791265680000.0,,3.5124858396761103
2026-10-07T01:32:46+00:00,area_trajectory,grain,,1791265800000.0,,3.5124858396761103
2026-10-07T01:32:46+00:00,area_trajectory,grain,,1791265920000.0,,3.49270971662924
2026-10-07T01:32:46+00:00,area_trajectory,grain,,1791266040000.0,,3.49270971662924
2026-10-07T01:32:46+00:00,area_trajectory,grain,,1791266160000.0,,3.49270971662924
2026-10-07T01:32:46+00:00,area_trajectory,grain,,1791266280000.0,,3.49270971662924
2026-10-07T01:32:46+00:00,area_trajectory,grain,,1791266400000.0,,3.49270971662924
2026-10-07T01:32:46+00:00,area_trajectory,grain,,1791266520000.0,,3.49270971662924
2026-10-07T01:32:46+00:00,area_trajectory,grain,,1791266640000.0,,3.55862988264486
2026-10-07T01:32:46+00:00,area_trajectory,grain,,1791266760000.0,,3.55862988264486
2026-10-07T01:32:46+00:00,area_trajectory,grain,,1791266880000.0,,3.5167705076448597
2026-10-07T01:32:46+00:00,area_trajectory,grain,,1791267000000.0,,3.49930187971517
2026-10-07T01:32:46+00:00,area_trajectory,grain,,1791267120000.0,,3.49930187971517
2026-10-07T01:32:46+00:00,area_trajectory,grain,,1791267240000.0,,3.37339453108236
2026-10-07T01:32:46+00:00,area_trajectory,grain,,1791267360000.0,,3.37339453108236
2026-10-07T01:32:46+00:00,area_trajectory,grain,,1791267480000.0,,3.3631768797151698
2026-10-07T01:32:46+00:00,area_trajectory,grain,,1791267600000.0,,3.3631768797151698
2026-10-07T01:32:46+00:00,area_trajectory,grain,,1791267720000.0,,3.3631768797151698
2026-10-07T01:32:46+00:00,area_trajectory,grain,,1791267840000.0,,3.11399963362142
2026-10-07T01:32:46+00:00,area_trajectory,grain,,1791267960000.0,,3.2306777342073603
2026-10-07T01:32:46+00:00,area_trajectory,grain,,1791268080000.0,,3.2306777342073603
2026-10-07T01:32:46+00:00,area_trajectory,grain,,1791268200000.0,,3.2306777342073603
2026-10-07T01:32:46+00:00,area_trajectory,grain,,1791268320000.0,,3.1911258543245498
2026-10-07T01:32:46+00:00,area_trajectory,grain,,1791268440000.0,,3.30945227034017
2026-10-07T01:32:46+00:00,area_trajectory,grain,,1791268560000.0,,3.30945227034017
2026-10-07T01:32:46+00:00,area_trajectory,grain,,1791268680000.0,,3.30945227034017
2026-10-07T01:32:46+00:00,area_trajectory,grain,,1791268800000.0,,3.20661694319174
2026-10-07T01:32:46+00:00,area_trajectory,grain,,1791268920000.0,,3.22441552717611
2026-10-07T01:32:46+00:00,area_trajectory,grain,,1791269040000.0,,3.22441552717611
2026-10-07T01:32:46+00:00,area_trajectory,grain,,1791269160000.0,,3.28044726545736
2026-10-07T01:32:46+00:00,area_trajectory,grain,,1791269280000.0,,3.28044726545736
2026-10-07T01:32:46+00:00,area_trajectory,grain,,1791269400000.0,,3.21947131330892
2026-10-07T01:32:46+00:00,area_trajectory,grain,,1791269520000.0,,3.21947131330892
2026-10-07T01:32:46+00:00,area_trajectory,grain,,1791269640000.0,,3.31571447737142
2026-10-07T01:32:46+00:00,area_trajectory,grain,,1791269760000.0,,3.31571447737142
2026-10-07T01:32:46+00:00,area_trajectory,grain,,1791269880000.0,,3.15388110334799
2026-10-07T01:32:46+00:00,area_trajectory,grain,,1791270000000.0,,3.15388110334799
2026-10-07T01:32:46+00:00,area_trajectory,grain,,1791270120000.0,,3.15388110334799
2026-10-07T01:32:46+00:00,area_trajectory,grain,,1791270240000.0,,3.29066491682455
2026-10-07T01:32:46+00:00,area_trajectory,grain,,1791270360000.0,,3.29066491682455
2026-10-07T01:32:46+00:00,area_trajectory,grain,,1791270480000.0,,3.29066491682455
2026-10-07T01:32:46+00:00,area_trajectory,grain,,1791270600000.0,,3.29066491682455
2026-10-07T01:32:46+00:00,area_trajectory,grain,,1791270720000.0,,3.2428729246370502
2026-10-07T01:32:46+00:00,area_trajectory,grain,,1791270840000.0,,3.18123779280111
2026-10-07T01:32:46+00:00,area_trajectory,grain,,1791270960000.0,,3.18123779280111
2026-10-07T01:32:46+00:00,area_trajectory,grain,,1791271080000.0,,3.18123779280111
2026-10-07T01:32:46+00:00,area_trajectory,grain,,1791271200000.0,,3.31538488752767
2026-10-07T01:32:46+00:00,area_trajectory,grain,,1791271320000.0,,3.2118907469026703
2026-10-07T01:32:46+00:00,area_trajectory,grain,,1791271440000.0,,3.2118907469026703
2026-10-07T01:32:46+00:00,area_trajectory,grain,,1791271560000.0,,3.22804101545736
2026-10-07T01:32:46+00:00,area_trajectory,grain,,1791271680000.0,,3.22804101545736
2026-10-07T01:32:46+00:00,area_trajectory,grain,,1791271800000.0,,3.30483764631674
2026-10-07T01:32:46+00:00,area_trajectory,grain,,1791271920000.0,,3.30483764631674
2026-10-07T01:32:46+00:00,area_trajectory,grain,,1791272040000.0,,3.30483764631674
2026-10-07T01:32:46+00:00,area_trajectory,grain,,1791272160000.0,,3.30483764631674
2026-10-07T01:32:46+00:00,area_trajectory,grain,,1791272280000.0,,3.21683459455892
2026-10-07T01:32:46+00:00,area_trajectory,grain,,1791272400000.0,,3.21683459455892
2026-10-07T01:32:46+00:00,area_trajectory,grain,,1791272520000.0,,3.21683459455892
2026-10-07T01:32:46+00:00,area_trajectory,grain,,1791272640000.0,,3.27385546858236
2026-10-07T01:32:46+00:00,area_trajectory,grain,,1791272760000.0,,3.2303481443636097
2026-10-07T01:32:46+00:00,area_trajectory,grain,,1791272880000.0,,3.2303481443636097
2026-10-07T01:32:46+00:00,area_trajectory,grain,,1791273000000.0,,3.2303481443636097
2026-10-07T01:32:46+00:00,area_trajectory,grain,,1791273120000.0,,3.2455096433870496
2026-10-07T01:32:46+00:00,area_trajectory,grain,,1791273240000.0,,3.2817656248323597
2026-10-07T01:32:46+00:00,area_trajectory,grain,,1791273360000.0,,3.2817656248323597
2026-10-07T01:32:46+00:00,area_trajectory,grain,,1791273480000.0,,3.2817656248323597
2026-10-07T01:32:46+00:00,area_trajectory,grain,,1791273600000.0,,3.2003547361604903
2026-10-07T01:32:46+00:00,area_trajectory,grain,,1791273720000.0,,3.2003547361604903
2026-10-07T01:32:46+00:00,area_trajectory,grain,,1791273840000.0,,3.25473852522299
2026-10-07T01:32:46+00:00,area_trajectory,grain,,1791273960000.0,,3.25473852522299
2026-10-07T01:32:46+00:00,area_trajectory,grain,,1791274080000.0,,3.25473852522299
2026-10-07T01:32:46+00:00,area_trajectory,grain,,1791274200000.0,,3.25473852522299
2026-10-07T01:32:46+00:00,area_trajectory,grain,,1791274320000.0,,3.24616918928549
2026-10-07T01:32:46+00:00,area_trajectory,grain,,1791274440000.0,,3.24616918928549
2026-10-07T01:32:46+00:00,area_trajectory,grain,,1791274560000.0,,3.24616918928549
2026-10-07T01:32:46+00:00,area_trajectory,grain,,1791274680000.0,,3.24616918928549
2026-10-07T01:32:46+00:00,area_trajectory,grain,,1791274800000.0,,3.24616918928549
2026-10-07T01:32:46+00:00,area_trajectory,grain,,1791274920000.0,,3.2201304929964203
2026-10-07T01:32:46+00:00,area_trajectory,grain,,1791275040000.0,,3.2201304929964203
2026-10-07T01:32:46+00:00,area_trajectory,grain,,1791275160000.0,,3.2201304929964203
2026-10-07T01:32:46+00:00,area_trajectory,grain,,1791275280000.0,,3.2366107176058003
2026-10-07T01:32:46+00:00,area_trajectory,grain,,1791275400000.0,,3.2366107176058003
2026-10-07T01:32:46+00:00,area_trajectory,grain,,1791275520000.0,,3.2366107176058003
2026-10-07T01:32:46+00:00,area_trajectory,grain,,1791275640000.0,,3.2118907469026703
2026-10-07T01:32:46+00:00,area_trajectory,grain,,1791275760000.0,,3.2118907469026703
2026-10-07T01:32:46+00:00,area_trajectory,grain,,1791275880000.0,,3.2118907469026703
2026-10-07T01:32:46+00:00,area_trajectory,grain,,1791276000000.0,,3.1898074949495503
2026-10-07T01:32:46+00:00,area_trajectory,grain,,1791276120000.0,,3.1898074949495503
2026-10-07T01:32:46+00:00,area_trajectory,grain,,1791276240000.0,,3.1898074949495503
2026-10-07T01:32:46+00:00,area_trajectory,grain,,1791276360000.0,,3.1898074949495503
2026-10-07T01:32:46+00:00,area_trajectory,grain,,1791276480000.0,,3.2850618894808004
2026-10-07T01:32:46+00:00,area_trajectory,grain,,1791276600000.0,,3.2425433347932997
2026-10-07T01:32:46+00:00,area_trajectory,grain,,1791276720000.0,,3.2425433347932997
2026-10-07T01:32:46+00:00,area_trajectory,grain,,1791276840000.0,,3.1838745115511102
2026-10-07T01:32:46+00:00,area_trajectory,grain,,1791276960000.0,,3.1838745115511102
2026-10-07T01:32:46+00:00,area_trajectory,grain,,1791277080000.0,,3.26067150862142
2026-10-07T01:32:46+00:00,area_trajectory,grain,,1791277200000.0,,3.26067150862142
2026-10-07T01:32:46+00:00,area_trajectory,grain,,1791277320000.0,,3.26067150862142
2026-10-07T01:32:46+00:00,area_trajectory,grain,,1791277440000.0,,3.2395770261995502
2026-10-07T01:32:46+00:00,area_trajectory,grain,,1791277560000.0,,3.16080249006674
2026-10-07T01:32:46+00:00,area_trajectory,grain,,1791277680000.0,,3.16080249006674
2026-10-07T01:32:46+00:00,area_trajectory,grain,,1791277800000.0,,3.16080249006674
2026-10-07T01:32:46+00:00,area_trajectory,grain,,1791277920000.0,,3.2395770261995502
2026-10-07T01:32:46+00:00,area_trajectory,grain,,1791278040000.0,,3.2395770261995502
2026-10-07T01:32:46+00:00,area_trajectory,grain,,1791278160000.0,,3.2395770261995502
2026-10-07T01:32:46+00:00,area_trajectory,grain,,1791278280000.0,,3.2395770261995502
2026-10-07T01:32:46+00:00,area_trajectory,grain,,1791278400000.0,,3.25473852522299
2026-10-07T01:32:46+00:00,area_trajectory,grain,,1791278520000.0,,3.1960697019808
2026-10-07T01:32:46+00:00,area_trajectory,grain,,1791278640000.0,,3.1960697019808
2026-10-07T01:32:46+00:00,area_trajectory,grain,,1791278760000.0,,3.1960697019808
2026-10-07T01:32:46+00:00,area_trajectory,grain,,1791278880000.0,,3.1960697019808
2026-10-07T01:32:46+00:00,area_trajectory,grain,,1791279000000.0,,3.27022998030111
2026-10-07T01:32:46+00:00,area_trajectory,grain,,1791279120000.0,,3.27022998030111
2026-10-07T01:32:46+00:00,area_trajectory,grain,,1791279240000.0,,3.1904666746370496
2026-10-07T01:32:46+00:00,area_trajectory,grain,,1791279360000.0,,3.1904666746370496
2026-10-07T01:32:46+00:00,area_trajectory,grain,,1791279480000.0,,3.22837060530111
2026-10-07T01:32:46+00:00,area_trajectory,grain,,1791279600000.0,,3.22837060530111
2026-10-07T01:32:46+00:00,area_trajectory,grain,,1791279720000.0,,3.24814672834799
2026-10-07T01:32:46+00:00,area_trajectory,grain,,1791279840000.0,,3.24814672834799
2026-10-07T01:32:46+00:00,area_trajectory,grain,,1791279960000.0,,3.18717077619955
2026-10-07T01:32:46+00:00,area_trajectory,grain,,1791280080000.0,,3.18717077619955
2026-10-07T01:32:46+00:00,area_trajectory,grain,,1791280200000.0,,3.18717077619955
2026-10-07T01:32:46+00:00,area_trajectory,grain,,1791280320000.0,,3.20496899397299
2026-10-07T01:32:46+00:00,area_trajectory,grain,,1791280440000.0,,3.1861820066683
2026-10-07T01:32:46+00:00,area_trajectory,grain,,1791280560000.0,,3.1861820066683
2026-10-07T01:32:46+00:00,area_trajectory,grain,,1791280680000.0,,3.1861820066683
2026-10-07T01:32:46+00:00,area_trajectory,grain,,1791280800000.0,,3.2418841551057995
2026-10-07T01:32:46+00:00,area_trajectory,grain,,1791280920000.0,,3.2418841551057995
2026-10-07T01:32:46+00:00,area_trajectory,grain,,1791281040000.0,,3.18156738264486
2026-10-07T01:32:46+00:00,area_trajectory,grain,,1791281160000.0,,3.18156738264486
2026-10-07T01:32:46+00:00,area_trajectory,grain,,1791281280000.0,,3.2000251463167397
2026-10-07T01:32:46+00:00,area_trajectory,grain,,1791281400000.0,,3.25836437971517
2026-10-07T01:32:46+00:00,area_trajectory,grain,,1791281520000.0,,3.25836437971517
2026-10-07T01:32:46+00:00,area_trajectory,grain,,1791281640000.0,,3.19903637678549
2026-10-07T01:32:46+00:00,area_trajectory,grain,,1791281760000.0,,3.19903637678549
2026-10-07T01:32:46+00:00,area_trajectory,grain,,1791281880000.0,,3.19903637678549
2026-10-07T01:32:46+00:00,area_trajectory,grain,,1791282000000.0,,3.19903637678549
2026-10-07T01:32:46+00:00,area_trajectory,grain,,1791282120000.0,,3.19903637678549
2026-10-07T01:32:46+00:00,area_trajectory,grain,,1791282240000.0,,3.19903637678549
2026-10-07T01:32:46+00:00,area_trajectory,grain,,1791282360000.0,,3.2567160642854898
2026-10-07T01:32:46+00:00,area_trajectory,grain,,1791282480000.0,,3.2567160642854898
2026-10-07T01:32:46+00:00,area_trajectory,grain,,1791282600000.0,,3.2567160642854898
2026-10-07T01:32:46+00:00,area_trajectory,grain,,1791282720000.0,,3.2567160642854898
2026-10-07T01:32:46+00:00,area_trajectory,grain,,1791282840000.0,,3.2567160642854898
2026-10-07T01:32:46+00:00,area_trajectory,grain,,1791282960000.0,,3.2567160642854898
2026-10-07T01:32:46+00:00,area_trajectory,grain,,1791283080000.0,,3.2567160642854898
2026-10-07T01:32:46+00:00,area_trajectory,grain,,1791283200000.0,,3.1973880613558
2026-10-07T01:32:46+00:00,area_trajectory,grain,,1791283320000.0,,3.27319628889486
2026-10-07T01:32:46+00:00,area_trajectory,grain,,1791283440000.0,,3.27319628889486
2026-10-07T01:32:46+00:00,area_trajectory,grain,,1791283560000.0,,3.27319628889486
2026-10-07T01:32:46+00:00,area_trajectory,grain,,1791283680000.0,,3.21452746565267
2026-10-07T01:32:46+00:00,area_trajectory,grain,,1791283800000.0,,3.25407934553549
2026-10-07T01:32:46+00:00,area_trajectory,grain,,1791283920000.0,,3.25407934553549
2026-10-07T01:32:46+00:00,area_trajectory,grain,,1791284040000.0,,3.25407934553549
2026-10-07T01:32:46+00:00,area_trajectory,grain,,1791284160000.0,,3.25407934553549
2026-10-07T01:32:46+00:00,area_trajectory,grain,,1791284280000.0,,3.1960697019808
2026-10-07T01:32:46+00:00,area_trajectory,grain,,1791284400000.0,,3.1960697019808
2026-10-07T01:32:46+00:00,area_trajectory,grain,,1791284520000.0,,3.1960697019808
2026-10-07T01:32:46+00:00,area_trajectory,grain,,1791284640000.0,,3.21386828596517
2026-10-07T01:32:46+00:00,area_trajectory,grain,,1791284760000.0,,3.2903353269808
2026-10-07T01:32:46+00:00,area_trajectory,grain,,1791284880000.0,,3.2903353269808
2026-10-07T01:32:46+00:00,area_trajectory,grain,,1791285000000.0,,3.2903353269808
2026-10-07T01:32:46+00:00,area_trajectory,grain,,1791285120000.0,,3.27121874983236
2026-10-07T01:32:46+00:00,area_trajectory,grain,,1791285240000.0,,3.27121874983236
2026-10-07T01:32:46+00:00,area_trajectory,grain,,1791285360000.0,,3.27121874983236
2026-10-07T01:32:46+00:00,area_trajectory,grain,,1791285480000.0,,3.27121874983236
2026-10-07T01:32:46+00:00,area_trajectory,grain,,1791285600000.0,,3.23265527326986
2026-10-07T01:32:46+00:00,area_trajectory,grain,,1791285720000.0,,3.25440893537924
2026-10-07T01:32:46+00:00,area_trajectory,grain,,1791285840000.0,,3.25440893537924
2026-10-07T01:32:46+00:00,area_trajectory,grain,,1791285960000.0,,3.25440893537924
2026-10-07T01:32:46+00:00,area_trajectory,grain,,1791286080000.0,,3.21584582502767
2026-10-07T01:32:46+00:00,area_trajectory,grain,,1791286200000.0,,3.21584582502767
2026-10-07T01:32:46+00:00,area_trajectory,grain,,1791286320000.0,,3.21584582502767
2026-10-07T01:32:46+00:00,area_trajectory,grain,,1791286440000.0,,3.21584582502767
2026-10-07T01:32:46+00:00,area_trajectory,grain,,1791286560000.0,,3.25638647444174
2026-10-07T01:32:46+00:00,area_trajectory,grain,,1791286680000.0,,3.21650500471517
2026-10-07T01:32:46+00:00,area_trajectory,grain,,1791286800000.0,,3.21650500471517
2026-10-07T01:32:46+00:00,area_trajectory,grain,,1791286920000.0,,3.19870678694174
2026-10-07T01:32:46+00:00,area_trajectory,grain,,1791287040000.0,,3.19870678694174
2026-10-07T01:32:46+00:00,area_trajectory,grain,,1791287160000.0,,3.2399066160433
2026-10-07T01:32:46+00:00,area_trajectory,grain,,1791287280000.0,,3.2399066160433
2026-10-07T01:32:46+00:00,area_trajectory,grain,,1791287400000.0,,3.2399066160433
2026-10-07T01:32:46+00:00,area_trajectory,grain,,1791287520000.0,,3.2399066160433
2026-10-07T01:32:46+00:00,area_trajectory,grain,,1791287640000.0,,3.19936596662924
2026-10-07T01:32:46+00:00,area_trajectory,grain,,1791287760000.0,,3.19936596662924
2026-10-07T01:32:46+00:00,area_trajectory,grain,,1791287880000.0,,3.2969274900667402
2026-10-07T01:32:46+00:00,area_trajectory,grain,,1791288000000.0,,3.2969274900667402
2026-10-07T01:32:46+00:00,area_trajectory,grain,,1791288120000.0,,3.2969274900667402
2026-10-07T01:32:46+00:00,area_trajectory,grain,,1791288240000.0,,3.2207896726839196
2026-10-07T01:32:46+00:00,area_trajectory,grain,,1791288360000.0,,3.2207896726839196
2026-10-07T01:32:46+00:00,area_trajectory,grain,,1791288480000.0,,3.2207896726839196
2026-10-07T01:32:46+00:00,area_trajectory,grain,,1791288600000.0,,3.2408953855745497
2026-10-07T01:32:46+00:00,area_trajectory,grain,,1791288720000.0,,3.2408953855745497
2026-10-07T01:32:46+00:00,area_trajectory,grain,,1791288840000.0,,3.18189697248861
2026-10-07T01:32:46+00:00,area_trajectory,grain,,1791288960000.0,,3.18189697248861
2026-10-07T01:32:46+00:00,area_trajectory,grain,,1791289080000.0,,3.27912890608236
2026-10-07T01:32:46+00:00,area_trajectory,grain,,1791289200000.0,,3.27912890608236
2026-10-07T01:32:46+00:00,area_trajectory,grain,,1791289320000.0,,3.2016730955354897
2026-10-07T01:32:46+00:00,area_trajectory,grain,,1791289440000.0,,3.2016730955354897
2026-10-07T01:32:46+00:00,area_trajectory,grain,,1791289560000.0,,3.2201304929964203
2026-10-07T01:32:46+00:00,area_trajectory,grain,,1791289680000.0,,3.2201304929964203
2026-10-07T01:32:46+00:00,area_trajectory,grain,,1791289800000.0,,3.29725707991049
2026-10-07T01:32:46+00:00,area_trajectory,grain,,1791289920000.0,,3.29725707991049
2026-10-07T01:32:46+00:00,area_trajectory,grain,,1791290040000.0,,3.29725707991049
2026-10-07T01:32:46+00:00,area_trajectory,grain,,1791290160000.0,,3.29725707991049
2026-10-07T01:32:46+00:00,area_trajectory,grain,,1791290280000.0,,3.29725707991049
2026-10-07T01:32:46+00:00,area_trajectory,grain,,1791290400000.0,,3.2567160642854898
2026-10-07T01:32:46+00:00,area_trajectory,grain,,1791290520000.0,,3.23628112776205
2026-10-07T01:32:46+00:00,area_trajectory,grain,,1791290640000.0,,3.23628112776205
2026-10-07T01:32:46+00:00,area_trajectory,grain,,1791290760000.0,,3.23628112776205
2026-10-07T01:32:46+00:00,area_trajectory,grain,,1791290880000.0,,3.19903637678549
2026-10-07T01:32:46+00:00,area_trajectory,grain,,1791291000000.0,,3.2385882566683
2026-10-07T01:32:46+00:00,area_trajectory,grain,,1791291120000.0,,3.2385882566683
2026-10-07T01:32:46+00:00,area_trajectory,grain,,1791291240000.0,,3.2385882566683
2026-10-07T01:32:46+00:00,area_trajectory,grain,,1791291360000.0,,3.2817656248323597
2026-10-07T01:32:46+00:00,area_trajectory,grain,,1791291480000.0,,3.2039802244417404
2026-10-07T01:32:46+00:00,area_trajectory,grain,,1791291600000.0,,3.2039802244417404
2026-10-07T01:32:46+00:00,area_trajectory,grain,,1791291720000.0,,3.2039802244417404
2026-10-07T01:32:46+00:00,area_trajectory,grain,,1791291840000.0,,3.2039802244417404
2026-10-07T01:32:46+00:00,area_trajectory,grain,,1791291960000.0,,3.24221374494955
2026-10-07T01:32:46+00:00,area_trajectory,grain,,1791292080000.0,,3.24221374494955
2026-10-07T01:32:46+00:00,area_trajectory,grain,,1791292200000.0,,3.2623194578401704
2026-10-07T01:32:46+00:00,area_trajectory,grain,,1791292320000.0,,3.2623194578401704
2026-10-07T01:32:46+00:00,area_trajectory,grain,,1791292440000.0,,3.2623194578401704
2026-10-07T01:32:46+00:00,area_trajectory,grain,,1791292560000.0,,3.2623194578401704
2026-10-07T01:32:46+00:00,area_trajectory,grain,,1791292680000.0,,3.2850618894808004
2026-10-07T01:32:46+00:00,area_trajectory,grain,,1791292800000.0,,3.2850618894808004
2026-10-07T01:32:46+00:00,area_trajectory,grain,,1791292920000.0,,3.2085944822542403
2026-10-07T01:32:46+00:00,area_trajectory,grain,,1791293040000.0,,3.2085944822542403
2026-10-07T01:32:46+00:00,area_trajectory,grain,,1791293160000.0,,3.2085944822542403
2026-10-07T01:32:46+00:00,area_trajectory,grain,,1791293280000.0,,3.28605065901205
2026-10-07T01:32:46+00:00,area_trajectory,grain,,1791293400000.0,,3.28605065901205
2026-10-07T01:32:46+00:00,area_trajectory,grain,,1791293520000.0,,3.28605065901205
2026-10-07T01:32:46+00:00,area_trajectory,grain,,1791293640000.0,,3.28605065901205
2026-10-07T01:32:46+00:00,area_trajectory,grain,,1791293760000.0,,3.24913549787924
2026-10-07T01:32:46+00:00,area_trajectory,grain,,1791293880000.0,,3.3058264158479904
2026-10-07T01:32:46+00:00,area_trajectory,grain,,1791294000000.0,,3.3058264158479904
2026-10-07T01:32:46+00:00,area_trajectory,grain,,1791294120000.0,,3.2883577879183
2026-10-07T01:32:46+00:00,area_trajectory,grain,,1791294240000.0,,3.2883577879183
2026-10-07T01:32:46+00:00,area_trajectory,grain,,1791294360000.0,,3.23100732405111
2026-10-07T01:32:46+00:00,area_trajectory,grain,,1791294480000.0,,3.23100732405111
2026-10-07T01:32:46+00:00,area_trajectory,grain,,1791294600000.0,,3.23100732405111
2026-10-07T01:32:46+00:00,area_trajectory,grain,,1791294720000.0,,3.23100732405111
2026-10-07T01:32:46+00:00,area_trajectory,grain,,1791294840000.0,,3.3137369383089204
2026-10-07T01:32:46+00:00,area_trajectory,grain,,1791294960000.0,,3.3137369383089204
2026-10-07T01:32:46+00:00,area_trajectory,grain,,1791295080000.0,,3.2191417234651705
2026-10-07T01:32:46+00:00,area_trajectory,grain,,1791295200000.0,,3.2191417234651705
2026-10-07T01:32:46+00:00,area_trajectory,grain,,1791295320000.0,,3.2191417234651705
2026-10-07T01:32:46+00:00,area_trajectory,grain,,1791295440000.0,,3.2191417234651705
2026-10-07T01:32:46+00:00,area_trajectory,grain,,1791295560000.0,,3.26001232893392
2026-10-07T01:32:46+00:00,area_trajectory,grain,,1791295680000.0,,3.26001232893392
2026-10-07T01:32:46+00:00,area_trajectory,grain,,1791295800000.0,,3.26001232893392
2026-10-07T01:32:46+00:00,area_trajectory,grain,,1791295920000.0,,3.26001232893392
2026-10-07T01:32:46+00:00,area_trajectory,grain,,1791296040000.0,,3.26001232893392
2026-10-07T01:32:46+00:00,area_trajectory,grain,,1791296160000.0,,3.2428729246370502
2026-10-07T01:32:46+00:00,area_trajectory,grain,,1791296280000.0,,3.22507470686361
2026-10-07T01:32:46+00:00,area_trajectory,grain,,1791296400000.0,,3.22507470686361
2026-10-07T01:32:46+00:00,area_trajectory,grain,,1791296520000.0,,3.22507470686361
2026-10-07T01:32:46+00:00,area_trajectory,grain,,1791296640000.0,,3.22507470686361
2026-10-07T01:32:46+00:00,area_trajectory,grain,,1791296760000.0,,3.26429699690267
2026-10-07T01:32:46+00:00,area_trajectory,grain,,1791296880000.0,,3.26429699690267
2026-10-07T01:32:46+00:00,area_trajectory,grain,,1791297000000.0,,3.26429699690267
2026-10-07T01:32:46+00:00,area_trajectory,grain,,1791297120000.0,,3.26429699690267
2026-10-07T01:32:46+00:00,area_trajectory,grain,,1791297240000.0,,3.20661694319174
2026-10-07T01:32:46+00:00,area_trajectory,grain,,1791297360000.0,,3.20661694319174
2026-10-07T01:32:46+00:00,area_trajectory,grain,,1791297480000.0,,3.22738183576986
2026-10-07T01:32:46+00:00,area_trajectory,grain,,1791297600000.0,,3.22738183576986
2026-10-07T01:32:46+00:00,area_trajectory,grain,,1791297720000.0,,3.2863802488558003
2026-10-07T01:32:46+00:00,area_trajectory,grain,,1791297840000.0,,3.2863802488558003
2026-10-07T01:32:46+00:00,area_trajectory,grain,,1791297960000.0,,3.25012426741049
2026-10-07T01:32:46+00:00,area_trajectory,grain,,1791298080000.0,,3.25012426741049
2026-10-07T01:32:46+00:00,area_trajectory,grain,,1791298200000.0,,3.23232568342611
2026-10-07T01:32:46+00:00,area_trajectory,grain,,1791298320000.0,,3.23232568342611
2026-10-07T01:32:46+00:00,area_trajectory,grain,,1791298440000.0,,3.23232568342611
2026-10-07T01:32:46+00:00,area_trajectory,grain,,1791298560000.0,,3.29264245588705
2026-10-07T01:32:46+00:00,area_trajectory,grain,,1791298680000.0,,3.2161754148714197
2026-10-07T01:32:46+00:00,area_trajectory,grain,,1791298800000.0,,3.2161754148714197
2026-10-07T01:32:46+00:00,area_trajectory,grain,,1791298920000.0,,3.2161754148714197
2026-10-07T01:32:46+00:00,area_trajectory,grain,,1791299040000.0,,3.2366107176058003
2026-10-07T01:32:46+00:00,area_trajectory,grain,,1791299160000.0,,3.1799194334261096
2026-10-07T01:32:46+00:00,area_trajectory,grain,,1791299280000.0,,3.1799194334261096
2026-10-07T01:32:46+00:00,area_trajectory,grain,,1791299400000.0,,3.21947131330892
2026-10-07T01:32:46+00:00,area_trajectory,grain,,1791299520000.0,,3.21947131330892
2026-10-07T01:32:46+00:00,area_trajectory,grain,,1791299640000.0,,3.2586939695589203
2026-10-07T01:32:46+00:00,area_trajectory,grain,,1791299760000.0,,3.2586939695589203
2026-10-07T01:32:46+00:00,area_trajectory,grain,,1791299880000.0,,3.18189697248861
2026-10-07T01:32:46+00:00,area_trajectory,grain,,1791300000000.0,,3.18189697248861
2026-10-07T01:32:46+00:00,area_trajectory,grain,,1791300120000.0,,3.20299145491049
2026-10-07T01:32:46+00:00,area_trajectory,grain,,1791300240000.0,,3.20299145491049
2026-10-07T01:32:46+00:00,area_trajectory,grain,,1791300360000.0,,3.28044726545736
2026-10-07T01:32:46+00:00,area_trajectory,grain,,1791300480000.0,,3.28044726545736
2026-10-07T01:32:46+00:00,area_trajectory,grain,,1791300600000.0,,3.16278039534017
2026-10-07T01:32:46+00:00,area_trajectory,grain,,1791300720000.0,,3.16278039534017
2026-10-07T01:32:46+00:00,area_trajectory,grain,,1791300840000.0,,3.24221374494955
2026-10-07T01:32:46+00:00,area_trajectory,grain,,1791300960000.0,,3.24221374494955
2026-10-07T01:32:46+00:00,area_trajectory,grain,,1791301080000.0,,3.28275476057455
2026-10-07T01:32:46+00:00,area_trajectory,grain,,1791301200000.0,,3.28275476057455
2026-10-07T01:32:46+00:00,area_trajectory,grain,,1791301320000.0,,3.28275476057455
2026-10-07T01:32:46+00:00,area_trajectory,grain,,1791301440000.0,,3.2062873533479896
2026-10-07T01:32:46+00:00,area_trajectory,grain,,1791301560000.0,,3.22441552717611
2026-10-07T01:32:46+00:00,area_trajectory,grain,,1791301680000.0,,3.22441552717611
2026-10-07T01:32:46+00:00,area_trajectory,grain,,1791301800000.0,,3.20694653303549
2026-10-07T01:32:46+00:00,area_trajectory,grain,,1791301920000.0,,3.20694653303549
2026-10-07T01:32:46+00:00,area_trajectory,grain,,1791302040000.0,,3.1881595457308
2026-10-07T01:32:46+00:00,area_trajectory,grain,,1791302160000.0,,3.1881595457308
2026-10-07T01:32:46+00:00,area_trajectory,grain,,1791302280000.0,,3.22870019514486
2026-10-07T01:32:46+00:00,area_trajectory,grain,,1791302400000.0,,3.22870019514486
2026-10-07T01:32:46+00:00,area_trajectory,grain,,1791302520000.0,,3.22870019514486
2026-10-07T01:32:46+00:00,area_trajectory,grain,,1791302640000.0,,3.2484763181917398
2026-10-07T01:32:46+00:00,area_trajectory,grain,,1791302760000.0,,3.22804101545736
2026-10-07T01:32:46+00:00,area_trajectory,grain,,1791302880000.0,,3.22804101545736
2026-10-07T01:32:46+00:00,area_trajectory,grain,,1791303000000.0,,3.1875003660432997
2026-10-07T01:32:46+00:00,area_trajectory,grain,,1791303120000.0,,3.1875003660432997
2026-10-07T01:32:46+00:00,area_trajectory,grain,,1791303240000.0,,3.20430981428549
2026-10-07T01:32:46+00:00,area_trajectory,grain,,1791303360000.0,,3.20430981428549
2026-10-07T01:32:46+00:00,area_trajectory,grain,,1791303480000.0,,3.2405657957308
2026-10-07T01:32:46+00:00,area_trajectory,grain,,1791303600000.0,,3.2405657957308
2026-10-07T01:32:46+00:00,area_trajectory,grain,,1791303720000.0,,3.2405657957308
2026-10-07T01:32:46+00:00,area_trajectory,grain,,1791303840000.0,,3.2405657957308
2026-10-07T01:32:46+00:00,area_trajectory,grain,,1791303960000.0,,3.2191417234651705
2026-10-07T01:32:46+00:00,area_trajectory,grain,,1791304080000.0,,3.2191417234651705
2026-10-07T01:32:46+00:00,area_trajectory,grain,,1791304200000.0,,3.17860107405111
2026-10-07T01:32:46+00:00,area_trajectory,grain,,1791304320000.0,,3.17860107405111
2026-10-07T01:32:46+00:00,area_trajectory,grain,,1791304440000.0,,3.27616259748861
2026-10-07T01:32:46+00:00,area_trajectory,grain,,1791304560000.0,,3.27616259748861
2026-10-07T01:32:46+00:00,area_trajectory,grain,,1791304680000.0,,3.2161754148714197
2026-10-07T01:32:46+00:00,area_trajectory,grain,,1791304800000.0,,3.2161754148714197
2026-10-07T01:32:46+00:00,area_trajectory,grain,,1791304920000.0,,3.23298486311361
2026-10-07T01:32:46+00:00,area_trajectory,grain,,1791305040000.0,,3.23298486311361
2026-10-07T01:32:46+00:00,area_trajectory,grain,,1791305160000.0,,3.2514426267854897
2026-10-07T01:32:46+00:00,area_trajectory,grain,,1791305280000.0,,3.2514426267854897
2026-10-07T01:32:46+00:00,area_trajectory,grain,,1791305400000.0,,3.2514426267854897
2026-10-07T01:32:46+00:00,area_trajectory,grain,,1791305520000.0,,3.2514426267854897
2026-10-07T01:32:46+00:00,area_trajectory,grain,,1791305640000.0,,3.2085944822542403
2026-10-07T01:32:46+00:00,area_trajectory,grain,,1791305760000.0,,3.2085944822542403
2026-10-07T01:32:46+00:00,area_trajectory,grain,,1791305880000.0,,3.22804101545736
2026-10-07T01:32:46+00:00,area_trajectory,grain,,1791306000000.0,,3.22804101545736
2026-10-07T01:32:46+00:00,area_trajectory,grain,,1791306120000.0,,3.22804101545736
2026-10-07T01:32:46+00:00,area_trajectory,grain,,1791306240000.0,,3.2039802244417404
2026-10-07T01:32:46+00:00,area_trajectory,grain,,1791306360000.0,,3.2039802244417404
2026-10-07T01:32:46+00:00,area_trajectory,grain,,1791306480000.0,,3.2039802244417404
2026-10-07T01:32:46+00:00,area_trajectory,grain,,1791306600000.0,,3.17893066389486
2026-10-07T01:32:46+00:00,area_trajectory,grain,,1791306720000.0,,3.17893066389486
2026-10-07T01:32:46+00:00,area_trajectory,grain,,1791306840000.0,,3.1967288816683
2026-10-07T01:32:46+00:00,area_trajectory,grain,,1791306960000.0,,3.1967288816683
2026-10-07T01:32:46+00:00,area_trajectory,grain,,1791307080000.0,,3.26891125471517
2026-10-07T01:32:46+00:00,area_trajectory,grain,,1791307200000.0,,3.26891125471517
2026-10-07T01:32:46+00:00,area_trajectory,grain,,1791307320000.0,,3.2085944822542403
2026-10-07T01:32:46+00:00,area_trajectory,grain,,1791307440000.0,,3.2085944822542403
2026-10-07T01:32:46+00:00,area_trajectory,grain,,1791307560000.0,,3.16706506330892
2026-10-07T01:32:46+00:00,area_trajectory,grain,,1791307680000.0,,3.16706506330892
2026-10-07T01:32:46+00:00,area_trajectory,grain,,1791307800000.0,,3.2412249754183002
2026-10-07T01:32:46+00:00,area_trajectory,grain,,1791307920000.0,,3.2412249754183002
2026-10-07T01:32:46+00:00,area_trajectory,grain,,1791308040000.0,,3.25737524397299
2026-10-07T01:32:46+00:00,area_trajectory,grain,,1791308160000.0,,3.25737524397299
2026-10-07T01:32:46+00:00,area_trajectory,grain,,1791308280000.0,,3.21419787580892
2026-10-07T01:32:46+00:00,area_trajectory,grain,,1791308400000.0,,3.21419787580892
2026-10-07T01:32:46+00:00,area_trajectory,grain,,1791308520000.0,,3.21419787580892
2026-10-07T01:32:46+00:00,area_trajectory,grain,,1791308640000.0,,3.21419787580892
2026-10-07T01:32:46+00:00,area_trajectory,grain,,1791308760000.0,,3.22705224592611
2026-10-07T01:32:46+00:00,area_trajectory,grain,,1791308880000.0,,3.22705224592611
2026-10-07T01:32:46+00:00,area_trajectory,grain,,1791309000000.0,,3.24419128401205
2026-10-07T01:32:46+00:00,area_trajectory,grain,,1791309120000.0,,3.24419128401205
2026-10-07T01:32:46+00:00,area_trajectory,grain,,1791309240000.0,,3.20266186506674
2026-10-07T01:32:46+00:00,area_trajectory,grain,,1791309360000.0,,3.20266186506674
2026-10-07T01:32:46+00:00,area_trajectory,grain,,1791309480000.0,,3.2184825437776703
2026-10-07T01:32:46+00:00,area_trajectory,grain,,1791309600000.0,,3.2184825437776703
2026-10-07T01:32:46+00:00,area_trajectory,grain,,1791309720000.0,,3.2184825437776703
2026-10-07T01:32:46+00:00,area_trajectory,grain,,1791309840000.0,,3.1977176511995498
2026-10-07T01:32:46+00:00,area_trajectory,grain,,1791309960000.0,,3.2125499265901696
2026-10-07T01:32:46+00:00,area_trajectory,grain,,1791310080000.0,,3.2125499265901696
2026-10-07T01:32:46+00:00,area_trajectory,grain,,1791310200000.0,,3.17102014143392
2026-10-07T01:32:46+00:00,area_trajectory,grain,,1791310320000.0,,3.17102014143392
2026-10-07T01:32:46+00:00,area_trajectory,grain,,1791310440000.0,,3.18651159651205
2026-10-07T01:32:46+00:00,area_trajectory,grain,,1791310560000.0,,3.18651159651205
2026-10-07T01:32:46+00:00,area_trajectory,grain,,1791310680000.0,,3.22111926252767
2026-10-07T01:32:46+00:00,area_trajectory,grain,,1791310800000.0,,3.22111926252767
2026-10-07T01:32:46+00:00,area_trajectory,grain,,1791310920000.0,,3.19969555647299
2026-10-07T01:32:46+00:00,area_trajectory,grain,,1791311040000.0,,3.19969555647299
2026-10-07T01:32:46+00:00,area_trajectory,grain,,1791311160000.0,,3.19969555647299
2026-10-07T01:32:46+00:00,area_trajectory,grain,,1791311280000.0,,3.19969555647299
2026-10-07T01:32:46+00:00,area_trajectory,grain,,1791311400000.0,,3.2306777342073603
2026-10-07T01:32:46+00:00,area_trajectory,grain,,1791311520000.0,,3.2306777342073603
2026-10-07T01:32:46+00:00,area_trajectory,grain,,1791311640000.0,,3.1881595457308
2026-10-07T01:32:46+00:00,area_trajectory,grain,,1791311760000.0,,3.1881595457308
2026-10-07T01:32:46+00:00,area_trajectory,grain,,1791311880000.0,,3.1881595457308
2026-10-07T01:32:46+00:00,area_trajectory,grain,,1791312000000.0,,3.1881595457308
2026-10-07T01:32:46+00:00,area_trajectory,grain,,1791312120000.0,,3.1881595457308
2026-10-07T01:32:46+00:00,area_trajectory,grain,,1791312240000.0,,3.1881595457308
2026-10-07T01:32:46+00:00,area_trajectory,grain,,1791312360000.0,,3.2764921873323605
2026-10-07T01:32:46+00:00,area_trajectory,grain,,1791312480000.0,,3.2764921873323605
2026-10-07T01:32:46+00:00,area_trajectory,grain,,1791312600000.0,,3.21386828596517
2026-10-07T01:32:46+00:00,area_trajectory,grain,,1791312720000.0,,3.21386828596517
2026-10-07T01:32:46+00:00,area_trajectory,grain,,1791312840000.0,,3.24353210432455
2026-10-07T01:32:46+00:00,area_trajectory,grain,,1791312960000.0,,3.24353210432455
2026-10-07T01:32:46+00:00,area_trajectory,grain,,1791313080000.0,,3.24353210432455
2026-10-07T01:32:46+00:00,area_trajectory,grain,,1791313200000.0,,3.24353210432455
2026-10-07T01:32:46+00:00,area_trajectory,grain,,1791313320000.0,,3.24353210432455
2026-10-07T01:32:46+00:00,area_trajectory,grain,,1791313440000.0,,3.1762939451448595
2026-10-07T01:32:46+00:00,area_trajectory,grain,,1791313560000.0,,3.19442175276205
2026-10-07T01:32:46+00:00,area_trajectory,grain,,1791313680000.0,,3.19442175276205
2026-10-07T01:32:46+00:00,area_trajectory,grain,,1791313800000.0,,3.2675928953401696
2026-10-07T01:32:46+00:00,area_trajectory,grain,,1791313920000.0,,3.2675928953401696
2026-10-07T01:32:46+00:00,area_trajectory,grain,,1791314040000.0,,3.18782995588705
2026-10-07T01:32:46+00:00,area_trajectory,grain,,1791314160000.0,,3.18782995588705
2026-10-07T01:32:46+00:00,area_trajectory,grain,,1791314280000.0,,3.18782995588705
2026-10-07T01:32:46+00:00,area_trajectory,grain,,1791314400000.0,,3.18782995588705
2026-10-07T01:32:46+00:00,area_trajectory,grain,,1791314520000.0,,3.27616259748861
2026-10-07T01:32:46+00:00,area_trajectory,grain,,1791314640000.0,,3.27616259748861
2026-10-07T01:32:46+00:00,area_trajectory,grain,,1791314760000.0,,3.2359515379183
2026-10-07T01:32:46+00:00,area_trajectory,grain,,1791314880000.0,,3.2359515379183
2026-10-07T01:32:46+00:00,area_trajectory,grain,,1791315000000.0,,3.1762939451448595
2026-10-07T01:32:46+00:00,area_trajectory,grain,,1791315120000.0,,3.1762939451448595
2026-10-07T01:32:46+00:00,area_trajectory,grain,,1791315240000.0,,3.1762939451448595
2026-10-07T01:32:46+00:00,area_trajectory,grain,,1791315360000.0,,3.1762939451448595
2026-10-07T01:32:46+00:00,area_trajectory,grain,,1791315480000.0,,3.1888187254183
2026-10-07T01:32:46+00:00,area_trajectory,grain,,1791315600000.0,,3.1888187254183
2026-10-07T01:32:46+00:00,area_trajectory,grain,,1791315720000.0,,3.2230971678011096
2026-10-07T01:32:46+00:00,area_trajectory,grain,,1791315840000.0,,3.2230971678011096
2026-10-07T01:32:46+00:00,area_trajectory,grain,,1791315960000.0,,3.2379290769808
2026-10-07T01:32:46+00:00,area_trajectory,grain,,1791316080000.0,,3.2379290769808
2026-10-07T01:32:46+00:00,area_trajectory,grain,,1791316200000.0,,3.17958984358236
2026-10-07T01:32:46+00:00,area_trajectory,grain,,1791316320000.0,,3.17958984358236
2026-10-07T01:32:46+00:00,area_trajectory,grain,,1791316440000.0,,3.25177221662924
2026-10-07T01:32:46+00:00,area_trajectory,grain,,1791316560000.0,,3.25177221662924
2026-10-07T01:32:46+00:00,area_trajectory,grain,,1791316680000.0,,3.2109019773714205
2026-10-07T01:32:46+00:00,area_trajectory,grain,,1791316800000.0,,3.2109019773714205
2026-10-07T01:32:46+00:00,area_trajectory,grain,,1791316920000.0,,3.2109019773714205
2026-10-07T01:32:46+00:00,area_trajectory,grain,,1791317040000.0,,3.17200891096517
2026-10-07T01:32:46+00:00,area_trajectory,grain,,1791317160000.0,,3.20661694319174
2026-10-07T01:32:46+00:00,area_trajectory,grain,,1791317280000.0,,3.20661694319174
2026-10-07T01:32:46+00:00,area_trajectory,grain,,1791317400000.0,,3.2425433347932997
2026-10-07T01:32:46+00:00,area_trajectory,grain,,1791317520000.0,,3.2425433347932997
2026-10-07T01:32:46+00:00,area_trajectory,grain,,1791317640000.0,,3.20365063459799
2026-10-07T01:32:46+00:00,area_trajectory,grain,,1791317760000.0,,3.20365063459799
2026-10-07T01:32:46+00:00,area_trajectory,grain,,1791317880000.0,,3.23891784651205
2026-10-07T01:32:46+00:00,area_trajectory,grain,,1791318000000.0,,3.23891784651205
2026-10-07T01:32:46+00:00,area_trajectory,grain,,1791318120000.0,,3.27319628889486
2026-10-07T01:32:46+00:00,area_trajectory,grain,,1791318240000.0,,3.27319628889486
2026-10-07T01:32:46+00:00,area_trajectory,grain,,1791318360000.0,,3.17761230451986
2026-10-07T01:32:46+00:00,area_trajectory,grain,,1791318480000.0,,3.17761230451986
2026-10-07T01:32:46+00:00,area_trajectory,grain,,1791318600000.0,,3.19376257307455
2026-10-07T01:32:46+00:00,area_trajectory,grain,,1791318720000.0,,3.19376257307455
2026-10-07T01:32:46+00:00,area_trajectory,grain,,1791318840000.0,,3.2303481443636097
2026-10-07T01:32:46+00:00,area_trajectory,grain,,1791318960000.0,,3.2303481443636097
2026-10-07T01:32:46+00:00,area_trajectory,grain,,1791319080000.0,,3.2092536619417396
2026-10-07T01:32:46+00:00,area_trajectory,grain,,1791319200000.0,,3.2092536619417396
2026-10-07T01:32:46+00:00,area_trajectory,grain,,1791319320000.0,,3.2092536619417396
2026-10-07T01:32:46+00:00,area_trajectory,grain,,1791319440000.0,,3.2092536619417396
2026-10-07T01:32:46+00:00,area_trajectory,grain,,1791319560000.0,,3.26198986799642
2026-10-07T01:32:46+00:00,area_trajectory,grain,,1791319680000.0,,3.26198986799642
2026-10-07T01:32:46+00:00,area_trajectory,grain,,1791319800000.0,,3.22276757795736
2026-10-07T01:32:46+00:00,area_trajectory,grain,,1791319920000.0,,3.22276757795736
2026-10-07T01:32:46+00:00,area_trajectory,grain,,1791320040000.0,,3.2418841551057995
2026-10-07T01:32:46+00:00,area_trajectory,grain,,1791320160000.0,,3.2418841551057995
2026-10-07T01:32:46+00:00,area_trajectory,grain,,1791320280000.0,,3.22342675764486
2026-10-07T01:32:46+00:00,area_trajectory,grain,,1791320400000.0,,3.22342675764486
2026-10-07T01:32:46+00:00,area_trajectory,grain,,1791320520000.0,,3.22342675764486
2026-10-07T01:32:46+00:00,area_trajectory,grain,,1791320640000.0,,3.23891784651205
2026-10-07T01:32:46+00:00,area_trajectory,grain,,1791320760000.0,,3.16541711409017
2026-10-07T01:32:46+00:00,area_trajectory,grain,,1791320880000.0,,3.16541711409017
2026-10-07T01:32:46+00:00,area_trajectory,grain,,1791321000000.0,,3.2207896726839196
2026-10-07T01:32:46+00:00,area_trajectory,grain,,1791321120000.0,,3.2207896726839196
2026-10-07T01:32:46+00:00,area_trajectory,grain,,1791321240000.0,,3.2207896726839196
2026-10-07T01:32:46+00:00,area_trajectory,grain,,1791321360000.0,,3.2207896726839196
2026-10-07T01:32:46+00:00,area_trajectory,grain,,1791321480000.0,,3.2020026853792403
2026-10-07T01:32:46+00:00,area_trajectory,grain,,1791321600000.0,,3.2020026853792403
2026-10-07T01:32:46+00:00,area_trajectory,grain,,1791321720000.0,,3.2399066160433
2026-10-07T01:32:46+00:00,area_trajectory,grain,,1791321840000.0,,3.2399066160433
2026-10-07T01:32:46+00:00,area_trajectory,grain,,1791321960000.0,,3.25770483381674
2026-10-07T01:32:46+00:00,area_trajectory,grain,,1791322080000.0,,3.25770483381674
2026-10-07T01:32:46+00:00,area_trajectory,grain,,1791322200000.0,,3.1667354734651703
2026-10-07T01:32:46+00:00,area_trajectory,grain,,1791322320000.0,,3.1667354734651703
2026-10-07T01:32:46+00:00,area_trajectory,grain,,1791322440000.0,,3.2221083982698597
2026-10-07T01:32:46+00:00,area_trajectory,grain,,1791322560000.0,,3.2221083982698597
2026-10-07T01:32:46+00:00,area_trajectory,grain,,1791322680000.0,,3.2408953855745497
2026-10-07T01:32:46+00:00,area_trajectory,grain,,1791322800000.0,,3.2408953855745497
2026-10-07T01:32:46+00:00,area_trajectory,grain,,1791322920000.0,,3.2039802244417404
2026-10-07T01:32:46+00:00,area_trajectory,grain,,1791323040000.0,,3.2039802244417404
2026-10-07T01:32:46+00:00,area_trajectory,grain,,1791323160000.0,,3.18585205061361
2026-10-07T01:32:46+00:00,area_trajectory,grain,,1791323280000.0,,3.18585205061361
2026-10-07T01:32:46+00:00,area_trajectory,grain,,1791323400000.0,,3.22342675764486
2026-10-07T01:32:46+00:00,area_trajectory,grain,,1791323520000.0,,3.22342675764486
2026-10-07T01:32:46+00:00,area_trajectory,grain,,1791323640000.0,,3.2787993162386098
2026-10-07T01:32:46+00:00,area_trajectory,grain,,1791323760000.0,,3.2787993162386098
2026-10-07T01:32:46+00:00,area_trajectory,grain,,1791323880000.0,,3.20430981428549
2026-10-07T01:32:46+00:00,area_trajectory,grain,,1791324000000.0,,3.20430981428549
2026-10-07T01:32:46+00:00,area_trajectory,grain,,1791324120000.0,,3.20430981428549
2026-10-07T01:32:46+00:00,area_trajectory,grain,,1791324240000.0,,3.1861820066683
2026-10-07T01:32:46+00:00,area_trajectory,grain,,1791324360000.0,,3.24155456526205
2026-10-07T01:32:46+00:00,area_trajectory,grain,,1791324480000.0,,3.24155456526205
2026-10-07T01:32:46+00:00,area_trajectory,grain,,1791324600000.0,,3.16739465315267
2026-10-07T01:32:46+00:00,area_trajectory,grain,,1791324720000.0,,3.16739465315267
2026-10-07T01:32:46+00:00,area_trajectory,grain,,1791324840000.0,,3.18782995588705
2026-10-07T01:32:46+00:00,area_trajectory,grain,,1791324960000.0,,3.18782995588705
2026-10-07T01:32:46+00:00,area_trajectory,grain,,1791325080000.0,,3.2260634763948604
2026-10-07T01:32:46+00:00,area_trajectory,grain,,1791325200000.0,,3.2260634763948604
2026-10-07T01:32:46+00:00,area_trajectory,grain,,1791325320000.0,,3.2260634763948604
2026-10-07T01:32:46+00:00,area_trajectory,grain,,1791325440000.0,,3.2260634763948604
2026-10-07T01:32:46+00:00,area_trajectory,grain,,1791325560000.0,,3.24649877912924
2026-10-07T01:32:46+00:00,area_trajectory,grain,,1791325680000.0,,3.24649877912924
2026-10-07T01:32:46+00:00,area_trajectory,grain,,1791325800000.0,,3.22837060530111
2026-10-07T01:32:46+00:00,area_trajectory,grain,,1791325920000.0,,3.22837060530111
2026-10-07T01:32:46+00:00,area_trajectory,grain,,1791326040000.0,,3.22837060530111
2026-10-07T01:32:46+00:00,area_trajectory,grain,,1791326160000.0,,3.22837060530111
2026-10-07T01:32:46+00:00,area_trajectory,grain,,1791326280000.0,,3.22837060530111
2026-10-07T01:32:46+00:00,area_trajectory,grain,,1791326400000.0,,3.22837060530111
2026-10-07T01:32:46+00:00,area_trajectory,grain,,1791326520000.0,,3.22837060530111
2026-10-07T01:32:46+00:00,area_trajectory,grain,,1791326640000.0,,3.22837060530111
2026-10-07T01:32:46+00:00,area_trajectory,grain,,1791326760000.0,,3.2695704344026697
2026-10-07T01:32:46+00:00,area_trajectory,grain,,1791326880000.0,,3.2695704344026697
2026-10-07T01:32:46+00:00,area_trajectory,grain,,1791327000000.0,,3.19705847151205
2026-10-07T01:32:46+00:00,area_trajectory,grain,,1791327120000.0,,3.19705847151205
2026-10-07T01:32:46+00:00,area_trajectory,grain,,1791327240000.0,,3.17860107405111
2026-10-07T01:32:46+00:00,area_trajectory,grain,,1791327360000.0,,3.17860107405111
2026-10-07T01:32:46+00:00,area_trajectory,grain,,1791327480000.0,,3.21683459455892
2026-10-07T01:32:46+00:00,area_trajectory,grain,,1791327600000.0,,3.21683459455892
2026-10-07T01:32:46+00:00,area_trajectory,grain,,1791327720000.0,,3.21683459455892
2026-10-07T01:32:46+00:00,area_trajectory,grain,,1791327840000.0,,3.16376916487142
2026-10-07T01:32:46+00:00,area_trajectory,grain,,1791327960000.0,,3.2399066160433
2026-10-07T01:32:46+00:00,area_trajectory,grain,,1791328080000.0,,3.2399066160433
2026-10-07T01:32:46+00:00,area_trajectory,grain,,1791328200000.0,,3.20496899397299
2026-10-07T01:32:46+00:00,area_trajectory,grain,,1791328320000.0,,3.20496899397299
2026-10-07T01:32:46+00:00,area_trajectory,grain,,1791328440000.0,,3.24353210432455
2026-10-07T01:32:46+00:00,area_trajectory,grain,,1791328560000.0,,3.24353210432455
2026-10-07T01:32:46+00:00,area_trajectory,grain,,1791328680000.0,,3.22639306623861
2026-10-07T01:32:46+00:00,area_trajectory,grain,,1791328800000.0,,3.22639306623861
2026-10-07T01:32:46+00:00,area_trajectory,grain,,1791328920000.0,,3.1723385008089204
2026-10-07T01:32:46+00:00,area_trajectory,grain,,1791329040000.0,,3.1723385008089204
2026-10-07T01:32:46+00:00,area_trajectory,grain,,1791329160000.0,,3.1723385008089204
2026-10-07T01:32:46+00:00,area_trajectory,grain,,1791329280000.0,,3.1723385008089204
2026-10-07T01:32:46+00:00,area_trajectory,grain,,1791329400000.0,,3.2695704344026697
2026-10-07T01:32:46+00:00,area_trajectory,grain,,1791329520000.0,,3.2695704344026697
2026-10-07T01:32:46+00:00,area_trajectory,grain,,1791329640000.0,,3.25342016584799
2026-10-07T01:32:46+00:00,area_trajectory,grain,,1791329760000.0,,3.25342016584799
2026-10-07T01:32:46+00:00,area_trajectory,grain,,1791329880000.0,,3.1799194334261096
2026-10-07T01:32:46+00:00,area_trajectory,grain,,1791330000000.0,,3.1799194334261096
2026-10-07T01:32:46+00:00,area_trajectory,grain,,1791330120000.0,,3.22111926252767
2026-10-07T01:32:46+00:00,area_trajectory,grain,,1791330240000.0,,3.22111926252767
2026-10-07T01:32:46+00:00,area_trajectory,grain,,1791330360000.0,,3.31538488752767
2026-10-07T01:32:46+00:00,area_trajectory,grain,,1791330480000.0,,3.31538488752767
2026-10-07T01:32:46+00:00,area_trajectory,grain,,1791330600000.0,,3.22540429670736
2026-10-07T01:32:46+00:00,area_trajectory,grain,,1791330720000.0,,3.22540429670736
2026-10-07T01:32:46+00:00,area_trajectory,grain,,1791330840000.0,,3.2652857664339203
2026-10-07T01:32:46+00:00,area_trajectory,grain,,1791330960000.0,,3.2652857664339203
2026-10-07T01:32:46+00:00,area_trajectory,grain,,1791331080000.0,,3.2652857664339203
2026-10-07T01:32:46+00:00,area_trajectory,grain,,1791331200000.0,,3.2652857664339203
2026-10-07T01:32:46+00:00,area_trajectory,grain,,1791331320000.0,,3.2652857664339203
2026-10-07T01:32:46+00:00,area_trajectory,grain,,1791331440000.0,,3.21386828596517
2026-10-07T01:32:46+00:00,area_trajectory,grain,,1791331560000.0,,3.2346331785433002
2026-10-07T01:32:46+00:00,area_trajectory,grain,,1791331680000.0,,3.2346331785433002
2026-10-07T01:32:46+00:00,area_trajectory,grain,,1791331800000.0,,3.27319628889486
2026-10-07T01:32:46+00:00,area_trajectory,grain,,1791331920000.0,,3.27319628889486
2026-10-07T01:32:46+00:00,area_trajectory,grain,,1791332040000.0,,3.16310998518392
2026-10-07T01:32:46+00:00,area_trajectory,grain,,1791332160000.0,,3.16310998518392
2026-10-07T01:32:46+00:00,area_trajectory,grain,,1791332280000.0,,3.22177844221517
2026-10-07T01:32:46+00:00,area_trajectory,grain,,1791332400000.0,,3.22177844221517
2026-10-07T01:32:46+00:00,area_trajectory,grain,,1791332520000.0,,3.2613306883089197
2026-10-07T01:32:46+00:00,area_trajectory,grain,,1791332640000.0,,3.2613306883089197
2026-10-07T01:32:46+00:00,area_trajectory,grain,,1791332760000.0,,3.20694653303549
2026-10-07T01:32:46+00:00,area_trajectory,grain,,1791332880000.0,,3.20694653303549
2026-10-07T01:32:46+00:00,area_trajectory,grain,,1791333000000.0,,3.24748754866049
2026-10-07T01:32:46+00:00,area_trajectory,grain,,1791333120000.0,,3.24748754866049
2026-10-07T01:32:46+00:00,area_trajectory,grain,,1791333240000.0,,3.2125499265901696
2026-10-07T01:32:46+00:00,area_trajectory,grain,,1791333360000.0,,3.2125499265901696
2026-10-07T01:32:46+00:00,area_trajectory,grain,,1791333480000.0,,3.2125499265901696
2026-10-07T01:32:46+00:00,area_trajectory,grain,,1791333600000.0,,3.2125499265901696
2026-10-07T01:32:46+00:00,area_trajectory,grain,,1791333720000.0,,3.25342016584799
2026-10-07T01:32:46+00:00,area_trajectory,grain,,1791333840000.0,,3.25342016584799
2026-10-07T01:32:46+00:00,area_trajectory,grain,,1791333960000.0,,3.25342016584799
2026-10-07T01:32:46+00:00,area_trajectory,grain,,1791334080000.0,,3.25342016584799
2026-10-07T01:32:46+00:00,area_trajectory,grain,,1791334200000.0,,3.22111926252767
2026-10-07T01:32:46+00:00,area_trajectory,grain,,1791334320000.0,,3.22111926252767
2026-10-07T01:32:46+00:00,area_trajectory,grain,,1791334440000.0,,3.20496899397299
2026-10-07T01:32:46+00:00,area_trajectory,grain,,1791334560000.0,,3.20496899397299
2026-10-07T01:32:46+00:00,area_trajectory,grain,,1791334680000.0,,3.2840731199495496
2026-10-07T01:32:46+00:00,area_trajectory,grain,,1791334800000.0,,3.2840731199495496
2026-10-07T01:32:46+00:00,area_trajectory,grain,,1791334920000.0,,3.2840731199495496
2026-10-07T01:32:46+00:00,area_trajectory,grain,,1791335040000.0,,3.19376257307455
2026-10-07T01:32:46+00:00,area_trajectory,grain,,1791335160000.0,,3.2184825437776703
2026-10-07T01:32:46+00:00,area_trajectory,grain,,1791335280000.0,,3.2184825437776703
2026-10-07T01:32:46+00:00,area_trajectory,grain,,1791335400000.0,,3.2184825437776703
2026-10-07T01:32:46+00:00,area_trajectory,grain,,1791335520000.0,,3.2184825437776703
2026-10-07T01:32:46+00:00,area_trajectory,grain,,1791335640000.0,,3.2669337156526703
2026-10-07T01:32:46+00:00,area_trajectory,grain,,1791335760000.0,,3.2669337156526703
2026-10-07T01:32:46+00:00,area_trajectory,grain,,1791335880000.0,,3.25342016584799
2026-10-07T01:32:46+00:00,area_trajectory,grain,,1791336000000.0,,3.25342016584799
2026-10-07T01:32:46+00:00,area_trajectory,grain,,1791336120000.0,,3.21782336409017
2026-10-07T01:32:46+00:00,area_trajectory,grain,,1791336240000.0,,3.21782336409017
2026-10-07T01:32:46+00:00,area_trajectory,grain,,1791336360000.0,,3.2586939695589203
2026-10-07T01:32:46+00:00,area_trajectory,grain,,1791336480000.0,,3.2586939695589203
2026-10-07T01:32:46+00:00,area_trajectory,grain,,1791336600000.0,,3.20529858381674
2026-10-07T01:32:46+00:00,area_trajectory,grain,,1791336720000.0,,3.20529858381674
2026-10-07T01:32:46+00:00,area_trajectory,grain,,1791336840000.0,,3.22804101545736
2026-10-07T01:32:46+00:00,area_trajectory,grain,,1791336960000.0,,3.22804101545736
2026-10-07T01:32:46+00:00,area_trajectory,grain,,1791337080000.0,,3.26825207502767
2026-10-07T01:32:46+00:00,area_trajectory,grain,,1791337200000.0,,3.26825207502767
2026-10-07T01:32:46+00:00,area_trajectory,grain,,1791337320000.0,,3.2346331785433002
2026-10-07T01:32:46+00:00,area_trajectory,grain,,1791337440000.0,,3.2346331785433002
2026-10-07T01:32:46+00:00,area_trajectory,grain,,1791337560000.0,,3.2346331785433002
2026-10-07T01:32:46+00:00,area_trajectory,grain,,1791337680000.0,,3.2346331785433002
2026-10-07T01:32:46+00:00,area_trajectory,grain,,1791337800000.0,,3.27945849592611
2026-10-07T01:32:46+00:00,area_trajectory,grain,,1791337920000.0,,3.27945849592611
2026-10-07T01:32:46+00:00,area_trajectory,grain,,1791338040000.0,,3.2062873533479896
2026-10-07T01:32:46+00:00,area_trajectory,grain,,1791338160000.0,,3.2062873533479896
2026-10-07T01:32:46+00:00,area_trajectory,grain,,1791338280000.0,,3.2488059080354903
2026-10-07T01:32:46+00:00,area_trajectory,grain,,1791338400000.0,,3.2488059080354903
2026-10-07T01:32:46+00:00,area_trajectory,grain,,1791338520000.0,,3.2488059080354903
2026-10-07T01:32:46+00:00,area_trajectory,grain,,1791338640000.0,,3.2306777342073603
2026-10-07T01:32:46+00:00,area_trajectory,grain,,1791338760000.0,,3.29264245588705
2026-10-07T01:32:46+00:00,area_trajectory,grain,,1791338880000.0,,3.29264245588705
2026-10-07T01:32:46+00:00,area_trajectory,grain,,1791339000000.0,,3.19705847151205
2026-10-07T01:32:46+00:00,area_trajectory,grain,,1791339120000.0,,3.19705847151205
2026-10-07T01:32:46+00:00,area_trajectory,grain,,1791339240000.0,,3.29659790022299
2026-10-07T01:32:46+00:00,area_trajectory,grain,,1791339360000.0,,3.29659790022299
2026-10-07T01:32:46+00:00,area_trajectory,grain,,1791339480000.0,,3.18420410139486
2026-10-07T01:32:46+00:00,area_trajectory,grain,,1791339600000.0,,3.18420410139486
2026-10-07T01:32:46+00:00,area_trajectory,grain,,1791339720000.0,,3.2451800535433
2026-10-07T01:32:46+00:00,area_trajectory,milford_haven,,1791262800000.0,,5.134434223175051
2026-10-07T01:32:46+00:00,area_trajectory,milford_haven,,1791262920000.0,,5.134434223175051
2026-10-07T01:32:46+00:00,area_trajectory,milford_haven,,1791263040000.0,,5.08560419082642
2026-10-07T01:32:46+00:00,area_trajectory,milford_haven,,1791263160000.0,,5.08560419082642
2026-10-07T01:32:46+00:00,area_trajectory,milford_haven,,1791263280000.0,,5.08560419082642
2026-10-07T01:32:46+00:00,area_trajectory,milford_haven,,1791263400000.0,,5.08560419082642
2026-10-07T01:32:46+00:00,area_trajectory,milford_haven,,1791263520000.0,,5.08560419082642
2026-10-07T01:32:46+00:00,area_trajectory,milford_haven,,1791263640000.0,,5.08560419082642
2026-10-07T01:32:46+00:00,area_trajectory,milford_haven,,1791263760000.0,,5.08560419082642
2026-10-07T01:32:46+00:00,area_trajectory,milford_haven,,1791263880000.0,,5.08560419082642
2026-10-07T01:32:46+00:00,area_trajectory,milford_haven,,1791264000000.0,,5.08560419082642
2026-10-07T01:32:46+00:00,area_trajectory,milford_haven,,1791264120000.0,,5.08560419082642
2026-10-07T01:32:46+00:00,area_trajectory,milford_haven,,1791264240000.0,,5.08560419082642
2026-10-07T01:32:46+00:00,area_trajectory,milford_haven,,1791264360000.0,,5.08560419082642
2026-10-07T01:32:46+00:00,area_trajectory,milford_haven,,1791264480000.0,,5.08560419082642
2026-10-07T01:32:46+00:00,area_trajectory,milford_haven,,1791264600000.0,,5.08560419082642
2026-10-07T01:32:46+00:00,area_trajectory,milford_haven,,1791264720000.0,,5.08560419082642
2026-10-07T01:32:46+00:00,area_trajectory,milford_haven,,1791264840000.0,,5.08560419082642
2026-10-07T01:32:46+00:00,area_trajectory,milford_haven,,1791264960000.0,,5.08560419082642
2026-10-07T01:32:46+00:00,area_trajectory,milford_haven,,1791265080000.0,,5.08560419082642
2026-10-07T01:32:46+00:00,area_trajectory,milford_haven,,1791265200000.0,,5.08560419082642
2026-10-07T01:32:46+00:00,area_trajectory,milford_haven,,1791265320000.0,,5.08560419082642
2026-10-07T01:32:46+00:00,area_trajectory,milford_haven,,1791265440000.0,,5.08560419082642
2026-10-07T01:32:46+00:00,area_trajectory,milford_haven,,1791265560000.0,,5.08560419082642
2026-10-07T01:32:46+00:00,area_trajectory,milford_haven,,1791265680000.0,,5.08560419082642
2026-10-07T01:32:46+00:00,area_trajectory,milford_haven,,1791265800000.0,,5.08560419082642
2026-10-07T01:32:46+00:00,area_trajectory,milford_haven,,1791265920000.0,,5.08560419082642
2026-10-07T01:32:46+00:00,area_trajectory,milford_haven,,1791266040000.0,,5.08560419082642
2026-10-07T01:32:46+00:00,area_trajectory,milford_haven,,1791266160000.0,,5.08560419082642
2026-10-07T01:32:46+00:00,area_trajectory,milford_haven,,1791266280000.0,,5.08560419082642
2026-10-07T01:32:46+00:00,area_trajectory,milford_haven,,1791266400000.0,,5.08560419082642
2026-10-07T01:32:46+00:00,area_trajectory,milford_haven,,1791266520000.0,,5.08560419082642
2026-10-07T01:32:46+00:00,area_trajectory,milford_haven,,1791266640000.0,,5.07827997207642
2026-10-07T01:32:46+00:00,area_trajectory,milford_haven,,1791266760000.0,,5.07827997207642
2026-10-07T01:32:46+00:00,area_trajectory,milford_haven,,1791266880000.0,,5.07827997207642
2026-10-07T01:32:46+00:00,area_trajectory,milford_haven,,1791267000000.0,,5.07827997207642
2026-10-07T01:32:46+00:00,area_trajectory,milford_haven,,1791267120000.0,,5.17105627059936
2026-10-07T01:32:46+00:00,area_trajectory,milford_haven,,1791267240000.0,,5.17105627059936
2026-10-07T01:32:46+00:00,area_trajectory,milford_haven,,1791267360000.0,,5.18570518493652
2026-10-07T01:32:46+00:00,area_trajectory,milford_haven,,1791267480000.0,,5.18570518493652
2026-10-07T01:32:46+00:00,area_trajectory,milford_haven,,1791267600000.0,,5.18570518493652
2026-10-07T01:32:46+00:00,area_trajectory,milford_haven,,1791267720000.0,,5.18570518493652
2026-10-07T01:32:46+00:00,area_trajectory,milford_haven,,1791267840000.0,,5.18570518493652
2026-10-07T01:32:46+00:00,area_trajectory,milford_haven,,1791267960000.0,,5.18570518493652
2026-10-07T01:32:46+00:00,area_trajectory,milford_haven,,1791268080000.0,,5.18570518493652
2026-10-07T01:32:46+00:00,area_trajectory,milford_haven,,1791268200000.0,,5.18570518493652
2026-10-07T01:32:46+00:00,area_trajectory,milford_haven,,1791268320000.0,,5.18570518493652
2026-10-07T01:32:46+00:00,area_trajectory,milford_haven,,1791268440000.0,,5.18570518493652
2026-10-07T01:32:46+00:00,area_trajectory,milford_haven,,1791268560000.0,,5.18570518493652
2026-10-07T01:32:46+00:00,area_trajectory,milford_haven,,1791268680000.0,,5.18570518493652
2026-10-07T01:32:46+00:00,area_trajectory,milford_haven,,1791268800000.0,,5.18570518493652
2026-10-07T01:32:46+00:00,area_trajectory,milford_haven,,1791268920000.0,,5.18570518493652
2026-10-07T01:32:46+00:00,area_trajectory,milford_haven,,1791269040000.0,,5.18570518493652
2026-10-07T01:32:46+00:00,area_trajectory,milford_haven,,1791269160000.0,,5.18570518493652
2026-10-07T01:32:46+00:00,area_trajectory,milford_haven,,1791269280000.0,,5.18570518493652
2026-10-07T01:32:46+00:00,area_trajectory,milford_haven,,1791269400000.0,,5.18570518493652
2026-10-07T01:32:46+00:00,area_trajectory,milford_haven,,1791269520000.0,,5.18570518493652
2026-10-07T01:32:46+00:00,area_trajectory,milford_haven,,1791269640000.0,,5.18570518493652
2026-10-07T01:32:46+00:00,area_trajectory,milford_haven,,1791269760000.0,,5.18570518493652
2026-10-07T01:32:46+00:00,area_trajectory,milford_haven,,1791269880000.0,,5.18570518493652
2026-10-07T01:32:46+00:00,area_trajectory,milford_haven,,1791270000000.0,,5.18570518493652
2026-10-07T01:32:46+00:00,area_trajectory,milford_haven,,1791270120000.0,,5.18570518493652
2026-10-07T01:32:46+00:00,area_trajectory,milford_haven,,1791270240000.0,,5.232093334198
2026-10-07T01:32:46+00:00,area_trajectory,milford_haven,,1791270360000.0,,5.232093334198
2026-10-07T01:32:46+00:00,area_trajectory,milford_haven,,1791270480000.0,,5.232093334198
2026-10-07T01:32:46+00:00,area_trajectory,milford_haven,,1791270600000.0,,5.232093334198
2026-10-07T01:32:46+00:00,area_trajectory,milford_haven,,1791270720000.0,,5.232093334198
2026-10-07T01:32:46+00:00,area_trajectory,milford_haven,,1791270840000.0,,5.232093334198
2026-10-07T01:32:46+00:00,area_trajectory,milford_haven,,1791270960000.0,,5.232093334198
2026-10-07T01:32:46+00:00,area_trajectory,milford_haven,,1791271080000.0,,5.232093334198
2026-10-07T01:32:46+00:00,area_trajectory,milford_haven,,1791271200000.0,,5.232093334198
2026-10-07T01:32:46+00:00,area_trajectory,milford_haven,,1791271320000.0,,5.232093334198
2026-10-07T01:32:46+00:00,area_trajectory,milford_haven,,1791271440000.0,,5.232093334198
2026-10-07T01:32:46+00:00,area_trajectory,milford_haven,,1791271560000.0,,5.232093334198
2026-10-07T01:32:46+00:00,area_trajectory,milford_haven,,1791271680000.0,,5.232093334198
2026-10-07T01:32:46+00:00,area_trajectory,milford_haven,,1791271800000.0,,5.232093334198
2026-10-07T01:32:46+00:00,area_trajectory,milford_haven,,1791271920000.0,,5.232093334198
2026-10-07T01:32:46+00:00,area_trajectory,milford_haven,,1791272040000.0,,5.232093334198
2026-10-07T01:32:46+00:00,area_trajectory,milford_haven,,1791272160000.0,,5.232093334198
2026-10-07T01:32:46+00:00,area_trajectory,milford_haven,,1791272280000.0,,5.232093334198
2026-10-07T01:32:46+00:00,area_trajectory,milford_haven,,1791272400000.0,,5.232093334198
2026-10-07T01:32:46+00:00,area_trajectory,milford_haven,,1791272520000.0,,5.232093334198
2026-10-07T01:32:46+00:00,area_trajectory,milford_haven,,1791272640000.0,,5.232093334198
2026-10-07T01:32:46+00:00,area_trajectory,milford_haven,,1791272760000.0,,5.232093334198
2026-10-07T01:32:46+00:00,area_trajectory,milford_haven,,1791272880000.0,,5.232093334198
2026-10-07T01:32:46+00:00,area_trajectory,milford_haven,,1791273000000.0,,5.232093334198
2026-10-07T01:32:46+00:00,area_trajectory,milford_haven,,1791273120000.0,,5.232093334198
2026-10-07T01:32:46+00:00,area_trajectory,milford_haven,,1791273240000.0,,5.232093334198
2026-10-07T01:32:46+00:00,area_trajectory,milford_haven,,1791273360000.0,,5.232093334198
2026-10-07T01:32:46+00:00,area_trajectory,milford_haven,,1791273480000.0,,5.232093334198
2026-10-07T01:32:46+00:00,area_trajectory,milford_haven,,1791273600000.0,,5.25650787353516
2026-10-07T01:32:46+00:00,area_trajectory,milford_haven,,1791273720000.0,,5.25650787353516
2026-10-07T01:32:46+00:00,area_trajectory,milford_haven,,1791273840000.0,,5.26871538162231
2026-10-07T01:32:46+00:00,area_trajectory,milford_haven,,1791273960000.0,,5.26871538162231
2026-10-07T01:32:46+00:00,area_trajectory,milford_haven,,1791274080000.0,,5.26871538162231
2026-10-07T01:32:46+00:00,area_trajectory,milford_haven,,1791274200000.0,,5.26871538162231
2026-10-07T01:32:46+00:00,area_trajectory,milford_haven,,1791274320000.0,,5.26871538162231
2026-10-07T01:32:46+00:00,area_trajectory,milford_haven,,1791274440000.0,,5.26871538162231
2026-10-07T01:32:46+00:00,area_trajectory,milford_haven,,1791274560000.0,,5.26871538162231
2026-10-07T01:32:46+00:00,area_trajectory,milford_haven,,1791274680000.0,,5.26871538162231
2026-10-07T01:32:46+00:00,area_trajectory,milford_haven,,1791274800000.0,,5.26871538162231
2026-10-07T01:32:46+00:00,area_trajectory,milford_haven,,1791274920000.0,,5.26871538162231
2026-10-07T01:32:46+00:00,area_trajectory,milford_haven,,1791275040000.0,,5.26871538162231
2026-10-07T01:32:46+00:00,area_trajectory,milford_haven,,1791275160000.0,,5.26871538162231
2026-10-07T01:32:46+00:00,area_trajectory,milford_haven,,1791275280000.0,,5.26871538162231
2026-10-07T01:32:46+00:00,area_trajectory,milford_haven,,1791275400000.0,,5.26871538162231
2026-10-07T01:32:46+00:00,area_trajectory,milford_haven,,1791275520000.0,,5.26871538162231
2026-10-07T01:32:46+00:00,area_trajectory,milford_haven,,1791275640000.0,,5.26871538162231
2026-10-07T01:32:46+00:00,area_trajectory,milford_haven,,1791275760000.0,,5.26871538162231
2026-10-07T01:32:46+00:00,area_trajectory,milford_haven,,1791275880000.0,,5.26871538162231
2026-10-07T01:32:46+00:00,area_trajectory,milford_haven,,1791276000000.0,,5.26871538162231
2026-10-07T01:32:46+00:00,area_trajectory,milford_haven,,1791276120000.0,,5.26871538162231
2026-10-07T01:32:46+00:00,area_trajectory,milford_haven,,1791276240000.0,,5.26871538162231
2026-10-07T01:32:46+00:00,area_trajectory,milford_haven,,1791276360000.0,,5.26871538162231
2026-10-07T01:32:46+00:00,area_trajectory,milford_haven,,1791276480000.0,,5.26871538162231
2026-10-07T01:32:46+00:00,area_trajectory,milford_haven,,1791276600000.0,,5.26871538162231
2026-10-07T01:32:46+00:00,area_trajectory,milford_haven,,1791276720000.0,,5.26871538162231
2026-10-07T01:32:46+00:00,area_trajectory,milford_haven,,1791276840000.0,,5.26871538162231
2026-10-07T01:32:46+00:00,area_trajectory,milford_haven,,1791276960000.0,,5.26871538162231
2026-10-07T01:32:46+00:00,area_trajectory,milford_haven,,1791277080000.0,,5.26871538162231
2026-10-07T01:32:46+00:00,area_trajectory,milford_haven,,1791277200000.0,,5.26871538162231
2026-10-07T01:32:46+00:00,area_trajectory,milford_haven,,1791277320000.0,,5.26871538162231
2026-10-07T01:32:46+00:00,area_trajectory,milford_haven,,1791277440000.0,,5.25406646728516
2026-10-07T01:32:46+00:00,area_trajectory,milford_haven,,1791277560000.0,,5.25406646728516
2026-10-07T01:32:46+00:00,area_trajectory,milford_haven,,1791277680000.0,,5.25406646728516
2026-10-07T01:32:46+00:00,area_trajectory,milford_haven,,1791277800000.0,,5.25406646728516
2026-10-07T01:32:46+00:00,area_trajectory,milford_haven,,1791277920000.0,,5.25406646728516
2026-10-07T01:32:46+00:00,area_trajectory,milford_haven,,1791278040000.0,,5.25406646728516
2026-10-07T01:32:46+00:00,area_trajectory,milford_haven,,1791278160000.0,,5.25406646728516
2026-10-07T01:32:46+00:00,area_trajectory,milford_haven,,1791278280000.0,,5.25406646728516
2026-10-07T01:32:46+00:00,area_trajectory,milford_haven,,1791278400000.0,,5.25406646728516
2026-10-07T01:32:46+00:00,area_trajectory,milford_haven,,1791278520000.0,,5.25406646728516
2026-10-07T01:32:46+00:00,area_trajectory,milford_haven,,1791278640000.0,,5.25406646728516
2026-10-07T01:32:46+00:00,area_trajectory,milford_haven,,1791278760000.0,,5.25406646728516
2026-10-07T01:32:46+00:00,area_trajectory,milford_haven,,1791278880000.0,,5.25406646728516
2026-10-07T01:32:46+00:00,area_trajectory,milford_haven,,1791279000000.0,,5.25406646728516
2026-10-07T01:32:46+00:00,area_trajectory,milford_haven,,1791279120000.0,,5.25406646728516
2026-10-07T01:32:46+00:00,area_trajectory,milford_haven,,1791279240000.0,,5.25406646728516
2026-10-07T01:32:46+00:00,area_trajectory,milford_haven,,1791279360000.0,,5.25406646728516
2026-10-07T01:32:46+00:00,area_trajectory,milford_haven,,1791279480000.0,,5.25406646728516
2026-10-07T01:32:46+00:00,area_trajectory,milford_haven,,1791279600000.0,,5.25406646728516
2026-10-07T01:32:46+00:00,area_trajectory,milford_haven,,1791279720000.0,,5.25406646728516
2026-10-07T01:32:46+00:00,area_trajectory,milford_haven,,1791279840000.0,,5.25406646728516
2026-10-07T01:32:46+00:00,area_trajectory,milford_haven,,1791279960000.0,,5.25406646728516
2026-10-07T01:32:46+00:00,area_trajectory,milford_haven,,1791280080000.0,,5.25406646728516
2026-10-07T01:32:46+00:00,area_trajectory,milford_haven,,1791280200000.0,,5.25406646728516
2026-10-07T01:32:46+00:00,area_trajectory,milford_haven,,1791280320000.0,,5.25406646728516
2026-10-07T01:32:46+00:00,area_trajectory,milford_haven,,1791280440000.0,,5.25406646728516
2026-10-07T01:32:46+00:00,area_trajectory,milford_haven,,1791280560000.0,,5.25406646728516
2026-10-07T01:32:46+00:00,area_trajectory,milford_haven,,1791280680000.0,,5.25406646728516
2026-10-07T01:32:46+00:00,area_trajectory,milford_haven,,1791280800000.0,,5.25406646728516
2026-10-07T01:32:46+00:00,area_trajectory,milford_haven,,1791280920000.0,,5.25406646728516
2026-10-07T01:32:46+00:00,area_trajectory,milford_haven,,1791281040000.0,,5.31998634338379
2026-10-07T01:32:46+00:00,area_trajectory,milford_haven,,1791281160000.0,,5.31998634338379
2026-10-07T01:32:46+00:00,area_trajectory,milford_haven,,1791281280000.0,,5.31998634338379
2026-10-07T01:32:46+00:00,area_trajectory,milford_haven,,1791281400000.0,,5.31998634338379
2026-10-07T01:32:46+00:00,area_trajectory,milford_haven,,1791281520000.0,,5.31998634338379
2026-10-07T01:32:46+00:00,area_trajectory,milford_haven,,1791281640000.0,,5.31998634338379
2026-10-07T01:32:46+00:00,area_trajectory,milford_haven,,1791281760000.0,,5.31998634338379
2026-10-07T01:32:46+00:00,area_trajectory,milford_haven,,1791281880000.0,,5.31998634338379
2026-10-07T01:32:46+00:00,area_trajectory,milford_haven,,1791282000000.0,,5.31998634338379
2026-10-07T01:32:46+00:00,area_trajectory,milford_haven,,1791282120000.0,,5.31998634338379
2026-10-07T01:32:46+00:00,area_trajectory,milford_haven,,1791282240000.0,,5.31998634338379
2026-10-07T01:32:46+00:00,area_trajectory,milford_haven,,1791282360000.0,,5.31998634338379
2026-10-07T01:32:46+00:00,area_trajectory,milford_haven,,1791282480000.0,,5.31998634338379
2026-10-07T01:32:46+00:00,area_trajectory,milford_haven,,1791282600000.0,,5.31998634338379
2026-10-07T01:32:46+00:00,area_trajectory,milford_haven,,1791282720000.0,,5.31998634338379
2026-10-07T01:32:46+00:00,area_trajectory,milford_haven,,1791282840000.0,,5.31998634338379
2026-10-07T01:32:46+00:00,area_trajectory,milford_haven,,1791282960000.0,,5.31998634338379
2026-10-07T01:32:46+00:00,area_trajectory,milford_haven,,1791283080000.0,,5.31998634338379
2026-10-07T01:32:46+00:00,area_trajectory,milford_haven,,1791283200000.0,,5.31998634338379
2026-10-07T01:32:46+00:00,area_trajectory,milford_haven,,1791283320000.0,,5.31998634338379
2026-10-07T01:32:46+00:00,area_trajectory,milford_haven,,1791283440000.0,,5.239417552948
2026-10-07T01:32:46+00:00,area_trajectory,milford_haven,,1791283560000.0,,5.239417552948
2026-10-07T01:32:46+00:00,area_trajectory,milford_haven,,1791283680000.0,,5.239417552948
2026-10-07T01:32:46+00:00,area_trajectory,milford_haven,,1791283800000.0,,5.239417552948
2026-10-07T01:32:46+00:00,area_trajectory,milford_haven,,1791283920000.0,,5.239417552948
2026-10-07T01:32:46+00:00,area_trajectory,milford_haven,,1791284040000.0,,5.239417552948
2026-10-07T01:32:46+00:00,area_trajectory,milford_haven,,1791284160000.0,,5.239417552948
2026-10-07T01:32:46+00:00,area_trajectory,milford_haven,,1791284280000.0,,5.239417552948
2026-10-07T01:32:46+00:00,area_trajectory,milford_haven,,1791284400000.0,,5.239417552948
2026-10-07T01:32:46+00:00,area_trajectory,milford_haven,,1791284520000.0,,5.239417552948
2026-10-07T01:32:46+00:00,area_trajectory,milford_haven,,1791284640000.0,,5.26871538162231
2026-10-07T01:32:46+00:00,area_trajectory,milford_haven,,1791284760000.0,,5.26871538162231
2026-10-07T01:32:46+00:00,area_trajectory,milford_haven,,1791284880000.0,,5.26871538162231
2026-10-07T01:32:46+00:00,area_trajectory,milford_haven,,1791285000000.0,,5.18570518493652
2026-10-07T01:32:46+00:00,area_trajectory,milford_haven,,1791285120000.0,,5.18570518493652
2026-10-07T01:32:46+00:00,area_trajectory,milford_haven,,1791285240000.0,,5.18570518493652
2026-10-07T01:32:46+00:00,area_trajectory,milford_haven,,1791285360000.0,,5.18570518493652
2026-10-07T01:32:46+00:00,area_trajectory,milford_haven,,1791285480000.0,,5.18570518493652
2026-10-07T01:32:46+00:00,area_trajectory,milford_haven,,1791285600000.0,,5.18570518493652
2026-10-07T01:32:46+00:00,area_trajectory,milford_haven,,1791285720000.0,,5.18570518493652
2026-10-07T01:32:46+00:00,area_trajectory,milford_haven,,1791285840000.0,,5.18570518493652
2026-10-07T01:32:46+00:00,area_trajectory,milford_haven,,1791285960000.0,,5.18570518493652
2026-10-07T01:32:46+00:00,area_trajectory,milford_haven,,1791286080000.0,,5.18570518493652
2026-10-07T01:32:46+00:00,area_trajectory,milford_haven,,1791286200000.0,,5.18570518493652
2026-10-07T01:32:46+00:00,area_trajectory,milford_haven,,1791286320000.0,,5.18570518493652
2026-10-07T01:32:46+00:00,area_trajectory,milford_haven,,1791286440000.0,,5.18570518493652
2026-10-07T01:32:46+00:00,area_trajectory,milford_haven,,1791286560000.0,,5.18570518493652
2026-10-07T01:32:46+00:00,area_trajectory,milford_haven,,1791286680000.0,,5.18570518493652
2026-10-07T01:32:46+00:00,area_trajectory,milford_haven,,1791286800000.0,,5.18570518493652
2026-10-07T01:32:46+00:00,area_trajectory,milford_haven,,1791286920000.0,,5.18570518493652
2026-10-07T01:32:46+00:00,area_trajectory,milford_haven,,1791287040000.0,,5.18570518493652
2026-10-07T01:32:46+00:00,area_trajectory,milford_haven,,1791287160000.0,,5.18570518493652
2026-10-07T01:32:46+00:00,area_trajectory,milford_haven,,1791287280000.0,,5.18570518493652
2026-10-07T01:32:46+00:00,area_trajectory,milford_haven,,1791287400000.0,,5.18570518493652
2026-10-07T01:32:46+00:00,area_trajectory,milford_haven,,1791287520000.0,,5.18570518493652
2026-10-07T01:32:46+00:00,area_trajectory,milford_haven,,1791287640000.0,,5.18570518493652
2026-10-07T01:32:46+00:00,area_trajectory,milford_haven,,1791287760000.0,,5.18570518493652
2026-10-07T01:32:46+00:00,area_trajectory,milford_haven,,1791287880000.0,,5.18570518493652
2026-10-07T01:32:46+00:00,area_trajectory,milford_haven,,1791288000000.0,,5.18570518493652
2026-10-07T01:32:46+00:00,area_trajectory,milford_haven,,1791288120000.0,,5.18570518493652
2026-10-07T01:32:46+00:00,area_trajectory,milford_haven,,1791288240000.0,,5.20279550552368
2026-10-07T01:32:46+00:00,area_trajectory,milford_haven,,1791288360000.0,,5.20279550552368
2026-10-07T01:32:46+00:00,area_trajectory,milford_haven,,1791288480000.0,,5.20279550552368
2026-10-07T01:32:46+00:00,area_trajectory,milford_haven,,1791288600000.0,,5.20279550552368
2026-10-07T01:32:46+00:00,area_trajectory,milford_haven,,1791288720000.0,,5.20279550552368
2026-10-07T01:32:46+00:00,area_trajectory,milford_haven,,1791288840000.0,,5.20279550552368
2026-10-07T01:32:46+00:00,area_trajectory,milford_haven,,1791288960000.0,,5.20279550552368
2026-10-07T01:32:46+00:00,area_trajectory,milford_haven,,1791289080000.0,,5.20279550552368
2026-10-07T01:32:46+00:00,area_trajectory,milford_haven,,1791289200000.0,,5.20279550552368
2026-10-07T01:32:46+00:00,area_trajectory,milford_haven,,1791289320000.0,,5.20279550552368
2026-10-07T01:32:46+00:00,area_trajectory,milford_haven,,1791289440000.0,,5.20279550552368
2026-10-07T01:32:46+00:00,area_trajectory,milford_haven,,1791289560000.0,,5.20279550552368
2026-10-07T01:32:46+00:00,area_trajectory,milford_haven,,1791289680000.0,,5.20279550552368
2026-10-07T01:32:46+00:00,area_trajectory,milford_haven,,1791289800000.0,,5.20279550552368
2026-10-07T01:32:46+00:00,area_trajectory,milford_haven,,1791289920000.0,,5.20279550552368
2026-10-07T01:32:46+00:00,area_trajectory,milford_haven,,1791290040000.0,,5.20279550552368
2026-10-07T01:32:46+00:00,area_trajectory,milford_haven,,1791290160000.0,,5.20279550552368
2026-10-07T01:32:46+00:00,area_trajectory,milford_haven,,1791290280000.0,,5.20279550552368
2026-10-07T01:32:46+00:00,area_trajectory,milford_haven,,1791290400000.0,,5.20279550552368
2026-10-07T01:32:46+00:00,area_trajectory,milford_haven,,1791290520000.0,,5.20279550552368
2026-10-07T01:32:46+00:00,area_trajectory,milford_haven,,1791290640000.0,,5.20279550552368
2026-10-07T01:32:46+00:00,area_trajectory,milford_haven,,1791290760000.0,,5.20279550552368
2026-10-07T01:32:46+00:00,area_trajectory,milford_haven,,1791290880000.0,,5.20279550552368
2026-10-07T01:32:46+00:00,area_trajectory,milford_haven,,1791291000000.0,,5.20279550552368
2026-10-07T01:32:46+00:00,area_trajectory,milford_haven,,1791291120000.0,,5.20279550552368
2026-10-07T01:32:46+00:00,area_trajectory,milford_haven,,1791291240000.0,,5.20279550552368
2026-10-07T01:32:46+00:00,area_trajectory,milford_haven,,1791291360000.0,,5.20279550552368
2026-10-07T01:32:46+00:00,area_trajectory,milford_haven,,1791291480000.0,,5.20279550552368
2026-10-07T01:32:46+00:00,area_trajectory,milford_haven,,1791291600000.0,,5.20279550552368
2026-10-07T01:32:46+00:00,area_trajectory,milford_haven,,1791291720000.0,,5.20279550552368
2026-10-07T01:32:46+00:00,area_trajectory,milford_haven,,1791291840000.0,,5.19058799743652
2026-10-07T01:32:46+00:00,area_trajectory,milford_haven,,1791291960000.0,,5.19058799743652
2026-10-07T01:32:46+00:00,area_trajectory,milford_haven,,1791292080000.0,,5.19058799743652
2026-10-07T01:32:46+00:00,area_trajectory,milford_haven,,1791292200000.0,,5.19058799743652
2026-10-07T01:32:46+00:00,area_trajectory,milford_haven,,1791292320000.0,,5.19058799743652
2026-10-07T01:32:46+00:00,area_trajectory,milford_haven,,1791292440000.0,,5.19058799743652
2026-10-07T01:32:46+00:00,area_trajectory,milford_haven,,1791292560000.0,,5.19058799743652
2026-10-07T01:32:46+00:00,area_trajectory,milford_haven,,1791292680000.0,,5.19058799743652
2026-10-07T01:32:46+00:00,area_trajectory,milford_haven,,1791292800000.0,,5.19058799743652
2026-10-07T01:32:46+00:00,area_trajectory,milford_haven,,1791292920000.0,,5.19058799743652
2026-10-07T01:32:46+00:00,area_trajectory,milford_haven,,1791293040000.0,,5.19058799743652
2026-10-07T01:32:46+00:00,area_trajectory,milford_haven,,1791293160000.0,,5.19058799743652
2026-10-07T01:32:46+00:00,area_trajectory,milford_haven,,1791293280000.0,,5.19058799743652
2026-10-07T01:32:46+00:00,area_trajectory,milford_haven,,1791293400000.0,,5.16617345809936
2026-10-07T01:32:46+00:00,area_trajectory,milford_haven,,1791293520000.0,,5.16617345809936
2026-10-07T01:32:46+00:00,area_trajectory,milford_haven,,1791293640000.0,,5.16617345809936
2026-10-07T01:32:46+00:00,area_trajectory,milford_haven,,1791293760000.0,,5.16617345809936
2026-10-07T01:32:46+00:00,area_trajectory,milford_haven,,1791293880000.0,,5.16617345809936
2026-10-07T01:32:46+00:00,area_trajectory,milford_haven,,1791294000000.0,,5.16617345809936
2026-10-07T01:32:46+00:00,area_trajectory,milford_haven,,1791294120000.0,,5.16617345809936
2026-10-07T01:32:46+00:00,area_trajectory,milford_haven,,1791294240000.0,,5.16617345809936
2026-10-07T01:32:46+00:00,area_trajectory,milford_haven,,1791294360000.0,,5.16617345809936
2026-10-07T01:32:46+00:00,area_trajectory,milford_haven,,1791294480000.0,,5.16617345809936
2026-10-07T01:32:46+00:00,area_trajectory,milford_haven,,1791294600000.0,,5.18082237243652
2026-10-07T01:32:46+00:00,area_trajectory,milford_haven,,1791294720000.0,,5.18082237243652
2026-10-07T01:32:46+00:00,area_trajectory,milford_haven,,1791294840000.0,,5.18082237243652
2026-10-07T01:32:46+00:00,area_trajectory,milford_haven,,1791294960000.0,,5.18082237243652
2026-10-07T01:32:46+00:00,area_trajectory,milford_haven,,1791295080000.0,,5.18082237243652
2026-10-07T01:32:46+00:00,area_trajectory,milford_haven,,1791295200000.0,,5.18082237243652
2026-10-07T01:32:46+00:00,area_trajectory,milford_haven,,1791295320000.0,,5.18082237243652
2026-10-07T01:32:46+00:00,area_trajectory,milford_haven,,1791295440000.0,,5.22476863861084
2026-10-07T01:32:46+00:00,area_trajectory,milford_haven,,1791295560000.0,,5.22476863861084
2026-10-07T01:32:46+00:00,area_trajectory,milford_haven,,1791295680000.0,,5.22476863861084
2026-10-07T01:32:46+00:00,area_trajectory,milford_haven,,1791295800000.0,,5.22476863861084
2026-10-07T01:32:46+00:00,area_trajectory,milford_haven,,1791295920000.0,,5.22476863861084
2026-10-07T01:32:46+00:00,area_trajectory,milford_haven,,1791296040000.0,,5.22476863861084
2026-10-07T01:32:46+00:00,area_trajectory,milford_haven,,1791296160000.0,,5.22476863861084
2026-10-07T01:32:46+00:00,area_trajectory,milford_haven,,1791296280000.0,,5.22476863861084
2026-10-07T01:32:46+00:00,area_trajectory,milford_haven,,1791296400000.0,,5.22476863861084
2026-10-07T01:32:46+00:00,area_trajectory,milford_haven,,1791296520000.0,,5.22476863861084
2026-10-07T01:32:46+00:00,area_trajectory,milford_haven,,1791296640000.0,,5.22476863861084
2026-10-07T01:32:46+00:00,area_trajectory,milford_haven,,1791296760000.0,,5.22476863861084
2026-10-07T01:32:46+00:00,area_trajectory,milford_haven,,1791296880000.0,,5.22476863861084
2026-10-07T01:32:46+00:00,area_trajectory,milford_haven,,1791297000000.0,,5.22476863861084
2026-10-07T01:32:46+00:00,area_trajectory,milford_haven,,1791297120000.0,,5.22476863861084
2026-10-07T01:32:46+00:00,area_trajectory,milford_haven,,1791297240000.0,,5.22476863861084
2026-10-07T01:32:46+00:00,area_trajectory,milford_haven,,1791297360000.0,,5.22476863861084
2026-10-07T01:32:46+00:00,area_trajectory,milford_haven,,1791297480000.0,,5.22476863861084
2026-10-07T01:32:46+00:00,area_trajectory,milford_haven,,1791297600000.0,,5.22476863861084
2026-10-07T01:32:46+00:00,area_trajectory,milford_haven,,1791297720000.0,,5.22476863861084
2026-10-07T01:32:46+00:00,area_trajectory,milford_haven,,1791297840000.0,,5.22476863861084
2026-10-07T01:32:46+00:00,area_trajectory,milford_haven,,1791297960000.0,,5.22476863861084
2026-10-07T01:32:46+00:00,area_trajectory,milford_haven,,1791298080000.0,,5.22476863861084
2026-10-07T01:32:46+00:00,area_trajectory,milford_haven,,1791298200000.0,,5.22476863861084
2026-10-07T01:32:46+00:00,area_trajectory,milford_haven,,1791298320000.0,,5.22476863861084
2026-10-07T01:32:46+00:00,area_trajectory,milford_haven,,1791298440000.0,,5.34684276580811
2026-10-07T01:32:46+00:00,area_trajectory,milford_haven,,1791298560000.0,,5.43229484558106
2026-10-07T01:32:46+00:00,area_trajectory,milford_haven,,1791298680000.0,,5.43229484558106
2026-10-07T01:32:46+00:00,area_trajectory,milford_haven,,1791298800000.0,,5.43229484558106
2026-10-07T01:32:46+00:00,area_trajectory,milford_haven,,1791298920000.0,,5.43229484558106
2026-10-07T01:32:46+00:00,area_trajectory,milford_haven,,1791299040000.0,,5.4249701499939
2026-10-07T01:32:46+00:00,area_trajectory,milford_haven,,1791299160000.0,,5.4249701499939
2026-10-07T01:32:46+00:00,area_trajectory,milford_haven,,1791299280000.0,,5.4249701499939
2026-10-07T01:32:46+00:00,area_trajectory,milford_haven,,1791299400000.0,,5.4249701499939
2026-10-07T01:32:46+00:00,area_trajectory,milford_haven,,1791299520000.0,,5.4249701499939
2026-10-07T01:32:46+00:00,area_trajectory,milford_haven,,1791299640000.0,,5.4249701499939
2026-10-07T01:32:46+00:00,area_trajectory,milford_haven,,1791299760000.0,,5.4249701499939
2026-10-07T01:32:46+00:00,area_trajectory,milford_haven,,1791299880000.0,,5.4249701499939
2026-10-07T01:32:46+00:00,area_trajectory,milford_haven,,1791300000000.0,,5.4249701499939
2026-10-07T01:32:46+00:00,area_trajectory,milford_haven,,1791300120000.0,,5.4249701499939
2026-10-07T01:32:46+00:00,area_trajectory,milford_haven,,1791300240000.0,,5.33463525772095
2026-10-07T01:32:46+00:00,area_trajectory,milford_haven,,1791300360000.0,,5.33463525772095
2026-10-07T01:32:46+00:00,area_trajectory,milford_haven,,1791300480000.0,,5.33463525772095
2026-10-07T01:32:46+00:00,area_trajectory,milford_haven,,1791300600000.0,,5.33463525772095
2026-10-07T01:32:46+00:00,area_trajectory,milford_haven,,1791300720000.0,,5.33463525772095
2026-10-07T01:32:46+00:00,area_trajectory,milford_haven,,1791300840000.0,,5.33463525772095
2026-10-07T01:32:46+00:00,area_trajectory,milford_haven,,1791300960000.0,,5.33463525772095
2026-10-07T01:32:46+00:00,area_trajectory,milford_haven,,1791301080000.0,,5.33463525772095
2026-10-07T01:32:46+00:00,area_trajectory,milford_haven,,1791301200000.0,,5.33463525772095
2026-10-07T01:32:46+00:00,area_trajectory,milford_haven,,1791301320000.0,,5.33463525772095
2026-10-07T01:32:46+00:00,area_trajectory,milford_haven,,1791301440000.0,,5.33463525772095
2026-10-07T01:32:46+00:00,area_trajectory,milford_haven,,1791301560000.0,,5.33463525772095
2026-10-07T01:32:46+00:00,area_trajectory,milford_haven,,1791301680000.0,,5.33463525772095
2026-10-07T01:32:46+00:00,area_trajectory,milford_haven,,1791301800000.0,,5.33463525772095
2026-10-07T01:32:46+00:00,area_trajectory,milford_haven,,1791301920000.0,,5.33463525772095
2026-10-07T01:32:46+00:00,area_trajectory,milford_haven,,1791302040000.0,,5.33463525772095
2026-10-07T01:32:46+00:00,area_trajectory,milford_haven,,1791302160000.0,,5.33463525772095
2026-10-07T01:32:46+00:00,area_trajectory,milford_haven,,1791302280000.0,,5.33463525772095
2026-10-07T01:32:46+00:00,area_trajectory,milford_haven,,1791302400000.0,,5.33463525772095
2026-10-07T01:32:46+00:00,area_trajectory,milford_haven,,1791302520000.0,,5.33463525772095
2026-10-07T01:32:46+00:00,area_trajectory,milford_haven,,1791302640000.0,,5.37125778198242
2026-10-07T01:32:46+00:00,area_trajectory,milford_haven,,1791302760000.0,,5.37125778198242
2026-10-07T01:32:46+00:00,area_trajectory,milford_haven,,1791302880000.0,,5.37125778198242
2026-10-07T01:32:46+00:00,area_trajectory,milford_haven,,1791303000000.0,,5.59343242645264
2026-10-07T01:32:46+00:00,area_trajectory,milford_haven,,1791303120000.0,,5.42985343933106
2026-10-07T01:32:46+00:00,area_trajectory,milford_haven,,1791303240000.0,,5.51530504226685
2026-10-07T01:32:46+00:00,area_trajectory,milford_haven,,1791303360000.0,,5.51530504226685
2026-10-07T01:32:46+00:00,area_trajectory,milford_haven,,1791303480000.0,,5.51530504226685
2026-10-07T01:32:46+00:00,area_trajectory,milford_haven,,1791303600000.0,,5.51530504226685
2026-10-07T01:32:46+00:00,area_trajectory,milford_haven,,1791303720000.0,,5.51530504226685
2026-10-07T01:32:46+00:00,area_trajectory,milford_haven,,1791303840000.0,,5.39811372756958
2026-10-07T01:32:46+00:00,area_trajectory,milford_haven,,1791303960000.0,,5.39811372756958
2026-10-07T01:32:46+00:00,area_trajectory,milford_haven,,1791304080000.0,,5.28092288970947
2026-10-07T01:32:46+00:00,area_trajectory,milford_haven,,1791304200000.0,,5.28092288970947
2026-10-07T01:32:46+00:00,area_trajectory,milford_haven,,1791304320000.0,,5.28092288970947
2026-10-07T01:32:46+00:00,area_trajectory,milford_haven,,1791304440000.0,,5.28092288970947
2026-10-07T01:32:46+00:00,area_trajectory,milford_haven,,1791304560000.0,,5.43229484558106
2026-10-07T01:32:46+00:00,area_trajectory,milford_haven,,1791304680000.0,,5.43229484558106
2026-10-07T01:32:46+00:00,area_trajectory,milford_haven,,1791304800000.0,,5.43229484558106
2026-10-07T01:32:46+00:00,area_trajectory,milford_haven,,1791304920000.0,,5.43229484558106
2026-10-07T01:32:46+00:00,area_trajectory,milford_haven,,1791305040000.0,,5.43229484558106
2026-10-07T01:32:46+00:00,area_trajectory,milford_haven,,1791305160000.0,,5.43229484558106
2026-10-07T01:32:46+00:00,area_trajectory,milford_haven,,1791305280000.0,,5.43229484558106
2026-10-07T01:32:46+00:00,area_trajectory,milford_haven,,1791305400000.0,,5.31754493713379
2026-10-07T01:32:46+00:00,area_trajectory,milford_haven,,1791305520000.0,,5.31754493713379
2026-10-07T01:32:46+00:00,area_trajectory,milford_haven,,1791305640000.0,,5.31754493713379
2026-10-07T01:32:46+00:00,area_trajectory,milford_haven,,1791305760000.0,,5.31754493713379
2026-10-07T01:32:46+00:00,area_trajectory,milford_haven,,1791305880000.0,,5.31754493713379
2026-10-07T01:32:46+00:00,area_trajectory,milford_haven,,1791306000000.0,,5.31754493713379
2026-10-07T01:32:46+00:00,area_trajectory,milford_haven,,1791306120000.0,,5.43229484558106
2026-10-07T01:32:46+00:00,area_trajectory,milford_haven,,1791306240000.0,,5.29801321029663
2026-10-07T01:32:46+00:00,area_trajectory,milford_haven,,1791306360000.0,,5.29801321029663
2026-10-07T01:32:46+00:00,area_trajectory,milford_haven,,1791306480000.0,,5.29801321029663
2026-10-07T01:32:46+00:00,area_trajectory,milford_haven,,1791306600000.0,,5.38590669631958
2026-10-07T01:32:46+00:00,area_trajectory,milford_haven,,1791306720000.0,,5.38590669631958
2026-10-07T01:32:46+00:00,area_trajectory,milford_haven,,1791306840000.0,,5.38590669631958
2026-10-07T01:32:46+00:00,area_trajectory,milford_haven,,1791306960000.0,,5.38590669631958
2026-10-07T01:32:46+00:00,area_trajectory,milford_haven,,1791307080000.0,,5.29557180404663
2026-10-07T01:32:46+00:00,area_trajectory,milford_haven,,1791307200000.0,,5.29557180404663
2026-10-07T01:32:46+00:00,area_trajectory,milford_haven,,1791307320000.0,,5.29557180404663
2026-10-07T01:32:46+00:00,area_trajectory,milford_haven,,1791307440000.0,,5.29557180404663
2026-10-07T01:32:46+00:00,area_trajectory,milford_haven,,1791307560000.0,,5.29557180404663
2026-10-07T01:32:46+00:00,area_trajectory,milford_haven,,1791307680000.0,,5.29557180404663
2026-10-07T01:32:46+00:00,area_trajectory,milford_haven,,1791307800000.0,,5.29557180404663
2026-10-07T01:32:46+00:00,area_trajectory,milford_haven,,1791307920000.0,,5.29557180404663
2026-10-07T01:32:46+00:00,area_trajectory,milford_haven,,1791308040000.0,,5.40055561065674
2026-10-07T01:32:46+00:00,area_trajectory,milford_haven,,1791308160000.0,,5.30045461654663
2026-10-07T01:32:46+00:00,area_trajectory,milford_haven,,1791308280000.0,,5.16129016876221
2026-10-07T01:32:46+00:00,area_trajectory,milford_haven,,1791308400000.0,,5.16129016876221
2026-10-07T01:32:46+00:00,area_trajectory,milford_haven,,1791308520000.0,,5.16129016876221
2026-10-07T01:32:46+00:00,area_trajectory,milford_haven,,1791308640000.0,,5.16129016876221
2026-10-07T01:32:46+00:00,area_trajectory,milford_haven,,1791308760000.0,,5.16129016876221
2026-10-07T01:32:46+00:00,area_trajectory,milford_haven,,1791308880000.0,,5.33707714080811
2026-10-07T01:32:46+00:00,area_trajectory,milford_haven,,1791309000000.0,,5.236976146698
2026-10-07T01:32:46+00:00,area_trajectory,milford_haven,,1791309120000.0,,5.236976146698
2026-10-07T01:32:46+00:00,area_trajectory,milford_haven,,1791309240000.0,,5.236976146698
2026-10-07T01:32:46+00:00,area_trajectory,milford_haven,,1791309360000.0,,5.236976146698
2026-10-07T01:32:46+00:00,area_trajectory,milford_haven,,1791309480000.0,,5.236976146698
2026-10-07T01:32:46+00:00,area_trajectory,milford_haven,,1791309600000.0,,5.236976146698
2026-10-07T01:32:46+00:00,area_trajectory,milford_haven,,1791309720000.0,,5.236976146698
2026-10-07T01:32:46+00:00,area_trajectory,milford_haven,,1791309840000.0,,5.25406646728516
2026-10-07T01:32:46+00:00,area_trajectory,milford_haven,,1791309960000.0,,5.25406646728516
2026-10-07T01:32:46+00:00,area_trajectory,milford_haven,,1791310080000.0,,5.25406646728516
2026-10-07T01:32:46+00:00,area_trajectory,milford_haven,,1791310200000.0,,5.25406646728516
2026-10-07T01:32:46+00:00,area_trajectory,milford_haven,,1791310320000.0,,5.25406646728516
2026-10-07T01:32:46+00:00,area_trajectory,milford_haven,,1791310440000.0,,5.25406646728516
2026-10-07T01:32:46+00:00,area_trajectory,milford_haven,,1791310560000.0,,5.25406646728516
2026-10-07T01:32:46+00:00,area_trajectory,milford_haven,,1791310680000.0,,5.25406646728516
2026-10-07T01:32:46+00:00,area_trajectory,milford_haven,,1791310800000.0,,5.25406646728516
2026-10-07T01:32:46+00:00,area_trajectory,milford_haven,,1791310920000.0,,5.25406646728516
2026-10-07T01:32:46+00:00,area_trajectory,milford_haven,,1791311040000.0,,5.25406646728516
2026-10-07T01:32:46+00:00,area_trajectory,milford_haven,,1791311160000.0,,5.25406646728516
2026-10-07T01:32:46+00:00,area_trajectory,milford_haven,,1791311280000.0,,5.25406646728516
2026-10-07T01:32:46+00:00,area_trajectory,milford_haven,,1791311400000.0,,5.25406646728516
2026-10-07T01:32:46+00:00,area_trajectory,milford_haven,,1791311520000.0,,5.25406646728516
2026-10-07T01:32:46+00:00,area_trajectory,milford_haven,,1791311640000.0,,5.25406646728516
2026-10-07T01:32:46+00:00,area_trajectory,milford_haven,,1791311760000.0,,5.25406646728516
2026-10-07T01:32:46+00:00,area_trajectory,milford_haven,,1791311880000.0,,5.25406646728516
2026-10-07T01:32:46+00:00,area_trajectory,milford_haven,,1791312000000.0,,5.25406646728516
2026-10-07T01:32:46+00:00,area_trajectory,milford_haven,,1791312120000.0,,5.25406646728516
2026-10-07T01:32:46+00:00,area_trajectory,milford_haven,,1791312240000.0,,5.25406646728516
2026-10-07T01:32:46+00:00,area_trajectory,milford_haven,,1791312360000.0,,5.25406646728516
2026-10-07T01:32:46+00:00,area_trajectory,milford_haven,,1791312480000.0,,5.25406646728516
2026-10-07T01:32:46+00:00,area_trajectory,milford_haven,,1791312600000.0,,5.25406646728516
2026-10-07T01:32:46+00:00,area_trajectory,milford_haven,,1791312720000.0,,5.25406646728516
2026-10-07T01:32:46+00:00,area_trajectory,milford_haven,,1791312840000.0,,5.25406646728516
2026-10-07T01:32:46+00:00,area_trajectory,milford_haven,,1791312960000.0,,5.25406646728516
2026-10-07T01:32:46+00:00,area_trajectory,milford_haven,,1791313080000.0,,5.25406646728516
2026-10-07T01:32:46+00:00,area_trajectory,milford_haven,,1791313200000.0,,5.25406646728516
2026-10-07T01:32:46+00:00,area_trajectory,milford_haven,,1791313320000.0,,5.25406646728516
2026-10-07T01:32:46+00:00,area_trajectory,milford_haven,,1791313440000.0,,5.27604007720947
2026-10-07T01:32:46+00:00,area_trajectory,milford_haven,,1791313560000.0,,5.27604007720947
2026-10-07T01:32:46+00:00,area_trajectory,milford_haven,,1791313680000.0,,5.27604007720947
2026-10-07T01:32:46+00:00,area_trajectory,milford_haven,,1791313800000.0,,5.27604007720947
2026-10-07T01:32:46+00:00,area_trajectory,milford_haven,,1791313920000.0,,5.27604007720947
2026-10-07T01:32:46+00:00,area_trajectory,milford_haven,,1791314040000.0,,5.27604007720947
2026-10-07T01:32:46+00:00,area_trajectory,milford_haven,,1791314160000.0,,5.27604007720947
2026-10-07T01:32:46+00:00,area_trajectory,milford_haven,,1791314280000.0,,5.27604007720947
2026-10-07T01:32:46+00:00,area_trajectory,milford_haven,,1791314400000.0,,5.27604007720947
2026-10-07T01:32:46+00:00,area_trajectory,milford_haven,,1791314520000.0,,5.27604007720947
2026-10-07T01:32:46+00:00,area_trajectory,milford_haven,,1791314640000.0,,5.27604007720947
2026-10-07T01:32:46+00:00,area_trajectory,milford_haven,,1791314760000.0,,5.27604007720947
2026-10-07T01:32:46+00:00,area_trajectory,milford_haven,,1791314880000.0,,5.27604007720947
2026-10-07T01:32:46+00:00,area_trajectory,milford_haven,,1791315000000.0,,5.27604007720947
2026-10-07T01:32:46+00:00,area_trajectory,milford_haven,,1791315120000.0,,5.27604007720947
2026-10-07T01:32:46+00:00,area_trajectory,milford_haven,,1791315240000.0,,5.27604007720947
2026-10-07T01:32:46+00:00,area_trajectory,milford_haven,,1791315360000.0,,5.27604007720947
2026-10-07T01:32:46+00:00,area_trajectory,milford_haven,,1791315480000.0,,5.27604007720947
2026-10-07T01:32:46+00:00,area_trajectory,milford_haven,,1791315600000.0,,5.27604007720947
2026-10-07T01:32:46+00:00,area_trajectory,milford_haven,,1791315720000.0,,5.27604007720947
2026-10-07T01:32:46+00:00,area_trajectory,milford_haven,,1791315840000.0,,5.27604007720947
2026-10-07T01:32:46+00:00,area_trajectory,milford_haven,,1791315960000.0,,5.27604007720947
2026-10-07T01:32:46+00:00,area_trajectory,milford_haven,,1791316080000.0,,5.27604007720947
2026-10-07T01:32:46+00:00,area_trajectory,milford_haven,,1791316200000.0,,5.27604007720947
2026-10-07T01:32:46+00:00,area_trajectory,milford_haven,,1791316320000.0,,5.27604007720947
2026-10-07T01:32:46+00:00,area_trajectory,milford_haven,,1791316440000.0,,5.27604007720947
2026-10-07T01:32:46+00:00,area_trajectory,milford_haven,,1791316560000.0,,5.27604007720947
2026-10-07T01:32:46+00:00,area_trajectory,milford_haven,,1791316680000.0,,5.27604007720947
2026-10-07T01:32:46+00:00,area_trajectory,milford_haven,,1791316800000.0,,5.27604007720947
2026-10-07T01:32:46+00:00,area_trajectory,milford_haven,,1791316920000.0,,5.27604007720947
2026-10-07T01:32:46+00:00,area_trajectory,milford_haven,,1791317040000.0,,5.31754493713379
2026-10-07T01:32:46+00:00,area_trajectory,milford_haven,,1791317160000.0,,5.31754493713379
2026-10-07T01:32:46+00:00,area_trajectory,milford_haven,,1791317280000.0,,5.31754493713379
2026-10-07T01:32:46+00:00,area_trajectory,milford_haven,,1791317400000.0,,5.31754493713379
2026-10-07T01:32:46+00:00,area_trajectory,milford_haven,,1791317520000.0,,5.31754493713379
2026-10-07T01:32:46+00:00,area_trajectory,milford_haven,,1791317640000.0,,5.31754493713379
2026-10-07T01:32:46+00:00,area_trajectory,milford_haven,,1791317760000.0,,5.31754493713379
2026-10-07T01:32:46+00:00,area_trajectory,milford_haven,,1791317880000.0,,5.31754493713379
2026-10-07T01:32:46+00:00,area_trajectory,milford_haven,,1791318000000.0,,5.31754493713379
2026-10-07T01:32:46+00:00,area_trajectory,milford_haven,,1791318120000.0,,5.31754493713379
2026-10-07T01:32:46+00:00,area_trajectory,milford_haven,,1791318240000.0,,5.31754493713379
2026-10-07T01:32:46+00:00,area_trajectory,milford_haven,,1791318360000.0,,5.31754493713379
2026-10-07T01:32:46+00:00,area_trajectory,milford_haven,,1791318480000.0,,5.31754493713379
2026-10-07T01:32:46+00:00,area_trajectory,milford_haven,,1791318600000.0,,5.31754493713379
2026-10-07T01:32:46+00:00,area_trajectory,milford_haven,,1791318720000.0,,5.31754493713379
2026-10-07T01:32:46+00:00,area_trajectory,milford_haven,,1791318840000.0,,5.31754493713379
2026-10-07T01:32:46+00:00,area_trajectory,milford_haven,,1791318960000.0,,5.31754493713379
2026-10-07T01:32:46+00:00,area_trajectory,milford_haven,,1791319080000.0,,5.31754493713379
2026-10-07T01:32:46+00:00,area_trajectory,milford_haven,,1791319200000.0,,5.31754493713379
2026-10-07T01:32:46+00:00,area_trajectory,milford_haven,,1791319320000.0,,5.31754493713379
2026-10-07T01:32:46+00:00,area_trajectory,milford_haven,,1791319440000.0,,5.31754493713379
2026-10-07T01:32:46+00:00,area_trajectory,milford_haven,,1791319560000.0,,5.31754493713379
2026-10-07T01:32:46+00:00,area_trajectory,milford_haven,,1791319680000.0,,5.31754493713379
2026-10-07T01:32:46+00:00,area_trajectory,milford_haven,,1791319800000.0,,5.31754493713379
2026-10-07T01:32:46+00:00,area_trajectory,milford_haven,,1791319920000.0,,5.31754493713379
2026-10-07T01:32:46+00:00,area_trajectory,milford_haven,,1791320040000.0,,5.31754493713379
2026-10-07T01:32:46+00:00,area_trajectory,milford_haven,,1791320160000.0,,5.31754493713379
2026-10-07T01:32:46+00:00,area_trajectory,milford_haven,,1791320280000.0,,5.31754493713379
2026-10-07T01:32:46+00:00,area_trajectory,milford_haven,,1791320400000.0,,5.31754493713379
2026-10-07T01:32:46+00:00,area_trajectory,milford_haven,,1791320520000.0,,5.31754493713379
2026-10-07T01:32:46+00:00,area_trajectory,milford_haven,,1791320640000.0,,5.25894975662231
2026-10-07T01:32:46+00:00,area_trajectory,milford_haven,,1791320760000.0,,5.25894975662231
2026-10-07T01:32:46+00:00,area_trajectory,milford_haven,,1791320880000.0,,5.25894975662231
2026-10-07T01:32:46+00:00,area_trajectory,milford_haven,,1791321000000.0,,5.25894975662231
2026-10-07T01:32:46+00:00,area_trajectory,milford_haven,,1791321120000.0,,5.25894975662231
2026-10-07T01:32:46+00:00,area_trajectory,milford_haven,,1791321240000.0,,5.25894975662231
2026-10-07T01:32:46+00:00,area_trajectory,milford_haven,,1791321360000.0,,5.25894975662231
2026-10-07T01:32:46+00:00,area_trajectory,milford_haven,,1791321480000.0,,5.25894975662231
2026-10-07T01:32:46+00:00,area_trajectory,milford_haven,,1791321600000.0,,5.25894975662231
2026-10-07T01:32:46+00:00,area_trajectory,milford_haven,,1791321720000.0,,5.25894975662231
2026-10-07T01:32:46+00:00,area_trajectory,milford_haven,,1791321840000.0,,5.25894975662231
2026-10-07T01:32:46+00:00,area_trajectory,milford_haven,,1791321960000.0,,5.25894975662231
2026-10-07T01:32:46+00:00,area_trajectory,milford_haven,,1791322080000.0,,5.25894975662231
2026-10-07T01:32:46+00:00,area_trajectory,milford_haven,,1791322200000.0,,5.25894975662231
2026-10-07T01:32:46+00:00,area_trajectory,milford_haven,,1791322320000.0,,5.25894975662231
2026-10-07T01:32:46+00:00,area_trajectory,milford_haven,,1791322440000.0,,5.25894975662231
2026-10-07T01:32:46+00:00,area_trajectory,milford_haven,,1791322560000.0,,5.25894975662231
2026-10-07T01:32:46+00:00,area_trajectory,milford_haven,,1791322680000.0,,5.25894975662231
2026-10-07T01:32:46+00:00,area_trajectory,milford_haven,,1791322800000.0,,5.25894975662231
2026-10-07T01:32:46+00:00,area_trajectory,milford_haven,,1791322920000.0,,5.25894975662231
2026-10-07T01:32:46+00:00,area_trajectory,milford_haven,,1791323040000.0,,5.25894975662231
2026-10-07T01:32:46+00:00,area_trajectory,milford_haven,,1791323160000.0,,5.34440135955811
2026-10-07T01:32:46+00:00,area_trajectory,milford_haven,,1791323280000.0,,5.34440135955811
2026-10-07T01:32:46+00:00,area_trajectory,milford_haven,,1791323400000.0,,5.34440135955811
2026-10-07T01:32:46+00:00,area_trajectory,milford_haven,,1791323520000.0,,5.34440135955811
2026-10-07T01:32:46+00:00,area_trajectory,milford_haven,,1791323640000.0,,5.34440135955811
2026-10-07T01:32:46+00:00,area_trajectory,milford_haven,,1791323760000.0,,5.34440135955811
2026-10-07T01:32:46+00:00,area_trajectory,milford_haven,,1791323880000.0,,5.34440135955811
2026-10-07T01:32:46+00:00,area_trajectory,milford_haven,,1791324000000.0,,5.34440135955811
2026-10-07T01:32:46+00:00,area_trajectory,milford_haven,,1791324120000.0,,5.34440135955811
2026-10-07T01:32:46+00:00,area_trajectory,milford_haven,,1791324240000.0,,5.34440135955811
2026-10-07T01:32:46+00:00,area_trajectory,milford_haven,,1791324360000.0,,5.34440135955811
2026-10-07T01:32:46+00:00,area_trajectory,milford_haven,,1791324480000.0,,5.34440135955811
2026-10-07T01:32:46+00:00,area_trajectory,milford_haven,,1791324600000.0,,5.34440135955811
2026-10-07T01:32:46+00:00,area_trajectory,milford_haven,,1791324720000.0,,5.34440135955811
2026-10-07T01:32:46+00:00,area_trajectory,milford_haven,,1791324840000.0,,5.34440135955811
2026-10-07T01:32:46+00:00,area_trajectory,milford_haven,,1791324960000.0,,5.34440135955811
2026-10-07T01:32:46+00:00,area_trajectory,milford_haven,,1791325080000.0,,5.34440135955811
2026-10-07T01:32:46+00:00,area_trajectory,milford_haven,,1791325200000.0,,5.34440135955811
2026-10-07T01:32:46+00:00,area_trajectory,milford_haven,,1791325320000.0,,5.34440135955811
2026-10-07T01:32:46+00:00,area_trajectory,milford_haven,,1791325440000.0,,5.34440135955811
2026-10-07T01:32:46+00:00,area_trajectory,milford_haven,,1791325560000.0,,5.34440135955811
2026-10-07T01:32:46+00:00,area_trajectory,milford_haven,,1791325680000.0,,5.34440135955811
2026-10-07T01:32:46+00:00,area_trajectory,milford_haven,,1791325800000.0,,5.34440135955811
2026-10-07T01:32:46+00:00,area_trajectory,milford_haven,,1791325920000.0,,5.34440135955811
2026-10-07T01:32:46+00:00,area_trajectory,milford_haven,,1791326040000.0,,5.34440135955811
2026-10-07T01:32:46+00:00,area_trajectory,milford_haven,,1791326160000.0,,5.34440135955811
2026-10-07T01:32:46+00:00,area_trajectory,milford_haven,,1791326280000.0,,5.34440135955811
2026-10-07T01:32:46+00:00,area_trajectory,milford_haven,,1791326400000.0,,5.34440135955811
2026-10-07T01:32:46+00:00,area_trajectory,milford_haven,,1791326520000.0,,5.34440135955811
2026-10-07T01:32:46+00:00,area_trajectory,milford_haven,,1791326640000.0,,5.34440135955811
2026-10-07T01:32:46+00:00,area_trajectory,milford_haven,,1791326760000.0,,5.34440135955811
2026-10-07T01:32:46+00:00,area_trajectory,milford_haven,,1791326880000.0,,5.34440135955811
2026-10-07T01:32:46+00:00,area_trajectory,milford_haven,,1791327000000.0,,5.34440135955811
2026-10-07T01:32:46+00:00,area_trajectory,milford_haven,,1791327120000.0,,5.34440135955811
2026-10-07T01:32:46+00:00,area_trajectory,milford_haven,,1791327240000.0,,5.34440135955811
2026-10-07T01:32:46+00:00,area_trajectory,milford_haven,,1791327360000.0,,5.34440135955811
2026-10-07T01:32:46+00:00,area_trajectory,milford_haven,,1791327480000.0,,5.34440135955811
2026-10-07T01:32:46+00:00,area_trajectory,milford_haven,,1791327600000.0,,5.34440135955811
2026-10-07T01:32:46+00:00,area_trajectory,milford_haven,,1791327720000.0,,5.34440135955811
2026-10-07T01:32:46+00:00,area_trajectory,milford_haven,,1791327840000.0,,5.39567232131958
2026-10-07T01:32:46+00:00,area_trajectory,milford_haven,,1791327960000.0,,5.39567232131958
2026-10-07T01:32:46+00:00,area_trajectory,milford_haven,,1791328080000.0,,5.39567232131958
2026-10-07T01:32:46+00:00,area_trajectory,milford_haven,,1791328200000.0,,5.39567232131958
2026-10-07T01:32:46+00:00,area_trajectory,milford_haven,,1791328320000.0,,5.39567232131958
2026-10-07T01:32:46+00:00,area_trajectory,milford_haven,,1791328440000.0,,5.39567232131958
2026-10-07T01:32:46+00:00,area_trajectory,milford_haven,,1791328560000.0,,5.39567232131958
2026-10-07T01:32:46+00:00,area_trajectory,milford_haven,,1791328680000.0,,5.39567232131958
2026-10-07T01:32:46+00:00,area_trajectory,milford_haven,,1791328800000.0,,5.31510353088379
2026-10-07T01:32:46+00:00,area_trajectory,milford_haven,,1791328920000.0,,5.31510353088379
2026-10-07T01:32:46+00:00,area_trajectory,milford_haven,,1791329040000.0,,5.31510353088379
2026-10-07T01:32:46+00:00,area_trajectory,milford_haven,,1791329160000.0,,5.31510353088379
2026-10-07T01:32:46+00:00,area_trajectory,milford_haven,,1791329280000.0,,5.31510353088379
2026-10-07T01:32:46+00:00,area_trajectory,milford_haven,,1791329400000.0,,5.31510353088379
2026-10-07T01:32:46+00:00,area_trajectory,milford_haven,,1791329520000.0,,5.31510353088379
2026-10-07T01:32:46+00:00,area_trajectory,milford_haven,,1791329640000.0,,5.31510353088379
2026-10-07T01:32:46+00:00,area_trajectory,milford_haven,,1791329760000.0,,5.31510353088379
2026-10-07T01:32:46+00:00,area_trajectory,milford_haven,,1791329880000.0,,5.31510353088379
2026-10-07T01:32:46+00:00,area_trajectory,milford_haven,,1791330000000.0,,5.31510353088379
2026-10-07T01:32:46+00:00,area_trajectory,milford_haven,,1791330120000.0,,5.31510353088379
2026-10-07T01:32:46+00:00,area_trajectory,milford_haven,,1791330240000.0,,5.31510353088379
2026-10-07T01:32:46+00:00,area_trajectory,milford_haven,,1791330360000.0,,5.31510353088379
2026-10-07T01:32:46+00:00,area_trajectory,milford_haven,,1791330480000.0,,5.31510353088379
2026-10-07T01:32:46+00:00,area_trajectory,milford_haven,,1791330600000.0,,5.31510353088379
2026-10-07T01:32:46+00:00,area_trajectory,milford_haven,,1791330720000.0,,5.31510353088379
2026-10-07T01:32:46+00:00,area_trajectory,milford_haven,,1791330840000.0,,5.31510353088379
2026-10-07T01:32:46+00:00,area_trajectory,milford_haven,,1791330960000.0,,5.31510353088379
2026-10-07T01:32:46+00:00,area_trajectory,milford_haven,,1791331080000.0,,5.31510353088379
2026-10-07T01:32:46+00:00,area_trajectory,milford_haven,,1791331200000.0,,5.31510353088379
2026-10-07T01:32:46+00:00,area_trajectory,milford_haven,,1791331320000.0,,5.31510353088379
2026-10-07T01:32:46+00:00,area_trajectory,milford_haven,,1791331440000.0,,5.35172557830811
2026-10-07T01:32:46+00:00,area_trajectory,milford_haven,,1791331560000.0,,5.35172557830811
2026-10-07T01:32:46+00:00,area_trajectory,milford_haven,,1791331680000.0,,5.35172557830811
2026-10-07T01:32:46+00:00,area_trajectory,milford_haven,,1791331800000.0,,5.35172557830811
2026-10-07T01:32:46+00:00,area_trajectory,milford_haven,,1791331920000.0,,5.35172557830811
2026-10-07T01:32:46+00:00,area_trajectory,milford_haven,,1791332040000.0,,5.35172557830811
2026-10-07T01:32:46+00:00,area_trajectory,milford_haven,,1791332160000.0,,5.35172557830811
2026-10-07T01:32:46+00:00,area_trajectory,milford_haven,,1791332280000.0,,5.35172557830811
2026-10-07T01:32:46+00:00,area_trajectory,milford_haven,,1791332400000.0,,5.35172557830811
2026-10-07T01:32:46+00:00,area_trajectory,milford_haven,,1791332520000.0,,5.35172557830811
2026-10-07T01:32:46+00:00,area_trajectory,milford_haven,,1791332640000.0,,5.35172557830811
2026-10-07T01:32:46+00:00,area_trajectory,milford_haven,,1791332760000.0,,5.35172557830811
2026-10-07T01:32:46+00:00,area_trajectory,milford_haven,,1791332880000.0,,5.35172557830811
2026-10-07T01:32:46+00:00,area_trajectory,milford_haven,,1791333000000.0,,5.35172557830811
2026-10-07T01:32:46+00:00,area_trajectory,milford_haven,,1791333120000.0,,5.35172557830811
2026-10-07T01:32:46+00:00,area_trajectory,milford_haven,,1791333240000.0,,5.35172557830811
2026-10-07T01:32:46+00:00,area_trajectory,milford_haven,,1791333360000.0,,5.35172557830811
2026-10-07T01:32:46+00:00,area_trajectory,milford_haven,,1791333480000.0,,5.35172557830811
2026-10-07T01:32:46+00:00,area_trajectory,milford_haven,,1791333600000.0,,5.35172557830811
2026-10-07T01:32:46+00:00,area_trajectory,milford_haven,,1791333720000.0,,5.35172557830811
2026-10-07T01:32:46+00:00,area_trajectory,milford_haven,,1791333840000.0,,5.35172557830811
2026-10-07T01:32:46+00:00,area_trajectory,milford_haven,,1791333960000.0,,5.35172557830811
2026-10-07T01:32:46+00:00,area_trajectory,milford_haven,,1791334080000.0,,5.35172557830811
2026-10-07T01:32:46+00:00,area_trajectory,milford_haven,,1791334200000.0,,5.35172557830811
2026-10-07T01:32:46+00:00,area_trajectory,milford_haven,,1791334320000.0,,5.35172557830811
2026-10-07T01:32:46+00:00,area_trajectory,milford_haven,,1791334440000.0,,5.35172557830811
2026-10-07T01:32:46+00:00,area_trajectory,milford_haven,,1791334560000.0,,5.35172557830811
2026-10-07T01:32:46+00:00,area_trajectory,milford_haven,,1791334680000.0,,5.35172557830811
2026-10-07T01:32:46+00:00,area_trajectory,milford_haven,,1791334800000.0,,5.35172557830811
2026-10-07T01:32:46+00:00,area_trajectory,milford_haven,,1791334920000.0,,5.35172557830811
2026-10-07T01:32:46+00:00,area_trajectory,milford_haven,,1791335040000.0,,5.35660886764526
2026-10-07T01:32:46+00:00,area_trajectory,milford_haven,,1791335160000.0,,5.35660886764526
2026-10-07T01:32:46+00:00,area_trajectory,milford_haven,,1791335280000.0,,5.35660886764526
2026-10-07T01:32:46+00:00,area_trajectory,milford_haven,,1791335400000.0,,5.35660886764526
2026-10-07T01:32:46+00:00,area_trajectory,milford_haven,,1791335520000.0,,5.35660886764526
2026-10-07T01:32:46+00:00,area_trajectory,milford_haven,,1791335640000.0,,5.35660886764526
2026-10-07T01:32:46+00:00,area_trajectory,milford_haven,,1791335760000.0,,5.35660886764526
2026-10-07T01:32:46+00:00,area_trajectory,milford_haven,,1791335880000.0,,5.35660886764526
2026-10-07T01:32:46+00:00,area_trajectory,milford_haven,,1791336000000.0,,5.35660886764526
2026-10-07T01:32:46+00:00,area_trajectory,milford_haven,,1791336120000.0,,5.35660886764526
2026-10-07T01:32:46+00:00,area_trajectory,milford_haven,,1791336240000.0,,5.35660886764526
2026-10-07T01:32:46+00:00,area_trajectory,milford_haven,,1791336360000.0,,5.35660886764526
2026-10-07T01:32:46+00:00,area_trajectory,milford_haven,,1791336480000.0,,5.35660886764526
2026-10-07T01:32:46+00:00,area_trajectory,milford_haven,,1791336600000.0,,5.35660886764526
2026-10-07T01:32:46+00:00,area_trajectory,milford_haven,,1791336720000.0,,5.35660886764526
2026-10-07T01:32:46+00:00,area_trajectory,milford_haven,,1791336840000.0,,5.35660886764526
2026-10-07T01:32:46+00:00,area_trajectory,milford_haven,,1791336960000.0,,5.35660886764526
2026-10-07T01:32:46+00:00,area_trajectory,milford_haven,,1791337080000.0,,5.35660886764526
2026-10-07T01:32:46+00:00,area_trajectory,milford_haven,,1791337200000.0,,5.35660886764526
2026-10-07T01:32:46+00:00,area_trajectory,milford_haven,,1791337320000.0,,5.35660886764526
2026-10-07T01:32:46+00:00,area_trajectory,milford_haven,,1791337440000.0,,5.35660886764526
2026-10-07T01:32:46+00:00,area_trajectory,milford_haven,,1791337560000.0,,5.35660886764526
2026-10-07T01:32:46+00:00,area_trajectory,milford_haven,,1791337680000.0,,5.35660886764526
2026-10-07T01:32:46+00:00,area_trajectory,milford_haven,,1791337800000.0,,5.35660886764526
2026-10-07T01:32:46+00:00,area_trajectory,milford_haven,,1791337920000.0,,5.35660886764526
2026-10-07T01:32:46+00:00,area_trajectory,milford_haven,,1791338040000.0,,5.35660886764526
2026-10-07T01:32:46+00:00,area_trajectory,milford_haven,,1791338160000.0,,5.35660886764526
2026-10-07T01:32:46+00:00,area_trajectory,milford_haven,,1791338280000.0,,5.35660886764526
2026-10-07T01:32:46+00:00,area_trajectory,milford_haven,,1791338400000.0,,5.35660886764526
2026-10-07T01:32:46+00:00,area_trajectory,milford_haven,,1791338520000.0,,5.35660886764526
2026-10-07T01:32:46+00:00,area_trajectory,milford_haven,,1791338640000.0,,5.36881637573242
2026-10-07T01:32:46+00:00,area_trajectory,milford_haven,,1791338760000.0,,5.36881637573242
2026-10-07T01:32:46+00:00,area_trajectory,milford_haven,,1791338880000.0,,5.36881637573242
2026-10-07T01:32:46+00:00,area_trajectory,milford_haven,,1791339000000.0,,5.36881637573242
2026-10-07T01:32:46+00:00,area_trajectory,milford_haven,,1791339120000.0,,5.36881637573242
2026-10-07T01:32:46+00:00,area_trajectory,milford_haven,,1791339240000.0,,5.36881637573242
2026-10-07T01:32:46+00:00,area_trajectory,milford_haven,,1791339360000.0,,5.36881637573242
2026-10-07T01:32:46+00:00,area_trajectory,milford_haven,,1791339480000.0,,5.36881637573242
2026-10-07T01:32:46+00:00,area_trajectory,milford_haven,,1791339600000.0,,5.36881637573242
2026-10-07T01:32:46+00:00,area_trajectory,milford_haven,,1791339720000.0,,5.36881637573242
2026-10-07T01:32:46+00:00,subterminal_latest,grain,nts1,,02:12,0.00
2026-10-07T01:32:46+00:00,subterminal_latest,grain,nts1,,02:14,0.00
2026-10-07T01:32:46+00:00,subterminal_latest,grain,nts1,,02:16,0.00
2026-10-07T01:32:46+00:00,subterminal_latest,grain,nts1,,02:18,0.00
2026-10-07T01:32:46+00:00,subterminal_latest,grain,nts1,,02:20,0.00
2026-10-07T01:32:46+00:00,subterminal_latest,grain,nts1,,02:22,0.00
2026-10-07T01:32:46+00:00,subterminal_latest,grain,nts2,,02:12,0.00
2026-10-07T01:32:46+00:00,subterminal_latest,grain,nts2,,02:14,0.00
2026-10-07T01:32:46+00:00,subterminal_latest,grain,nts2,,02:16,0.00
2026-10-07T01:32:46+00:00,subterminal_latest,grain,nts2,,02:18,0.00
2026-10-07T01:32:46+00:00,subterminal_latest,grain,nts2,,02:20,0.00
2026-10-07T01:32:46+00:00,subterminal_latest,grain,nts2,,02:22,0.00
2026-10-07T01:32:46+00:00,subterminal_latest,dragon,,,02:12,0.00
2026-10-07T01:32:46+00:00,subterminal_latest,dragon,,,02:14,0.00
2026-10-07T01:32:46+00:00,subterminal_latest,dragon,,,02:16,0.00
2026-10-07T01:32:46+00:00,subterminal_latest,dragon,,,02:18,0.00
2026-10-07T01:32:46+00:00,subterminal_latest,dragon,,,02:20,0.00
2026-10-07T01:32:46+00:00,subterminal_latest,dragon,,,02:22,0.00
2026-10-07T01:32:46+00:00,subterminal_latest,south_hook,,,02:12,5.37
2026-10-07T01:32:46+00:00,subterminal_latest,south_hook,,,02:14,5.37
2026-10-07T01:32:46+00:00,subterminal_latest,south_hook,,,02:16,5.37
2026-10-07T01:32:46+00:00,subterminal_latest,south_hook,,,02:18,5.37
2026-10-07T01:32:46+00:00,subterminal_latest,south_hook,,,02:20,5.37
2026-10-07T01:32:46+00:00,subterminal_latest,south_hook,,,02:22,5.37
