snapshot_utc,series,terminal,sub,epoch_ms,time_label,value_mcm_d
2026-09-05T23:54:09+00:00,area_trajectory,grain,,1788584400000.0,,3.29725707991049
2026-09-05T23:54:09+00:00,area_trajectory,grain,,1788584520000.0,,3.29725707991049
2026-09-05T23:54:09+00:00,area_trajectory,grain,,1788584640000.0,,3.30055297834799
2026-09-05T23:54:09+00:00,area_trajectory,grain,,1788584760000.0,,3.2811064451448604
2026-09-05T23:54:09+00:00,area_trajectory,grain,,1788584880000.0,,3.2811064451448604
2026-09-05T23:54:09+00:00,area_trajectory,grain,,1788585000000.0,,2.7056251829378297
2026-09-05T23:54:09+00:00,area_trajectory,grain,,1788585120000.0,,2.7056251829378297
2026-09-05T23:54:09+00:00,area_trajectory,grain,,1788585240000.0,,2.81340435774252
2026-09-05T23:54:09+00:00,area_trajectory,grain,,1788585360000.0,,2.81340435774252
2026-09-05T23:54:09+00:00,area_trajectory,grain,,1788585480000.0,,2.9459035032503302
2026-09-05T23:54:09+00:00,area_trajectory,grain,,1788585600000.0,,2.9459035032503302
2026-09-05T23:54:09+00:00,area_trajectory,grain,,1788585720000.0,,2.91096588118002
2026-09-05T23:54:09+00:00,area_trajectory,grain,,1788585840000.0,,2.91096588118002
2026-09-05T23:54:09+00:00,area_trajectory,grain,,1788585960000.0,,3.03028106672689
2026-09-05T23:54:09+00:00,area_trajectory,grain,,1788586080000.0,,3.03028106672689
2026-09-05T23:54:09+00:00,area_trajectory,grain,,1788586200000.0,,3.0915867918245503
2026-09-05T23:54:09+00:00,area_trajectory,grain,,1788586320000.0,,3.0915867918245503
2026-09-05T23:54:09+00:00,area_trajectory,grain,,1788586440000.0,,3.01643792707846
2026-09-05T23:54:09+00:00,area_trajectory,grain,,1788586560000.0,,3.01643792707846
2026-09-05T23:54:09+00:00,area_trajectory,grain,,1788586680000.0,,3.1166363523714202
2026-09-05T23:54:09+00:00,area_trajectory,grain,,1788586800000.0,,3.1166363523714202
2026-09-05T23:54:09+00:00,area_trajectory,grain,,1788586920000.0,,3.03753222639486
2026-09-05T23:54:09+00:00,area_trajectory,grain,,1788587040000.0,,3.03753222639486
2026-09-05T23:54:09+00:00,area_trajectory,grain,,1788587160000.0,,3.0958714597932997
2026-09-05T23:54:09+00:00,area_trajectory,grain,,1788587280000.0,,3.0958714597932997
2026-09-05T23:54:09+00:00,area_trajectory,grain,,1788587400000.0,,3.0958714597932997
2026-09-05T23:54:09+00:00,area_trajectory,grain,,1788587520000.0,,3.0958714597932997
2026-09-05T23:54:09+00:00,area_trajectory,grain,,1788587640000.0,,3.03753222639486
2026-09-05T23:54:09+00:00,area_trajectory,grain,,1788587760000.0,,3.03753222639486
2026-09-05T23:54:09+00:00,area_trajectory,grain,,1788587880000.0,,3.07840283186361
2026-09-05T23:54:09+00:00,area_trajectory,grain,,1788588000000.0,,3.07840283186361
2026-09-05T23:54:09+00:00,area_trajectory,grain,,1788588120000.0,,3.07840283186361
2026-09-05T23:54:09+00:00,area_trajectory,grain,,1788588240000.0,,3.07939160139486
2026-09-05T23:54:09+00:00,area_trajectory,grain,,1788588360000.0,,3.03819140608236
2026-09-05T23:54:09+00:00,area_trajectory,grain,,1788588480000.0,,3.03819140608236
2026-09-05T23:54:09+00:00,area_trajectory,grain,,1788588600000.0,,3.0790620115511103
2026-09-05T23:54:09+00:00,area_trajectory,grain,,1788588720000.0,,3.0790620115511103
2026-09-05T23:54:09+00:00,area_trajectory,grain,,1788588840000.0,,3.0975194090120497
2026-09-05T23:54:09+00:00,area_trajectory,grain,,1788588960000.0,,3.0975194090120497
2026-09-05T23:54:09+00:00,area_trajectory,grain,,1788589080000.0,,3.0378618162386104
2026-09-05T23:54:09+00:00,area_trajectory,grain,,1788589200000.0,,3.0378618162386104
2026-09-05T23:54:09+00:00,area_trajectory,grain,,1788589320000.0,,3.0787324217073597
2026-09-05T23:54:09+00:00,area_trajectory,grain,,1788589440000.0,,3.0787324217073597
2026-09-05T23:54:09+00:00,area_trajectory,grain,,1788589560000.0,,3.0787324217073597
2026-09-05T23:54:09+00:00,area_trajectory,grain,,1788589680000.0,,3.0787324217073597
2026-09-05T23:54:09+00:00,area_trajectory,grain,,1788589800000.0,,3.01709710676596
2026-09-05T23:54:09+00:00,area_trajectory,grain,,1788589920000.0,,3.01709710676596
2026-09-05T23:54:09+00:00,area_trajectory,grain,,1788590040000.0,,3.07708410627767
2026-09-05T23:54:09+00:00,area_trajectory,grain,,1788590160000.0,,3.07708410627767
2026-09-05T23:54:09+00:00,area_trajectory,grain,,1788590280000.0,,3.01413061506674
2026-09-05T23:54:09+00:00,area_trajectory,grain,,1788590400000.0,,3.01413061506674
2026-09-05T23:54:09+00:00,area_trajectory,grain,,1788590520000.0,,3.05500103743002
2026-09-05T23:54:09+00:00,area_trajectory,grain,,1788590640000.0,,3.05500103743002
2026-09-05T23:54:09+00:00,area_trajectory,grain,,1788590760000.0,,3.0919163816683
2026-09-05T23:54:09+00:00,area_trajectory,grain,,1788590880000.0,,3.0919163816683
2026-09-05T23:54:09+00:00,area_trajectory,grain,,1788591000000.0,,3.0688441770784602
2026-09-05T23:54:09+00:00,area_trajectory,grain,,1788591120000.0,,3.0688441770784602
2026-09-05T23:54:09+00:00,area_trajectory,grain,,1788591240000.0,,3.0688441770784602
2026-09-05T23:54:09+00:00,area_trajectory,grain,,1788591360000.0,,3.0688441770784602
2026-09-05T23:54:09+00:00,area_trajectory,grain,,1788591480000.0,,3.0688441770784602
2026-09-05T23:54:09+00:00,area_trajectory,grain,,1788591600000.0,,3.0688441770784602
2026-09-05T23:54:09+00:00,area_trajectory,grain,,1788591720000.0,,3.0688441770784602
2026-09-05T23:54:09+00:00,area_trajectory,grain,,1788591840000.0,,3.12652441389486
2026-09-05T23:54:09+00:00,area_trajectory,grain,,1788591960000.0,,3.14860729963705
2026-09-05T23:54:09+00:00,area_trajectory,grain,,1788592080000.0,,3.14860729963705
2026-09-05T23:54:09+00:00,area_trajectory,grain,,1788592200000.0,,3.1080666502229897
2026-09-05T23:54:09+00:00,area_trajectory,grain,,1788592320000.0,,3.1080666502229897
2026-09-05T23:54:09+00:00,area_trajectory,grain,,1788592440000.0,,3.12421691877767
2026-09-05T23:54:09+00:00,area_trajectory,grain,,1788592560000.0,,3.12421691877767
2026-09-05T23:54:09+00:00,area_trajectory,grain,,1788592680000.0,,3.1406971433870496
2026-09-05T23:54:09+00:00,area_trajectory,grain,,1788592800000.0,,3.1406971433870496
2026-09-05T23:54:09+00:00,area_trajectory,grain,,1788592920000.0,,3.1406971433870496
2026-09-05T23:54:09+00:00,area_trajectory,grain,,1788593040000.0,,3.1406971433870496
2026-09-05T23:54:09+00:00,area_trajectory,grain,,1788593160000.0,,3.1594841306917396
2026-09-05T23:54:09+00:00,area_trajectory,grain,,1788593280000.0,,3.1594841306917396
2026-09-05T23:54:09+00:00,area_trajectory,grain,,1788593400000.0,,3.1594841306917396
2026-09-05T23:54:09+00:00,area_trajectory,grain,,1788593520000.0,,3.1594841306917396
2026-09-05T23:54:09+00:00,area_trajectory,grain,,1788593640000.0,,3.1594841306917396
2026-09-05T23:54:09+00:00,area_trajectory,grain,,1788593760000.0,,3.1594841306917396
2026-09-05T23:54:09+00:00,area_trajectory,grain,,1788593880000.0,,3.15223315412924
2026-09-05T23:54:09+00:00,area_trajectory,grain,,1788594000000.0,,3.15223315412924
2026-09-05T23:54:09+00:00,area_trajectory,grain,,1788594120000.0,,3.15223315412924
2026-09-05T23:54:09+00:00,area_trajectory,grain,,1788594240000.0,,3.15223315412924
2026-09-05T23:54:09+00:00,area_trajectory,grain,,1788594360000.0,,3.17036096174642
2026-09-05T23:54:09+00:00,area_trajectory,grain,,1788594480000.0,,3.17036096174642
2026-09-05T23:54:09+00:00,area_trajectory,grain,,1788594600000.0,,3.14794811994955
2026-09-05T23:54:09+00:00,area_trajectory,grain,,1788594720000.0,,3.14794811994955
2026-09-05T23:54:09+00:00,area_trajectory,grain,,1788594840000.0,,3.16442834455892
2026-09-05T23:54:09+00:00,area_trajectory,grain,,1788594960000.0,,3.16442834455892
2026-09-05T23:54:09+00:00,area_trajectory,grain,,1788595080000.0,,3.16442834455892
2026-09-05T23:54:09+00:00,area_trajectory,grain,,1788595200000.0,,3.16442834455892
2026-09-05T23:54:09+00:00,area_trajectory,grain,,1788595320000.0,,3.16442834455892
2026-09-05T23:54:09+00:00,area_trajectory,grain,,1788595440000.0,,3.18090820295736
2026-09-05T23:54:09+00:00,area_trajectory,grain,,1788595560000.0,,3.18090820295736
2026-09-05T23:54:09+00:00,area_trajectory,grain,,1788595680000.0,,3.18090820295736
2026-09-05T23:54:09+00:00,area_trajectory,grain,,1788595800000.0,,3.18090820295736
2026-09-05T23:54:09+00:00,area_trajectory,grain,,1788595920000.0,,3.18090820295736
2026-09-05T23:54:09+00:00,area_trajectory,grain,,1788596040000.0,,3.18090820295736
2026-09-05T23:54:09+00:00,area_trajectory,grain,,1788596160000.0,,3.18090820295736
2026-09-05T23:54:09+00:00,area_trajectory,grain,,1788596280000.0,,3.18090820295736
2026-09-05T23:54:09+00:00,area_trajectory,grain,,1788596400000.0,,3.18090820295736
2026-09-05T23:54:09+00:00,area_trajectory,grain,,1788596520000.0,,3.18090820295736
2026-09-05T23:54:09+00:00,area_trajectory,grain,,1788596640000.0,,3.18090820295736
2026-09-05T23:54:09+00:00,area_trajectory,grain,,1788596760000.0,,3.17200891096517
2026-09-05T23:54:09+00:00,area_trajectory,grain,,1788596880000.0,,3.17200891096517
2026-09-05T23:54:09+00:00,area_trajectory,grain,,1788597000000.0,,3.14992565901205
2026-09-05T23:54:09+00:00,area_trajectory,grain,,1788597120000.0,,3.14992565901205
2026-09-05T23:54:09+00:00,area_trajectory,grain,,1788597240000.0,,3.14992565901205
2026-09-05T23:54:09+00:00,area_trajectory,grain,,1788597360000.0,,3.14992565901205
2026-09-05T23:54:09+00:00,area_trajectory,grain,,1788597480000.0,,3.14992565901205
2026-09-05T23:54:09+00:00,area_trajectory,grain,,1788597600000.0,,3.14992565901205
2026-09-05T23:54:09+00:00,area_trajectory,grain,,1788597720000.0,,3.14992565901205
2026-09-05T23:54:09+00:00,area_trajectory,grain,,1788597840000.0,,3.14992565901205
2026-09-05T23:54:09+00:00,area_trajectory,grain,,1788597960000.0,,3.1614616697542397
2026-09-05T23:54:09+00:00,area_trajectory,grain,,1788598080000.0,,3.1614616697542397
2026-09-05T23:54:09+00:00,area_trajectory,grain,,1788598200000.0,,3.1614616697542397
2026-09-05T23:54:09+00:00,area_trajectory,grain,,1788598320000.0,,3.1614616697542397
2026-09-05T23:54:09+00:00,area_trajectory,grain,,1788598440000.0,,3.13937878401205
2026-09-05T23:54:09+00:00,area_trajectory,grain,,1788598560000.0,,3.13937878401205
2026-09-05T23:54:09+00:00,area_trajectory,grain,,1788598680000.0,,3.15915454084799
2026-09-05T23:54:09+00:00,area_trajectory,grain,,1788598800000.0,,3.15915454084799
2026-09-05T23:54:09+00:00,area_trajectory,grain,,1788598920000.0,,3.15915454084799
2026-09-05T23:54:09+00:00,area_trajectory,grain,,1788599040000.0,,3.1367416990511097
2026-09-05T23:54:09+00:00,area_trajectory,grain,,1788599160000.0,,3.1940921629182997
2026-09-05T23:54:09+00:00,area_trajectory,grain,,1788599280000.0,,3.1940921629182997
2026-09-05T23:54:09+00:00,area_trajectory,grain,,1788599400000.0,,3.15618823225424
2026-09-05T23:54:09+00:00,area_trajectory,grain,,1788599520000.0,,3.15618823225424
2026-09-05T23:54:09+00:00,area_trajectory,grain,,1788599640000.0,,3.15618823225424
2026-09-05T23:54:09+00:00,area_trajectory,grain,,1788599760000.0,,3.15618823225424
2026-09-05T23:54:09+00:00,area_trajectory,grain,,1788599880000.0,,3.1716793211214203
2026-09-05T23:54:09+00:00,area_trajectory,grain,,1788600000000.0,,3.1716793211214203
2026-09-05T23:54:09+00:00,area_trajectory,grain,,1788600120000.0,,3.15091479475424
2026-09-05T23:54:09+00:00,area_trajectory,grain,,1788600240000.0,,3.15091479475424
2026-09-05T23:54:09+00:00,area_trajectory,grain,,1788600360000.0,,3.16541711409017
2026-09-05T23:54:09+00:00,area_trajectory,grain,,1788600480000.0,,3.16541711409017
2026-09-05T23:54:09+00:00,area_trajectory,grain,,1788600600000.0,,3.1838745115511102
2026-09-05T23:54:09+00:00,area_trajectory,grain,,1788600720000.0,,3.1838745115511102
2026-09-05T23:54:09+00:00,area_trajectory,grain,,1788600840000.0,,3.1647579344026697
2026-09-05T23:54:09+00:00,area_trajectory,grain,,1788600960000.0,,3.1647579344026697
2026-09-05T23:54:09+00:00,area_trajectory,grain,,1788601080000.0,,3.1647579344026697
2026-09-05T23:54:09+00:00,area_trajectory,grain,,1788601200000.0,,3.1647579344026697
2026-09-05T23:54:09+00:00,area_trajectory,grain,,1788601320000.0,,3.1406971433870496
2026-09-05T23:54:09+00:00,area_trajectory,grain,,1788601440000.0,,3.1406971433870496
2026-09-05T23:54:09+00:00,area_trajectory,grain,,1788601560000.0,,3.15981372053549
2026-09-05T23:54:09+00:00,area_trajectory,grain,,1788601680000.0,,3.15981372053549
2026-09-05T23:54:09+00:00,area_trajectory,grain,,1788601800000.0,,3.1769531248323597
2026-09-05T23:54:09+00:00,area_trajectory,grain,,1788601920000.0,,3.1769531248323597
2026-09-05T23:54:09+00:00,area_trajectory,grain,,1788602040000.0,,3.15684741194174
2026-09-05T23:54:09+00:00,area_trajectory,grain,,1788602160000.0,,3.15684741194174
2026-09-05T23:54:09+00:00,area_trajectory,grain,,1788602280000.0,,3.15684741194174
2026-09-05T23:54:09+00:00,area_trajectory,grain,,1788602400000.0,,3.15684741194174
2026-09-05T23:54:09+00:00,area_trajectory,grain,,1788602520000.0,,3.15684741194174
2026-09-05T23:54:09+00:00,area_trajectory,grain,,1788602640000.0,,3.1921146238558
2026-09-05T23:54:09+00:00,area_trajectory,grain,,1788602760000.0,,3.1921146238558
2026-09-05T23:54:09+00:00,area_trajectory,grain,,1788602880000.0,,3.1921146238558
2026-09-05T23:54:09+00:00,area_trajectory,grain,,1788603000000.0,,3.1505852049104903
2026-09-05T23:54:09+00:00,area_trajectory,grain,,1788603120000.0,,3.1505852049104903
2026-09-05T23:54:09+00:00,area_trajectory,grain,,1788603240000.0,,3.1505852049104903
2026-09-05T23:54:09+00:00,area_trajectory,grain,,1788603360000.0,,3.1505852049104903
2026-09-05T23:54:09+00:00,area_trajectory,grain,,1788603480000.0,,3.1881595457308
2026-09-05T23:54:09+00:00,area_trajectory,grain,,1788603600000.0,,3.1881595457308
2026-09-05T23:54:09+00:00,area_trajectory,grain,,1788603720000.0,,3.16739465315267
2026-09-05T23:54:09+00:00,area_trajectory,grain,,1788603840000.0,,3.16739465315267
2026-09-05T23:54:09+00:00,area_trajectory,grain,,1788603960000.0,,3.16739465315267
2026-09-05T23:54:09+00:00,area_trajectory,grain,,1788604080000.0,,3.16739465315267
2026-09-05T23:54:09+00:00,area_trajectory,grain,,1788604200000.0,,3.16739465315267
2026-09-05T23:54:09+00:00,area_trajectory,grain,,1788604320000.0,,3.16739465315267
2026-09-05T23:54:09+00:00,area_trajectory,grain,,1788604440000.0,,3.16739465315267
2026-09-05T23:54:09+00:00,area_trajectory,grain,,1788604560000.0,,3.16739465315267
2026-09-05T23:54:09+00:00,area_trajectory,grain,,1788604680000.0,,3.20068432600424
2026-09-05T23:54:09+00:00,area_trajectory,grain,,1788604800000.0,,3.20068432600424
2026-09-05T23:54:09+00:00,area_trajectory,grain,,1788604920000.0,,3.16113207991049
2026-09-05T23:54:09+00:00,area_trajectory,grain,,1788605040000.0,,3.16113207991049
2026-09-05T23:54:09+00:00,area_trajectory,grain,,1788605160000.0,,3.17893066389486
2026-09-05T23:54:09+00:00,area_trajectory,grain,,1788605280000.0,,3.17893066389486
2026-09-05T23:54:09+00:00,area_trajectory,grain,,1788605400000.0,,3.15915454084799
2026-09-05T23:54:09+00:00,area_trajectory,grain,,1788605520000.0,,3.15915454084799
2026-09-05T23:54:09+00:00,area_trajectory,grain,,1788605640000.0,,3.17761230451986
2026-09-05T23:54:09+00:00,area_trajectory,grain,,1788605760000.0,,3.17761230451986
2026-09-05T23:54:09+00:00,area_trajectory,grain,,1788605880000.0,,3.1406971433870496
2026-09-05T23:54:09+00:00,area_trajectory,grain,,1788606000000.0,,3.1406971433870496
2026-09-05T23:54:09+00:00,area_trajectory,grain,,1788606120000.0,,3.1406971433870496
2026-09-05T23:54:09+00:00,area_trajectory,grain,,1788606240000.0,,3.19310339338705
2026-09-05T23:54:09+00:00,area_trajectory,grain,,1788606360000.0,,3.1729976804964197
2026-09-05T23:54:09+00:00,area_trajectory,grain,,1788606480000.0,,3.1729976804964197
2026-09-05T23:54:09+00:00,area_trajectory,grain,,1788606600000.0,,3.15454028303549
2026-09-05T23:54:09+00:00,area_trajectory,grain,,1788606720000.0,,3.15454028303549
2026-09-05T23:54:09+00:00,area_trajectory,grain,,1788606840000.0,,3.1921146238558
2026-09-05T23:54:09+00:00,area_trajectory,grain,,1788606960000.0,,3.1921146238558
2026-09-05T23:54:09+00:00,area_trajectory,grain,,1788607080000.0,,3.16970178205892
2026-09-05T23:54:09+00:00,area_trajectory,grain,,1788607200000.0,,3.16970178205892
2026-09-05T23:54:09+00:00,area_trajectory,grain,,1788607320000.0,,3.15157397444174
2026-09-05T23:54:09+00:00,area_trajectory,grain,,1788607440000.0,,3.15157397444174
2026-09-05T23:54:09+00:00,area_trajectory,grain,,1788607560000.0,,3.1901370847933
2026-09-05T23:54:09+00:00,area_trajectory,grain,,1788607680000.0,,3.1901370847933
2026-09-05T23:54:09+00:00,area_trajectory,grain,,1788607800000.0,,3.17036096174642
2026-09-05T23:54:09+00:00,area_trajectory,grain,,1788607920000.0,,3.17036096174642
2026-09-05T23:54:09+00:00,area_trajectory,grain,,1788608040000.0,,3.14794811994955
2026-09-05T23:54:09+00:00,area_trajectory,grain,,1788608160000.0,,3.14794811994955
2026-09-05T23:54:09+00:00,area_trajectory,grain,,1788608280000.0,,3.1845336912386095
2026-09-05T23:54:09+00:00,area_trajectory,grain,,1788608400000.0,,3.1845336912386095
2026-09-05T23:54:09+00:00,area_trajectory,grain,,1788608520000.0,,3.14860729963705
2026-09-05T23:54:09+00:00,area_trajectory,grain,,1788608640000.0,,3.14860729963705
2026-09-05T23:54:09+00:00,area_trajectory,grain,,1788608760000.0,,3.1650875242464203
2026-09-05T23:54:09+00:00,area_trajectory,grain,,1788608880000.0,,3.1650875242464203
2026-09-05T23:54:09+00:00,area_trajectory,grain,,1788609000000.0,,3.18255615217611
2026-09-05T23:54:09+00:00,area_trajectory,grain,,1788609120000.0,,3.18255615217611
2026-09-05T23:54:09+00:00,area_trajectory,grain,,1788609240000.0,,3.16212121565267
2026-09-05T23:54:09+00:00,area_trajectory,grain,,1788609360000.0,,3.16212121565267
2026-09-05T23:54:09+00:00,area_trajectory,grain,,1788609480000.0,,3.1799194334261096
2026-09-05T23:54:09+00:00,area_trajectory,grain,,1788609600000.0,,3.1799194334261096
2026-09-05T23:54:09+00:00,area_trajectory,grain,,1788609720000.0,,3.1799194334261096
2026-09-05T23:54:09+00:00,area_trajectory,grain,,1788609840000.0,,3.1640987547151704
2026-09-05T23:54:09+00:00,area_trajectory,grain,,1788609960000.0,,2.60246044905111
2026-09-05T23:54:09+00:00,area_trajectory,grain,,1788610080000.0,,2.60246044905111
2026-09-05T23:54:09+00:00,area_trajectory,grain,,1788610200000.0,,2.7596795652620503
2026-09-05T23:54:09+00:00,area_trajectory,grain,,1788610320000.0,,2.7596795652620503
2026-09-05T23:54:09+00:00,area_trajectory,grain,,1788610440000.0,,2.24484448225424
2026-09-05T23:54:09+00:00,area_trajectory,grain,,1788610560000.0,,2.24484448225424
2026-09-05T23:54:09+00:00,area_trajectory,grain,,1788610680000.0,,3.0658778684847103
2026-09-05T23:54:09+00:00,area_trajectory,grain,,1788610800000.0,,3.0658778684847103
2026-09-05T23:54:09+00:00,area_trajectory,grain,,1788610920000.0,,2.83285070784017
2026-09-05T23:54:09+00:00,area_trajectory,grain,,1788611040000.0,,2.83285070784017
2026-09-05T23:54:09+00:00,area_trajectory,grain,,1788611160000.0,,3.25737524397299
2026-09-05T23:54:09+00:00,area_trajectory,grain,,1788611280000.0,,3.25737524397299
2026-09-05T23:54:09+00:00,area_trajectory,grain,,1788611400000.0,,3.0306106565706403
2026-09-05T23:54:09+00:00,area_trajectory,grain,,1788611520000.0,,3.0306106565706403
2026-09-05T23:54:09+00:00,area_trajectory,grain,,1788611640000.0,,2.86614038069174
2026-09-05T23:54:09+00:00,area_trajectory,grain,,1788611760000.0,,2.86614038069174
2026-09-05T23:54:09+00:00,area_trajectory,grain,,1788611880000.0,,3.2560568845979896
2026-09-05T23:54:09+00:00,area_trajectory,grain,,1788612000000.0,,3.2560568845979896
2026-09-05T23:54:09+00:00,area_trajectory,grain,,1788612120000.0,,3.12454650862142
2026-09-05T23:54:09+00:00,area_trajectory,grain,,1788612240000.0,,3.12454650862142
2026-09-05T23:54:09+00:00,area_trajectory,grain,,1788612360000.0,,3.23364404280111
2026-09-05T23:54:09+00:00,area_trajectory,grain,,1788612480000.0,,3.23364404280111
2026-09-05T23:54:09+00:00,area_trajectory,grain,,1788612600000.0,,3.15454028303549
2026-09-05T23:54:09+00:00,area_trajectory,grain,,1788612720000.0,,3.15454028303549
2026-09-05T23:54:09+00:00,area_trajectory,grain,,1788612840000.0,,3.15454028303549
2026-09-05T23:54:09+00:00,area_trajectory,grain,,1788612960000.0,,3.15454028303549
2026-09-05T23:54:09+00:00,area_trajectory,grain,,1788613080000.0,,3.1472889402620496
2026-09-05T23:54:09+00:00,area_trajectory,grain,,1788613200000.0,,3.1472889402620496
2026-09-05T23:54:09+00:00,area_trajectory,grain,,1788613320000.0,,3.1472889402620496
2026-09-05T23:54:09+00:00,area_trajectory,grain,,1788613440000.0,,3.1657467039339195
2026-09-05T23:54:09+00:00,area_trajectory,grain,,1788613560000.0,,3.36021057112142
2026-09-05T23:54:09+00:00,area_trajectory,grain,,1788613680000.0,,3.36021057112142
2026-09-05T23:54:09+00:00,area_trajectory,grain,,1788613800000.0,,3.2524313963167404
2026-09-05T23:54:09+00:00,area_trajectory,grain,,1788613920000.0,,3.2524313963167404
2026-09-05T23:54:09+00:00,area_trajectory,grain,,1788614040000.0,,3.30780432112142
2026-09-05T23:54:09+00:00,area_trajectory,grain,,1788614160000.0,,3.30780432112142
2026-09-05T23:54:09+00:00,area_trajectory,grain,,1788614280000.0,,3.2916536863558004
2026-09-05T23:54:09+00:00,area_trajectory,grain,,1788614400000.0,,3.2916536863558004
2026-09-05T23:54:09+00:00,area_trajectory,grain,,1788614520000.0,,3.32560253889486
2026-09-05T23:54:09+00:00,area_trajectory,grain,,1788614640000.0,,3.32560253889486
2026-09-05T23:54:09+00:00,area_trajectory,grain,,1788614760000.0,,3.30483764631674
2026-09-05T23:54:09+00:00,area_trajectory,grain,,1788614880000.0,,3.30483764631674
2026-09-05T23:54:09+00:00,area_trajectory,grain,,1788615000000.0,,3.30483764631674
2026-09-05T23:54:09+00:00,area_trajectory,grain,,1788615120000.0,,3.30483764631674
2026-09-05T23:54:09+00:00,area_trajectory,grain,,1788615240000.0,,3.30483764631674
2026-09-05T23:54:09+00:00,area_trajectory,grain,,1788615360000.0,,3.30483764631674
2026-09-05T23:54:09+00:00,area_trajectory,grain,,1788615480000.0,,3.3206586912386102
2026-09-05T23:54:09+00:00,area_trajectory,grain,,1788615600000.0,,3.3206586912386102
2026-09-05T23:54:09+00:00,area_trajectory,grain,,1788615720000.0,,3.30318969709799
2026-09-05T23:54:09+00:00,area_trajectory,grain,,1788615840000.0,,3.30318969709799
2026-09-05T23:54:09+00:00,area_trajectory,grain,,1788615960000.0,,3.30318969709799
2026-09-05T23:54:09+00:00,area_trajectory,grain,,1788616080000.0,,3.30318969709799
2026-09-05T23:54:09+00:00,area_trajectory,grain,,1788616200000.0,,3.28473229963705
2026-09-05T23:54:09+00:00,area_trajectory,grain,,1788616320000.0,,3.28473229963705
2026-09-05T23:54:09+00:00,area_trajectory,grain,,1788616440000.0,,3.30417846662924
2026-09-05T23:54:09+00:00,area_trajectory,grain,,1788616560000.0,,3.30417846662924
2026-09-05T23:54:09+00:00,area_trajectory,grain,,1788616680000.0,,3.2857210691682996
2026-09-05T23:54:09+00:00,area_trajectory,grain,,1788616800000.0,,3.2857210691682996
2026-09-05T23:54:09+00:00,area_trajectory,grain,,1788616920000.0,,3.2857210691682996
2026-09-05T23:54:09+00:00,area_trajectory,grain,,1788617040000.0,,3.26627453596517
2026-09-05T23:54:09+00:00,area_trajectory,grain,,1788617160000.0,,3.30549682600424
2026-09-05T23:54:09+00:00,area_trajectory,grain,,1788617280000.0,,3.30549682600424
2026-09-05T23:54:09+00:00,area_trajectory,grain,,1788617400000.0,,3.30549682600424
2026-09-05T23:54:09+00:00,area_trajectory,grain,,1788617520000.0,,3.30549682600424
2026-09-05T23:54:09+00:00,area_trajectory,grain,,1788617640000.0,,3.2903353269808
2026-09-05T23:54:09+00:00,area_trajectory,grain,,1788617760000.0,,3.2903353269808
2026-09-05T23:54:09+00:00,area_trajectory,grain,,1788617880000.0,,3.23759948713705
2026-09-05T23:54:09+00:00,area_trajectory,grain,,1788618000000.0,,3.23759948713705
2026-09-05T23:54:09+00:00,area_trajectory,grain,,1788618120000.0,,3.2929720457308
2026-09-05T23:54:09+00:00,area_trajectory,grain,,1788618240000.0,,3.2929720457308
2026-09-05T23:54:09+00:00,area_trajectory,grain,,1788618360000.0,,3.2929720457308
2026-09-05T23:54:09+00:00,area_trajectory,grain,,1788618480000.0,,3.2929720457308
2026-09-05T23:54:09+00:00,area_trajectory,grain,,1788618600000.0,,3.3269208982698597
2026-09-05T23:54:09+00:00,area_trajectory,grain,,1788618720000.0,,3.3269208982698597
2026-09-05T23:54:09+00:00,area_trajectory,grain,,1788618840000.0,,3.2896761472933
2026-09-05T23:54:09+00:00,area_trajectory,grain,,1788618960000.0,,3.2896761472933
2026-09-05T23:54:09+00:00,area_trajectory,grain,,1788619080000.0,,3.3091226804964204
2026-09-05T23:54:09+00:00,area_trajectory,grain,,1788619200000.0,,3.3091226804964204
2026-09-05T23:54:09+00:00,area_trajectory,grain,,1788619320000.0,,3.2699000242464202
2026-09-05T23:54:09+00:00,area_trajectory,grain,,1788619440000.0,,3.2699000242464202
2026-09-05T23:54:09+00:00,area_trajectory,grain,,1788619560000.0,,3.2903353269808
2026-09-05T23:54:09+00:00,area_trajectory,grain,,1788619680000.0,,3.2903353269808
2026-09-05T23:54:09+00:00,area_trajectory,grain,,1788619800000.0,,3.3107706297151696
2026-09-05T23:54:09+00:00,area_trajectory,grain,,1788619920000.0,,3.3107706297151696
2026-09-05T23:54:09+00:00,area_trajectory,grain,,1788620040000.0,,3.3107706297151696
2026-09-05T23:54:09+00:00,area_trajectory,grain,,1788620160000.0,,3.3107706297151696
2026-09-05T23:54:09+00:00,area_trajectory,grain,,1788620280000.0,,3.2923128660432996
2026-09-05T23:54:09+00:00,area_trajectory,grain,,1788620400000.0,,3.2923128660432996
2026-09-05T23:54:09+00:00,area_trajectory,grain,,1788620520000.0,,3.2923128660432996
2026-09-05T23:54:09+00:00,area_trajectory,grain,,1788620640000.0,,3.21947131330892
2026-09-05T23:54:09+00:00,area_trajectory,grain,,1788620760000.0,,3.29429077131674
2026-09-05T23:54:09+00:00,area_trajectory,grain,,1788620880000.0,,3.29429077131674
2026-09-05T23:54:09+00:00,area_trajectory,grain,,1788621000000.0,,3.31241857893392
2026-09-05T23:54:09+00:00,area_trajectory,grain,,1788621120000.0,,3.31241857893392
2026-09-05T23:54:09+00:00,area_trajectory,grain,,1788621240000.0,,3.2570456541292403
2026-09-05T23:54:09+00:00,area_trajectory,grain,,1788621360000.0,,3.2570456541292403
2026-09-05T23:54:09+00:00,area_trajectory,grain,,1788621480000.0,,3.31505529768392
2026-09-05T23:54:09+00:00,area_trajectory,grain,,1788621600000.0,,3.31505529768392
2026-09-05T23:54:09+00:00,area_trajectory,grain,,1788621720000.0,,3.2392474363558
2026-09-05T23:54:09+00:00,area_trajectory,grain,,1788621840000.0,,3.2392474363558
2026-09-05T23:54:09+00:00,area_trajectory,grain,,1788621960000.0,,3.2969274900667402
2026-09-05T23:54:09+00:00,area_trajectory,grain,,1788622080000.0,,3.2969274900667402
2026-09-05T23:54:09+00:00,area_trajectory,grain,,1788622200000.0,,3.2969274900667402
2026-09-05T23:54:09+00:00,area_trajectory,grain,,1788622320000.0,,3.2969274900667402
2026-09-05T23:54:09+00:00,area_trajectory,grain,,1788622440000.0,,3.2774809568636103
2026-09-05T23:54:09+00:00,area_trajectory,grain,,1788622560000.0,,3.2774809568636103
2026-09-05T23:54:09+00:00,area_trajectory,grain,,1788622680000.0,,3.35230004866049
2026-09-05T23:54:09+00:00,area_trajectory,grain,,1788622800000.0,,3.35230004866049
2026-09-05T23:54:09+00:00,area_trajectory,grain,,1788622920000.0,,3.2385882566683
2026-09-05T23:54:09+00:00,area_trajectory,grain,,1788623040000.0,,3.2385882566683
2026-09-05T23:54:09+00:00,area_trajectory,grain,,1788623160000.0,,3.2969274900667402
2026-09-05T23:54:09+00:00,area_trajectory,grain,,1788623280000.0,,3.2969274900667402
2026-09-05T23:54:09+00:00,area_trajectory,grain,,1788623400000.0,,3.28143603498861
2026-09-05T23:54:09+00:00,area_trajectory,grain,,1788623520000.0,,3.28143603498861
2026-09-05T23:54:09+00:00,area_trajectory,grain,,1788623640000.0,,3.2992346189729895
2026-09-05T23:54:09+00:00,area_trajectory,grain,,1788623760000.0,,3.2992346189729895
2026-09-05T23:54:09+00:00,area_trajectory,grain,,1788623880000.0,,3.2992346189729895
2026-09-05T23:54:09+00:00,area_trajectory,grain,,1788624000000.0,,3.2992346189729895
2026-09-05T23:54:09+00:00,area_trajectory,grain,,1788624120000.0,,3.2992346189729895
2026-09-05T23:54:09+00:00,area_trajectory,grain,,1788624240000.0,,3.3167032469026703
2026-09-05T23:54:09+00:00,area_trajectory,grain,,1788624360000.0,,3.29659790022299
2026-09-05T23:54:09+00:00,area_trajectory,grain,,1788624480000.0,,3.29659790022299
2026-09-05T23:54:09+00:00,area_trajectory,grain,,1788624600000.0,,3.27846972639486
2026-09-05T23:54:09+00:00,area_trajectory,grain,,1788624720000.0,,3.27846972639486
2026-09-05T23:54:09+00:00,area_trajectory,grain,,1788624840000.0,,3.25968273909017
2026-09-05T23:54:09+00:00,area_trajectory,grain,,1788624960000.0,,3.25968273909017
2026-09-05T23:54:09+00:00,area_trajectory,grain,,1788625080000.0,,3.2382586668245503
2026-09-05T23:54:09+00:00,area_trajectory,grain,,1788625200000.0,,3.2382586668245503
2026-09-05T23:54:09+00:00,area_trajectory,grain,,1788625320000.0,,3.2201304929964203
2026-09-05T23:54:09+00:00,area_trajectory,grain,,1788625440000.0,,3.2201304929964203
2026-09-05T23:54:09+00:00,area_trajectory,grain,,1788625560000.0,,3.29494995100424
2026-09-05T23:54:09+00:00,area_trajectory,grain,,1788625680000.0,,3.29494995100424
2026-09-05T23:54:09+00:00,area_trajectory,grain,,1788625800000.0,,3.25572729475424
2026-09-05T23:54:09+00:00,area_trajectory,grain,,1788625920000.0,,3.25572729475424
2026-09-05T23:54:09+00:00,area_trajectory,grain,,1788626040000.0,,3.32988720686361
2026-09-05T23:54:09+00:00,area_trajectory,grain,,1788626160000.0,,3.32988720686361
2026-09-05T23:54:09+00:00,area_trajectory,grain,,1788626280000.0,,3.23628112776205
2026-09-05T23:54:09+00:00,area_trajectory,grain,,1788626400000.0,,3.23628112776205
2026-09-05T23:54:09+00:00,area_trajectory,grain,,1788626520000.0,,3.21584582502767
2026-09-05T23:54:09+00:00,area_trajectory,grain,,1788626640000.0,,3.21584582502767
2026-09-05T23:54:09+00:00,area_trajectory,grain,,1788626760000.0,,3.21584582502767
2026-09-05T23:54:09+00:00,area_trajectory,grain,,1788626880000.0,,3.21584582502767
2026-09-05T23:54:09+00:00,area_trajectory,grain,,1788627000000.0,,3.2507834470979904
2026-09-05T23:54:09+00:00,area_trajectory,grain,,1788627120000.0,,3.2507834470979904
2026-09-05T23:54:09+00:00,area_trajectory,grain,,1788627240000.0,,3.2507834470979904
2026-09-05T23:54:09+00:00,area_trajectory,grain,,1788627360000.0,,3.2507834470979904
2026-09-05T23:54:09+00:00,area_trajectory,grain,,1788627480000.0,,3.2507834470979904
2026-09-05T23:54:09+00:00,area_trajectory,grain,,1788627600000.0,,3.2507834470979904
2026-09-05T23:54:09+00:00,area_trajectory,grain,,1788627720000.0,,3.2507834470979904
2026-09-05T23:54:09+00:00,area_trajectory,grain,,1788627840000.0,,3.2296889646761104
2026-09-05T23:54:09+00:00,area_trajectory,grain,,1788627960000.0,,3.2471579588167403
2026-09-05T23:54:09+00:00,area_trajectory,grain,,1788628080000.0,,3.2471579588167403
2026-09-05T23:54:09+00:00,area_trajectory,grain,,1788628200000.0,,3.28275476057455
2026-09-05T23:54:09+00:00,area_trajectory,grain,,1788628320000.0,,3.28275476057455
2026-09-05T23:54:09+00:00,area_trajectory,grain,,1788628440000.0,,3.28275476057455
2026-09-05T23:54:09+00:00,area_trajectory,grain,,1788628560000.0,,3.28275476057455
2026-09-05T23:54:09+00:00,area_trajectory,grain,,1788628680000.0,,3.28275476057455
2026-09-05T23:54:09+00:00,area_trajectory,grain,,1788628800000.0,,3.28275476057455
2026-09-05T23:54:09+00:00,area_trajectory,grain,,1788628920000.0,,3.28275476057455
2026-09-05T23:54:09+00:00,area_trajectory,grain,,1788629040000.0,,3.28275476057455
2026-09-05T23:54:09+00:00,area_trajectory,grain,,1788629160000.0,,3.29527954084799
2026-09-05T23:54:09+00:00,area_trajectory,grain,,1788629280000.0,,3.29527954084799
2026-09-05T23:54:09+00:00,area_trajectory,grain,,1788629400000.0,,3.27517382795736
2026-09-05T23:54:09+00:00,area_trajectory,grain,,1788629520000.0,,3.27517382795736
2026-09-05T23:54:09+00:00,area_trajectory,grain,,1788629640000.0,,3.23759948713705
2026-09-05T23:54:09+00:00,area_trajectory,grain,,1788629760000.0,,3.23759948713705
2026-09-05T23:54:09+00:00,area_trajectory,grain,,1788629880000.0,,3.2929720457308
2026-09-05T23:54:09+00:00,area_trajectory,grain,,1788630000000.0,,3.2929720457308
2026-09-05T23:54:09+00:00,area_trajectory,grain,,1788630120000.0,,3.2929720457308
2026-09-05T23:54:09+00:00,area_trajectory,grain,,1788630240000.0,,3.2929720457308
2026-09-05T23:54:09+00:00,area_trajectory,grain,,1788630360000.0,,3.25276098616049
2026-09-05T23:54:09+00:00,area_trajectory,grain,,1788630480000.0,,3.25276098616049
2026-09-05T23:54:09+00:00,area_trajectory,grain,,1788630600000.0,,3.23265527326986
2026-09-05T23:54:09+00:00,area_trajectory,grain,,1788630720000.0,,3.23265527326986
2026-09-05T23:54:09+00:00,area_trajectory,grain,,1788630840000.0,,3.28736901838705
2026-09-05T23:54:09+00:00,area_trajectory,grain,,1788630960000.0,,3.28736901838705
2026-09-05T23:54:09+00:00,area_trajectory,grain,,1788631080000.0,,3.30549682600424
2026-09-05T23:54:09+00:00,area_trajectory,grain,,1788631200000.0,,3.30549682600424
2026-09-05T23:54:09+00:00,area_trajectory,grain,,1788631320000.0,,3.30549682600424
2026-09-05T23:54:09+00:00,area_trajectory,grain,,1788631440000.0,,3.2478171385042396
2026-09-05T23:54:09+00:00,area_trajectory,grain,,1788631560000.0,,3.22804101545736
2026-09-05T23:54:09+00:00,area_trajectory,grain,,1788631680000.0,,3.22804101545736
2026-09-05T23:54:09+00:00,area_trajectory,grain,,1788631800000.0,,3.3196699217073604
2026-09-05T23:54:09+00:00,area_trajectory,grain,,1788631920000.0,,3.3196699217073604
2026-09-05T23:54:09+00:00,area_trajectory,grain,,1788632040000.0,,3.2221083982698597
2026-09-05T23:54:09+00:00,area_trajectory,grain,,1788632160000.0,,3.2221083982698597
2026-09-05T23:54:09+00:00,area_trajectory,grain,,1788632280000.0,,3.29494995100424
2026-09-05T23:54:09+00:00,area_trajectory,grain,,1788632400000.0,,3.29494995100424
2026-09-05T23:54:09+00:00,area_trajectory,grain,,1788632520000.0,,3.3127481687776705
2026-09-05T23:54:09+00:00,area_trajectory,grain,,1788632640000.0,,3.3127481687776705
2026-09-05T23:54:09+00:00,area_trajectory,grain,,1788632760000.0,,3.19969555647299
2026-09-05T23:54:09+00:00,area_trajectory,grain,,1788632880000.0,,3.19969555647299
2026-09-05T23:54:09+00:00,area_trajectory,grain,,1788633000000.0,,3.23628112776205
2026-09-05T23:54:09+00:00,area_trajectory,grain,,1788633120000.0,,3.23628112776205
2026-09-05T23:54:09+00:00,area_trajectory,grain,,1788633240000.0,,3.23628112776205
2026-09-05T23:54:09+00:00,area_trajectory,grain,,1788633360000.0,,3.23628112776205
2026-09-05T23:54:09+00:00,area_trajectory,grain,,1788633480000.0,,3.2893465574495497
2026-09-05T23:54:09+00:00,area_trajectory,grain,,1788633600000.0,,3.2893465574495497
2026-09-05T23:54:09+00:00,area_trajectory,grain,,1788633720000.0,,3.2893465574495497
2026-09-05T23:54:09+00:00,area_trajectory,grain,,1788633840000.0,,3.2893465574495497
2026-09-05T23:54:09+00:00,area_trajectory,grain,,1788633960000.0,,3.32164746076986
2026-09-05T23:54:09+00:00,area_trajectory,grain,,1788634080000.0,,3.32164746076986
2026-09-05T23:54:09+00:00,area_trajectory,grain,,1788634200000.0,,3.22870019514486
2026-09-05T23:54:09+00:00,area_trajectory,grain,,1788634320000.0,,3.22870019514486
2026-09-05T23:54:09+00:00,area_trajectory,grain,,1788634440000.0,,3.2448504636995503
2026-09-05T23:54:09+00:00,area_trajectory,grain,,1788634560000.0,,3.2448504636995503
2026-09-05T23:54:09+00:00,area_trajectory,grain,,1788634680000.0,,3.22639306623861
2026-09-05T23:54:09+00:00,area_trajectory,grain,,1788634800000.0,,3.22639306623861
2026-09-05T23:54:09+00:00,area_trajectory,grain,,1788634920000.0,,3.22639306623861
2026-09-05T23:54:09+00:00,area_trajectory,grain,,1788635040000.0,,3.28011767561361
2026-09-05T23:54:09+00:00,area_trajectory,grain,,1788635160000.0,,3.29659790022299
2026-09-05T23:54:09+00:00,area_trajectory,grain,,1788635280000.0,,3.29659790022299
2026-09-05T23:54:09+00:00,area_trajectory,grain,,1788635400000.0,,3.2764921873323605
2026-09-05T23:54:09+00:00,area_trajectory,grain,,1788635520000.0,,3.2764921873323605
2026-09-05T23:54:09+00:00,area_trajectory,grain,,1788635640000.0,,3.2385882566683
2026-09-05T23:54:09+00:00,area_trajectory,grain,,1788635760000.0,,3.2385882566683
2026-09-05T23:54:09+00:00,area_trajectory,grain,,1788635880000.0,,3.27418505842611
2026-09-05T23:54:09+00:00,area_trajectory,grain,,1788636000000.0,,3.27418505842611
2026-09-05T23:54:09+00:00,area_trajectory,grain,,1788636120000.0,,3.3084635008089203
2026-09-05T23:54:09+00:00,area_trajectory,grain,,1788636240000.0,,3.3084635008089203
2026-09-05T23:54:09+00:00,area_trajectory,grain,,1788636360000.0,,3.2903353269808
2026-09-05T23:54:09+00:00,area_trajectory,grain,,1788636480000.0,,3.2903353269808
2026-09-05T23:54:09+00:00,area_trajectory,grain,,1788636600000.0,,3.2903353269808
2026-09-05T23:54:09+00:00,area_trajectory,grain,,1788636720000.0,,3.2903353269808
2026-09-05T23:54:09+00:00,area_trajectory,grain,,1788636840000.0,,3.2451800535433
2026-09-05T23:54:09+00:00,area_trajectory,grain,,1788636960000.0,,3.2451800535433
2026-09-05T23:54:09+00:00,area_trajectory,grain,,1788637080000.0,,3.2623194578401704
2026-09-05T23:54:09+00:00,area_trajectory,grain,,1788637200000.0,,3.2623194578401704
2026-09-05T23:54:09+00:00,area_trajectory,grain,,1788637320000.0,,3.2969274900667402
2026-09-05T23:54:09+00:00,area_trajectory,grain,,1788637440000.0,,3.2969274900667402
2026-09-05T23:54:09+00:00,area_trajectory,grain,,1788637560000.0,,3.20496899397299
2026-09-05T23:54:09+00:00,area_trajectory,grain,,1788637680000.0,,3.20496899397299
2026-09-05T23:54:09+00:00,area_trajectory,grain,,1788637800000.0,,3.2402362058870504
2026-09-05T23:54:09+00:00,area_trajectory,grain,,1788637920000.0,,3.2402362058870504
2026-09-05T23:54:09+00:00,area_trajectory,grain,,1788638040000.0,,3.2758330076448603
2026-09-05T23:54:09+00:00,area_trajectory,grain,,1788638160000.0,,3.2758330076448603
2026-09-05T23:54:09+00:00,area_trajectory,grain,,1788638280000.0,,3.31340734846517
2026-09-05T23:54:09+00:00,area_trajectory,grain,,1788638400000.0,,3.31340734846517
2026-09-05T23:54:09+00:00,area_trajectory,grain,,1788638520000.0,,3.31340734846517
2026-09-05T23:54:09+00:00,area_trajectory,grain,,1788638640000.0,,3.21881213362142
2026-09-05T23:54:09+00:00,area_trajectory,grain,,1788638760000.0,,3.2916536863558004
2026-09-05T23:54:09+00:00,area_trajectory,grain,,1788638880000.0,,3.2916536863558004
2026-09-05T23:54:09+00:00,area_trajectory,grain,,1788639000000.0,,3.2916536863558004
2026-09-05T23:54:09+00:00,area_trajectory,grain,,1788639120000.0,,3.2916536863558004
2026-09-05T23:54:09+00:00,area_trajectory,grain,,1788639240000.0,,3.25111303694174
2026-09-05T23:54:09+00:00,area_trajectory,grain,,1788639360000.0,,3.25111303694174
2026-09-05T23:54:09+00:00,area_trajectory,grain,,1788639480000.0,,3.23364404280111
2026-09-05T23:54:09+00:00,area_trajectory,grain,,1788639600000.0,,3.23364404280111
2026-09-05T23:54:09+00:00,area_trajectory,grain,,1788639720000.0,,3.2708891599886103
2026-09-05T23:54:09+00:00,area_trajectory,grain,,1788639840000.0,,3.2708891599886103
2026-09-05T23:54:09+00:00,area_trajectory,grain,,1788639960000.0,,3.30384887678549
2026-09-05T23:54:09+00:00,area_trajectory,grain,,1788640080000.0,,3.30384887678549
2026-09-05T23:54:09+00:00,area_trajectory,grain,,1788640200000.0,,3.24979467756674
2026-09-05T23:54:09+00:00,area_trajectory,grain,,1788640320000.0,,3.24979467756674
2026-09-05T23:54:09+00:00,area_trajectory,grain,,1788640440000.0,,3.24979467756674
2026-09-05T23:54:09+00:00,area_trajectory,grain,,1788640560000.0,,3.24979467756674
2026-09-05T23:54:09+00:00,area_trajectory,grain,,1788640680000.0,,3.26627453596517
2026-09-05T23:54:09+00:00,area_trajectory,grain,,1788640800000.0,,3.26627453596517
2026-09-05T23:54:09+00:00,area_trajectory,grain,,1788640920000.0,,3.2313369138948596
2026-09-05T23:54:09+00:00,area_trajectory,grain,,1788641040000.0,,3.2313369138948596
2026-09-05T23:54:09+00:00,area_trajectory,grain,,1788641160000.0,,3.2313369138948596
2026-09-05T23:54:09+00:00,area_trajectory,grain,,1788641280000.0,,3.2313369138948596
2026-09-05T23:54:09+00:00,area_trajectory,grain,,1788641400000.0,,3.3028601072542396
2026-09-05T23:54:09+00:00,area_trajectory,grain,,1788641520000.0,,3.3028601072542396
2026-09-05T23:54:09+00:00,area_trajectory,grain,,1788641640000.0,,3.28473229963705
2026-09-05T23:54:09+00:00,area_trajectory,grain,,1788641760000.0,,3.28473229963705
2026-09-05T23:54:09+00:00,area_trajectory,grain,,1788641880000.0,,3.22870019514486
2026-09-05T23:54:09+00:00,area_trajectory,grain,,1788642000000.0,,3.22870019514486
2026-09-05T23:54:09+00:00,area_trajectory,grain,,1788642120000.0,,3.22870019514486
2026-09-05T23:54:09+00:00,area_trajectory,grain,,1788642240000.0,,3.26561535627767
2026-09-05T23:54:09+00:00,area_trajectory,grain,,1788642360000.0,,3.30154174787924
2026-09-05T23:54:09+00:00,area_trajectory,grain,,1788642480000.0,,3.30154174787924
2026-09-05T23:54:09+00:00,area_trajectory,grain,,1788642600000.0,,3.22804101545736
2026-09-05T23:54:09+00:00,area_trajectory,grain,,1788642720000.0,,3.22804101545736
2026-09-05T23:54:09+00:00,area_trajectory,grain,,1788642840000.0,,3.2844027097933
2026-09-05T23:54:09+00:00,area_trajectory,grain,,1788642960000.0,,3.2844027097933
2026-09-05T23:54:09+00:00,area_trajectory,grain,,1788643080000.0,,3.30088256819174
2026-09-05T23:54:09+00:00,area_trajectory,grain,,1788643200000.0,,3.30088256819174
2026-09-05T23:54:09+00:00,area_trajectory,grain,,1788643320000.0,,3.2260634763948604
2026-09-05T23:54:09+00:00,area_trajectory,grain,,1788643440000.0,,3.2260634763948604
2026-09-05T23:54:09+00:00,area_trajectory,grain,,1788643560000.0,,3.30121215803549
2026-09-05T23:54:09+00:00,area_trajectory,grain,,1788643680000.0,,3.30121215803549
2026-09-05T23:54:09+00:00,area_trajectory,grain,,1788643800000.0,,3.2834139402620504
2026-09-05T23:54:09+00:00,area_trajectory,grain,,1788643920000.0,,3.2834139402620504
2026-09-05T23:54:09+00:00,area_trajectory,grain,,1788644040000.0,,3.2455096433870496
2026-09-05T23:54:09+00:00,area_trajectory,grain,,1788644160000.0,,3.2455096433870496
2026-09-05T23:54:09+00:00,area_trajectory,grain,,1788644280000.0,,3.2455096433870496
2026-09-05T23:54:09+00:00,area_trajectory,grain,,1788644400000.0,,3.2455096433870496
2026-09-05T23:54:09+00:00,area_trajectory,grain,,1788644520000.0,,3.26495617659017
2026-09-05T23:54:09+00:00,area_trajectory,grain,,1788644640000.0,,3.26495617659017
2026-09-05T23:54:09+00:00,area_trajectory,grain,,1788644760000.0,,3.26495617659017
2026-09-05T23:54:09+00:00,area_trajectory,grain,,1788644880000.0,,3.26495617659017
2026-09-05T23:54:09+00:00,area_trajectory,grain,,1788645000000.0,,3.2844027097933
2026-09-05T23:54:09+00:00,area_trajectory,grain,,1788645120000.0,,3.2844027097933
2026-09-05T23:54:09+00:00,area_trajectory,grain,,1788645240000.0,,3.2844027097933
2026-09-05T23:54:09+00:00,area_trajectory,grain,,1788645360000.0,,3.2844027097933
2026-09-05T23:54:09+00:00,area_trajectory,grain,,1788645480000.0,,3.24946508772299
2026-09-05T23:54:09+00:00,area_trajectory,grain,,1788645600000.0,,3.24946508772299
2026-09-05T23:54:09+00:00,area_trajectory,grain,,1788645720000.0,,3.24946508772299
2026-09-05T23:54:09+00:00,area_trajectory,grain,,1788645840000.0,,3.2109019773714205
2026-09-05T23:54:09+00:00,area_trajectory,grain,,1788645960000.0,,3.2705595701448598
2026-09-05T23:54:09+00:00,area_trajectory,grain,,1788646080000.0,,3.2705595701448598
2026-09-05T23:54:09+00:00,area_trajectory,grain,,1788646200000.0,,3.2880281980745503
2026-09-05T23:54:09+00:00,area_trajectory,grain,,1788646320000.0,,3.2880281980745503
2026-09-05T23:54:09+00:00,area_trajectory,grain,,1788646440000.0,,3.23232568342611
2026-09-05T23:54:09+00:00,area_trajectory,grain,,1788646560000.0,,3.23232568342611
2026-09-05T23:54:09+00:00,area_trajectory,grain,,1788646680000.0,,3.25276098616049
2026-09-05T23:54:09+00:00,area_trajectory,grain,,1788646800000.0,,3.25276098616049
2026-09-05T23:54:09+00:00,area_trajectory,grain,,1788646920000.0,,3.25276098616049
2026-09-05T23:54:09+00:00,area_trajectory,grain,,1788647040000.0,,3.25276098616049
2026-09-05T23:54:09+00:00,area_trajectory,grain,,1788647160000.0,,3.2359515379183
2026-09-05T23:54:09+00:00,area_trajectory,grain,,1788647280000.0,,3.2359515379183
2026-09-05T23:54:09+00:00,area_trajectory,grain,,1788647400000.0,,3.29264245588705
2026-09-05T23:54:09+00:00,area_trajectory,grain,,1788647520000.0,,3.29264245588705
2026-09-05T23:54:09+00:00,area_trajectory,grain,,1788647640000.0,,3.27319628889486
2026-09-05T23:54:09+00:00,area_trajectory,grain,,1788647760000.0,,3.27319628889486
2026-09-05T23:54:09+00:00,area_trajectory,grain,,1788647880000.0,,3.27319628889486
2026-09-05T23:54:09+00:00,area_trajectory,grain,,1788648000000.0,,3.27319628889486
2026-09-05T23:54:09+00:00,area_trajectory,grain,,1788648120000.0,,3.27319628889486
2026-09-05T23:54:09+00:00,area_trajectory,grain,,1788648240000.0,,3.27319628889486
2026-09-05T23:54:09+00:00,area_trajectory,grain,,1788648360000.0,,3.27319628889486
2026-09-05T23:54:09+00:00,area_trajectory,grain,,1788648480000.0,,3.27319628889486
2026-09-05T23:54:09+00:00,area_trajectory,grain,,1788648600000.0,,3.29593872053549
2026-09-05T23:54:09+00:00,area_trajectory,grain,,1788648720000.0,,3.29593872053549
2026-09-05T23:54:09+00:00,area_trajectory,grain,,1788648840000.0,,3.2062873533479896
2026-09-05T23:54:09+00:00,area_trajectory,grain,,1788648960000.0,,3.2062873533479896
2026-09-05T23:54:09+00:00,area_trajectory,grain,,1788649080000.0,,3.2428729246370502
2026-09-05T23:54:09+00:00,area_trajectory,grain,,1788649200000.0,,3.2428729246370502
2026-09-05T23:54:09+00:00,area_trajectory,grain,,1788649320000.0,,3.2428729246370502
2026-09-05T23:54:09+00:00,area_trajectory,grain,,1788649440000.0,,3.30154174787924
2026-09-05T23:54:09+00:00,area_trajectory,grain,,1788649560000.0,,3.28473229963705
2026-09-05T23:54:09+00:00,area_trajectory,grain,,1788649680000.0,,3.28473229963705
2026-09-05T23:54:09+00:00,area_trajectory,grain,,1788649800000.0,,3.30187133772299
2026-09-05T23:54:09+00:00,area_trajectory,grain,,1788649920000.0,,3.30187133772299
2026-09-05T23:54:09+00:00,area_trajectory,grain,,1788650040000.0,,3.28736901838705
2026-09-05T23:54:09+00:00,area_trajectory,grain,,1788650160000.0,,3.28736901838705
2026-09-05T23:54:09+00:00,area_trajectory,grain,,1788650280000.0,,3.30747473127767
2026-09-05T23:54:09+00:00,area_trajectory,grain,,1788650400000.0,,3.30747473127767
2026-09-05T23:54:09+00:00,area_trajectory,grain,,1788650520000.0,,3.27121874983236
2026-09-05T23:54:09+00:00,area_trajectory,grain,,1788650640000.0,,3.27121874983236
2026-09-05T23:54:09+00:00,area_trajectory,grain,,1788650760000.0,,3.29429077131674
2026-09-05T23:54:09+00:00,area_trajectory,grain,,1788650880000.0,,3.29429077131674
2026-09-05T23:54:09+00:00,area_trajectory,grain,,1788651000000.0,,3.23628112776205
2026-09-05T23:54:09+00:00,area_trajectory,grain,,1788651120000.0,,3.23628112776205
2026-09-05T23:54:09+00:00,area_trajectory,grain,,1788651240000.0,,3.26067150862142
2026-09-05T23:54:09+00:00,area_trajectory,grain,,1788651360000.0,,3.26067150862142
2026-09-05T23:54:09+00:00,area_trajectory,grain,,1788651480000.0,,3.28011767561361
2026-09-05T23:54:09+00:00,area_trajectory,grain,,1788651600000.0,,3.28011767561361
2026-09-05T23:54:09+00:00,area_trajectory,grain,,1788651720000.0,,3.24155456526205
2026-09-05T23:54:09+00:00,area_trajectory,grain,,1788651840000.0,,3.24155456526205
2026-09-05T23:54:09+00:00,area_trajectory,grain,,1788651960000.0,,3.30121215803549
2026-09-05T23:54:09+00:00,area_trajectory,grain,,1788652080000.0,,3.30121215803549
2026-09-05T23:54:09+00:00,area_trajectory,grain,,1788652200000.0,,3.30121215803549
2026-09-05T23:54:09+00:00,area_trajectory,grain,,1788652320000.0,,3.30121215803549
2026-09-05T23:54:09+00:00,area_trajectory,grain,,1788652440000.0,,3.26660412580892
2026-09-05T23:54:09+00:00,area_trajectory,grain,,1788652560000.0,,3.26660412580892
2026-09-05T23:54:09+00:00,area_trajectory,grain,,1788652680000.0,,3.30747473127767
2026-09-05T23:54:09+00:00,area_trajectory,grain,,1788652800000.0,,3.30747473127767
2026-09-05T23:54:09+00:00,area_trajectory,grain,,1788652920000.0,,3.30747473127767
2026-09-05T23:54:09+00:00,area_trajectory,grain,,1788653040000.0,,3.21584582502767
2026-09-05T23:54:09+00:00,area_trajectory,grain,,1788653160000.0,,3.29132409651205
2026-09-05T23:54:09+00:00,area_trajectory,grain,,1788653280000.0,,3.29132409651205
2026-09-05T23:54:09+00:00,area_trajectory,grain,,1788653400000.0,,3.27517382795736
2026-09-05T23:54:09+00:00,area_trajectory,grain,,1788653520000.0,,3.27517382795736
2026-09-05T23:54:09+00:00,area_trajectory,grain,,1788653640000.0,,3.25968273909017
2026-09-05T23:54:09+00:00,area_trajectory,grain,,1788653760000.0,,3.25968273909017
2026-09-05T23:54:09+00:00,area_trajectory,grain,,1788653880000.0,,3.25968273909017
2026-09-05T23:54:09+00:00,area_trajectory,grain,,1788654000000.0,,3.25968273909017
2026-09-05T23:54:09+00:00,area_trajectory,grain,,1788654120000.0,,3.2811064451448604
2026-09-05T23:54:09+00:00,area_trajectory,grain,,1788654240000.0,,3.2811064451448604
2026-09-05T23:54:09+00:00,area_trajectory,grain,,1788654360000.0,,3.2811064451448604
2026-09-05T23:54:09+00:00,area_trajectory,grain,,1788654480000.0,,3.2811064451448604
2026-09-05T23:54:09+00:00,area_trajectory,grain,,1788654600000.0,,3.2313369138948596
2026-09-05T23:54:09+00:00,area_trajectory,grain,,1788654720000.0,,3.2313369138948596
2026-09-05T23:54:09+00:00,area_trajectory,grain,,1788654840000.0,,3.30714514143392
2026-09-05T23:54:09+00:00,area_trajectory,grain,,1788654960000.0,,3.30714514143392
2026-09-05T23:54:09+00:00,area_trajectory,grain,,1788655080000.0,,3.30714514143392
2026-09-05T23:54:09+00:00,area_trajectory,grain,,1788655200000.0,,3.30714514143392
2026-09-05T23:54:09+00:00,area_trajectory,grain,,1788655320000.0,,3.2929720457308
2026-09-05T23:54:09+00:00,area_trajectory,grain,,1788655440000.0,,3.2929720457308
2026-09-05T23:54:09+00:00,area_trajectory,grain,,1788655560000.0,,3.25836437971517
2026-09-05T23:54:09+00:00,area_trajectory,milford_haven,,1788584400000.0,,4.9586472511291495
2026-09-05T23:54:09+00:00,area_trajectory,milford_haven,,1788584520000.0,,4.9586472511291495
2026-09-05T23:54:09+00:00,area_trajectory,milford_haven,,1788584640000.0,,4.9684133529663095
2026-09-05T23:54:09+00:00,area_trajectory,milford_haven,,1788584760000.0,,4.9684133529663095
2026-09-05T23:54:09+00:00,area_trajectory,milford_haven,,1788584880000.0,,4.9684133529663095
2026-09-05T23:54:09+00:00,area_trajectory,milford_haven,,1788585000000.0,,4.9684133529663095
2026-09-05T23:54:09+00:00,area_trajectory,milford_haven,,1788585120000.0,,4.9684133529663095
2026-09-05T23:54:09+00:00,area_trajectory,milford_haven,,1788585240000.0,,4.9684133529663095
2026-09-05T23:54:09+00:00,area_trajectory,milford_haven,,1788585360000.0,,4.9684133529663095
2026-09-05T23:54:09+00:00,area_trajectory,milford_haven,,1788585480000.0,,4.9684133529663095
2026-09-05T23:54:09+00:00,area_trajectory,milford_haven,,1788585600000.0,,4.9684133529663095
2026-09-05T23:54:09+00:00,area_trajectory,milford_haven,,1788585720000.0,,4.9684133529663095
2026-09-05T23:54:09+00:00,area_trajectory,milford_haven,,1788585840000.0,,4.9684133529663095
2026-09-05T23:54:09+00:00,area_trajectory,milford_haven,,1788585960000.0,,4.9684133529663095
2026-09-05T23:54:09+00:00,area_trajectory,milford_haven,,1788586080000.0,,4.9684133529663095
2026-09-05T23:54:09+00:00,area_trajectory,milford_haven,,1788586200000.0,,4.9684133529663095
2026-09-05T23:54:09+00:00,area_trajectory,milford_haven,,1788586320000.0,,4.9684133529663095
2026-09-05T23:54:09+00:00,area_trajectory,milford_haven,,1788586440000.0,,4.9684133529663095
2026-09-05T23:54:09+00:00,area_trajectory,milford_haven,,1788586560000.0,,4.9684133529663095
2026-09-05T23:54:09+00:00,area_trajectory,milford_haven,,1788586680000.0,,4.9684133529663095
2026-09-05T23:54:09+00:00,area_trajectory,milford_haven,,1788586800000.0,,4.9684133529663095
2026-09-05T23:54:09+00:00,area_trajectory,milford_haven,,1788586920000.0,,4.9684133529663095
2026-09-05T23:54:09+00:00,area_trajectory,milford_haven,,1788587040000.0,,4.9684133529663095
2026-09-05T23:54:09+00:00,area_trajectory,milford_haven,,1788587160000.0,,4.9684133529663095
2026-09-05T23:54:09+00:00,area_trajectory,milford_haven,,1788587280000.0,,4.9684133529663095
2026-09-05T23:54:09+00:00,area_trajectory,milford_haven,,1788587400000.0,,4.9684133529663095
2026-09-05T23:54:09+00:00,area_trajectory,milford_haven,,1788587520000.0,,4.9684133529663095
2026-09-05T23:54:09+00:00,area_trajectory,milford_haven,,1788587640000.0,,4.9684133529663095
2026-09-05T23:54:09+00:00,area_trajectory,milford_haven,,1788587760000.0,,4.9684133529663095
2026-09-05T23:54:09+00:00,area_trajectory,milford_haven,,1788587880000.0,,4.9684133529663095
2026-09-05T23:54:09+00:00,area_trajectory,milford_haven,,1788588000000.0,,4.9684133529663095
2026-09-05T23:54:09+00:00,area_trajectory,milford_haven,,1788588120000.0,,4.9684133529663095
2026-09-05T23:54:09+00:00,area_trajectory,milford_haven,,1788588240000.0,,5.01480150222778
2026-09-05T23:54:09+00:00,area_trajectory,milford_haven,,1788588360000.0,,5.01480150222778
2026-09-05T23:54:09+00:00,area_trajectory,milford_haven,,1788588480000.0,,5.01480150222778
2026-09-05T23:54:09+00:00,area_trajectory,milford_haven,,1788588600000.0,,5.01480150222778
2026-09-05T23:54:09+00:00,area_trajectory,milford_haven,,1788588720000.0,,5.01480150222778
2026-09-05T23:54:09+00:00,area_trajectory,milford_haven,,1788588840000.0,,5.01480150222778
2026-09-05T23:54:09+00:00,area_trajectory,milford_haven,,1788588960000.0,,5.01480150222778
2026-09-05T23:54:09+00:00,area_trajectory,milford_haven,,1788589080000.0,,5.01480150222778
2026-09-05T23:54:09+00:00,area_trajectory,milford_haven,,1788589200000.0,,5.01480150222778
2026-09-05T23:54:09+00:00,area_trajectory,milford_haven,,1788589320000.0,,5.01480150222778
2026-09-05T23:54:09+00:00,area_trajectory,milford_haven,,1788589440000.0,,5.01480150222778
2026-09-05T23:54:09+00:00,area_trajectory,milford_haven,,1788589560000.0,,5.01480150222778
2026-09-05T23:54:09+00:00,area_trajectory,milford_haven,,1788589680000.0,,5.01480150222778
2026-09-05T23:54:09+00:00,area_trajectory,milford_haven,,1788589800000.0,,5.01480150222778
2026-09-05T23:54:09+00:00,area_trajectory,milford_haven,,1788589920000.0,,5.01480150222778
2026-09-05T23:54:09+00:00,area_trajectory,milford_haven,,1788590040000.0,,5.01480150222778
2026-09-05T23:54:09+00:00,area_trajectory,milford_haven,,1788590160000.0,,5.01480150222778
2026-09-05T23:54:09+00:00,area_trajectory,milford_haven,,1788590280000.0,,5.01480150222778
2026-09-05T23:54:09+00:00,area_trajectory,milford_haven,,1788590400000.0,,5.01480150222778
2026-09-05T23:54:09+00:00,area_trajectory,milford_haven,,1788590520000.0,,5.01480150222778
2026-09-05T23:54:09+00:00,area_trajectory,milford_haven,,1788590640000.0,,5.01480150222778
2026-09-05T23:54:09+00:00,area_trajectory,milford_haven,,1788590760000.0,,5.01480150222778
2026-09-05T23:54:09+00:00,area_trajectory,milford_haven,,1788590880000.0,,5.01480150222778
2026-09-05T23:54:09+00:00,area_trajectory,milford_haven,,1788591000000.0,,5.01480150222778
2026-09-05T23:54:09+00:00,area_trajectory,milford_haven,,1788591120000.0,,5.01480150222778
2026-09-05T23:54:09+00:00,area_trajectory,milford_haven,,1788591240000.0,,5.01480150222778
2026-09-05T23:54:09+00:00,area_trajectory,milford_haven,,1788591360000.0,,5.01480150222778
2026-09-05T23:54:09+00:00,area_trajectory,milford_haven,,1788591480000.0,,5.01480150222778
2026-09-05T23:54:09+00:00,area_trajectory,milford_haven,,1788591600000.0,,5.01480150222778
2026-09-05T23:54:09+00:00,area_trajectory,milford_haven,,1788591720000.0,,5.01480150222778
2026-09-05T23:54:09+00:00,area_trajectory,milford_haven,,1788591840000.0,,5.00015258789062
2026-09-05T23:54:09+00:00,area_trajectory,milford_haven,,1788591960000.0,,5.00015258789062
2026-09-05T23:54:09+00:00,area_trajectory,milford_haven,,1788592080000.0,,5.00015258789062
2026-09-05T23:54:09+00:00,area_trajectory,milford_haven,,1788592200000.0,,5.00015258789062
2026-09-05T23:54:09+00:00,area_trajectory,milford_haven,,1788592320000.0,,5.00015258789062
2026-09-05T23:54:09+00:00,area_trajectory,milford_haven,,1788592440000.0,,5.00015258789062
2026-09-05T23:54:09+00:00,area_trajectory,milford_haven,,1788592560000.0,,5.00015258789062
2026-09-05T23:54:09+00:00,area_trajectory,milford_haven,,1788592680000.0,,5.00015258789062
2026-09-05T23:54:09+00:00,area_trajectory,milford_haven,,1788592800000.0,,5.00015258789062
2026-09-05T23:54:09+00:00,area_trajectory,milford_haven,,1788592920000.0,,5.00015258789062
2026-09-05T23:54:09+00:00,area_trajectory,milford_haven,,1788593040000.0,,5.00015258789062
2026-09-05T23:54:09+00:00,area_trajectory,milford_haven,,1788593160000.0,,5.00015258789062
2026-09-05T23:54:09+00:00,area_trajectory,milford_haven,,1788593280000.0,,5.00015258789062
2026-09-05T23:54:09+00:00,area_trajectory,milford_haven,,1788593400000.0,,5.00015258789062
2026-09-05T23:54:09+00:00,area_trajectory,milford_haven,,1788593520000.0,,5.00015258789062
2026-09-05T23:54:09+00:00,area_trajectory,milford_haven,,1788593640000.0,,5.00015258789062
2026-09-05T23:54:09+00:00,area_trajectory,milford_haven,,1788593760000.0,,5.00015258789062
2026-09-05T23:54:09+00:00,area_trajectory,milford_haven,,1788593880000.0,,5.00015258789062
2026-09-05T23:54:09+00:00,area_trajectory,milford_haven,,1788594000000.0,,5.00015258789062
2026-09-05T23:54:09+00:00,area_trajectory,milford_haven,,1788594120000.0,,5.00015258789062
2026-09-05T23:54:09+00:00,area_trajectory,milford_haven,,1788594240000.0,,5.00015258789062
2026-09-05T23:54:09+00:00,area_trajectory,milford_haven,,1788594360000.0,,5.00015258789062
2026-09-05T23:54:09+00:00,area_trajectory,milford_haven,,1788594480000.0,,5.00015258789062
2026-09-05T23:54:09+00:00,area_trajectory,milford_haven,,1788594600000.0,,5.00015258789062
2026-09-05T23:54:09+00:00,area_trajectory,milford_haven,,1788594720000.0,,5.00015258789062
2026-09-05T23:54:09+00:00,area_trajectory,milford_haven,,1788594840000.0,,5.00015258789062
2026-09-05T23:54:09+00:00,area_trajectory,milford_haven,,1788594960000.0,,5.00015258789062
2026-09-05T23:54:09+00:00,area_trajectory,milford_haven,,1788595080000.0,,5.00015258789062
2026-09-05T23:54:09+00:00,area_trajectory,milford_haven,,1788595200000.0,,5.00015258789062
2026-09-05T23:54:09+00:00,area_trajectory,milford_haven,,1788595320000.0,,5.00015258789062
2026-09-05T23:54:09+00:00,area_trajectory,milford_haven,,1788595440000.0,,4.98306226730347
2026-09-05T23:54:09+00:00,area_trajectory,milford_haven,,1788595560000.0,,4.98306226730347
2026-09-05T23:54:09+00:00,area_trajectory,milford_haven,,1788595680000.0,,4.98306226730347
2026-09-05T23:54:09+00:00,area_trajectory,milford_haven,,1788595800000.0,,4.98306226730347
2026-09-05T23:54:09+00:00,area_trajectory,milford_haven,,1788595920000.0,,4.98306226730347
2026-09-05T23:54:09+00:00,area_trajectory,milford_haven,,1788596040000.0,,4.98306226730347
2026-09-05T23:54:09+00:00,area_trajectory,milford_haven,,1788596160000.0,,4.98306226730347
2026-09-05T23:54:09+00:00,area_trajectory,milford_haven,,1788596280000.0,,4.98306226730347
2026-09-05T23:54:09+00:00,area_trajectory,milford_haven,,1788596400000.0,,4.98306226730347
2026-09-05T23:54:09+00:00,area_trajectory,milford_haven,,1788596520000.0,,4.98306226730347
2026-09-05T23:54:09+00:00,area_trajectory,milford_haven,,1788596640000.0,,4.98306226730347
2026-09-05T23:54:09+00:00,area_trajectory,milford_haven,,1788596760000.0,,4.98306226730347
2026-09-05T23:54:09+00:00,area_trajectory,milford_haven,,1788596880000.0,,4.98306226730347
2026-09-05T23:54:09+00:00,area_trajectory,milford_haven,,1788597000000.0,,4.98306226730347
2026-09-05T23:54:09+00:00,area_trajectory,milford_haven,,1788597120000.0,,4.98306226730347
2026-09-05T23:54:09+00:00,area_trajectory,milford_haven,,1788597240000.0,,4.98306226730347
2026-09-05T23:54:09+00:00,area_trajectory,milford_haven,,1788597360000.0,,4.98306226730347
2026-09-05T23:54:09+00:00,area_trajectory,milford_haven,,1788597480000.0,,4.98306226730347
2026-09-05T23:54:09+00:00,area_trajectory,milford_haven,,1788597600000.0,,4.98306226730347
2026-09-05T23:54:09+00:00,area_trajectory,milford_haven,,1788597720000.0,,4.98306226730347
2026-09-05T23:54:09+00:00,area_trajectory,milford_haven,,1788597840000.0,,4.98306226730347
2026-09-05T23:54:09+00:00,area_trajectory,milford_haven,,1788597960000.0,,4.98306226730347
2026-09-05T23:54:09+00:00,area_trajectory,milford_haven,,1788598080000.0,,4.98306226730347
2026-09-05T23:54:09+00:00,area_trajectory,milford_haven,,1788598200000.0,,4.98306226730347
2026-09-05T23:54:09+00:00,area_trajectory,milford_haven,,1788598320000.0,,4.98306226730347
2026-09-05T23:54:09+00:00,area_trajectory,milford_haven,,1788598440000.0,,4.98306226730347
2026-09-05T23:54:09+00:00,area_trajectory,milford_haven,,1788598560000.0,,4.98306226730347
2026-09-05T23:54:09+00:00,area_trajectory,milford_haven,,1788598680000.0,,4.98306226730347
2026-09-05T23:54:09+00:00,area_trajectory,milford_haven,,1788598800000.0,,4.98306226730347
2026-09-05T23:54:09+00:00,area_trajectory,milford_haven,,1788598920000.0,,4.98306226730347
2026-09-05T23:54:09+00:00,area_trajectory,milford_haven,,1788599040000.0,,5.00015258789062
2026-09-05T23:54:09+00:00,area_trajectory,milford_haven,,1788599160000.0,,5.00015258789062
2026-09-05T23:54:09+00:00,area_trajectory,milford_haven,,1788599280000.0,,5.00015258789062
2026-09-05T23:54:09+00:00,area_trajectory,milford_haven,,1788599400000.0,,5.00015258789062
2026-09-05T23:54:09+00:00,area_trajectory,milford_haven,,1788599520000.0,,5.00015258789062
2026-09-05T23:54:09+00:00,area_trajectory,milford_haven,,1788599640000.0,,5.00015258789062
2026-09-05T23:54:09+00:00,area_trajectory,milford_haven,,1788599760000.0,,5.00015258789062
2026-09-05T23:54:09+00:00,area_trajectory,milford_haven,,1788599880000.0,,5.00015258789062
2026-09-05T23:54:09+00:00,area_trajectory,milford_haven,,1788600000000.0,,5.00015258789062
2026-09-05T23:54:09+00:00,area_trajectory,milford_haven,,1788600120000.0,,5.00015258789062
2026-09-05T23:54:09+00:00,area_trajectory,milford_haven,,1788600240000.0,,5.00015258789062
2026-09-05T23:54:09+00:00,area_trajectory,milford_haven,,1788600360000.0,,5.00015258789062
2026-09-05T23:54:09+00:00,area_trajectory,milford_haven,,1788600480000.0,,5.00015258789062
2026-09-05T23:54:09+00:00,area_trajectory,milford_haven,,1788600600000.0,,5.00015258789062
2026-09-05T23:54:09+00:00,area_trajectory,milford_haven,,1788600720000.0,,5.00015258789062
2026-09-05T23:54:09+00:00,area_trajectory,milford_haven,,1788600840000.0,,5.00015258789062
2026-09-05T23:54:09+00:00,area_trajectory,milford_haven,,1788600960000.0,,5.00015258789062
2026-09-05T23:54:09+00:00,area_trajectory,milford_haven,,1788601080000.0,,5.00015258789062
2026-09-05T23:54:09+00:00,area_trajectory,milford_haven,,1788601200000.0,,5.00015258789062
2026-09-05T23:54:09+00:00,area_trajectory,milford_haven,,1788601320000.0,,5.00015258789062
2026-09-05T23:54:09+00:00,area_trajectory,milford_haven,,1788601440000.0,,5.00015258789062
2026-09-05T23:54:09+00:00,area_trajectory,milford_haven,,1788601560000.0,,5.00015258789062
2026-09-05T23:54:09+00:00,area_trajectory,milford_haven,,1788601680000.0,,5.00015258789062
2026-09-05T23:54:09+00:00,area_trajectory,milford_haven,,1788601800000.0,,5.00015258789062
2026-09-05T23:54:09+00:00,area_trajectory,milford_haven,,1788601920000.0,,5.00015258789062
2026-09-05T23:54:09+00:00,area_trajectory,milford_haven,,1788602040000.0,,5.00015258789062
2026-09-05T23:54:09+00:00,area_trajectory,milford_haven,,1788602160000.0,,5.00015258789062
2026-09-05T23:54:09+00:00,area_trajectory,milford_haven,,1788602280000.0,,5.00015258789062
2026-09-05T23:54:09+00:00,area_trajectory,milford_haven,,1788602400000.0,,5.00015258789062
2026-09-05T23:54:09+00:00,area_trajectory,milford_haven,,1788602520000.0,,5.00015258789062
2026-09-05T23:54:09+00:00,area_trajectory,milford_haven,,1788602640000.0,,4.95376443862915
2026-09-05T23:54:09+00:00,area_trajectory,milford_haven,,1788602760000.0,,4.95376443862915
2026-09-05T23:54:09+00:00,area_trajectory,milford_haven,,1788602880000.0,,4.95376443862915
2026-09-05T23:54:09+00:00,area_trajectory,milford_haven,,1788603000000.0,,4.95376443862915
2026-09-05T23:54:09+00:00,area_trajectory,milford_haven,,1788603120000.0,,4.95376443862915
2026-09-05T23:54:09+00:00,area_trajectory,milford_haven,,1788603240000.0,,4.95376443862915
2026-09-05T23:54:09+00:00,area_trajectory,milford_haven,,1788603360000.0,,4.95376443862915
2026-09-05T23:54:09+00:00,area_trajectory,milford_haven,,1788603480000.0,,4.95376443862915
2026-09-05T23:54:09+00:00,area_trajectory,milford_haven,,1788603600000.0,,4.95376443862915
2026-09-05T23:54:09+00:00,area_trajectory,milford_haven,,1788603720000.0,,4.95376443862915
2026-09-05T23:54:09+00:00,area_trajectory,milford_haven,,1788603840000.0,,4.95376443862915
2026-09-05T23:54:09+00:00,area_trajectory,milford_haven,,1788603960000.0,,4.95376443862915
2026-09-05T23:54:09+00:00,area_trajectory,milford_haven,,1788604080000.0,,4.95376443862915
2026-09-05T23:54:09+00:00,area_trajectory,milford_haven,,1788604200000.0,,4.95376443862915
2026-09-05T23:54:09+00:00,area_trajectory,milford_haven,,1788604320000.0,,4.95376443862915
2026-09-05T23:54:09+00:00,area_trajectory,milford_haven,,1788604440000.0,,4.95376443862915
2026-09-05T23:54:09+00:00,area_trajectory,milford_haven,,1788604560000.0,,4.95376443862915
2026-09-05T23:54:09+00:00,area_trajectory,milford_haven,,1788604680000.0,,4.95376443862915
2026-09-05T23:54:09+00:00,area_trajectory,milford_haven,,1788604800000.0,,4.95376443862915
2026-09-05T23:54:09+00:00,area_trajectory,milford_haven,,1788604920000.0,,4.95376443862915
2026-09-05T23:54:09+00:00,area_trajectory,milford_haven,,1788605040000.0,,4.95376443862915
2026-09-05T23:54:09+00:00,area_trajectory,milford_haven,,1788605160000.0,,4.95376443862915
2026-09-05T23:54:09+00:00,area_trajectory,milford_haven,,1788605280000.0,,4.95376443862915
2026-09-05T23:54:09+00:00,area_trajectory,milford_haven,,1788605400000.0,,4.95376443862915
2026-09-05T23:54:09+00:00,area_trajectory,milford_haven,,1788605520000.0,,4.95376443862915
2026-09-05T23:54:09+00:00,area_trajectory,milford_haven,,1788605640000.0,,4.95376443862915
2026-09-05T23:54:09+00:00,area_trajectory,milford_haven,,1788605760000.0,,4.95376443862915
2026-09-05T23:54:09+00:00,area_trajectory,milford_haven,,1788605880000.0,,4.95376443862915
2026-09-05T23:54:09+00:00,area_trajectory,milford_haven,,1788606000000.0,,4.95376443862915
2026-09-05T23:54:09+00:00,area_trajectory,milford_haven,,1788606120000.0,,4.95376443862915
2026-09-05T23:54:09+00:00,area_trajectory,milford_haven,,1788606240000.0,,4.98550367355347
2026-09-05T23:54:09+00:00,area_trajectory,milford_haven,,1788606360000.0,,4.98550367355347
2026-09-05T23:54:09+00:00,area_trajectory,milford_haven,,1788606480000.0,,4.98550367355347
2026-09-05T23:54:09+00:00,area_trajectory,milford_haven,,1788606600000.0,,4.98550367355347
2026-09-05T23:54:09+00:00,area_trajectory,milford_haven,,1788606720000.0,,4.98550367355347
2026-09-05T23:54:09+00:00,area_trajectory,milford_haven,,1788606840000.0,,4.98550367355347
2026-09-05T23:54:09+00:00,area_trajectory,milford_haven,,1788606960000.0,,4.98550367355347
2026-09-05T23:54:09+00:00,area_trajectory,milford_haven,,1788607080000.0,,4.98550367355347
2026-09-05T23:54:09+00:00,area_trajectory,milford_haven,,1788607200000.0,,4.98550367355347
2026-09-05T23:54:09+00:00,area_trajectory,milford_haven,,1788607320000.0,,4.98550367355347
2026-09-05T23:54:09+00:00,area_trajectory,milford_haven,,1788607440000.0,,4.98550367355347
2026-09-05T23:54:09+00:00,area_trajectory,milford_haven,,1788607560000.0,,4.98550367355347
2026-09-05T23:54:09+00:00,area_trajectory,milford_haven,,1788607680000.0,,4.98550367355347
2026-09-05T23:54:09+00:00,area_trajectory,milford_haven,,1788607800000.0,,4.98550367355347
2026-09-05T23:54:09+00:00,area_trajectory,milford_haven,,1788607920000.0,,4.98550367355347
2026-09-05T23:54:09+00:00,area_trajectory,milford_haven,,1788608040000.0,,4.98550367355347
2026-09-05T23:54:09+00:00,area_trajectory,milford_haven,,1788608160000.0,,4.98550367355347
2026-09-05T23:54:09+00:00,area_trajectory,milford_haven,,1788608280000.0,,4.98550367355347
2026-09-05T23:54:09+00:00,area_trajectory,milford_haven,,1788608400000.0,,4.98550367355347
2026-09-05T23:54:09+00:00,area_trajectory,milford_haven,,1788608520000.0,,4.98550367355347
2026-09-05T23:54:09+00:00,area_trajectory,milford_haven,,1788608640000.0,,4.98550367355347
2026-09-05T23:54:09+00:00,area_trajectory,milford_haven,,1788608760000.0,,4.98550367355347
2026-09-05T23:54:09+00:00,area_trajectory,milford_haven,,1788608880000.0,,4.98550367355347
2026-09-05T23:54:09+00:00,area_trajectory,milford_haven,,1788609000000.0,,4.98550367355347
2026-09-05T23:54:09+00:00,area_trajectory,milford_haven,,1788609120000.0,,4.98550367355347
2026-09-05T23:54:09+00:00,area_trajectory,milford_haven,,1788609240000.0,,4.98550367355347
2026-09-05T23:54:09+00:00,area_trajectory,milford_haven,,1788609360000.0,,4.98550367355347
2026-09-05T23:54:09+00:00,area_trajectory,milford_haven,,1788609480000.0,,4.98550367355347
2026-09-05T23:54:09+00:00,area_trajectory,milford_haven,,1788609600000.0,,4.98550367355347
2026-09-05T23:54:09+00:00,area_trajectory,milford_haven,,1788609720000.0,,4.98550367355347
2026-09-05T23:54:09+00:00,area_trajectory,milford_haven,,1788609840000.0,,4.97573757171631
2026-09-05T23:54:09+00:00,area_trajectory,milford_haven,,1788609960000.0,,4.97573757171631
2026-09-05T23:54:09+00:00,area_trajectory,milford_haven,,1788610080000.0,,4.97573757171631
2026-09-05T23:54:09+00:00,area_trajectory,milford_haven,,1788610200000.0,,4.97573757171631
2026-09-05T23:54:09+00:00,area_trajectory,milford_haven,,1788610320000.0,,4.97573757171631
2026-09-05T23:54:09+00:00,area_trajectory,milford_haven,,1788610440000.0,,4.97573757171631
2026-09-05T23:54:09+00:00,area_trajectory,milford_haven,,1788610560000.0,,4.97573757171631
2026-09-05T23:54:09+00:00,area_trajectory,milford_haven,,1788610680000.0,,4.97573757171631
2026-09-05T23:54:09+00:00,area_trajectory,milford_haven,,1788610800000.0,,4.97573757171631
2026-09-05T23:54:09+00:00,area_trajectory,milford_haven,,1788610920000.0,,4.97573757171631
2026-09-05T23:54:09+00:00,area_trajectory,milford_haven,,1788611040000.0,,4.97573757171631
2026-09-05T23:54:09+00:00,area_trajectory,milford_haven,,1788611160000.0,,4.97573757171631
2026-09-05T23:54:09+00:00,area_trajectory,milford_haven,,1788611280000.0,,4.97573757171631
2026-09-05T23:54:09+00:00,area_trajectory,milford_haven,,1788611400000.0,,4.97573757171631
2026-09-05T23:54:09+00:00,area_trajectory,milford_haven,,1788611520000.0,,4.97573757171631
2026-09-05T23:54:09+00:00,area_trajectory,milford_haven,,1788611640000.0,,4.97573757171631
2026-09-05T23:54:09+00:00,area_trajectory,milford_haven,,1788611760000.0,,4.97573757171631
2026-09-05T23:54:09+00:00,area_trajectory,milford_haven,,1788611880000.0,,4.97573757171631
2026-09-05T23:54:09+00:00,area_trajectory,milford_haven,,1788612000000.0,,4.97573757171631
2026-09-05T23:54:09+00:00,area_trajectory,milford_haven,,1788612120000.0,,4.97573757171631
2026-09-05T23:54:09+00:00,area_trajectory,milford_haven,,1788612240000.0,,4.97573757171631
2026-09-05T23:54:09+00:00,area_trajectory,milford_haven,,1788612360000.0,,4.97573757171631
2026-09-05T23:54:09+00:00,area_trajectory,milford_haven,,1788612480000.0,,4.97573757171631
2026-09-05T23:54:09+00:00,area_trajectory,milford_haven,,1788612600000.0,,4.97573757171631
2026-09-05T23:54:09+00:00,area_trajectory,milford_haven,,1788612720000.0,,4.97573757171631
2026-09-05T23:54:09+00:00,area_trajectory,milford_haven,,1788612840000.0,,4.97573757171631
2026-09-05T23:54:09+00:00,area_trajectory,milford_haven,,1788612960000.0,,4.97573757171631
2026-09-05T23:54:09+00:00,area_trajectory,milford_haven,,1788613080000.0,,4.97573757171631
2026-09-05T23:54:09+00:00,area_trajectory,milford_haven,,1788613200000.0,,4.97573757171631
2026-09-05T23:54:09+00:00,area_trajectory,milford_haven,,1788613320000.0,,4.97573757171631
2026-09-05T23:54:09+00:00,area_trajectory,milford_haven,,1788613440000.0,,4.9317913055419895
2026-09-05T23:54:09+00:00,area_trajectory,milford_haven,,1788613560000.0,,4.9317913055419895
2026-09-05T23:54:09+00:00,area_trajectory,milford_haven,,1788613680000.0,,4.9317913055419895
2026-09-05T23:54:09+00:00,area_trajectory,milford_haven,,1788613800000.0,,4.9317913055419895
2026-09-05T23:54:09+00:00,area_trajectory,milford_haven,,1788613920000.0,,4.9317913055419895
2026-09-05T23:54:09+00:00,area_trajectory,milford_haven,,1788614040000.0,,4.9317913055419895
2026-09-05T23:54:09+00:00,area_trajectory,milford_haven,,1788614160000.0,,4.9317913055419895
2026-09-05T23:54:09+00:00,area_trajectory,milford_haven,,1788614280000.0,,4.9317913055419895
2026-09-05T23:54:09+00:00,area_trajectory,milford_haven,,1788614400000.0,,4.9317913055419895
2026-09-05T23:54:09+00:00,area_trajectory,milford_haven,,1788614520000.0,,4.9317913055419895
2026-09-05T23:54:09+00:00,area_trajectory,milford_haven,,1788614640000.0,,4.9317913055419895
2026-09-05T23:54:09+00:00,area_trajectory,milford_haven,,1788614760000.0,,4.9317913055419895
2026-09-05T23:54:09+00:00,area_trajectory,milford_haven,,1788614880000.0,,4.9317913055419895
2026-09-05T23:54:09+00:00,area_trajectory,milford_haven,,1788615000000.0,,4.9317913055419895
2026-09-05T23:54:09+00:00,area_trajectory,milford_haven,,1788615120000.0,,4.9317913055419895
2026-09-05T23:54:09+00:00,area_trajectory,milford_haven,,1788615240000.0,,4.9317913055419895
2026-09-05T23:54:09+00:00,area_trajectory,milford_haven,,1788615360000.0,,4.9317913055419895
2026-09-05T23:54:09+00:00,area_trajectory,milford_haven,,1788615480000.0,,4.9317913055419895
2026-09-05T23:54:09+00:00,area_trajectory,milford_haven,,1788615600000.0,,4.9317913055419895
2026-09-05T23:54:09+00:00,area_trajectory,milford_haven,,1788615720000.0,,4.9317913055419895
2026-09-05T23:54:09+00:00,area_trajectory,milford_haven,,1788615840000.0,,4.9317913055419895
2026-09-05T23:54:09+00:00,area_trajectory,milford_haven,,1788615960000.0,,4.9317913055419895
2026-09-05T23:54:09+00:00,area_trajectory,milford_haven,,1788616080000.0,,4.9317913055419895
2026-09-05T23:54:09+00:00,area_trajectory,milford_haven,,1788616200000.0,,4.9317913055419895
2026-09-05T23:54:09+00:00,area_trajectory,milford_haven,,1788616320000.0,,4.9317913055419895
2026-09-05T23:54:09+00:00,area_trajectory,milford_haven,,1788616440000.0,,4.9317913055419895
2026-09-05T23:54:09+00:00,area_trajectory,milford_haven,,1788616560000.0,,4.9317913055419895
2026-09-05T23:54:09+00:00,area_trajectory,milford_haven,,1788616680000.0,,4.9317913055419895
2026-09-05T23:54:09+00:00,area_trajectory,milford_haven,,1788616800000.0,,4.9317913055419895
2026-09-05T23:54:09+00:00,area_trajectory,milford_haven,,1788616920000.0,,4.9317913055419895
2026-09-05T23:54:09+00:00,area_trajectory,milford_haven,,1788617040000.0,,4.89761018753052
2026-09-05T23:54:09+00:00,area_trajectory,milford_haven,,1788617160000.0,,4.89761018753052
2026-09-05T23:54:09+00:00,area_trajectory,milford_haven,,1788617280000.0,,4.89761018753052
2026-09-05T23:54:09+00:00,area_trajectory,milford_haven,,1788617400000.0,,4.89761018753052
2026-09-05T23:54:09+00:00,area_trajectory,milford_haven,,1788617520000.0,,4.89761018753052
2026-09-05T23:54:09+00:00,area_trajectory,milford_haven,,1788617640000.0,,4.89761018753052
2026-09-05T23:54:09+00:00,area_trajectory,milford_haven,,1788617760000.0,,4.89761018753052
2026-09-05T23:54:09+00:00,area_trajectory,milford_haven,,1788617880000.0,,4.89761018753052
2026-09-05T23:54:09+00:00,area_trajectory,milford_haven,,1788618000000.0,,4.89761018753052
2026-09-05T23:54:09+00:00,area_trajectory,milford_haven,,1788618120000.0,,4.89761018753052
2026-09-05T23:54:09+00:00,area_trajectory,milford_haven,,1788618240000.0,,4.89761018753052
2026-09-05T23:54:09+00:00,area_trajectory,milford_haven,,1788618360000.0,,4.89761018753052
2026-09-05T23:54:09+00:00,area_trajectory,milford_haven,,1788618480000.0,,4.89761018753052
2026-09-05T23:54:09+00:00,area_trajectory,milford_haven,,1788618600000.0,,4.89761018753052
2026-09-05T23:54:09+00:00,area_trajectory,milford_haven,,1788618720000.0,,4.89761018753052
2026-09-05T23:54:09+00:00,area_trajectory,milford_haven,,1788618840000.0,,4.89761018753052
2026-09-05T23:54:09+00:00,area_trajectory,milford_haven,,1788618960000.0,,4.89761018753052
2026-09-05T23:54:09+00:00,area_trajectory,milford_haven,,1788619080000.0,,4.89761018753052
2026-09-05T23:54:09+00:00,area_trajectory,milford_haven,,1788619200000.0,,4.89761018753052
2026-09-05T23:54:09+00:00,area_trajectory,milford_haven,,1788619320000.0,,4.89761018753052
2026-09-05T23:54:09+00:00,area_trajectory,milford_haven,,1788619440000.0,,4.89761018753052
2026-09-05T23:54:09+00:00,area_trajectory,milford_haven,,1788619560000.0,,4.89761018753052
2026-09-05T23:54:09+00:00,area_trajectory,milford_haven,,1788619680000.0,,4.89761018753052
2026-09-05T23:54:09+00:00,area_trajectory,milford_haven,,1788619800000.0,,4.89761018753052
2026-09-05T23:54:09+00:00,area_trajectory,milford_haven,,1788619920000.0,,4.89761018753052
2026-09-05T23:54:09+00:00,area_trajectory,milford_haven,,1788620040000.0,,4.89761018753052
2026-09-05T23:54:09+00:00,area_trajectory,milford_haven,,1788620160000.0,,4.89761018753052
2026-09-05T23:54:09+00:00,area_trajectory,milford_haven,,1788620280000.0,,4.89761018753052
2026-09-05T23:54:09+00:00,area_trajectory,milford_haven,,1788620400000.0,,4.89761018753052
2026-09-05T23:54:09+00:00,area_trajectory,milford_haven,,1788620520000.0,,4.89761018753052
2026-09-05T23:54:09+00:00,area_trajectory,milford_haven,,1788620640000.0,,4.9269080162048295
2026-09-05T23:54:09+00:00,area_trajectory,milford_haven,,1788620760000.0,,4.9269080162048295
2026-09-05T23:54:09+00:00,area_trajectory,milford_haven,,1788620880000.0,,4.9269080162048295
2026-09-05T23:54:09+00:00,area_trajectory,milford_haven,,1788621000000.0,,4.9269080162048295
2026-09-05T23:54:09+00:00,area_trajectory,milford_haven,,1788621120000.0,,4.9269080162048295
2026-09-05T23:54:09+00:00,area_trajectory,milford_haven,,1788621240000.0,,4.9269080162048295
2026-09-05T23:54:09+00:00,area_trajectory,milford_haven,,1788621360000.0,,4.9269080162048295
2026-09-05T23:54:09+00:00,area_trajectory,milford_haven,,1788621480000.0,,4.9269080162048295
2026-09-05T23:54:09+00:00,area_trajectory,milford_haven,,1788621600000.0,,4.9269080162048295
2026-09-05T23:54:09+00:00,area_trajectory,milford_haven,,1788621720000.0,,4.9269080162048295
2026-09-05T23:54:09+00:00,area_trajectory,milford_haven,,1788621840000.0,,4.9269080162048295
2026-09-05T23:54:09+00:00,area_trajectory,milford_haven,,1788621960000.0,,4.9269080162048295
2026-09-05T23:54:09+00:00,area_trajectory,milford_haven,,1788622080000.0,,4.9269080162048295
2026-09-05T23:54:09+00:00,area_trajectory,milford_haven,,1788622200000.0,,4.9269080162048295
2026-09-05T23:54:09+00:00,area_trajectory,milford_haven,,1788622320000.0,,4.9269080162048295
2026-09-05T23:54:09+00:00,area_trajectory,milford_haven,,1788622440000.0,,4.9269080162048295
2026-09-05T23:54:09+00:00,area_trajectory,milford_haven,,1788622560000.0,,4.9269080162048295
2026-09-05T23:54:09+00:00,area_trajectory,milford_haven,,1788622680000.0,,4.9269080162048295
2026-09-05T23:54:09+00:00,area_trajectory,milford_haven,,1788622800000.0,,4.9269080162048295
2026-09-05T23:54:09+00:00,area_trajectory,milford_haven,,1788622920000.0,,4.9269080162048295
2026-09-05T23:54:09+00:00,area_trajectory,milford_haven,,1788623040000.0,,4.9269080162048295
2026-09-05T23:54:09+00:00,area_trajectory,milford_haven,,1788623160000.0,,4.9269080162048295
2026-09-05T23:54:09+00:00,area_trajectory,milford_haven,,1788623280000.0,,4.9269080162048295
2026-09-05T23:54:09+00:00,area_trajectory,milford_haven,,1788623400000.0,,4.9269080162048295
2026-09-05T23:54:09+00:00,area_trajectory,milford_haven,,1788623520000.0,,4.9269080162048295
2026-09-05T23:54:09+00:00,area_trajectory,milford_haven,,1788623640000.0,,4.9269080162048295
2026-09-05T23:54:09+00:00,area_trajectory,milford_haven,,1788623760000.0,,4.9269080162048295
2026-09-05T23:54:09+00:00,area_trajectory,milford_haven,,1788623880000.0,,4.9269080162048295
2026-09-05T23:54:09+00:00,area_trajectory,milford_haven,,1788624000000.0,,4.9269080162048295
2026-09-05T23:54:09+00:00,area_trajectory,milford_haven,,1788624120000.0,,4.9269080162048295
2026-09-05T23:54:09+00:00,area_trajectory,milford_haven,,1788624240000.0,,4.93911552429199
2026-09-05T23:54:09+00:00,area_trajectory,milford_haven,,1788624360000.0,,4.93911552429199
2026-09-05T23:54:09+00:00,area_trajectory,milford_haven,,1788624480000.0,,4.93911552429199
2026-09-05T23:54:09+00:00,area_trajectory,milford_haven,,1788624600000.0,,4.93911552429199
2026-09-05T23:54:09+00:00,area_trajectory,milford_haven,,1788624720000.0,,4.93911552429199
2026-09-05T23:54:09+00:00,area_trajectory,milford_haven,,1788624840000.0,,4.93911552429199
2026-09-05T23:54:09+00:00,area_trajectory,milford_haven,,1788624960000.0,,4.93911552429199
2026-09-05T23:54:09+00:00,area_trajectory,milford_haven,,1788625080000.0,,4.93911552429199
2026-09-05T23:54:09+00:00,area_trajectory,milford_haven,,1788625200000.0,,4.93911552429199
2026-09-05T23:54:09+00:00,area_trajectory,milford_haven,,1788625320000.0,,4.93911552429199
2026-09-05T23:54:09+00:00,area_trajectory,milford_haven,,1788625440000.0,,4.93911552429199
2026-09-05T23:54:09+00:00,area_trajectory,milford_haven,,1788625560000.0,,4.93911552429199
2026-09-05T23:54:09+00:00,area_trajectory,milford_haven,,1788625680000.0,,4.93911552429199
2026-09-05T23:54:09+00:00,area_trajectory,milford_haven,,1788625800000.0,,4.93911552429199
2026-09-05T23:54:09+00:00,area_trajectory,milford_haven,,1788625920000.0,,4.93911552429199
2026-09-05T23:54:09+00:00,area_trajectory,milford_haven,,1788626040000.0,,4.93911552429199
2026-09-05T23:54:09+00:00,area_trajectory,milford_haven,,1788626160000.0,,4.93911552429199
2026-09-05T23:54:09+00:00,area_trajectory,milford_haven,,1788626280000.0,,4.93911552429199
2026-09-05T23:54:09+00:00,area_trajectory,milford_haven,,1788626400000.0,,4.93911552429199
2026-09-05T23:54:09+00:00,area_trajectory,milford_haven,,1788626520000.0,,4.93911552429199
2026-09-05T23:54:09+00:00,area_trajectory,milford_haven,,1788626640000.0,,4.93911552429199
2026-09-05T23:54:09+00:00,area_trajectory,milford_haven,,1788626760000.0,,4.93911552429199
2026-09-05T23:54:09+00:00,area_trajectory,milford_haven,,1788626880000.0,,4.93911552429199
2026-09-05T23:54:09+00:00,area_trajectory,milford_haven,,1788627000000.0,,4.93911552429199
2026-09-05T23:54:09+00:00,area_trajectory,milford_haven,,1788627120000.0,,4.93911552429199
2026-09-05T23:54:09+00:00,area_trajectory,milford_haven,,1788627240000.0,,4.93911552429199
2026-09-05T23:54:09+00:00,area_trajectory,milford_haven,,1788627360000.0,,4.93911552429199
2026-09-05T23:54:09+00:00,area_trajectory,milford_haven,,1788627480000.0,,4.93911552429199
2026-09-05T23:54:09+00:00,area_trajectory,milford_haven,,1788627600000.0,,4.93911552429199
2026-09-05T23:54:09+00:00,area_trajectory,milford_haven,,1788627720000.0,,4.93911552429199
2026-09-05T23:54:09+00:00,area_trajectory,milford_haven,,1788627840000.0,,5.00015258789062
2026-09-05T23:54:09+00:00,area_trajectory,milford_haven,,1788627960000.0,,5.00015258789062
2026-09-05T23:54:09+00:00,area_trajectory,milford_haven,,1788628080000.0,,5.15884876251221
2026-09-05T23:54:09+00:00,area_trajectory,milford_haven,,1788628200000.0,,5.15884876251221
2026-09-05T23:54:09+00:00,area_trajectory,milford_haven,,1788628320000.0,,5.0563068389892605
2026-09-05T23:54:09+00:00,area_trajectory,milford_haven,,1788628440000.0,,5.0563068389892605
2026-09-05T23:54:09+00:00,area_trajectory,milford_haven,,1788628560000.0,,5.0563068389892605
2026-09-05T23:54:09+00:00,area_trajectory,milford_haven,,1788628680000.0,,5.0563068389892605
2026-09-05T23:54:09+00:00,area_trajectory,milford_haven,,1788628800000.0,,5.0563068389892605
2026-09-05T23:54:09+00:00,area_trajectory,milford_haven,,1788628920000.0,,5.0563068389892605
2026-09-05T23:54:09+00:00,area_trajectory,milford_haven,,1788629040000.0,,5.0563068389892605
2026-09-05T23:54:09+00:00,area_trajectory,milford_haven,,1788629160000.0,,5.0563068389892605
2026-09-05T23:54:09+00:00,area_trajectory,milford_haven,,1788629280000.0,,5.0563068389892605
2026-09-05T23:54:09+00:00,area_trajectory,milford_haven,,1788629400000.0,,5.0563068389892605
2026-09-05T23:54:09+00:00,area_trajectory,milford_haven,,1788629520000.0,,5.0563068389892605
2026-09-05T23:54:09+00:00,area_trajectory,milford_haven,,1788629640000.0,,5.0563068389892605
2026-09-05T23:54:09+00:00,area_trajectory,milford_haven,,1788629760000.0,,5.0563068389892605
2026-09-05T23:54:09+00:00,area_trajectory,milford_haven,,1788629880000.0,,5.0563068389892605
2026-09-05T23:54:09+00:00,area_trajectory,milford_haven,,1788630000000.0,,5.0563068389892605
2026-09-05T23:54:09+00:00,area_trajectory,milford_haven,,1788630120000.0,,5.0563068389892605
2026-09-05T23:54:09+00:00,area_trajectory,milford_haven,,1788630240000.0,,5.0563068389892605
2026-09-05T23:54:09+00:00,area_trajectory,milford_haven,,1788630360000.0,,5.0563068389892605
2026-09-05T23:54:09+00:00,area_trajectory,milford_haven,,1788630480000.0,,5.0563068389892605
2026-09-05T23:54:09+00:00,area_trajectory,milford_haven,,1788630600000.0,,5.0563068389892605
2026-09-05T23:54:09+00:00,area_trajectory,milford_haven,,1788630720000.0,,5.0563068389892605
2026-09-05T23:54:09+00:00,area_trajectory,milford_haven,,1788630840000.0,,5.0563068389892605
2026-09-05T23:54:09+00:00,area_trajectory,milford_haven,,1788630960000.0,,5.0563068389892605
2026-09-05T23:54:09+00:00,area_trajectory,milford_haven,,1788631080000.0,,5.0563068389892605
2026-09-05T23:54:09+00:00,area_trajectory,milford_haven,,1788631200000.0,,5.0563068389892605
2026-09-05T23:54:09+00:00,area_trajectory,milford_haven,,1788631320000.0,,5.0563068389892605
2026-09-05T23:54:09+00:00,area_trajectory,milford_haven,,1788631440000.0,,5.03189182281494
2026-09-05T23:54:09+00:00,area_trajectory,milford_haven,,1788631560000.0,,5.03189182281494
2026-09-05T23:54:09+00:00,area_trajectory,milford_haven,,1788631680000.0,,5.03189182281494
2026-09-05T23:54:09+00:00,area_trajectory,milford_haven,,1788631800000.0,,5.03189182281494
2026-09-05T23:54:09+00:00,area_trajectory,milford_haven,,1788631920000.0,,5.03189182281494
2026-09-05T23:54:09+00:00,area_trajectory,milford_haven,,1788632040000.0,,5.03189182281494
2026-09-05T23:54:09+00:00,area_trajectory,milford_haven,,1788632160000.0,,5.03189182281494
2026-09-05T23:54:09+00:00,area_trajectory,milford_haven,,1788632280000.0,,5.03189182281494
2026-09-05T23:54:09+00:00,area_trajectory,milford_haven,,1788632400000.0,,5.03189182281494
2026-09-05T23:54:09+00:00,area_trajectory,milford_haven,,1788632520000.0,,5.03189182281494
2026-09-05T23:54:09+00:00,area_trajectory,milford_haven,,1788632640000.0,,5.03189182281494
2026-09-05T23:54:09+00:00,area_trajectory,milford_haven,,1788632760000.0,,5.03189182281494
2026-09-05T23:54:09+00:00,area_trajectory,milford_haven,,1788632880000.0,,5.03189182281494
2026-09-05T23:54:09+00:00,area_trajectory,milford_haven,,1788633000000.0,,5.03189182281494
2026-09-05T23:54:09+00:00,area_trajectory,milford_haven,,1788633120000.0,,5.03189182281494
2026-09-05T23:54:09+00:00,area_trajectory,milford_haven,,1788633240000.0,,5.03189182281494
2026-09-05T23:54:09+00:00,area_trajectory,milford_haven,,1788633360000.0,,5.03189182281494
2026-09-05T23:54:09+00:00,area_trajectory,milford_haven,,1788633480000.0,,5.03189182281494
2026-09-05T23:54:09+00:00,area_trajectory,milford_haven,,1788633600000.0,,5.03189182281494
2026-09-05T23:54:09+00:00,area_trajectory,milford_haven,,1788633720000.0,,5.03189182281494
2026-09-05T23:54:09+00:00,area_trajectory,milford_haven,,1788633840000.0,,5.03189182281494
2026-09-05T23:54:09+00:00,area_trajectory,milford_haven,,1788633960000.0,,5.03189182281494
2026-09-05T23:54:09+00:00,area_trajectory,milford_haven,,1788634080000.0,,5.03189182281494
2026-09-05T23:54:09+00:00,area_trajectory,milford_haven,,1788634200000.0,,5.03189182281494
2026-09-05T23:54:09+00:00,area_trajectory,milford_haven,,1788634320000.0,,5.03189182281494
2026-09-05T23:54:09+00:00,area_trajectory,milford_haven,,1788634440000.0,,5.03189182281494
2026-09-05T23:54:09+00:00,area_trajectory,milford_haven,,1788634560000.0,,5.03189182281494
2026-09-05T23:54:09+00:00,area_trajectory,milford_haven,,1788634680000.0,,5.03189182281494
2026-09-05T23:54:09+00:00,area_trajectory,milford_haven,,1788634800000.0,,5.03189182281494
2026-09-05T23:54:09+00:00,area_trajectory,milford_haven,,1788634920000.0,,5.03189182281494
2026-09-05T23:54:09+00:00,area_trajectory,milford_haven,,1788635040000.0,,5.0270090103149405
2026-09-05T23:54:09+00:00,area_trajectory,milford_haven,,1788635160000.0,,5.0270090103149405
2026-09-05T23:54:09+00:00,area_trajectory,milford_haven,,1788635280000.0,,5.0270090103149405
2026-09-05T23:54:09+00:00,area_trajectory,milford_haven,,1788635400000.0,,5.0270090103149405
2026-09-05T23:54:09+00:00,area_trajectory,milford_haven,,1788635520000.0,,5.0270090103149405
2026-09-05T23:54:09+00:00,area_trajectory,milford_haven,,1788635640000.0,,5.0270090103149405
2026-09-05T23:54:09+00:00,area_trajectory,milford_haven,,1788635760000.0,,5.0270090103149405
2026-09-05T23:54:09+00:00,area_trajectory,milford_haven,,1788635880000.0,,5.0270090103149405
2026-09-05T23:54:09+00:00,area_trajectory,milford_haven,,1788636000000.0,,5.0270090103149405
2026-09-05T23:54:09+00:00,area_trajectory,milford_haven,,1788636120000.0,,5.0270090103149405
2026-09-05T23:54:09+00:00,area_trajectory,milford_haven,,1788636240000.0,,5.0270090103149405
2026-09-05T23:54:09+00:00,area_trajectory,milford_haven,,1788636360000.0,,5.0270090103149405
2026-09-05T23:54:09+00:00,area_trajectory,milford_haven,,1788636480000.0,,5.0270090103149405
2026-09-05T23:54:09+00:00,area_trajectory,milford_haven,,1788636600000.0,,5.0270090103149405
2026-09-05T23:54:09+00:00,area_trajectory,milford_haven,,1788636720000.0,,5.0270090103149405
2026-09-05T23:54:09+00:00,area_trajectory,milford_haven,,1788636840000.0,,5.0270090103149405
2026-09-05T23:54:09+00:00,area_trajectory,milford_haven,,1788636960000.0,,5.0270090103149405
2026-09-05T23:54:09+00:00,area_trajectory,milford_haven,,1788637080000.0,,5.0270090103149405
2026-09-05T23:54:09+00:00,area_trajectory,milford_haven,,1788637200000.0,,5.0270090103149405
2026-09-05T23:54:09+00:00,area_trajectory,milford_haven,,1788637320000.0,,5.0270090103149405
2026-09-05T23:54:09+00:00,area_trajectory,milford_haven,,1788637440000.0,,5.0270090103149405
2026-09-05T23:54:09+00:00,area_trajectory,milford_haven,,1788637560000.0,,5.0270090103149405
2026-09-05T23:54:09+00:00,area_trajectory,milford_haven,,1788637680000.0,,5.0270090103149405
2026-09-05T23:54:09+00:00,area_trajectory,milford_haven,,1788637800000.0,,5.0270090103149405
2026-09-05T23:54:09+00:00,area_trajectory,milford_haven,,1788637920000.0,,5.0270090103149405
2026-09-05T23:54:09+00:00,area_trajectory,milford_haven,,1788638040000.0,,5.0270090103149405
2026-09-05T23:54:09+00:00,area_trajectory,milford_haven,,1788638160000.0,,5.0270090103149405
2026-09-05T23:54:09+00:00,area_trajectory,milford_haven,,1788638280000.0,,5.0270090103149405
2026-09-05T23:54:09+00:00,area_trajectory,milford_haven,,1788638400000.0,,5.0270090103149405
2026-09-05T23:54:09+00:00,area_trajectory,milford_haven,,1788638520000.0,,5.0270090103149405
2026-09-05T23:54:09+00:00,area_trajectory,milford_haven,,1788638640000.0,,5.07583856582642
2026-09-05T23:54:09+00:00,area_trajectory,milford_haven,,1788638760000.0,,5.07583856582642
2026-09-05T23:54:09+00:00,area_trajectory,milford_haven,,1788638880000.0,,5.07583856582642
2026-09-05T23:54:09+00:00,area_trajectory,milford_haven,,1788639000000.0,,5.07583856582642
2026-09-05T23:54:09+00:00,area_trajectory,milford_haven,,1788639120000.0,,5.07583856582642
2026-09-05T23:54:09+00:00,area_trajectory,milford_haven,,1788639240000.0,,5.07583856582642
2026-09-05T23:54:09+00:00,area_trajectory,milford_haven,,1788639360000.0,,5.07583856582642
2026-09-05T23:54:09+00:00,area_trajectory,milford_haven,,1788639480000.0,,5.07583856582642
2026-09-05T23:54:09+00:00,area_trajectory,milford_haven,,1788639600000.0,,5.07583856582642
2026-09-05T23:54:09+00:00,area_trajectory,milford_haven,,1788639720000.0,,5.07583856582642
2026-09-05T23:54:09+00:00,area_trajectory,milford_haven,,1788639840000.0,,5.07583856582642
2026-09-05T23:54:09+00:00,area_trajectory,milford_haven,,1788639960000.0,,5.07583856582642
2026-09-05T23:54:09+00:00,area_trajectory,milford_haven,,1788640080000.0,,5.07583856582642
2026-09-05T23:54:09+00:00,area_trajectory,milford_haven,,1788640200000.0,,5.07583856582642
2026-09-05T23:54:09+00:00,area_trajectory,milford_haven,,1788640320000.0,,5.07583856582642
2026-09-05T23:54:09+00:00,area_trajectory,milford_haven,,1788640440000.0,,5.07583856582642
2026-09-05T23:54:09+00:00,area_trajectory,milford_haven,,1788640560000.0,,5.07583856582642
2026-09-05T23:54:09+00:00,area_trajectory,milford_haven,,1788640680000.0,,5.07583856582642
2026-09-05T23:54:09+00:00,area_trajectory,milford_haven,,1788640800000.0,,5.07583856582642
2026-09-05T23:54:09+00:00,area_trajectory,milford_haven,,1788640920000.0,,5.07583856582642
2026-09-05T23:54:09+00:00,area_trajectory,milford_haven,,1788641040000.0,,5.07583856582642
2026-09-05T23:54:09+00:00,area_trajectory,milford_haven,,1788641160000.0,,5.07583856582642
2026-09-05T23:54:09+00:00,area_trajectory,milford_haven,,1788641280000.0,,5.07583856582642
2026-09-05T23:54:09+00:00,area_trajectory,milford_haven,,1788641400000.0,,5.07583856582642
2026-09-05T23:54:09+00:00,area_trajectory,milford_haven,,1788641520000.0,,5.07583856582642
2026-09-05T23:54:09+00:00,area_trajectory,milford_haven,,1788641640000.0,,5.07583856582642
2026-09-05T23:54:09+00:00,area_trajectory,milford_haven,,1788641760000.0,,5.07583856582642
2026-09-05T23:54:09+00:00,area_trajectory,milford_haven,,1788641880000.0,,5.07583856582642
2026-09-05T23:54:09+00:00,area_trajectory,milford_haven,,1788642000000.0,,5.07583856582642
2026-09-05T23:54:09+00:00,area_trajectory,milford_haven,,1788642120000.0,,5.07583856582642
2026-09-05T23:54:09+00:00,area_trajectory,milford_haven,,1788642240000.0,,5.08072137832642
2026-09-05T23:54:09+00:00,area_trajectory,milford_haven,,1788642360000.0,,5.08072137832642
2026-09-05T23:54:09+00:00,area_trajectory,milford_haven,,1788642480000.0,,5.08072137832642
2026-09-05T23:54:09+00:00,area_trajectory,milford_haven,,1788642600000.0,,5.08072137832642
2026-09-05T23:54:09+00:00,area_trajectory,milford_haven,,1788642720000.0,,5.08072137832642
2026-09-05T23:54:09+00:00,area_trajectory,milford_haven,,1788642840000.0,,5.08072137832642
2026-09-05T23:54:09+00:00,area_trajectory,milford_haven,,1788642960000.0,,5.08072137832642
2026-09-05T23:54:09+00:00,area_trajectory,milford_haven,,1788643080000.0,,5.08072137832642
2026-09-05T23:54:09+00:00,area_trajectory,milford_haven,,1788643200000.0,,5.08072137832642
2026-09-05T23:54:09+00:00,area_trajectory,milford_haven,,1788643320000.0,,5.08072137832642
2026-09-05T23:54:09+00:00,area_trajectory,milford_haven,,1788643440000.0,,5.08072137832642
2026-09-05T23:54:09+00:00,area_trajectory,milford_haven,,1788643560000.0,,5.08072137832642
2026-09-05T23:54:09+00:00,area_trajectory,milford_haven,,1788643680000.0,,5.08072137832642
2026-09-05T23:54:09+00:00,area_trajectory,milford_haven,,1788643800000.0,,5.08072137832642
2026-09-05T23:54:09+00:00,area_trajectory,milford_haven,,1788643920000.0,,5.08072137832642
2026-09-05T23:54:09+00:00,area_trajectory,milford_haven,,1788644040000.0,,5.08072137832642
2026-09-05T23:54:09+00:00,area_trajectory,milford_haven,,1788644160000.0,,5.08072137832642
2026-09-05T23:54:09+00:00,area_trajectory,milford_haven,,1788644280000.0,,5.08072137832642
2026-09-05T23:54:09+00:00,area_trajectory,milford_haven,,1788644400000.0,,5.08072137832642
2026-09-05T23:54:09+00:00,area_trajectory,milford_haven,,1788644520000.0,,5.08072137832642
2026-09-05T23:54:09+00:00,area_trajectory,milford_haven,,1788644640000.0,,5.08072137832642
2026-09-05T23:54:09+00:00,area_trajectory,milford_haven,,1788644760000.0,,5.08072137832642
2026-09-05T23:54:09+00:00,area_trajectory,milford_haven,,1788644880000.0,,5.08072137832642
2026-09-05T23:54:09+00:00,area_trajectory,milford_haven,,1788645000000.0,,5.08072137832642
2026-09-05T23:54:09+00:00,area_trajectory,milford_haven,,1788645120000.0,,5.08072137832642
2026-09-05T23:54:09+00:00,area_trajectory,milford_haven,,1788645240000.0,,5.08072137832642
2026-09-05T23:54:09+00:00,area_trajectory,milford_haven,,1788645360000.0,,5.08072137832642
2026-09-05T23:54:09+00:00,area_trajectory,milford_haven,,1788645480000.0,,5.08072137832642
2026-09-05T23:54:09+00:00,area_trajectory,milford_haven,,1788645600000.0,,5.08072137832642
2026-09-05T23:54:09+00:00,area_trajectory,milford_haven,,1788645720000.0,,5.08072137832642
2026-09-05T23:54:09+00:00,area_trajectory,milford_haven,,1788645840000.0,,5.06851387023926
2026-09-05T23:54:09+00:00,area_trajectory,milford_haven,,1788645960000.0,,5.06851387023926
2026-09-05T23:54:09+00:00,area_trajectory,milford_haven,,1788646080000.0,,5.06851387023926
2026-09-05T23:54:09+00:00,area_trajectory,milford_haven,,1788646200000.0,,5.06851387023926
2026-09-05T23:54:09+00:00,area_trajectory,milford_haven,,1788646320000.0,,5.06851387023926
2026-09-05T23:54:09+00:00,area_trajectory,milford_haven,,1788646440000.0,,5.06851387023926
2026-09-05T23:54:09+00:00,area_trajectory,milford_haven,,1788646560000.0,,5.06851387023926
2026-09-05T23:54:09+00:00,area_trajectory,milford_haven,,1788646680000.0,,5.06851387023926
2026-09-05T23:54:09+00:00,area_trajectory,milford_haven,,1788646800000.0,,5.06851387023926
2026-09-05T23:54:09+00:00,area_trajectory,milford_haven,,1788646920000.0,,5.06851387023926
2026-09-05T23:54:09+00:00,area_trajectory,milford_haven,,1788647040000.0,,5.06851387023926
2026-09-05T23:54:09+00:00,area_trajectory,milford_haven,,1788647160000.0,,5.06851387023926
2026-09-05T23:54:09+00:00,area_trajectory,milford_haven,,1788647280000.0,,5.06851387023926
2026-09-05T23:54:09+00:00,area_trajectory,milford_haven,,1788647400000.0,,5.06851387023926
2026-09-05T23:54:09+00:00,area_trajectory,milford_haven,,1788647520000.0,,5.06851387023926
2026-09-05T23:54:09+00:00,area_trajectory,milford_haven,,1788647640000.0,,5.06851387023926
2026-09-05T23:54:09+00:00,area_trajectory,milford_haven,,1788647760000.0,,5.06851387023926
2026-09-05T23:54:09+00:00,area_trajectory,milford_haven,,1788647880000.0,,5.06851387023926
2026-09-05T23:54:09+00:00,area_trajectory,milford_haven,,1788648000000.0,,5.06851387023926
2026-09-05T23:54:09+00:00,area_trajectory,milford_haven,,1788648120000.0,,5.06851387023926
2026-09-05T23:54:09+00:00,area_trajectory,milford_haven,,1788648240000.0,,5.06851387023926
2026-09-05T23:54:09+00:00,area_trajectory,milford_haven,,1788648360000.0,,5.06851387023926
2026-09-05T23:54:09+00:00,area_trajectory,milford_haven,,1788648480000.0,,5.06851387023926
2026-09-05T23:54:09+00:00,area_trajectory,milford_haven,,1788648600000.0,,5.06851387023926
2026-09-05T23:54:09+00:00,area_trajectory,milford_haven,,1788648720000.0,,5.06851387023926
2026-09-05T23:54:09+00:00,area_trajectory,milford_haven,,1788648840000.0,,5.06851387023926
2026-09-05T23:54:09+00:00,area_trajectory,milford_haven,,1788648960000.0,,5.06851387023926
2026-09-05T23:54:09+00:00,area_trajectory,milford_haven,,1788649080000.0,,5.06851387023926
2026-09-05T23:54:09+00:00,area_trajectory,milford_haven,,1788649200000.0,,5.06851387023926
2026-09-05T23:54:09+00:00,area_trajectory,milford_haven,,1788649320000.0,,5.06851387023926
2026-09-05T23:54:09+00:00,area_trajectory,milford_haven,,1788649440000.0,,5.10757780075073
2026-09-05T23:54:09+00:00,area_trajectory,milford_haven,,1788649560000.0,,5.10757780075073
2026-09-05T23:54:09+00:00,area_trajectory,milford_haven,,1788649680000.0,,5.10757780075073
2026-09-05T23:54:09+00:00,area_trajectory,milford_haven,,1788649800000.0,,5.10757780075073
2026-09-05T23:54:09+00:00,area_trajectory,milford_haven,,1788649920000.0,,5.10757780075073
2026-09-05T23:54:09+00:00,area_trajectory,milford_haven,,1788650040000.0,,5.10757780075073
2026-09-05T23:54:09+00:00,area_trajectory,milford_haven,,1788650160000.0,,5.10757780075073
2026-09-05T23:54:09+00:00,area_trajectory,milford_haven,,1788650280000.0,,5.10757780075073
2026-09-05T23:54:09+00:00,area_trajectory,milford_haven,,1788650400000.0,,5.10757780075073
2026-09-05T23:54:09+00:00,area_trajectory,milford_haven,,1788650520000.0,,5.10757780075073
2026-09-05T23:54:09+00:00,area_trajectory,milford_haven,,1788650640000.0,,5.10757780075073
2026-09-05T23:54:09+00:00,area_trajectory,milford_haven,,1788650760000.0,,5.10757780075073
2026-09-05T23:54:09+00:00,area_trajectory,milford_haven,,1788650880000.0,,5.10757780075073
2026-09-05T23:54:09+00:00,area_trajectory,milford_haven,,1788651000000.0,,5.10757780075073
2026-09-05T23:54:09+00:00,area_trajectory,milford_haven,,1788651120000.0,,5.10757780075073
2026-09-05T23:54:09+00:00,area_trajectory,milford_haven,,1788651240000.0,,5.10757780075073
2026-09-05T23:54:09+00:00,area_trajectory,milford_haven,,1788651360000.0,,5.10757780075073
2026-09-05T23:54:09+00:00,area_trajectory,milford_haven,,1788651480000.0,,5.10757780075073
2026-09-05T23:54:09+00:00,area_trajectory,milford_haven,,1788651600000.0,,5.10757780075073
2026-09-05T23:54:09+00:00,area_trajectory,milford_haven,,1788651720000.0,,5.10757780075073
2026-09-05T23:54:09+00:00,area_trajectory,milford_haven,,1788651840000.0,,5.10757780075073
2026-09-05T23:54:09+00:00,area_trajectory,milford_haven,,1788651960000.0,,5.10757780075073
2026-09-05T23:54:09+00:00,area_trajectory,milford_haven,,1788652080000.0,,5.10757780075073
2026-09-05T23:54:09+00:00,area_trajectory,milford_haven,,1788652200000.0,,5.10757780075073
2026-09-05T23:54:09+00:00,area_trajectory,milford_haven,,1788652320000.0,,5.10757780075073
2026-09-05T23:54:09+00:00,area_trajectory,milford_haven,,1788652440000.0,,5.10757780075073
2026-09-05T23:54:09+00:00,area_trajectory,milford_haven,,1788652560000.0,,5.10757780075073
2026-09-05T23:54:09+00:00,area_trajectory,milford_haven,,1788652680000.0,,5.10757780075073
2026-09-05T23:54:09+00:00,area_trajectory,milford_haven,,1788652800000.0,,5.10757780075073
2026-09-05T23:54:09+00:00,area_trajectory,milford_haven,,1788652920000.0,,5.10757780075073
2026-09-05T23:54:09+00:00,area_trajectory,milford_haven,,1788653040000.0,,5.0709557533264205
2026-09-05T23:54:09+00:00,area_trajectory,milford_haven,,1788653160000.0,,5.0709557533264205
2026-09-05T23:54:09+00:00,area_trajectory,milford_haven,,1788653280000.0,,4.97573757171631
2026-09-05T23:54:09+00:00,area_trajectory,milford_haven,,1788653400000.0,,4.97573757171631
2026-09-05T23:54:09+00:00,area_trajectory,milford_haven,,1788653520000.0,,4.97573757171631
2026-09-05T23:54:09+00:00,area_trajectory,milford_haven,,1788653640000.0,,4.97573757171631
2026-09-05T23:54:09+00:00,area_trajectory,milford_haven,,1788653760000.0,,4.97573757171631
2026-09-05T23:54:09+00:00,area_trajectory,milford_haven,,1788653880000.0,,4.97573757171631
2026-09-05T23:54:09+00:00,area_trajectory,milford_haven,,1788654000000.0,,4.97573757171631
2026-09-05T23:54:09+00:00,area_trajectory,milford_haven,,1788654120000.0,,4.97573757171631
2026-09-05T23:54:09+00:00,area_trajectory,milford_haven,,1788654240000.0,,4.97573757171631
2026-09-05T23:54:09+00:00,area_trajectory,milford_haven,,1788654360000.0,,4.97573757171631
2026-09-05T23:54:09+00:00,area_trajectory,milford_haven,,1788654480000.0,,4.97573757171631
2026-09-05T23:54:09+00:00,area_trajectory,milford_haven,,1788654600000.0,,4.97573757171631
2026-09-05T23:54:09+00:00,area_trajectory,milford_haven,,1788654720000.0,,4.97573757171631
2026-09-05T23:54:09+00:00,area_trajectory,milford_haven,,1788654840000.0,,4.97573757171631
2026-09-05T23:54:09+00:00,area_trajectory,milford_haven,,1788654960000.0,,4.97573757171631
2026-09-05T23:54:09+00:00,area_trajectory,milford_haven,,1788655080000.0,,4.97573757171631
2026-09-05T23:54:09+00:00,area_trajectory,milford_haven,,1788655200000.0,,4.97573757171631
2026-09-05T23:54:09+00:00,area_trajectory,milford_haven,,1788655320000.0,,4.97573757171631
2026-09-05T23:54:09+00:00,area_trajectory,milford_haven,,1788655440000.0,,4.97573757171631
2026-09-05T23:54:09+00:00,area_trajectory,milford_haven,,1788655560000.0,,4.97573757171631
2026-09-05T23:54:09+00:00,subterminal_latest,grain,nts1,,00:36,0.00
2026-09-05T23:54:09+00:00,subterminal_latest,grain,nts1,,00:38,0.00
2026-09-05T23:54:09+00:00,subterminal_latest,grain,nts1,,00:40,0.00
2026-09-05T23:54:09+00:00,subterminal_latest,grain,nts1,,00:42,0.00
2026-09-05T23:54:09+00:00,subterminal_latest,grain,nts1,,00:44,0.00
2026-09-05T23:54:09+00:00,subterminal_latest,grain,nts1,,00:46,0.00
2026-09-05T23:54:09+00:00,subterminal_latest,grain,nts2,,00:36,0.00
2026-09-05T23:54:09+00:00,subterminal_latest,grain,nts2,,00:38,0.00
2026-09-05T23:54:09+00:00,subterminal_latest,grain,nts2,,00:40,0.00
2026-09-05T23:54:09+00:00,subterminal_latest,grain,nts2,,00:42,0.00
2026-09-05T23:54:09+00:00,subterminal_latest,grain,nts2,,00:44,0.00
2026-09-05T23:54:09+00:00,subterminal_latest,grain,nts2,,00:46,0.00
2026-09-05T23:54:09+00:00,subterminal_latest,dragon,,,00:36,0.00
2026-09-05T23:54:09+00:00,subterminal_latest,dragon,,,00:38,0.00
2026-09-05T23:54:09+00:00,subterminal_latest,dragon,,,00:40,0.00
2026-09-05T23:54:09+00:00,subterminal_latest,dragon,,,00:42,0.00
2026-09-05T23:54:09+00:00,subterminal_latest,dragon,,,00:44,0.00
2026-09-05T23:54:09+00:00,subterminal_latest,dragon,,,00:46,0.00
2026-09-05T23:54:09+00:00,subterminal_latest,south_hook,,,00:36,4.98
2026-09-05T23:54:09+00:00,subterminal_latest,south_hook,,,00:38,4.98
2026-09-05T23:54:09+00:00,subterminal_latest,south_hook,,,00:40,4.98
2026-09-05T23:54:09+00:00,subterminal_latest,south_hook,,,00:42,4.98
2026-09-05T23:54:09+00:00,subterminal_latest,south_hook,,,00:44,4.98
2026-09-05T23:54:09+00:00,subterminal_latest,south_hook,,,00:46,4.98
