snapshot_utc,series,terminal,sub,epoch_ms,time_label,value_mcm_d
2026-09-29T01:58:02+00:00,area_trajectory,grain,,1790571600000.0,,3.25012426741049
2026-09-29T01:58:02+00:00,area_trajectory,grain,,1790571720000.0,,3.25012426741049
2026-09-29T01:58:02+00:00,area_trajectory,grain,,1790571840000.0,,3.24946508772299
2026-09-29T01:58:02+00:00,area_trajectory,grain,,1790571960000.0,,3.3302171629183004
2026-09-29T01:58:02+00:00,area_trajectory,grain,,1790572080000.0,,3.31307775862142
2026-09-29T01:58:02+00:00,area_trajectory,grain,,1790572200000.0,,3.31307775862142
2026-09-29T01:58:02+00:00,area_trajectory,grain,,1790572320000.0,,3.29494995100424
2026-09-29T01:58:02+00:00,area_trajectory,grain,,1790572440000.0,,3.29494995100424
2026-09-29T01:58:02+00:00,area_trajectory,grain,,1790572560000.0,,3.3345018308870498
2026-09-29T01:58:02+00:00,area_trajectory,grain,,1790572680000.0,,3.3345018308870498
2026-09-29T01:58:02+00:00,area_trajectory,grain,,1790572800000.0,,3.27484423811361
2026-09-29T01:58:02+00:00,area_trajectory,grain,,1790572920000.0,,3.27484423811361
2026-09-29T01:58:02+00:00,area_trajectory,grain,,1790573040000.0,,3.23694030744955
2026-09-29T01:58:02+00:00,area_trajectory,grain,,1790573160000.0,,3.23694030744955
2026-09-29T01:58:02+00:00,area_trajectory,grain,,1790573280000.0,,3.31868115217611
2026-09-29T01:58:02+00:00,area_trajectory,grain,,1790573400000.0,,3.31868115217611
2026-09-29T01:58:02+00:00,area_trajectory,grain,,1790573520000.0,,3.31868115217611
2026-09-29T01:58:02+00:00,area_trajectory,grain,,1790573640000.0,,3.31868115217611
2026-09-29T01:58:02+00:00,area_trajectory,grain,,1790573760000.0,,3.25902355940267
2026-09-29T01:58:02+00:00,area_trajectory,grain,,1790573880000.0,,3.25902355940267
2026-09-29T01:58:02+00:00,area_trajectory,grain,,1790574000000.0,,3.3196699217073604
2026-09-29T01:58:02+00:00,area_trajectory,grain,,1790574120000.0,,3.3196699217073604
2026-09-29T01:58:02+00:00,area_trajectory,grain,,1790574240000.0,,3.3196699217073604
2026-09-29T01:58:02+00:00,area_trajectory,grain,,1790574360000.0,,3.3196699217073604
2026-09-29T01:58:02+00:00,area_trajectory,grain,,1790574480000.0,,3.30253051741049
2026-09-29T01:58:02+00:00,area_trajectory,grain,,1790574600000.0,,3.30253051741049
2026-09-29T01:58:02+00:00,area_trajectory,grain,,1790574720000.0,,3.32230664045736
2026-09-29T01:58:02+00:00,area_trajectory,grain,,1790574840000.0,,3.32230664045736
2026-09-29T01:58:02+00:00,area_trajectory,grain,,1790574960000.0,,3.28275476057455
2026-09-29T01:58:02+00:00,area_trajectory,grain,,1790575080000.0,,3.28275476057455
2026-09-29T01:58:02+00:00,area_trajectory,grain,,1790575200000.0,,3.32395458967611
2026-09-29T01:58:02+00:00,area_trajectory,grain,,1790575320000.0,,3.32395458967611
2026-09-29T01:58:02+00:00,area_trajectory,grain,,1790575440000.0,,3.30417846662924
2026-09-29T01:58:02+00:00,area_trajectory,grain,,1790575560000.0,,3.30417846662924
2026-09-29T01:58:02+00:00,area_trajectory,grain,,1790575680000.0,,3.2837435301058
2026-09-29T01:58:02+00:00,area_trajectory,grain,,1790575800000.0,,3.2837435301058
2026-09-29T01:58:02+00:00,area_trajectory,grain,,1790575920000.0,,3.26264904768392
2026-09-29T01:58:02+00:00,area_trajectory,grain,,1790576040000.0,,3.26264904768392
2026-09-29T01:58:02+00:00,area_trajectory,grain,,1790576160000.0,,3.3226362303011103
2026-09-29T01:58:02+00:00,area_trajectory,grain,,1790576280000.0,,3.3226362303011103
2026-09-29T01:58:02+00:00,area_trajectory,grain,,1790576400000.0,,3.3002233885042402
2026-09-29T01:58:02+00:00,area_trajectory,grain,,1790576520000.0,,3.3002233885042402
2026-09-29T01:58:02+00:00,area_trajectory,grain,,1790576640000.0,,3.3002233885042402
2026-09-29T01:58:02+00:00,area_trajectory,grain,,1790576760000.0,,3.3002233885042402
2026-09-29T01:58:02+00:00,area_trajectory,grain,,1790576880000.0,,3.3173624265901704
2026-09-29T01:58:02+00:00,area_trajectory,grain,,1790577000000.0,,3.3173624265901704
2026-09-29T01:58:02+00:00,area_trajectory,grain,,1790577120000.0,,3.33647936994955
2026-09-29T01:58:02+00:00,area_trajectory,grain,,1790577240000.0,,3.33647936994955
2026-09-29T01:58:02+00:00,area_trajectory,grain,,1790577360000.0,,3.31472570784017
2026-09-29T01:58:02+00:00,area_trajectory,grain,,1790577480000.0,,3.31472570784017
2026-09-29T01:58:02+00:00,area_trajectory,grain,,1790577600000.0,,3.27220751936361
2026-09-29T01:58:02+00:00,area_trajectory,grain,,1790577720000.0,,3.27220751936361
2026-09-29T01:58:02+00:00,area_trajectory,grain,,1790577840000.0,,3.36845068342611
2026-09-29T01:58:02+00:00,area_trajectory,grain,,1790577960000.0,,3.36845068342611
2026-09-29T01:58:02+00:00,area_trajectory,grain,,1790578080000.0,,3.3058264158479904
2026-09-29T01:58:02+00:00,area_trajectory,grain,,1790578200000.0,,3.3058264158479904
2026-09-29T01:58:02+00:00,area_trajectory,grain,,1790578320000.0,,3.34274194319174
2026-09-29T01:58:02+00:00,area_trajectory,grain,,1790578440000.0,,3.34274194319174
2026-09-29T01:58:02+00:00,area_trajectory,grain,,1790578560000.0,,3.34274194319174
2026-09-29T01:58:02+00:00,area_trajectory,grain,,1790578680000.0,,3.34274194319174
2026-09-29T01:58:02+00:00,area_trajectory,grain,,1790578800000.0,,3.2764921873323605
2026-09-29T01:58:02+00:00,area_trajectory,grain,,1790578920000.0,,3.2764921873323605
2026-09-29T01:58:02+00:00,area_trajectory,grain,,1790579040000.0,,3.3348314207308003
2026-09-29T01:58:02+00:00,area_trajectory,grain,,1790579160000.0,,3.3348314207308003
2026-09-29T01:58:02+00:00,area_trajectory,grain,,1790579280000.0,,3.3348314207308003
2026-09-29T01:58:02+00:00,area_trajectory,grain,,1790579400000.0,,3.3348314207308003
2026-09-29T01:58:02+00:00,area_trajectory,grain,,1790579520000.0,,3.3091226804964204
2026-09-29T01:58:02+00:00,area_trajectory,grain,,1790579640000.0,,3.3091226804964204
2026-09-29T01:58:02+00:00,area_trajectory,grain,,1790579760000.0,,3.3091226804964204
2026-09-29T01:58:02+00:00,area_trajectory,grain,,1790579880000.0,,3.3091226804964204
2026-09-29T01:58:02+00:00,area_trajectory,grain,,1790580000000.0,,3.2840731199495496
2026-09-29T01:58:02+00:00,area_trajectory,grain,,1790580120000.0,,3.2840731199495496
2026-09-29T01:58:02+00:00,area_trajectory,grain,,1790580240000.0,,3.3196699217073604
2026-09-29T01:58:02+00:00,area_trajectory,grain,,1790580360000.0,,3.3196699217073604
2026-09-29T01:58:02+00:00,area_trajectory,grain,,1790580480000.0,,3.3196699217073604
2026-09-29T01:58:02+00:00,area_trajectory,grain,,1790580600000.0,,3.3196699217073604
2026-09-29T01:58:02+00:00,area_trajectory,grain,,1790580720000.0,,3.27385546858236
2026-09-29T01:58:02+00:00,area_trajectory,grain,,1790580840000.0,,3.27385546858236
2026-09-29T01:58:02+00:00,area_trajectory,grain,,1790580960000.0,,3.3318651121370495
2026-09-29T01:58:02+00:00,area_trajectory,grain,,1790581080000.0,,3.3318651121370495
2026-09-29T01:58:02+00:00,area_trajectory,grain,,1790581200000.0,,3.31044103987142
2026-09-29T01:58:02+00:00,area_trajectory,grain,,1790581320000.0,,3.31044103987142
2026-09-29T01:58:02+00:00,area_trajectory,grain,,1790581440000.0,,3.32626171858236
2026-09-29T01:58:02+00:00,area_trajectory,grain,,1790581560000.0,,3.32626171858236
2026-09-29T01:58:02+00:00,area_trajectory,grain,,1790581680000.0,,3.2445208738558
2026-09-29T01:58:02+00:00,area_trajectory,grain,,1790581800000.0,,3.2445208738558
2026-09-29T01:58:02+00:00,area_trajectory,grain,,1790581920000.0,,3.30253051741049
2026-09-29T01:58:02+00:00,area_trajectory,grain,,1790582040000.0,,3.30253051741049
2026-09-29T01:58:02+00:00,area_trajectory,grain,,1790582160000.0,,3.30253051741049
2026-09-29T01:58:02+00:00,area_trajectory,grain,,1790582280000.0,,3.30253051741049
2026-09-29T01:58:02+00:00,area_trajectory,grain,,1790582400000.0,,3.3167032469026703
2026-09-29T01:58:02+00:00,area_trajectory,grain,,1790582520000.0,,3.3167032469026703
2026-09-29T01:58:02+00:00,area_trajectory,grain,,1790582640000.0,,3.3163736570589197
2026-09-29T01:58:02+00:00,area_trajectory,grain,,1790582760000.0,,3.3163736570589197
2026-09-29T01:58:02+00:00,area_trajectory,grain,,1790582880000.0,,3.3163736570589197
2026-09-29T01:58:02+00:00,area_trajectory,grain,,1790583000000.0,,3.3318651121370495
2026-09-29T01:58:02+00:00,area_trajectory,grain,,1790583120000.0,,3.3318651121370495
2026-09-29T01:58:02+00:00,area_trajectory,grain,,1790583240000.0,,3.3318651121370495
2026-09-29T01:58:02+00:00,area_trajectory,grain,,1790583360000.0,,3.3318651121370495
2026-09-29T01:58:02+00:00,area_trajectory,grain,,1790583480000.0,,3.34768579084799
2026-09-29T01:58:02+00:00,area_trajectory,grain,,1790583600000.0,,3.34768579084799
2026-09-29T01:58:02+00:00,area_trajectory,grain,,1790583720000.0,,3.34768579084799
2026-09-29T01:58:02+00:00,area_trajectory,grain,,1790583840000.0,,3.32626171858236
2026-09-29T01:58:02+00:00,area_trajectory,grain,,1790583960000.0,,3.32626171858236
2026-09-29T01:58:02+00:00,area_trajectory,grain,,1790584080000.0,,3.2659449461214205
2026-09-29T01:58:02+00:00,area_trajectory,grain,,1790584200000.0,,3.2659449461214205
2026-09-29T01:58:02+00:00,area_trajectory,grain,,1790584320000.0,,3.2817656248323597
2026-09-29T01:58:02+00:00,area_trajectory,grain,,1790584440000.0,,3.2817656248323597
2026-09-29T01:58:02+00:00,area_trajectory,grain,,1790584560000.0,,3.3424123533479904
2026-09-29T01:58:02+00:00,area_trajectory,grain,,1790584680000.0,,3.3424123533479904
2026-09-29T01:58:02+00:00,area_trajectory,grain,,1790584800000.0,,3.3605401609651704
2026-09-29T01:58:02+00:00,area_trajectory,grain,,1790584920000.0,,3.3605401609651704
2026-09-29T01:58:02+00:00,area_trajectory,grain,,1790585040000.0,,3.3002233885042402
2026-09-29T01:58:02+00:00,area_trajectory,grain,,1790585160000.0,,3.3002233885042402
2026-09-29T01:58:02+00:00,area_trajectory,grain,,1790585280000.0,,3.3407640379183
2026-09-29T01:58:02+00:00,area_trajectory,grain,,1790585400000.0,,3.3407640379183
2026-09-29T01:58:02+00:00,area_trajectory,grain,,1790585520000.0,,3.35790344221517
2026-09-29T01:58:02+00:00,area_trajectory,grain,,1790585640000.0,,3.35790344221517
2026-09-29T01:58:02+00:00,area_trajectory,grain,,1790585760000.0,,3.27846972639486
2026-09-29T01:58:02+00:00,area_trajectory,grain,,1790585880000.0,,3.27846972639486
2026-09-29T01:58:02+00:00,area_trajectory,grain,,1790586000000.0,,3.29791625959799
2026-09-29T01:58:02+00:00,area_trajectory,grain,,1790586120000.0,,3.29791625959799
2026-09-29T01:58:02+00:00,area_trajectory,grain,,1790586240000.0,,3.3348314207308003
2026-09-29T01:58:02+00:00,area_trajectory,grain,,1790586360000.0,,3.3348314207308003
2026-09-29T01:58:02+00:00,area_trajectory,grain,,1790586480000.0,,3.27616259748861
2026-09-29T01:58:02+00:00,area_trajectory,grain,,1790586600000.0,,3.27616259748861
2026-09-29T01:58:02+00:00,area_trajectory,grain,,1790586720000.0,,3.2570456541292403
2026-09-29T01:58:02+00:00,area_trajectory,grain,,1790586840000.0,,3.2570456541292403
2026-09-29T01:58:02+00:00,area_trajectory,grain,,1790586960000.0,,3.29494995100424
2026-09-29T01:58:02+00:00,area_trajectory,grain,,1790587080000.0,,3.29494995100424
2026-09-29T01:58:02+00:00,area_trajectory,grain,,1790587200000.0,,3.0816987303011096
2026-09-29T01:58:02+00:00,area_trajectory,grain,,1790587320000.0,,3.0816987303011096
2026-09-29T01:58:02+00:00,area_trajectory,grain,,1790587440000.0,,3.1466297605745503
2026-09-29T01:58:02+00:00,area_trajectory,grain,,1790587560000.0,,3.1466297605745503
2026-09-29T01:58:02+00:00,area_trajectory,grain,,1790587680000.0,,3.18255615217611
2026-09-29T01:58:02+00:00,area_trajectory,grain,,1790587800000.0,,3.18255615217611
2026-09-29T01:58:02+00:00,area_trajectory,grain,,1790587920000.0,,3.2392474363558
2026-09-29T01:58:02+00:00,area_trajectory,grain,,1790588040000.0,,3.2392474363558
2026-09-29T01:58:02+00:00,area_trajectory,grain,,1790588160000.0,,3.2392474363558
2026-09-29T01:58:02+00:00,area_trajectory,grain,,1790588280000.0,,3.2392474363558
2026-09-29T01:58:02+00:00,area_trajectory,grain,,1790588400000.0,,3.1954105222933
2026-09-29T01:58:02+00:00,area_trajectory,grain,,1790588520000.0,,3.1954105222933
2026-09-29T01:58:02+00:00,area_trajectory,grain,,1790588640000.0,,3.21452746565267
2026-09-29T01:58:02+00:00,area_trajectory,grain,,1790588760000.0,,3.21452746565267
2026-09-29T01:58:02+00:00,area_trajectory,grain,,1790588880000.0,,3.21452746565267
2026-09-29T01:58:02+00:00,area_trajectory,grain,,1790589000000.0,,3.21452746565267
2026-09-29T01:58:02+00:00,area_trajectory,grain,,1790589120000.0,,3.26858166487142
2026-09-29T01:58:02+00:00,area_trajectory,grain,,1790589240000.0,,3.26858166487142
2026-09-29T01:58:02+00:00,area_trajectory,grain,,1790589360000.0,,3.3061563719026696
2026-09-29T01:58:02+00:00,area_trajectory,grain,,1790589480000.0,,3.3061563719026696
2026-09-29T01:58:02+00:00,area_trajectory,grain,,1790589600000.0,,3.2652857664339203
2026-09-29T01:58:02+00:00,area_trajectory,grain,,1790589720000.0,,3.2652857664339203
2026-09-29T01:58:02+00:00,area_trajectory,grain,,1790589840000.0,,3.2408953855745497
2026-09-29T01:58:02+00:00,area_trajectory,grain,,1790589960000.0,,3.2408953855745497
2026-09-29T01:58:02+00:00,area_trajectory,grain,,1790590080000.0,,3.29494995100424
2026-09-29T01:58:02+00:00,area_trajectory,grain,,1790590200000.0,,3.29494995100424
2026-09-29T01:58:02+00:00,area_trajectory,grain,,1790590320000.0,,3.29494995100424
2026-09-29T01:58:02+00:00,area_trajectory,grain,,1790590440000.0,,3.29494995100424
2026-09-29T01:58:02+00:00,area_trajectory,grain,,1790590560000.0,,3.26627453596517
2026-09-29T01:58:02+00:00,area_trajectory,grain,,1790590680000.0,,3.26627453596517
2026-09-29T01:58:02+00:00,area_trajectory,grain,,1790590800000.0,,3.2824251707308
2026-09-29T01:58:02+00:00,area_trajectory,grain,,1790590920000.0,,3.2824251707308
2026-09-29T01:58:02+00:00,area_trajectory,grain,,1790591040000.0,,3.26495617659017
2026-09-29T01:58:02+00:00,area_trajectory,grain,,1790591160000.0,,3.26495617659017
2026-09-29T01:58:02+00:00,area_trajectory,grain,,1790591280000.0,,3.26495617659017
2026-09-29T01:58:02+00:00,area_trajectory,grain,,1790591400000.0,,3.26495617659017
2026-09-29T01:58:02+00:00,area_trajectory,grain,,1790591520000.0,,3.3120889890901704
2026-09-29T01:58:02+00:00,area_trajectory,grain,,1790591640000.0,,3.3120889890901704
2026-09-29T01:58:02+00:00,area_trajectory,grain,,1790591760000.0,,3.3120889890901704
2026-09-29T01:58:02+00:00,area_trajectory,grain,,1790591880000.0,,3.3120889890901704
2026-09-29T01:58:02+00:00,area_trajectory,grain,,1790592000000.0,,3.3120889890901704
2026-09-29T01:58:02+00:00,area_trajectory,grain,,1790592120000.0,,3.3120889890901704
2026-09-29T01:58:02+00:00,area_trajectory,grain,,1790592240000.0,,3.34735620100424
2026-09-29T01:58:02+00:00,area_trajectory,grain,,1790592360000.0,,3.34735620100424
2026-09-29T01:58:02+00:00,area_trajectory,grain,,1790592480000.0,,3.3084635008089203
2026-09-29T01:58:02+00:00,area_trajectory,grain,,1790592600000.0,,3.3084635008089203
2026-09-29T01:58:02+00:00,area_trajectory,grain,,1790592720000.0,,3.34636743147299
2026-09-29T01:58:02+00:00,area_trajectory,grain,,1790592840000.0,,3.34636743147299
2026-09-29T01:58:02+00:00,area_trajectory,grain,,1790592960000.0,,3.24748754866049
2026-09-29T01:58:02+00:00,area_trajectory,grain,,1790593080000.0,,3.24748754866049
2026-09-29T01:58:02+00:00,area_trajectory,grain,,1790593200000.0,,3.30549682600424
2026-09-29T01:58:02+00:00,area_trajectory,grain,,1790593320000.0,,3.30549682600424
2026-09-29T01:58:02+00:00,area_trajectory,grain,,1790593440000.0,,3.32593212873861
2026-09-29T01:58:02+00:00,area_trajectory,grain,,1790593560000.0,,3.32593212873861
2026-09-29T01:58:02+00:00,area_trajectory,grain,,1790593680000.0,,3.30714514143392
2026-09-29T01:58:02+00:00,area_trajectory,grain,,1790593800000.0,,3.30714514143392
2026-09-29T01:58:02+00:00,area_trajectory,grain,,1790593920000.0,,3.3272504881136102
2026-09-29T01:58:02+00:00,area_trajectory,grain,,1790594040000.0,,3.3272504881136102
2026-09-29T01:58:02+00:00,area_trajectory,grain,,1790594160000.0,,3.3272504881136102
2026-09-29T01:58:02+00:00,area_trajectory,grain,,1790594280000.0,,3.3272504881136102
2026-09-29T01:58:02+00:00,area_trajectory,grain,,1790594400000.0,,3.3272504881136102
2026-09-29T01:58:02+00:00,area_trajectory,grain,,1790594520000.0,,3.3272504881136102
2026-09-29T01:58:02+00:00,area_trajectory,grain,,1790594640000.0,,3.2923128660432996
2026-09-29T01:58:02+00:00,area_trajectory,grain,,1790594760000.0,,3.2923128660432996
2026-09-29T01:58:02+00:00,area_trajectory,grain,,1790594880000.0,,3.3308763426057997
2026-09-29T01:58:02+00:00,area_trajectory,grain,,1790595000000.0,,3.3308763426057997
2026-09-29T01:58:02+00:00,area_trajectory,grain,,1790595120000.0,,3.2735258787386097
2026-09-29T01:58:02+00:00,area_trajectory,grain,,1790595240000.0,,3.2735258787386097
2026-09-29T01:58:02+00:00,area_trajectory,grain,,1790595360000.0,,3.32988720686361
2026-09-29T01:58:02+00:00,area_trajectory,grain,,1790595480000.0,,3.32988720686361
2026-09-29T01:58:02+00:00,area_trajectory,grain,,1790595600000.0,,3.31142980940267
2026-09-29T01:58:02+00:00,area_trajectory,grain,,1790595720000.0,,3.31142980940267
2026-09-29T01:58:02+00:00,area_trajectory,grain,,1790595840000.0,,3.2916536863558004
2026-09-29T01:58:02+00:00,area_trajectory,grain,,1790595960000.0,,3.2916536863558004
2026-09-29T01:58:02+00:00,area_trajectory,grain,,1790596080000.0,,3.3315355222933
2026-09-29T01:58:02+00:00,area_trajectory,grain,,1790596200000.0,,3.3315355222933
2026-09-29T01:58:02+00:00,area_trajectory,grain,,1790596320000.0,,3.3120889890901704
2026-09-29T01:58:02+00:00,area_trajectory,grain,,1790596440000.0,,3.3120889890901704
2026-09-29T01:58:02+00:00,area_trajectory,grain,,1790596560000.0,,3.27385546858236
2026-09-29T01:58:02+00:00,area_trajectory,grain,,1790596680000.0,,3.27385546858236
2026-09-29T01:58:02+00:00,area_trajectory,grain,,1790596800000.0,,3.37207617170736
2026-09-29T01:58:02+00:00,area_trajectory,grain,,1790596920000.0,,3.37207617170736
2026-09-29T01:58:02+00:00,area_trajectory,grain,,1790597040000.0,,3.3137369383089204
2026-09-29T01:58:02+00:00,area_trajectory,grain,,1790597160000.0,,3.3137369383089204
2026-09-29T01:58:02+00:00,area_trajectory,grain,,1790597280000.0,,3.29593872053549
2026-09-29T01:58:02+00:00,area_trajectory,grain,,1790597400000.0,,3.29593872053549
2026-09-29T01:58:02+00:00,area_trajectory,grain,,1790597520000.0,,3.3354906004182996
2026-09-29T01:58:02+00:00,area_trajectory,grain,,1790597640000.0,,3.3354906004182996
2026-09-29T01:58:02+00:00,area_trajectory,grain,,1790597760000.0,,3.2764921873323605
2026-09-29T01:58:02+00:00,area_trajectory,grain,,1790597880000.0,,3.2764921873323605
2026-09-29T01:58:02+00:00,area_trajectory,grain,,1790598000000.0,,3.2956091306917403
2026-09-29T01:58:02+00:00,area_trajectory,grain,,1790598120000.0,,3.2956091306917403
2026-09-29T01:58:02+00:00,area_trajectory,grain,,1790598240000.0,,3.33516101057455
2026-09-29T01:58:02+00:00,area_trajectory,grain,,1790598360000.0,,3.33516101057455
2026-09-29T01:58:02+00:00,area_trajectory,grain,,1790598480000.0,,3.3163736570589197
2026-09-29T01:58:02+00:00,area_trajectory,grain,,1790598600000.0,,3.3163736570589197
2026-09-29T01:58:02+00:00,area_trajectory,grain,,1790598720000.0,,3.3384569090120504
2026-09-29T01:58:02+00:00,area_trajectory,grain,,1790598840000.0,,3.3384569090120504
2026-09-29T01:58:02+00:00,area_trajectory,grain,,1790598960000.0,,3.36943945295736
2026-09-29T01:58:02+00:00,area_trajectory,grain,,1790599080000.0,,3.36943945295736
2026-09-29T01:58:02+00:00,area_trajectory,grain,,1790599200000.0,,3.2764921873323605
2026-09-29T01:58:02+00:00,area_trajectory,grain,,1790599320000.0,,3.2764921873323605
2026-09-29T01:58:02+00:00,area_trajectory,grain,,1790599440000.0,,3.3381273191683
2026-09-29T01:58:02+00:00,area_trajectory,grain,,1790599560000.0,,3.3381273191683
2026-09-29T01:58:02+00:00,area_trajectory,grain,,1790599680000.0,,3.3206586912386102
2026-09-29T01:58:02+00:00,area_trajectory,grain,,1790599800000.0,,3.3206586912386102
2026-09-29T01:58:02+00:00,area_trajectory,grain,,1790599920000.0,,2.63443157942221
2026-09-29T01:58:02+00:00,area_trajectory,grain,,1790600040000.0,,2.63443157942221
2026-09-29T01:58:02+00:00,area_trajectory,grain,,1790600160000.0,,2.68683801252767
2026-09-29T01:58:02+00:00,area_trajectory,grain,,1790600280000.0,,2.68683801252767
2026-09-29T01:58:02+00:00,area_trajectory,grain,,1790600400000.0,,2.75143963606283
2026-09-29T01:58:02+00:00,area_trajectory,grain,,1790600520000.0,,2.75143963606283
2026-09-29T01:58:02+00:00,area_trajectory,grain,,1790600640000.0,,2.85921881086752
2026-09-29T01:58:02+00:00,area_trajectory,grain,,1790600760000.0,,2.85921881086752
2026-09-29T01:58:02+00:00,area_trajectory,grain,,1790600880000.0,,2.80813073713705
2026-09-29T01:58:02+00:00,area_trajectory,grain,,1790601000000.0,,2.80813073713705
2026-09-29T01:58:02+00:00,area_trajectory,grain,,1790601120000.0,,2.8885530393831402
2026-09-29T01:58:02+00:00,area_trajectory,grain,,1790601240000.0,,2.8885530393831402
2026-09-29T01:58:02+00:00,area_trajectory,grain,,1790601360000.0,,2.83021398909017
2026-09-29T01:58:02+00:00,area_trajectory,grain,,1790601480000.0,,2.83021398909017
2026-09-29T01:58:02+00:00,area_trajectory,grain,,1790601600000.0,,2.99105877668783
2026-09-29T01:58:02+00:00,area_trajectory,grain,,1790601720000.0,,2.99105877668783
2026-09-29T01:58:02+00:00,area_trajectory,grain,,1790601840000.0,,2.9132731931917397
2026-09-29T01:58:02+00:00,area_trajectory,grain,,1790601960000.0,,2.9132731931917397
2026-09-29T01:58:02+00:00,area_trajectory,grain,,1790602080000.0,,2.9132731931917397
2026-09-29T01:58:02+00:00,area_trajectory,grain,,1790602200000.0,,2.9132731931917397
2026-09-29T01:58:02+00:00,area_trajectory,grain,,1790602320000.0,,2.9739195554964204
2026-09-29T01:58:02+00:00,area_trajectory,grain,,1790602440000.0,,2.9739195554964204
2026-09-29T01:58:02+00:00,area_trajectory,grain,,1790602560000.0,,2.91459155256674
2026-09-29T01:58:02+00:00,area_trajectory,grain,,1790602680000.0,,2.91459155256674
2026-09-29T01:58:02+00:00,area_trajectory,grain,,1790602800000.0,,2.95579156477377
2026-09-29T01:58:02+00:00,area_trajectory,grain,,1790602920000.0,,2.95579156477377
2026-09-29T01:58:02+00:00,area_trajectory,grain,,1790603040000.0,,3.05664898664877
2026-09-29T01:58:02+00:00,area_trajectory,grain,,1790603160000.0,,3.05664898664877
2026-09-29T01:58:02+00:00,area_trajectory,grain,,1790603280000.0,,3.13047949201986
2026-09-29T01:58:02+00:00,area_trajectory,grain,,1790603400000.0,,3.13047949201986
2026-09-29T01:58:02+00:00,area_trajectory,grain,,1790603520000.0,,3.08598339826986
2026-09-29T01:58:02+00:00,area_trajectory,grain,,1790603640000.0,,3.08598339826986
2026-09-29T01:58:02+00:00,area_trajectory,grain,,1790603760000.0,,3.14201550276205
2026-09-29T01:58:02+00:00,area_trajectory,grain,,1790603880000.0,,3.14201550276205
2026-09-29T01:58:02+00:00,area_trajectory,grain,,1790604000000.0,,3.18090820295736
2026-09-29T01:58:02+00:00,area_trajectory,grain,,1790604120000.0,,3.18090820295736
2026-09-29T01:58:02+00:00,area_trajectory,grain,,1790604240000.0,,3.1004857176057996
2026-09-29T01:58:02+00:00,area_trajectory,grain,,1790604360000.0,,3.1004857176057996
2026-09-29T01:58:02+00:00,area_trajectory,grain,,1790604480000.0,,3.1403675535433
2026-09-29T01:58:02+00:00,area_trajectory,grain,,1790604600000.0,,3.1403675535433
2026-09-29T01:58:02+00:00,area_trajectory,grain,,1790604720000.0,,3.16014331037924
2026-09-29T01:58:02+00:00,area_trajectory,grain,,1790604840000.0,,3.16014331037924
2026-09-29T01:58:02+00:00,area_trajectory,grain,,1790604960000.0,,2.95842828352377
2026-09-29T01:58:02+00:00,area_trajectory,grain,,1790605080000.0,,2.95842828352377
2026-09-29T01:58:02+00:00,area_trajectory,grain,,1790605200000.0,,3.03456591780111
2026-09-29T01:58:02+00:00,area_trajectory,grain,,1790605320000.0,,3.03456591780111
2026-09-29T01:58:02+00:00,area_trajectory,grain,,1790605440000.0,,3.01709710676596
2026-09-29T01:58:02+00:00,area_trajectory,grain,,1790605560000.0,,3.01709710676596
2026-09-29T01:58:02+00:00,area_trajectory,grain,,1790605680000.0,,3.30417846662924
2026-09-29T01:58:02+00:00,area_trajectory,grain,,1790605800000.0,,3.30417846662924
2026-09-29T01:58:02+00:00,area_trajectory,grain,,1790605920000.0,,3.21419787580892
2026-09-29T01:58:02+00:00,area_trajectory,grain,,1790606040000.0,,3.21419787580892
2026-09-29T01:58:02+00:00,area_trajectory,grain,,1790606160000.0,,3.3407640379183
2026-09-29T01:58:02+00:00,area_trajectory,grain,,1790606280000.0,,3.3407640379183
2026-09-29T01:58:02+00:00,area_trajectory,grain,,1790606400000.0,,3.25770483381674
2026-09-29T01:58:02+00:00,area_trajectory,grain,,1790606520000.0,,3.25770483381674
2026-09-29T01:58:02+00:00,area_trajectory,grain,,1790606640000.0,,3.3143961179964196
2026-09-29T01:58:02+00:00,area_trajectory,grain,,1790606760000.0,,3.3143961179964196
2026-09-29T01:58:02+00:00,area_trajectory,grain,,1790606880000.0,,3.29593872053549
2026-09-29T01:58:02+00:00,area_trajectory,grain,,1790607000000.0,,3.29593872053549
2026-09-29T01:58:02+00:00,area_trajectory,grain,,1790607120000.0,,3.25737524397299
2026-09-29T01:58:02+00:00,area_trajectory,grain,,1790607240000.0,,3.25737524397299
2026-09-29T01:58:02+00:00,area_trajectory,grain,,1790607360000.0,,3.29791625959799
2026-09-29T01:58:02+00:00,area_trajectory,grain,,1790607480000.0,,3.29791625959799
2026-09-29T01:58:02+00:00,area_trajectory,grain,,1790607600000.0,,3.31934033186361
2026-09-29T01:58:02+00:00,area_trajectory,grain,,1790607720000.0,,3.31934033186361
2026-09-29T01:58:02+00:00,area_trajectory,grain,,1790607840000.0,,3.31934033186361
2026-09-29T01:58:02+00:00,area_trajectory,grain,,1790607960000.0,,3.31934033186361
2026-09-29T01:58:02+00:00,area_trajectory,grain,,1790608080000.0,,3.31934033186361
2026-09-29T01:58:02+00:00,area_trajectory,grain,,1790608200000.0,,3.31934033186361
2026-09-29T01:58:02+00:00,area_trajectory,grain,,1790608320000.0,,3.31934033186361
2026-09-29T01:58:02+00:00,area_trajectory,grain,,1790608440000.0,,3.31934033186361
2026-09-29T01:58:02+00:00,area_trajectory,grain,,1790608560000.0,,3.31934033186361
2026-09-29T01:58:02+00:00,area_trajectory,grain,,1790608680000.0,,3.31934033186361
2026-09-29T01:58:02+00:00,area_trajectory,grain,,1790608800000.0,,3.31934033186361
2026-09-29T01:58:02+00:00,area_trajectory,grain,,1790608920000.0,,3.31934033186361
2026-09-29T01:58:02+00:00,area_trajectory,grain,,1790609040000.0,,3.34373071272299
2026-09-29T01:58:02+00:00,area_trajectory,grain,,1790609160000.0,,3.34373071272299
2026-09-29T01:58:02+00:00,area_trajectory,grain,,1790609280000.0,,3.32593212873861
2026-09-29T01:58:02+00:00,area_trajectory,grain,,1790609400000.0,,3.32593212873861
2026-09-29T01:58:02+00:00,area_trajectory,grain,,1790609520000.0,,3.2451800535433
2026-09-29T01:58:02+00:00,area_trajectory,grain,,1790609640000.0,,3.2451800535433
2026-09-29T01:58:02+00:00,area_trajectory,grain,,1790609760000.0,,3.30681555159017
2026-09-29T01:58:02+00:00,area_trajectory,grain,,1790609880000.0,,3.30681555159017
2026-09-29T01:58:02+00:00,area_trajectory,grain,,1790610000000.0,,3.34636743147299
2026-09-29T01:58:02+00:00,area_trajectory,grain,,1790610120000.0,,3.34636743147299
2026-09-29T01:58:02+00:00,area_trajectory,grain,,1790610240000.0,,3.3081339109651697
2026-09-29T01:58:02+00:00,area_trajectory,grain,,1790610360000.0,,3.3081339109651697
2026-09-29T01:58:02+00:00,area_trajectory,grain,,1790610480000.0,,3.2699000242464202
2026-09-29T01:58:02+00:00,area_trajectory,grain,,1790610600000.0,,3.2699000242464202
2026-09-29T01:58:02+00:00,area_trajectory,grain,,1790610720000.0,,3.3288984373323602
2026-09-29T01:58:02+00:00,area_trajectory,grain,,1790610840000.0,,3.3288984373323602
2026-09-29T01:58:02+00:00,area_trajectory,grain,,1790610960000.0,,3.3288984373323602
2026-09-29T01:58:02+00:00,area_trajectory,grain,,1790611080000.0,,3.3288984373323602
2026-09-29T01:58:02+00:00,area_trajectory,grain,,1790611200000.0,,3.2893465574495497
2026-09-29T01:58:02+00:00,area_trajectory,grain,,1790611320000.0,,3.2893465574495497
2026-09-29T01:58:02+00:00,area_trajectory,grain,,1790611440000.0,,3.24979467756674
2026-09-29T01:58:02+00:00,area_trajectory,grain,,1790611560000.0,,3.24979467756674
2026-09-29T01:58:02+00:00,area_trajectory,grain,,1790611680000.0,,3.32922802717611
2026-09-29T01:58:02+00:00,area_trajectory,grain,,1790611800000.0,,3.32922802717611
2026-09-29T01:58:02+00:00,area_trajectory,grain,,1790611920000.0,,3.32922802717611
2026-09-29T01:58:02+00:00,area_trajectory,grain,,1790612040000.0,,3.32922802717611
2026-09-29T01:58:02+00:00,area_trajectory,grain,,1790612160000.0,,3.26792248518392
2026-09-29T01:58:02+00:00,area_trajectory,grain,,1790612280000.0,,3.26792248518392
2026-09-29T01:58:02+00:00,area_trajectory,grain,,1790612400000.0,,3.26792248518392
2026-09-29T01:58:02+00:00,area_trajectory,grain,,1790612520000.0,,3.26792248518392
2026-09-29T01:58:02+00:00,area_trajectory,grain,,1790612640000.0,,3.2857210691682996
2026-09-29T01:58:02+00:00,area_trajectory,grain,,1790612760000.0,,3.2857210691682996
2026-09-29T01:58:02+00:00,area_trajectory,grain,,1790612880000.0,,3.3424123533479904
2026-09-29T01:58:02+00:00,area_trajectory,grain,,1790613000000.0,,3.3424123533479904
2026-09-29T01:58:02+00:00,area_trajectory,grain,,1790613120000.0,,3.2840731199495496
2026-09-29T01:58:02+00:00,area_trajectory,grain,,1790613240000.0,,3.2840731199495496
2026-09-29T01:58:02+00:00,area_trajectory,grain,,1790613360000.0,,3.26264904768392
2026-09-29T01:58:02+00:00,area_trajectory,grain,,1790613480000.0,,3.26264904768392
2026-09-29T01:58:02+00:00,area_trajectory,grain,,1790613600000.0,,3.30055297834799
2026-09-29T01:58:02+00:00,area_trajectory,grain,,1790613720000.0,,3.30055297834799
2026-09-29T01:58:02+00:00,area_trajectory,grain,,1790613840000.0,,3.30055297834799
2026-09-29T01:58:02+00:00,area_trajectory,grain,,1790613960000.0,,3.30055297834799
2026-09-29T01:58:02+00:00,area_trajectory,grain,,1790614080000.0,,3.33582019026205
2026-09-29T01:58:02+00:00,area_trajectory,grain,,1790614200000.0,,3.33582019026205
2026-09-29T01:58:02+00:00,area_trajectory,grain,,1790614320000.0,,3.33582019026205
2026-09-29T01:58:02+00:00,area_trajectory,grain,,1790614440000.0,,3.33582019026205
2026-09-29T01:58:02+00:00,area_trajectory,grain,,1790614560000.0,,3.2735258787386097
2026-09-29T01:58:02+00:00,area_trajectory,grain,,1790614680000.0,,3.2735258787386097
2026-09-29T01:58:02+00:00,area_trajectory,grain,,1790614800000.0,,3.2735258787386097
2026-09-29T01:58:02+00:00,area_trajectory,grain,,1790614920000.0,,3.2735258787386097
2026-09-29T01:58:02+00:00,area_trajectory,grain,,1790615040000.0,,3.27121874983236
2026-09-29T01:58:02+00:00,area_trajectory,grain,,1790615160000.0,,3.3288984373323602
2026-09-29T01:58:02+00:00,area_trajectory,grain,,1790615280000.0,,3.2857210691682996
2026-09-29T01:58:02+00:00,area_trajectory,grain,,1790615400000.0,,3.2857210691682996
2026-09-29T01:58:02+00:00,area_trajectory,grain,,1790615520000.0,,3.26264904768392
2026-09-29T01:58:02+00:00,area_trajectory,grain,,1790615640000.0,,3.26264904768392
2026-09-29T01:58:02+00:00,area_trajectory,grain,,1790615760000.0,,3.3391160886995497
2026-09-29T01:58:02+00:00,area_trajectory,grain,,1790615880000.0,,3.3391160886995497
2026-09-29T01:58:02+00:00,area_trajectory,grain,,1790616000000.0,,3.3163736570589197
2026-09-29T01:58:02+00:00,area_trajectory,grain,,1790616120000.0,,3.3163736570589197
2026-09-29T01:58:02+00:00,area_trajectory,grain,,1790616240000.0,,3.29396081526205
2026-09-29T01:58:02+00:00,area_trajectory,grain,,1790616360000.0,,3.29396081526205
2026-09-29T01:58:02+00:00,area_trajectory,grain,,1790616480000.0,,3.34933374006674
2026-09-29T01:58:02+00:00,area_trajectory,grain,,1790616600000.0,,3.34933374006674
2026-09-29T01:58:02+00:00,area_trajectory,grain,,1790616720000.0,,3.28736901838705
2026-09-29T01:58:02+00:00,area_trajectory,grain,,1790616840000.0,,3.28736901838705
2026-09-29T01:58:02+00:00,area_trajectory,grain,,1790616960000.0,,3.28736901838705
2026-09-29T01:58:02+00:00,area_trajectory,grain,,1790617080000.0,,3.28736901838705
2026-09-29T01:58:02+00:00,area_trajectory,grain,,1790617200000.0,,3.23891784651205
2026-09-29T01:58:02+00:00,area_trajectory,grain,,1790617320000.0,,3.23891784651205
2026-09-29T01:58:02+00:00,area_trajectory,grain,,1790617440000.0,,3.23891784651205
2026-09-29T01:58:02+00:00,area_trajectory,grain,,1790617560000.0,,3.23891784651205
2026-09-29T01:58:02+00:00,area_trajectory,grain,,1790617680000.0,,3.2699000242464202
2026-09-29T01:58:02+00:00,area_trajectory,grain,,1790617800000.0,,3.2699000242464202
2026-09-29T01:58:02+00:00,area_trajectory,grain,,1790617920000.0,,3.24649877912924
2026-09-29T01:58:02+00:00,area_trajectory,grain,,1790618040000.0,,3.24649877912924
2026-09-29T01:58:02+00:00,area_trajectory,grain,,1790618160000.0,,3.20430981428549
2026-09-29T01:58:02+00:00,area_trajectory,grain,,1790618280000.0,,3.20430981428549
2026-09-29T01:58:02+00:00,area_trajectory,grain,,1790618400000.0,,3.22111926252767
2026-09-29T01:58:02+00:00,area_trajectory,grain,,1790618520000.0,,3.22111926252767
2026-09-29T01:58:02+00:00,area_trajectory,grain,,1790618640000.0,,3.22111926252767
2026-09-29T01:58:02+00:00,area_trajectory,grain,,1790618760000.0,,3.22111926252767
2026-09-29T01:58:02+00:00,area_trajectory,grain,,1790618880000.0,,3.2745146482698595
2026-09-29T01:58:02+00:00,area_trajectory,grain,,1790619000000.0,,3.2125499265901696
2026-09-29T01:58:02+00:00,area_trajectory,grain,,1790619120000.0,,3.2296889646761104
2026-09-29T01:58:02+00:00,area_trajectory,grain,,1790619240000.0,,3.2296889646761104
2026-09-29T01:58:02+00:00,area_trajectory,grain,,1790619360000.0,,3.30187133772299
2026-09-29T01:58:02+00:00,area_trajectory,grain,,1790619480000.0,,3.30187133772299
2026-09-29T01:58:02+00:00,area_trajectory,grain,,1790619600000.0,,3.25836437971517
2026-09-29T01:58:02+00:00,area_trajectory,grain,,1790619720000.0,,3.25836437971517
2026-09-29T01:58:02+00:00,area_trajectory,grain,,1790619840000.0,,3.2352923582308
2026-09-29T01:58:02+00:00,area_trajectory,grain,,1790619960000.0,,3.2352923582308
2026-09-29T01:58:02+00:00,area_trajectory,grain,,1790620080000.0,,3.2478171385042396
2026-09-29T01:58:02+00:00,area_trajectory,grain,,1790620200000.0,,3.2478171385042396
2026-09-29T01:58:02+00:00,area_trajectory,grain,,1790620320000.0,,3.20760571272299
2026-09-29T01:58:02+00:00,area_trajectory,grain,,1790620440000.0,,3.20760571272299
2026-09-29T01:58:02+00:00,area_trajectory,grain,,1790620560000.0,,3.20760571272299
2026-09-29T01:58:02+00:00,area_trajectory,grain,,1790620680000.0,,3.20760571272299
2026-09-29T01:58:02+00:00,area_trajectory,grain,,1790620800000.0,,3.21881213362142
2026-09-29T01:58:02+00:00,area_trajectory,grain,,1790620920000.0,,3.21881213362142
2026-09-29T01:58:02+00:00,area_trajectory,grain,,1790621040000.0,,3.21881213362142
2026-09-29T01:58:02+00:00,area_trajectory,grain,,1790621160000.0,,3.21881213362142
2026-09-29T01:58:02+00:00,area_trajectory,grain,,1790621280000.0,,3.24946508772299
2026-09-29T01:58:02+00:00,area_trajectory,grain,,1790621400000.0,,3.24946508772299
2026-09-29T01:58:02+00:00,area_trajectory,grain,,1790621520000.0,,3.2267226560823596
2026-09-29T01:58:02+00:00,area_trajectory,grain,,1790621640000.0,,3.2267226560823596
2026-09-29T01:58:02+00:00,area_trajectory,grain,,1790621760000.0,,3.24155456526205
2026-09-29T01:58:02+00:00,area_trajectory,grain,,1790621880000.0,,3.24155456526205
2026-09-29T01:58:02+00:00,area_trajectory,grain,,1790622000000.0,,3.21716418440267
2026-09-29T01:58:02+00:00,area_trajectory,grain,,1790622120000.0,,3.21716418440267
2026-09-29T01:58:02+00:00,area_trajectory,grain,,1790622240000.0,,3.2352923582308
2026-09-29T01:58:02+00:00,area_trajectory,grain,,1790622360000.0,,3.2352923582308
2026-09-29T01:58:02+00:00,area_trajectory,grain,,1790622480000.0,,3.25045385725424
2026-09-29T01:58:02+00:00,area_trajectory,grain,,1790622600000.0,,3.25045385725424
2026-09-29T01:58:02+00:00,area_trajectory,grain,,1790622720000.0,,3.2844027097933
2026-09-29T01:58:02+00:00,area_trajectory,grain,,1790622840000.0,,3.2844027097933
2026-09-29T01:58:02+00:00,area_trajectory,grain,,1790622960000.0,,3.0919163816683
2026-09-29T01:58:02+00:00,area_trajectory,grain,,1790623080000.0,,3.0919163816683
2026-09-29T01:58:02+00:00,area_trajectory,grain,,1790623200000.0,,3.0919163816683
2026-09-29T01:58:02+00:00,area_trajectory,grain,,1790623320000.0,,3.10674829084799
2026-09-29T01:58:02+00:00,area_trajectory,grain,,1790623440000.0,,3.14135632307455
2026-09-29T01:58:02+00:00,area_trajectory,grain,,1790623560000.0,,3.14135632307455
2026-09-29T01:58:02+00:00,area_trajectory,grain,,1790623680000.0,,3.1196026609651697
2026-09-29T01:58:02+00:00,area_trajectory,grain,,1790623800000.0,,3.1196026609651697
2026-09-29T01:58:02+00:00,area_trajectory,grain,,1790623920000.0,,3.13509374983236
2026-09-29T01:58:02+00:00,area_trajectory,grain,,1790624040000.0,,3.13509374983236
2026-09-29T01:58:02+00:00,area_trajectory,grain,,1790624160000.0,,3.15190356428549
2026-09-29T01:58:02+00:00,area_trajectory,grain,,1790624280000.0,,3.15190356428549
2026-09-29T01:58:02+00:00,area_trajectory,grain,,1790624400000.0,,3.20332104475424
2026-09-29T01:58:02+00:00,area_trajectory,grain,,1790624520000.0,,3.20332104475424
2026-09-29T01:58:02+00:00,area_trajectory,grain,,1790624640000.0,,3.18156738264486
2026-09-29T01:58:02+00:00,area_trajectory,grain,,1790624760000.0,,3.18156738264486
2026-09-29T01:58:02+00:00,area_trajectory,grain,,1790624880000.0,,3.19936596662924
2026-09-29T01:58:02+00:00,area_trajectory,grain,,1790625000000.0,,3.19936596662924
2026-09-29T01:58:02+00:00,area_trajectory,grain,,1790625120000.0,,3.12223937971517
2026-09-29T01:58:02+00:00,area_trajectory,grain,,1790625240000.0,,3.12223937971517
2026-09-29T01:58:02+00:00,area_trajectory,grain,,1790625360000.0,,3.1018040769808
2026-09-29T01:58:02+00:00,area_trajectory,grain,,1790625480000.0,,3.1018040769808
2026-09-29T01:58:02+00:00,area_trajectory,grain,,1790625600000.0,,3.15684741194174
2026-09-29T01:58:02+00:00,area_trajectory,grain,,1790625720000.0,,3.15684741194174
2026-09-29T01:58:02+00:00,area_trajectory,grain,,1790625840000.0,,3.15684741194174
2026-09-29T01:58:02+00:00,area_trajectory,grain,,1790625960000.0,,3.15684741194174
2026-09-29T01:58:02+00:00,area_trajectory,grain,,1790626080000.0,,3.17036096174642
2026-09-29T01:58:02+00:00,area_trajectory,grain,,1790626200000.0,,3.17036096174642
2026-09-29T01:58:02+00:00,area_trajectory,grain,,1790626320000.0,,3.17036096174642
2026-09-29T01:58:02+00:00,area_trajectory,grain,,1790626440000.0,,3.17036096174642
2026-09-29T01:58:02+00:00,area_trajectory,grain,,1790626560000.0,,3.14860729963705
2026-09-29T01:58:02+00:00,area_trajectory,grain,,1790626680000.0,,3.14860729963705
2026-09-29T01:58:02+00:00,area_trajectory,grain,,1790626800000.0,,3.14860729963705
2026-09-29T01:58:02+00:00,area_trajectory,grain,,1790626920000.0,,3.14860729963705
2026-09-29T01:58:02+00:00,area_trajectory,grain,,1790627040000.0,,3.2221083982698597
2026-09-29T01:58:02+00:00,area_trajectory,grain,,1790627160000.0,,3.2221083982698597
2026-09-29T01:58:02+00:00,area_trajectory,grain,,1790627280000.0,,3.23891784651205
2026-09-29T01:58:02+00:00,area_trajectory,grain,,1790627400000.0,,3.23891784651205
2026-09-29T01:58:02+00:00,area_trajectory,grain,,1790627520000.0,,3.16245080549642
2026-09-29T01:58:02+00:00,area_trajectory,grain,,1790627640000.0,,3.16245080549642
2026-09-29T01:58:02+00:00,area_trajectory,grain,,1790627760000.0,,3.16245080549642
2026-09-29T01:58:02+00:00,area_trajectory,grain,,1790627880000.0,,3.19936596662924
2026-09-29T01:58:02+00:00,area_trajectory,grain,,1790628000000.0,,3.21584582502767
2026-09-29T01:58:02+00:00,area_trajectory,grain,,1790628120000.0,,3.21584582502767
2026-09-29T01:58:02+00:00,area_trajectory,grain,,1790628240000.0,,3.21584582502767
2026-09-29T01:58:02+00:00,area_trajectory,grain,,1790628360000.0,,3.21584582502767
2026-09-29T01:58:02+00:00,area_trajectory,grain,,1790628480000.0,,3.2343035886995497
2026-09-29T01:58:02+00:00,area_trajectory,grain,,1790628600000.0,,3.2343035886995497
2026-09-29T01:58:02+00:00,area_trajectory,grain,,1790628720000.0,,3.1772827146761102
2026-09-29T01:58:02+00:00,area_trajectory,grain,,1790628840000.0,,3.1772827146761102
2026-09-29T01:58:02+00:00,area_trajectory,grain,,1790628960000.0,,3.26924084455892
2026-09-29T01:58:02+00:00,area_trajectory,grain,,1790629080000.0,,3.26924084455892
2026-09-29T01:58:02+00:00,area_trajectory,grain,,1790629200000.0,,3.2319960935823597
2026-09-29T01:58:02+00:00,area_trajectory,grain,,1790629320000.0,,3.2319960935823597
2026-09-29T01:58:02+00:00,area_trajectory,grain,,1790629440000.0,,3.21353869612142
2026-09-29T01:58:02+00:00,area_trajectory,grain,,1790629560000.0,,3.21353869612142
2026-09-29T01:58:02+00:00,area_trajectory,grain,,1790629680000.0,,3.25276098616049
2026-09-29T01:58:02+00:00,area_trajectory,grain,,1790629800000.0,,3.25276098616049
2026-09-29T01:58:02+00:00,area_trajectory,grain,,1790629920000.0,,3.27121874983236
2026-09-29T01:58:02+00:00,area_trajectory,grain,,1790630040000.0,,3.27121874983236
2026-09-29T01:58:02+00:00,area_trajectory,grain,,1790630160000.0,,3.2893465574495497
2026-09-29T01:58:02+00:00,area_trajectory,grain,,1790630280000.0,,3.2893465574495497
2026-09-29T01:58:02+00:00,area_trajectory,grain,,1790630400000.0,,3.23562194807455
2026-09-29T01:58:02+00:00,area_trajectory,grain,,1790630520000.0,,3.23562194807455
2026-09-29T01:58:02+00:00,area_trajectory,grain,,1790630640000.0,,3.25342016584799
2026-09-29T01:58:02+00:00,area_trajectory,grain,,1790630760000.0,,3.25342016584799
2026-09-29T01:58:02+00:00,area_trajectory,grain,,1790630880000.0,,3.25342016584799
2026-09-29T01:58:02+00:00,area_trajectory,grain,,1790631000000.0,,3.25342016584799
2026-09-29T01:58:02+00:00,area_trajectory,grain,,1790631120000.0,,3.23265527326986
2026-09-29T01:58:02+00:00,area_trajectory,grain,,1790631240000.0,,3.23265527326986
2026-09-29T01:58:02+00:00,area_trajectory,grain,,1790631360000.0,,3.28473229963705
2026-09-29T01:58:02+00:00,area_trajectory,grain,,1790631480000.0,,3.28473229963705
2026-09-29T01:58:02+00:00,area_trajectory,grain,,1790631600000.0,,3.30121215803549
2026-09-29T01:58:02+00:00,area_trajectory,grain,,1790631720000.0,,3.30121215803549
2026-09-29T01:58:02+00:00,area_trajectory,grain,,1790631840000.0,,3.26396740705892
2026-09-29T01:58:02+00:00,area_trajectory,grain,,1790631960000.0,,3.26396740705892
2026-09-29T01:58:02+00:00,area_trajectory,grain,,1790632080000.0,,3.26396740705892
2026-09-29T01:58:02+00:00,area_trajectory,grain,,1790632200000.0,,3.26396740705892
2026-09-29T01:58:02+00:00,area_trajectory,grain,,1790632320000.0,,3.26396740705892
2026-09-29T01:58:02+00:00,area_trajectory,grain,,1790632440000.0,,3.26396740705892
2026-09-29T01:58:02+00:00,area_trajectory,grain,,1790632560000.0,,3.20958325178549
2026-09-29T01:58:02+00:00,area_trajectory,grain,,1790632680000.0,,3.20958325178549
2026-09-29T01:58:02+00:00,area_trajectory,grain,,1790632800000.0,,3.20958325178549
2026-09-29T01:58:02+00:00,area_trajectory,grain,,1790632920000.0,,3.20958325178549
2026-09-29T01:58:02+00:00,area_trajectory,grain,,1790633040000.0,,3.22573388655111
2026-09-29T01:58:02+00:00,area_trajectory,grain,,1790633160000.0,,3.22573388655111
2026-09-29T01:58:02+00:00,area_trajectory,grain,,1790633280000.0,,3.24419128401205
2026-09-29T01:58:02+00:00,area_trajectory,grain,,1790633400000.0,,3.24419128401205
2026-09-29T01:58:02+00:00,area_trajectory,grain,,1790633520000.0,,3.22573388655111
2026-09-29T01:58:02+00:00,area_trajectory,grain,,1790633640000.0,,3.22573388655111
2026-09-29T01:58:02+00:00,area_trajectory,grain,,1790633760000.0,,3.22573388655111
2026-09-29T01:58:02+00:00,area_trajectory,grain,,1790633880000.0,,3.22573388655111
2026-09-29T01:58:02+00:00,area_trajectory,grain,,1790634000000.0,,3.26429699690267
2026-09-29T01:58:02+00:00,area_trajectory,grain,,1790634120000.0,,3.26429699690267
2026-09-29T01:58:02+00:00,area_trajectory,grain,,1790634240000.0,,3.20892407209799
2026-09-29T01:58:02+00:00,area_trajectory,grain,,1790634360000.0,,3.20892407209799
2026-09-29T01:58:02+00:00,area_trajectory,grain,,1790634480000.0,,3.22771142561361
2026-09-29T01:58:02+00:00,area_trajectory,grain,,1790634600000.0,,3.22771142561361
2026-09-29T01:58:02+00:00,area_trajectory,grain,,1790634720000.0,,3.24814672834799
2026-09-29T01:58:02+00:00,area_trajectory,grain,,1790634840000.0,,3.24814672834799
2026-09-29T01:58:02+00:00,area_trajectory,grain,,1790634960000.0,,3.26660412580892
2026-09-29T01:58:02+00:00,area_trajectory,grain,,1790635080000.0,,3.26660412580892
2026-09-29T01:58:02+00:00,area_trajectory,grain,,1790635200000.0,,3.26660412580892
2026-09-29T01:58:02+00:00,area_trajectory,grain,,1790635320000.0,,3.26660412580892
2026-09-29T01:58:02+00:00,area_trajectory,grain,,1790635440000.0,,3.21386828596517
2026-09-29T01:58:02+00:00,area_trajectory,grain,,1790635560000.0,,3.21386828596517
2026-09-29T01:58:02+00:00,area_trajectory,grain,,1790635680000.0,,3.1977176511995498
2026-09-29T01:58:02+00:00,area_trajectory,grain,,1790635800000.0,,3.1977176511995498
2026-09-29T01:58:02+00:00,area_trajectory,grain,,1790635920000.0,,3.25572729475424
2026-09-29T01:58:02+00:00,area_trajectory,grain,,1790636040000.0,,3.25572729475424
2026-09-29T01:58:02+00:00,area_trajectory,grain,,1790636160000.0,,3.2379290769808
2026-09-29T01:58:02+00:00,area_trajectory,grain,,1790636280000.0,,3.2379290769808
2026-09-29T01:58:02+00:00,area_trajectory,grain,,1790636400000.0,,3.20266186506674
2026-09-29T01:58:02+00:00,area_trajectory,grain,,1790636520000.0,,3.20266186506674
2026-09-29T01:58:02+00:00,area_trajectory,grain,,1790636640000.0,,3.2969274900667402
2026-09-29T01:58:02+00:00,area_trajectory,grain,,1790636760000.0,,3.2969274900667402
2026-09-29T01:58:02+00:00,area_trajectory,grain,,1790636880000.0,,3.2817656248323597
2026-09-29T01:58:02+00:00,area_trajectory,grain,,1790637000000.0,,3.2817656248323597
2026-09-29T01:58:02+00:00,area_trajectory,grain,,1790637120000.0,,3.2817656248323597
2026-09-29T01:58:02+00:00,area_trajectory,grain,,1790637240000.0,,3.2817656248323597
2026-09-29T01:58:02+00:00,area_trajectory,grain,,1790637360000.0,,3.19244421369955
2026-09-29T01:58:02+00:00,area_trajectory,grain,,1790637480000.0,,3.19244421369955
2026-09-29T01:58:02+00:00,area_trajectory,grain,,1790637600000.0,,3.2303481443636097
2026-09-29T01:58:02+00:00,area_trajectory,grain,,1790637720000.0,,3.2303481443636097
2026-09-29T01:58:02+00:00,area_trajectory,grain,,1790637840000.0,,3.1957401121370497
2026-09-29T01:58:02+00:00,area_trajectory,grain,,1790637960000.0,,3.1957401121370497
2026-09-29T01:58:02+00:00,area_trajectory,grain,,1790638080000.0,,3.25473852522299
2026-09-29T01:58:02+00:00,area_trajectory,grain,,1790638200000.0,,3.25473852522299
2026-09-29T01:58:02+00:00,area_trajectory,grain,,1790638320000.0,,3.25473852522299
2026-09-29T01:58:02+00:00,area_trajectory,grain,,1790638440000.0,,3.23891784651205
2026-09-29T01:58:02+00:00,area_trajectory,grain,,1790638560000.0,,3.25902355940267
2026-09-29T01:58:02+00:00,area_trajectory,grain,,1790638680000.0,,3.25902355940267
2026-09-29T01:58:02+00:00,area_trajectory,grain,,1790638800000.0,,3.25902355940267
2026-09-29T01:58:02+00:00,area_trajectory,grain,,1790638920000.0,,3.2432025144808
2026-09-29T01:58:02+00:00,area_trajectory,grain,,1790639040000.0,,3.22573388655111
2026-09-29T01:58:02+00:00,area_trajectory,grain,,1790639160000.0,,3.22573388655111
2026-09-29T01:58:02+00:00,area_trajectory,grain,,1790639280000.0,,3.22573388655111
2026-09-29T01:58:02+00:00,area_trajectory,grain,,1790639400000.0,,3.24748754866049
2026-09-29T01:58:02+00:00,area_trajectory,grain,,1790639520000.0,,3.24748754866049
2026-09-29T01:58:02+00:00,area_trajectory,grain,,1790639640000.0,,3.24748754866049
2026-09-29T01:58:02+00:00,area_trajectory,grain,,1790639760000.0,,3.24748754866049
2026-09-29T01:58:02+00:00,area_trajectory,grain,,1790639880000.0,,3.30384887678549
2026-09-29T01:58:02+00:00,area_trajectory,grain,,1790640000000.0,,3.23100732405111
2026-09-29T01:58:02+00:00,area_trajectory,grain,,1790640120000.0,,3.23100732405111
2026-09-29T01:58:02+00:00,area_trajectory,grain,,1790640240000.0,,3.23100732405111
2026-09-29T01:58:02+00:00,area_trajectory,grain,,1790640360000.0,,3.21386828596517
2026-09-29T01:58:02+00:00,area_trajectory,grain,,1790640480000.0,,3.27319628889486
2026-09-29T01:58:02+00:00,area_trajectory,grain,,1790640600000.0,,3.27319628889486
2026-09-29T01:58:02+00:00,area_trajectory,grain,,1790640720000.0,,3.27319628889486
2026-09-29T01:58:02+00:00,area_trajectory,grain,,1790640840000.0,,3.27319628889486
2026-09-29T01:58:02+00:00,area_trajectory,grain,,1790640960000.0,,3.23891784651205
2026-09-29T01:58:02+00:00,area_trajectory,grain,,1790641080000.0,,3.23891784651205
2026-09-29T01:58:02+00:00,area_trajectory,grain,,1790641200000.0,,3.23891784651205
2026-09-29T01:58:02+00:00,area_trajectory,grain,,1790641320000.0,,3.27945849592611
2026-09-29T01:58:02+00:00,area_trajectory,grain,,1790641440000.0,,3.30088256819174
2026-09-29T01:58:02+00:00,area_trajectory,grain,,1790641560000.0,,3.30088256819174
2026-09-29T01:58:02+00:00,area_trajectory,grain,,1790641680000.0,,3.30088256819174
2026-09-29T01:58:02+00:00,area_trajectory,grain,,1790641800000.0,,3.20760571272299
2026-09-29T01:58:02+00:00,area_trajectory,grain,,1790641920000.0,,3.2296889646761104
2026-09-29T01:58:02+00:00,area_trajectory,grain,,1790642040000.0,,3.2296889646761104
2026-09-29T01:58:02+00:00,area_trajectory,grain,,1790642160000.0,,3.2296889646761104
2026-09-29T01:58:02+00:00,area_trajectory,grain,,1790642280000.0,,3.2890169676058
2026-09-29T01:58:02+00:00,area_trajectory,grain,,1790642400000.0,,3.1954105222933
2026-09-29T01:58:02+00:00,area_trajectory,grain,,1790642520000.0,,3.1954105222933
2026-09-29T01:58:02+00:00,area_trajectory,grain,,1790642640000.0,,3.1954105222933
2026-09-29T01:58:02+00:00,area_trajectory,grain,,1790642760000.0,,3.2366107176058003
2026-09-29T01:58:02+00:00,area_trajectory,grain,,1790642880000.0,,3.2771513670198598
2026-09-29T01:58:02+00:00,area_trajectory,grain,,1790643000000.0,,3.2771513670198598
2026-09-29T01:58:02+00:00,area_trajectory,grain,,1790643120000.0,,3.2771513670198598
2026-09-29T01:58:02+00:00,area_trajectory,grain,,1790643240000.0,,3.26198986799642
2026-09-29T01:58:02+00:00,area_trajectory,grain,,1790643360000.0,,3.30187133772299
2026-09-29T01:58:02+00:00,area_trajectory,grain,,1790643480000.0,,3.30187133772299
2026-09-29T01:58:02+00:00,area_trajectory,grain,,1790643600000.0,,3.30187133772299
2026-09-29T01:58:02+00:00,area_trajectory,grain,,1790643720000.0,,3.22771142561361
2026-09-29T01:58:02+00:00,area_trajectory,grain,,1790643840000.0,,3.24979467756674
2026-09-29T01:58:02+00:00,area_trajectory,grain,,1790643960000.0,,3.24979467756674
2026-09-29T01:58:02+00:00,area_trajectory,grain,,1790644080000.0,,3.24979467756674
2026-09-29T01:58:02+00:00,area_trajectory,grain,,1790644200000.0,,3.24979467756674
2026-09-29T01:58:02+00:00,area_trajectory,grain,,1790644320000.0,,3.2366107176058003
2026-09-29T01:58:02+00:00,area_trajectory,grain,,1790644440000.0,,3.2366107176058003
2026-09-29T01:58:02+00:00,area_trajectory,grain,,1790644560000.0,,3.2366107176058003
2026-09-29T01:58:02+00:00,area_trajectory,grain,,1790644680000.0,,3.25836437971517
2026-09-29T01:58:02+00:00,area_trajectory,grain,,1790644800000.0,,3.24155456526205
2026-09-29T01:58:02+00:00,area_trajectory,grain,,1790644920000.0,,3.24155456526205
2026-09-29T01:58:02+00:00,area_trajectory,grain,,1790645040000.0,,3.24155456526205
2026-09-29T01:58:02+00:00,area_trajectory,grain,,1790645160000.0,,3.30187133772299
2026-09-29T01:58:02+00:00,area_trajectory,grain,,1790645280000.0,,3.22804101545736
2026-09-29T01:58:02+00:00,area_trajectory,grain,,1790645400000.0,,3.22804101545736
2026-09-29T01:58:02+00:00,area_trajectory,grain,,1790645520000.0,,3.22804101545736
2026-09-29T01:58:02+00:00,area_trajectory,grain,,1790645640000.0,,3.25111303694174
2026-09-29T01:58:02+00:00,area_trajectory,grain,,1790645760000.0,,3.2728666990511104
2026-09-29T01:58:02+00:00,area_trajectory,grain,,1790645880000.0,,3.2728666990511104
2026-09-29T01:58:02+00:00,area_trajectory,grain,,1790646000000.0,,3.2728666990511104
2026-09-29T01:58:02+00:00,area_trajectory,grain,,1790646120000.0,,3.2181529539339198
2026-09-29T01:58:02+00:00,area_trajectory,grain,,1790646240000.0,,3.2392474363558
2026-09-29T01:58:02+00:00,area_trajectory,grain,,1790646360000.0,,3.2392474363558
2026-09-29T01:58:02+00:00,area_trajectory,grain,,1790646480000.0,,3.2392474363558
2026-09-29T01:58:02+00:00,area_trajectory,grain,,1790646600000.0,,3.3190107420198602
2026-09-29T01:58:02+00:00,area_trajectory,grain,,1790646720000.0,,3.22507470686361
2026-09-29T01:58:02+00:00,area_trajectory,grain,,1790646840000.0,,3.22507470686361
2026-09-29T01:58:02+00:00,area_trajectory,grain,,1790646960000.0,,3.22507470686361
2026-09-29T01:58:02+00:00,area_trajectory,grain,,1790647080000.0,,3.2850618894808004
2026-09-29T01:58:02+00:00,area_trajectory,grain,,1790647200000.0,,3.21123156721517
2026-09-29T01:58:02+00:00,area_trajectory,grain,,1790647320000.0,,3.21123156721517
2026-09-29T01:58:02+00:00,area_trajectory,grain,,1790647440000.0,,3.21123156721517
2026-09-29T01:58:02+00:00,area_trajectory,grain,,1790647560000.0,,3.1947513426058
2026-09-29T01:58:02+00:00,area_trajectory,grain,,1790647680000.0,,3.23628112776205
2026-09-29T01:58:02+00:00,area_trajectory,grain,,1790647800000.0,,3.23628112776205
2026-09-29T01:58:02+00:00,area_trajectory,grain,,1790647920000.0,,3.23628112776205
2026-09-29T01:58:02+00:00,area_trajectory,grain,,1790648040000.0,,3.23628112776205
2026-09-29T01:58:02+00:00,area_trajectory,grain,,1790648160000.0,,3.20266186506674
2026-09-29T01:58:02+00:00,area_trajectory,grain,,1790648280000.0,,3.20266186506674
2026-09-29T01:58:02+00:00,area_trajectory,grain,,1790648400000.0,,3.20266186506674
2026-09-29T01:58:02+00:00,area_trajectory,grain,,1790648520000.0,,3.2629786375276697
2026-09-29T01:58:02+00:00,area_trajectory,grain,,1790648640000.0,,3.2629786375276697
2026-09-29T01:58:02+00:00,area_trajectory,grain,,1790648760000.0,,3.2629786375276697
2026-09-29T01:58:02+00:00,area_trajectory,grain,,1790648880000.0,,3.2629786375276697
2026-09-29T01:58:02+00:00,area_trajectory,grain,,1790649000000.0,,3.2629786375276697
2026-09-29T01:58:02+00:00,area_trajectory,grain,,1790649120000.0,,3.23232568342611
2026-09-29T01:58:02+00:00,area_trajectory,grain,,1790649240000.0,,3.23232568342611
2026-09-29T01:58:02+00:00,area_trajectory,grain,,1790649360000.0,,3.23232568342611
2026-09-29T01:58:02+00:00,area_trajectory,grain,,1790649480000.0,,3.23232568342611
2026-09-29T01:58:02+00:00,area_trajectory,grain,,1790649600000.0,,3.23232568342611
2026-09-29T01:58:02+00:00,area_trajectory,grain,,1790649720000.0,,3.23232568342611
2026-09-29T01:58:02+00:00,area_trajectory,grain,,1790649840000.0,,3.23232568342611
2026-09-29T01:58:02+00:00,area_trajectory,grain,,1790649960000.0,,3.18156738264486
2026-09-29T01:58:02+00:00,area_trajectory,milford_haven,,1790571600000.0,,5.129550933837891
2026-09-29T01:58:02+00:00,area_trajectory,milford_haven,,1790571720000.0,,5.129550933837891
2026-09-29T01:58:02+00:00,area_trajectory,milford_haven,,1790571840000.0,,5.095370292663571
2026-09-29T01:58:02+00:00,area_trajectory,milford_haven,,1790571960000.0,,5.095370292663571
2026-09-29T01:58:02+00:00,area_trajectory,milford_haven,,1790572080000.0,,5.095370292663571
2026-09-29T01:58:02+00:00,area_trajectory,milford_haven,,1790572200000.0,,5.095370292663571
2026-09-29T01:58:02+00:00,area_trajectory,milford_haven,,1790572320000.0,,5.095370292663571
2026-09-29T01:58:02+00:00,area_trajectory,milford_haven,,1790572440000.0,,5.095370292663571
2026-09-29T01:58:02+00:00,area_trajectory,milford_haven,,1790572560000.0,,5.0660724639892605
2026-09-29T01:58:02+00:00,area_trajectory,milford_haven,,1790572680000.0,,5.0660724639892605
2026-09-29T01:58:02+00:00,area_trajectory,milford_haven,,1790572800000.0,,5.0660724639892605
2026-09-29T01:58:02+00:00,area_trajectory,milford_haven,,1790572920000.0,,5.0660724639892605
2026-09-29T01:58:02+00:00,area_trajectory,milford_haven,,1790573040000.0,,5.0660724639892605
2026-09-29T01:58:02+00:00,area_trajectory,milford_haven,,1790573160000.0,,5.0660724639892605
2026-09-29T01:58:02+00:00,area_trajectory,milford_haven,,1790573280000.0,,5.0660724639892605
2026-09-29T01:58:02+00:00,area_trajectory,milford_haven,,1790573400000.0,,5.0660724639892605
2026-09-29T01:58:02+00:00,area_trajectory,milford_haven,,1790573520000.0,,5.0660724639892605
2026-09-29T01:58:02+00:00,area_trajectory,milford_haven,,1790573640000.0,,5.00747680664062
2026-09-29T01:58:02+00:00,area_trajectory,milford_haven,,1790573760000.0,,5.00747680664062
2026-09-29T01:58:02+00:00,area_trajectory,milford_haven,,1790573880000.0,,5.00747680664062
2026-09-29T01:58:02+00:00,area_trajectory,milford_haven,,1790574000000.0,,5.00747680664062
2026-09-29T01:58:02+00:00,area_trajectory,milford_haven,,1790574120000.0,,5.00747680664062
2026-09-29T01:58:02+00:00,area_trajectory,milford_haven,,1790574240000.0,,5.00747680664062
2026-09-29T01:58:02+00:00,area_trajectory,milford_haven,,1790574360000.0,,4.95132303237915
2026-09-29T01:58:02+00:00,area_trajectory,milford_haven,,1790574480000.0,,4.95132303237915
2026-09-29T01:58:02+00:00,area_trajectory,milford_haven,,1790574600000.0,,4.95132303237915
2026-09-29T01:58:02+00:00,area_trajectory,milford_haven,,1790574720000.0,,4.91225910186768
2026-09-29T01:58:02+00:00,area_trajectory,milford_haven,,1790574840000.0,,4.91225910186768
2026-09-29T01:58:02+00:00,area_trajectory,milford_haven,,1790574960000.0,,4.90981769561768
2026-09-29T01:58:02+00:00,area_trajectory,milford_haven,,1790575080000.0,,4.90981769561768
2026-09-29T01:58:02+00:00,area_trajectory,milford_haven,,1790575200000.0,,4.90981769561768
2026-09-29T01:58:02+00:00,area_trajectory,milford_haven,,1790575320000.0,,4.90981769561768
2026-09-29T01:58:02+00:00,area_trajectory,milford_haven,,1790575440000.0,,4.9635305404663095
2026-09-29T01:58:02+00:00,area_trajectory,milford_haven,,1790575560000.0,,4.9635305404663095
2026-09-29T01:58:02+00:00,area_trajectory,milford_haven,,1790575680000.0,,4.9635305404663095
2026-09-29T01:58:02+00:00,area_trajectory,milford_haven,,1790575800000.0,,4.9635305404663095
2026-09-29T01:58:02+00:00,area_trajectory,milford_haven,,1790575920000.0,,4.97573757171631
2026-09-29T01:58:02+00:00,area_trajectory,milford_haven,,1790576040000.0,,4.97573757171631
2026-09-29T01:58:02+00:00,area_trajectory,milford_haven,,1790576160000.0,,4.97573757171631
2026-09-29T01:58:02+00:00,area_trajectory,milford_haven,,1790576280000.0,,4.97573757171631
2026-09-29T01:58:02+00:00,area_trajectory,milford_haven,,1790576400000.0,,4.9635305404663095
2026-09-29T01:58:02+00:00,area_trajectory,milford_haven,,1790576520000.0,,4.9635305404663095
2026-09-29T01:58:02+00:00,area_trajectory,milford_haven,,1790576640000.0,,5.00015258789062
2026-09-29T01:58:02+00:00,area_trajectory,milford_haven,,1790576760000.0,,5.00015258789062
2026-09-29T01:58:02+00:00,area_trajectory,milford_haven,,1790576880000.0,,4.9586472511291495
2026-09-29T01:58:02+00:00,area_trajectory,milford_haven,,1790577000000.0,,4.98062086105347
2026-09-29T01:58:02+00:00,area_trajectory,milford_haven,,1790577120000.0,,4.98062086105347
2026-09-29T01:58:02+00:00,area_trajectory,milford_haven,,1790577240000.0,,4.98062086105347
2026-09-29T01:58:02+00:00,area_trajectory,milford_haven,,1790577360000.0,,4.98062086105347
2026-09-29T01:58:02+00:00,area_trajectory,milford_haven,,1790577480000.0,,4.98062086105347
2026-09-29T01:58:02+00:00,area_trajectory,milford_haven,,1790577600000.0,,4.97817945480347
2026-09-29T01:58:02+00:00,area_trajectory,milford_haven,,1790577720000.0,,4.97817945480347
2026-09-29T01:58:02+00:00,area_trajectory,milford_haven,,1790577840000.0,,4.97817945480347
2026-09-29T01:58:02+00:00,area_trajectory,milford_haven,,1790577960000.0,,4.97817945480347
2026-09-29T01:58:02+00:00,area_trajectory,milford_haven,,1790578080000.0,,4.97817945480347
2026-09-29T01:58:02+00:00,area_trajectory,milford_haven,,1790578200000.0,,4.97817945480347
2026-09-29T01:58:02+00:00,area_trajectory,milford_haven,,1790578320000.0,,4.97817945480347
2026-09-29T01:58:02+00:00,area_trajectory,milford_haven,,1790578440000.0,,4.97817945480347
2026-09-29T01:58:02+00:00,area_trajectory,milford_haven,,1790578560000.0,,4.97817945480347
2026-09-29T01:58:02+00:00,area_trajectory,milford_haven,,1790578680000.0,,4.97817945480347
2026-09-29T01:58:02+00:00,area_trajectory,milford_haven,,1790578800000.0,,4.97817945480347
2026-09-29T01:58:02+00:00,area_trajectory,milford_haven,,1790578920000.0,,4.97817945480347
2026-09-29T01:58:02+00:00,area_trajectory,milford_haven,,1790579040000.0,,4.99038648605347
2026-09-29T01:58:02+00:00,area_trajectory,milford_haven,,1790579160000.0,,4.99038648605347
2026-09-29T01:58:02+00:00,area_trajectory,milford_haven,,1790579280000.0,,4.99038648605347
2026-09-29T01:58:02+00:00,area_trajectory,milford_haven,,1790579400000.0,,4.99038648605347
2026-09-29T01:58:02+00:00,area_trajectory,milford_haven,,1790579520000.0,,4.99038648605347
2026-09-29T01:58:02+00:00,area_trajectory,milford_haven,,1790579640000.0,,4.99038648605347
2026-09-29T01:58:02+00:00,area_trajectory,milford_haven,,1790579760000.0,,4.99038648605347
2026-09-29T01:58:02+00:00,area_trajectory,milford_haven,,1790579880000.0,,4.99038648605347
2026-09-29T01:58:02+00:00,area_trajectory,milford_haven,,1790580000000.0,,5.01480150222778
2026-09-29T01:58:02+00:00,area_trajectory,milford_haven,,1790580120000.0,,5.01480150222778
2026-09-29T01:58:02+00:00,area_trajectory,milford_haven,,1790580240000.0,,5.01480150222778
2026-09-29T01:58:02+00:00,area_trajectory,milford_haven,,1790580360000.0,,5.01480150222778
2026-09-29T01:58:02+00:00,area_trajectory,milford_haven,,1790580480000.0,,5.01480150222778
2026-09-29T01:58:02+00:00,area_trajectory,milford_haven,,1790580600000.0,,4.99038648605347
2026-09-29T01:58:02+00:00,area_trajectory,milford_haven,,1790580720000.0,,4.99038648605347
2026-09-29T01:58:02+00:00,area_trajectory,milford_haven,,1790580840000.0,,4.99038648605347
2026-09-29T01:58:02+00:00,area_trajectory,milford_haven,,1790580960000.0,,4.99038648605347
2026-09-29T01:58:02+00:00,area_trajectory,milford_haven,,1790581080000.0,,4.99038648605347
2026-09-29T01:58:02+00:00,area_trajectory,milford_haven,,1790581200000.0,,4.99038648605347
2026-09-29T01:58:02+00:00,area_trajectory,milford_haven,,1790581320000.0,,4.99038648605347
2026-09-29T01:58:02+00:00,area_trajectory,milford_haven,,1790581440000.0,,4.99038648605347
2026-09-29T01:58:02+00:00,area_trajectory,milford_haven,,1790581560000.0,,4.99038648605347
2026-09-29T01:58:02+00:00,area_trajectory,milford_haven,,1790581680000.0,,4.99038648605347
2026-09-29T01:58:02+00:00,area_trajectory,milford_haven,,1790581800000.0,,4.9684133529663095
2026-09-29T01:58:02+00:00,area_trajectory,milford_haven,,1790581920000.0,,4.9684133529663095
2026-09-29T01:58:02+00:00,area_trajectory,milford_haven,,1790582040000.0,,4.9684133529663095
2026-09-29T01:58:02+00:00,area_trajectory,milford_haven,,1790582160000.0,,4.9684133529663095
2026-09-29T01:58:02+00:00,area_trajectory,milford_haven,,1790582280000.0,,4.9684133529663095
2026-09-29T01:58:02+00:00,area_trajectory,milford_haven,,1790582400000.0,,4.9684133529663095
2026-09-29T01:58:02+00:00,area_trajectory,milford_haven,,1790582520000.0,,4.9684133529663095
2026-09-29T01:58:02+00:00,area_trajectory,milford_haven,,1790582640000.0,,5.0294504165649405
2026-09-29T01:58:02+00:00,area_trajectory,milford_haven,,1790582760000.0,,4.98794507980347
2026-09-29T01:58:02+00:00,area_trajectory,milford_haven,,1790582880000.0,,4.98794507980347
2026-09-29T01:58:02+00:00,area_trajectory,milford_haven,,1790583000000.0,,4.98794507980347
2026-09-29T01:58:02+00:00,area_trajectory,milford_haven,,1790583120000.0,,4.98794507980347
2026-09-29T01:58:02+00:00,area_trajectory,milford_haven,,1790583240000.0,,4.99282836914062
2026-09-29T01:58:02+00:00,area_trajectory,milford_haven,,1790583360000.0,,4.99282836914062
2026-09-29T01:58:02+00:00,area_trajectory,milford_haven,,1790583480000.0,,4.99282836914062
2026-09-29T01:58:02+00:00,area_trajectory,milford_haven,,1790583600000.0,,4.99282836914062
2026-09-29T01:58:02+00:00,area_trajectory,milford_haven,,1790583720000.0,,4.99282836914062
2026-09-29T01:58:02+00:00,area_trajectory,milford_haven,,1790583840000.0,,4.99282836914062
2026-09-29T01:58:02+00:00,area_trajectory,milford_haven,,1790583960000.0,,5.0221257209777805
2026-09-29T01:58:02+00:00,area_trajectory,milford_haven,,1790584080000.0,,5.0221257209777805
2026-09-29T01:58:02+00:00,area_trajectory,milford_haven,,1790584200000.0,,5.0221257209777805
2026-09-29T01:58:02+00:00,area_trajectory,milford_haven,,1790584320000.0,,5.0221257209777805
2026-09-29T01:58:02+00:00,area_trajectory,milford_haven,,1790584440000.0,,5.0221257209777805
2026-09-29T01:58:02+00:00,area_trajectory,milford_haven,,1790584560000.0,,5.0221257209777805
2026-09-29T01:58:02+00:00,area_trajectory,milford_haven,,1790584680000.0,,5.0221257209777805
2026-09-29T01:58:02+00:00,area_trajectory,milford_haven,,1790584800000.0,,5.0221257209777805
2026-09-29T01:58:02+00:00,area_trajectory,milford_haven,,1790584920000.0,,5.0221257209777805
2026-09-29T01:58:02+00:00,area_trajectory,milford_haven,,1790585040000.0,,5.0221257209777805
2026-09-29T01:58:02+00:00,area_trajectory,milford_haven,,1790585160000.0,,5.0221257209777805
2026-09-29T01:58:02+00:00,area_trajectory,milford_haven,,1790585280000.0,,5.0221257209777805
2026-09-29T01:58:02+00:00,area_trajectory,milford_haven,,1790585400000.0,,5.0221257209777805
2026-09-29T01:58:02+00:00,area_trajectory,milford_haven,,1790585520000.0,,5.0221257209777805
2026-09-29T01:58:02+00:00,area_trajectory,milford_haven,,1790585640000.0,,5.0221257209777805
2026-09-29T01:58:02+00:00,area_trajectory,milford_haven,,1790585760000.0,,5.0221257209777805
2026-09-29T01:58:02+00:00,area_trajectory,milford_haven,,1790585880000.0,,5.0221257209777805
2026-09-29T01:58:02+00:00,area_trajectory,milford_haven,,1790586000000.0,,5.0221257209777805
2026-09-29T01:58:02+00:00,area_trajectory,milford_haven,,1790586120000.0,,5.0221257209777805
2026-09-29T01:58:02+00:00,area_trajectory,milford_haven,,1790586240000.0,,4.99038648605347
2026-09-29T01:58:02+00:00,area_trajectory,milford_haven,,1790586360000.0,,4.99038648605347
2026-09-29T01:58:02+00:00,area_trajectory,milford_haven,,1790586480000.0,,4.99038648605347
2026-09-29T01:58:02+00:00,area_trajectory,milford_haven,,1790586600000.0,,4.99038648605347
2026-09-29T01:58:02+00:00,area_trajectory,milford_haven,,1790586720000.0,,4.99038648605347
2026-09-29T01:58:02+00:00,area_trajectory,milford_haven,,1790586840000.0,,4.99038648605347
2026-09-29T01:58:02+00:00,area_trajectory,milford_haven,,1790586960000.0,,4.99038648605347
2026-09-29T01:58:02+00:00,area_trajectory,milford_haven,,1790587080000.0,,4.99038648605347
2026-09-29T01:58:02+00:00,area_trajectory,milford_haven,,1790587200000.0,,4.99038648605347
2026-09-29T01:58:02+00:00,area_trajectory,milford_haven,,1790587320000.0,,4.99038648605347
2026-09-29T01:58:02+00:00,area_trajectory,milford_haven,,1790587440000.0,,4.99038648605347
2026-09-29T01:58:02+00:00,area_trajectory,milford_haven,,1790587560000.0,,4.99038648605347
2026-09-29T01:58:02+00:00,area_trajectory,milford_haven,,1790587680000.0,,4.99038648605347
2026-09-29T01:58:02+00:00,area_trajectory,milford_haven,,1790587800000.0,,4.99038648605347
2026-09-29T01:58:02+00:00,area_trajectory,milford_haven,,1790587920000.0,,4.99038648605347
2026-09-29T01:58:02+00:00,area_trajectory,milford_haven,,1790588040000.0,,5.00259399414062
2026-09-29T01:58:02+00:00,area_trajectory,milford_haven,,1790588160000.0,,5.00259399414062
2026-09-29T01:58:02+00:00,area_trajectory,milford_haven,,1790588280000.0,,5.00259399414062
2026-09-29T01:58:02+00:00,area_trajectory,milford_haven,,1790588400000.0,,5.00259399414062
2026-09-29T01:58:02+00:00,area_trajectory,milford_haven,,1790588520000.0,,5.00259399414062
2026-09-29T01:58:02+00:00,area_trajectory,milford_haven,,1790588640000.0,,5.00259399414062
2026-09-29T01:58:02+00:00,area_trajectory,milford_haven,,1790588760000.0,,5.00259399414062
2026-09-29T01:58:02+00:00,area_trajectory,milford_haven,,1790588880000.0,,5.00259399414062
2026-09-29T01:58:02+00:00,area_trajectory,milford_haven,,1790589000000.0,,5.0221257209777805
2026-09-29T01:58:02+00:00,area_trajectory,milford_haven,,1790589120000.0,,5.0221257209777805
2026-09-29T01:58:02+00:00,area_trajectory,milford_haven,,1790589240000.0,,5.0221257209777805
2026-09-29T01:58:02+00:00,area_trajectory,milford_haven,,1790589360000.0,,5.0221257209777805
2026-09-29T01:58:02+00:00,area_trajectory,milford_haven,,1790589480000.0,,5.0221257209777805
2026-09-29T01:58:02+00:00,area_trajectory,milford_haven,,1790589600000.0,,5.0221257209777805
2026-09-29T01:58:02+00:00,area_trajectory,milford_haven,,1790589720000.0,,5.0221257209777805
2026-09-29T01:58:02+00:00,area_trajectory,milford_haven,,1790589840000.0,,5.03189182281494
2026-09-29T01:58:02+00:00,area_trajectory,milford_haven,,1790589960000.0,,5.03189182281494
2026-09-29T01:58:02+00:00,area_trajectory,milford_haven,,1790590080000.0,,5.03189182281494
2026-09-29T01:58:02+00:00,area_trajectory,milford_haven,,1790590200000.0,,5.03189182281494
2026-09-29T01:58:02+00:00,area_trajectory,milford_haven,,1790590320000.0,,5.03189182281494
2026-09-29T01:58:02+00:00,area_trajectory,milford_haven,,1790590440000.0,,5.03189182281494
2026-09-29T01:58:02+00:00,area_trajectory,milford_haven,,1790590560000.0,,5.03189182281494
2026-09-29T01:58:02+00:00,area_trajectory,milford_haven,,1790590680000.0,,5.03189182281494
2026-09-29T01:58:02+00:00,area_trajectory,milford_haven,,1790590800000.0,,5.03189182281494
2026-09-29T01:58:02+00:00,area_trajectory,milford_haven,,1790590920000.0,,5.03189182281494
2026-09-29T01:58:02+00:00,area_trajectory,milford_haven,,1790591040000.0,,5.03189182281494
2026-09-29T01:58:02+00:00,area_trajectory,milford_haven,,1790591160000.0,,5.03189182281494
2026-09-29T01:58:02+00:00,area_trajectory,milford_haven,,1790591280000.0,,5.03189182281494
2026-09-29T01:58:02+00:00,area_trajectory,milford_haven,,1790591400000.0,,5.03189182281494
2026-09-29T01:58:02+00:00,area_trajectory,milford_haven,,1790591520000.0,,5.03189182281494
2026-09-29T01:58:02+00:00,area_trajectory,milford_haven,,1790591640000.0,,5.03189182281494
2026-09-29T01:58:02+00:00,area_trajectory,milford_haven,,1790591760000.0,,5.03189182281494
2026-09-29T01:58:02+00:00,area_trajectory,milford_haven,,1790591880000.0,,5.03189182281494
2026-09-29T01:58:02+00:00,area_trajectory,milford_haven,,1790592000000.0,,5.03189182281494
2026-09-29T01:58:02+00:00,area_trajectory,milford_haven,,1790592120000.0,,5.03189182281494
2026-09-29T01:58:02+00:00,area_trajectory,milford_haven,,1790592240000.0,,5.03189182281494
2026-09-29T01:58:02+00:00,area_trajectory,milford_haven,,1790592360000.0,,5.03189182281494
2026-09-29T01:58:02+00:00,area_trajectory,milford_haven,,1790592480000.0,,5.03189182281494
2026-09-29T01:58:02+00:00,area_trajectory,milford_haven,,1790592600000.0,,5.03189182281494
2026-09-29T01:58:02+00:00,area_trajectory,milford_haven,,1790592720000.0,,5.03189182281494
2026-09-29T01:58:02+00:00,area_trajectory,milford_haven,,1790592840000.0,,5.03189182281494
2026-09-29T01:58:02+00:00,area_trajectory,milford_haven,,1790592960000.0,,5.03189182281494
2026-09-29T01:58:02+00:00,area_trajectory,milford_haven,,1790593080000.0,,5.03189182281494
2026-09-29T01:58:02+00:00,area_trajectory,milford_haven,,1790593200000.0,,5.03189182281494
2026-09-29T01:58:02+00:00,area_trajectory,milford_haven,,1790593320000.0,,5.03189182281494
2026-09-29T01:58:02+00:00,area_trajectory,milford_haven,,1790593440000.0,,5.01480150222778
2026-09-29T01:58:02+00:00,area_trajectory,milford_haven,,1790593560000.0,,5.01480150222778
2026-09-29T01:58:02+00:00,area_trajectory,milford_haven,,1790593680000.0,,5.01480150222778
2026-09-29T01:58:02+00:00,area_trajectory,milford_haven,,1790593800000.0,,5.01480150222778
2026-09-29T01:58:02+00:00,area_trajectory,milford_haven,,1790593920000.0,,5.01480150222778
2026-09-29T01:58:02+00:00,area_trajectory,milford_haven,,1790594040000.0,,5.01480150222778
2026-09-29T01:58:02+00:00,area_trajectory,milford_haven,,1790594160000.0,,5.01480150222778
2026-09-29T01:58:02+00:00,area_trajectory,milford_haven,,1790594280000.0,,5.01480150222778
2026-09-29T01:58:02+00:00,area_trajectory,milford_haven,,1790594400000.0,,5.0563068389892605
2026-09-29T01:58:02+00:00,area_trajectory,milford_haven,,1790594520000.0,,5.0563068389892605
2026-09-29T01:58:02+00:00,area_trajectory,milford_haven,,1790594640000.0,,5.0563068389892605
2026-09-29T01:58:02+00:00,area_trajectory,milford_haven,,1790594760000.0,,5.0563068389892605
2026-09-29T01:58:02+00:00,area_trajectory,milford_haven,,1790594880000.0,,5.0563068389892605
2026-09-29T01:58:02+00:00,area_trajectory,milford_haven,,1790595000000.0,,5.0563068389892605
2026-09-29T01:58:02+00:00,area_trajectory,milford_haven,,1790595120000.0,,5.0563068389892605
2026-09-29T01:58:02+00:00,area_trajectory,milford_haven,,1790595240000.0,,5.0563068389892605
2026-09-29T01:58:02+00:00,area_trajectory,milford_haven,,1790595360000.0,,5.0563068389892605
2026-09-29T01:58:02+00:00,area_trajectory,milford_haven,,1790595480000.0,,5.0245676040649405
2026-09-29T01:58:02+00:00,area_trajectory,milford_haven,,1790595600000.0,,5.0245676040649405
2026-09-29T01:58:02+00:00,area_trajectory,milford_haven,,1790595720000.0,,5.0245676040649405
2026-09-29T01:58:02+00:00,area_trajectory,milford_haven,,1790595840000.0,,5.0245676040649405
2026-09-29T01:58:02+00:00,area_trajectory,milford_haven,,1790595960000.0,,5.0245676040649405
2026-09-29T01:58:02+00:00,area_trajectory,milford_haven,,1790596080000.0,,5.0245676040649405
2026-09-29T01:58:02+00:00,area_trajectory,milford_haven,,1790596200000.0,,5.0245676040649405
2026-09-29T01:58:02+00:00,area_trajectory,milford_haven,,1790596320000.0,,5.0245676040649405
2026-09-29T01:58:02+00:00,area_trajectory,milford_haven,,1790596440000.0,,5.0245676040649405
2026-09-29T01:58:02+00:00,area_trajectory,milford_haven,,1790596560000.0,,5.0245676040649405
2026-09-29T01:58:02+00:00,area_trajectory,milford_haven,,1790596680000.0,,5.0245676040649405
2026-09-29T01:58:02+00:00,area_trajectory,milford_haven,,1790596800000.0,,5.0245676040649405
2026-09-29T01:58:02+00:00,area_trajectory,milford_haven,,1790596920000.0,,5.0245676040649405
2026-09-29T01:58:02+00:00,area_trajectory,milford_haven,,1790597040000.0,,5.03921604156494
2026-09-29T01:58:02+00:00,area_trajectory,milford_haven,,1790597160000.0,,5.03921604156494
2026-09-29T01:58:02+00:00,area_trajectory,milford_haven,,1790597280000.0,,5.03921604156494
2026-09-29T01:58:02+00:00,area_trajectory,milford_haven,,1790597400000.0,,5.03921604156494
2026-09-29T01:58:02+00:00,area_trajectory,milford_haven,,1790597520000.0,,5.03921604156494
2026-09-29T01:58:02+00:00,area_trajectory,milford_haven,,1790597640000.0,,5.03921604156494
2026-09-29T01:58:02+00:00,area_trajectory,milford_haven,,1790597760000.0,,5.03921604156494
2026-09-29T01:58:02+00:00,area_trajectory,milford_haven,,1790597880000.0,,5.03921604156494
2026-09-29T01:58:02+00:00,area_trajectory,milford_haven,,1790598000000.0,,5.03921604156494
2026-09-29T01:58:02+00:00,area_trajectory,milford_haven,,1790598120000.0,,5.03921604156494
2026-09-29T01:58:02+00:00,area_trajectory,milford_haven,,1790598240000.0,,5.03921604156494
2026-09-29T01:58:02+00:00,area_trajectory,milford_haven,,1790598360000.0,,5.03921604156494
2026-09-29T01:58:02+00:00,area_trajectory,milford_haven,,1790598480000.0,,5.03921604156494
2026-09-29T01:58:02+00:00,area_trajectory,milford_haven,,1790598600000.0,,5.03921604156494
2026-09-29T01:58:02+00:00,area_trajectory,milford_haven,,1790598720000.0,,5.03921604156494
2026-09-29T01:58:02+00:00,area_trajectory,milford_haven,,1790598840000.0,,5.03921604156494
2026-09-29T01:58:02+00:00,area_trajectory,milford_haven,,1790598960000.0,,5.03921604156494
2026-09-29T01:58:02+00:00,area_trajectory,milford_haven,,1790599080000.0,,5.03921604156494
2026-09-29T01:58:02+00:00,area_trajectory,milford_haven,,1790599200000.0,,5.03921604156494
2026-09-29T01:58:02+00:00,area_trajectory,milford_haven,,1790599320000.0,,5.03921604156494
2026-09-29T01:58:02+00:00,area_trajectory,milford_haven,,1790599440000.0,,5.03921604156494
2026-09-29T01:58:02+00:00,area_trajectory,milford_haven,,1790599560000.0,,5.03921604156494
2026-09-29T01:58:02+00:00,area_trajectory,milford_haven,,1790599680000.0,,5.03921604156494
2026-09-29T01:58:02+00:00,area_trajectory,milford_haven,,1790599800000.0,,5.03921604156494
2026-09-29T01:58:02+00:00,area_trajectory,milford_haven,,1790599920000.0,,5.03921604156494
2026-09-29T01:58:02+00:00,area_trajectory,milford_haven,,1790600040000.0,,5.03921604156494
2026-09-29T01:58:02+00:00,area_trajectory,milford_haven,,1790600160000.0,,5.03921604156494
2026-09-29T01:58:02+00:00,area_trajectory,milford_haven,,1790600280000.0,,5.03921604156494
2026-09-29T01:58:02+00:00,area_trajectory,milford_haven,,1790600400000.0,,5.03921604156494
2026-09-29T01:58:02+00:00,area_trajectory,milford_haven,,1790600520000.0,,5.03921604156494
2026-09-29T01:58:02+00:00,area_trajectory,milford_haven,,1790600640000.0,,5.0221257209777805
2026-09-29T01:58:02+00:00,area_trajectory,milford_haven,,1790600760000.0,,5.0221257209777805
2026-09-29T01:58:02+00:00,area_trajectory,milford_haven,,1790600880000.0,,5.0221257209777805
2026-09-29T01:58:02+00:00,area_trajectory,milford_haven,,1790601000000.0,,5.0221257209777805
2026-09-29T01:58:02+00:00,area_trajectory,milford_haven,,1790601120000.0,,5.0221257209777805
2026-09-29T01:58:02+00:00,area_trajectory,milford_haven,,1790601240000.0,,5.0221257209777805
2026-09-29T01:58:02+00:00,area_trajectory,milford_haven,,1790601360000.0,,5.0221257209777805
2026-09-29T01:58:02+00:00,area_trajectory,milford_haven,,1790601480000.0,,5.0221257209777805
2026-09-29T01:58:02+00:00,area_trajectory,milford_haven,,1790601600000.0,,4.93911552429199
2026-09-29T01:58:02+00:00,area_trajectory,milford_haven,,1790601720000.0,,4.93911552429199
2026-09-29T01:58:02+00:00,area_trajectory,milford_haven,,1790601840000.0,,5.03921604156494
2026-09-29T01:58:02+00:00,area_trajectory,milford_haven,,1790601960000.0,,5.03921604156494
2026-09-29T01:58:02+00:00,area_trajectory,milford_haven,,1790602080000.0,,5.03921604156494
2026-09-29T01:58:02+00:00,area_trajectory,milford_haven,,1790602200000.0,,5.03921604156494
2026-09-29T01:58:02+00:00,area_trajectory,milford_haven,,1790602320000.0,,5.03921604156494
2026-09-29T01:58:02+00:00,area_trajectory,milford_haven,,1790602440000.0,,5.03921604156494
2026-09-29T01:58:02+00:00,area_trajectory,milford_haven,,1790602560000.0,,5.03921604156494
2026-09-29T01:58:02+00:00,area_trajectory,milford_haven,,1790602680000.0,,5.03921604156494
2026-09-29T01:58:02+00:00,area_trajectory,milford_haven,,1790602800000.0,,5.03921604156494
2026-09-29T01:58:02+00:00,area_trajectory,milford_haven,,1790602920000.0,,5.03921604156494
2026-09-29T01:58:02+00:00,area_trajectory,milford_haven,,1790603040000.0,,5.03921604156494
2026-09-29T01:58:02+00:00,area_trajectory,milford_haven,,1790603160000.0,,5.03921604156494
2026-09-29T01:58:02+00:00,area_trajectory,milford_haven,,1790603280000.0,,5.03921604156494
2026-09-29T01:58:02+00:00,area_trajectory,milford_haven,,1790603400000.0,,5.03921604156494
2026-09-29T01:58:02+00:00,area_trajectory,milford_haven,,1790603520000.0,,5.03921604156494
2026-09-29T01:58:02+00:00,area_trajectory,milford_haven,,1790603640000.0,,5.03921604156494
2026-09-29T01:58:02+00:00,area_trajectory,milford_haven,,1790603760000.0,,5.03921604156494
2026-09-29T01:58:02+00:00,area_trajectory,milford_haven,,1790603880000.0,,4.99526977539062
2026-09-29T01:58:02+00:00,area_trajectory,milford_haven,,1790604000000.0,,4.99526977539062
2026-09-29T01:58:02+00:00,area_trajectory,milford_haven,,1790604120000.0,,4.99526977539062
2026-09-29T01:58:02+00:00,area_trajectory,milford_haven,,1790604240000.0,,5.00747680664062
2026-09-29T01:58:02+00:00,area_trajectory,milford_haven,,1790604360000.0,,5.00747680664062
2026-09-29T01:58:02+00:00,area_trajectory,milford_haven,,1790604480000.0,,5.00747680664062
2026-09-29T01:58:02+00:00,area_trajectory,milford_haven,,1790604600000.0,,5.00747680664062
2026-09-29T01:58:02+00:00,area_trajectory,milford_haven,,1790604720000.0,,5.00747680664062
2026-09-29T01:58:02+00:00,area_trajectory,milford_haven,,1790604840000.0,,5.00747680664062
2026-09-29T01:58:02+00:00,area_trajectory,milford_haven,,1790604960000.0,,5.00747680664062
2026-09-29T01:58:02+00:00,area_trajectory,milford_haven,,1790605080000.0,,5.00747680664062
2026-09-29T01:58:02+00:00,area_trajectory,milford_haven,,1790605200000.0,,5.00747680664062
2026-09-29T01:58:02+00:00,area_trajectory,milford_haven,,1790605320000.0,,5.00747680664062
2026-09-29T01:58:02+00:00,area_trajectory,milford_haven,,1790605440000.0,,5.00747680664062
2026-09-29T01:58:02+00:00,area_trajectory,milford_haven,,1790605560000.0,,5.00747680664062
2026-09-29T01:58:02+00:00,area_trajectory,milford_haven,,1790605680000.0,,5.00747680664062
2026-09-29T01:58:02+00:00,area_trajectory,milford_haven,,1790605800000.0,,5.00747680664062
2026-09-29T01:58:02+00:00,area_trajectory,milford_haven,,1790605920000.0,,5.00747680664062
2026-09-29T01:58:02+00:00,area_trajectory,milford_haven,,1790606040000.0,,5.00747680664062
2026-09-29T01:58:02+00:00,area_trajectory,milford_haven,,1790606160000.0,,5.00747680664062
2026-09-29T01:58:02+00:00,area_trajectory,milford_haven,,1790606280000.0,,5.00747680664062
2026-09-29T01:58:02+00:00,area_trajectory,milford_haven,,1790606400000.0,,5.00747680664062
2026-09-29T01:58:02+00:00,area_trajectory,milford_haven,,1790606520000.0,,5.00747680664062
2026-09-29T01:58:02+00:00,area_trajectory,milford_haven,,1790606640000.0,,5.00747680664062
2026-09-29T01:58:02+00:00,area_trajectory,milford_haven,,1790606760000.0,,5.00747680664062
2026-09-29T01:58:02+00:00,area_trajectory,milford_haven,,1790606880000.0,,5.00747680664062
2026-09-29T01:58:02+00:00,area_trajectory,milford_haven,,1790607000000.0,,5.00747680664062
2026-09-29T01:58:02+00:00,area_trajectory,milford_haven,,1790607120000.0,,5.00747680664062
2026-09-29T01:58:02+00:00,area_trajectory,milford_haven,,1790607240000.0,,5.00747680664062
2026-09-29T01:58:02+00:00,area_trajectory,milford_haven,,1790607360000.0,,5.00747680664062
2026-09-29T01:58:02+00:00,area_trajectory,milford_haven,,1790607480000.0,,5.00747680664062
2026-09-29T01:58:02+00:00,area_trajectory,milford_haven,,1790607600000.0,,5.00747680664062
2026-09-29T01:58:02+00:00,area_trajectory,milford_haven,,1790607720000.0,,5.00747680664062
2026-09-29T01:58:02+00:00,area_trajectory,milford_haven,,1790607840000.0,,5.03921604156494
2026-09-29T01:58:02+00:00,area_trajectory,milford_haven,,1790607960000.0,,5.03921604156494
2026-09-29T01:58:02+00:00,area_trajectory,milford_haven,,1790608080000.0,,5.03921604156494
2026-09-29T01:58:02+00:00,area_trajectory,milford_haven,,1790608200000.0,,5.03921604156494
2026-09-29T01:58:02+00:00,area_trajectory,milford_haven,,1790608320000.0,,5.03921604156494
2026-09-29T01:58:02+00:00,area_trajectory,milford_haven,,1790608440000.0,,5.03921604156494
2026-09-29T01:58:02+00:00,area_trajectory,milford_haven,,1790608560000.0,,5.03921604156494
2026-09-29T01:58:02+00:00,area_trajectory,milford_haven,,1790608680000.0,,5.03921604156494
2026-09-29T01:58:02+00:00,area_trajectory,milford_haven,,1790608800000.0,,5.03921604156494
2026-09-29T01:58:02+00:00,area_trajectory,milford_haven,,1790608920000.0,,5.03921604156494
2026-09-29T01:58:02+00:00,area_trajectory,milford_haven,,1790609040000.0,,5.03921604156494
2026-09-29T01:58:02+00:00,area_trajectory,milford_haven,,1790609160000.0,,5.03921604156494
2026-09-29T01:58:02+00:00,area_trajectory,milford_haven,,1790609280000.0,,5.03921604156494
2026-09-29T01:58:02+00:00,area_trajectory,milford_haven,,1790609400000.0,,5.03921604156494
2026-09-29T01:58:02+00:00,area_trajectory,milford_haven,,1790609520000.0,,5.03921604156494
2026-09-29T01:58:02+00:00,area_trajectory,milford_haven,,1790609640000.0,,5.03921604156494
2026-09-29T01:58:02+00:00,area_trajectory,milford_haven,,1790609760000.0,,5.03921604156494
2026-09-29T01:58:02+00:00,area_trajectory,milford_haven,,1790609880000.0,,5.03921604156494
2026-09-29T01:58:02+00:00,area_trajectory,milford_haven,,1790610000000.0,,5.03921604156494
2026-09-29T01:58:02+00:00,area_trajectory,milford_haven,,1790610120000.0,,5.03921604156494
2026-09-29T01:58:02+00:00,area_trajectory,milford_haven,,1790610240000.0,,5.03921604156494
2026-09-29T01:58:02+00:00,area_trajectory,milford_haven,,1790610360000.0,,5.03921604156494
2026-09-29T01:58:02+00:00,area_trajectory,milford_haven,,1790610480000.0,,4.95132303237915
2026-09-29T01:58:02+00:00,area_trajectory,milford_haven,,1790610600000.0,,5.03677463531494
2026-09-29T01:58:02+00:00,area_trajectory,milford_haven,,1790610720000.0,,5.03677463531494
2026-09-29T01:58:02+00:00,area_trajectory,milford_haven,,1790610840000.0,,5.03677463531494
2026-09-29T01:58:02+00:00,area_trajectory,milford_haven,,1790610960000.0,,5.03677463531494
2026-09-29T01:58:02+00:00,area_trajectory,milford_haven,,1790611080000.0,,5.03677463531494
2026-09-29T01:58:02+00:00,area_trajectory,milford_haven,,1790611200000.0,,4.9684133529663095
2026-09-29T01:58:02+00:00,area_trajectory,milford_haven,,1790611320000.0,,4.9684133529663095
2026-09-29T01:58:02+00:00,area_trajectory,milford_haven,,1790611440000.0,,5.00503540039062
2026-09-29T01:58:02+00:00,area_trajectory,milford_haven,,1790611560000.0,,5.00503540039062
2026-09-29T01:58:02+00:00,area_trajectory,milford_haven,,1790611680000.0,,5.00503540039062
2026-09-29T01:58:02+00:00,area_trajectory,milford_haven,,1790611800000.0,,5.00503540039062
2026-09-29T01:58:02+00:00,area_trajectory,milford_haven,,1790611920000.0,,5.00503540039062
2026-09-29T01:58:02+00:00,area_trajectory,milford_haven,,1790612040000.0,,5.00503540039062
2026-09-29T01:58:02+00:00,area_trajectory,milford_haven,,1790612160000.0,,5.00503540039062
2026-09-29T01:58:02+00:00,area_trajectory,milford_haven,,1790612280000.0,,5.00503540039062
2026-09-29T01:58:02+00:00,area_trajectory,milford_haven,,1790612400000.0,,5.00503540039062
2026-09-29T01:58:02+00:00,area_trajectory,milford_haven,,1790612520000.0,,5.00503540039062
2026-09-29T01:58:02+00:00,area_trajectory,milford_haven,,1790612640000.0,,5.00503540039062
2026-09-29T01:58:02+00:00,area_trajectory,milford_haven,,1790612760000.0,,5.00503540039062
2026-09-29T01:58:02+00:00,area_trajectory,milford_haven,,1790612880000.0,,5.00503540039062
2026-09-29T01:58:02+00:00,area_trajectory,milford_haven,,1790613000000.0,,5.00503540039062
2026-09-29T01:58:02+00:00,area_trajectory,milford_haven,,1790613120000.0,,5.00503540039062
2026-09-29T01:58:02+00:00,area_trajectory,milford_haven,,1790613240000.0,,5.00747680664062
2026-09-29T01:58:02+00:00,area_trajectory,milford_haven,,1790613360000.0,,5.00747680664062
2026-09-29T01:58:02+00:00,area_trajectory,milford_haven,,1790613480000.0,,5.00747680664062
2026-09-29T01:58:02+00:00,area_trajectory,milford_haven,,1790613600000.0,,5.00747680664062
2026-09-29T01:58:02+00:00,area_trajectory,milford_haven,,1790613720000.0,,5.00747680664062
2026-09-29T01:58:02+00:00,area_trajectory,milford_haven,,1790613840000.0,,5.00747680664062
2026-09-29T01:58:02+00:00,area_trajectory,milford_haven,,1790613960000.0,,5.00747680664062
2026-09-29T01:58:02+00:00,area_trajectory,milford_haven,,1790614080000.0,,5.00747680664062
2026-09-29T01:58:02+00:00,area_trajectory,milford_haven,,1790614200000.0,,5.00747680664062
2026-09-29T01:58:02+00:00,area_trajectory,milford_haven,,1790614320000.0,,5.00747680664062
2026-09-29T01:58:02+00:00,area_trajectory,milford_haven,,1790614440000.0,,5.00747680664062
2026-09-29T01:58:02+00:00,area_trajectory,milford_haven,,1790614560000.0,,5.00747680664062
2026-09-29T01:58:02+00:00,area_trajectory,milford_haven,,1790614680000.0,,5.00747680664062
2026-09-29T01:58:02+00:00,area_trajectory,milford_haven,,1790614800000.0,,5.00747680664062
2026-09-29T01:58:02+00:00,area_trajectory,milford_haven,,1790614920000.0,,5.00747680664062
2026-09-29T01:58:02+00:00,area_trajectory,milford_haven,,1790615040000.0,,5.0294504165649405
2026-09-29T01:58:02+00:00,area_trajectory,milford_haven,,1790615160000.0,,5.0172429084777805
2026-09-29T01:58:02+00:00,area_trajectory,milford_haven,,1790615280000.0,,5.0172429084777805
2026-09-29T01:58:02+00:00,area_trajectory,milford_haven,,1790615400000.0,,5.0172429084777805
2026-09-29T01:58:02+00:00,area_trajectory,milford_haven,,1790615520000.0,,5.0172429084777805
2026-09-29T01:58:02+00:00,area_trajectory,milford_haven,,1790615640000.0,,5.0172429084777805
2026-09-29T01:58:02+00:00,area_trajectory,milford_haven,,1790615760000.0,,5.0172429084777805
2026-09-29T01:58:02+00:00,area_trajectory,milford_haven,,1790615880000.0,,5.00259399414062
2026-09-29T01:58:02+00:00,area_trajectory,milford_haven,,1790616000000.0,,5.00259399414062
2026-09-29T01:58:02+00:00,area_trajectory,milford_haven,,1790616120000.0,,5.0270090103149405
2026-09-29T01:58:02+00:00,area_trajectory,milford_haven,,1790616240000.0,,5.0270090103149405
2026-09-29T01:58:02+00:00,area_trajectory,milford_haven,,1790616360000.0,,5.0270090103149405
2026-09-29T01:58:02+00:00,area_trajectory,milford_haven,,1790616480000.0,,5.0270090103149405
2026-09-29T01:58:02+00:00,area_trajectory,milford_haven,,1790616600000.0,,5.0270090103149405
2026-09-29T01:58:02+00:00,area_trajectory,milford_haven,,1790616720000.0,,5.0270090103149405
2026-09-29T01:58:02+00:00,area_trajectory,milford_haven,,1790616840000.0,,5.0270090103149405
2026-09-29T01:58:02+00:00,area_trajectory,milford_haven,,1790616960000.0,,5.0270090103149405
2026-09-29T01:58:02+00:00,area_trajectory,milford_haven,,1790617080000.0,,5.0270090103149405
2026-09-29T01:58:02+00:00,area_trajectory,milford_haven,,1790617200000.0,,5.0270090103149405
2026-09-29T01:58:02+00:00,area_trajectory,milford_haven,,1790617320000.0,,5.0270090103149405
2026-09-29T01:58:02+00:00,area_trajectory,milford_haven,,1790617440000.0,,5.0270090103149405
2026-09-29T01:58:02+00:00,area_trajectory,milford_haven,,1790617560000.0,,5.0270090103149405
2026-09-29T01:58:02+00:00,area_trajectory,milford_haven,,1790617680000.0,,5.0270090103149405
2026-09-29T01:58:02+00:00,area_trajectory,milford_haven,,1790617800000.0,,5.0270090103149405
2026-09-29T01:58:02+00:00,area_trajectory,milford_haven,,1790617920000.0,,5.0270090103149405
2026-09-29T01:58:02+00:00,area_trajectory,milford_haven,,1790618040000.0,,5.0270090103149405
2026-09-29T01:58:02+00:00,area_trajectory,milford_haven,,1790618160000.0,,5.0270090103149405
2026-09-29T01:58:02+00:00,area_trajectory,milford_haven,,1790618280000.0,,5.0270090103149405
2026-09-29T01:58:02+00:00,area_trajectory,milford_haven,,1790618400000.0,,5.0270090103149405
2026-09-29T01:58:02+00:00,area_trajectory,milford_haven,,1790618520000.0,,5.0270090103149405
2026-09-29T01:58:02+00:00,area_trajectory,milford_haven,,1790618640000.0,,5.0270090103149405
2026-09-29T01:58:02+00:00,area_trajectory,milford_haven,,1790618760000.0,,5.0270090103149405
2026-09-29T01:58:02+00:00,area_trajectory,milford_haven,,1790618880000.0,,5.00991868972778
2026-09-29T01:58:02+00:00,area_trajectory,milford_haven,,1790619000000.0,,5.00991868972778
2026-09-29T01:58:02+00:00,area_trajectory,milford_haven,,1790619120000.0,,5.00991868972778
2026-09-29T01:58:02+00:00,area_trajectory,milford_haven,,1790619240000.0,,5.00991868972778
2026-09-29T01:58:02+00:00,area_trajectory,milford_haven,,1790619360000.0,,5.00991868972778
2026-09-29T01:58:02+00:00,area_trajectory,milford_haven,,1790619480000.0,,5.00991868972778
2026-09-29T01:58:02+00:00,area_trajectory,milford_haven,,1790619600000.0,,5.00991868972778
2026-09-29T01:58:02+00:00,area_trajectory,milford_haven,,1790619720000.0,,5.00991868972778
2026-09-29T01:58:02+00:00,area_trajectory,milford_haven,,1790619840000.0,,5.00991868972778
2026-09-29T01:58:02+00:00,area_trajectory,milford_haven,,1790619960000.0,,5.00991868972778
2026-09-29T01:58:02+00:00,area_trajectory,milford_haven,,1790620080000.0,,5.00991868972778
2026-09-29T01:58:02+00:00,area_trajectory,milford_haven,,1790620200000.0,,5.00991868972778
2026-09-29T01:58:02+00:00,area_trajectory,milford_haven,,1790620320000.0,,5.00991868972778
2026-09-29T01:58:02+00:00,area_trajectory,milford_haven,,1790620440000.0,,5.00991868972778
2026-09-29T01:58:02+00:00,area_trajectory,milford_haven,,1790620560000.0,,5.00991868972778
2026-09-29T01:58:02+00:00,area_trajectory,milford_haven,,1790620680000.0,,5.00991868972778
2026-09-29T01:58:02+00:00,area_trajectory,milford_haven,,1790620800000.0,,5.00991868972778
2026-09-29T01:58:02+00:00,area_trajectory,milford_haven,,1790620920000.0,,5.00991868972778
2026-09-29T01:58:02+00:00,area_trajectory,milford_haven,,1790621040000.0,,5.00991868972778
2026-09-29T01:58:02+00:00,area_trajectory,milford_haven,,1790621160000.0,,5.00991868972778
2026-09-29T01:58:02+00:00,area_trajectory,milford_haven,,1790621280000.0,,5.00991868972778
2026-09-29T01:58:02+00:00,area_trajectory,milford_haven,,1790621400000.0,,5.00991868972778
2026-09-29T01:58:02+00:00,area_trajectory,milford_haven,,1790621520000.0,,5.00991868972778
2026-09-29T01:58:02+00:00,area_trajectory,milford_haven,,1790621640000.0,,5.00991868972778
2026-09-29T01:58:02+00:00,area_trajectory,milford_haven,,1790621760000.0,,5.00991868972778
2026-09-29T01:58:02+00:00,area_trajectory,milford_haven,,1790621880000.0,,4.9244666099548295
2026-09-29T01:58:02+00:00,area_trajectory,milford_haven,,1790622000000.0,,4.9244666099548295
2026-09-29T01:58:02+00:00,area_trajectory,milford_haven,,1790622120000.0,,4.9244666099548295
2026-09-29T01:58:02+00:00,area_trajectory,milford_haven,,1790622240000.0,,4.99038648605347
2026-09-29T01:58:02+00:00,area_trajectory,milford_haven,,1790622360000.0,,4.99038648605347
2026-09-29T01:58:02+00:00,area_trajectory,milford_haven,,1790622480000.0,,4.99038648605347
2026-09-29T01:58:02+00:00,area_trajectory,milford_haven,,1790622600000.0,,4.99038648605347
2026-09-29T01:58:02+00:00,area_trajectory,milford_haven,,1790622720000.0,,4.99038648605347
2026-09-29T01:58:02+00:00,area_trajectory,milford_haven,,1790622840000.0,,4.99038648605347
2026-09-29T01:58:02+00:00,area_trajectory,milford_haven,,1790622960000.0,,4.99038648605347
2026-09-29T01:58:02+00:00,area_trajectory,milford_haven,,1790623080000.0,,4.99038648605347
2026-09-29T01:58:02+00:00,area_trajectory,milford_haven,,1790623200000.0,,4.99038648605347
2026-09-29T01:58:02+00:00,area_trajectory,milford_haven,,1790623320000.0,,4.99038648605347
2026-09-29T01:58:02+00:00,area_trajectory,milford_haven,,1790623440000.0,,4.99038648605347
2026-09-29T01:58:02+00:00,area_trajectory,milford_haven,,1790623560000.0,,4.99038648605347
2026-09-29T01:58:02+00:00,area_trajectory,milford_haven,,1790623680000.0,,4.99038648605347
2026-09-29T01:58:02+00:00,area_trajectory,milford_haven,,1790623800000.0,,4.99038648605347
2026-09-29T01:58:02+00:00,area_trajectory,milford_haven,,1790623920000.0,,4.99038648605347
2026-09-29T01:58:02+00:00,area_trajectory,milford_haven,,1790624040000.0,,4.99038648605347
2026-09-29T01:58:02+00:00,area_trajectory,milford_haven,,1790624160000.0,,4.99038648605347
2026-09-29T01:58:02+00:00,area_trajectory,milford_haven,,1790624280000.0,,4.99038648605347
2026-09-29T01:58:02+00:00,area_trajectory,milford_haven,,1790624400000.0,,4.99038648605347
2026-09-29T01:58:02+00:00,area_trajectory,milford_haven,,1790624520000.0,,4.99038648605347
2026-09-29T01:58:02+00:00,area_trajectory,milford_haven,,1790624640000.0,,4.99038648605347
2026-09-29T01:58:02+00:00,area_trajectory,milford_haven,,1790624760000.0,,4.99038648605347
2026-09-29T01:58:02+00:00,area_trajectory,milford_haven,,1790624880000.0,,4.99038648605347
2026-09-29T01:58:02+00:00,area_trajectory,milford_haven,,1790625000000.0,,4.99038648605347
2026-09-29T01:58:02+00:00,area_trajectory,milford_haven,,1790625120000.0,,4.99038648605347
2026-09-29T01:58:02+00:00,area_trajectory,milford_haven,,1790625240000.0,,4.99038648605347
2026-09-29T01:58:02+00:00,area_trajectory,milford_haven,,1790625360000.0,,4.99038648605347
2026-09-29T01:58:02+00:00,area_trajectory,milford_haven,,1790625480000.0,,5.00503540039062
2026-09-29T01:58:02+00:00,area_trajectory,milford_haven,,1790625600000.0,,5.00503540039062
2026-09-29T01:58:02+00:00,area_trajectory,milford_haven,,1790625720000.0,,5.00503540039062
2026-09-29T01:58:02+00:00,area_trajectory,milford_haven,,1790625840000.0,,4.99282836914062
2026-09-29T01:58:02+00:00,area_trajectory,milford_haven,,1790625960000.0,,4.99282836914062
2026-09-29T01:58:02+00:00,area_trajectory,milford_haven,,1790626080000.0,,4.99282836914062
2026-09-29T01:58:02+00:00,area_trajectory,milford_haven,,1790626200000.0,,4.99282836914062
2026-09-29T01:58:02+00:00,area_trajectory,milford_haven,,1790626320000.0,,4.9684133529663095
2026-09-29T01:58:02+00:00,area_trajectory,milford_haven,,1790626440000.0,,4.9684133529663095
2026-09-29T01:58:02+00:00,area_trajectory,milford_haven,,1790626560000.0,,4.9684133529663095
2026-09-29T01:58:02+00:00,area_trajectory,milford_haven,,1790626680000.0,,4.9684133529663095
2026-09-29T01:58:02+00:00,area_trajectory,milford_haven,,1790626800000.0,,4.9684133529663095
2026-09-29T01:58:02+00:00,area_trajectory,milford_haven,,1790626920000.0,,4.9684133529663095
2026-09-29T01:58:02+00:00,area_trajectory,milford_haven,,1790627040000.0,,4.9684133529663095
2026-09-29T01:58:02+00:00,area_trajectory,milford_haven,,1790627160000.0,,4.9684133529663095
2026-09-29T01:58:02+00:00,area_trajectory,milford_haven,,1790627280000.0,,4.9684133529663095
2026-09-29T01:58:02+00:00,area_trajectory,milford_haven,,1790627400000.0,,4.9684133529663095
2026-09-29T01:58:02+00:00,area_trajectory,milford_haven,,1790627520000.0,,4.9684133529663095
2026-09-29T01:58:02+00:00,area_trajectory,milford_haven,,1790627640000.0,,4.9684133529663095
2026-09-29T01:58:02+00:00,area_trajectory,milford_haven,,1790627760000.0,,4.9684133529663095
2026-09-29T01:58:02+00:00,area_trajectory,milford_haven,,1790627880000.0,,4.9684133529663095
2026-09-29T01:58:02+00:00,area_trajectory,milford_haven,,1790628000000.0,,4.98306226730347
2026-09-29T01:58:02+00:00,area_trajectory,milford_haven,,1790628120000.0,,4.98306226730347
2026-09-29T01:58:02+00:00,area_trajectory,milford_haven,,1790628240000.0,,4.98306226730347
2026-09-29T01:58:02+00:00,area_trajectory,milford_haven,,1790628360000.0,,5.00991868972778
2026-09-29T01:58:02+00:00,area_trajectory,milford_haven,,1790628480000.0,,5.00991868972778
2026-09-29T01:58:02+00:00,area_trajectory,milford_haven,,1790628600000.0,,5.00991868972778
2026-09-29T01:58:02+00:00,area_trajectory,milford_haven,,1790628720000.0,,5.00991868972778
2026-09-29T01:58:02+00:00,area_trajectory,milford_haven,,1790628840000.0,,5.00991868972778
2026-09-29T01:58:02+00:00,area_trajectory,milford_haven,,1790628960000.0,,5.00991868972778
2026-09-29T01:58:02+00:00,area_trajectory,milford_haven,,1790629080000.0,,5.00991868972778
2026-09-29T01:58:02+00:00,area_trajectory,milford_haven,,1790629200000.0,,5.00991868972778
2026-09-29T01:58:02+00:00,area_trajectory,milford_haven,,1790629320000.0,,5.00991868972778
2026-09-29T01:58:02+00:00,area_trajectory,milford_haven,,1790629440000.0,,4.99526977539062
2026-09-29T01:58:02+00:00,area_trajectory,milford_haven,,1790629560000.0,,4.9708547592163095
2026-09-29T01:58:02+00:00,area_trajectory,milford_haven,,1790629680000.0,,4.9708547592163095
2026-09-29T01:58:02+00:00,area_trajectory,milford_haven,,1790629800000.0,,5.00747680664062
2026-09-29T01:58:02+00:00,area_trajectory,milford_haven,,1790629920000.0,,5.00747680664062
2026-09-29T01:58:02+00:00,area_trajectory,milford_haven,,1790630040000.0,,5.00747680664062
2026-09-29T01:58:02+00:00,area_trajectory,milford_haven,,1790630160000.0,,5.00747680664062
2026-09-29T01:58:02+00:00,area_trajectory,milford_haven,,1790630280000.0,,5.00747680664062
2026-09-29T01:58:02+00:00,area_trajectory,milford_haven,,1790630400000.0,,5.00747680664062
2026-09-29T01:58:02+00:00,area_trajectory,milford_haven,,1790630520000.0,,5.00747680664062
2026-09-29T01:58:02+00:00,area_trajectory,milford_haven,,1790630640000.0,,5.00747680664062
2026-09-29T01:58:02+00:00,area_trajectory,milford_haven,,1790630760000.0,,5.00747680664062
2026-09-29T01:58:02+00:00,area_trajectory,milford_haven,,1790630880000.0,,5.00747680664062
2026-09-29T01:58:02+00:00,area_trajectory,milford_haven,,1790631000000.0,,5.00747680664062
2026-09-29T01:58:02+00:00,area_trajectory,milford_haven,,1790631120000.0,,5.00747680664062
2026-09-29T01:58:02+00:00,area_trajectory,milford_haven,,1790631240000.0,,5.00747680664062
2026-09-29T01:58:02+00:00,area_trajectory,milford_haven,,1790631360000.0,,5.00747680664062
2026-09-29T01:58:02+00:00,area_trajectory,milford_haven,,1790631480000.0,,5.00747680664062
2026-09-29T01:58:02+00:00,area_trajectory,milford_haven,,1790631600000.0,,5.00747680664062
2026-09-29T01:58:02+00:00,area_trajectory,milford_haven,,1790631720000.0,,5.00747680664062
2026-09-29T01:58:02+00:00,area_trajectory,milford_haven,,1790631840000.0,,5.00747680664062
2026-09-29T01:58:02+00:00,area_trajectory,milford_haven,,1790631960000.0,,5.00747680664062
2026-09-29T01:58:02+00:00,area_trajectory,milford_haven,,1790632080000.0,,5.00747680664062
2026-09-29T01:58:02+00:00,area_trajectory,milford_haven,,1790632200000.0,,5.00747680664062
2026-09-29T01:58:02+00:00,area_trajectory,milford_haven,,1790632320000.0,,5.00747680664062
2026-09-29T01:58:02+00:00,area_trajectory,milford_haven,,1790632440000.0,,5.00747680664062
2026-09-29T01:58:02+00:00,area_trajectory,milford_haven,,1790632560000.0,,5.00747680664062
2026-09-29T01:58:02+00:00,area_trajectory,milford_haven,,1790632680000.0,,5.00747680664062
2026-09-29T01:58:02+00:00,area_trajectory,milford_haven,,1790632800000.0,,5.00747680664062
2026-09-29T01:58:02+00:00,area_trajectory,milford_haven,,1790632920000.0,,5.00747680664062
2026-09-29T01:58:02+00:00,area_trajectory,milford_haven,,1790633040000.0,,4.9732961654663095
2026-09-29T01:58:02+00:00,area_trajectory,milford_haven,,1790633160000.0,,4.9732961654663095
2026-09-29T01:58:02+00:00,area_trajectory,milford_haven,,1790633280000.0,,4.9732961654663095
2026-09-29T01:58:02+00:00,area_trajectory,milford_haven,,1790633400000.0,,4.9732961654663095
2026-09-29T01:58:02+00:00,area_trajectory,milford_haven,,1790633520000.0,,4.9732961654663095
2026-09-29T01:58:02+00:00,area_trajectory,milford_haven,,1790633640000.0,,4.9732961654663095
2026-09-29T01:58:02+00:00,area_trajectory,milford_haven,,1790633760000.0,,4.9732961654663095
2026-09-29T01:58:02+00:00,area_trajectory,milford_haven,,1790633880000.0,,4.9708547592163095
2026-09-29T01:58:02+00:00,area_trajectory,milford_haven,,1790634000000.0,,4.9708547592163095
2026-09-29T01:58:02+00:00,area_trajectory,milford_haven,,1790634120000.0,,4.9708547592163095
2026-09-29T01:58:02+00:00,area_trajectory,milford_haven,,1790634240000.0,,4.9708547592163095
2026-09-29T01:58:02+00:00,area_trajectory,milford_haven,,1790634360000.0,,4.9708547592163095
2026-09-29T01:58:02+00:00,area_trajectory,milford_haven,,1790634480000.0,,4.9708547592163095
2026-09-29T01:58:02+00:00,area_trajectory,milford_haven,,1790634600000.0,,4.9708547592163095
2026-09-29T01:58:02+00:00,area_trajectory,milford_haven,,1790634720000.0,,4.9708547592163095
2026-09-29T01:58:02+00:00,area_trajectory,milford_haven,,1790634840000.0,,4.9708547592163095
2026-09-29T01:58:02+00:00,area_trajectory,milford_haven,,1790634960000.0,,4.9708547592163095
2026-09-29T01:58:02+00:00,area_trajectory,milford_haven,,1790635080000.0,,4.9708547592163095
2026-09-29T01:58:02+00:00,area_trajectory,milford_haven,,1790635200000.0,,4.9708547592163095
2026-09-29T01:58:02+00:00,area_trajectory,milford_haven,,1790635320000.0,,4.9708547592163095
2026-09-29T01:58:02+00:00,area_trajectory,milford_haven,,1790635440000.0,,4.9708547592163095
2026-09-29T01:58:02+00:00,area_trajectory,milford_haven,,1790635560000.0,,4.9708547592163095
2026-09-29T01:58:02+00:00,area_trajectory,milford_haven,,1790635680000.0,,4.9708547592163095
2026-09-29T01:58:02+00:00,area_trajectory,milford_haven,,1790635800000.0,,4.9708547592163095
2026-09-29T01:58:02+00:00,area_trajectory,milford_haven,,1790635920000.0,,4.9708547592163095
2026-09-29T01:58:02+00:00,area_trajectory,milford_haven,,1790636040000.0,,4.9708547592163095
2026-09-29T01:58:02+00:00,area_trajectory,milford_haven,,1790636160000.0,,4.9708547592163095
2026-09-29T01:58:02+00:00,area_trajectory,milford_haven,,1790636280000.0,,4.9708547592163095
2026-09-29T01:58:02+00:00,area_trajectory,milford_haven,,1790636400000.0,,4.9708547592163095
2026-09-29T01:58:02+00:00,area_trajectory,milford_haven,,1790636520000.0,,4.9708547592163095
2026-09-29T01:58:02+00:00,area_trajectory,milford_haven,,1790636640000.0,,4.98062086105347
2026-09-29T01:58:02+00:00,area_trajectory,milford_haven,,1790636760000.0,,4.98062086105347
2026-09-29T01:58:02+00:00,area_trajectory,milford_haven,,1790636880000.0,,4.98062086105347
2026-09-29T01:58:02+00:00,area_trajectory,milford_haven,,1790637000000.0,,4.98062086105347
2026-09-29T01:58:02+00:00,area_trajectory,milford_haven,,1790637120000.0,,4.98062086105347
2026-09-29T01:58:02+00:00,area_trajectory,milford_haven,,1790637240000.0,,4.98062086105347
2026-09-29T01:58:02+00:00,area_trajectory,milford_haven,,1790637360000.0,,4.98062086105347
2026-09-29T01:58:02+00:00,area_trajectory,milford_haven,,1790637480000.0,,4.98062086105347
2026-09-29T01:58:02+00:00,area_trajectory,milford_haven,,1790637600000.0,,4.98062086105347
2026-09-29T01:58:02+00:00,area_trajectory,milford_haven,,1790637720000.0,,4.98062086105347
2026-09-29T01:58:02+00:00,area_trajectory,milford_haven,,1790637840000.0,,4.98062086105347
2026-09-29T01:58:02+00:00,area_trajectory,milford_haven,,1790637960000.0,,4.98062086105347
2026-09-29T01:58:02+00:00,area_trajectory,milford_haven,,1790638080000.0,,4.98062086105347
2026-09-29T01:58:02+00:00,area_trajectory,milford_haven,,1790638200000.0,,4.98062086105347
2026-09-29T01:58:02+00:00,area_trajectory,milford_haven,,1790638320000.0,,4.98062086105347
2026-09-29T01:58:02+00:00,area_trajectory,milford_haven,,1790638440000.0,,4.98062086105347
2026-09-29T01:58:02+00:00,area_trajectory,milford_haven,,1790638560000.0,,4.98062086105347
2026-09-29T01:58:02+00:00,area_trajectory,milford_haven,,1790638680000.0,,4.98062086105347
2026-09-29T01:58:02+00:00,area_trajectory,milford_haven,,1790638800000.0,,4.98062086105347
2026-09-29T01:58:02+00:00,area_trajectory,milford_haven,,1790638920000.0,,4.98062086105347
2026-09-29T01:58:02+00:00,area_trajectory,milford_haven,,1790639040000.0,,4.98062086105347
2026-09-29T01:58:02+00:00,area_trajectory,milford_haven,,1790639160000.0,,4.98062086105347
2026-09-29T01:58:02+00:00,area_trajectory,milford_haven,,1790639280000.0,,4.98062086105347
2026-09-29T01:58:02+00:00,area_trajectory,milford_haven,,1790639400000.0,,4.98062086105347
2026-09-29T01:58:02+00:00,area_trajectory,milford_haven,,1790639520000.0,,4.98062086105347
2026-09-29T01:58:02+00:00,area_trajectory,milford_haven,,1790639640000.0,,4.98062086105347
2026-09-29T01:58:02+00:00,area_trajectory,milford_haven,,1790639760000.0,,4.98062086105347
2026-09-29T01:58:02+00:00,area_trajectory,milford_haven,,1790639880000.0,,4.98062086105347
2026-09-29T01:58:02+00:00,area_trajectory,milford_haven,,1790640000000.0,,4.98062086105347
2026-09-29T01:58:02+00:00,area_trajectory,milford_haven,,1790640120000.0,,4.98062086105347
2026-09-29T01:58:02+00:00,area_trajectory,milford_haven,,1790640240000.0,,4.95620584487915
2026-09-29T01:58:02+00:00,area_trajectory,milford_haven,,1790640360000.0,,4.95620584487915
2026-09-29T01:58:02+00:00,area_trajectory,milford_haven,,1790640480000.0,,4.95620584487915
2026-09-29T01:58:02+00:00,area_trajectory,milford_haven,,1790640600000.0,,4.95620584487915
2026-09-29T01:58:02+00:00,area_trajectory,milford_haven,,1790640720000.0,,4.95620584487915
2026-09-29T01:58:02+00:00,area_trajectory,milford_haven,,1790640840000.0,,4.95620584487915
2026-09-29T01:58:02+00:00,area_trajectory,milford_haven,,1790640960000.0,,4.95620584487915
2026-09-29T01:58:02+00:00,area_trajectory,milford_haven,,1790641080000.0,,4.95620584487915
2026-09-29T01:58:02+00:00,area_trajectory,milford_haven,,1790641200000.0,,4.95620584487915
2026-09-29T01:58:02+00:00,area_trajectory,milford_haven,,1790641320000.0,,4.95620584487915
2026-09-29T01:58:02+00:00,area_trajectory,milford_haven,,1790641440000.0,,4.95620584487915
2026-09-29T01:58:02+00:00,area_trajectory,milford_haven,,1790641560000.0,,4.95620584487915
2026-09-29T01:58:02+00:00,area_trajectory,milford_haven,,1790641680000.0,,4.95620584487915
2026-09-29T01:58:02+00:00,area_trajectory,milford_haven,,1790641800000.0,,4.95620584487915
2026-09-29T01:58:02+00:00,area_trajectory,milford_haven,,1790641920000.0,,4.95620584487915
2026-09-29T01:58:02+00:00,area_trajectory,milford_haven,,1790642040000.0,,4.95620584487915
2026-09-29T01:58:02+00:00,area_trajectory,milford_haven,,1790642160000.0,,4.95620584487915
2026-09-29T01:58:02+00:00,area_trajectory,milford_haven,,1790642280000.0,,4.95620584487915
2026-09-29T01:58:02+00:00,area_trajectory,milford_haven,,1790642400000.0,,4.95620584487915
2026-09-29T01:58:02+00:00,area_trajectory,milford_haven,,1790642520000.0,,4.95620584487915
2026-09-29T01:58:02+00:00,area_trajectory,milford_haven,,1790642640000.0,,4.94644021987915
2026-09-29T01:58:02+00:00,area_trajectory,milford_haven,,1790642760000.0,,4.94644021987915
2026-09-29T01:58:02+00:00,area_trajectory,milford_haven,,1790642880000.0,,4.94644021987915
2026-09-29T01:58:02+00:00,area_trajectory,milford_haven,,1790643000000.0,,4.94644021987915
2026-09-29T01:58:02+00:00,area_trajectory,milford_haven,,1790643120000.0,,4.94644021987915
2026-09-29T01:58:02+00:00,area_trajectory,milford_haven,,1790643240000.0,,5.0636310577392605
2026-09-29T01:58:02+00:00,area_trajectory,milford_haven,,1790643360000.0,,5.14419984817505
2026-09-29T01:58:02+00:00,area_trajectory,milford_haven,,1790643480000.0,,5.14419984817505
2026-09-29T01:58:02+00:00,area_trajectory,milford_haven,,1790643600000.0,,5.14419984817505
2026-09-29T01:58:02+00:00,area_trajectory,milford_haven,,1790643720000.0,,5.19058799743652
2026-09-29T01:58:02+00:00,area_trajectory,milford_haven,,1790643840000.0,,5.19058799743652
2026-09-29T01:58:02+00:00,area_trajectory,milford_haven,,1790643960000.0,,5.19058799743652
2026-09-29T01:58:02+00:00,area_trajectory,milford_haven,,1790644080000.0,,5.19058799743652
2026-09-29T01:58:02+00:00,area_trajectory,milford_haven,,1790644200000.0,,5.19058799743652
2026-09-29T01:58:02+00:00,area_trajectory,milford_haven,,1790644320000.0,,5.19058799743652
2026-09-29T01:58:02+00:00,area_trajectory,milford_haven,,1790644440000.0,,5.19791269302368
2026-09-29T01:58:02+00:00,area_trajectory,milford_haven,,1790644560000.0,,5.19791269302368
2026-09-29T01:58:02+00:00,area_trajectory,milford_haven,,1790644680000.0,,5.19791269302368
2026-09-29T01:58:02+00:00,area_trajectory,milford_haven,,1790644800000.0,,5.19791269302368
2026-09-29T01:58:02+00:00,area_trajectory,milford_haven,,1790644920000.0,,5.19791269302368
2026-09-29T01:58:02+00:00,area_trajectory,milford_haven,,1790645040000.0,,5.19791269302368
2026-09-29T01:58:02+00:00,area_trajectory,milford_haven,,1790645160000.0,,5.19791269302368
2026-09-29T01:58:02+00:00,area_trajectory,milford_haven,,1790645280000.0,,5.19791269302368
2026-09-29T01:58:02+00:00,area_trajectory,milford_haven,,1790645400000.0,,5.19791269302368
2026-09-29T01:58:02+00:00,area_trajectory,milford_haven,,1790645520000.0,,5.19791269302368
2026-09-29T01:58:02+00:00,area_trajectory,milford_haven,,1790645640000.0,,5.11734390258789
2026-09-29T01:58:02+00:00,area_trajectory,milford_haven,,1790645760000.0,,5.00015258789062
2026-09-29T01:58:02+00:00,area_trajectory,milford_haven,,1790645880000.0,,5.00015258789062
2026-09-29T01:58:02+00:00,area_trajectory,milford_haven,,1790646000000.0,,5.00015258789062
2026-09-29T01:58:02+00:00,area_trajectory,milford_haven,,1790646120000.0,,5.00015258789062
2026-09-29T01:58:02+00:00,area_trajectory,milford_haven,,1790646240000.0,,5.0270090103149405
2026-09-29T01:58:02+00:00,area_trajectory,milford_haven,,1790646360000.0,,5.0270090103149405
2026-09-29T01:58:02+00:00,area_trajectory,milford_haven,,1790646480000.0,,5.0270090103149405
2026-09-29T01:58:02+00:00,area_trajectory,milford_haven,,1790646600000.0,,5.0270090103149405
2026-09-29T01:58:02+00:00,area_trajectory,milford_haven,,1790646720000.0,,5.0270090103149405
2026-09-29T01:58:02+00:00,area_trajectory,milford_haven,,1790646840000.0,,5.0270090103149405
2026-09-29T01:58:02+00:00,area_trajectory,milford_haven,,1790646960000.0,,5.0270090103149405
2026-09-29T01:58:02+00:00,area_trajectory,milford_haven,,1790647080000.0,,5.0270090103149405
2026-09-29T01:58:02+00:00,area_trajectory,milford_haven,,1790647200000.0,,5.0270090103149405
2026-09-29T01:58:02+00:00,area_trajectory,milford_haven,,1790647320000.0,,5.0270090103149405
2026-09-29T01:58:02+00:00,area_trajectory,milford_haven,,1790647440000.0,,5.00747680664062
2026-09-29T01:58:02+00:00,area_trajectory,milford_haven,,1790647560000.0,,5.00747680664062
2026-09-29T01:58:02+00:00,area_trajectory,milford_haven,,1790647680000.0,,5.00747680664062
2026-09-29T01:58:02+00:00,area_trajectory,milford_haven,,1790647800000.0,,5.00747680664062
2026-09-29T01:58:02+00:00,area_trajectory,milford_haven,,1790647920000.0,,5.00747680664062
2026-09-29T01:58:02+00:00,area_trajectory,milford_haven,,1790648040000.0,,5.00747680664062
2026-09-29T01:58:02+00:00,area_trajectory,milford_haven,,1790648160000.0,,5.00747680664062
2026-09-29T01:58:02+00:00,area_trajectory,milford_haven,,1790648280000.0,,5.00747680664062
2026-09-29T01:58:02+00:00,area_trajectory,milford_haven,,1790648400000.0,,5.00747680664062
2026-09-29T01:58:02+00:00,area_trajectory,milford_haven,,1790648520000.0,,5.00747680664062
2026-09-29T01:58:02+00:00,area_trajectory,milford_haven,,1790648640000.0,,5.00747680664062
2026-09-29T01:58:02+00:00,area_trajectory,milford_haven,,1790648760000.0,,5.00747680664062
2026-09-29T01:58:02+00:00,area_trajectory,milford_haven,,1790648880000.0,,5.00747680664062
2026-09-29T01:58:02+00:00,area_trajectory,milford_haven,,1790649000000.0,,5.00747680664062
2026-09-29T01:58:02+00:00,area_trajectory,milford_haven,,1790649120000.0,,5.00747680664062
2026-09-29T01:58:02+00:00,area_trajectory,milford_haven,,1790649240000.0,,5.00747680664062
2026-09-29T01:58:02+00:00,area_trajectory,milford_haven,,1790649360000.0,,5.00747680664062
2026-09-29T01:58:02+00:00,area_trajectory,milford_haven,,1790649480000.0,,5.00747680664062
2026-09-29T01:58:02+00:00,area_trajectory,milford_haven,,1790649600000.0,,5.00747680664062
2026-09-29T01:58:02+00:00,area_trajectory,milford_haven,,1790649720000.0,,5.00747680664062
2026-09-29T01:58:02+00:00,area_trajectory,milford_haven,,1790649840000.0,,5.00747680664062
2026-09-29T01:58:02+00:00,area_trajectory,milford_haven,,1790649960000.0,,5.00747680664062
2026-09-29T01:58:02+00:00,subterminal_latest,grain,nts1,,02:36,0.00
2026-09-29T01:58:02+00:00,subterminal_latest,grain,nts1,,02:38,0.00
2026-09-29T01:58:02+00:00,subterminal_latest,grain,nts1,,02:40,0.00
2026-09-29T01:58:02+00:00,subterminal_latest,grain,nts1,,02:42,0.00
2026-09-29T01:58:02+00:00,subterminal_latest,grain,nts1,,02:44,0.00
2026-09-29T01:58:02+00:00,subterminal_latest,grain,nts1,,02:46,0.00
2026-09-29T01:58:02+00:00,subterminal_latest,grain,nts2,,02:36,0.00
2026-09-29T01:58:02+00:00,subterminal_latest,grain,nts2,,02:38,0.00
2026-09-29T01:58:02+00:00,subterminal_latest,grain,nts2,,02:40,0.00
2026-09-29T01:58:02+00:00,subterminal_latest,grain,nts2,,02:42,0.00
2026-09-29T01:58:02+00:00,subterminal_latest,grain,nts2,,02:44,0.00
2026-09-29T01:58:02+00:00,subterminal_latest,grain,nts2,,02:46,0.00
2026-09-29T01:58:02+00:00,subterminal_latest,dragon,,,02:36,0.00
2026-09-29T01:58:02+00:00,subterminal_latest,dragon,,,02:38,0.00
2026-09-29T01:58:02+00:00,subterminal_latest,dragon,,,02:40,0.00
2026-09-29T01:58:02+00:00,subterminal_latest,dragon,,,02:42,0.00
2026-09-29T01:58:02+00:00,subterminal_latest,dragon,,,02:44,0.00
2026-09-29T01:58:02+00:00,subterminal_latest,dragon,,,02:46,0.00
2026-09-29T01:58:02+00:00,subterminal_latest,south_hook,,,02:36,5.01
2026-09-29T01:58:02+00:00,subterminal_latest,south_hook,,,02:38,5.01
2026-09-29T01:58:02+00:00,subterminal_latest,south_hook,,,02:40,5.01
2026-09-29T01:58:02+00:00,subterminal_latest,south_hook,,,02:42,5.01
2026-09-29T01:58:02+00:00,subterminal_latest,south_hook,,,02:44,5.01
2026-09-29T01:58:02+00:00,subterminal_latest,south_hook,,,02:46,5.01
