snapshot_utc,series,terminal,sub,epoch_ms,time_label,value_mcm_d
2026-10-02T01:41:54+00:00,area_trajectory,grain,,1790830800000.0,,3.3269208982698597
2026-10-02T01:41:54+00:00,area_trajectory,grain,,1790830920000.0,,3.3269208982698597
2026-10-02T01:41:54+00:00,area_trajectory,grain,,1790831040000.0,,3.2893465574495497
2026-10-02T01:41:54+00:00,area_trajectory,grain,,1790831160000.0,,3.2893465574495497
2026-10-02T01:41:54+00:00,area_trajectory,grain,,1790831280000.0,,3.2893465574495497
2026-10-02T01:41:54+00:00,area_trajectory,grain,,1790831400000.0,,3.2893465574495497
2026-10-02T01:41:54+00:00,area_trajectory,grain,,1790831520000.0,,3.22935937483236
2026-10-02T01:41:54+00:00,area_trajectory,grain,,1790831640000.0,,3.22935937483236
2026-10-02T01:41:54+00:00,area_trajectory,grain,,1790831760000.0,,3.22935937483236
2026-10-02T01:41:54+00:00,area_trajectory,grain,,1790831880000.0,,3.1489368894807996
2026-10-02T01:41:54+00:00,area_trajectory,grain,,1790832000000.0,,3.28605065901205
2026-10-02T01:41:54+00:00,area_trajectory,grain,,1790832120000.0,,3.28605065901205
2026-10-02T01:41:54+00:00,area_trajectory,grain,,1790832240000.0,,3.28605065901205
2026-10-02T01:41:54+00:00,area_trajectory,grain,,1790832360000.0,,3.2260634763948604
2026-10-02T01:41:54+00:00,area_trajectory,grain,,1790832480000.0,,3.1894779051057998
2026-10-02T01:41:54+00:00,area_trajectory,grain,,1790832600000.0,,3.1894779051057998
2026-10-02T01:41:54+00:00,area_trajectory,grain,,1790832720000.0,,3.1894779051057998
2026-10-02T01:41:54+00:00,area_trajectory,grain,,1790832840000.0,,3.24979467756674
2026-10-02T01:41:54+00:00,area_trajectory,grain,,1790832960000.0,,3.2695704344026697
2026-10-02T01:41:54+00:00,area_trajectory,grain,,1790833080000.0,,3.2695704344026697
2026-10-02T01:41:54+00:00,area_trajectory,grain,,1790833200000.0,,3.2695704344026697
2026-10-02T01:41:54+00:00,area_trajectory,grain,,1790833320000.0,,3.2488059080354903
2026-10-02T01:41:54+00:00,area_trajectory,grain,,1790833440000.0,,3.26891125471517
2026-10-02T01:41:54+00:00,area_trajectory,grain,,1790833560000.0,,3.26891125471517
2026-10-02T01:41:54+00:00,area_trajectory,grain,,1790833680000.0,,3.26891125471517
2026-10-02T01:41:54+00:00,area_trajectory,grain,,1790833800000.0,,3.26891125471517
2026-10-02T01:41:54+00:00,area_trajectory,grain,,1790833920000.0,,3.1921146238558
2026-10-02T01:41:54+00:00,area_trajectory,grain,,1790834040000.0,,3.1921146238558
2026-10-02T01:41:54+00:00,area_trajectory,grain,,1790834160000.0,,3.1921146238558
2026-10-02T01:41:54+00:00,area_trajectory,grain,,1790834280000.0,,3.25177221662924
2026-10-02T01:41:54+00:00,area_trajectory,grain,,1790834400000.0,,3.2115611570589198
2026-10-02T01:41:54+00:00,area_trajectory,grain,,1790834520000.0,,3.2115611570589198
2026-10-02T01:41:54+00:00,area_trajectory,grain,,1790834640000.0,,3.2115611570589198
2026-10-02T01:41:54+00:00,area_trajectory,grain,,1790834760000.0,,3.2296889646761104
2026-10-02T01:41:54+00:00,area_trajectory,grain,,1790834880000.0,,3.2695704344026697
2026-10-02T01:41:54+00:00,area_trajectory,grain,,1790835000000.0,,3.2695704344026697
2026-10-02T01:41:54+00:00,area_trajectory,grain,,1790835120000.0,,3.2695704344026697
2026-10-02T01:41:54+00:00,area_trajectory,grain,,1790835240000.0,,3.2290297849886103
2026-10-02T01:41:54+00:00,area_trajectory,grain,,1790835360000.0,,3.16772424299642
2026-10-02T01:41:54+00:00,area_trajectory,grain,,1790835480000.0,,3.16772424299642
2026-10-02T01:41:54+00:00,area_trajectory,grain,,1790835600000.0,,3.16772424299642
2026-10-02T01:41:54+00:00,area_trajectory,grain,,1790835720000.0,,3.20694653303549
2026-10-02T01:41:54+00:00,area_trajectory,grain,,1790835840000.0,,3.20694653303549
2026-10-02T01:41:54+00:00,area_trajectory,grain,,1790835960000.0,,3.20694653303549
2026-10-02T01:41:54+00:00,area_trajectory,grain,,1790836080000.0,,3.20694653303549
2026-10-02T01:41:54+00:00,area_trajectory,grain,,1790836200000.0,,3.2207896726839196
2026-10-02T01:41:54+00:00,area_trajectory,grain,,1790836320000.0,,3.2207896726839196
2026-10-02T01:41:54+00:00,area_trajectory,grain,,1790836440000.0,,3.2207896726839196
2026-10-02T01:41:54+00:00,area_trajectory,grain,,1790836560000.0,,3.2207896726839196
2026-10-02T01:41:54+00:00,area_trajectory,grain,,1790836680000.0,,3.2207896726839196
2026-10-02T01:41:54+00:00,area_trajectory,grain,,1790836800000.0,,3.2553977049104903
2026-10-02T01:41:54+00:00,area_trajectory,grain,,1790836920000.0,,3.2553977049104903
2026-10-02T01:41:54+00:00,area_trajectory,grain,,1790837040000.0,,3.2553977049104903
2026-10-02T01:41:54+00:00,area_trajectory,grain,,1790837160000.0,,3.1934329832308004
2026-10-02T01:41:54+00:00,area_trajectory,grain,,1790837280000.0,,3.23001855451986
2026-10-02T01:41:54+00:00,area_trajectory,grain,,1790837400000.0,,3.23001855451986
2026-10-02T01:41:54+00:00,area_trajectory,grain,,1790837520000.0,,3.23001855451986
2026-10-02T01:41:54+00:00,area_trajectory,grain,,1790837640000.0,,3.2458392332308
2026-10-02T01:41:54+00:00,area_trajectory,grain,,1790837760000.0,,3.1647579344026697
2026-10-02T01:41:54+00:00,area_trajectory,grain,,1790837880000.0,,3.1647579344026697
2026-10-02T01:41:54+00:00,area_trajectory,grain,,1790838000000.0,,3.1647579344026697
2026-10-02T01:41:54+00:00,area_trajectory,grain,,1790838120000.0,,3.17958984358236
2026-10-02T01:41:54+00:00,area_trajectory,grain,,1790838240000.0,,3.17958984358236
2026-10-02T01:41:54+00:00,area_trajectory,grain,,1790838360000.0,,3.17958984358236
2026-10-02T01:41:54+00:00,area_trajectory,grain,,1790838480000.0,,3.17958984358236
2026-10-02T01:41:54+00:00,area_trajectory,grain,,1790838600000.0,,3.15651782209799
2026-10-02T01:41:54+00:00,area_trajectory,grain,,1790838720000.0,,3.23265527326986
2026-10-02T01:41:54+00:00,area_trajectory,grain,,1790838840000.0,,3.23265527326986
2026-10-02T01:41:54+00:00,area_trajectory,grain,,1790838960000.0,,3.23265527326986
2026-10-02T01:41:54+00:00,area_trajectory,grain,,1790839080000.0,,3.18914831526205
2026-10-02T01:41:54+00:00,area_trajectory,grain,,1790839200000.0,,3.16706506330892
2026-10-02T01:41:54+00:00,area_trajectory,grain,,1790839320000.0,,3.16706506330892
2026-10-02T01:41:54+00:00,area_trajectory,grain,,1790839440000.0,,3.16706506330892
2026-10-02T01:41:54+00:00,area_trajectory,grain,,1790839560000.0,,3.1838745115511102
2026-10-02T01:41:54+00:00,area_trajectory,grain,,1790839680000.0,,3.19969555647299
2026-10-02T01:41:54+00:00,area_trajectory,grain,,1790839800000.0,,3.19969555647299
2026-10-02T01:41:54+00:00,area_trajectory,grain,,1790839920000.0,,3.19969555647299
2026-10-02T01:41:54+00:00,area_trajectory,grain,,1790840040000.0,,3.25374975569174
2026-10-02T01:41:54+00:00,area_trajectory,grain,,1790840160000.0,,3.2745146482698595
2026-10-02T01:41:54+00:00,area_trajectory,grain,,1790840280000.0,,3.2745146482698595
2026-10-02T01:41:54+00:00,area_trajectory,grain,,1790840400000.0,,3.2745146482698595
2026-10-02T01:41:54+00:00,area_trajectory,grain,,1790840520000.0,,3.2903353269808
2026-10-02T01:41:54+00:00,area_trajectory,grain,,1790840640000.0,,3.2115611570589198
2026-10-02T01:41:54+00:00,area_trajectory,grain,,1790840760000.0,,3.2115611570589198
2026-10-02T01:41:54+00:00,area_trajectory,grain,,1790840880000.0,,3.2115611570589198
2026-10-02T01:41:54+00:00,area_trajectory,grain,,1790841000000.0,,3.2115611570589198
2026-10-02T01:41:54+00:00,area_trajectory,grain,,1790841120000.0,,3.2830843504183
2026-10-02T01:41:54+00:00,area_trajectory,grain,,1790841240000.0,,3.2830843504183
2026-10-02T01:41:54+00:00,area_trajectory,grain,,1790841360000.0,,3.2830843504183
2026-10-02T01:41:54+00:00,area_trajectory,grain,,1790841480000.0,,3.22111926252767
2026-10-02T01:41:54+00:00,area_trajectory,grain,,1790841600000.0,,3.2003547361604903
2026-10-02T01:41:54+00:00,area_trajectory,grain,,1790841720000.0,,3.2003547361604903
2026-10-02T01:41:54+00:00,area_trajectory,grain,,1790841840000.0,,3.2184825437776703
2026-10-02T01:41:54+00:00,area_trajectory,grain,,1790841960000.0,,3.2184825437776703
2026-10-02T01:41:54+00:00,area_trajectory,grain,,1790842080000.0,,3.2184825437776703
2026-10-02T01:41:54+00:00,area_trajectory,grain,,1790842200000.0,,3.2728666990511104
2026-10-02T01:41:54+00:00,area_trajectory,grain,,1790842320000.0,,3.2728666990511104
2026-10-02T01:41:54+00:00,area_trajectory,grain,,1790842440000.0,,3.2728666990511104
2026-10-02T01:41:54+00:00,area_trajectory,grain,,1790842560000.0,,3.2728666990511104
2026-10-02T01:41:54+00:00,area_trajectory,grain,,1790842680000.0,,3.24946508772299
2026-10-02T01:41:54+00:00,area_trajectory,grain,,1790842800000.0,,3.24946508772299
2026-10-02T01:41:54+00:00,area_trajectory,grain,,1790842920000.0,,3.24946508772299
2026-10-02T01:41:54+00:00,area_trajectory,grain,,1790843040000.0,,3.24946508772299
2026-10-02T01:41:54+00:00,area_trajectory,grain,,1790843160000.0,,3.26627453596517
2026-10-02T01:41:54+00:00,area_trajectory,grain,,1790843280000.0,,3.26627453596517
2026-10-02T01:41:54+00:00,area_trajectory,grain,,1790843400000.0,,3.26627453596517
2026-10-02T01:41:54+00:00,area_trajectory,grain,,1790843520000.0,,3.30088256819174
2026-10-02T01:41:54+00:00,area_trajectory,grain,,1790843640000.0,,3.30088256819174
2026-10-02T01:41:54+00:00,area_trajectory,grain,,1790843760000.0,,3.30088256819174
2026-10-02T01:41:54+00:00,area_trajectory,grain,,1790843880000.0,,3.28044726545736
2026-10-02T01:41:54+00:00,area_trajectory,grain,,1790844000000.0,,3.28044726545736
2026-10-02T01:41:54+00:00,area_trajectory,grain,,1790844120000.0,,3.28044726545736
2026-10-02T01:41:54+00:00,area_trajectory,grain,,1790844240000.0,,3.28044726545736
2026-10-02T01:41:54+00:00,area_trajectory,grain,,1790844360000.0,,3.25836437971517
2026-10-02T01:41:54+00:00,area_trajectory,grain,,1790844480000.0,,3.29494995100424
2026-10-02T01:41:54+00:00,area_trajectory,grain,,1790844600000.0,,3.29494995100424
2026-10-02T01:41:54+00:00,area_trajectory,grain,,1790844720000.0,,3.29494995100424
2026-10-02T01:41:54+00:00,area_trajectory,grain,,1790844840000.0,,3.2359515379183
2026-10-02T01:41:54+00:00,area_trajectory,grain,,1790844960000.0,,3.27319628889486
2026-10-02T01:41:54+00:00,area_trajectory,grain,,1790845080000.0,,3.27319628889486
2026-10-02T01:41:54+00:00,area_trajectory,grain,,1790845200000.0,,3.27319628889486
2026-10-02T01:41:54+00:00,area_trajectory,grain,,1790845320000.0,,3.3496633299104897
2026-10-02T01:41:54+00:00,area_trajectory,grain,,1790845440000.0,,3.3101114500276703
2026-10-02T01:41:54+00:00,area_trajectory,grain,,1790845560000.0,,3.3101114500276703
2026-10-02T01:41:54+00:00,area_trajectory,grain,,1790845680000.0,,3.3101114500276703
2026-10-02T01:41:54+00:00,area_trajectory,grain,,1790845800000.0,,3.2699000242464202
2026-10-02T01:41:54+00:00,area_trajectory,grain,,1790845920000.0,,3.2886873777620496
2026-10-02T01:41:54+00:00,area_trajectory,grain,,1790846040000.0,,3.2886873777620496
2026-10-02T01:41:54+00:00,area_trajectory,grain,,1790846160000.0,,3.2886873777620496
2026-10-02T01:41:54+00:00,area_trajectory,grain,,1790846280000.0,,3.30747473127767
2026-10-02T01:41:54+00:00,area_trajectory,grain,,1790846400000.0,,3.2484763181917398
2026-10-02T01:41:54+00:00,area_trajectory,grain,,1790846520000.0,,3.2484763181917398
2026-10-02T01:41:54+00:00,area_trajectory,grain,,1790846640000.0,,3.2484763181917398
2026-10-02T01:41:54+00:00,area_trajectory,grain,,1790846760000.0,,3.2857210691682996
2026-10-02T01:41:54+00:00,area_trajectory,grain,,1790846880000.0,,3.2857210691682996
2026-10-02T01:41:54+00:00,area_trajectory,grain,,1790847000000.0,,3.2857210691682996
2026-10-02T01:41:54+00:00,area_trajectory,grain,,1790847120000.0,,3.2857210691682996
2026-10-02T01:41:54+00:00,area_trajectory,grain,,1790847240000.0,,3.2669337156526703
2026-10-02T01:41:54+00:00,area_trajectory,grain,,1790847360000.0,,3.3226362303011103
2026-10-02T01:41:54+00:00,area_trajectory,grain,,1790847480000.0,,3.3226362303011103
2026-10-02T01:41:54+00:00,area_trajectory,grain,,1790847600000.0,,3.3226362303011103
2026-10-02T01:41:54+00:00,area_trajectory,grain,,1790847720000.0,,3.2850618894808004
2026-10-02T01:41:54+00:00,area_trajectory,grain,,1790847840000.0,,3.2633082273714202
2026-10-02T01:41:54+00:00,area_trajectory,grain,,1790847960000.0,,3.2633082273714202
2026-10-02T01:41:54+00:00,area_trajectory,grain,,1790848080000.0,,3.2633082273714202
2026-10-02T01:41:54+00:00,area_trajectory,grain,,1790848200000.0,,3.2633082273714202
2026-10-02T01:41:54+00:00,area_trajectory,grain,,1790848320000.0,,3.3381273191683
2026-10-02T01:41:54+00:00,area_trajectory,grain,,1790848440000.0,,3.3381273191683
2026-10-02T01:41:54+00:00,area_trajectory,grain,,1790848560000.0,,3.3381273191683
2026-10-02T01:41:54+00:00,area_trajectory,grain,,1790848680000.0,,3.2418841551057995
2026-10-02T01:41:54+00:00,area_trajectory,grain,,1790848800000.0,,3.2985754392854902
2026-10-02T01:41:54+00:00,area_trajectory,grain,,1790848920000.0,,3.2985754392854902
2026-10-02T01:41:54+00:00,area_trajectory,grain,,1790849040000.0,,3.2985754392854902
2026-10-02T01:41:54+00:00,area_trajectory,grain,,1790849160000.0,,3.2408953855745497
2026-10-02T01:41:54+00:00,area_trajectory,grain,,1790849280000.0,,3.26825207502767
2026-10-02T01:41:54+00:00,area_trajectory,grain,,1790849400000.0,,3.26825207502767
2026-10-02T01:41:54+00:00,area_trajectory,grain,,1790849520000.0,,3.26825207502767
2026-10-02T01:41:54+00:00,area_trajectory,grain,,1790849640000.0,,3.2962683103792396
2026-10-02T01:41:54+00:00,area_trajectory,grain,,1790849760000.0,,3.28011767561361
2026-10-02T01:41:54+00:00,area_trajectory,grain,,1790849880000.0,,3.28011767561361
2026-10-02T01:41:54+00:00,area_trajectory,grain,,1790850000000.0,,3.28011767561361
2026-10-02T01:41:54+00:00,area_trajectory,grain,,1790850120000.0,,3.2260634763948604
2026-10-02T01:41:54+00:00,area_trajectory,grain,,1790850240000.0,,3.2260634763948604
2026-10-02T01:41:54+00:00,area_trajectory,grain,,1790850360000.0,,3.2260634763948604
2026-10-02T01:41:54+00:00,area_trajectory,grain,,1790850480000.0,,3.2260634763948604
2026-10-02T01:41:54+00:00,area_trajectory,grain,,1790850600000.0,,3.2260634763948604
2026-10-02T01:41:54+00:00,area_trajectory,grain,,1790850720000.0,,3.24649877912924
2026-10-02T01:41:54+00:00,area_trajectory,grain,,1790850840000.0,,3.24649877912924
2026-10-02T01:41:54+00:00,area_trajectory,grain,,1790850960000.0,,3.24649877912924
2026-10-02T01:41:54+00:00,area_trajectory,grain,,1790851080000.0,,3.22639306623861
2026-10-02T01:41:54+00:00,area_trajectory,grain,,1790851200000.0,,3.3242841795198603
2026-10-02T01:41:54+00:00,area_trajectory,grain,,1790851320000.0,,3.3242841795198603
2026-10-02T01:41:54+00:00,area_trajectory,grain,,1790851440000.0,,3.3242841795198603
2026-10-02T01:41:54+00:00,area_trajectory,grain,,1790851560000.0,,3.28605065901205
2026-10-02T01:41:54+00:00,area_trajectory,grain,,1790851680000.0,,3.28605065901205
2026-10-02T01:41:54+00:00,area_trajectory,grain,,1790851800000.0,,3.28605065901205
2026-10-02T01:41:54+00:00,area_trajectory,grain,,1790851920000.0,,3.28605065901205
2026-10-02T01:41:54+00:00,area_trajectory,grain,,1790852040000.0,,3.24649877912924
2026-10-02T01:41:54+00:00,area_trajectory,grain,,1790852160000.0,,3.28539147932455
2026-10-02T01:41:54+00:00,area_trajectory,grain,,1790852280000.0,,3.28539147932455
2026-10-02T01:41:54+00:00,area_trajectory,grain,,1790852400000.0,,3.28539147932455
2026-10-02T01:41:54+00:00,area_trajectory,grain,,1790852520000.0,,3.2468283689729898
2026-10-02T01:41:54+00:00,area_trajectory,grain,,1790852640000.0,,3.2468283689729898
2026-10-02T01:41:54+00:00,area_trajectory,grain,,1790852760000.0,,3.2468283689729898
2026-10-02T01:41:54+00:00,area_trajectory,grain,,1790852880000.0,,3.2468283689729898
2026-10-02T01:41:54+00:00,area_trajectory,grain,,1790853000000.0,,3.2629786375276697
2026-10-02T01:41:54+00:00,area_trajectory,grain,,1790853120000.0,,3.3338426511995505
2026-10-02T01:41:54+00:00,area_trajectory,grain,,1790853240000.0,,3.3338426511995505
2026-10-02T01:41:54+00:00,area_trajectory,grain,,1790853360000.0,,3.3338426511995505
2026-10-02T01:41:54+00:00,area_trajectory,grain,,1790853480000.0,,3.2560568845979896
2026-10-02T01:41:54+00:00,area_trajectory,grain,,1790853600000.0,,3.2936312254183
2026-10-02T01:41:54+00:00,area_trajectory,grain,,1790853720000.0,,3.2936312254183
2026-10-02T01:41:54+00:00,area_trajectory,grain,,1790853840000.0,,3.2936312254183
2026-10-02T01:41:54+00:00,area_trajectory,grain,,1790853960000.0,,3.2524313963167404
2026-10-02T01:41:54+00:00,area_trajectory,grain,,1790854080000.0,,3.3272504881136102
2026-10-02T01:41:54+00:00,area_trajectory,grain,,1790854200000.0,,3.3272504881136102
2026-10-02T01:41:54+00:00,area_trajectory,grain,,1790854320000.0,,3.3272504881136102
2026-10-02T01:41:54+00:00,area_trajectory,grain,,1790854440000.0,,3.23100732405111
2026-10-02T01:41:54+00:00,area_trajectory,grain,,1790854560000.0,,3.2507834470979904
2026-10-02T01:41:54+00:00,area_trajectory,grain,,1790854680000.0,,3.2507834470979904
2026-10-02T01:41:54+00:00,area_trajectory,grain,,1790854800000.0,,3.2507834470979904
2026-10-02T01:41:54+00:00,area_trajectory,grain,,1790854920000.0,,3.27121874983236
2026-10-02T01:41:54+00:00,area_trajectory,grain,,1790855040000.0,,3.29132409651205
2026-10-02T01:41:54+00:00,area_trajectory,grain,,1790855160000.0,,3.29132409651205
2026-10-02T01:41:54+00:00,area_trajectory,grain,,1790855280000.0,,3.29132409651205
2026-10-02T01:41:54+00:00,area_trajectory,grain,,1790855400000.0,,3.2313369138948596
2026-10-02T01:41:54+00:00,area_trajectory,grain,,1790855520000.0,,3.21123156721517
2026-10-02T01:41:54+00:00,area_trajectory,grain,,1790855640000.0,,3.21123156721517
2026-10-02T01:41:54+00:00,area_trajectory,grain,,1790855760000.0,,3.21123156721517
2026-10-02T01:41:54+00:00,area_trajectory,grain,,1790855880000.0,,3.25012426741049
2026-10-02T01:41:54+00:00,area_trajectory,grain,,1790856000000.0,,3.2296889646761104
2026-10-02T01:41:54+00:00,area_trajectory,grain,,1790856120000.0,,3.2296889646761104
2026-10-02T01:41:54+00:00,area_trajectory,grain,,1790856240000.0,,3.2296889646761104
2026-10-02T01:41:54+00:00,area_trajectory,grain,,1790856360000.0,,3.21287951643392
2026-10-02T01:41:54+00:00,area_trajectory,grain,,1790856480000.0,,3.29000573713705
2026-10-02T01:41:54+00:00,area_trajectory,grain,,1790856600000.0,,3.29000573713705
2026-10-02T01:41:54+00:00,area_trajectory,grain,,1790856720000.0,,3.29000573713705
2026-10-02T01:41:54+00:00,area_trajectory,grain,,1790856840000.0,,3.23562194807455
2026-10-02T01:41:54+00:00,area_trajectory,grain,,1790856960000.0,,3.2570456541292403
2026-10-02T01:41:54+00:00,area_trajectory,grain,,1790857080000.0,,3.2570456541292403
2026-10-02T01:41:54+00:00,area_trajectory,grain,,1790857200000.0,,3.2570456541292403
2026-10-02T01:41:54+00:00,area_trajectory,grain,,1790857320000.0,,3.29494995100424
2026-10-02T01:41:54+00:00,area_trajectory,grain,,1790857440000.0,,3.2359515379183
2026-10-02T01:41:54+00:00,area_trajectory,grain,,1790857560000.0,,3.2359515379183
2026-10-02T01:41:54+00:00,area_trajectory,grain,,1790857680000.0,,3.2359515379183
2026-10-02T01:41:54+00:00,area_trajectory,grain,,1790857800000.0,,3.2923128660432996
2026-10-02T01:41:54+00:00,area_trajectory,grain,,1790857920000.0,,3.2923128660432996
2026-10-02T01:41:54+00:00,area_trajectory,grain,,1790858040000.0,,3.34768579084799
2026-10-02T01:41:54+00:00,area_trajectory,grain,,1790858160000.0,,3.34768579084799
2026-10-02T01:41:54+00:00,area_trajectory,grain,,1790858280000.0,,3.25407934553549
2026-10-02T01:41:54+00:00,area_trajectory,grain,,1790858400000.0,,3.29198327619955
2026-10-02T01:41:54+00:00,area_trajectory,grain,,1790858520000.0,,3.29198327619955
2026-10-02T01:41:54+00:00,area_trajectory,grain,,1790858640000.0,,3.29198327619955
2026-10-02T01:41:54+00:00,area_trajectory,grain,,1790858760000.0,,3.29198327619955
2026-10-02T01:41:54+00:00,area_trajectory,grain,,1790858880000.0,,3.25407934553549
2026-10-02T01:41:54+00:00,area_trajectory,grain,,1790859000000.0,,3.25407934553549
2026-10-02T01:41:54+00:00,area_trajectory,grain,,1790859120000.0,,3.25407934553549
2026-10-02T01:41:54+00:00,area_trajectory,grain,,1790859240000.0,,3.25407934553549
2026-10-02T01:41:54+00:00,area_trajectory,grain,,1790859360000.0,,3.2343035886995497
2026-10-02T01:41:54+00:00,area_trajectory,grain,,1790859480000.0,,3.2343035886995497
2026-10-02T01:41:54+00:00,area_trajectory,grain,,1790859600000.0,,3.2343035886995497
2026-10-02T01:41:54+00:00,area_trajectory,grain,,1790859720000.0,,3.25276098616049
2026-10-02T01:41:54+00:00,area_trajectory,grain,,1790859840000.0,,3.25276098616049
2026-10-02T01:41:54+00:00,area_trajectory,grain,,1790859960000.0,,3.2359515379183
2026-10-02T01:41:54+00:00,area_trajectory,grain,,1790860080000.0,,3.2359515379183
2026-10-02T01:41:54+00:00,area_trajectory,grain,,1790860200000.0,,3.25803478987142
2026-10-02T01:41:54+00:00,area_trajectory,grain,,1790860320000.0,,3.31703283674642
2026-10-02T01:41:54+00:00,area_trajectory,grain,,1790860440000.0,,3.31703283674642
2026-10-02T01:41:54+00:00,area_trajectory,grain,,1790860560000.0,,3.31703283674642
2026-10-02T01:41:54+00:00,area_trajectory,grain,,1790860680000.0,,3.24221374494955
2026-10-02T01:41:54+00:00,area_trajectory,grain,,1790860800000.0,,3.2817656248323597
2026-10-02T01:41:54+00:00,area_trajectory,grain,,1790860920000.0,,3.2817656248323597
2026-10-02T01:41:54+00:00,area_trajectory,grain,,1790861040000.0,,3.2817656248323597
2026-10-02T01:41:54+00:00,area_trajectory,grain,,1790861160000.0,,3.2817656248323597
2026-10-02T01:41:54+00:00,area_trajectory,grain,,1790861280000.0,,3.30154174787924
2026-10-02T01:41:54+00:00,area_trajectory,grain,,1790861400000.0,,3.30154174787924
2026-10-02T01:41:54+00:00,area_trajectory,grain,,1790861520000.0,,3.30154174787924
2026-10-02T01:41:54+00:00,area_trajectory,grain,,1790861640000.0,,3.2455096433870496
2026-10-02T01:41:54+00:00,area_trajectory,grain,,1790861760000.0,,3.26561535627767
2026-10-02T01:41:54+00:00,area_trajectory,grain,,1790861880000.0,,3.26561535627767
2026-10-02T01:41:54+00:00,area_trajectory,grain,,1790862000000.0,,3.26561535627767
2026-10-02T01:41:54+00:00,area_trajectory,grain,,1790862120000.0,,3.32362499983236
2026-10-02T01:41:54+00:00,area_trajectory,grain,,1790862240000.0,,3.2290297849886103
2026-10-02T01:41:54+00:00,area_trajectory,grain,,1790862360000.0,,3.2290297849886103
2026-10-02T01:41:54+00:00,area_trajectory,grain,,1790862480000.0,,3.2290297849886103
2026-10-02T01:41:54+00:00,area_trajectory,grain,,1790862600000.0,,3.19178503401205
2026-10-02T01:41:54+00:00,area_trajectory,grain,,1790862720000.0,,3.3081339109651697
2026-10-02T01:41:54+00:00,area_trajectory,grain,,1790862840000.0,,3.3081339109651697
2026-10-02T01:41:54+00:00,area_trajectory,grain,,1790862960000.0,,3.3081339109651697
2026-10-02T01:41:54+00:00,area_trajectory,grain,,1790863080000.0,,3.23166650373861
2026-10-02T01:41:54+00:00,area_trajectory,grain,,1790863200000.0,,3.23166650373861
2026-10-02T01:41:54+00:00,area_trajectory,grain,,1790863320000.0,,3.23166650373861
2026-10-02T01:41:54+00:00,area_trajectory,grain,,1790863440000.0,,3.23232568342611
2026-10-02T01:41:54+00:00,area_trajectory,grain,,1790863560000.0,,3.27319628889486
2026-10-02T01:41:54+00:00,area_trajectory,grain,,1790863680000.0,,3.29198327619955
2026-10-02T01:41:54+00:00,area_trajectory,grain,,1790863800000.0,,3.29198327619955
2026-10-02T01:41:54+00:00,area_trajectory,grain,,1790863920000.0,,3.29198327619955
2026-10-02T01:41:54+00:00,area_trajectory,grain,,1790864040000.0,,3.2484763181917398
2026-10-02T01:41:54+00:00,area_trajectory,grain,,1790864160000.0,,3.2876986082307997
2026-10-02T01:41:54+00:00,area_trajectory,grain,,1790864280000.0,,3.2876986082307997
2026-10-02T01:41:54+00:00,area_trajectory,grain,,1790864400000.0,,3.2876986082307997
2026-10-02T01:41:54+00:00,area_trajectory,grain,,1790864520000.0,,3.2876986082307997
2026-10-02T01:41:54+00:00,area_trajectory,grain,,1790864640000.0,,3.2306777342073603
2026-10-02T01:41:54+00:00,area_trajectory,grain,,1790864760000.0,,3.2306777342073603
2026-10-02T01:41:54+00:00,area_trajectory,grain,,1790864880000.0,,3.2306777342073603
2026-10-02T01:41:54+00:00,area_trajectory,grain,,1790865000000.0,,3.27022998030111
2026-10-02T01:41:54+00:00,area_trajectory,grain,,1790865120000.0,,3.2923128660432996
2026-10-02T01:41:54+00:00,area_trajectory,grain,,1790865240000.0,,3.2923128660432996
2026-10-02T01:41:54+00:00,area_trajectory,grain,,1790865360000.0,,3.2923128660432996
2026-10-02T01:41:54+00:00,area_trajectory,grain,,1790865480000.0,,3.1947513426058
2026-10-02T01:41:54+00:00,area_trajectory,grain,,1790865600000.0,,3.27319628889486
2026-10-02T01:41:54+00:00,area_trajectory,grain,,1790865720000.0,,3.27319628889486
2026-10-02T01:41:54+00:00,area_trajectory,grain,,1790865840000.0,,3.27319628889486
2026-10-02T01:41:54+00:00,area_trajectory,grain,,1790865960000.0,,3.27319628889486
2026-10-02T01:41:54+00:00,area_trajectory,grain,,1790866080000.0,,3.19903637678549
2026-10-02T01:41:54+00:00,area_trajectory,grain,,1790866200000.0,,3.19903637678549
2026-10-02T01:41:54+00:00,area_trajectory,grain,,1790866320000.0,,3.19903637678549
2026-10-02T01:41:54+00:00,area_trajectory,grain,,1790866440000.0,,3.19903637678549
2026-10-02T01:41:54+00:00,area_trajectory,grain,,1790866560000.0,,3.19903637678549
2026-10-02T01:41:54+00:00,area_trajectory,grain,,1790866680000.0,,3.19903637678549
2026-10-02T01:41:54+00:00,area_trajectory,grain,,1790866800000.0,,3.19903637678549
2026-10-02T01:41:54+00:00,area_trajectory,grain,,1790866920000.0,,3.2451800535433
2026-10-02T01:41:54+00:00,area_trajectory,grain,,1790867040000.0,,3.2451800535433
2026-10-02T01:41:54+00:00,area_trajectory,grain,,1790867160000.0,,3.17069055159017
2026-10-02T01:41:54+00:00,area_trajectory,grain,,1790867280000.0,,3.17069055159017
2026-10-02T01:41:54+00:00,area_trajectory,grain,,1790867400000.0,,3.26825207502767
2026-10-02T01:41:54+00:00,area_trajectory,grain,,1790867520000.0,,3.2109019773714205
2026-10-02T01:41:54+00:00,area_trajectory,grain,,1790867640000.0,,3.2109019773714205
2026-10-02T01:41:54+00:00,area_trajectory,grain,,1790867760000.0,,3.2109019773714205
2026-10-02T01:41:54+00:00,area_trajectory,grain,,1790867880000.0,,3.2109019773714205
2026-10-02T01:41:54+00:00,area_trajectory,grain,,1790868000000.0,,3.2893465574495497
2026-10-02T01:41:54+00:00,area_trajectory,grain,,1790868120000.0,,3.2893465574495497
2026-10-02T01:41:54+00:00,area_trajectory,grain,,1790868240000.0,,3.2893465574495497
2026-10-02T01:41:54+00:00,area_trajectory,grain,,1790868360000.0,,3.2118907469026703
2026-10-02T01:41:54+00:00,area_trajectory,grain,,1790868480000.0,,3.2507834470979904
2026-10-02T01:41:54+00:00,area_trajectory,grain,,1790868600000.0,,3.2507834470979904
2026-10-02T01:41:54+00:00,area_trajectory,grain,,1790868720000.0,,3.2507834470979904
2026-10-02T01:41:54+00:00,area_trajectory,grain,,1790868840000.0,,3.21386828596517
2026-10-02T01:41:54+00:00,area_trajectory,grain,,1790868960000.0,,3.25276098616049
2026-10-02T01:41:54+00:00,area_trajectory,grain,,1790869080000.0,,3.25276098616049
2026-10-02T01:41:54+00:00,area_trajectory,grain,,1790869200000.0,,3.25276098616049
2026-10-02T01:41:54+00:00,area_trajectory,grain,,1790869320000.0,,3.2155162351839204
2026-10-02T01:41:54+00:00,area_trajectory,grain,,1790869440000.0,,3.25407934553549
2026-10-02T01:41:54+00:00,area_trajectory,grain,,1790869560000.0,,3.25407934553549
2026-10-02T01:41:54+00:00,area_trajectory,grain,,1790869680000.0,,3.25407934553549
2026-10-02T01:41:54+00:00,area_trajectory,grain,,1790869800000.0,,3.27319628889486
2026-10-02T01:41:54+00:00,area_trajectory,grain,,1790869920000.0,,3.17761230451986
2026-10-02T01:41:54+00:00,area_trajectory,grain,,1790870040000.0,,3.17761230451986
2026-10-02T01:41:54+00:00,area_trajectory,grain,,1790870160000.0,,3.17761230451986
2026-10-02T01:41:54+00:00,area_trajectory,grain,,1790870280000.0,,3.19837719709799
2026-10-02T01:41:54+00:00,area_trajectory,grain,,1790870400000.0,,3.2570456541292403
2026-10-02T01:41:54+00:00,area_trajectory,grain,,1790870520000.0,,3.2570456541292403
2026-10-02T01:41:54+00:00,area_trajectory,grain,,1790870640000.0,,3.2570456541292403
2026-10-02T01:41:54+00:00,area_trajectory,grain,,1790870760000.0,,3.2570456541292403
2026-10-02T01:41:54+00:00,area_trajectory,grain,,1790870880000.0,,3.2382586668245503
2026-10-02T01:41:54+00:00,area_trajectory,grain,,1790871000000.0,,3.2382586668245503
2026-10-02T01:41:54+00:00,area_trajectory,grain,,1790871120000.0,,3.2382586668245503
2026-10-02T01:41:54+00:00,area_trajectory,grain,,1790871240000.0,,3.2198009031526698
2026-10-02T01:41:54+00:00,area_trajectory,grain,,1790871360000.0,,3.25737524397299
2026-10-02T01:41:54+00:00,area_trajectory,grain,,1790871480000.0,,3.25737524397299
2026-10-02T01:41:54+00:00,area_trajectory,grain,,1790871600000.0,,3.25737524397299
2026-10-02T01:41:54+00:00,area_trajectory,grain,,1790871720000.0,,3.2366107176058003
2026-10-02T01:41:54+00:00,area_trajectory,grain,,1790871840000.0,,3.1967288816683
2026-10-02T01:41:54+00:00,area_trajectory,grain,,1790871960000.0,,3.1967288816683
2026-10-02T01:41:54+00:00,area_trajectory,grain,,1790872080000.0,,3.1967288816683
2026-10-02T01:41:54+00:00,area_trajectory,grain,,1790872200000.0,,3.25374975569174
2026-10-02T01:41:54+00:00,area_trajectory,grain,,1790872320000.0,,3.21419787580892
2026-10-02T01:41:54+00:00,area_trajectory,grain,,1790872440000.0,,3.21419787580892
2026-10-02T01:41:54+00:00,area_trajectory,grain,,1790872560000.0,,3.21419787580892
2026-10-02T01:41:54+00:00,area_trajectory,grain,,1790872680000.0,,3.1947513426058
2026-10-02T01:41:54+00:00,area_trajectory,grain,,1790872800000.0,,3.25177221662924
2026-10-02T01:41:54+00:00,area_trajectory,grain,,1790872920000.0,,3.25177221662924
2026-10-02T01:41:54+00:00,area_trajectory,grain,,1790873040000.0,,3.25177221662924
2026-10-02T01:41:54+00:00,area_trajectory,grain,,1790873160000.0,,3.2125499265901696
2026-10-02T01:41:54+00:00,area_trajectory,grain,,1790873280000.0,,3.1914554441683003
2026-10-02T01:41:54+00:00,area_trajectory,grain,,1790873400000.0,,3.1914554441683003
2026-10-02T01:41:54+00:00,area_trajectory,grain,,1790873520000.0,,3.1914554441683003
2026-10-02T01:41:54+00:00,area_trajectory,grain,,1790873640000.0,,3.22771142561361
2026-10-02T01:41:54+00:00,area_trajectory,grain,,1790873760000.0,,3.26627453596517
2026-10-02T01:41:54+00:00,area_trajectory,grain,,1790873880000.0,,3.26627453596517
2026-10-02T01:41:54+00:00,area_trajectory,grain,,1790874000000.0,,3.26627453596517
2026-10-02T01:41:54+00:00,area_trajectory,grain,,1790874120000.0,,3.22705224592611
2026-10-02T01:41:54+00:00,area_trajectory,grain,,1790874240000.0,,3.22705224592611
2026-10-02T01:41:54+00:00,area_trajectory,grain,,1790874360000.0,,3.1888187254183
2026-10-02T01:41:54+00:00,area_trajectory,grain,,1790874480000.0,,3.1888187254183
2026-10-02T01:41:54+00:00,area_trajectory,grain,,1790874600000.0,,3.2445208738558
2026-10-02T01:41:54+00:00,area_trajectory,grain,,1790874720000.0,,3.28011767561361
2026-10-02T01:41:54+00:00,area_trajectory,grain,,1790874840000.0,,3.28011767561361
2026-10-02T01:41:54+00:00,area_trajectory,grain,,1790874960000.0,,3.28011767561361
2026-10-02T01:41:54+00:00,area_trajectory,grain,,1790875080000.0,,3.22177844221517
2026-10-02T01:41:54+00:00,area_trajectory,grain,,1790875200000.0,,3.22177844221517
2026-10-02T01:41:54+00:00,area_trajectory,grain,,1790875320000.0,,3.22177844221517
2026-10-02T01:41:54+00:00,area_trajectory,grain,,1790875440000.0,,3.22177844221517
2026-10-02T01:41:54+00:00,area_trajectory,grain,,1790875560000.0,,3.2962683103792396
2026-10-02T01:41:54+00:00,area_trajectory,grain,,1790875680000.0,,3.5250106199495503
2026-10-02T01:41:54+00:00,area_trajectory,grain,,1790875800000.0,,3.5250106199495503
2026-10-02T01:41:54+00:00,area_trajectory,grain,,1790875920000.0,,3.5250106199495503
2026-10-02T01:41:54+00:00,area_trajectory,grain,,1790876040000.0,,3.48908422834799
2026-10-02T01:41:54+00:00,area_trajectory,grain,,1790876160000.0,,3.43997387678549
2026-10-02T01:41:54+00:00,area_trajectory,grain,,1790876280000.0,,3.43997387678549
2026-10-02T01:41:54+00:00,area_trajectory,grain,,1790876400000.0,,3.43997387678549
2026-10-02T01:41:54+00:00,area_trajectory,grain,,1790876520000.0,,3.52698815901205
2026-10-02T01:41:54+00:00,area_trajectory,grain,,1790876640000.0,,3.50754162580892
2026-10-02T01:41:54+00:00,area_trajectory,grain,,1790876760000.0,,3.50754162580892
2026-10-02T01:41:54+00:00,area_trajectory,grain,,1790876880000.0,,3.50754162580892
2026-10-02T01:41:54+00:00,area_trajectory,grain,,1790877000000.0,,3.52435144026205
2026-10-02T01:41:54+00:00,area_trajectory,grain,,1790877120000.0,,3.5800535886995504
2026-10-02T01:41:54+00:00,area_trajectory,grain,,1790877240000.0,,3.5800535886995504
2026-10-02T01:41:54+00:00,area_trajectory,grain,,1790877360000.0,,3.5800535886995504
2026-10-02T01:41:54+00:00,area_trajectory,grain,,1790877480000.0,,3.52237390119955
2026-10-02T01:41:54+00:00,area_trajectory,grain,,1790877600000.0,,3.55862988264486
2026-10-02T01:41:54+00:00,area_trajectory,grain,,1790877720000.0,,3.55862988264486
2026-10-02T01:41:54+00:00,area_trajectory,grain,,1790877840000.0,,3.55862988264486
2026-10-02T01:41:54+00:00,area_trajectory,grain,,1790877960000.0,,3.55862988264486
2026-10-02T01:41:54+00:00,area_trajectory,grain,,1790878080000.0,,3.55862988264486
2026-10-02T01:41:54+00:00,area_trajectory,grain,,1790878200000.0,,3.55862988264486
2026-10-02T01:41:54+00:00,area_trajectory,grain,,1790878320000.0,,3.55862988264486
2026-10-02T01:41:54+00:00,area_trajectory,grain,,1790878440000.0,,3.6107065428011103
2026-10-02T01:41:54+00:00,area_trajectory,grain,,1790878560000.0,,3.5517081297151702
2026-10-02T01:41:54+00:00,area_trajectory,grain,,1790878680000.0,,3.5517081297151702
2026-10-02T01:41:54+00:00,area_trajectory,grain,,1790878800000.0,,3.5517081297151702
2026-10-02T01:41:54+00:00,area_trajectory,grain,,1790878920000.0,,3.0022650144808005
2026-10-02T01:41:54+00:00,area_trajectory,grain,,1790879040000.0,,2.90931793196127
2026-10-02T01:41:54+00:00,area_trajectory,grain,,1790879160000.0,,2.90931793196127
2026-10-02T01:41:54+00:00,area_trajectory,grain,,1790879280000.0,,2.90931793196127
2026-10-02T01:41:54+00:00,area_trajectory,grain,,1790879400000.0,,3.08763134748861
2026-10-02T01:41:54+00:00,area_trajectory,grain,,1790879520000.0,,3.08763134748861
2026-10-02T01:41:54+00:00,area_trajectory,grain,,1790879640000.0,,3.08763134748861
2026-10-02T01:41:54+00:00,area_trajectory,grain,,1790879760000.0,,3.08763134748861
2026-10-02T01:41:54+00:00,area_trajectory,grain,,1790879880000.0,,3.06917395002767
2026-10-02T01:41:54+00:00,area_trajectory,grain,,1790880000000.0,,3.08796093733236
2026-10-02T01:41:54+00:00,area_trajectory,grain,,1790880120000.0,,3.08796093733236
2026-10-02T01:41:54+00:00,area_trajectory,grain,,1790880240000.0,,3.08796093733236
2026-10-02T01:41:54+00:00,area_trajectory,grain,,1790880360000.0,,3.12421691877767
2026-10-02T01:41:54+00:00,area_trajectory,grain,,1790880480000.0,,3.13871960432455
2026-10-02T01:41:54+00:00,area_trajectory,grain,,1790880600000.0,,3.13871960432455
2026-10-02T01:41:54+00:00,area_trajectory,grain,,1790880720000.0,,3.13871960432455
2026-10-02T01:41:54+00:00,area_trajectory,grain,,1790880840000.0,,3.0606042478792403
2026-10-02T01:41:54+00:00,area_trajectory,grain,,1790880960000.0,,3.0606042478792403
2026-10-02T01:41:54+00:00,area_trajectory,grain,,1790881080000.0,,3.0606042478792403
2026-10-02T01:41:54+00:00,area_trajectory,grain,,1790881200000.0,,3.0606042478792403
2026-10-02T01:41:54+00:00,area_trajectory,grain,,1790881320000.0,,3.0952122801058
2026-10-02T01:41:54+00:00,area_trajectory,grain,,1790881440000.0,,3.1110329588167405
2026-10-02T01:41:54+00:00,area_trajectory,grain,,1790881560000.0,,3.1110329588167405
2026-10-02T01:41:54+00:00,area_trajectory,grain,,1790881680000.0,,3.1110329588167405
2026-10-02T01:41:54+00:00,area_trajectory,grain,,1790881800000.0,,3.1482777097933003
2026-10-02T01:41:54+00:00,area_trajectory,grain,,1790881920000.0,,3.0915867918245503
2026-10-02T01:41:54+00:00,area_trajectory,grain,,1790882040000.0,,3.0915867918245503
2026-10-02T01:41:54+00:00,area_trajectory,grain,,1790882160000.0,,3.0915867918245503
2026-10-02T01:41:54+00:00,area_trajectory,grain,,1790882280000.0,,3.0915867918245503
2026-10-02T01:41:54+00:00,area_trajectory,grain,,1790882400000.0,,3.18189697248861
2026-10-02T01:41:54+00:00,area_trajectory,grain,,1790882520000.0,,3.18189697248861
2026-10-02T01:41:54+00:00,area_trajectory,grain,,1790882640000.0,,3.18189697248861
2026-10-02T01:41:54+00:00,area_trajectory,grain,,1790882760000.0,,3.08466503889486
2026-10-02T01:41:54+00:00,area_trajectory,grain,,1790882880000.0,,3.1219097898714203
2026-10-02T01:41:54+00:00,area_trajectory,grain,,1790883000000.0,,3.1219097898714203
2026-10-02T01:41:54+00:00,area_trajectory,grain,,1790883120000.0,,3.1219097898714203
2026-10-02T01:41:54+00:00,area_trajectory,grain,,1790883240000.0,,3.13937878401205
2026-10-02T01:41:54+00:00,area_trajectory,grain,,1790883360000.0,,3.10015612776205
2026-10-02T01:41:54+00:00,area_trajectory,grain,,1790883480000.0,,3.10015612776205
2026-10-02T01:41:54+00:00,area_trajectory,grain,,1790883600000.0,,3.10015612776205
2026-10-02T01:41:54+00:00,area_trajectory,grain,,1790883720000.0,,3.1532219236604897
2026-10-02T01:41:54+00:00,area_trajectory,grain,,1790883840000.0,,3.11531799299642
2026-10-02T01:41:54+00:00,area_trajectory,grain,,1790883960000.0,,3.11531799299642
2026-10-02T01:41:54+00:00,area_trajectory,grain,,1790884080000.0,,3.11531799299642
2026-10-02T01:41:54+00:00,area_trajectory,grain,,1790884200000.0,,3.15223315412924
2026-10-02T01:41:54+00:00,area_trajectory,grain,,1790884320000.0,,3.1116921385042398
2026-10-02T01:41:54+00:00,area_trajectory,grain,,1790884440000.0,,3.1116921385042398
2026-10-02T01:41:54+00:00,area_trajectory,grain,,1790884560000.0,,3.1116921385042398
2026-10-02T01:41:54+00:00,area_trajectory,grain,,1790884680000.0,,3.0912572019808
2026-10-02T01:41:54+00:00,area_trajectory,grain,,1790884800000.0,,3.1469593504183
2026-10-02T01:41:54+00:00,area_trajectory,grain,,1790884920000.0,,3.1469593504183
2026-10-02T01:41:54+00:00,area_trajectory,grain,,1790885040000.0,,3.1469593504183
2026-10-02T01:41:54+00:00,area_trajectory,grain,,1790885160000.0,,3.1469593504183
2026-10-02T01:41:54+00:00,area_trajectory,grain,,1790885280000.0,,3.16278039534017
2026-10-02T01:41:54+00:00,area_trajectory,grain,,1790885400000.0,,3.16278039534017
2026-10-02T01:41:54+00:00,area_trajectory,grain,,1790885520000.0,,3.16278039534017
2026-10-02T01:41:54+00:00,area_trajectory,grain,,1790885640000.0,,3.14201550276205
2026-10-02T01:41:54+00:00,area_trajectory,grain,,1790885760000.0,,3.10411157209799
2026-10-02T01:41:54+00:00,area_trajectory,grain,,1790885880000.0,,3.10411157209799
2026-10-02T01:41:54+00:00,area_trajectory,grain,,1790886000000.0,,3.10411157209799
2026-10-02T01:41:54+00:00,area_trajectory,grain,,1790886120000.0,,3.1617912595979902
2026-10-02T01:41:54+00:00,area_trajectory,grain,,1790886240000.0,,3.19903637678549
2026-10-02T01:41:54+00:00,area_trajectory,grain,,1790886360000.0,,3.19903637678549
2026-10-02T01:41:54+00:00,area_trajectory,grain,,1790886480000.0,,3.19903637678549
2026-10-02T01:41:54+00:00,area_trajectory,grain,,1790886600000.0,,3.1792602537386103
2026-10-02T01:41:54+00:00,area_trajectory,grain,,1790886720000.0,,3.1973880613558
2026-10-02T01:41:54+00:00,area_trajectory,grain,,1790886840000.0,,3.1973880613558
2026-10-02T01:41:54+00:00,area_trajectory,grain,,1790886960000.0,,3.1973880613558
2026-10-02T01:41:54+00:00,area_trajectory,grain,,1790887080000.0,,3.1973880613558
2026-10-02T01:41:54+00:00,area_trajectory,grain,,1790887200000.0,,3.25968273909017
2026-10-02T01:41:54+00:00,area_trajectory,grain,,1790887320000.0,,3.25968273909017
2026-10-02T01:41:54+00:00,area_trajectory,grain,,1790887440000.0,,3.25968273909017
2026-10-02T01:41:54+00:00,area_trajectory,grain,,1790887560000.0,,3.25968273909017
2026-10-02T01:41:54+00:00,area_trajectory,grain,,1790887680000.0,,3.25968273909017
2026-10-02T01:41:54+00:00,area_trajectory,grain,,1790887800000.0,,3.25968273909017
2026-10-02T01:41:54+00:00,area_trajectory,grain,,1790887920000.0,,3.25968273909017
2026-10-02T01:41:54+00:00,area_trajectory,grain,,1790888040000.0,,3.1851928709261097
2026-10-02T01:41:54+00:00,area_trajectory,grain,,1790888160000.0,,3.2408953855745497
2026-10-02T01:41:54+00:00,area_trajectory,grain,,1790888280000.0,,3.2408953855745497
2026-10-02T01:41:54+00:00,area_trajectory,grain,,1790888400000.0,,3.2408953855745497
2026-10-02T01:41:54+00:00,area_trajectory,grain,,1790888520000.0,,3.22342675764486
2026-10-02T01:41:54+00:00,area_trajectory,grain,,1790888640000.0,,3.22342675764486
2026-10-02T01:41:54+00:00,area_trajectory,grain,,1790888760000.0,,3.2046394041292396
2026-10-02T01:41:54+00:00,area_trajectory,grain,,1790888880000.0,,3.2046394041292396
2026-10-02T01:41:54+00:00,area_trajectory,grain,,1790889000000.0,,3.24419128401205
2026-10-02T01:41:54+00:00,area_trajectory,grain,,1790889120000.0,,3.2623194578401704
2026-10-02T01:41:54+00:00,area_trajectory,grain,,1790889240000.0,,3.2623194578401704
2026-10-02T01:41:54+00:00,area_trajectory,grain,,1790889360000.0,,3.2623194578401704
2026-10-02T01:41:54+00:00,area_trajectory,grain,,1790889480000.0,,3.1888187254183
2026-10-02T01:41:54+00:00,area_trajectory,grain,,1790889600000.0,,3.2092536619417396
2026-10-02T01:41:54+00:00,area_trajectory,grain,,1790889720000.0,,3.2092536619417396
2026-10-02T01:41:54+00:00,area_trajectory,grain,,1790889840000.0,,3.2092536619417396
2026-10-02T01:41:54+00:00,area_trajectory,grain,,1790889960000.0,,3.2092536619417396
2026-10-02T01:41:54+00:00,area_trajectory,grain,,1790890080000.0,,3.26726330549642
2026-10-02T01:41:54+00:00,area_trajectory,grain,,1790890200000.0,,3.26726330549642
2026-10-02T01:41:54+00:00,area_trajectory,grain,,1790890320000.0,,3.26726330549642
2026-10-02T01:41:54+00:00,area_trajectory,grain,,1790890440000.0,,3.23100732405111
2026-10-02T01:41:54+00:00,area_trajectory,grain,,1790890560000.0,,3.25012426741049
2026-10-02T01:41:54+00:00,area_trajectory,grain,,1790890680000.0,,3.25012426741049
2026-10-02T01:41:54+00:00,area_trajectory,grain,,1790890800000.0,,3.25012426741049
2026-10-02T01:41:54+00:00,area_trajectory,grain,,1790890920000.0,,3.23232568342611
2026-10-02T01:41:54+00:00,area_trajectory,grain,,1790891040000.0,,3.29132409651205
2026-10-02T01:41:54+00:00,area_trajectory,grain,,1790891160000.0,,3.29132409651205
2026-10-02T01:41:54+00:00,area_trajectory,grain,,1790891280000.0,,3.29132409651205
2026-10-02T01:41:54+00:00,area_trajectory,grain,,1790891400000.0,,3.17662353498861
2026-10-02T01:41:54+00:00,area_trajectory,grain,,1790891520000.0,,3.23496276838705
2026-10-02T01:41:54+00:00,area_trajectory,grain,,1790891640000.0,,3.23496276838705
2026-10-02T01:41:54+00:00,area_trajectory,grain,,1790891760000.0,,3.23496276838705
2026-10-02T01:41:54+00:00,area_trajectory,grain,,1790891880000.0,,3.19903637678549
2026-10-02T01:41:54+00:00,area_trajectory,grain,,1790892000000.0,,3.25638647444174
2026-10-02T01:41:54+00:00,area_trajectory,grain,,1790892120000.0,,3.25638647444174
2026-10-02T01:41:54+00:00,area_trajectory,grain,,1790892240000.0,,3.25638647444174
2026-10-02T01:41:54+00:00,area_trajectory,grain,,1790892360000.0,,3.21947131330892
2026-10-02T01:41:54+00:00,area_trajectory,grain,,1790892480000.0,,3.2399066160433
2026-10-02T01:41:54+00:00,area_trajectory,grain,,1790892600000.0,,3.2399066160433
2026-10-02T01:41:54+00:00,area_trajectory,grain,,1790892720000.0,,3.2399066160433
2026-10-02T01:41:54+00:00,area_trajectory,grain,,1790892840000.0,,3.28044726545736
2026-10-02T01:41:54+00:00,area_trajectory,grain,,1790892960000.0,,3.1868411863558004
2026-10-02T01:41:54+00:00,area_trajectory,grain,,1790893080000.0,,3.1868411863558004
2026-10-02T01:41:54+00:00,area_trajectory,grain,,1790893200000.0,,3.1868411863558004
2026-10-02T01:41:54+00:00,area_trajectory,grain,,1790893320000.0,,3.20760571272299
2026-10-02T01:41:54+00:00,area_trajectory,grain,,1790893440000.0,,3.2857210691682996
2026-10-02T01:41:54+00:00,area_trajectory,grain,,1790893560000.0,,3.2857210691682996
2026-10-02T01:41:54+00:00,area_trajectory,grain,,1790893680000.0,,3.2857210691682996
2026-10-02T01:41:54+00:00,area_trajectory,grain,,1790893800000.0,,3.1911258543245498
2026-10-02T01:41:54+00:00,area_trajectory,grain,,1790893920000.0,,3.2306777342073603
2026-10-02T01:41:54+00:00,area_trajectory,grain,,1790894040000.0,,3.2306777342073603
2026-10-02T01:41:54+00:00,area_trajectory,grain,,1790894160000.0,,3.2306777342073603
2026-10-02T01:41:54+00:00,area_trajectory,grain,,1790894280000.0,,3.2903353269808
2026-10-02T01:41:54+00:00,area_trajectory,grain,,1790894400000.0,,3.2903353269808
2026-10-02T01:41:54+00:00,area_trajectory,grain,,1790894520000.0,,3.2903353269808
2026-10-02T01:41:54+00:00,area_trajectory,grain,,1790894640000.0,,3.2903353269808
2026-10-02T01:41:54+00:00,area_trajectory,grain,,1790894760000.0,,3.23759948713705
2026-10-02T01:41:54+00:00,area_trajectory,grain,,1790894880000.0,,3.23759948713705
2026-10-02T01:41:54+00:00,area_trajectory,grain,,1790895000000.0,,3.23759948713705
2026-10-02T01:41:54+00:00,area_trajectory,grain,,1790895120000.0,,3.23759948713705
2026-10-02T01:41:54+00:00,area_trajectory,grain,,1790895240000.0,,3.2593531492464196
2026-10-02T01:41:54+00:00,area_trajectory,grain,,1790895360000.0,,3.28011767561361
2026-10-02T01:41:54+00:00,area_trajectory,grain,,1790895480000.0,,3.28011767561361
2026-10-02T01:41:54+00:00,area_trajectory,grain,,1790895600000.0,,3.28011767561361
2026-10-02T01:41:54+00:00,area_trajectory,grain,,1790895720000.0,,3.26462658674642
2026-10-02T01:41:54+00:00,area_trajectory,grain,,1790895840000.0,,3.22771142561361
2026-10-02T01:41:54+00:00,area_trajectory,grain,,1790895960000.0,,3.22771142561361
2026-10-02T01:41:54+00:00,area_trajectory,grain,,1790896080000.0,,3.22771142561361
2026-10-02T01:41:54+00:00,area_trajectory,grain,,1790896200000.0,,3.26792248518392
2026-10-02T01:41:54+00:00,area_trajectory,grain,,1790896320000.0,,3.2319960935823597
2026-10-02T01:41:54+00:00,area_trajectory,grain,,1790896440000.0,,3.2319960935823597
2026-10-02T01:41:54+00:00,area_trajectory,grain,,1790896560000.0,,3.2319960935823597
2026-10-02T01:41:54+00:00,area_trajectory,grain,,1790896680000.0,,3.21419787580892
2026-10-02T01:41:54+00:00,area_trajectory,grain,,1790896800000.0,,3.1977176511995498
2026-10-02T01:41:54+00:00,area_trajectory,grain,,1790896920000.0,,3.1977176511995498
2026-10-02T01:41:54+00:00,area_trajectory,grain,,1790897040000.0,,3.1977176511995498
2026-10-02T01:41:54+00:00,area_trajectory,grain,,1790897160000.0,,3.21947131330892
2026-10-02T01:41:54+00:00,area_trajectory,grain,,1790897280000.0,,3.27846972639486
2026-10-02T01:41:54+00:00,area_trajectory,grain,,1790897400000.0,,3.27846972639486
2026-10-02T01:41:54+00:00,area_trajectory,grain,,1790897520000.0,,3.27846972639486
2026-10-02T01:41:54+00:00,area_trajectory,grain,,1790897640000.0,,3.2418841551057995
2026-10-02T01:41:54+00:00,area_trajectory,grain,,1790897760000.0,,3.20694653303549
2026-10-02T01:41:54+00:00,area_trajectory,grain,,1790897880000.0,,3.20694653303549
2026-10-02T01:41:54+00:00,area_trajectory,grain,,1790898000000.0,,3.20694653303549
2026-10-02T01:41:54+00:00,area_trajectory,grain,,1790898120000.0,,3.30483764631674
2026-10-02T01:41:54+00:00,area_trajectory,grain,,1790898240000.0,,3.1907962644808
2026-10-02T01:41:54+00:00,area_trajectory,grain,,1790898360000.0,,3.1907962644808
2026-10-02T01:41:54+00:00,area_trajectory,grain,,1790898480000.0,,3.1907962644808
2026-10-02T01:41:54+00:00,area_trajectory,grain,,1790898600000.0,,3.21419787580892
2026-10-02T01:41:54+00:00,area_trajectory,grain,,1790898720000.0,,3.27484423811361
2026-10-02T01:41:54+00:00,area_trajectory,grain,,1790898840000.0,,3.27484423811361
2026-10-02T01:41:54+00:00,area_trajectory,grain,,1790898960000.0,,3.27484423811361
2026-10-02T01:41:54+00:00,area_trajectory,grain,,1790899080000.0,,3.23891784651205
2026-10-02T01:41:54+00:00,area_trajectory,grain,,1790899200000.0,,3.1838745115511102
2026-10-02T01:41:54+00:00,area_trajectory,grain,,1790899320000.0,,3.1838745115511102
2026-10-02T01:41:54+00:00,area_trajectory,grain,,1790899440000.0,,3.1838745115511102
2026-10-02T01:41:54+00:00,area_trajectory,grain,,1790899560000.0,,3.2455096433870496
2026-10-02T01:41:54+00:00,area_trajectory,grain,,1790899680000.0,,3.2267226560823596
2026-10-02T01:41:54+00:00,area_trajectory,grain,,1790899800000.0,,3.2267226560823596
2026-10-02T01:41:54+00:00,area_trajectory,grain,,1790899920000.0,,3.2267226560823596
2026-10-02T01:41:54+00:00,area_trajectory,grain,,1790900040000.0,,3.21057238752767
2026-10-02T01:41:54+00:00,area_trajectory,grain,,1790900160000.0,,3.2524313963167404
2026-10-02T01:41:54+00:00,area_trajectory,grain,,1790900280000.0,,3.2524313963167404
2026-10-02T01:41:54+00:00,area_trajectory,grain,,1790900400000.0,,3.2524313963167404
2026-10-02T01:41:54+00:00,area_trajectory,grain,,1790900520000.0,,3.37273535139486
2026-10-02T01:41:54+00:00,area_trajectory,grain,,1790900640000.0,,3.26100109846517
2026-10-02T01:41:54+00:00,area_trajectory,grain,,1790900760000.0,,3.26100109846517
2026-10-02T01:41:54+00:00,area_trajectory,grain,,1790900880000.0,,3.26100109846517
2026-10-02T01:41:54+00:00,area_trajectory,grain,,1790901000000.0,,3.3424123533479904
2026-10-02T01:41:54+00:00,area_trajectory,grain,,1790901120000.0,,3.2669337156526703
2026-10-02T01:41:54+00:00,area_trajectory,grain,,1790901240000.0,,3.2669337156526703
2026-10-02T01:41:54+00:00,area_trajectory,grain,,1790901360000.0,,3.2669337156526703
2026-10-02T01:41:54+00:00,area_trajectory,grain,,1790901480000.0,,3.34768579084799
2026-10-02T01:41:54+00:00,area_trajectory,grain,,1790901600000.0,,3.25342016584799
2026-10-02T01:41:54+00:00,area_trajectory,grain,,1790901720000.0,,3.25342016584799
2026-10-02T01:41:54+00:00,area_trajectory,grain,,1790901840000.0,,3.25342016584799
2026-10-02T01:41:54+00:00,area_trajectory,grain,,1790901960000.0,,3.25342016584799
2026-10-02T01:41:54+00:00,area_trajectory,grain,,1790902080000.0,,3.3387864988558
2026-10-02T01:41:54+00:00,area_trajectory,grain,,1790902200000.0,,3.3387864988558
2026-10-02T01:41:54+00:00,area_trajectory,grain,,1790902320000.0,,3.3387864988558
2026-10-02T01:41:54+00:00,area_trajectory,grain,,1790902440000.0,,3.36086975080892
2026-10-02T01:41:54+00:00,area_trajectory,grain,,1790902560000.0,,3.32395458967611
2026-10-02T01:41:54+00:00,area_trajectory,grain,,1790902680000.0,,3.32395458967611
2026-10-02T01:41:54+00:00,area_trajectory,grain,,1790902800000.0,,3.32395458967611
2026-10-02T01:41:54+00:00,area_trajectory,grain,,1790902920000.0,,3.2886873777620496
2026-10-02T01:41:54+00:00,area_trajectory,grain,,1790903040000.0,,3.2886873777620496
2026-10-02T01:41:54+00:00,area_trajectory,grain,,1790903160000.0,,3.2886873777620496
2026-10-02T01:41:54+00:00,area_trajectory,grain,,1790903280000.0,,3.2886873777620496
2026-10-02T01:41:54+00:00,area_trajectory,grain,,1790903400000.0,,3.3328538816683
2026-10-02T01:41:54+00:00,area_trajectory,grain,,1790903520000.0,,3.29659790022299
2026-10-02T01:41:54+00:00,area_trajectory,grain,,1790903640000.0,,3.29659790022299
2026-10-02T01:41:54+00:00,area_trajectory,grain,,1790903760000.0,,3.29659790022299
2026-10-02T01:41:54+00:00,area_trajectory,grain,,1790903880000.0,,3.27945849592611
2026-10-02T01:41:54+00:00,area_trajectory,grain,,1790904000000.0,,3.3410936277620498
2026-10-02T01:41:54+00:00,area_trajectory,grain,,1790904120000.0,,3.3410936277620498
2026-10-02T01:41:54+00:00,area_trajectory,grain,,1790904240000.0,,3.3410936277620498
2026-10-02T01:41:54+00:00,area_trajectory,grain,,1790904360000.0,,3.3410936277620498
2026-10-02T01:41:54+00:00,area_trajectory,grain,,1790904480000.0,,3.28736901838705
2026-10-02T01:41:54+00:00,area_trajectory,grain,,1790904600000.0,,3.28736901838705
2026-10-02T01:41:54+00:00,area_trajectory,grain,,1790904720000.0,,3.28736901838705
2026-10-02T01:41:54+00:00,area_trajectory,grain,,1790904840000.0,,3.27154833967611
2026-10-02T01:41:54+00:00,area_trajectory,grain,,1790904960000.0,,3.33318347151205
2026-10-02T01:41:54+00:00,area_trajectory,grain,,1790905080000.0,,3.33318347151205
2026-10-02T01:41:54+00:00,area_trajectory,grain,,1790905200000.0,,3.33318347151205
2026-10-02T01:41:54+00:00,area_trajectory,grain,,1790905320000.0,,3.33318347151205
2026-10-02T01:41:54+00:00,area_trajectory,grain,,1790905440000.0,,3.26067150862142
2026-10-02T01:41:54+00:00,area_trajectory,grain,,1790905560000.0,,3.26067150862142
2026-10-02T01:41:54+00:00,area_trajectory,grain,,1790905680000.0,,3.26067150862142
2026-10-02T01:41:54+00:00,area_trajectory,grain,,1790905800000.0,,3.30351928694174
2026-10-02T01:41:54+00:00,area_trajectory,grain,,1790905920000.0,,3.28605065901205
2026-10-02T01:41:54+00:00,area_trajectory,grain,,1790906040000.0,,3.28605065901205
2026-10-02T01:41:54+00:00,area_trajectory,grain,,1790906160000.0,,3.28605065901205
2026-10-02T01:41:54+00:00,area_trajectory,grain,,1790906280000.0,,3.28605065901205
2026-10-02T01:41:54+00:00,area_trajectory,grain,,1790906400000.0,,3.28605065901205
2026-10-02T01:41:54+00:00,area_trajectory,grain,,1790906520000.0,,3.28605065901205
2026-10-02T01:41:54+00:00,area_trajectory,grain,,1790906640000.0,,3.2923128660432996
2026-10-02T01:41:54+00:00,area_trajectory,grain,,1790906760000.0,,3.2755034178011098
2026-10-02T01:41:54+00:00,area_trajectory,grain,,1790906880000.0,,3.31868115217611
2026-10-02T01:41:54+00:00,area_trajectory,grain,,1790907000000.0,,3.31868115217611
2026-10-02T01:41:54+00:00,area_trajectory,grain,,1790907120000.0,,3.31868115217611
2026-10-02T01:41:54+00:00,area_trajectory,grain,,1790907240000.0,,3.3414232176058003
2026-10-02T01:41:54+00:00,area_trajectory,grain,,1790907360000.0,,3.3249433592073596
2026-10-02T01:41:54+00:00,area_trajectory,grain,,1790907480000.0,,3.3249433592073596
2026-10-02T01:41:54+00:00,area_trajectory,grain,,1790907600000.0,,3.3249433592073596
2026-10-02T01:41:54+00:00,area_trajectory,grain,,1790907720000.0,,3.34768579084799
2026-10-02T01:41:54+00:00,area_trajectory,grain,,1790907840000.0,,3.34768579084799
2026-10-02T01:41:54+00:00,area_trajectory,grain,,1790907960000.0,,3.34768579084799
2026-10-02T01:41:54+00:00,area_trajectory,grain,,1790908080000.0,,3.34768579084799
2026-10-02T01:41:54+00:00,area_trajectory,grain,,1790908200000.0,,3.31505529768392
2026-10-02T01:41:54+00:00,area_trajectory,grain,,1790908320000.0,,3.3368089597933
2026-10-02T01:41:54+00:00,area_trajectory,grain,,1790908440000.0,,3.3368089597933
2026-10-02T01:41:54+00:00,area_trajectory,milford_haven,,1790830800000.0,,5.21011972427368
2026-10-02T01:41:54+00:00,area_trajectory,milford_haven,,1790830920000.0,,5.21011972427368
2026-10-02T01:41:54+00:00,area_trajectory,milford_haven,,1790831040000.0,,5.20767831802368
2026-10-02T01:41:54+00:00,area_trajectory,milford_haven,,1790831160000.0,,5.20767831802368
2026-10-02T01:41:54+00:00,area_trajectory,milford_haven,,1790831280000.0,,5.20767831802368
2026-10-02T01:41:54+00:00,area_trajectory,milford_haven,,1790831400000.0,,5.20767831802368
2026-10-02T01:41:54+00:00,area_trajectory,milford_haven,,1790831520000.0,,5.16861486434936
2026-10-02T01:41:54+00:00,area_trajectory,milford_haven,,1790831640000.0,,5.16861486434936
2026-10-02T01:41:54+00:00,area_trajectory,milford_haven,,1790831760000.0,,5.16861486434936
2026-10-02T01:41:54+00:00,area_trajectory,milford_haven,,1790831880000.0,,5.16861486434936
2026-10-02T01:41:54+00:00,area_trajectory,milford_haven,,1790832000000.0,,5.241858959198
2026-10-02T01:41:54+00:00,area_trajectory,milford_haven,,1790832120000.0,,5.241858959198
2026-10-02T01:41:54+00:00,area_trajectory,milford_haven,,1790832240000.0,,5.241858959198
2026-10-02T01:41:54+00:00,area_trajectory,milford_haven,,1790832360000.0,,5.241858959198
2026-10-02T01:41:54+00:00,area_trajectory,milford_haven,,1790832480000.0,,5.241858959198
2026-10-02T01:41:54+00:00,area_trajectory,milford_haven,,1790832600000.0,,5.27359867095947
2026-10-02T01:41:54+00:00,area_trajectory,milford_haven,,1790832720000.0,,5.27359867095947
2026-10-02T01:41:54+00:00,area_trajectory,milford_haven,,1790832840000.0,,5.27359867095947
2026-10-02T01:41:54+00:00,area_trajectory,milford_haven,,1790832960000.0,,5.28092288970947
2026-10-02T01:41:54+00:00,area_trajectory,milford_haven,,1790833080000.0,,5.28092288970947
2026-10-02T01:41:54+00:00,area_trajectory,milford_haven,,1790833200000.0,,5.28092288970947
2026-10-02T01:41:54+00:00,area_trajectory,milford_haven,,1790833320000.0,,5.27848148345947
2026-10-02T01:41:54+00:00,area_trajectory,milford_haven,,1790833440000.0,,5.27848148345947
2026-10-02T01:41:54+00:00,area_trajectory,milford_haven,,1790833560000.0,,5.27848148345947
2026-10-02T01:41:54+00:00,area_trajectory,milford_haven,,1790833680000.0,,5.27848148345947
2026-10-02T01:41:54+00:00,area_trajectory,milford_haven,,1790833800000.0,,5.27848148345947
2026-10-02T01:41:54+00:00,area_trajectory,milford_haven,,1790833920000.0,,5.27848148345947
2026-10-02T01:41:54+00:00,area_trajectory,milford_haven,,1790834040000.0,,5.27359867095947
2026-10-02T01:41:54+00:00,area_trajectory,milford_haven,,1790834160000.0,,5.27359867095947
2026-10-02T01:41:54+00:00,area_trajectory,milford_haven,,1790834280000.0,,5.27359867095947
2026-10-02T01:41:54+00:00,area_trajectory,milford_haven,,1790834400000.0,,5.27359867095947
2026-10-02T01:41:54+00:00,area_trajectory,milford_haven,,1790834520000.0,,5.29313039779663
2026-10-02T01:41:54+00:00,area_trajectory,milford_haven,,1790834640000.0,,5.26383256912231
2026-10-02T01:41:54+00:00,area_trajectory,milford_haven,,1790834760000.0,,5.26383256912231
2026-10-02T01:41:54+00:00,area_trajectory,milford_haven,,1790834880000.0,,5.26383256912231
2026-10-02T01:41:54+00:00,area_trajectory,milford_haven,,1790835000000.0,,5.26383256912231
2026-10-02T01:41:54+00:00,area_trajectory,milford_haven,,1790835120000.0,,5.34440135955811
2026-10-02T01:41:54+00:00,area_trajectory,milford_haven,,1790835240000.0,,5.32731103897095
2026-10-02T01:41:54+00:00,area_trajectory,milford_haven,,1790835360000.0,,5.32731103897095
2026-10-02T01:41:54+00:00,area_trajectory,milford_haven,,1790835480000.0,,5.32731103897095
2026-10-02T01:41:54+00:00,area_trajectory,milford_haven,,1790835600000.0,,5.32731103897095
2026-10-02T01:41:54+00:00,area_trajectory,milford_haven,,1790835720000.0,,5.25406646728516
2026-10-02T01:41:54+00:00,area_trajectory,milford_haven,,1790835840000.0,,5.25406646728516
2026-10-02T01:41:54+00:00,area_trajectory,milford_haven,,1790835960000.0,,5.25406646728516
2026-10-02T01:41:54+00:00,area_trajectory,milford_haven,,1790836080000.0,,5.25406646728516
2026-10-02T01:41:54+00:00,area_trajectory,milford_haven,,1790836200000.0,,5.25406646728516
2026-10-02T01:41:54+00:00,area_trajectory,milford_haven,,1790836320000.0,,5.25406646728516
2026-10-02T01:41:54+00:00,area_trajectory,milford_haven,,1790836440000.0,,5.25406646728516
2026-10-02T01:41:54+00:00,area_trajectory,milford_haven,,1790836560000.0,,5.25406646728516
2026-10-02T01:41:54+00:00,area_trajectory,milford_haven,,1790836680000.0,,5.25406646728516
2026-10-02T01:41:54+00:00,area_trajectory,milford_haven,,1790836800000.0,,5.25406646728516
2026-10-02T01:41:54+00:00,area_trajectory,milford_haven,,1790836920000.0,,5.25406646728516
2026-10-02T01:41:54+00:00,area_trajectory,milford_haven,,1790837040000.0,,5.25406646728516
2026-10-02T01:41:54+00:00,area_trajectory,milford_haven,,1790837160000.0,,5.25406646728516
2026-10-02T01:41:54+00:00,area_trajectory,milford_haven,,1790837280000.0,,5.25406646728516
2026-10-02T01:41:54+00:00,area_trajectory,milford_haven,,1790837400000.0,,5.25406646728516
2026-10-02T01:41:54+00:00,area_trajectory,milford_haven,,1790837520000.0,,5.25406646728516
2026-10-02T01:41:54+00:00,area_trajectory,milford_haven,,1790837640000.0,,5.25406646728516
2026-10-02T01:41:54+00:00,area_trajectory,milford_haven,,1790837760000.0,,5.25406646728516
2026-10-02T01:41:54+00:00,area_trajectory,milford_haven,,1790837880000.0,,5.25406646728516
2026-10-02T01:41:54+00:00,area_trajectory,milford_haven,,1790838000000.0,,5.25406646728516
2026-10-02T01:41:54+00:00,area_trajectory,milford_haven,,1790838120000.0,,5.25406646728516
2026-10-02T01:41:54+00:00,area_trajectory,milford_haven,,1790838240000.0,,5.25894975662231
2026-10-02T01:41:54+00:00,area_trajectory,milford_haven,,1790838360000.0,,5.25894975662231
2026-10-02T01:41:54+00:00,area_trajectory,milford_haven,,1790838480000.0,,5.25894975662231
2026-10-02T01:41:54+00:00,area_trajectory,milford_haven,,1790838600000.0,,5.25894975662231
2026-10-02T01:41:54+00:00,area_trajectory,milford_haven,,1790838720000.0,,5.25894975662231
2026-10-02T01:41:54+00:00,area_trajectory,milford_haven,,1790838840000.0,,5.25894975662231
2026-10-02T01:41:54+00:00,area_trajectory,milford_haven,,1790838960000.0,,5.25894975662231
2026-10-02T01:41:54+00:00,area_trajectory,milford_haven,,1790839080000.0,,5.25894975662231
2026-10-02T01:41:54+00:00,area_trajectory,milford_haven,,1790839200000.0,,5.25894975662231
2026-10-02T01:41:54+00:00,area_trajectory,milford_haven,,1790839320000.0,,5.30289602279663
2026-10-02T01:41:54+00:00,area_trajectory,milford_haven,,1790839440000.0,,5.30289602279663
2026-10-02T01:41:54+00:00,area_trajectory,milford_haven,,1790839560000.0,,5.30289602279663
2026-10-02T01:41:54+00:00,area_trajectory,milford_haven,,1790839680000.0,,5.29557180404663
2026-10-02T01:41:54+00:00,area_trajectory,milford_haven,,1790839800000.0,,5.29557180404663
2026-10-02T01:41:54+00:00,area_trajectory,milford_haven,,1790839920000.0,,5.29557180404663
2026-10-02T01:41:54+00:00,area_trajectory,milford_haven,,1790840040000.0,,5.30045461654663
2026-10-02T01:41:54+00:00,area_trajectory,milford_haven,,1790840160000.0,,5.30045461654663
2026-10-02T01:41:54+00:00,area_trajectory,milford_haven,,1790840280000.0,,5.30045461654663
2026-10-02T01:41:54+00:00,area_trajectory,milford_haven,,1790840400000.0,,5.30045461654663
2026-10-02T01:41:54+00:00,area_trajectory,milford_haven,,1790840520000.0,,5.30045461654663
2026-10-02T01:41:54+00:00,area_trajectory,milford_haven,,1790840640000.0,,5.28580570220947
2026-10-02T01:41:54+00:00,area_trajectory,milford_haven,,1790840760000.0,,5.27359867095947
2026-10-02T01:41:54+00:00,area_trajectory,milford_haven,,1790840880000.0,,5.27359867095947
2026-10-02T01:41:54+00:00,area_trajectory,milford_haven,,1790841000000.0,,5.27359867095947
2026-10-02T01:41:54+00:00,area_trajectory,milford_haven,,1790841120000.0,,5.27604007720947
2026-10-02T01:41:54+00:00,area_trajectory,milford_haven,,1790841240000.0,,5.27604007720947
2026-10-02T01:41:54+00:00,area_trajectory,milford_haven,,1790841360000.0,,5.27604007720947
2026-10-02T01:41:54+00:00,area_trajectory,milford_haven,,1790841480000.0,,5.27604007720947
2026-10-02T01:41:54+00:00,area_trajectory,milford_haven,,1790841600000.0,,5.27604007720947
2026-10-02T01:41:54+00:00,area_trajectory,milford_haven,,1790841720000.0,,5.27604007720947
2026-10-02T01:41:54+00:00,area_trajectory,milford_haven,,1790841840000.0,,5.29557180404663
2026-10-02T01:41:54+00:00,area_trajectory,milford_haven,,1790841960000.0,,5.29557180404663
2026-10-02T01:41:54+00:00,area_trajectory,milford_haven,,1790842080000.0,,5.29557180404663
2026-10-02T01:41:54+00:00,area_trajectory,milford_haven,,1790842200000.0,,5.29557180404663
2026-10-02T01:41:54+00:00,area_trajectory,milford_haven,,1790842320000.0,,5.29557180404663
2026-10-02T01:41:54+00:00,area_trajectory,milford_haven,,1790842440000.0,,5.29557180404663
2026-10-02T01:41:54+00:00,area_trajectory,milford_haven,,1790842560000.0,,5.30289602279663
2026-10-02T01:41:54+00:00,area_trajectory,milford_haven,,1790842680000.0,,5.30289602279663
2026-10-02T01:41:54+00:00,area_trajectory,milford_haven,,1790842800000.0,,5.30289602279663
2026-10-02T01:41:54+00:00,area_trajectory,milford_haven,,1790842920000.0,,5.30289602279663
2026-10-02T01:41:54+00:00,area_trajectory,milford_haven,,1790843040000.0,,5.30289602279663
2026-10-02T01:41:54+00:00,area_trajectory,milford_haven,,1790843160000.0,,5.27115678787231
2026-10-02T01:41:54+00:00,area_trajectory,milford_haven,,1790843280000.0,,5.27115678787231
2026-10-02T01:41:54+00:00,area_trajectory,milford_haven,,1790843400000.0,,5.27115678787231
2026-10-02T01:41:54+00:00,area_trajectory,milford_haven,,1790843520000.0,,5.28092288970947
2026-10-02T01:41:54+00:00,area_trajectory,milford_haven,,1790843640000.0,,5.28092288970947
2026-10-02T01:41:54+00:00,area_trajectory,milford_haven,,1790843760000.0,,5.28092288970947
2026-10-02T01:41:54+00:00,area_trajectory,milford_haven,,1790843880000.0,,5.28092288970947
2026-10-02T01:41:54+00:00,area_trajectory,milford_haven,,1790844000000.0,,5.28092288970947
2026-10-02T01:41:54+00:00,area_trajectory,milford_haven,,1790844120000.0,,5.28092288970947
2026-10-02T01:41:54+00:00,area_trajectory,milford_haven,,1790844240000.0,,5.28092288970947
2026-10-02T01:41:54+00:00,area_trajectory,milford_haven,,1790844360000.0,,5.28092288970947
2026-10-02T01:41:54+00:00,area_trajectory,milford_haven,,1790844480000.0,,5.28092288970947
2026-10-02T01:41:54+00:00,area_trajectory,milford_haven,,1790844600000.0,,5.28092288970947
2026-10-02T01:41:54+00:00,area_trajectory,milford_haven,,1790844720000.0,,5.28092288970947
2026-10-02T01:41:54+00:00,area_trajectory,milford_haven,,1790844840000.0,,5.28092288970947
2026-10-02T01:41:54+00:00,area_trajectory,milford_haven,,1790844960000.0,,5.28092288970947
2026-10-02T01:41:54+00:00,area_trajectory,milford_haven,,1790845080000.0,,5.28092288970947
2026-10-02T01:41:54+00:00,area_trajectory,milford_haven,,1790845200000.0,,5.28092288970947
2026-10-02T01:41:54+00:00,area_trajectory,milford_haven,,1790845320000.0,,5.28092288970947
2026-10-02T01:41:54+00:00,area_trajectory,milford_haven,,1790845440000.0,,5.26627397537231
2026-10-02T01:41:54+00:00,area_trajectory,milford_haven,,1790845560000.0,,5.26627397537231
2026-10-02T01:41:54+00:00,area_trajectory,milford_haven,,1790845680000.0,,5.26871538162231
2026-10-02T01:41:54+00:00,area_trajectory,milford_haven,,1790845800000.0,,5.26871538162231
2026-10-02T01:41:54+00:00,area_trajectory,milford_haven,,1790845920000.0,,5.26871538162231
2026-10-02T01:41:54+00:00,area_trajectory,milford_haven,,1790846040000.0,,5.26871538162231
2026-10-02T01:41:54+00:00,area_trajectory,milford_haven,,1790846160000.0,,5.26871538162231
2026-10-02T01:41:54+00:00,area_trajectory,milford_haven,,1790846280000.0,,5.26871538162231
2026-10-02T01:41:54+00:00,area_trajectory,milford_haven,,1790846400000.0,,5.26871538162231
2026-10-02T01:41:54+00:00,area_trajectory,milford_haven,,1790846520000.0,,5.26871538162231
2026-10-02T01:41:54+00:00,area_trajectory,milford_haven,,1790846640000.0,,5.26871538162231
2026-10-02T01:41:54+00:00,area_trajectory,milford_haven,,1790846760000.0,,5.26871538162231
2026-10-02T01:41:54+00:00,area_trajectory,milford_haven,,1790846880000.0,,5.30533790588379
2026-10-02T01:41:54+00:00,area_trajectory,milford_haven,,1790847000000.0,,5.30533790588379
2026-10-02T01:41:54+00:00,area_trajectory,milford_haven,,1790847120000.0,,5.30533790588379
2026-10-02T01:41:54+00:00,area_trajectory,milford_haven,,1790847240000.0,,5.30533790588379
2026-10-02T01:41:54+00:00,area_trajectory,milford_haven,,1790847360000.0,,5.30533790588379
2026-10-02T01:41:54+00:00,area_trajectory,milford_haven,,1790847480000.0,,5.30533790588379
2026-10-02T01:41:54+00:00,area_trajectory,milford_haven,,1790847600000.0,,5.30533790588379
2026-10-02T01:41:54+00:00,area_trajectory,milford_haven,,1790847720000.0,,5.30533790588379
2026-10-02T01:41:54+00:00,area_trajectory,milford_haven,,1790847840000.0,,5.30533790588379
2026-10-02T01:41:54+00:00,area_trajectory,milford_haven,,1790847960000.0,,5.30533790588379
2026-10-02T01:41:54+00:00,area_trajectory,milford_haven,,1790848080000.0,,5.30533790588379
2026-10-02T01:41:54+00:00,area_trajectory,milford_haven,,1790848200000.0,,5.30533790588379
2026-10-02T01:41:54+00:00,area_trajectory,milford_haven,,1790848320000.0,,5.28336429595947
2026-10-02T01:41:54+00:00,area_trajectory,milford_haven,,1790848440000.0,,5.28336429595947
2026-10-02T01:41:54+00:00,area_trajectory,milford_haven,,1790848560000.0,,5.28336429595947
2026-10-02T01:41:54+00:00,area_trajectory,milford_haven,,1790848680000.0,,5.28336429595947
2026-10-02T01:41:54+00:00,area_trajectory,milford_haven,,1790848800000.0,,5.28336429595947
2026-10-02T01:41:54+00:00,area_trajectory,milford_haven,,1790848920000.0,,5.28336429595947
2026-10-02T01:41:54+00:00,area_trajectory,milford_haven,,1790849040000.0,,5.27115678787231
2026-10-02T01:41:54+00:00,area_trajectory,milford_haven,,1790849160000.0,,5.27115678787231
2026-10-02T01:41:54+00:00,area_trajectory,milford_haven,,1790849280000.0,,5.27115678787231
2026-10-02T01:41:54+00:00,area_trajectory,milford_haven,,1790849400000.0,,5.27115678787231
2026-10-02T01:41:54+00:00,area_trajectory,milford_haven,,1790849520000.0,,5.27115678787231
2026-10-02T01:41:54+00:00,area_trajectory,milford_haven,,1790849640000.0,,5.27115678787231
2026-10-02T01:41:54+00:00,area_trajectory,milford_haven,,1790849760000.0,,5.27115678787231
2026-10-02T01:41:54+00:00,area_trajectory,milford_haven,,1790849880000.0,,5.27115678787231
2026-10-02T01:41:54+00:00,area_trajectory,milford_haven,,1790850000000.0,,5.27115678787231
2026-10-02T01:41:54+00:00,area_trajectory,milford_haven,,1790850120000.0,,5.31022071838379
2026-10-02T01:41:54+00:00,area_trajectory,milford_haven,,1790850240000.0,,5.31022071838379
2026-10-02T01:41:54+00:00,area_trajectory,milford_haven,,1790850360000.0,,5.31022071838379
2026-10-02T01:41:54+00:00,area_trajectory,milford_haven,,1790850480000.0,,5.31022071838379
2026-10-02T01:41:54+00:00,area_trajectory,milford_haven,,1790850600000.0,,5.31022071838379
2026-10-02T01:41:54+00:00,area_trajectory,milford_haven,,1790850720000.0,,5.31022071838379
2026-10-02T01:41:54+00:00,area_trajectory,milford_haven,,1790850840000.0,,5.30289602279663
2026-10-02T01:41:54+00:00,area_trajectory,milford_haven,,1790850960000.0,,5.30289602279663
2026-10-02T01:41:54+00:00,area_trajectory,milford_haven,,1790851080000.0,,5.30289602279663
2026-10-02T01:41:54+00:00,area_trajectory,milford_haven,,1790851200000.0,,5.30289602279663
2026-10-02T01:41:54+00:00,area_trajectory,milford_haven,,1790851320000.0,,5.30289602279663
2026-10-02T01:41:54+00:00,area_trajectory,milford_haven,,1790851440000.0,,5.30289602279663
2026-10-02T01:41:54+00:00,area_trajectory,milford_haven,,1790851560000.0,,5.30289602279663
2026-10-02T01:41:54+00:00,area_trajectory,milford_haven,,1790851680000.0,,5.30289602279663
2026-10-02T01:41:54+00:00,area_trajectory,milford_haven,,1790851800000.0,,5.28336429595947
2026-10-02T01:41:54+00:00,area_trajectory,milford_haven,,1790851920000.0,,5.28336429595947
2026-10-02T01:41:54+00:00,area_trajectory,milford_haven,,1790852040000.0,,5.28336429595947
2026-10-02T01:41:54+00:00,area_trajectory,milford_haven,,1790852160000.0,,5.25406646728516
2026-10-02T01:41:54+00:00,area_trajectory,milford_haven,,1790852280000.0,,5.25406646728516
2026-10-02T01:41:54+00:00,area_trajectory,milford_haven,,1790852400000.0,,5.25894975662231
2026-10-02T01:41:54+00:00,area_trajectory,milford_haven,,1790852520000.0,,5.25894975662231
2026-10-02T01:41:54+00:00,area_trajectory,milford_haven,,1790852640000.0,,5.25894975662231
2026-10-02T01:41:54+00:00,area_trajectory,milford_haven,,1790852760000.0,,5.27848148345947
2026-10-02T01:41:54+00:00,area_trajectory,milford_haven,,1790852880000.0,,5.27848148345947
2026-10-02T01:41:54+00:00,area_trajectory,milford_haven,,1790853000000.0,,5.27848148345947
2026-10-02T01:41:54+00:00,area_trajectory,milford_haven,,1790853120000.0,,5.27848148345947
2026-10-02T01:41:54+00:00,area_trajectory,milford_haven,,1790853240000.0,,5.27848148345947
2026-10-02T01:41:54+00:00,area_trajectory,milford_haven,,1790853360000.0,,5.25894975662231
2026-10-02T01:41:54+00:00,area_trajectory,milford_haven,,1790853480000.0,,5.25894975662231
2026-10-02T01:41:54+00:00,area_trajectory,milford_haven,,1790853600000.0,,5.25894975662231
2026-10-02T01:41:54+00:00,area_trajectory,milford_haven,,1790853720000.0,,5.25894975662231
2026-10-02T01:41:54+00:00,area_trajectory,milford_haven,,1790853840000.0,,5.25894975662231
2026-10-02T01:41:54+00:00,area_trajectory,milford_haven,,1790853960000.0,,5.25894975662231
2026-10-02T01:41:54+00:00,area_trajectory,milford_haven,,1790854080000.0,,5.25894975662231
2026-10-02T01:41:54+00:00,area_trajectory,milford_haven,,1790854200000.0,,5.25894975662231
2026-10-02T01:41:54+00:00,area_trajectory,milford_haven,,1790854320000.0,,5.25894975662231
2026-10-02T01:41:54+00:00,area_trajectory,milford_haven,,1790854440000.0,,5.27115678787231
2026-10-02T01:41:54+00:00,area_trajectory,milford_haven,,1790854560000.0,,5.27115678787231
2026-10-02T01:41:54+00:00,area_trajectory,milford_haven,,1790854680000.0,,5.27115678787231
2026-10-02T01:41:54+00:00,area_trajectory,milford_haven,,1790854800000.0,,5.27115678787231
2026-10-02T01:41:54+00:00,area_trajectory,milford_haven,,1790854920000.0,,5.27115678787231
2026-10-02T01:41:54+00:00,area_trajectory,milford_haven,,1790855040000.0,,5.27115678787231
2026-10-02T01:41:54+00:00,area_trajectory,milford_haven,,1790855160000.0,,5.27115678787231
2026-10-02T01:41:54+00:00,area_trajectory,milford_haven,,1790855280000.0,,5.27115678787231
2026-10-02T01:41:54+00:00,area_trajectory,milford_haven,,1790855400000.0,,5.27115678787231
2026-10-02T01:41:54+00:00,area_trajectory,milford_haven,,1790855520000.0,,5.27115678787231
2026-10-02T01:41:54+00:00,area_trajectory,milford_haven,,1790855640000.0,,5.27115678787231
2026-10-02T01:41:54+00:00,area_trajectory,milford_haven,,1790855760000.0,,5.27115678787231
2026-10-02T01:41:54+00:00,area_trajectory,milford_haven,,1790855880000.0,,5.27115678787231
2026-10-02T01:41:54+00:00,area_trajectory,milford_haven,,1790856000000.0,,5.26139116287231
2026-10-02T01:41:54+00:00,area_trajectory,milford_haven,,1790856120000.0,,5.26139116287231
2026-10-02T01:41:54+00:00,area_trajectory,milford_haven,,1790856240000.0,,5.24430084228516
2026-10-02T01:41:54+00:00,area_trajectory,milford_haven,,1790856360000.0,,5.249183654785161
2026-10-02T01:41:54+00:00,area_trajectory,milford_haven,,1790856480000.0,,5.249183654785161
2026-10-02T01:41:54+00:00,area_trajectory,milford_haven,,1790856600000.0,,5.249183654785161
2026-10-02T01:41:54+00:00,area_trajectory,milford_haven,,1790856720000.0,,5.249183654785161
2026-10-02T01:41:54+00:00,area_trajectory,milford_haven,,1790856840000.0,,5.241858959198
2026-10-02T01:41:54+00:00,area_trajectory,milford_haven,,1790856960000.0,,5.241858959198
2026-10-02T01:41:54+00:00,area_trajectory,milford_haven,,1790857080000.0,,5.241858959198
2026-10-02T01:41:54+00:00,area_trajectory,milford_haven,,1790857200000.0,,5.241858959198
2026-10-02T01:41:54+00:00,area_trajectory,milford_haven,,1790857320000.0,,5.239417552948
2026-10-02T01:41:54+00:00,area_trajectory,milford_haven,,1790857440000.0,,5.239417552948
2026-10-02T01:41:54+00:00,area_trajectory,milford_haven,,1790857560000.0,,5.239417552948
2026-10-02T01:41:54+00:00,area_trajectory,milford_haven,,1790857680000.0,,5.239417552948
2026-10-02T01:41:54+00:00,area_trajectory,milford_haven,,1790857800000.0,,5.239417552948
2026-10-02T01:41:54+00:00,area_trajectory,milford_haven,,1790857920000.0,,5.239417552948
2026-10-02T01:41:54+00:00,area_trajectory,milford_haven,,1790858040000.0,,5.239417552948
2026-10-02T01:41:54+00:00,area_trajectory,milford_haven,,1790858160000.0,,5.239417552948
2026-10-02T01:41:54+00:00,area_trajectory,milford_haven,,1790858280000.0,,5.239417552948
2026-10-02T01:41:54+00:00,area_trajectory,milford_haven,,1790858400000.0,,5.239417552948
2026-10-02T01:41:54+00:00,area_trajectory,milford_haven,,1790858520000.0,,5.239417552948
2026-10-02T01:41:54+00:00,area_trajectory,milford_haven,,1790858640000.0,,5.239417552948
2026-10-02T01:41:54+00:00,area_trajectory,milford_haven,,1790858760000.0,,5.239417552948
2026-10-02T01:41:54+00:00,area_trajectory,milford_haven,,1790858880000.0,,5.27359867095947
2026-10-02T01:41:54+00:00,area_trajectory,milford_haven,,1790859000000.0,,5.27359867095947
2026-10-02T01:41:54+00:00,area_trajectory,milford_haven,,1790859120000.0,,5.27359867095947
2026-10-02T01:41:54+00:00,area_trajectory,milford_haven,,1790859240000.0,,5.27115678787231
2026-10-02T01:41:54+00:00,area_trajectory,milford_haven,,1790859360000.0,,5.27115678787231
2026-10-02T01:41:54+00:00,area_trajectory,milford_haven,,1790859480000.0,,5.27115678787231
2026-10-02T01:41:54+00:00,area_trajectory,milford_haven,,1790859600000.0,,5.27115678787231
2026-10-02T01:41:54+00:00,area_trajectory,milford_haven,,1790859720000.0,,5.27115678787231
2026-10-02T01:41:54+00:00,area_trajectory,milford_haven,,1790859840000.0,,5.25650787353516
2026-10-02T01:41:54+00:00,area_trajectory,milford_haven,,1790859960000.0,,5.25650787353516
2026-10-02T01:41:54+00:00,area_trajectory,milford_haven,,1790860080000.0,,5.25650787353516
2026-10-02T01:41:54+00:00,area_trajectory,milford_haven,,1790860200000.0,,5.28824710845947
2026-10-02T01:41:54+00:00,area_trajectory,milford_haven,,1790860320000.0,,5.28824710845947
2026-10-02T01:41:54+00:00,area_trajectory,milford_haven,,1790860440000.0,,5.28824710845947
2026-10-02T01:41:54+00:00,area_trajectory,milford_haven,,1790860560000.0,,5.28824710845947
2026-10-02T01:41:54+00:00,area_trajectory,milford_haven,,1790860680000.0,,5.28824710845947
2026-10-02T01:41:54+00:00,area_trajectory,milford_haven,,1790860800000.0,,5.28824710845947
2026-10-02T01:41:54+00:00,area_trajectory,milford_haven,,1790860920000.0,,5.28824710845947
2026-10-02T01:41:54+00:00,area_trajectory,milford_haven,,1790861040000.0,,5.26871538162231
2026-10-02T01:41:54+00:00,area_trajectory,milford_haven,,1790861160000.0,,5.26871538162231
2026-10-02T01:41:54+00:00,area_trajectory,milford_haven,,1790861280000.0,,5.28092288970947
2026-10-02T01:41:54+00:00,area_trajectory,milford_haven,,1790861400000.0,,5.28092288970947
2026-10-02T01:41:54+00:00,area_trajectory,milford_haven,,1790861520000.0,,5.27359867095947
2026-10-02T01:41:54+00:00,area_trajectory,milford_haven,,1790861640000.0,,5.249183654785161
2026-10-02T01:41:54+00:00,area_trajectory,milford_haven,,1790861760000.0,,5.249183654785161
2026-10-02T01:41:54+00:00,area_trajectory,milford_haven,,1790861880000.0,,5.249183654785161
2026-10-02T01:41:54+00:00,area_trajectory,milford_haven,,1790862000000.0,,5.249183654785161
2026-10-02T01:41:54+00:00,area_trajectory,milford_haven,,1790862120000.0,,5.249183654785161
2026-10-02T01:41:54+00:00,area_trajectory,milford_haven,,1790862240000.0,,5.249183654785161
2026-10-02T01:41:54+00:00,area_trajectory,milford_haven,,1790862360000.0,,5.249183654785161
2026-10-02T01:41:54+00:00,area_trajectory,milford_haven,,1790862480000.0,,5.249183654785161
2026-10-02T01:41:54+00:00,area_trajectory,milford_haven,,1790862600000.0,,5.249183654785161
2026-10-02T01:41:54+00:00,area_trajectory,milford_haven,,1790862720000.0,,5.249183654785161
2026-10-02T01:41:54+00:00,area_trajectory,milford_haven,,1790862840000.0,,5.249183654785161
2026-10-02T01:41:54+00:00,area_trajectory,milford_haven,,1790862960000.0,,5.249183654785161
2026-10-02T01:41:54+00:00,area_trajectory,milford_haven,,1790863080000.0,,5.249183654785161
2026-10-02T01:41:54+00:00,area_trajectory,milford_haven,,1790863200000.0,,5.249183654785161
2026-10-02T01:41:54+00:00,area_trajectory,milford_haven,,1790863320000.0,,5.30289602279663
2026-10-02T01:41:54+00:00,area_trajectory,milford_haven,,1790863440000.0,,5.28092288970947
2026-10-02T01:41:54+00:00,area_trajectory,milford_haven,,1790863560000.0,,5.28092288970947
2026-10-02T01:41:54+00:00,area_trajectory,milford_haven,,1790863680000.0,,5.28092288970947
2026-10-02T01:41:54+00:00,area_trajectory,milford_haven,,1790863800000.0,,5.28092288970947
2026-10-02T01:41:54+00:00,area_trajectory,milford_haven,,1790863920000.0,,5.28092288970947
2026-10-02T01:41:54+00:00,area_trajectory,milford_haven,,1790864040000.0,,5.28092288970947
2026-10-02T01:41:54+00:00,area_trajectory,milford_haven,,1790864160000.0,,5.28092288970947
2026-10-02T01:41:54+00:00,area_trajectory,milford_haven,,1790864280000.0,,5.28092288970947
2026-10-02T01:41:54+00:00,area_trajectory,milford_haven,,1790864400000.0,,5.28092288970947
2026-10-02T01:41:54+00:00,area_trajectory,milford_haven,,1790864520000.0,,5.28092288970947
2026-10-02T01:41:54+00:00,area_trajectory,milford_haven,,1790864640000.0,,5.28092288970947
2026-10-02T01:41:54+00:00,area_trajectory,milford_haven,,1790864760000.0,,5.28092288970947
2026-10-02T01:41:54+00:00,area_trajectory,milford_haven,,1790864880000.0,,5.28092288970947
2026-10-02T01:41:54+00:00,area_trajectory,milford_haven,,1790865000000.0,,5.28092288970947
2026-10-02T01:41:54+00:00,area_trajectory,milford_haven,,1790865120000.0,,5.28092288970947
2026-10-02T01:41:54+00:00,area_trajectory,milford_haven,,1790865240000.0,,5.28092288970947
2026-10-02T01:41:54+00:00,area_trajectory,milford_haven,,1790865360000.0,,5.28824710845947
2026-10-02T01:41:54+00:00,area_trajectory,milford_haven,,1790865480000.0,,5.30289602279663
2026-10-02T01:41:54+00:00,area_trajectory,milford_haven,,1790865600000.0,,5.30289602279663
2026-10-02T01:41:54+00:00,area_trajectory,milford_haven,,1790865720000.0,,5.30289602279663
2026-10-02T01:41:54+00:00,area_trajectory,milford_haven,,1790865840000.0,,5.28092288970947
2026-10-02T01:41:54+00:00,area_trajectory,milford_haven,,1790865960000.0,,5.28092288970947
2026-10-02T01:41:54+00:00,area_trajectory,milford_haven,,1790866080000.0,,5.28092288970947
2026-10-02T01:41:54+00:00,area_trajectory,milford_haven,,1790866200000.0,,5.26383256912231
2026-10-02T01:41:54+00:00,area_trajectory,milford_haven,,1790866320000.0,,5.26383256912231
2026-10-02T01:41:54+00:00,area_trajectory,milford_haven,,1790866440000.0,,5.26383256912231
2026-10-02T01:41:54+00:00,area_trajectory,milford_haven,,1790866560000.0,,5.26383256912231
2026-10-02T01:41:54+00:00,area_trajectory,milford_haven,,1790866680000.0,,5.28336429595947
2026-10-02T01:41:54+00:00,area_trajectory,milford_haven,,1790866800000.0,,5.28336429595947
2026-10-02T01:41:54+00:00,area_trajectory,milford_haven,,1790866920000.0,,5.28336429595947
2026-10-02T01:41:54+00:00,area_trajectory,milford_haven,,1790867040000.0,,5.28824710845947
2026-10-02T01:41:54+00:00,area_trajectory,milford_haven,,1790867160000.0,,5.28824710845947
2026-10-02T01:41:54+00:00,area_trajectory,milford_haven,,1790867280000.0,,5.28824710845947
2026-10-02T01:41:54+00:00,area_trajectory,milford_haven,,1790867400000.0,,5.28824710845947
2026-10-02T01:41:54+00:00,area_trajectory,milford_haven,,1790867520000.0,,5.28824710845947
2026-10-02T01:41:54+00:00,area_trajectory,milford_haven,,1790867640000.0,,5.32731103897095
2026-10-02T01:41:54+00:00,area_trajectory,milford_haven,,1790867760000.0,,5.32731103897095
2026-10-02T01:41:54+00:00,area_trajectory,milford_haven,,1790867880000.0,,5.32731103897095
2026-10-02T01:41:54+00:00,area_trajectory,milford_haven,,1790868000000.0,,5.32731103897095
2026-10-02T01:41:54+00:00,area_trajectory,milford_haven,,1790868120000.0,,5.32731103897095
2026-10-02T01:41:54+00:00,area_trajectory,milford_haven,,1790868240000.0,,5.28824710845947
2026-10-02T01:41:54+00:00,area_trajectory,milford_haven,,1790868360000.0,,5.28824710845947
2026-10-02T01:41:54+00:00,area_trajectory,milford_haven,,1790868480000.0,,5.31266212463379
2026-10-02T01:41:54+00:00,area_trajectory,milford_haven,,1790868600000.0,,5.30289602279663
2026-10-02T01:41:54+00:00,area_trajectory,milford_haven,,1790868720000.0,,5.30289602279663
2026-10-02T01:41:54+00:00,area_trajectory,milford_haven,,1790868840000.0,,5.30289602279663
2026-10-02T01:41:54+00:00,area_trajectory,milford_haven,,1790868960000.0,,5.30289602279663
2026-10-02T01:41:54+00:00,area_trajectory,milford_haven,,1790869080000.0,,5.30289602279663
2026-10-02T01:41:54+00:00,area_trajectory,milford_haven,,1790869200000.0,,5.30289602279663
2026-10-02T01:41:54+00:00,area_trajectory,milford_haven,,1790869320000.0,,5.30289602279663
2026-10-02T01:41:54+00:00,area_trajectory,milford_haven,,1790869440000.0,,5.30289602279663
2026-10-02T01:41:54+00:00,area_trajectory,milford_haven,,1790869560000.0,,5.30289602279663
2026-10-02T01:41:54+00:00,area_trajectory,milford_haven,,1790869680000.0,,5.30289602279663
2026-10-02T01:41:54+00:00,area_trajectory,milford_haven,,1790869800000.0,,5.30289602279663
2026-10-02T01:41:54+00:00,area_trajectory,milford_haven,,1790869920000.0,,5.30289602279663
2026-10-02T01:41:54+00:00,area_trajectory,milford_haven,,1790870040000.0,,5.30289602279663
2026-10-02T01:41:54+00:00,area_trajectory,milford_haven,,1790870160000.0,,5.27848148345947
2026-10-02T01:41:54+00:00,area_trajectory,milford_haven,,1790870280000.0,,5.27848148345947
2026-10-02T01:41:54+00:00,area_trajectory,milford_haven,,1790870400000.0,,5.27848148345947
2026-10-02T01:41:54+00:00,area_trajectory,milford_haven,,1790870520000.0,,5.27848148345947
2026-10-02T01:41:54+00:00,area_trajectory,milford_haven,,1790870640000.0,,5.29313039779663
2026-10-02T01:41:54+00:00,area_trajectory,milford_haven,,1790870760000.0,,5.29313039779663
2026-10-02T01:41:54+00:00,area_trajectory,milford_haven,,1790870880000.0,,5.29313039779663
2026-10-02T01:41:54+00:00,area_trajectory,milford_haven,,1790871000000.0,,5.29313039779663
2026-10-02T01:41:54+00:00,area_trajectory,milford_haven,,1790871120000.0,,5.29313039779663
2026-10-02T01:41:54+00:00,area_trajectory,milford_haven,,1790871240000.0,,5.29313039779663
2026-10-02T01:41:54+00:00,area_trajectory,milford_haven,,1790871360000.0,,5.29313039779663
2026-10-02T01:41:54+00:00,area_trajectory,milford_haven,,1790871480000.0,,5.29313039779663
2026-10-02T01:41:54+00:00,area_trajectory,milford_haven,,1790871600000.0,,5.29313039779663
2026-10-02T01:41:54+00:00,area_trajectory,milford_haven,,1790871720000.0,,5.29313039779663
2026-10-02T01:41:54+00:00,area_trajectory,milford_haven,,1790871840000.0,,5.26383256912231
2026-10-02T01:41:54+00:00,area_trajectory,milford_haven,,1790871960000.0,,5.26383256912231
2026-10-02T01:41:54+00:00,area_trajectory,milford_haven,,1790872080000.0,,5.26383256912231
2026-10-02T01:41:54+00:00,area_trajectory,milford_haven,,1790872200000.0,,5.26383256912231
2026-10-02T01:41:54+00:00,area_trajectory,milford_haven,,1790872320000.0,,5.26383256912231
2026-10-02T01:41:54+00:00,area_trajectory,milford_haven,,1790872440000.0,,5.26139116287231
2026-10-02T01:41:54+00:00,area_trajectory,milford_haven,,1790872560000.0,,5.26139116287231
2026-10-02T01:41:54+00:00,area_trajectory,milford_haven,,1790872680000.0,,5.26139116287231
2026-10-02T01:41:54+00:00,area_trajectory,milford_haven,,1790872800000.0,,5.26139116287231
2026-10-02T01:41:54+00:00,area_trajectory,milford_haven,,1790872920000.0,,5.22476863861084
2026-10-02T01:41:54+00:00,area_trajectory,milford_haven,,1790873040000.0,,5.22476863861084
2026-10-02T01:41:54+00:00,area_trajectory,milford_haven,,1790873160000.0,,5.22476863861084
2026-10-02T01:41:54+00:00,area_trajectory,milford_haven,,1790873280000.0,,5.25650787353516
2026-10-02T01:41:54+00:00,area_trajectory,milford_haven,,1790873400000.0,,5.25650787353516
2026-10-02T01:41:54+00:00,area_trajectory,milford_haven,,1790873520000.0,,5.25650787353516
2026-10-02T01:41:54+00:00,area_trajectory,milford_haven,,1790873640000.0,,5.25650787353516
2026-10-02T01:41:54+00:00,area_trajectory,milford_haven,,1790873760000.0,,5.25650787353516
2026-10-02T01:41:54+00:00,area_trajectory,milford_haven,,1790873880000.0,,5.25650787353516
2026-10-02T01:41:54+00:00,area_trajectory,milford_haven,,1790874000000.0,,5.25650787353516
2026-10-02T01:41:54+00:00,area_trajectory,milford_haven,,1790874120000.0,,5.25650787353516
2026-10-02T01:41:54+00:00,area_trajectory,milford_haven,,1790874240000.0,,5.27848148345947
2026-10-02T01:41:54+00:00,area_trajectory,milford_haven,,1790874360000.0,,5.27848148345947
2026-10-02T01:41:54+00:00,area_trajectory,milford_haven,,1790874480000.0,,5.27359867095947
2026-10-02T01:41:54+00:00,area_trajectory,milford_haven,,1790874600000.0,,5.27359867095947
2026-10-02T01:41:54+00:00,area_trajectory,milford_haven,,1790874720000.0,,5.27359867095947
2026-10-02T01:41:54+00:00,area_trajectory,milford_haven,,1790874840000.0,,5.27359867095947
2026-10-02T01:41:54+00:00,area_trajectory,milford_haven,,1790874960000.0,,5.27359867095947
2026-10-02T01:41:54+00:00,area_trajectory,milford_haven,,1790875080000.0,,5.31022071838379
2026-10-02T01:41:54+00:00,area_trajectory,milford_haven,,1790875200000.0,,5.31022071838379
2026-10-02T01:41:54+00:00,area_trajectory,milford_haven,,1790875320000.0,,5.31022071838379
2026-10-02T01:41:54+00:00,area_trajectory,milford_haven,,1790875440000.0,,5.27848148345947
2026-10-02T01:41:54+00:00,area_trajectory,milford_haven,,1790875560000.0,,5.27848148345947
2026-10-02T01:41:54+00:00,area_trajectory,milford_haven,,1790875680000.0,,5.27848148345947
2026-10-02T01:41:54+00:00,area_trajectory,milford_haven,,1790875800000.0,,5.27848148345947
2026-10-02T01:41:54+00:00,area_trajectory,milford_haven,,1790875920000.0,,5.27848148345947
2026-10-02T01:41:54+00:00,area_trajectory,milford_haven,,1790876040000.0,,5.27848148345947
2026-10-02T01:41:54+00:00,area_trajectory,milford_haven,,1790876160000.0,,5.27848148345947
2026-10-02T01:41:54+00:00,area_trajectory,milford_haven,,1790876280000.0,,5.27848148345947
2026-10-02T01:41:54+00:00,area_trajectory,milford_haven,,1790876400000.0,,5.27848148345947
2026-10-02T01:41:54+00:00,area_trajectory,milford_haven,,1790876520000.0,,5.27848148345947
2026-10-02T01:41:54+00:00,area_trajectory,milford_haven,,1790876640000.0,,5.27848148345947
2026-10-02T01:41:54+00:00,area_trajectory,milford_haven,,1790876760000.0,,5.27848148345947
2026-10-02T01:41:54+00:00,area_trajectory,milford_haven,,1790876880000.0,,5.27848148345947
2026-10-02T01:41:54+00:00,area_trajectory,milford_haven,,1790877000000.0,,5.27848148345947
2026-10-02T01:41:54+00:00,area_trajectory,milford_haven,,1790877120000.0,,5.27848148345947
2026-10-02T01:41:54+00:00,area_trajectory,milford_haven,,1790877240000.0,,5.27848148345947
2026-10-02T01:41:54+00:00,area_trajectory,milford_haven,,1790877360000.0,,5.27848148345947
2026-10-02T01:41:54+00:00,area_trajectory,milford_haven,,1790877480000.0,,5.27848148345947
2026-10-02T01:41:54+00:00,area_trajectory,milford_haven,,1790877600000.0,,5.27848148345947
2026-10-02T01:41:54+00:00,area_trajectory,milford_haven,,1790877720000.0,,5.27848148345947
2026-10-02T01:41:54+00:00,area_trajectory,milford_haven,,1790877840000.0,,5.31754493713379
2026-10-02T01:41:54+00:00,area_trajectory,milford_haven,,1790877960000.0,,5.31754493713379
2026-10-02T01:41:54+00:00,area_trajectory,milford_haven,,1790878080000.0,,5.31754493713379
2026-10-02T01:41:54+00:00,area_trajectory,milford_haven,,1790878200000.0,,5.31754493713379
2026-10-02T01:41:54+00:00,area_trajectory,milford_haven,,1790878320000.0,,5.31754493713379
2026-10-02T01:41:54+00:00,area_trajectory,milford_haven,,1790878440000.0,,5.31754493713379
2026-10-02T01:41:54+00:00,area_trajectory,milford_haven,,1790878560000.0,,5.31754493713379
2026-10-02T01:41:54+00:00,area_trajectory,milford_haven,,1790878680000.0,,5.29557180404663
2026-10-02T01:41:54+00:00,area_trajectory,milford_haven,,1790878800000.0,,5.29557180404663
2026-10-02T01:41:54+00:00,area_trajectory,milford_haven,,1790878920000.0,,5.29557180404663
2026-10-02T01:41:54+00:00,area_trajectory,milford_haven,,1790879040000.0,,5.29557180404663
2026-10-02T01:41:54+00:00,area_trajectory,milford_haven,,1790879160000.0,,5.29557180404663
2026-10-02T01:41:54+00:00,area_trajectory,milford_haven,,1790879280000.0,,5.29557180404663
2026-10-02T01:41:54+00:00,area_trajectory,milford_haven,,1790879400000.0,,5.29557180404663
2026-10-02T01:41:54+00:00,area_trajectory,milford_haven,,1790879520000.0,,5.29557180404663
2026-10-02T01:41:54+00:00,area_trajectory,milford_haven,,1790879640000.0,,5.29557180404663
2026-10-02T01:41:54+00:00,area_trajectory,milford_haven,,1790879760000.0,,5.26627397537231
2026-10-02T01:41:54+00:00,area_trajectory,milford_haven,,1790879880000.0,,5.26627397537231
2026-10-02T01:41:54+00:00,area_trajectory,milford_haven,,1790880000000.0,,5.40543842315674
2026-10-02T01:41:54+00:00,area_trajectory,milford_haven,,1790880120000.0,,5.27604007720947
2026-10-02T01:41:54+00:00,area_trajectory,milford_haven,,1790880240000.0,,5.27604007720947
2026-10-02T01:41:54+00:00,area_trajectory,milford_haven,,1790880360000.0,,5.28824710845947
2026-10-02T01:41:54+00:00,area_trajectory,milford_haven,,1790880480000.0,,5.28824710845947
2026-10-02T01:41:54+00:00,area_trajectory,milford_haven,,1790880600000.0,,5.28824710845947
2026-10-02T01:41:54+00:00,area_trajectory,milford_haven,,1790880720000.0,,5.28824710845947
2026-10-02T01:41:54+00:00,area_trajectory,milford_haven,,1790880840000.0,,5.28824710845947
2026-10-02T01:41:54+00:00,area_trajectory,milford_haven,,1790880960000.0,,5.28824710845947
2026-10-02T01:41:54+00:00,area_trajectory,milford_haven,,1790881080000.0,,5.28824710845947
2026-10-02T01:41:54+00:00,area_trajectory,milford_haven,,1790881200000.0,,5.28824710845947
2026-10-02T01:41:54+00:00,area_trajectory,milford_haven,,1790881320000.0,,5.28824710845947
2026-10-02T01:41:54+00:00,area_trajectory,milford_haven,,1790881440000.0,,5.30777931213379
2026-10-02T01:41:54+00:00,area_trajectory,milford_haven,,1790881560000.0,,5.30777931213379
2026-10-02T01:41:54+00:00,area_trajectory,milford_haven,,1790881680000.0,,5.30777931213379
2026-10-02T01:41:54+00:00,area_trajectory,milford_haven,,1790881800000.0,,5.30777931213379
2026-10-02T01:41:54+00:00,area_trajectory,milford_haven,,1790881920000.0,,5.30777931213379
2026-10-02T01:41:54+00:00,area_trajectory,milford_haven,,1790882040000.0,,5.30777931213379
2026-10-02T01:41:54+00:00,area_trajectory,milford_haven,,1790882160000.0,,5.30777931213379
2026-10-02T01:41:54+00:00,area_trajectory,milford_haven,,1790882280000.0,,5.30777931213379
2026-10-02T01:41:54+00:00,area_trajectory,milford_haven,,1790882400000.0,,5.30777931213379
2026-10-02T01:41:54+00:00,area_trajectory,milford_haven,,1790882520000.0,,5.30777931213379
2026-10-02T01:41:54+00:00,area_trajectory,milford_haven,,1790882640000.0,,5.30777931213379
2026-10-02T01:41:54+00:00,area_trajectory,milford_haven,,1790882760000.0,,5.30777931213379
2026-10-02T01:41:54+00:00,area_trajectory,milford_haven,,1790882880000.0,,5.30777931213379
2026-10-02T01:41:54+00:00,area_trajectory,milford_haven,,1790883000000.0,,5.30777931213379
2026-10-02T01:41:54+00:00,area_trajectory,milford_haven,,1790883120000.0,,5.30777931213379
2026-10-02T01:41:54+00:00,area_trajectory,milford_haven,,1790883240000.0,,5.30777931213379
2026-10-02T01:41:54+00:00,area_trajectory,milford_haven,,1790883360000.0,,5.32242822647095
2026-10-02T01:41:54+00:00,area_trajectory,milford_haven,,1790883480000.0,,5.32242822647095
2026-10-02T01:41:54+00:00,area_trajectory,milford_haven,,1790883600000.0,,5.33951854705811
2026-10-02T01:41:54+00:00,area_trajectory,milford_haven,,1790883720000.0,,5.33951854705811
2026-10-02T01:41:54+00:00,area_trajectory,milford_haven,,1790883840000.0,,5.33951854705811
2026-10-02T01:41:54+00:00,area_trajectory,milford_haven,,1790883960000.0,,5.33951854705811
2026-10-02T01:41:54+00:00,area_trajectory,milford_haven,,1790884080000.0,,5.31754493713379
2026-10-02T01:41:54+00:00,area_trajectory,milford_haven,,1790884200000.0,,5.31754493713379
2026-10-02T01:41:54+00:00,area_trajectory,milford_haven,,1790884320000.0,,5.31754493713379
2026-10-02T01:41:54+00:00,area_trajectory,milford_haven,,1790884440000.0,,5.31754493713379
2026-10-02T01:41:54+00:00,area_trajectory,milford_haven,,1790884560000.0,,5.30533790588379
2026-10-02T01:41:54+00:00,area_trajectory,milford_haven,,1790884680000.0,,5.30533790588379
2026-10-02T01:41:54+00:00,area_trajectory,milford_haven,,1790884800000.0,,5.30533790588379
2026-10-02T01:41:54+00:00,area_trajectory,milford_haven,,1790884920000.0,,5.30533790588379
2026-10-02T01:41:54+00:00,area_trajectory,milford_haven,,1790885040000.0,,5.30777931213379
2026-10-02T01:41:54+00:00,area_trajectory,milford_haven,,1790885160000.0,,5.30777931213379
2026-10-02T01:41:54+00:00,area_trajectory,milford_haven,,1790885280000.0,,5.30777931213379
2026-10-02T01:41:54+00:00,area_trajectory,milford_haven,,1790885400000.0,,5.30777931213379
2026-10-02T01:41:54+00:00,area_trajectory,milford_haven,,1790885520000.0,,5.27359867095947
2026-10-02T01:41:54+00:00,area_trajectory,milford_haven,,1790885640000.0,,5.27359867095947
2026-10-02T01:41:54+00:00,area_trajectory,milford_haven,,1790885760000.0,,5.27359867095947
2026-10-02T01:41:54+00:00,area_trajectory,milford_haven,,1790885880000.0,,5.27359867095947
2026-10-02T01:41:54+00:00,area_trajectory,milford_haven,,1790886000000.0,,5.27359867095947
2026-10-02T01:41:54+00:00,area_trajectory,milford_haven,,1790886120000.0,,5.27359867095947
2026-10-02T01:41:54+00:00,area_trajectory,milford_haven,,1790886240000.0,,5.27359867095947
2026-10-02T01:41:54+00:00,area_trajectory,milford_haven,,1790886360000.0,,5.27359867095947
2026-10-02T01:41:54+00:00,area_trajectory,milford_haven,,1790886480000.0,,5.31022071838379
2026-10-02T01:41:54+00:00,area_trajectory,milford_haven,,1790886600000.0,,5.31022071838379
2026-10-02T01:41:54+00:00,area_trajectory,milford_haven,,1790886720000.0,,5.31022071838379
2026-10-02T01:41:54+00:00,area_trajectory,milford_haven,,1790886840000.0,,5.31022071838379
2026-10-02T01:41:54+00:00,area_trajectory,milford_haven,,1790886960000.0,,5.31022071838379
2026-10-02T01:41:54+00:00,area_trajectory,milford_haven,,1790887080000.0,,5.31022071838379
2026-10-02T01:41:54+00:00,area_trajectory,milford_haven,,1790887200000.0,,5.32242822647095
2026-10-02T01:41:54+00:00,area_trajectory,milford_haven,,1790887320000.0,,5.32242822647095
2026-10-02T01:41:54+00:00,area_trajectory,milford_haven,,1790887440000.0,,5.32242822647095
2026-10-02T01:41:54+00:00,area_trajectory,milford_haven,,1790887560000.0,,5.32242822647095
2026-10-02T01:41:54+00:00,area_trajectory,milford_haven,,1790887680000.0,,5.32242822647095
2026-10-02T01:41:54+00:00,area_trajectory,milford_haven,,1790887800000.0,,5.32242822647095
2026-10-02T01:41:54+00:00,area_trajectory,milford_haven,,1790887920000.0,,5.32242822647095
2026-10-02T01:41:54+00:00,area_trajectory,milford_haven,,1790888040000.0,,5.32242822647095
2026-10-02T01:41:54+00:00,area_trajectory,milford_haven,,1790888160000.0,,5.32242822647095
2026-10-02T01:41:54+00:00,area_trajectory,milford_haven,,1790888280000.0,,5.32242822647095
2026-10-02T01:41:54+00:00,area_trajectory,milford_haven,,1790888400000.0,,5.32242822647095
2026-10-02T01:41:54+00:00,area_trajectory,milford_haven,,1790888520000.0,,5.32242822647095
2026-10-02T01:41:54+00:00,area_trajectory,milford_haven,,1790888640000.0,,5.27848148345947
2026-10-02T01:41:54+00:00,area_trajectory,milford_haven,,1790888760000.0,,5.27848148345947
2026-10-02T01:41:54+00:00,area_trajectory,milford_haven,,1790888880000.0,,5.27359867095947
2026-10-02T01:41:54+00:00,area_trajectory,milford_haven,,1790889000000.0,,5.27359867095947
2026-10-02T01:41:54+00:00,area_trajectory,milford_haven,,1790889120000.0,,5.27359867095947
2026-10-02T01:41:54+00:00,area_trajectory,milford_haven,,1790889240000.0,,5.27359867095947
2026-10-02T01:41:54+00:00,area_trajectory,milford_haven,,1790889360000.0,,5.27359867095947
2026-10-02T01:41:54+00:00,area_trajectory,milford_haven,,1790889480000.0,,5.27359867095947
2026-10-02T01:41:54+00:00,area_trajectory,milford_haven,,1790889600000.0,,5.27359867095947
2026-10-02T01:41:54+00:00,area_trajectory,milford_haven,,1790889720000.0,,5.27359867095947
2026-10-02T01:41:54+00:00,area_trajectory,milford_haven,,1790889840000.0,,5.27359867095947
2026-10-02T01:41:54+00:00,area_trajectory,milford_haven,,1790889960000.0,,5.27359867095947
2026-10-02T01:41:54+00:00,area_trajectory,milford_haven,,1790890080000.0,,5.27359867095947
2026-10-02T01:41:54+00:00,area_trajectory,milford_haven,,1790890200000.0,,5.27359867095947
2026-10-02T01:41:54+00:00,area_trajectory,milford_haven,,1790890320000.0,,5.27115678787231
2026-10-02T01:41:54+00:00,area_trajectory,milford_haven,,1790890440000.0,,5.27115678787231
2026-10-02T01:41:54+00:00,area_trajectory,milford_haven,,1790890560000.0,,5.27115678787231
2026-10-02T01:41:54+00:00,area_trajectory,milford_haven,,1790890680000.0,,5.27115678787231
2026-10-02T01:41:54+00:00,area_trajectory,milford_haven,,1790890800000.0,,5.27115678787231
2026-10-02T01:41:54+00:00,area_trajectory,milford_haven,,1790890920000.0,,5.27115678787231
2026-10-02T01:41:54+00:00,area_trajectory,milford_haven,,1790891040000.0,,5.27115678787231
2026-10-02T01:41:54+00:00,area_trajectory,milford_haven,,1790891160000.0,,5.27115678787231
2026-10-02T01:41:54+00:00,area_trajectory,milford_haven,,1790891280000.0,,5.25650787353516
2026-10-02T01:41:54+00:00,area_trajectory,milford_haven,,1790891400000.0,,5.25650787353516
2026-10-02T01:41:54+00:00,area_trajectory,milford_haven,,1790891520000.0,,5.17105627059936
2026-10-02T01:41:54+00:00,area_trajectory,milford_haven,,1790891640000.0,,5.17105627059936
2026-10-02T01:41:54+00:00,area_trajectory,milford_haven,,1790891760000.0,,5.17105627059936
2026-10-02T01:41:54+00:00,area_trajectory,milford_haven,,1790891880000.0,,5.17105627059936
2026-10-02T01:41:54+00:00,area_trajectory,milford_haven,,1790892000000.0,,5.17105627059936
2026-10-02T01:41:54+00:00,area_trajectory,milford_haven,,1790892120000.0,,5.25162506103516
2026-10-02T01:41:54+00:00,area_trajectory,milford_haven,,1790892240000.0,,5.20523691177368
2026-10-02T01:41:54+00:00,area_trajectory,milford_haven,,1790892360000.0,,5.20523691177368
2026-10-02T01:41:54+00:00,area_trajectory,milford_haven,,1790892480000.0,,5.27604007720947
2026-10-02T01:41:54+00:00,area_trajectory,milford_haven,,1790892600000.0,,5.27604007720947
2026-10-02T01:41:54+00:00,area_trajectory,milford_haven,,1790892720000.0,,5.27604007720947
2026-10-02T01:41:54+00:00,area_trajectory,milford_haven,,1790892840000.0,,5.27604007720947
2026-10-02T01:41:54+00:00,area_trajectory,milford_haven,,1790892960000.0,,5.27604007720947
2026-10-02T01:41:54+00:00,area_trajectory,milford_haven,,1790893080000.0,,5.229651927948
2026-10-02T01:41:54+00:00,area_trajectory,milford_haven,,1790893200000.0,,5.229651927948
2026-10-02T01:41:54+00:00,area_trajectory,milford_haven,,1790893320000.0,,5.229651927948
2026-10-02T01:41:54+00:00,area_trajectory,milford_haven,,1790893440000.0,,5.229651927948
2026-10-02T01:41:54+00:00,area_trajectory,milford_haven,,1790893560000.0,,5.229651927948
2026-10-02T01:41:54+00:00,area_trajectory,milford_haven,,1790893680000.0,,5.229651927948
2026-10-02T01:41:54+00:00,area_trajectory,milford_haven,,1790893800000.0,,5.229651927948
2026-10-02T01:41:54+00:00,area_trajectory,milford_haven,,1790893920000.0,,5.229651927948
2026-10-02T01:41:54+00:00,area_trajectory,milford_haven,,1790894040000.0,,5.229651927948
2026-10-02T01:41:54+00:00,area_trajectory,milford_haven,,1790894160000.0,,5.229651927948
2026-10-02T01:41:54+00:00,area_trajectory,milford_haven,,1790894280000.0,,5.229651927948
2026-10-02T01:41:54+00:00,area_trajectory,milford_haven,,1790894400000.0,,5.229651927948
2026-10-02T01:41:54+00:00,area_trajectory,milford_haven,,1790894520000.0,,5.229651927948
2026-10-02T01:41:54+00:00,area_trajectory,milford_haven,,1790894640000.0,,5.229651927948
2026-10-02T01:41:54+00:00,area_trajectory,milford_haven,,1790894760000.0,,5.229651927948
2026-10-02T01:41:54+00:00,area_trajectory,milford_haven,,1790894880000.0,,5.229651927948
2026-10-02T01:41:54+00:00,area_trajectory,milford_haven,,1790895000000.0,,5.229651927948
2026-10-02T01:41:54+00:00,area_trajectory,milford_haven,,1790895120000.0,,5.31022071838379
2026-10-02T01:41:54+00:00,area_trajectory,milford_haven,,1790895240000.0,,5.31022071838379
2026-10-02T01:41:54+00:00,area_trajectory,milford_haven,,1790895360000.0,,5.31022071838379
2026-10-02T01:41:54+00:00,area_trajectory,milford_haven,,1790895480000.0,,5.29313039779663
2026-10-02T01:41:54+00:00,area_trajectory,milford_haven,,1790895600000.0,,5.29313039779663
2026-10-02T01:41:54+00:00,area_trajectory,milford_haven,,1790895720000.0,,5.29313039779663
2026-10-02T01:41:54+00:00,area_trajectory,milford_haven,,1790895840000.0,,5.28580570220947
2026-10-02T01:41:54+00:00,area_trajectory,milford_haven,,1790895960000.0,,5.28580570220947
2026-10-02T01:41:54+00:00,area_trajectory,milford_haven,,1790896080000.0,,5.28580570220947
2026-10-02T01:41:54+00:00,area_trajectory,milford_haven,,1790896200000.0,,5.28580570220947
2026-10-02T01:41:54+00:00,area_trajectory,milford_haven,,1790896320000.0,,5.28580570220947
2026-10-02T01:41:54+00:00,area_trajectory,milford_haven,,1790896440000.0,,5.28580570220947
2026-10-02T01:41:54+00:00,area_trajectory,milford_haven,,1790896560000.0,,5.28580570220947
2026-10-02T01:41:54+00:00,area_trajectory,milford_haven,,1790896680000.0,,5.28580570220947
2026-10-02T01:41:54+00:00,area_trajectory,milford_haven,,1790896800000.0,,5.28580570220947
2026-10-02T01:41:54+00:00,area_trajectory,milford_haven,,1790896920000.0,,5.28580570220947
2026-10-02T01:41:54+00:00,area_trajectory,milford_haven,,1790897040000.0,,5.28580570220947
2026-10-02T01:41:54+00:00,area_trajectory,milford_haven,,1790897160000.0,,5.28580570220947
2026-10-02T01:41:54+00:00,area_trajectory,milford_haven,,1790897280000.0,,5.28580570220947
2026-10-02T01:41:54+00:00,area_trajectory,milford_haven,,1790897400000.0,,5.28580570220947
2026-10-02T01:41:54+00:00,area_trajectory,milford_haven,,1790897520000.0,,5.28580570220947
2026-10-02T01:41:54+00:00,area_trajectory,milford_haven,,1790897640000.0,,5.28580570220947
2026-10-02T01:41:54+00:00,area_trajectory,milford_haven,,1790897760000.0,,5.28580570220947
2026-10-02T01:41:54+00:00,area_trajectory,milford_haven,,1790897880000.0,,5.28580570220947
2026-10-02T01:41:54+00:00,area_trajectory,milford_haven,,1790898000000.0,,5.28580570220947
2026-10-02T01:41:54+00:00,area_trajectory,milford_haven,,1790898120000.0,,5.28580570220947
2026-10-02T01:41:54+00:00,area_trajectory,milford_haven,,1790898240000.0,,5.18814659118652
2026-10-02T01:41:54+00:00,area_trajectory,milford_haven,,1790898360000.0,,5.18814659118652
2026-10-02T01:41:54+00:00,area_trajectory,milford_haven,,1790898480000.0,,5.18814659118652
2026-10-02T01:41:54+00:00,area_trajectory,milford_haven,,1790898600000.0,,5.18814659118652
2026-10-02T01:41:54+00:00,area_trajectory,milford_haven,,1790898720000.0,,5.18814659118652
2026-10-02T01:41:54+00:00,area_trajectory,milford_haven,,1790898840000.0,,5.24430084228516
2026-10-02T01:41:54+00:00,area_trajectory,milford_haven,,1790898960000.0,,5.24430084228516
2026-10-02T01:41:54+00:00,area_trajectory,milford_haven,,1790899080000.0,,5.24430084228516
2026-10-02T01:41:54+00:00,area_trajectory,milford_haven,,1790899200000.0,,5.24430084228516
2026-10-02T01:41:54+00:00,area_trajectory,milford_haven,,1790899320000.0,,5.24430084228516
2026-10-02T01:41:54+00:00,area_trajectory,milford_haven,,1790899440000.0,,5.28336429595947
2026-10-02T01:41:54+00:00,area_trajectory,milford_haven,,1790899560000.0,,5.20035409927368
2026-10-02T01:41:54+00:00,area_trajectory,milford_haven,,1790899680000.0,,5.20035409927368
2026-10-02T01:41:54+00:00,area_trajectory,milford_haven,,1790899800000.0,,5.24430084228516
2026-10-02T01:41:54+00:00,area_trajectory,milford_haven,,1790899920000.0,,5.24430084228516
2026-10-02T01:41:54+00:00,area_trajectory,milford_haven,,1790900040000.0,,5.24430084228516
2026-10-02T01:41:54+00:00,area_trajectory,milford_haven,,1790900160000.0,,5.239417552948
2026-10-02T01:41:54+00:00,area_trajectory,milford_haven,,1790900280000.0,,5.239417552948
2026-10-02T01:41:54+00:00,area_trajectory,milford_haven,,1790900400000.0,,5.239417552948
2026-10-02T01:41:54+00:00,area_trajectory,milford_haven,,1790900520000.0,,5.239417552948
2026-10-02T01:41:54+00:00,area_trajectory,milford_haven,,1790900640000.0,,5.239417552948
2026-10-02T01:41:54+00:00,area_trajectory,milford_haven,,1790900760000.0,,5.26871538162231
2026-10-02T01:41:54+00:00,area_trajectory,milford_haven,,1790900880000.0,,5.26871538162231
2026-10-02T01:41:54+00:00,area_trajectory,milford_haven,,1790901000000.0,,5.26871538162231
2026-10-02T01:41:54+00:00,area_trajectory,milford_haven,,1790901120000.0,,5.26871538162231
2026-10-02T01:41:54+00:00,area_trajectory,milford_haven,,1790901240000.0,,5.26871538162231
2026-10-02T01:41:54+00:00,area_trajectory,milford_haven,,1790901360000.0,,5.26871538162231
2026-10-02T01:41:54+00:00,area_trajectory,milford_haven,,1790901480000.0,,5.26871538162231
2026-10-02T01:41:54+00:00,area_trajectory,milford_haven,,1790901600000.0,,5.26871538162231
2026-10-02T01:41:54+00:00,area_trajectory,milford_haven,,1790901720000.0,,5.26871538162231
2026-10-02T01:41:54+00:00,area_trajectory,milford_haven,,1790901840000.0,,5.26871538162231
2026-10-02T01:41:54+00:00,area_trajectory,milford_haven,,1790901960000.0,,5.29068899154663
2026-10-02T01:41:54+00:00,area_trajectory,milford_haven,,1790902080000.0,,5.26383256912231
2026-10-02T01:41:54+00:00,area_trajectory,milford_haven,,1790902200000.0,,5.26383256912231
2026-10-02T01:41:54+00:00,area_trajectory,milford_haven,,1790902320000.0,,5.26383256912231
2026-10-02T01:41:54+00:00,area_trajectory,milford_haven,,1790902440000.0,,5.29801321029663
2026-10-02T01:41:54+00:00,area_trajectory,milford_haven,,1790902560000.0,,5.29801321029663
2026-10-02T01:41:54+00:00,area_trajectory,milford_haven,,1790902680000.0,,5.29801321029663
2026-10-02T01:41:54+00:00,area_trajectory,milford_haven,,1790902800000.0,,5.29801321029663
2026-10-02T01:41:54+00:00,area_trajectory,milford_haven,,1790902920000.0,,5.29801321029663
2026-10-02T01:41:54+00:00,area_trajectory,milford_haven,,1790903040000.0,,5.24430084228516
2026-10-02T01:41:54+00:00,area_trajectory,milford_haven,,1790903160000.0,,5.24430084228516
2026-10-02T01:41:54+00:00,area_trajectory,milford_haven,,1790903280000.0,,5.24430084228516
2026-10-02T01:41:54+00:00,area_trajectory,milford_haven,,1790903400000.0,,5.24430084228516
2026-10-02T01:41:54+00:00,area_trajectory,milford_haven,,1790903520000.0,,5.32486963272095
2026-10-02T01:41:54+00:00,area_trajectory,milford_haven,,1790903640000.0,,5.32486963272095
2026-10-02T01:41:54+00:00,area_trajectory,milford_haven,,1790903760000.0,,5.32486963272095
2026-10-02T01:41:54+00:00,area_trajectory,milford_haven,,1790903880000.0,,5.32486963272095
2026-10-02T01:41:54+00:00,area_trajectory,milford_haven,,1790904000000.0,,5.29313039779663
2026-10-02T01:41:54+00:00,area_trajectory,milford_haven,,1790904120000.0,,5.29557180404663
2026-10-02T01:41:54+00:00,area_trajectory,milford_haven,,1790904240000.0,,5.29557180404663
2026-10-02T01:41:54+00:00,area_trajectory,milford_haven,,1790904360000.0,,5.31266212463379
2026-10-02T01:41:54+00:00,area_trajectory,milford_haven,,1790904480000.0,,5.31266212463379
2026-10-02T01:41:54+00:00,area_trajectory,milford_haven,,1790904600000.0,,5.31266212463379
2026-10-02T01:41:54+00:00,area_trajectory,milford_haven,,1790904720000.0,,5.31266212463379
2026-10-02T01:41:54+00:00,area_trajectory,milford_haven,,1790904840000.0,,5.31266212463379
2026-10-02T01:41:54+00:00,area_trajectory,milford_haven,,1790904960000.0,,5.31266212463379
2026-10-02T01:41:54+00:00,area_trajectory,milford_haven,,1790905080000.0,,5.31266212463379
2026-10-02T01:41:54+00:00,area_trajectory,milford_haven,,1790905200000.0,,5.31266212463379
2026-10-02T01:41:54+00:00,area_trajectory,milford_haven,,1790905320000.0,,5.26871538162231
2026-10-02T01:41:54+00:00,area_trajectory,milford_haven,,1790905440000.0,,5.26871538162231
2026-10-02T01:41:54+00:00,area_trajectory,milford_haven,,1790905560000.0,,5.26871538162231
2026-10-02T01:41:54+00:00,area_trajectory,milford_haven,,1790905680000.0,,5.26871538162231
2026-10-02T01:41:54+00:00,area_trajectory,milford_haven,,1790905800000.0,,5.26871538162231
2026-10-02T01:41:54+00:00,area_trajectory,milford_haven,,1790905920000.0,,5.11490201950073
2026-10-02T01:41:54+00:00,area_trajectory,milford_haven,,1790906040000.0,,5.11490201950073
2026-10-02T01:41:54+00:00,area_trajectory,milford_haven,,1790906160000.0,,5.14908313751221
2026-10-02T01:41:54+00:00,area_trajectory,milford_haven,,1790906280000.0,,5.14908313751221
2026-10-02T01:41:54+00:00,area_trajectory,milford_haven,,1790906400000.0,,5.14908313751221
2026-10-02T01:41:54+00:00,area_trajectory,milford_haven,,1790906520000.0,,5.14908313751221
2026-10-02T01:41:54+00:00,area_trajectory,milford_haven,,1790906640000.0,,5.14908313751221
2026-10-02T01:41:54+00:00,area_trajectory,milford_haven,,1790906760000.0,,5.239417552948
2026-10-02T01:41:54+00:00,area_trajectory,milford_haven,,1790906880000.0,,5.227210521698
2026-10-02T01:41:54+00:00,area_trajectory,milford_haven,,1790907000000.0,,5.227210521698
2026-10-02T01:41:54+00:00,area_trajectory,milford_haven,,1790907120000.0,,5.227210521698
2026-10-02T01:41:54+00:00,area_trajectory,milford_haven,,1790907240000.0,,5.227210521698
2026-10-02T01:41:54+00:00,area_trajectory,milford_haven,,1790907360000.0,,5.227210521698
2026-10-02T01:41:54+00:00,area_trajectory,milford_haven,,1790907480000.0,,5.227210521698
2026-10-02T01:41:54+00:00,area_trajectory,milford_haven,,1790907600000.0,,5.227210521698
2026-10-02T01:41:54+00:00,area_trajectory,milford_haven,,1790907720000.0,,5.227210521698
2026-10-02T01:41:54+00:00,area_trajectory,milford_haven,,1790907840000.0,,5.227210521698
2026-10-02T01:41:54+00:00,area_trajectory,milford_haven,,1790907960000.0,,5.227210521698
2026-10-02T01:41:54+00:00,area_trajectory,milford_haven,,1790908080000.0,,5.20279550552368
2026-10-02T01:41:54+00:00,area_trajectory,milford_haven,,1790908200000.0,,5.232093334198
2026-10-02T01:41:54+00:00,area_trajectory,milford_haven,,1790908320000.0,,5.232093334198
2026-10-02T01:41:54+00:00,area_trajectory,milford_haven,,1790908440000.0,,5.21011972427368
2026-10-02T01:41:54+00:00,subterminal_latest,grain,nts1,,02:24,0.00
2026-10-02T01:41:54+00:00,subterminal_latest,grain,nts1,,02:26,0.00
2026-10-02T01:41:54+00:00,subterminal_latest,grain,nts1,,02:28,0.00
2026-10-02T01:41:54+00:00,subterminal_latest,grain,nts1,,02:30,0.00
2026-10-02T01:41:54+00:00,subterminal_latest,grain,nts1,,02:32,0.00
2026-10-02T01:41:54+00:00,subterminal_latest,grain,nts1,,02:34,0.00
2026-10-02T01:41:54+00:00,subterminal_latest,grain,nts2,,02:24,0.00
2026-10-02T01:41:54+00:00,subterminal_latest,grain,nts2,,02:26,0.00
2026-10-02T01:41:54+00:00,subterminal_latest,grain,nts2,,02:28,0.00
2026-10-02T01:41:54+00:00,subterminal_latest,grain,nts2,,02:30,0.00
2026-10-02T01:41:54+00:00,subterminal_latest,grain,nts2,,02:32,0.00
2026-10-02T01:41:54+00:00,subterminal_latest,grain,nts2,,02:34,0.00
2026-10-02T01:41:54+00:00,subterminal_latest,dragon,,,02:24,0.00
2026-10-02T01:41:54+00:00,subterminal_latest,dragon,,,02:26,0.00
2026-10-02T01:41:54+00:00,subterminal_latest,dragon,,,02:28,0.00
2026-10-02T01:41:54+00:00,subterminal_latest,dragon,,,02:30,0.00
2026-10-02T01:41:54+00:00,subterminal_latest,dragon,,,02:32,0.00
2026-10-02T01:41:54+00:00,subterminal_latest,dragon,,,02:34,0.00
2026-10-02T01:41:54+00:00,subterminal_latest,south_hook,,,02:24,5.23
2026-10-02T01:41:54+00:00,subterminal_latest,south_hook,,,02:26,5.20
2026-10-02T01:41:54+00:00,subterminal_latest,south_hook,,,02:28,5.20
2026-10-02T01:41:54+00:00,subterminal_latest,south_hook,,,02:30,5.23
2026-10-02T01:41:54+00:00,subterminal_latest,south_hook,,,02:32,5.23
2026-10-02T01:41:54+00:00,subterminal_latest,south_hook,,,02:34,5.21
