snapshot_utc,series,terminal,sub,epoch_ms,time_label,value_mcm_d
2026-09-03T00:16:49+00:00,area_trajectory,grain,,1788325200000.0,,3.22870019514486
2026-09-03T00:16:49+00:00,area_trajectory,grain,,1788325320000.0,,3.22870019514486
2026-09-03T00:16:49+00:00,area_trajectory,grain,,1788325440000.0,,3.22870019514486
2026-09-03T00:16:49+00:00,area_trajectory,grain,,1788325560000.0,,3.2399066160433
2026-09-03T00:16:49+00:00,area_trajectory,grain,,1788325680000.0,,3.2399066160433
2026-09-03T00:16:49+00:00,area_trajectory,grain,,1788325800000.0,,3.08367626936361
2026-09-03T00:16:49+00:00,area_trajectory,grain,,1788325920000.0,,3.08367626936361
2026-09-03T00:16:49+00:00,area_trajectory,grain,,1788326040000.0,,3.15289233381674
2026-09-03T00:16:49+00:00,area_trajectory,grain,,1788326160000.0,,3.15289233381674
2026-09-03T00:16:49+00:00,area_trajectory,grain,,1788326280000.0,,3.1172955320589204
2026-09-03T00:16:49+00:00,area_trajectory,grain,,1788326400000.0,,3.1172955320589204
2026-09-03T00:16:49+00:00,area_trajectory,grain,,1788326520000.0,,3.1532219236604897
2026-09-03T00:16:49+00:00,area_trajectory,grain,,1788326640000.0,,3.1532219236604897
2026-09-03T00:16:49+00:00,area_trajectory,grain,,1788326760000.0,,3.1532219236604897
2026-09-03T00:16:49+00:00,area_trajectory,grain,,1788326880000.0,,3.1532219236604897
2026-09-03T00:16:49+00:00,area_trajectory,grain,,1788327000000.0,,3.07741369612142
2026-09-03T00:16:49+00:00,area_trajectory,grain,,1788327120000.0,,3.07741369612142
2026-09-03T00:16:49+00:00,area_trajectory,grain,,1788327240000.0,,3.23001855451986
2026-09-03T00:16:49+00:00,area_trajectory,grain,,1788327360000.0,,3.23001855451986
2026-09-03T00:16:49+00:00,area_trajectory,grain,,1788327480000.0,,3.45678332502767
2026-09-03T00:16:49+00:00,area_trajectory,grain,,1788327600000.0,,3.45678332502767
2026-09-03T00:16:49+00:00,area_trajectory,grain,,1788327720000.0,,3.2092536619417396
2026-09-03T00:16:49+00:00,area_trajectory,grain,,1788327840000.0,,3.2092536619417396
2026-09-03T00:16:49+00:00,area_trajectory,grain,,1788327960000.0,,3.3651544187776703
2026-09-03T00:16:49+00:00,area_trajectory,grain,,1788328080000.0,,3.3651544187776703
2026-09-03T00:16:49+00:00,area_trajectory,grain,,1788328200000.0,,3.14201550276205
2026-09-03T00:16:49+00:00,area_trajectory,grain,,1788328320000.0,,3.14201550276205
2026-09-03T00:16:49+00:00,area_trajectory,grain,,1788328440000.0,,3.3819642332308
2026-09-03T00:16:49+00:00,area_trajectory,grain,,1788328560000.0,,3.3819642332308
2026-09-03T00:16:49+00:00,area_trajectory,grain,,1788328680000.0,,3.12322814924642
2026-09-03T00:16:49+00:00,area_trajectory,grain,,1788328800000.0,,3.12322814924642
2026-09-03T00:16:49+00:00,area_trajectory,grain,,1788328920000.0,,3.3391160886995497
2026-09-03T00:16:49+00:00,area_trajectory,grain,,1788329040000.0,,3.3391160886995497
2026-09-03T00:16:49+00:00,area_trajectory,grain,,1788329160000.0,,3.17497558576986
2026-09-03T00:16:49+00:00,area_trajectory,grain,,1788329280000.0,,3.17497558576986
2026-09-03T00:16:49+00:00,area_trajectory,grain,,1788329400000.0,,3.05895629866049
2026-09-03T00:16:49+00:00,area_trajectory,grain,,1788329520000.0,,3.05895629866049
2026-09-03T00:16:49+00:00,area_trajectory,grain,,1788329640000.0,,3.05895629866049
2026-09-03T00:16:49+00:00,area_trajectory,grain,,1788329760000.0,,3.05895629866049
2026-09-03T00:16:49+00:00,area_trajectory,grain,,1788329880000.0,,3.1360825193636104
2026-09-03T00:16:49+00:00,area_trajectory,grain,,1788330000000.0,,3.1360825193636104
2026-09-03T00:16:49+00:00,area_trajectory,grain,,1788330120000.0,,3.0075386350862705
2026-09-03T00:16:49+00:00,area_trajectory,grain,,1788330240000.0,,3.0075386350862705
2026-09-03T00:16:49+00:00,area_trajectory,grain,,1788330360000.0,,3.28275476057455
2026-09-03T00:16:49+00:00,area_trajectory,grain,,1788330480000.0,,3.28275476057455
2026-09-03T00:16:49+00:00,area_trajectory,grain,,1788330600000.0,,3.15750659162924
2026-09-03T00:16:49+00:00,area_trajectory,grain,,1788330720000.0,,3.15750659162924
2026-09-03T00:16:49+00:00,area_trajectory,grain,,1788330840000.0,,3.2857210691682996
2026-09-03T00:16:49+00:00,area_trajectory,grain,,1788330960000.0,,3.2857210691682996
2026-09-03T00:16:49+00:00,area_trajectory,grain,,1788331080000.0,,3.22738183576986
2026-09-03T00:16:49+00:00,area_trajectory,grain,,1788331200000.0,,3.22738183576986
2026-09-03T00:16:49+00:00,area_trajectory,grain,,1788331320000.0,,3.1512443845979896
2026-09-03T00:16:49+00:00,area_trajectory,grain,,1788331440000.0,,3.1512443845979896
2026-09-03T00:16:49+00:00,area_trajectory,grain,,1788331560000.0,,3.22342675764486
2026-09-03T00:16:49+00:00,area_trajectory,grain,,1788331680000.0,,3.22342675764486
2026-09-03T00:16:49+00:00,area_trajectory,grain,,1788331800000.0,,3.23694030744955
2026-09-03T00:16:49+00:00,area_trajectory,grain,,1788331920000.0,,3.23694030744955
2026-09-03T00:16:49+00:00,area_trajectory,grain,,1788332040000.0,,3.21650500471517
2026-09-03T00:16:49+00:00,area_trajectory,grain,,1788332160000.0,,3.21650500471517
2026-09-03T00:16:49+00:00,area_trajectory,grain,,1788332280000.0,,3.17860107405111
2026-09-03T00:16:49+00:00,area_trajectory,grain,,1788332400000.0,,3.17860107405111
2026-09-03T00:16:49+00:00,area_trajectory,grain,,1788332520000.0,,3.15684741194174
2026-09-03T00:16:49+00:00,area_trajectory,grain,,1788332640000.0,,3.1901370847933
2026-09-03T00:16:49+00:00,area_trajectory,grain,,1788332760000.0,,3.1901370847933
2026-09-03T00:16:49+00:00,area_trajectory,grain,,1788332880000.0,,3.1901370847933
2026-09-03T00:16:49+00:00,area_trajectory,grain,,1788333000000.0,,3.20661694319174
2026-09-03T00:16:49+00:00,area_trajectory,grain,,1788333120000.0,,3.20661694319174
2026-09-03T00:16:49+00:00,area_trajectory,grain,,1788333240000.0,,3.2395770261995502
2026-09-03T00:16:49+00:00,area_trajectory,grain,,1788333360000.0,,3.2395770261995502
2026-09-03T00:16:49+00:00,area_trajectory,grain,,1788333480000.0,,3.2395770261995502
2026-09-03T00:16:49+00:00,area_trajectory,grain,,1788333600000.0,,3.2395770261995502
2026-09-03T00:16:49+00:00,area_trajectory,grain,,1788333720000.0,,3.18057861311361
2026-09-03T00:16:49+00:00,area_trajectory,grain,,1788333840000.0,,3.18057861311361
2026-09-03T00:16:49+00:00,area_trajectory,grain,,1788333960000.0,,3.18057861311361
2026-09-03T00:16:49+00:00,area_trajectory,grain,,1788334080000.0,,3.18057861311361
2026-09-03T00:16:49+00:00,area_trajectory,grain,,1788334200000.0,,3.2092536619417396
2026-09-03T00:16:49+00:00,area_trajectory,grain,,1788334320000.0,,3.2092536619417396
2026-09-03T00:16:49+00:00,area_trajectory,grain,,1788334440000.0,,3.15190356428549
2026-09-03T00:16:49+00:00,area_trajectory,grain,,1788334560000.0,,3.15190356428549
2026-09-03T00:16:49+00:00,area_trajectory,grain,,1788334680000.0,,3.2408953855745497
2026-09-03T00:16:49+00:00,area_trajectory,grain,,1788334800000.0,,3.2408953855745497
2026-09-03T00:16:49+00:00,area_trajectory,grain,,1788334920000.0,,3.2408953855745497
2026-09-03T00:16:49+00:00,area_trajectory,grain,,1788335040000.0,,3.2408953855745497
2026-09-03T00:16:49+00:00,area_trajectory,grain,,1788335160000.0,,3.17958984358236
2026-09-03T00:16:49+00:00,area_trajectory,grain,,1788335280000.0,,3.17958984358236
2026-09-03T00:16:49+00:00,area_trajectory,grain,,1788335400000.0,,3.1594841306917396
2026-09-03T00:16:49+00:00,area_trajectory,grain,,1788335520000.0,,3.1594841306917396
2026-09-03T00:16:49+00:00,area_trajectory,grain,,1788335640000.0,,3.2471579588167403
2026-09-03T00:16:49+00:00,area_trajectory,grain,,1788335760000.0,,3.2471579588167403
2026-09-03T00:16:49+00:00,area_trajectory,grain,,1788335880000.0,,3.2471579588167403
2026-09-03T00:16:49+00:00,area_trajectory,grain,,1788336000000.0,,3.2471579588167403
2026-09-03T00:16:49+00:00,area_trajectory,grain,,1788336120000.0,,3.15289233381674
2026-09-03T00:16:49+00:00,area_trajectory,grain,,1788336240000.0,,3.22342675764486
2026-09-03T00:16:49+00:00,area_trajectory,grain,,1788336360000.0,,3.22342675764486
2026-09-03T00:16:49+00:00,area_trajectory,grain,,1788336480000.0,,3.22342675764486
2026-09-03T00:16:49+00:00,area_trajectory,grain,,1788336600000.0,,3.22342675764486
2026-09-03T00:16:49+00:00,area_trajectory,grain,,1788336720000.0,,3.14860729963705
2026-09-03T00:16:49+00:00,area_trajectory,grain,,1788336840000.0,,3.14860729963705
2026-09-03T00:16:49+00:00,area_trajectory,grain,,1788336960000.0,,3.14860729963705
2026-09-03T00:16:49+00:00,area_trajectory,grain,,1788337080000.0,,3.14860729963705
2026-09-03T00:16:49+00:00,area_trajectory,grain,,1788337200000.0,,3.1614616697542397
2026-09-03T00:16:49+00:00,area_trajectory,grain,,1788337320000.0,,3.1614616697542397
2026-09-03T00:16:49+00:00,area_trajectory,grain,,1788337440000.0,,3.1614616697542397
2026-09-03T00:16:49+00:00,area_trajectory,grain,,1788337560000.0,,3.1934329832308004
2026-09-03T00:16:49+00:00,area_trajectory,grain,,1788337680000.0,,3.1934329832308004
2026-09-03T00:16:49+00:00,area_trajectory,grain,,1788337800000.0,,3.2260634763948604
2026-09-03T00:16:49+00:00,area_trajectory,grain,,1788337920000.0,,3.2260634763948604
2026-09-03T00:16:49+00:00,area_trajectory,grain,,1788338040000.0,,3.17134973127767
2026-09-03T00:16:49+00:00,area_trajectory,grain,,1788338160000.0,,3.17134973127767
2026-09-03T00:16:49+00:00,area_trajectory,grain,,1788338280000.0,,3.17134973127767
2026-09-03T00:16:49+00:00,area_trajectory,grain,,1788338400000.0,,3.17134973127767
2026-09-03T00:16:49+00:00,area_trajectory,grain,,1788338520000.0,,3.20332104475424
2026-09-03T00:16:49+00:00,area_trajectory,grain,,1788338640000.0,,3.20332104475424
2026-09-03T00:16:49+00:00,area_trajectory,grain,,1788338760000.0,,3.1835449217073597
2026-09-03T00:16:49+00:00,area_trajectory,grain,,1788338880000.0,,3.1835449217073597
2026-09-03T00:16:49+00:00,area_trajectory,grain,,1788339000000.0,,3.23562194807455
2026-09-03T00:16:49+00:00,area_trajectory,grain,,1788339120000.0,,3.23562194807455
2026-09-03T00:16:49+00:00,area_trajectory,grain,,1788339240000.0,,3.23562194807455
2026-09-03T00:16:49+00:00,area_trajectory,grain,,1788339360000.0,,3.23562194807455
2026-09-03T00:16:49+00:00,area_trajectory,grain,,1788339480000.0,,3.21353869612142
2026-09-03T00:16:49+00:00,area_trajectory,grain,,1788339600000.0,,3.21353869612142
2026-09-03T00:16:49+00:00,area_trajectory,grain,,1788339720000.0,,3.1921146238558
2026-09-03T00:16:49+00:00,area_trajectory,grain,,1788339840000.0,,3.1921146238558
2026-09-03T00:16:49+00:00,area_trajectory,grain,,1788339960000.0,,3.15454028303549
2026-09-03T00:16:49+00:00,area_trajectory,grain,,1788340080000.0,,3.15454028303549
2026-09-03T00:16:49+00:00,area_trajectory,grain,,1788340200000.0,,3.17134973127767
2026-09-03T00:16:49+00:00,area_trajectory,grain,,1788340320000.0,,3.17134973127767
2026-09-03T00:16:49+00:00,area_trajectory,grain,,1788340440000.0,,3.2774809568636103
2026-09-03T00:16:49+00:00,area_trajectory,grain,,1788340560000.0,,3.2774809568636103
2026-09-03T00:16:49+00:00,area_trajectory,grain,,1788340680000.0,,3.15223315412924
2026-09-03T00:16:49+00:00,area_trajectory,grain,,1788340800000.0,,3.15223315412924
2026-09-03T00:16:49+00:00,area_trajectory,grain,,1788340920000.0,,3.2046394041292396
2026-09-03T00:16:49+00:00,area_trajectory,grain,,1788341040000.0,,3.2046394041292396
2026-09-03T00:16:49+00:00,area_trajectory,grain,,1788341160000.0,,3.2392474363558
2026-09-03T00:16:49+00:00,area_trajectory,grain,,1788341280000.0,,3.2392474363558
2026-09-03T00:16:49+00:00,area_trajectory,grain,,1788341400000.0,,3.15025561506674
2026-09-03T00:16:49+00:00,area_trajectory,grain,,1788341520000.0,,3.15025561506674
2026-09-03T00:16:49+00:00,area_trajectory,grain,,1788341640000.0,,3.1667354734651703
2026-09-03T00:16:49+00:00,area_trajectory,grain,,1788341760000.0,,3.1667354734651703
2026-09-03T00:16:49+00:00,area_trajectory,grain,,1788341880000.0,,3.1835449217073597
2026-09-03T00:16:49+00:00,area_trajectory,grain,,1788342000000.0,,3.1835449217073597
2026-09-03T00:16:49+00:00,area_trajectory,grain,,1788342120000.0,,3.2003547361604903
2026-09-03T00:16:49+00:00,area_trajectory,grain,,1788342240000.0,,3.2003547361604903
2026-09-03T00:16:49+00:00,area_trajectory,grain,,1788342360000.0,,3.18024902326986
2026-09-03T00:16:49+00:00,area_trajectory,grain,,1788342480000.0,,3.18024902326986
2026-09-03T00:16:49+00:00,area_trajectory,grain,,1788342600000.0,,3.1614616697542397
2026-09-03T00:16:49+00:00,area_trajectory,grain,,1788342720000.0,,3.1614616697542397
2026-09-03T00:16:49+00:00,area_trajectory,grain,,1788342840000.0,,3.1960697019808
2026-09-03T00:16:49+00:00,area_trajectory,grain,,1788342960000.0,,3.1769531248323597
2026-09-03T00:16:49+00:00,area_trajectory,grain,,1788343080000.0,,3.1769531248323597
2026-09-03T00:16:49+00:00,area_trajectory,grain,,1788343200000.0,,3.1769531248323597
2026-09-03T00:16:49+00:00,area_trajectory,grain,,1788343320000.0,,3.22870019514486
2026-09-03T00:16:49+00:00,area_trajectory,grain,,1788343440000.0,,3.22870019514486
2026-09-03T00:16:49+00:00,area_trajectory,grain,,1788343560000.0,,3.1729976804964197
2026-09-03T00:16:49+00:00,area_trajectory,grain,,1788343680000.0,,3.1729976804964197
2026-09-03T00:16:49+00:00,area_trajectory,grain,,1788343800000.0,,3.1729976804964197
2026-09-03T00:16:49+00:00,area_trajectory,grain,,1788343920000.0,,3.1729976804964197
2026-09-03T00:16:49+00:00,area_trajectory,grain,,1788344040000.0,,3.2085944822542403
2026-09-03T00:16:49+00:00,area_trajectory,grain,,1788344160000.0,,3.2085944822542403
2026-09-03T00:16:49+00:00,area_trajectory,grain,,1788344280000.0,,3.2408953855745497
2026-09-03T00:16:49+00:00,area_trajectory,grain,,1788344400000.0,,3.2408953855745497
2026-09-03T00:16:49+00:00,area_trajectory,grain,,1788344520000.0,,3.1868411863558004
2026-09-03T00:16:49+00:00,area_trajectory,grain,,1788344640000.0,,3.1868411863558004
2026-09-03T00:16:49+00:00,area_trajectory,grain,,1788344760000.0,,3.20529858381674
2026-09-03T00:16:49+00:00,area_trajectory,grain,,1788344880000.0,,3.20529858381674
2026-09-03T00:16:49+00:00,area_trajectory,grain,,1788345000000.0,,3.23562194807455
2026-09-03T00:16:49+00:00,area_trajectory,grain,,1788345120000.0,,3.23562194807455
2026-09-03T00:16:49+00:00,area_trajectory,grain,,1788345240000.0,,3.16310998518392
2026-09-03T00:16:49+00:00,area_trajectory,grain,,1788345360000.0,,3.16310998518392
2026-09-03T00:16:49+00:00,area_trajectory,grain,,1788345480000.0,,3.16310998518392
2026-09-03T00:16:49+00:00,area_trajectory,grain,,1788345600000.0,,3.16310998518392
2026-09-03T00:16:49+00:00,area_trajectory,grain,,1788345720000.0,,3.16310998518392
2026-09-03T00:16:49+00:00,area_trajectory,grain,,1788345840000.0,,3.16310998518392
2026-09-03T00:16:49+00:00,area_trajectory,grain,,1788345960000.0,,3.18189697248861
2026-09-03T00:16:49+00:00,area_trajectory,grain,,1788346080000.0,,3.18189697248861
2026-09-03T00:16:49+00:00,area_trajectory,grain,,1788346200000.0,,3.1650875242464203
2026-09-03T00:16:49+00:00,area_trajectory,grain,,1788346320000.0,,3.1650875242464203
2026-09-03T00:16:49+00:00,area_trajectory,grain,,1788346440000.0,,3.21353869612142
2026-09-03T00:16:49+00:00,area_trajectory,grain,,1788346560000.0,,3.21353869612142
2026-09-03T00:16:49+00:00,area_trajectory,grain,,1788346680000.0,,3.19639929182455
2026-09-03T00:16:49+00:00,area_trajectory,grain,,1788346800000.0,,3.19639929182455
2026-09-03T00:16:49+00:00,area_trajectory,grain,,1788346920000.0,,3.19639929182455
2026-09-03T00:16:49+00:00,area_trajectory,grain,,1788347040000.0,,3.1980476072542396
2026-09-03T00:16:49+00:00,area_trajectory,grain,,1788347160000.0,,3.0543418577425205
2026-09-03T00:16:49+00:00,area_trajectory,grain,,1788347280000.0,,3.0543418577425205
2026-09-03T00:16:49+00:00,area_trajectory,grain,,1788347400000.0,,3.13443457014486
2026-09-03T00:16:49+00:00,area_trajectory,grain,,1788347520000.0,,3.13443457014486
2026-09-03T00:16:49+00:00,area_trajectory,grain,,1788347640000.0,,3.0091867674104904
2026-09-03T00:16:49+00:00,area_trajectory,grain,,1788347760000.0,,3.0091867674104904
2026-09-03T00:16:49+00:00,area_trajectory,grain,,1788347880000.0,,4.96799890119955
2026-09-03T00:16:49+00:00,area_trajectory,grain,,1788348000000.0,,4.96799890119955
2026-09-03T00:16:49+00:00,area_trajectory,grain,,1788348120000.0,,3.46634179670736
2026-09-03T00:16:49+00:00,area_trajectory,grain,,1788348240000.0,,3.46634179670736
2026-09-03T00:16:49+00:00,area_trajectory,grain,,1788348360000.0,,3.31802197248861
2026-09-03T00:16:49+00:00,area_trajectory,grain,,1788348480000.0,,3.31802197248861
2026-09-03T00:16:49+00:00,area_trajectory,grain,,1788348600000.0,,3.5955450437776695
2026-09-03T00:16:49+00:00,area_trajectory,grain,,1788348720000.0,,3.5955450437776695
2026-09-03T00:16:49+00:00,area_trajectory,grain,,1788348840000.0,,3.26825207502767
2026-09-03T00:16:49+00:00,area_trajectory,grain,,1788348960000.0,,3.26825207502767
2026-09-03T00:16:49+00:00,area_trajectory,grain,,1788349080000.0,,2.7095804441683002
2026-09-03T00:16:49+00:00,area_trajectory,grain,,1788349200000.0,,2.7095804441683002
2026-09-03T00:16:49+00:00,area_trajectory,grain,,1788349320000.0,,3.30253051741049
2026-09-03T00:16:49+00:00,area_trajectory,grain,,1788349440000.0,,3.30253051741049
2026-09-03T00:16:49+00:00,area_trajectory,grain,,1788349560000.0,,2.77747796614096
2026-09-03T00:16:49+00:00,area_trajectory,grain,,1788349680000.0,,2.77747796614096
2026-09-03T00:16:49+00:00,area_trajectory,grain,,1788349800000.0,,3.2432025144808
2026-09-03T00:16:49+00:00,area_trajectory,grain,,1788349920000.0,,3.2432025144808
2026-09-03T00:16:49+00:00,area_trajectory,grain,,1788350040000.0,,3.0187450559847098
2026-09-03T00:16:49+00:00,area_trajectory,grain,,1788350160000.0,,3.0187450559847098
2026-09-03T00:16:49+00:00,area_trajectory,grain,,1788350280000.0,,3.11070336897299
2026-09-03T00:16:49+00:00,area_trajectory,grain,,1788350400000.0,,3.11070336897299
2026-09-03T00:16:49+00:00,area_trajectory,grain,,1788350520000.0,,3.17860107405111
2026-09-03T00:16:49+00:00,area_trajectory,grain,,1788350640000.0,,3.17860107405111
2026-09-03T00:16:49+00:00,area_trajectory,grain,,1788350760000.0,,3.10872582991049
2026-09-03T00:16:49+00:00,area_trajectory,grain,,1788350880000.0,,3.10872582991049
2026-09-03T00:16:49+00:00,area_trajectory,grain,,1788351000000.0,,3.2155162351839204
2026-09-03T00:16:49+00:00,area_trajectory,grain,,1788351120000.0,,3.2155162351839204
2026-09-03T00:16:49+00:00,area_trajectory,grain,,1788351240000.0,,3.1647579344026697
2026-09-03T00:16:49+00:00,area_trajectory,grain,,1788351360000.0,,3.1647579344026697
2026-09-03T00:16:49+00:00,area_trajectory,grain,,1788351480000.0,,3.1822265623323602
2026-09-03T00:16:49+00:00,area_trajectory,grain,,1788351600000.0,,3.1822265623323602
2026-09-03T00:16:49+00:00,area_trajectory,grain,,1788351720000.0,,3.1456409910433
2026-09-03T00:16:49+00:00,area_trajectory,grain,,1788351840000.0,,3.1456409910433
2026-09-03T00:16:49+00:00,area_trajectory,grain,,1788351960000.0,,3.17827148420736
2026-09-03T00:16:49+00:00,area_trajectory,grain,,1788352080000.0,,3.17827148420736
2026-09-03T00:16:49+00:00,area_trajectory,grain,,1788352200000.0,,2.64333087141439
2026-09-03T00:16:49+00:00,area_trajectory,grain,,1788352320000.0,,2.64333087141439
2026-09-03T00:16:49+00:00,area_trajectory,grain,,1788352440000.0,,2.68914514143392
2026-09-03T00:16:49+00:00,area_trajectory,grain,,1788352560000.0,,2.68914514143392
2026-09-03T00:16:49+00:00,area_trajectory,grain,,1788352680000.0,,2.66014031965658
2026-09-03T00:16:49+00:00,area_trajectory,grain,,1788352800000.0,,2.66014031965658
2026-09-03T00:16:49+00:00,area_trajectory,grain,,1788352920000.0,,2.73430041487142
2026-09-03T00:16:49+00:00,area_trajectory,grain,,1788353040000.0,,2.73430041487142
2026-09-03T00:16:49+00:00,area_trajectory,grain,,1788353160000.0,,2.6644251707307998
2026-09-03T00:16:49+00:00,area_trajectory,grain,,1788353280000.0,,2.6644251707307998
2026-09-03T00:16:49+00:00,area_trajectory,grain,,1788353400000.0,,2.75078027326986
2026-09-03T00:16:49+00:00,area_trajectory,grain,,1788353520000.0,,2.75078027326986
2026-09-03T00:16:49+00:00,area_trajectory,grain,,1788353640000.0,,2.6990332029573603
2026-09-03T00:16:49+00:00,area_trajectory,grain,,1788353760000.0,,2.6990332029573603
2026-09-03T00:16:49+00:00,area_trajectory,grain,,1788353880000.0,,2.71188757307455
2026-09-03T00:16:49+00:00,area_trajectory,grain,,1788354000000.0,,2.71188757307455
2026-09-03T00:16:49+00:00,area_trajectory,grain,,1788354120000.0,,2.63706848127767
2026-09-03T00:16:49+00:00,area_trajectory,grain,,1788354240000.0,,2.63706848127767
2026-09-03T00:16:49+00:00,area_trajectory,grain,,1788354360000.0,,2.6865084226839198
2026-09-03T00:16:49+00:00,area_trajectory,grain,,1788354480000.0,,2.6865084226839198
2026-09-03T00:16:49+00:00,area_trajectory,grain,,1788354600000.0,,2.7003515623323597
2026-09-03T00:16:49+00:00,area_trajectory,grain,,1788354720000.0,,2.7003515623323597
2026-09-03T00:16:49+00:00,area_trajectory,grain,,1788354840000.0,,2.71551324446127
2026-09-03T00:16:49+00:00,area_trajectory,grain,,1788354960000.0,,2.71551324446127
2026-09-03T00:16:49+00:00,area_trajectory,grain,,1788355080000.0,,2.71551324446127
2026-09-03T00:16:49+00:00,area_trajectory,grain,,1788355200000.0,,2.71551324446127
2026-09-03T00:16:49+00:00,area_trajectory,grain,,1788355320000.0,,2.69244122297689
2026-09-03T00:16:49+00:00,area_trajectory,grain,,1788355440000.0,,2.69244122297689
2026-09-03T00:16:49+00:00,area_trajectory,grain,,1788355560000.0,,2.74188116438314
2026-09-03T00:16:49+00:00,area_trajectory,grain,,1788355680000.0,,2.74188116438314
2026-09-03T00:16:49+00:00,area_trajectory,grain,,1788355800000.0,,2.68881555159017
2026-09-03T00:16:49+00:00,area_trajectory,grain,,1788355920000.0,,2.68881555159017
2026-09-03T00:16:49+00:00,area_trajectory,grain,,1788356040000.0,,2.73891467268392
2026-09-03T00:16:49+00:00,area_trajectory,grain,,1788356160000.0,,2.73891467268392
2026-09-03T00:16:49+00:00,area_trajectory,grain,,1788356280000.0,,2.68584924299642
2026-09-03T00:16:49+00:00,area_trajectory,grain,,1788356400000.0,,2.68584924299642
2026-09-03T00:16:49+00:00,area_trajectory,grain,,1788356520000.0,,2.71749078352377
2026-09-03T00:16:49+00:00,area_trajectory,grain,,1788356640000.0,,2.71749078352377
2026-09-03T00:16:49+00:00,area_trajectory,grain,,1788356760000.0,,2.68354193098471
2026-09-03T00:16:49+00:00,area_trajectory,grain,,1788356880000.0,,2.68354193098471
2026-09-03T00:16:49+00:00,area_trajectory,grain,,1788357000000.0,,2.68354193098471
2026-09-03T00:16:49+00:00,area_trajectory,grain,,1788357120000.0,,2.68354193098471
2026-09-03T00:16:49+00:00,area_trajectory,grain,,1788357240000.0,,2.68486029035971
2026-09-03T00:16:49+00:00,area_trajectory,grain,,1788357360000.0,,2.68486029035971
2026-09-03T00:16:49+00:00,area_trajectory,grain,,1788357480000.0,,2.72012750227377
2026-09-03T00:16:49+00:00,area_trajectory,grain,,1788357600000.0,,2.72012750227377
2026-09-03T00:16:49+00:00,area_trajectory,grain,,1788357720000.0,,2.72012750227377
2026-09-03T00:16:49+00:00,area_trajectory,grain,,1788357840000.0,,2.70265869123861
2026-09-03T00:16:49+00:00,area_trajectory,grain,,1788357960000.0,,2.73726672346517
2026-09-03T00:16:49+00:00,area_trajectory,grain,,1788358080000.0,,2.73726672346517
2026-09-03T00:16:49+00:00,area_trajectory,grain,,1788358200000.0,,2.70265869123861
2026-09-03T00:16:49+00:00,area_trajectory,grain,,1788358320000.0,,2.70265869123861
2026-09-03T00:16:49+00:00,area_trajectory,grain,,1788358440000.0,,2.70265869123861
2026-09-03T00:16:49+00:00,area_trajectory,grain,,1788358560000.0,,2.70265869123861
2026-09-03T00:16:49+00:00,area_trajectory,grain,,1788358680000.0,,2.71979791243002
2026-09-03T00:16:49+00:00,area_trajectory,grain,,1788358800000.0,,2.71979791243002
2026-09-03T00:16:49+00:00,area_trajectory,grain,,1788358920000.0,,2.71979791243002
2026-09-03T00:16:49+00:00,area_trajectory,grain,,1788359040000.0,,2.71979791243002
2026-09-03T00:16:49+00:00,area_trajectory,grain,,1788359160000.0,,2.6446492307893896
2026-09-03T00:16:49+00:00,area_trajectory,grain,,1788359280000.0,,2.6446492307893896
2026-09-03T00:16:49+00:00,area_trajectory,grain,,1788359400000.0,,2.7115579832308
2026-09-03T00:16:49+00:00,area_trajectory,grain,,1788359520000.0,,2.7115579832308
2026-09-03T00:16:49+00:00,area_trajectory,grain,,1788359640000.0,,2.67431323225424
2026-09-03T00:16:49+00:00,area_trajectory,grain,,1788359760000.0,,2.67431323225424
2026-09-03T00:16:49+00:00,area_trajectory,grain,,1788359880000.0,,2.72243481428549
2026-09-03T00:16:49+00:00,area_trajectory,grain,,1788360000000.0,,2.72243481428549
2026-09-03T00:16:49+00:00,area_trajectory,grain,,1788360120000.0,,2.68815637190267
2026-09-03T00:16:49+00:00,area_trajectory,grain,,1788360240000.0,,2.68815637190267
2026-09-03T00:16:49+00:00,area_trajectory,grain,,1788360360000.0,,2.73924444563314
2026-09-03T00:16:49+00:00,area_trajectory,grain,,1788360480000.0,,2.73924444563314
2026-09-03T00:16:49+00:00,area_trajectory,grain,,1788360600000.0,,2.6354203489534602
2026-09-03T00:16:49+00:00,area_trajectory,grain,,1788360720000.0,,2.6354203489534602
2026-09-03T00:16:49+00:00,area_trajectory,grain,,1788360840000.0,,2.73858508284017
2026-09-03T00:16:49+00:00,area_trajectory,grain,,1788360960000.0,,2.73858508284017
2026-09-03T00:16:49+00:00,area_trajectory,grain,,1788361080000.0,,2.6509116209261103
2026-09-03T00:16:49+00:00,area_trajectory,grain,,1788361200000.0,,2.6509116209261103
2026-09-03T00:16:49+00:00,area_trajectory,grain,,1788361320000.0,,2.6509116209261103
2026-09-03T00:16:49+00:00,area_trajectory,grain,,1788361440000.0,,2.70265869123861
2026-09-03T00:16:49+00:00,area_trajectory,grain,,1788361560000.0,,2.70265869123861
2026-09-03T00:16:49+00:00,area_trajectory,grain,,1788361680000.0,,2.70265869123861
2026-09-03T00:16:49+00:00,area_trajectory,grain,,1788361800000.0,,2.70265869123861
2026-09-03T00:16:49+00:00,area_trajectory,grain,,1788361920000.0,,2.70265869123861
2026-09-03T00:16:49+00:00,area_trajectory,grain,,1788362040000.0,,2.70265869123861
2026-09-03T00:16:49+00:00,area_trajectory,grain,,1788362160000.0,,2.70265869123861
2026-09-03T00:16:49+00:00,area_trajectory,grain,,1788362280000.0,,2.71716119368002
2026-09-03T00:16:49+00:00,area_trajectory,grain,,1788362400000.0,,2.71716119368002
2026-09-03T00:16:49+00:00,area_trajectory,grain,,1788362520000.0,,2.73298187239096
2026-09-03T00:16:49+00:00,area_trajectory,grain,,1788362640000.0,,2.73298187239096
2026-09-03T00:16:49+00:00,area_trajectory,grain,,1788362760000.0,,2.68090521223471
2026-09-03T00:16:49+00:00,area_trajectory,grain,,1788362880000.0,,2.68090521223471
2026-09-03T00:16:49+00:00,area_trajectory,grain,,1788363000000.0,,2.62882836897299
2026-09-03T00:16:49+00:00,area_trajectory,grain,,1788363120000.0,,2.62882836897299
2026-09-03T00:16:49+00:00,area_trajectory,grain,,1788363240000.0,,2.57708129866049
2026-09-03T00:16:49+00:00,area_trajectory,grain,,1788363360000.0,,2.57708129866049
2026-09-03T00:16:49+00:00,area_trajectory,grain,,1788363480000.0,,2.69837402326986
2026-09-03T00:16:49+00:00,area_trajectory,grain,,1788363600000.0,,2.69837402326986
2026-09-03T00:16:49+00:00,area_trajectory,grain,,1788363720000.0,,2.7122171629183
2026-09-03T00:16:49+00:00,area_trajectory,grain,,1788363840000.0,,2.7122171629183
2026-09-03T00:16:49+00:00,area_trajectory,grain,,1788363960000.0,,2.6588219602815797
2026-09-03T00:16:49+00:00,area_trajectory,grain,,1788364080000.0,,2.6588219602815797
2026-09-03T00:16:49+00:00,area_trajectory,grain,,1788364200000.0,,2.72342358381674
2026-09-03T00:16:49+00:00,area_trajectory,grain,,1788364320000.0,,2.72342358381674
2026-09-03T00:16:49+00:00,area_trajectory,grain,,1788364440000.0,,2.68683801252767
2026-09-03T00:16:49+00:00,area_trajectory,grain,,1788364560000.0,,2.68683801252767
2026-09-03T00:16:49+00:00,area_trajectory,grain,,1788364680000.0,,2.64959326155111
2026-09-03T00:16:49+00:00,area_trajectory,grain,,1788364800000.0,,2.64959326155111
2026-09-03T00:16:49+00:00,area_trajectory,grain,,1788364920000.0,,2.64959326155111
2026-09-03T00:16:49+00:00,area_trajectory,grain,,1788365040000.0,,2.71584283430502
2026-09-03T00:16:49+00:00,area_trajectory,grain,,1788365160000.0,,2.71584283430502
2026-09-03T00:16:49+00:00,area_trajectory,grain,,1788365280000.0,,2.71584283430502
2026-09-03T00:16:49+00:00,area_trajectory,grain,,1788365400000.0,,2.66046990950033
2026-09-03T00:16:49+00:00,area_trajectory,grain,,1788365520000.0,,2.66046990950033
2026-09-03T00:16:49+00:00,area_trajectory,grain,,1788365640000.0,,2.69013391096517
2026-09-03T00:16:49+00:00,area_trajectory,grain,,1788365760000.0,,2.69013391096517
2026-09-03T00:16:49+00:00,area_trajectory,grain,,1788365880000.0,,3.13146826155111
2026-09-03T00:16:49+00:00,area_trajectory,grain,,1788366000000.0,,3.13146826155111
2026-09-03T00:16:49+00:00,area_trajectory,grain,,1788366120000.0,,3.27187792951986
2026-09-03T00:16:49+00:00,area_trajectory,grain,,1788366240000.0,,3.27187792951986
2026-09-03T00:16:49+00:00,area_trajectory,grain,,1788366360000.0,,3.26264904768392
2026-09-03T00:16:49+00:00,area_trajectory,grain,,1788366480000.0,,3.26264904768392
2026-09-03T00:16:49+00:00,area_trajectory,grain,,1788366600000.0,,3.2385882566683
2026-09-03T00:16:49+00:00,area_trajectory,grain,,1788366720000.0,,3.2385882566683
2026-09-03T00:16:49+00:00,area_trajectory,grain,,1788366840000.0,,3.3190107420198602
2026-09-03T00:16:49+00:00,area_trajectory,grain,,1788366960000.0,,3.3190107420198602
2026-09-03T00:16:49+00:00,area_trajectory,grain,,1788367080000.0,,3.3190107420198602
2026-09-03T00:16:49+00:00,area_trajectory,grain,,1788367200000.0,,3.3190107420198602
2026-09-03T00:16:49+00:00,area_trajectory,grain,,1788367320000.0,,3.26264904768392
2026-09-03T00:16:49+00:00,area_trajectory,grain,,1788367440000.0,,3.26264904768392
2026-09-03T00:16:49+00:00,area_trajectory,grain,,1788367560000.0,,3.31142980940267
2026-09-03T00:16:49+00:00,area_trajectory,grain,,1788367680000.0,,3.31142980940267
2026-09-03T00:16:49+00:00,area_trajectory,grain,,1788367800000.0,,3.32593212873861
2026-09-03T00:16:49+00:00,area_trajectory,grain,,1788367920000.0,,3.32593212873861
2026-09-03T00:16:49+00:00,area_trajectory,grain,,1788368040000.0,,3.42942663557455
2026-09-03T00:16:49+00:00,area_trajectory,grain,,1788368160000.0,,3.42942663557455
2026-09-03T00:16:49+00:00,area_trajectory,grain,,1788368280000.0,,3.3595513914339197
2026-09-03T00:16:49+00:00,area_trajectory,grain,,1788368400000.0,,3.3595513914339197
2026-09-03T00:16:49+00:00,area_trajectory,grain,,1788368520000.0,,3.3595513914339197
2026-09-03T00:16:49+00:00,area_trajectory,grain,,1788368640000.0,,3.37273535139486
2026-09-03T00:16:49+00:00,area_trajectory,grain,,1788368760000.0,,3.38954479963705
2026-09-03T00:16:49+00:00,area_trajectory,grain,,1788368880000.0,,3.38954479963705
2026-09-03T00:16:49+00:00,area_trajectory,grain,,1788369000000.0,,3.40141040022299
2026-09-03T00:16:49+00:00,area_trajectory,grain,,1788369120000.0,,3.40141040022299
2026-09-03T00:16:49+00:00,area_trajectory,grain,,1788369240000.0,,3.40141040022299
2026-09-03T00:16:49+00:00,area_trajectory,grain,,1788369360000.0,,3.40141040022299
2026-09-03T00:16:49+00:00,area_trajectory,grain,,1788369480000.0,,3.3569146726839203
2026-09-03T00:16:49+00:00,area_trajectory,grain,,1788369600000.0,,3.3569146726839203
2026-09-03T00:16:49+00:00,area_trajectory,grain,,1788369720000.0,,3.3569146726839203
2026-09-03T00:16:49+00:00,area_trajectory,grain,,1788369840000.0,,3.3569146726839203
2026-09-03T00:16:49+00:00,area_trajectory,grain,,1788369960000.0,,3.3569146726839203
2026-09-03T00:16:49+00:00,area_trajectory,grain,,1788370080000.0,,3.3569146726839203
2026-09-03T00:16:49+00:00,area_trajectory,grain,,1788370200000.0,,3.3569146726839203
2026-09-03T00:16:49+00:00,area_trajectory,grain,,1788370320000.0,,3.3569146726839203
2026-09-03T00:16:49+00:00,area_trajectory,grain,,1788370440000.0,,3.3091226804964204
2026-09-03T00:16:49+00:00,area_trajectory,grain,,1788370560000.0,,3.3091226804964204
2026-09-03T00:16:49+00:00,area_trajectory,grain,,1788370680000.0,,3.37273535139486
2026-09-03T00:16:49+00:00,area_trajectory,grain,,1788370800000.0,,3.37273535139486
2026-09-03T00:16:49+00:00,area_trajectory,grain,,1788370920000.0,,3.33647936994955
2026-09-03T00:16:49+00:00,area_trajectory,grain,,1788371040000.0,,3.33647936994955
2026-09-03T00:16:49+00:00,area_trajectory,grain,,1788371160000.0,,3.35032250959799
2026-09-03T00:16:49+00:00,area_trajectory,grain,,1788371280000.0,,3.35032250959799
2026-09-03T00:16:49+00:00,area_trajectory,grain,,1788371400000.0,,3.3813050535433
2026-09-03T00:16:49+00:00,area_trajectory,grain,,1788371520000.0,,3.3813050535433
2026-09-03T00:16:49+00:00,area_trajectory,grain,,1788371640000.0,,3.35988098127767
2026-09-03T00:16:49+00:00,area_trajectory,grain,,1788371760000.0,,3.35988098127767
2026-09-03T00:16:49+00:00,area_trajectory,grain,,1788371880000.0,,3.3892152097933
2026-09-03T00:16:49+00:00,area_trajectory,grain,,1788372000000.0,,3.3892152097933
2026-09-03T00:16:49+00:00,area_trajectory,grain,,1788372120000.0,,3.3892152097933
2026-09-03T00:16:49+00:00,area_trajectory,grain,,1788372240000.0,,3.37438330061361
2026-09-03T00:16:49+00:00,area_trajectory,grain,,1788372360000.0,,3.35625549299642
2026-09-03T00:16:49+00:00,area_trajectory,grain,,1788372480000.0,,3.35625549299642
2026-09-03T00:16:49+00:00,area_trajectory,grain,,1788372600000.0,,3.35625549299642
2026-09-03T00:16:49+00:00,area_trajectory,grain,,1788372720000.0,,3.35625549299642
2026-09-03T00:16:49+00:00,area_trajectory,grain,,1788372840000.0,,3.40404748518392
2026-09-03T00:16:49+00:00,area_trajectory,grain,,1788372960000.0,,3.40404748518392
2026-09-03T00:16:49+00:00,area_trajectory,grain,,1788373080000.0,,3.36976904280111
2026-09-03T00:16:49+00:00,area_trajectory,grain,,1788373200000.0,,3.36976904280111
2026-09-03T00:16:49+00:00,area_trajectory,grain,,1788373320000.0,,3.39910327131674
2026-09-03T00:16:49+00:00,area_trajectory,grain,,1788373440000.0,,3.39910327131674
2026-09-03T00:16:49+00:00,area_trajectory,grain,,1788373560000.0,,3.32955761701986
2026-09-03T00:16:49+00:00,area_trajectory,grain,,1788373680000.0,,3.32955761701986
2026-09-03T00:16:49+00:00,area_trajectory,grain,,1788373800000.0,,3.3786683347932995
2026-09-03T00:16:49+00:00,area_trajectory,grain,,1788373920000.0,,3.3786683347932995
2026-09-03T00:16:49+00:00,area_trajectory,grain,,1788374040000.0,,3.34175280744955
2026-09-03T00:16:49+00:00,area_trajectory,grain,,1788374160000.0,,3.34175280744955
2026-09-03T00:16:49+00:00,area_trajectory,grain,,1788374280000.0,,3.38954479963705
2026-09-03T00:16:49+00:00,area_trajectory,grain,,1788374400000.0,,3.38954479963705
2026-09-03T00:16:49+00:00,area_trajectory,grain,,1788374520000.0,,3.37009863264486
2026-09-03T00:16:49+00:00,area_trajectory,grain,,1788374640000.0,,3.37009863264486
2026-09-03T00:16:49+00:00,area_trajectory,grain,,1788374760000.0,,3.3832825926058
2026-09-03T00:16:49+00:00,area_trajectory,grain,,1788374880000.0,,3.3832825926058
2026-09-03T00:16:49+00:00,area_trajectory,grain,,1788375000000.0,,3.36614355451986
2026-09-03T00:16:49+00:00,area_trajectory,grain,,1788375120000.0,,3.36614355451986
2026-09-03T00:16:49+00:00,area_trajectory,grain,,1788375240000.0,,3.37965710432455
2026-09-03T00:16:49+00:00,area_trajectory,grain,,1788375360000.0,,3.37965710432455
2026-09-03T00:16:49+00:00,area_trajectory,grain,,1788375480000.0,,3.37965710432455
2026-09-03T00:16:49+00:00,area_trajectory,grain,,1788375600000.0,,3.37965710432455
2026-09-03T00:16:49+00:00,area_trajectory,grain,,1788375720000.0,,3.37965710432455
2026-09-03T00:16:49+00:00,area_trajectory,grain,,1788375840000.0,,3.32593212873861
2026-09-03T00:16:49+00:00,area_trajectory,grain,,1788375960000.0,,3.3061563719026696
2026-09-03T00:16:49+00:00,area_trajectory,grain,,1788376080000.0,,3.3061563719026696
2026-09-03T00:16:49+00:00,area_trajectory,grain,,1788376200000.0,,3.39020434553549
2026-09-03T00:16:49+00:00,area_trajectory,grain,,1788376320000.0,,3.39020434553549
2026-09-03T00:16:49+00:00,area_trajectory,grain,,1788376440000.0,,3.3269208982698597
2026-09-03T00:16:49+00:00,area_trajectory,grain,,1788376560000.0,,3.3269208982698597
2026-09-03T00:16:49+00:00,area_trajectory,grain,,1788376680000.0,,3.3737241209261097
2026-09-03T00:16:49+00:00,area_trajectory,grain,,1788376800000.0,,3.3737241209261097
2026-09-03T00:16:49+00:00,area_trajectory,grain,,1788376920000.0,,3.3549371336214198
2026-09-03T00:16:49+00:00,area_trajectory,grain,,1788377040000.0,,3.3549371336214198
2026-09-03T00:16:49+00:00,area_trajectory,grain,,1788377160000.0,,3.37042822248861
2026-09-03T00:16:49+00:00,area_trajectory,grain,,1788377280000.0,,3.37042822248861
2026-09-03T00:16:49+00:00,area_trajectory,grain,,1788377400000.0,,3.38558972151205
2026-09-03T00:16:49+00:00,area_trajectory,grain,,1788377520000.0,,3.38558972151205
2026-09-03T00:16:49+00:00,area_trajectory,grain,,1788377640000.0,,3.36910986311361
2026-09-03T00:16:49+00:00,area_trajectory,grain,,1788377760000.0,,3.36910986311361
2026-09-03T00:16:49+00:00,area_trajectory,grain,,1788377880000.0,,3.38493054182455
2026-09-03T00:16:49+00:00,area_trajectory,grain,,1788378000000.0,,3.38493054182455
2026-09-03T00:16:49+00:00,area_trajectory,grain,,1788378120000.0,,3.3470266111604903
2026-09-03T00:16:49+00:00,area_trajectory,grain,,1788378240000.0,,3.3470266111604903
2026-09-03T00:16:49+00:00,area_trajectory,grain,,1788378360000.0,,3.3793275144807997
2026-09-03T00:16:49+00:00,area_trajectory,grain,,1788378480000.0,,3.3793275144807997
2026-09-03T00:16:49+00:00,area_trajectory,grain,,1788378600000.0,,3.3793275144807997
2026-09-03T00:16:49+00:00,area_trajectory,grain,,1788378720000.0,,3.3793275144807997
2026-09-03T00:16:49+00:00,area_trajectory,grain,,1788378840000.0,,3.39251147444174
2026-09-03T00:16:49+00:00,area_trajectory,grain,,1788378960000.0,,3.39251147444174
2026-09-03T00:16:49+00:00,area_trajectory,grain,,1788379080000.0,,3.32659130842611
2026-09-03T00:16:49+00:00,area_trajectory,grain,,1788379200000.0,,3.32659130842611
2026-09-03T00:16:49+00:00,area_trajectory,grain,,1788379320000.0,,3.32659130842611
2026-09-03T00:16:49+00:00,area_trajectory,grain,,1788379440000.0,,3.37504248030111
2026-09-03T00:16:49+00:00,area_trajectory,grain,,1788379560000.0,,3.3888856199495505
2026-09-03T00:16:49+00:00,area_trajectory,grain,,1788379680000.0,,3.3888856199495505
2026-09-03T00:16:49+00:00,area_trajectory,grain,,1788379800000.0,,3.37141699201986
2026-09-03T00:16:49+00:00,area_trajectory,grain,,1788379920000.0,,3.37141699201986
2026-09-03T00:16:49+00:00,area_trajectory,grain,,1788380040000.0,,3.37141699201986
2026-09-03T00:16:49+00:00,area_trajectory,grain,,1788380160000.0,,3.37141699201986
2026-09-03T00:16:49+00:00,area_trajectory,grain,,1788380280000.0,,3.35394799787924
2026-09-03T00:16:49+00:00,area_trajectory,grain,,1788380400000.0,,3.35394799787924
2026-09-03T00:16:49+00:00,area_trajectory,grain,,1788380520000.0,,3.37141699201986
2026-09-03T00:16:49+00:00,area_trajectory,grain,,1788380640000.0,,3.37141699201986
2026-09-03T00:16:49+00:00,area_trajectory,grain,,1788380760000.0,,3.37141699201986
2026-09-03T00:16:49+00:00,area_trajectory,grain,,1788380880000.0,,3.37141699201986
2026-09-03T00:16:49+00:00,area_trajectory,grain,,1788381000000.0,,3.3832825926058
2026-09-03T00:16:49+00:00,area_trajectory,grain,,1788381120000.0,,3.3832825926058
2026-09-03T00:16:49+00:00,area_trajectory,grain,,1788381240000.0,,3.36548400862142
2026-09-03T00:16:49+00:00,area_trajectory,grain,,1788381360000.0,,3.36548400862142
2026-09-03T00:16:49+00:00,area_trajectory,grain,,1788381480000.0,,3.39712573225424
2026-09-03T00:16:49+00:00,area_trajectory,grain,,1788381600000.0,,3.39712573225424
2026-09-03T00:16:49+00:00,area_trajectory,grain,,1788381720000.0,,3.3466970213167397
2026-09-03T00:16:49+00:00,area_trajectory,grain,,1788381840000.0,,3.3466970213167397
2026-09-03T00:16:49+00:00,area_trajectory,grain,,1788381960000.0,,3.39514819319174
2026-09-03T00:16:49+00:00,area_trajectory,grain,,1788382080000.0,,3.39514819319174
2026-09-03T00:16:49+00:00,area_trajectory,grain,,1788382200000.0,,3.34373071272299
2026-09-03T00:16:49+00:00,area_trajectory,grain,,1788382320000.0,,3.34373071272299
2026-09-03T00:16:49+00:00,area_trajectory,grain,,1788382440000.0,,3.3780091551058002
2026-09-03T00:16:49+00:00,area_trajectory,grain,,1788382560000.0,,3.3780091551058002
2026-09-03T00:16:49+00:00,area_trajectory,grain,,1788382680000.0,,3.35988098127767
2026-09-03T00:16:49+00:00,area_trajectory,grain,,1788382800000.0,,3.35988098127767
2026-09-03T00:16:49+00:00,area_trajectory,grain,,1788382920000.0,,3.35988098127767
2026-09-03T00:16:49+00:00,area_trajectory,grain,,1788383040000.0,,3.3747128904573604
2026-09-03T00:16:49+00:00,area_trajectory,grain,,1788383160000.0,,3.39152270491049
2026-09-03T00:16:49+00:00,area_trajectory,grain,,1788383280000.0,,3.39152270491049
2026-09-03T00:16:49+00:00,area_trajectory,grain,,1788383400000.0,,3.3575738523714196
2026-09-03T00:16:49+00:00,area_trajectory,grain,,1788383520000.0,,3.3575738523714196
2026-09-03T00:16:49+00:00,area_trajectory,grain,,1788383640000.0,,3.3575738523714196
2026-09-03T00:16:49+00:00,area_trajectory,grain,,1788383760000.0,,3.3575738523714196
2026-09-03T00:16:49+00:00,area_trajectory,grain,,1788383880000.0,,3.41129846174642
2026-09-03T00:16:49+00:00,area_trajectory,grain,,1788384000000.0,,3.41129846174642
2026-09-03T00:16:49+00:00,area_trajectory,grain,,1788384120000.0,,3.39448901350424
2026-09-03T00:16:49+00:00,area_trajectory,grain,,1788384240000.0,,3.39448901350424
2026-09-03T00:16:49+00:00,area_trajectory,grain,,1788384360000.0,,3.39448901350424
2026-09-03T00:16:49+00:00,area_trajectory,grain,,1788384480000.0,,3.39448901350424
2026-09-03T00:16:49+00:00,area_trajectory,grain,,1788384600000.0,,3.39448901350424
2026-09-03T00:16:49+00:00,area_trajectory,grain,,1788384720000.0,,3.39448901350424
2026-09-03T00:16:49+00:00,area_trajectory,grain,,1788384840000.0,,3.3806458738558
2026-09-03T00:16:49+00:00,area_trajectory,grain,,1788384960000.0,,3.3806458738558
2026-09-03T00:16:49+00:00,area_trajectory,grain,,1788385080000.0,,3.39679614241049
2026-09-03T00:16:49+00:00,area_trajectory,grain,,1788385200000.0,,3.39679614241049
2026-09-03T00:16:49+00:00,area_trajectory,grain,,1788385320000.0,,3.4155834959261098
2026-09-03T00:16:49+00:00,area_trajectory,grain,,1788385440000.0,,3.4155834959261098
2026-09-03T00:16:49+00:00,area_trajectory,grain,,1788385560000.0,,3.39844409162924
2026-09-03T00:16:49+00:00,area_trajectory,grain,,1788385680000.0,,3.39844409162924
2026-09-03T00:16:49+00:00,area_trajectory,grain,,1788385800000.0,,3.39844409162924
2026-09-03T00:16:49+00:00,area_trajectory,grain,,1788385920000.0,,3.39844409162924
2026-09-03T00:16:49+00:00,area_trajectory,grain,,1788386040000.0,,3.43931469709799
2026-09-03T00:16:49+00:00,area_trajectory,grain,,1788386160000.0,,3.43931469709799
2026-09-03T00:16:49+00:00,area_trajectory,grain,,1788386280000.0,,3.39152270491049
2026-09-03T00:16:49+00:00,area_trajectory,grain,,1788386400000.0,,3.39152270491049
2026-09-03T00:16:49+00:00,area_trajectory,grain,,1788386520000.0,,3.39152270491049
2026-09-03T00:16:49+00:00,area_trajectory,grain,,1788386640000.0,,3.42184570295736
2026-09-03T00:16:49+00:00,area_trajectory,grain,,1788386760000.0,,3.3559259031526705
2026-09-03T00:16:49+00:00,area_trajectory,grain,,1788386880000.0,,3.3559259031526705
2026-09-03T00:16:49+00:00,area_trajectory,grain,,1788387000000.0,,3.4119576414339203
2026-09-03T00:16:49+00:00,area_trajectory,grain,,1788387120000.0,,3.4119576414339203
2026-09-03T00:16:49+00:00,area_trajectory,grain,,1788387240000.0,,3.4119576414339203
2026-09-03T00:16:49+00:00,area_trajectory,grain,,1788387360000.0,,3.4119576414339203
2026-09-03T00:16:49+00:00,area_trajectory,grain,,1788387480000.0,,3.40305871565267
2026-09-03T00:16:49+00:00,area_trajectory,grain,,1788387600000.0,,3.40305871565267
2026-09-03T00:16:49+00:00,area_trajectory,grain,,1788387720000.0,,3.3878968504183
2026-09-03T00:16:49+00:00,area_trajectory,grain,,1788387840000.0,,3.3878968504183
2026-09-03T00:16:49+00:00,area_trajectory,grain,,1788387960000.0,,3.3878968504183
2026-09-03T00:16:49+00:00,area_trajectory,grain,,1788388080000.0,,3.3878968504183
2026-09-03T00:16:49+00:00,area_trajectory,grain,,1788388200000.0,,3.41162805159017
2026-09-03T00:16:49+00:00,area_trajectory,grain,,1788388320000.0,,3.41162805159017
2026-09-03T00:16:49+00:00,area_trajectory,grain,,1788388440000.0,,3.3981145017854897
2026-09-03T00:16:49+00:00,area_trajectory,grain,,1788388560000.0,,3.3981145017854897
2026-09-03T00:16:49+00:00,area_trajectory,grain,,1788388680000.0,,3.41723144514486
2026-09-03T00:16:49+00:00,area_trajectory,grain,,1788388800000.0,,3.41723144514486
2026-09-03T00:16:49+00:00,area_trajectory,grain,,1788388920000.0,,3.41723144514486
2026-09-03T00:16:49+00:00,area_trajectory,grain,,1788389040000.0,,3.41723144514486
2026-09-03T00:16:49+00:00,area_trajectory,grain,,1788389160000.0,,3.4370072019808
2026-09-03T00:16:49+00:00,area_trajectory,grain,,1788389280000.0,,3.4370072019808
2026-09-03T00:16:49+00:00,area_trajectory,grain,,1788389400000.0,,3.39251147444174
2026-09-03T00:16:49+00:00,area_trajectory,grain,,1788389520000.0,,3.39251147444174
2026-09-03T00:16:49+00:00,area_trajectory,grain,,1788389640000.0,,3.39251147444174
2026-09-03T00:16:49+00:00,area_trajectory,grain,,1788389760000.0,,3.39251147444174
2026-09-03T00:16:49+00:00,area_trajectory,grain,,1788389880000.0,,3.39251147444174
2026-09-03T00:16:49+00:00,area_trajectory,grain,,1788390000000.0,,3.39251147444174
2026-09-03T00:16:49+00:00,area_trajectory,grain,,1788390120000.0,,3.39251147444174
2026-09-03T00:16:49+00:00,area_trajectory,grain,,1788390240000.0,,3.40305871565267
2026-09-03T00:16:49+00:00,area_trajectory,grain,,1788390360000.0,,3.4238232420198598
2026-09-03T00:16:49+00:00,area_trajectory,grain,,1788390480000.0,,3.4238232420198598
2026-09-03T00:16:49+00:00,area_trajectory,grain,,1788390600000.0,,3.4238232420198598
2026-09-03T00:16:49+00:00,area_trajectory,grain,,1788390720000.0,,3.4238232420198598
2026-09-03T00:16:49+00:00,area_trajectory,grain,,1788390840000.0,,3.3799866941683
2026-09-03T00:16:49+00:00,area_trajectory,grain,,1788390960000.0,,3.3799866941683
2026-09-03T00:16:49+00:00,area_trajectory,grain,,1788391080000.0,,3.41624267561361
2026-09-03T00:16:49+00:00,area_trajectory,grain,,1788391200000.0,,3.41624267561361
2026-09-03T00:16:49+00:00,area_trajectory,grain,,1788391320000.0,,3.47128564436361
2026-09-03T00:16:49+00:00,area_trajectory,grain,,1788391440000.0,,3.47128564436361
2026-09-03T00:16:49+00:00,area_trajectory,grain,,1788391560000.0,,3.40965051252767
2026-09-03T00:16:49+00:00,area_trajectory,grain,,1788391680000.0,,3.40965051252767
2026-09-03T00:16:49+00:00,area_trajectory,grain,,1788391800000.0,,3.4284378660433004
2026-09-03T00:16:49+00:00,area_trajectory,grain,,1788391920000.0,,3.4284378660433004
2026-09-03T00:16:49+00:00,area_trajectory,grain,,1788392040000.0,,3.41360559065267
2026-09-03T00:16:49+00:00,area_trajectory,grain,,1788392160000.0,,3.41360559065267
2026-09-03T00:16:49+00:00,area_trajectory,grain,,1788392280000.0,,3.41360559065267
2026-09-03T00:16:49+00:00,area_trajectory,grain,,1788392400000.0,,3.41360559065267
2026-09-03T00:16:49+00:00,area_trajectory,grain,,1788392520000.0,,3.4208569334261103
2026-09-03T00:16:49+00:00,area_trajectory,grain,,1788392640000.0,,3.4208569334261103
2026-09-03T00:16:49+00:00,area_trajectory,grain,,1788392760000.0,,3.40767297346517
2026-09-03T00:16:49+00:00,area_trajectory,grain,,1788392880000.0,,3.40767297346517
2026-09-03T00:16:49+00:00,area_trajectory,grain,,1788393000000.0,,3.44524731428549
2026-09-03T00:16:49+00:00,area_trajectory,grain,,1788393120000.0,,3.44524731428549
2026-09-03T00:16:49+00:00,area_trajectory,grain,,1788393240000.0,,3.3806458738558
2026-09-03T00:16:49+00:00,area_trajectory,grain,,1788393360000.0,,3.3806458738558
2026-09-03T00:16:49+00:00,area_trajectory,grain,,1788393480000.0,,3.41920898420736
2026-09-03T00:16:49+00:00,area_trajectory,grain,,1788393600000.0,,3.41920898420736
2026-09-03T00:16:49+00:00,area_trajectory,grain,,1788393720000.0,,3.41920898420736
2026-09-03T00:16:49+00:00,area_trajectory,grain,,1788393840000.0,,3.42349365217611
2026-09-03T00:16:49+00:00,area_trajectory,grain,,1788393960000.0,,3.40998010237142
2026-09-03T00:16:49+00:00,area_trajectory,grain,,1788394080000.0,,3.40998010237142
2026-09-03T00:16:49+00:00,area_trajectory,grain,,1788394200000.0,,3.40998010237142
2026-09-03T00:16:49+00:00,area_trajectory,grain,,1788394320000.0,,3.40998010237142
2026-09-03T00:16:49+00:00,area_trajectory,grain,,1788394440000.0,,3.42481201155111
2026-09-03T00:16:49+00:00,area_trajectory,grain,,1788394560000.0,,3.42481201155111
2026-09-03T00:16:49+00:00,area_trajectory,grain,,1788394680000.0,,3.40075122053549
2026-09-03T00:16:49+00:00,area_trajectory,grain,,1788394800000.0,,3.40075122053549
2026-09-03T00:16:49+00:00,area_trajectory,grain,,1788394920000.0,,3.4426105955354904
2026-09-03T00:16:49+00:00,area_trajectory,grain,,1788395040000.0,,3.4426105955354904
2026-09-03T00:16:49+00:00,area_trajectory,grain,,1788395160000.0,,3.39679614241049
2026-09-03T00:16:49+00:00,area_trajectory,grain,,1788395280000.0,,3.39679614241049
2026-09-03T00:16:49+00:00,area_trajectory,grain,,1788395400000.0,,3.42019775373861
2026-09-03T00:16:49+00:00,area_trajectory,grain,,1788395520000.0,,3.42019775373861
2026-09-03T00:16:49+00:00,area_trajectory,grain,,1788395640000.0,,3.40899133284017
2026-09-03T00:16:49+00:00,area_trajectory,grain,,1788395760000.0,,3.40899133284017
2026-09-03T00:16:49+00:00,area_trajectory,grain,,1788395880000.0,,3.3981145017854897
2026-09-03T00:16:49+00:00,area_trajectory,grain,,1788396000000.0,,3.3981145017854897
2026-09-03T00:16:49+00:00,area_trajectory,grain,,1788396120000.0,,3.3981145017854897
2026-09-03T00:16:49+00:00,area_trajectory,grain,,1788396240000.0,,3.3981145017854897
2026-09-03T00:16:49+00:00,area_trajectory,grain,,1788396360000.0,,3.4083321531526702
2026-09-03T00:16:49+00:00,area_trajectory,grain,,1788396480000.0,,3.4083321531526702
2026-09-03T00:16:49+00:00,area_trajectory,grain,,1788396600000.0,,3.4083321531526702
2026-09-03T00:16:49+00:00,area_trajectory,grain,,1788396720000.0,,3.4083321531526702
2026-09-03T00:16:49+00:00,area_trajectory,grain,,1788396840000.0,,3.41920898420736
2026-09-03T00:16:49+00:00,area_trajectory,grain,,1788396960000.0,,3.41920898420736
2026-09-03T00:16:49+00:00,area_trajectory,grain,,1788397080000.0,,3.41920898420736
2026-09-03T00:16:49+00:00,area_trajectory,grain,,1788397200000.0,,3.41920898420736
2026-09-03T00:16:49+00:00,area_trajectory,grain,,1788397320000.0,,3.39382983381674
2026-09-03T00:16:49+00:00,area_trajectory,grain,,1788397440000.0,,3.39382983381674
2026-09-03T00:16:49+00:00,area_trajectory,grain,,1788397560000.0,,3.41657226545736
2026-09-03T00:16:49+00:00,area_trajectory,grain,,1788397680000.0,,3.41657226545736
2026-09-03T00:16:49+00:00,area_trajectory,grain,,1788397800000.0,,3.4037178953401703
2026-09-03T00:16:49+00:00,area_trajectory,milford_haven,,1788325200000.0,,4.97573757171631
2026-09-03T00:16:49+00:00,area_trajectory,milford_haven,,1788325320000.0,,4.97573757171631
2026-09-03T00:16:49+00:00,area_trajectory,milford_haven,,1788325440000.0,,4.98550367355347
2026-09-03T00:16:49+00:00,area_trajectory,milford_haven,,1788325560000.0,,4.98550367355347
2026-09-03T00:16:49+00:00,area_trajectory,milford_haven,,1788325680000.0,,4.98550367355347
2026-09-03T00:16:49+00:00,area_trajectory,milford_haven,,1788325800000.0,,4.98550367355347
2026-09-03T00:16:49+00:00,area_trajectory,milford_haven,,1788325920000.0,,4.98550367355347
2026-09-03T00:16:49+00:00,area_trajectory,milford_haven,,1788326040000.0,,4.98550367355347
2026-09-03T00:16:49+00:00,area_trajectory,milford_haven,,1788326160000.0,,4.98550367355347
2026-09-03T00:16:49+00:00,area_trajectory,milford_haven,,1788326280000.0,,4.98550367355347
2026-09-03T00:16:49+00:00,area_trajectory,milford_haven,,1788326400000.0,,4.98550367355347
2026-09-03T00:16:49+00:00,area_trajectory,milford_haven,,1788326520000.0,,4.98550367355347
2026-09-03T00:16:49+00:00,area_trajectory,milford_haven,,1788326640000.0,,4.98550367355347
2026-09-03T00:16:49+00:00,area_trajectory,milford_haven,,1788326760000.0,,4.98550367355347
2026-09-03T00:16:49+00:00,area_trajectory,milford_haven,,1788326880000.0,,4.98550367355347
2026-09-03T00:16:49+00:00,area_trajectory,milford_haven,,1788327000000.0,,4.98550367355347
2026-09-03T00:16:49+00:00,area_trajectory,milford_haven,,1788327120000.0,,4.98550367355347
2026-09-03T00:16:49+00:00,area_trajectory,milford_haven,,1788327240000.0,,4.98550367355347
2026-09-03T00:16:49+00:00,area_trajectory,milford_haven,,1788327360000.0,,4.98550367355347
2026-09-03T00:16:49+00:00,area_trajectory,milford_haven,,1788327480000.0,,4.98550367355347
2026-09-03T00:16:49+00:00,area_trajectory,milford_haven,,1788327600000.0,,4.98550367355347
2026-09-03T00:16:49+00:00,area_trajectory,milford_haven,,1788327720000.0,,4.98550367355347
2026-09-03T00:16:49+00:00,area_trajectory,milford_haven,,1788327840000.0,,4.98550367355347
2026-09-03T00:16:49+00:00,area_trajectory,milford_haven,,1788327960000.0,,4.98550367355347
2026-09-03T00:16:49+00:00,area_trajectory,milford_haven,,1788328080000.0,,4.98550367355347
2026-09-03T00:16:49+00:00,area_trajectory,milford_haven,,1788328200000.0,,4.98550367355347
2026-09-03T00:16:49+00:00,area_trajectory,milford_haven,,1788328320000.0,,4.98550367355347
2026-09-03T00:16:49+00:00,area_trajectory,milford_haven,,1788328440000.0,,4.98550367355347
2026-09-03T00:16:49+00:00,area_trajectory,milford_haven,,1788328560000.0,,4.98550367355347
2026-09-03T00:16:49+00:00,area_trajectory,milford_haven,,1788328680000.0,,4.98550367355347
2026-09-03T00:16:49+00:00,area_trajectory,milford_haven,,1788328800000.0,,4.98550367355347
2026-09-03T00:16:49+00:00,area_trajectory,milford_haven,,1788328920000.0,,4.98550367355347
2026-09-03T00:16:49+00:00,area_trajectory,milford_haven,,1788329040000.0,,4.95132303237915
2026-09-03T00:16:49+00:00,area_trajectory,milford_haven,,1788329160000.0,,4.95132303237915
2026-09-03T00:16:49+00:00,area_trajectory,milford_haven,,1788329280000.0,,4.95132303237915
2026-09-03T00:16:49+00:00,area_trajectory,milford_haven,,1788329400000.0,,4.95132303237915
2026-09-03T00:16:49+00:00,area_trajectory,milford_haven,,1788329520000.0,,4.95132303237915
2026-09-03T00:16:49+00:00,area_trajectory,milford_haven,,1788329640000.0,,5.0416579246521
2026-09-03T00:16:49+00:00,area_trajectory,milford_haven,,1788329760000.0,,4.95620584487915
2026-09-03T00:16:49+00:00,area_trajectory,milford_haven,,1788329880000.0,,4.95620584487915
2026-09-03T00:16:49+00:00,area_trajectory,milford_haven,,1788330000000.0,,4.95620584487915
2026-09-03T00:16:49+00:00,area_trajectory,milford_haven,,1788330120000.0,,4.95620584487915
2026-09-03T00:16:49+00:00,area_trajectory,milford_haven,,1788330240000.0,,4.95620584487915
2026-09-03T00:16:49+00:00,area_trajectory,milford_haven,,1788330360000.0,,4.95620584487915
2026-09-03T00:16:49+00:00,area_trajectory,milford_haven,,1788330480000.0,,4.95620584487915
2026-09-03T00:16:49+00:00,area_trajectory,milford_haven,,1788330600000.0,,4.95620584487915
2026-09-03T00:16:49+00:00,area_trajectory,milford_haven,,1788330720000.0,,4.95620584487915
2026-09-03T00:16:49+00:00,area_trajectory,milford_haven,,1788330840000.0,,4.95620584487915
2026-09-03T00:16:49+00:00,area_trajectory,milford_haven,,1788330960000.0,,4.95620584487915
2026-09-03T00:16:49+00:00,area_trajectory,milford_haven,,1788331080000.0,,4.95620584487915
2026-09-03T00:16:49+00:00,area_trajectory,milford_haven,,1788331200000.0,,4.95620584487915
2026-09-03T00:16:49+00:00,area_trajectory,milford_haven,,1788331320000.0,,4.95620584487915
2026-09-03T00:16:49+00:00,area_trajectory,milford_haven,,1788331440000.0,,4.95620584487915
2026-09-03T00:16:49+00:00,area_trajectory,milford_haven,,1788331560000.0,,4.95620584487915
2026-09-03T00:16:49+00:00,area_trajectory,milford_haven,,1788331680000.0,,4.95620584487915
2026-09-03T00:16:49+00:00,area_trajectory,milford_haven,,1788331800000.0,,4.95620584487915
2026-09-03T00:16:49+00:00,area_trajectory,milford_haven,,1788331920000.0,,4.95620584487915
2026-09-03T00:16:49+00:00,area_trajectory,milford_haven,,1788332040000.0,,4.95620584487915
2026-09-03T00:16:49+00:00,area_trajectory,milford_haven,,1788332160000.0,,4.95620584487915
2026-09-03T00:16:49+00:00,area_trajectory,milford_haven,,1788332280000.0,,4.95620584487915
2026-09-03T00:16:49+00:00,area_trajectory,milford_haven,,1788332400000.0,,4.95620584487915
2026-09-03T00:16:49+00:00,area_trajectory,milford_haven,,1788332520000.0,,4.95620584487915
2026-09-03T00:16:49+00:00,area_trajectory,milford_haven,,1788332640000.0,,5.00747680664062
2026-09-03T00:16:49+00:00,area_trajectory,milford_haven,,1788332760000.0,,5.00747680664062
2026-09-03T00:16:49+00:00,area_trajectory,milford_haven,,1788332880000.0,,5.00747680664062
2026-09-03T00:16:49+00:00,area_trajectory,milford_haven,,1788333000000.0,,5.00747680664062
2026-09-03T00:16:49+00:00,area_trajectory,milford_haven,,1788333120000.0,,5.00747680664062
2026-09-03T00:16:49+00:00,area_trajectory,milford_haven,,1788333240000.0,,5.00747680664062
2026-09-03T00:16:49+00:00,area_trajectory,milford_haven,,1788333360000.0,,5.00747680664062
2026-09-03T00:16:49+00:00,area_trajectory,milford_haven,,1788333480000.0,,5.00747680664062
2026-09-03T00:16:49+00:00,area_trajectory,milford_haven,,1788333600000.0,,5.00747680664062
2026-09-03T00:16:49+00:00,area_trajectory,milford_haven,,1788333720000.0,,5.00747680664062
2026-09-03T00:16:49+00:00,area_trajectory,milford_haven,,1788333840000.0,,5.00747680664062
2026-09-03T00:16:49+00:00,area_trajectory,milford_haven,,1788333960000.0,,5.00747680664062
2026-09-03T00:16:49+00:00,area_trajectory,milford_haven,,1788334080000.0,,5.00747680664062
2026-09-03T00:16:49+00:00,area_trajectory,milford_haven,,1788334200000.0,,5.00747680664062
2026-09-03T00:16:49+00:00,area_trajectory,milford_haven,,1788334320000.0,,5.00747680664062
2026-09-03T00:16:49+00:00,area_trajectory,milford_haven,,1788334440000.0,,5.00747680664062
2026-09-03T00:16:49+00:00,area_trajectory,milford_haven,,1788334560000.0,,5.00747680664062
2026-09-03T00:16:49+00:00,area_trajectory,milford_haven,,1788334680000.0,,5.00747680664062
2026-09-03T00:16:49+00:00,area_trajectory,milford_haven,,1788334800000.0,,5.00747680664062
2026-09-03T00:16:49+00:00,area_trajectory,milford_haven,,1788334920000.0,,5.00747680664062
2026-09-03T00:16:49+00:00,area_trajectory,milford_haven,,1788335040000.0,,5.00747680664062
2026-09-03T00:16:49+00:00,area_trajectory,milford_haven,,1788335160000.0,,5.00747680664062
2026-09-03T00:16:49+00:00,area_trajectory,milford_haven,,1788335280000.0,,5.00747680664062
2026-09-03T00:16:49+00:00,area_trajectory,milford_haven,,1788335400000.0,,5.00747680664062
2026-09-03T00:16:49+00:00,area_trajectory,milford_haven,,1788335520000.0,,5.00747680664062
2026-09-03T00:16:49+00:00,area_trajectory,milford_haven,,1788335640000.0,,5.00747680664062
2026-09-03T00:16:49+00:00,area_trajectory,milford_haven,,1788335760000.0,,5.00747680664062
2026-09-03T00:16:49+00:00,area_trajectory,milford_haven,,1788335880000.0,,5.00747680664062
2026-09-03T00:16:49+00:00,area_trajectory,milford_haven,,1788336000000.0,,5.00747680664062
2026-09-03T00:16:49+00:00,area_trajectory,milford_haven,,1788336120000.0,,5.00747680664062
2026-09-03T00:16:49+00:00,area_trajectory,milford_haven,,1788336240000.0,,5.01480150222778
2026-09-03T00:16:49+00:00,area_trajectory,milford_haven,,1788336360000.0,,5.01480150222778
2026-09-03T00:16:49+00:00,area_trajectory,milford_haven,,1788336480000.0,,5.01480150222778
2026-09-03T00:16:49+00:00,area_trajectory,milford_haven,,1788336600000.0,,5.01480150222778
2026-09-03T00:16:49+00:00,area_trajectory,milford_haven,,1788336720000.0,,5.01480150222778
2026-09-03T00:16:49+00:00,area_trajectory,milford_haven,,1788336840000.0,,5.01480150222778
2026-09-03T00:16:49+00:00,area_trajectory,milford_haven,,1788336960000.0,,5.01480150222778
2026-09-03T00:16:49+00:00,area_trajectory,milford_haven,,1788337080000.0,,5.01480150222778
2026-09-03T00:16:49+00:00,area_trajectory,milford_haven,,1788337200000.0,,5.01480150222778
2026-09-03T00:16:49+00:00,area_trajectory,milford_haven,,1788337320000.0,,5.01480150222778
2026-09-03T00:16:49+00:00,area_trajectory,milford_haven,,1788337440000.0,,5.01480150222778
2026-09-03T00:16:49+00:00,area_trajectory,milford_haven,,1788337560000.0,,5.01480150222778
2026-09-03T00:16:49+00:00,area_trajectory,milford_haven,,1788337680000.0,,5.01480150222778
2026-09-03T00:16:49+00:00,area_trajectory,milford_haven,,1788337800000.0,,5.01480150222778
2026-09-03T00:16:49+00:00,area_trajectory,milford_haven,,1788337920000.0,,5.01480150222778
2026-09-03T00:16:49+00:00,area_trajectory,milford_haven,,1788338040000.0,,5.01480150222778
2026-09-03T00:16:49+00:00,area_trajectory,milford_haven,,1788338160000.0,,5.01480150222778
2026-09-03T00:16:49+00:00,area_trajectory,milford_haven,,1788338280000.0,,5.01480150222778
2026-09-03T00:16:49+00:00,area_trajectory,milford_haven,,1788338400000.0,,5.01480150222778
2026-09-03T00:16:49+00:00,area_trajectory,milford_haven,,1788338520000.0,,5.01480150222778
2026-09-03T00:16:49+00:00,area_trajectory,milford_haven,,1788338640000.0,,5.01480150222778
2026-09-03T00:16:49+00:00,area_trajectory,milford_haven,,1788338760000.0,,5.01480150222778
2026-09-03T00:16:49+00:00,area_trajectory,milford_haven,,1788338880000.0,,5.01480150222778
2026-09-03T00:16:49+00:00,area_trajectory,milford_haven,,1788339000000.0,,5.01480150222778
2026-09-03T00:16:49+00:00,area_trajectory,milford_haven,,1788339120000.0,,5.01480150222778
2026-09-03T00:16:49+00:00,area_trajectory,milford_haven,,1788339240000.0,,5.01480150222778
2026-09-03T00:16:49+00:00,area_trajectory,milford_haven,,1788339360000.0,,5.01480150222778
2026-09-03T00:16:49+00:00,area_trajectory,milford_haven,,1788339480000.0,,5.01480150222778
2026-09-03T00:16:49+00:00,area_trajectory,milford_haven,,1788339600000.0,,5.01480150222778
2026-09-03T00:16:49+00:00,area_trajectory,milford_haven,,1788339720000.0,,5.01480150222778
2026-09-03T00:16:49+00:00,area_trajectory,milford_haven,,1788339840000.0,,5.00747680664062
2026-09-03T00:16:49+00:00,area_trajectory,milford_haven,,1788339960000.0,,5.00747680664062
2026-09-03T00:16:49+00:00,area_trajectory,milford_haven,,1788340080000.0,,5.00747680664062
2026-09-03T00:16:49+00:00,area_trajectory,milford_haven,,1788340200000.0,,5.00747680664062
2026-09-03T00:16:49+00:00,area_trajectory,milford_haven,,1788340320000.0,,5.00747680664062
2026-09-03T00:16:49+00:00,area_trajectory,milford_haven,,1788340440000.0,,5.00747680664062
2026-09-03T00:16:49+00:00,area_trajectory,milford_haven,,1788340560000.0,,5.00747680664062
2026-09-03T00:16:49+00:00,area_trajectory,milford_haven,,1788340680000.0,,5.00747680664062
2026-09-03T00:16:49+00:00,area_trajectory,milford_haven,,1788340800000.0,,5.00747680664062
2026-09-03T00:16:49+00:00,area_trajectory,milford_haven,,1788340920000.0,,5.00747680664062
2026-09-03T00:16:49+00:00,area_trajectory,milford_haven,,1788341040000.0,,5.00747680664062
2026-09-03T00:16:49+00:00,area_trajectory,milford_haven,,1788341160000.0,,5.00747680664062
2026-09-03T00:16:49+00:00,area_trajectory,milford_haven,,1788341280000.0,,5.00747680664062
2026-09-03T00:16:49+00:00,area_trajectory,milford_haven,,1788341400000.0,,5.00747680664062
2026-09-03T00:16:49+00:00,area_trajectory,milford_haven,,1788341520000.0,,5.00747680664062
2026-09-03T00:16:49+00:00,area_trajectory,milford_haven,,1788341640000.0,,5.00747680664062
2026-09-03T00:16:49+00:00,area_trajectory,milford_haven,,1788341760000.0,,5.00747680664062
2026-09-03T00:16:49+00:00,area_trajectory,milford_haven,,1788341880000.0,,5.00747680664062
2026-09-03T00:16:49+00:00,area_trajectory,milford_haven,,1788342000000.0,,5.00747680664062
2026-09-03T00:16:49+00:00,area_trajectory,milford_haven,,1788342120000.0,,5.00747680664062
2026-09-03T00:16:49+00:00,area_trajectory,milford_haven,,1788342240000.0,,5.00747680664062
2026-09-03T00:16:49+00:00,area_trajectory,milford_haven,,1788342360000.0,,5.00747680664062
2026-09-03T00:16:49+00:00,area_trajectory,milford_haven,,1788342480000.0,,5.00747680664062
2026-09-03T00:16:49+00:00,area_trajectory,milford_haven,,1788342600000.0,,5.00747680664062
2026-09-03T00:16:49+00:00,area_trajectory,milford_haven,,1788342720000.0,,5.00747680664062
2026-09-03T00:16:49+00:00,area_trajectory,milford_haven,,1788342840000.0,,5.00747680664062
2026-09-03T00:16:49+00:00,area_trajectory,milford_haven,,1788342960000.0,,5.00747680664062
2026-09-03T00:16:49+00:00,area_trajectory,milford_haven,,1788343080000.0,,5.00747680664062
2026-09-03T00:16:49+00:00,area_trajectory,milford_haven,,1788343200000.0,,5.00747680664062
2026-09-03T00:16:49+00:00,area_trajectory,milford_haven,,1788343320000.0,,5.00747680664062
2026-09-03T00:16:49+00:00,area_trajectory,milford_haven,,1788343440000.0,,5.0245676040649405
2026-09-03T00:16:49+00:00,area_trajectory,milford_haven,,1788343560000.0,,5.0245676040649405
2026-09-03T00:16:49+00:00,area_trajectory,milford_haven,,1788343680000.0,,5.0245676040649405
2026-09-03T00:16:49+00:00,area_trajectory,milford_haven,,1788343800000.0,,5.0245676040649405
2026-09-03T00:16:49+00:00,area_trajectory,milford_haven,,1788343920000.0,,5.0245676040649405
2026-09-03T00:16:49+00:00,area_trajectory,milford_haven,,1788344040000.0,,5.0245676040649405
2026-09-03T00:16:49+00:00,area_trajectory,milford_haven,,1788344160000.0,,5.0245676040649405
2026-09-03T00:16:49+00:00,area_trajectory,milford_haven,,1788344280000.0,,5.0245676040649405
2026-09-03T00:16:49+00:00,area_trajectory,milford_haven,,1788344400000.0,,5.0245676040649405
2026-09-03T00:16:49+00:00,area_trajectory,milford_haven,,1788344520000.0,,5.0245676040649405
2026-09-03T00:16:49+00:00,area_trajectory,milford_haven,,1788344640000.0,,5.0245676040649405
2026-09-03T00:16:49+00:00,area_trajectory,milford_haven,,1788344760000.0,,5.0245676040649405
2026-09-03T00:16:49+00:00,area_trajectory,milford_haven,,1788344880000.0,,5.0245676040649405
2026-09-03T00:16:49+00:00,area_trajectory,milford_haven,,1788345000000.0,,5.0245676040649405
2026-09-03T00:16:49+00:00,area_trajectory,milford_haven,,1788345120000.0,,5.0245676040649405
2026-09-03T00:16:49+00:00,area_trajectory,milford_haven,,1788345240000.0,,5.0245676040649405
2026-09-03T00:16:49+00:00,area_trajectory,milford_haven,,1788345360000.0,,5.0245676040649405
2026-09-03T00:16:49+00:00,area_trajectory,milford_haven,,1788345480000.0,,5.0245676040649405
2026-09-03T00:16:49+00:00,area_trajectory,milford_haven,,1788345600000.0,,5.0245676040649405
2026-09-03T00:16:49+00:00,area_trajectory,milford_haven,,1788345720000.0,,5.0245676040649405
2026-09-03T00:16:49+00:00,area_trajectory,milford_haven,,1788345840000.0,,5.0245676040649405
2026-09-03T00:16:49+00:00,area_trajectory,milford_haven,,1788345960000.0,,5.0245676040649405
2026-09-03T00:16:49+00:00,area_trajectory,milford_haven,,1788346080000.0,,5.0245676040649405
2026-09-03T00:16:49+00:00,area_trajectory,milford_haven,,1788346200000.0,,5.0245676040649405
2026-09-03T00:16:49+00:00,area_trajectory,milford_haven,,1788346320000.0,,5.0245676040649405
2026-09-03T00:16:49+00:00,area_trajectory,milford_haven,,1788346440000.0,,5.0245676040649405
2026-09-03T00:16:49+00:00,area_trajectory,milford_haven,,1788346560000.0,,5.0245676040649405
2026-09-03T00:16:49+00:00,area_trajectory,milford_haven,,1788346680000.0,,5.0245676040649405
2026-09-03T00:16:49+00:00,area_trajectory,milford_haven,,1788346800000.0,,5.0245676040649405
2026-09-03T00:16:49+00:00,area_trajectory,milford_haven,,1788346920000.0,,5.0245676040649405
2026-09-03T00:16:49+00:00,area_trajectory,milford_haven,,1788347040000.0,,5.0270090103149405
2026-09-03T00:16:49+00:00,area_trajectory,milford_haven,,1788347160000.0,,5.0270090103149405
2026-09-03T00:16:49+00:00,area_trajectory,milford_haven,,1788347280000.0,,5.0270090103149405
2026-09-03T00:16:49+00:00,area_trajectory,milford_haven,,1788347400000.0,,5.0270090103149405
2026-09-03T00:16:49+00:00,area_trajectory,milford_haven,,1788347520000.0,,5.0270090103149405
2026-09-03T00:16:49+00:00,area_trajectory,milford_haven,,1788347640000.0,,5.0270090103149405
2026-09-03T00:16:49+00:00,area_trajectory,milford_haven,,1788347760000.0,,5.0270090103149405
2026-09-03T00:16:49+00:00,area_trajectory,milford_haven,,1788347880000.0,,5.0270090103149405
2026-09-03T00:16:49+00:00,area_trajectory,milford_haven,,1788348000000.0,,5.0270090103149405
2026-09-03T00:16:49+00:00,area_trajectory,milford_haven,,1788348120000.0,,5.0270090103149405
2026-09-03T00:16:49+00:00,area_trajectory,milford_haven,,1788348240000.0,,5.0270090103149405
2026-09-03T00:16:49+00:00,area_trajectory,milford_haven,,1788348360000.0,,5.0270090103149405
2026-09-03T00:16:49+00:00,area_trajectory,milford_haven,,1788348480000.0,,5.0270090103149405
2026-09-03T00:16:49+00:00,area_trajectory,milford_haven,,1788348600000.0,,5.0270090103149405
2026-09-03T00:16:49+00:00,area_trajectory,milford_haven,,1788348720000.0,,5.0270090103149405
2026-09-03T00:16:49+00:00,area_trajectory,milford_haven,,1788348840000.0,,5.0270090103149405
2026-09-03T00:16:49+00:00,area_trajectory,milford_haven,,1788348960000.0,,5.0270090103149405
2026-09-03T00:16:49+00:00,area_trajectory,milford_haven,,1788349080000.0,,5.0270090103149405
2026-09-03T00:16:49+00:00,area_trajectory,milford_haven,,1788349200000.0,,5.0270090103149405
2026-09-03T00:16:49+00:00,area_trajectory,milford_haven,,1788349320000.0,,5.0270090103149405
2026-09-03T00:16:49+00:00,area_trajectory,milford_haven,,1788349440000.0,,5.0270090103149405
2026-09-03T00:16:49+00:00,area_trajectory,milford_haven,,1788349560000.0,,5.0270090103149405
2026-09-03T00:16:49+00:00,area_trajectory,milford_haven,,1788349680000.0,,5.0270090103149405
2026-09-03T00:16:49+00:00,area_trajectory,milford_haven,,1788349800000.0,,5.0270090103149405
2026-09-03T00:16:49+00:00,area_trajectory,milford_haven,,1788349920000.0,,5.0270090103149405
2026-09-03T00:16:49+00:00,area_trajectory,milford_haven,,1788350040000.0,,5.0270090103149405
2026-09-03T00:16:49+00:00,area_trajectory,milford_haven,,1788350160000.0,,5.0270090103149405
2026-09-03T00:16:49+00:00,area_trajectory,milford_haven,,1788350280000.0,,5.0270090103149405
2026-09-03T00:16:49+00:00,area_trajectory,milford_haven,,1788350400000.0,,5.0270090103149405
2026-09-03T00:16:49+00:00,area_trajectory,milford_haven,,1788350520000.0,,5.0270090103149405
2026-09-03T00:16:49+00:00,area_trajectory,milford_haven,,1788350640000.0,,5.0489821434021
2026-09-03T00:16:49+00:00,area_trajectory,milford_haven,,1788350760000.0,,5.0489821434021
2026-09-03T00:16:49+00:00,area_trajectory,milford_haven,,1788350880000.0,,5.0489821434021
2026-09-03T00:16:49+00:00,area_trajectory,milford_haven,,1788351000000.0,,5.0489821434021
2026-09-03T00:16:49+00:00,area_trajectory,milford_haven,,1788351120000.0,,5.0489821434021
2026-09-03T00:16:49+00:00,area_trajectory,milford_haven,,1788351240000.0,,5.0489821434021
2026-09-03T00:16:49+00:00,area_trajectory,milford_haven,,1788351360000.0,,5.0489821434021
2026-09-03T00:16:49+00:00,area_trajectory,milford_haven,,1788351480000.0,,5.0489821434021
2026-09-03T00:16:49+00:00,area_trajectory,milford_haven,,1788351600000.0,,5.0489821434021
2026-09-03T00:16:49+00:00,area_trajectory,milford_haven,,1788351720000.0,,5.0489821434021
2026-09-03T00:16:49+00:00,area_trajectory,milford_haven,,1788351840000.0,,5.0489821434021
2026-09-03T00:16:49+00:00,area_trajectory,milford_haven,,1788351960000.0,,5.0489821434021
2026-09-03T00:16:49+00:00,area_trajectory,milford_haven,,1788352080000.0,,5.0489821434021
2026-09-03T00:16:49+00:00,area_trajectory,milford_haven,,1788352200000.0,,5.0489821434021
2026-09-03T00:16:49+00:00,area_trajectory,milford_haven,,1788352320000.0,,5.0489821434021
2026-09-03T00:16:49+00:00,area_trajectory,milford_haven,,1788352440000.0,,5.0489821434021
2026-09-03T00:16:49+00:00,area_trajectory,milford_haven,,1788352560000.0,,5.0489821434021
2026-09-03T00:16:49+00:00,area_trajectory,milford_haven,,1788352680000.0,,5.0489821434021
2026-09-03T00:16:49+00:00,area_trajectory,milford_haven,,1788352800000.0,,5.0489821434021
2026-09-03T00:16:49+00:00,area_trajectory,milford_haven,,1788352920000.0,,5.0489821434021
2026-09-03T00:16:49+00:00,area_trajectory,milford_haven,,1788353040000.0,,5.0489821434021
2026-09-03T00:16:49+00:00,area_trajectory,milford_haven,,1788353160000.0,,5.0489821434021
2026-09-03T00:16:49+00:00,area_trajectory,milford_haven,,1788353280000.0,,5.0489821434021
2026-09-03T00:16:49+00:00,area_trajectory,milford_haven,,1788353400000.0,,5.0489821434021
2026-09-03T00:16:49+00:00,area_trajectory,milford_haven,,1788353520000.0,,5.0489821434021
2026-09-03T00:16:49+00:00,area_trajectory,milford_haven,,1788353640000.0,,5.0489821434021
2026-09-03T00:16:49+00:00,area_trajectory,milford_haven,,1788353760000.0,,5.0489821434021
2026-09-03T00:16:49+00:00,area_trajectory,milford_haven,,1788353880000.0,,5.0489821434021
2026-09-03T00:16:49+00:00,area_trajectory,milford_haven,,1788354000000.0,,5.0489821434021
2026-09-03T00:16:49+00:00,area_trajectory,milford_haven,,1788354120000.0,,5.0489821434021
2026-09-03T00:16:49+00:00,area_trajectory,milford_haven,,1788354240000.0,,5.0563068389892605
2026-09-03T00:16:49+00:00,area_trajectory,milford_haven,,1788354360000.0,,5.0563068389892605
2026-09-03T00:16:49+00:00,area_trajectory,milford_haven,,1788354480000.0,,5.0563068389892605
2026-09-03T00:16:49+00:00,area_trajectory,milford_haven,,1788354600000.0,,5.0563068389892605
2026-09-03T00:16:49+00:00,area_trajectory,milford_haven,,1788354720000.0,,5.0563068389892605
2026-09-03T00:16:49+00:00,area_trajectory,milford_haven,,1788354840000.0,,5.0563068389892605
2026-09-03T00:16:49+00:00,area_trajectory,milford_haven,,1788354960000.0,,5.0563068389892605
2026-09-03T00:16:49+00:00,area_trajectory,milford_haven,,1788355080000.0,,5.0563068389892605
2026-09-03T00:16:49+00:00,area_trajectory,milford_haven,,1788355200000.0,,5.0563068389892605
2026-09-03T00:16:49+00:00,area_trajectory,milford_haven,,1788355320000.0,,5.0563068389892605
2026-09-03T00:16:49+00:00,area_trajectory,milford_haven,,1788355440000.0,,5.0563068389892605
2026-09-03T00:16:49+00:00,area_trajectory,milford_haven,,1788355560000.0,,5.0563068389892605
2026-09-03T00:16:49+00:00,area_trajectory,milford_haven,,1788355680000.0,,5.0563068389892605
2026-09-03T00:16:49+00:00,area_trajectory,milford_haven,,1788355800000.0,,5.0563068389892605
2026-09-03T00:16:49+00:00,area_trajectory,milford_haven,,1788355920000.0,,5.0563068389892605
2026-09-03T00:16:49+00:00,area_trajectory,milford_haven,,1788356040000.0,,5.0563068389892605
2026-09-03T00:16:49+00:00,area_trajectory,milford_haven,,1788356160000.0,,5.0563068389892605
2026-09-03T00:16:49+00:00,area_trajectory,milford_haven,,1788356280000.0,,5.0563068389892605
2026-09-03T00:16:49+00:00,area_trajectory,milford_haven,,1788356400000.0,,5.0563068389892605
2026-09-03T00:16:49+00:00,area_trajectory,milford_haven,,1788356520000.0,,5.0563068389892605
2026-09-03T00:16:49+00:00,area_trajectory,milford_haven,,1788356640000.0,,5.0563068389892605
2026-09-03T00:16:49+00:00,area_trajectory,milford_haven,,1788356760000.0,,5.0563068389892605
2026-09-03T00:16:49+00:00,area_trajectory,milford_haven,,1788356880000.0,,5.0563068389892605
2026-09-03T00:16:49+00:00,area_trajectory,milford_haven,,1788357000000.0,,5.0563068389892605
2026-09-03T00:16:49+00:00,area_trajectory,milford_haven,,1788357120000.0,,5.0563068389892605
2026-09-03T00:16:49+00:00,area_trajectory,milford_haven,,1788357240000.0,,5.0563068389892605
2026-09-03T00:16:49+00:00,area_trajectory,milford_haven,,1788357360000.0,,5.0563068389892605
2026-09-03T00:16:49+00:00,area_trajectory,milford_haven,,1788357480000.0,,5.0563068389892605
2026-09-03T00:16:49+00:00,area_trajectory,milford_haven,,1788357600000.0,,5.0563068389892605
2026-09-03T00:16:49+00:00,area_trajectory,milford_haven,,1788357720000.0,,5.0563068389892605
2026-09-03T00:16:49+00:00,area_trajectory,milford_haven,,1788357840000.0,,5.0563068389892605
2026-09-03T00:16:49+00:00,area_trajectory,milford_haven,,1788357960000.0,,5.0563068389892605
2026-09-03T00:16:49+00:00,area_trajectory,milford_haven,,1788358080000.0,,5.0563068389892605
2026-09-03T00:16:49+00:00,area_trajectory,milford_haven,,1788358200000.0,,5.0563068389892605
2026-09-03T00:16:49+00:00,area_trajectory,milford_haven,,1788358320000.0,,5.0563068389892605
2026-09-03T00:16:49+00:00,area_trajectory,milford_haven,,1788358440000.0,,5.0563068389892605
2026-09-03T00:16:49+00:00,area_trajectory,milford_haven,,1788358560000.0,,5.0563068389892605
2026-09-03T00:16:49+00:00,area_trajectory,milford_haven,,1788358680000.0,,5.0563068389892605
2026-09-03T00:16:49+00:00,area_trajectory,milford_haven,,1788358800000.0,,5.0563068389892605
2026-09-03T00:16:49+00:00,area_trajectory,milford_haven,,1788358920000.0,,5.0563068389892605
2026-09-03T00:16:49+00:00,area_trajectory,milford_haven,,1788359040000.0,,5.0563068389892605
2026-09-03T00:16:49+00:00,area_trajectory,milford_haven,,1788359160000.0,,5.0563068389892605
2026-09-03T00:16:49+00:00,area_trajectory,milford_haven,,1788359280000.0,,5.0563068389892605
2026-09-03T00:16:49+00:00,area_trajectory,milford_haven,,1788359400000.0,,5.0563068389892605
2026-09-03T00:16:49+00:00,area_trajectory,milford_haven,,1788359520000.0,,5.0563068389892605
2026-09-03T00:16:49+00:00,area_trajectory,milford_haven,,1788359640000.0,,5.0563068389892605
2026-09-03T00:16:49+00:00,area_trajectory,milford_haven,,1788359760000.0,,5.0563068389892605
2026-09-03T00:16:49+00:00,area_trajectory,milford_haven,,1788359880000.0,,5.0563068389892605
2026-09-03T00:16:49+00:00,area_trajectory,milford_haven,,1788360000000.0,,5.0563068389892605
2026-09-03T00:16:49+00:00,area_trajectory,milford_haven,,1788360120000.0,,5.0563068389892605
2026-09-03T00:16:49+00:00,area_trajectory,milford_haven,,1788360240000.0,,5.0563068389892605
2026-09-03T00:16:49+00:00,area_trajectory,milford_haven,,1788360360000.0,,5.0563068389892605
2026-09-03T00:16:49+00:00,area_trajectory,milford_haven,,1788360480000.0,,5.0563068389892605
2026-09-03T00:16:49+00:00,area_trajectory,milford_haven,,1788360600000.0,,5.0563068389892605
2026-09-03T00:16:49+00:00,area_trajectory,milford_haven,,1788360720000.0,,5.0563068389892605
2026-09-03T00:16:49+00:00,area_trajectory,milford_haven,,1788360840000.0,,5.0563068389892605
2026-09-03T00:16:49+00:00,area_trajectory,milford_haven,,1788360960000.0,,5.0563068389892605
2026-09-03T00:16:49+00:00,area_trajectory,milford_haven,,1788361080000.0,,5.0563068389892605
2026-09-03T00:16:49+00:00,area_trajectory,milford_haven,,1788361200000.0,,5.0563068389892605
2026-09-03T00:16:49+00:00,area_trajectory,milford_haven,,1788361320000.0,,5.0563068389892605
2026-09-03T00:16:49+00:00,area_trajectory,milford_haven,,1788361440000.0,,5.07583856582642
2026-09-03T00:16:49+00:00,area_trajectory,milford_haven,,1788361560000.0,,5.07583856582642
2026-09-03T00:16:49+00:00,area_trajectory,milford_haven,,1788361680000.0,,5.07583856582642
2026-09-03T00:16:49+00:00,area_trajectory,milford_haven,,1788361800000.0,,5.07583856582642
2026-09-03T00:16:49+00:00,area_trajectory,milford_haven,,1788361920000.0,,5.07583856582642
2026-09-03T00:16:49+00:00,area_trajectory,milford_haven,,1788362040000.0,,5.07583856582642
2026-09-03T00:16:49+00:00,area_trajectory,milford_haven,,1788362160000.0,,5.07583856582642
2026-09-03T00:16:49+00:00,area_trajectory,milford_haven,,1788362280000.0,,5.07583856582642
2026-09-03T00:16:49+00:00,area_trajectory,milford_haven,,1788362400000.0,,5.07583856582642
2026-09-03T00:16:49+00:00,area_trajectory,milford_haven,,1788362520000.0,,5.07583856582642
2026-09-03T00:16:49+00:00,area_trajectory,milford_haven,,1788362640000.0,,5.07583856582642
2026-09-03T00:16:49+00:00,area_trajectory,milford_haven,,1788362760000.0,,5.07583856582642
2026-09-03T00:16:49+00:00,area_trajectory,milford_haven,,1788362880000.0,,5.07583856582642
2026-09-03T00:16:49+00:00,area_trajectory,milford_haven,,1788363000000.0,,5.07583856582642
2026-09-03T00:16:49+00:00,area_trajectory,milford_haven,,1788363120000.0,,5.07583856582642
2026-09-03T00:16:49+00:00,area_trajectory,milford_haven,,1788363240000.0,,5.07583856582642
2026-09-03T00:16:49+00:00,area_trajectory,milford_haven,,1788363360000.0,,5.07583856582642
2026-09-03T00:16:49+00:00,area_trajectory,milford_haven,,1788363480000.0,,5.07583856582642
2026-09-03T00:16:49+00:00,area_trajectory,milford_haven,,1788363600000.0,,5.07583856582642
2026-09-03T00:16:49+00:00,area_trajectory,milford_haven,,1788363720000.0,,5.07583856582642
2026-09-03T00:16:49+00:00,area_trajectory,milford_haven,,1788363840000.0,,5.07583856582642
2026-09-03T00:16:49+00:00,area_trajectory,milford_haven,,1788363960000.0,,5.07583856582642
2026-09-03T00:16:49+00:00,area_trajectory,milford_haven,,1788364080000.0,,5.07583856582642
2026-09-03T00:16:49+00:00,area_trajectory,milford_haven,,1788364200000.0,,5.07583856582642
2026-09-03T00:16:49+00:00,area_trajectory,milford_haven,,1788364320000.0,,5.07583856582642
2026-09-03T00:16:49+00:00,area_trajectory,milford_haven,,1788364440000.0,,5.07583856582642
2026-09-03T00:16:49+00:00,area_trajectory,milford_haven,,1788364560000.0,,5.07583856582642
2026-09-03T00:16:49+00:00,area_trajectory,milford_haven,,1788364680000.0,,5.07583856582642
2026-09-03T00:16:49+00:00,area_trajectory,milford_haven,,1788364800000.0,,5.07583856582642
2026-09-03T00:16:49+00:00,area_trajectory,milford_haven,,1788364920000.0,,5.07583856582642
2026-09-03T00:16:49+00:00,area_trajectory,milford_haven,,1788365040000.0,,5.0660724639892605
2026-09-03T00:16:49+00:00,area_trajectory,milford_haven,,1788365160000.0,,5.0660724639892605
2026-09-03T00:16:49+00:00,area_trajectory,milford_haven,,1788365280000.0,,5.0660724639892605
2026-09-03T00:16:49+00:00,area_trajectory,milford_haven,,1788365400000.0,,5.0660724639892605
2026-09-03T00:16:49+00:00,area_trajectory,milford_haven,,1788365520000.0,,5.0660724639892605
2026-09-03T00:16:49+00:00,area_trajectory,milford_haven,,1788365640000.0,,5.0660724639892605
2026-09-03T00:16:49+00:00,area_trajectory,milford_haven,,1788365760000.0,,5.0660724639892605
2026-09-03T00:16:49+00:00,area_trajectory,milford_haven,,1788365880000.0,,5.0660724639892605
2026-09-03T00:16:49+00:00,area_trajectory,milford_haven,,1788366000000.0,,5.0660724639892605
2026-09-03T00:16:49+00:00,area_trajectory,milford_haven,,1788366120000.0,,5.0660724639892605
2026-09-03T00:16:49+00:00,area_trajectory,milford_haven,,1788366240000.0,,5.0660724639892605
2026-09-03T00:16:49+00:00,area_trajectory,milford_haven,,1788366360000.0,,5.0660724639892605
2026-09-03T00:16:49+00:00,area_trajectory,milford_haven,,1788366480000.0,,5.0660724639892605
2026-09-03T00:16:49+00:00,area_trajectory,milford_haven,,1788366600000.0,,5.0660724639892605
2026-09-03T00:16:49+00:00,area_trajectory,milford_haven,,1788366720000.0,,5.0660724639892605
2026-09-03T00:16:49+00:00,area_trajectory,milford_haven,,1788366840000.0,,5.0660724639892605
2026-09-03T00:16:49+00:00,area_trajectory,milford_haven,,1788366960000.0,,5.0660724639892605
2026-09-03T00:16:49+00:00,area_trajectory,milford_haven,,1788367080000.0,,5.0660724639892605
2026-09-03T00:16:49+00:00,area_trajectory,milford_haven,,1788367200000.0,,5.0660724639892605
2026-09-03T00:16:49+00:00,area_trajectory,milford_haven,,1788367320000.0,,5.0660724639892605
2026-09-03T00:16:49+00:00,area_trajectory,milford_haven,,1788367440000.0,,5.0660724639892605
2026-09-03T00:16:49+00:00,area_trajectory,milford_haven,,1788367560000.0,,5.0660724639892605
2026-09-03T00:16:49+00:00,area_trajectory,milford_haven,,1788367680000.0,,5.0660724639892605
2026-09-03T00:16:49+00:00,area_trajectory,milford_haven,,1788367800000.0,,5.0660724639892605
2026-09-03T00:16:49+00:00,area_trajectory,milford_haven,,1788367920000.0,,5.0660724639892605
2026-09-03T00:16:49+00:00,area_trajectory,milford_haven,,1788368040000.0,,5.0660724639892605
2026-09-03T00:16:49+00:00,area_trajectory,milford_haven,,1788368160000.0,,5.0660724639892605
2026-09-03T00:16:49+00:00,area_trajectory,milford_haven,,1788368280000.0,,5.0660724639892605
2026-09-03T00:16:49+00:00,area_trajectory,milford_haven,,1788368400000.0,,5.0660724639892605
2026-09-03T00:16:49+00:00,area_trajectory,milford_haven,,1788368520000.0,,5.0660724639892605
2026-09-03T00:16:49+00:00,area_trajectory,milford_haven,,1788368640000.0,,5.08316278457642
2026-09-03T00:16:49+00:00,area_trajectory,milford_haven,,1788368760000.0,,5.08316278457642
2026-09-03T00:16:49+00:00,area_trajectory,milford_haven,,1788368880000.0,,5.08316278457642
2026-09-03T00:16:49+00:00,area_trajectory,milford_haven,,1788369000000.0,,5.08316278457642
2026-09-03T00:16:49+00:00,area_trajectory,milford_haven,,1788369120000.0,,5.08316278457642
2026-09-03T00:16:49+00:00,area_trajectory,milford_haven,,1788369240000.0,,5.08316278457642
2026-09-03T00:16:49+00:00,area_trajectory,milford_haven,,1788369360000.0,,5.08316278457642
2026-09-03T00:16:49+00:00,area_trajectory,milford_haven,,1788369480000.0,,5.08316278457642
2026-09-03T00:16:49+00:00,area_trajectory,milford_haven,,1788369600000.0,,5.08316278457642
2026-09-03T00:16:49+00:00,area_trajectory,milford_haven,,1788369720000.0,,5.08316278457642
2026-09-03T00:16:49+00:00,area_trajectory,milford_haven,,1788369840000.0,,5.08316278457642
2026-09-03T00:16:49+00:00,area_trajectory,milford_haven,,1788369960000.0,,5.08316278457642
2026-09-03T00:16:49+00:00,area_trajectory,milford_haven,,1788370080000.0,,5.08316278457642
2026-09-03T00:16:49+00:00,area_trajectory,milford_haven,,1788370200000.0,,5.08316278457642
2026-09-03T00:16:49+00:00,area_trajectory,milford_haven,,1788370320000.0,,5.08316278457642
2026-09-03T00:16:49+00:00,area_trajectory,milford_haven,,1788370440000.0,,5.08316278457642
2026-09-03T00:16:49+00:00,area_trajectory,milford_haven,,1788370560000.0,,5.08316278457642
2026-09-03T00:16:49+00:00,area_trajectory,milford_haven,,1788370680000.0,,5.08316278457642
2026-09-03T00:16:49+00:00,area_trajectory,milford_haven,,1788370800000.0,,5.08316278457642
2026-09-03T00:16:49+00:00,area_trajectory,milford_haven,,1788370920000.0,,5.08316278457642
2026-09-03T00:16:49+00:00,area_trajectory,milford_haven,,1788371040000.0,,5.08316278457642
2026-09-03T00:16:49+00:00,area_trajectory,milford_haven,,1788371160000.0,,5.08316278457642
2026-09-03T00:16:49+00:00,area_trajectory,milford_haven,,1788371280000.0,,5.08316278457642
2026-09-03T00:16:49+00:00,area_trajectory,milford_haven,,1788371400000.0,,5.08316278457642
2026-09-03T00:16:49+00:00,area_trajectory,milford_haven,,1788371520000.0,,5.08316278457642
2026-09-03T00:16:49+00:00,area_trajectory,milford_haven,,1788371640000.0,,5.08316278457642
2026-09-03T00:16:49+00:00,area_trajectory,milford_haven,,1788371760000.0,,5.08316278457642
2026-09-03T00:16:49+00:00,area_trajectory,milford_haven,,1788371880000.0,,5.08316278457642
2026-09-03T00:16:49+00:00,area_trajectory,milford_haven,,1788372000000.0,,5.08316278457642
2026-09-03T00:16:49+00:00,area_trajectory,milford_haven,,1788372120000.0,,5.08316278457642
2026-09-03T00:16:49+00:00,area_trajectory,milford_haven,,1788372240000.0,,5.09781169891357
2026-09-03T00:16:49+00:00,area_trajectory,milford_haven,,1788372360000.0,,5.09781169891357
2026-09-03T00:16:49+00:00,area_trajectory,milford_haven,,1788372480000.0,,5.09781169891357
2026-09-03T00:16:49+00:00,area_trajectory,milford_haven,,1788372600000.0,,5.09781169891357
2026-09-03T00:16:49+00:00,area_trajectory,milford_haven,,1788372720000.0,,5.09781169891357
2026-09-03T00:16:49+00:00,area_trajectory,milford_haven,,1788372840000.0,,5.09781169891357
2026-09-03T00:16:49+00:00,area_trajectory,milford_haven,,1788372960000.0,,5.09781169891357
2026-09-03T00:16:49+00:00,area_trajectory,milford_haven,,1788373080000.0,,5.09781169891357
2026-09-03T00:16:49+00:00,area_trajectory,milford_haven,,1788373200000.0,,5.09781169891357
2026-09-03T00:16:49+00:00,area_trajectory,milford_haven,,1788373320000.0,,5.09781169891357
2026-09-03T00:16:49+00:00,area_trajectory,milford_haven,,1788373440000.0,,5.0172429084777805
2026-09-03T00:16:49+00:00,area_trajectory,milford_haven,,1788373560000.0,,5.0172429084777805
2026-09-03T00:16:49+00:00,area_trajectory,milford_haven,,1788373680000.0,,5.0172429084777805
2026-09-03T00:16:49+00:00,area_trajectory,milford_haven,,1788373800000.0,,5.0172429084777805
2026-09-03T00:16:49+00:00,area_trajectory,milford_haven,,1788373920000.0,,5.0172429084777805
2026-09-03T00:16:49+00:00,area_trajectory,milford_haven,,1788374040000.0,,5.0172429084777805
2026-09-03T00:16:49+00:00,area_trajectory,milford_haven,,1788374160000.0,,5.0172429084777805
2026-09-03T00:16:49+00:00,area_trajectory,milford_haven,,1788374280000.0,,5.0172429084777805
2026-09-03T00:16:49+00:00,area_trajectory,milford_haven,,1788374400000.0,,5.0172429084777805
2026-09-03T00:16:49+00:00,area_trajectory,milford_haven,,1788374520000.0,,5.0172429084777805
2026-09-03T00:16:49+00:00,area_trajectory,milford_haven,,1788374640000.0,,5.0172429084777805
2026-09-03T00:16:49+00:00,area_trajectory,milford_haven,,1788374760000.0,,5.0172429084777805
2026-09-03T00:16:49+00:00,area_trajectory,milford_haven,,1788374880000.0,,5.0172429084777805
2026-09-03T00:16:49+00:00,area_trajectory,milford_haven,,1788375000000.0,,5.0172429084777805
2026-09-03T00:16:49+00:00,area_trajectory,milford_haven,,1788375120000.0,,5.0172429084777805
2026-09-03T00:16:49+00:00,area_trajectory,milford_haven,,1788375240000.0,,5.0172429084777805
2026-09-03T00:16:49+00:00,area_trajectory,milford_haven,,1788375360000.0,,5.0172429084777805
2026-09-03T00:16:49+00:00,area_trajectory,milford_haven,,1788375480000.0,,5.0172429084777805
2026-09-03T00:16:49+00:00,area_trajectory,milford_haven,,1788375600000.0,,5.0172429084777805
2026-09-03T00:16:49+00:00,area_trajectory,milford_haven,,1788375720000.0,,5.0172429084777805
2026-09-03T00:16:49+00:00,area_trajectory,milford_haven,,1788375840000.0,,5.0660724639892605
2026-09-03T00:16:49+00:00,area_trajectory,milford_haven,,1788375960000.0,,5.0660724639892605
2026-09-03T00:16:49+00:00,area_trajectory,milford_haven,,1788376080000.0,,5.0660724639892605
2026-09-03T00:16:49+00:00,area_trajectory,milford_haven,,1788376200000.0,,5.0660724639892605
2026-09-03T00:16:49+00:00,area_trajectory,milford_haven,,1788376320000.0,,5.0660724639892605
2026-09-03T00:16:49+00:00,area_trajectory,milford_haven,,1788376440000.0,,5.0660724639892605
2026-09-03T00:16:49+00:00,area_trajectory,milford_haven,,1788376560000.0,,5.0660724639892605
2026-09-03T00:16:49+00:00,area_trajectory,milford_haven,,1788376680000.0,,5.0660724639892605
2026-09-03T00:16:49+00:00,area_trajectory,milford_haven,,1788376800000.0,,5.0660724639892605
2026-09-03T00:16:49+00:00,area_trajectory,milford_haven,,1788376920000.0,,5.0660724639892605
2026-09-03T00:16:49+00:00,area_trajectory,milford_haven,,1788377040000.0,,5.0660724639892605
2026-09-03T00:16:49+00:00,area_trajectory,milford_haven,,1788377160000.0,,5.0660724639892605
2026-09-03T00:16:49+00:00,area_trajectory,milford_haven,,1788377280000.0,,5.0660724639892605
2026-09-03T00:16:49+00:00,area_trajectory,milford_haven,,1788377400000.0,,5.0660724639892605
2026-09-03T00:16:49+00:00,area_trajectory,milford_haven,,1788377520000.0,,5.0660724639892605
2026-09-03T00:16:49+00:00,area_trajectory,milford_haven,,1788377640000.0,,5.0660724639892605
2026-09-03T00:16:49+00:00,area_trajectory,milford_haven,,1788377760000.0,,5.0660724639892605
2026-09-03T00:16:49+00:00,area_trajectory,milford_haven,,1788377880000.0,,5.0660724639892605
2026-09-03T00:16:49+00:00,area_trajectory,milford_haven,,1788378000000.0,,5.0660724639892605
2026-09-03T00:16:49+00:00,area_trajectory,milford_haven,,1788378120000.0,,5.0660724639892605
2026-09-03T00:16:49+00:00,area_trajectory,milford_haven,,1788378240000.0,,5.0660724639892605
2026-09-03T00:16:49+00:00,area_trajectory,milford_haven,,1788378360000.0,,5.0660724639892605
2026-09-03T00:16:49+00:00,area_trajectory,milford_haven,,1788378480000.0,,5.0660724639892605
2026-09-03T00:16:49+00:00,area_trajectory,milford_haven,,1788378600000.0,,5.0660724639892605
2026-09-03T00:16:49+00:00,area_trajectory,milford_haven,,1788378720000.0,,4.90005207061768
2026-09-03T00:16:49+00:00,area_trajectory,milford_haven,,1788378840000.0,,4.90005207061768
2026-09-03T00:16:49+00:00,area_trajectory,milford_haven,,1788378960000.0,,4.90005207061768
2026-09-03T00:16:49+00:00,area_trajectory,milford_haven,,1788379080000.0,,4.90005207061768
2026-09-03T00:16:49+00:00,area_trajectory,milford_haven,,1788379200000.0,,4.90005207061768
2026-09-03T00:16:49+00:00,area_trajectory,milford_haven,,1788379320000.0,,4.90005207061768
2026-09-03T00:16:49+00:00,area_trajectory,milford_haven,,1788379440000.0,,4.83169031143188
2026-09-03T00:16:49+00:00,area_trajectory,milford_haven,,1788379560000.0,,4.83169031143188
2026-09-03T00:16:49+00:00,area_trajectory,milford_haven,,1788379680000.0,,4.83169031143188
2026-09-03T00:16:49+00:00,area_trajectory,milford_haven,,1788379800000.0,,4.83169031143188
2026-09-03T00:16:49+00:00,area_trajectory,milford_haven,,1788379920000.0,,4.83169031143188
2026-09-03T00:16:49+00:00,area_trajectory,milford_haven,,1788380040000.0,,4.91225910186768
2026-09-03T00:16:49+00:00,area_trajectory,milford_haven,,1788380160000.0,,4.91225910186768
2026-09-03T00:16:49+00:00,area_trajectory,milford_haven,,1788380280000.0,,4.91225910186768
2026-09-03T00:16:49+00:00,area_trajectory,milford_haven,,1788380400000.0,,4.91225910186768
2026-09-03T00:16:49+00:00,area_trajectory,milford_haven,,1788380520000.0,,4.91225910186768
2026-09-03T00:16:49+00:00,area_trajectory,milford_haven,,1788380640000.0,,4.91225910186768
2026-09-03T00:16:49+00:00,area_trajectory,milford_haven,,1788380760000.0,,4.91225910186768
2026-09-03T00:16:49+00:00,area_trajectory,milford_haven,,1788380880000.0,,4.91225910186768
2026-09-03T00:16:49+00:00,area_trajectory,milford_haven,,1788381000000.0,,4.91225910186768
2026-09-03T00:16:49+00:00,area_trajectory,milford_haven,,1788381120000.0,,4.91225910186768
2026-09-03T00:16:49+00:00,area_trajectory,milford_haven,,1788381240000.0,,4.91225910186768
2026-09-03T00:16:49+00:00,area_trajectory,milford_haven,,1788381360000.0,,4.91225910186768
2026-09-03T00:16:49+00:00,area_trajectory,milford_haven,,1788381480000.0,,4.91225910186768
2026-09-03T00:16:49+00:00,area_trajectory,milford_haven,,1788381600000.0,,4.91225910186768
2026-09-03T00:16:49+00:00,area_trajectory,milford_haven,,1788381720000.0,,4.91225910186768
2026-09-03T00:16:49+00:00,area_trajectory,milford_haven,,1788381840000.0,,4.91225910186768
2026-09-03T00:16:49+00:00,area_trajectory,milford_haven,,1788381960000.0,,4.91225910186768
2026-09-03T00:16:49+00:00,area_trajectory,milford_haven,,1788382080000.0,,4.91225910186768
2026-09-03T00:16:49+00:00,area_trajectory,milford_haven,,1788382200000.0,,4.91225910186768
2026-09-03T00:16:49+00:00,area_trajectory,milford_haven,,1788382320000.0,,4.91225910186768
2026-09-03T00:16:49+00:00,area_trajectory,milford_haven,,1788382440000.0,,4.91225910186768
2026-09-03T00:16:49+00:00,area_trajectory,milford_haven,,1788382560000.0,,4.91225910186768
2026-09-03T00:16:49+00:00,area_trajectory,milford_haven,,1788382680000.0,,4.91225910186768
2026-09-03T00:16:49+00:00,area_trajectory,milford_haven,,1788382800000.0,,4.91225910186768
2026-09-03T00:16:49+00:00,area_trajectory,milford_haven,,1788382920000.0,,4.91225910186768
2026-09-03T00:16:49+00:00,area_trajectory,milford_haven,,1788383040000.0,,4.90493488311768
2026-09-03T00:16:49+00:00,area_trajectory,milford_haven,,1788383160000.0,,4.90493488311768
2026-09-03T00:16:49+00:00,area_trajectory,milford_haven,,1788383280000.0,,4.90493488311768
2026-09-03T00:16:49+00:00,area_trajectory,milford_haven,,1788383400000.0,,4.90493488311768
2026-09-03T00:16:49+00:00,area_trajectory,milford_haven,,1788383520000.0,,4.90493488311768
2026-09-03T00:16:49+00:00,area_trajectory,milford_haven,,1788383640000.0,,4.90493488311768
2026-09-03T00:16:49+00:00,area_trajectory,milford_haven,,1788383760000.0,,4.90493488311768
2026-09-03T00:16:49+00:00,area_trajectory,milford_haven,,1788383880000.0,,4.90493488311768
2026-09-03T00:16:49+00:00,area_trajectory,milford_haven,,1788384000000.0,,4.90493488311768
2026-09-03T00:16:49+00:00,area_trajectory,milford_haven,,1788384120000.0,,4.90493488311768
2026-09-03T00:16:49+00:00,area_trajectory,milford_haven,,1788384240000.0,,4.90493488311768
2026-09-03T00:16:49+00:00,area_trajectory,milford_haven,,1788384360000.0,,4.90493488311768
2026-09-03T00:16:49+00:00,area_trajectory,milford_haven,,1788384480000.0,,5.0514235496521005
2026-09-03T00:16:49+00:00,area_trajectory,milford_haven,,1788384600000.0,,5.0514235496521005
2026-09-03T00:16:49+00:00,area_trajectory,milford_haven,,1788384720000.0,,4.9366741180419895
2026-09-03T00:16:49+00:00,area_trajectory,milford_haven,,1788384840000.0,,4.9366741180419895
2026-09-03T00:16:49+00:00,area_trajectory,milford_haven,,1788384960000.0,,4.9366741180419895
2026-09-03T00:16:49+00:00,area_trajectory,milford_haven,,1788385080000.0,,4.9366741180419895
2026-09-03T00:16:49+00:00,area_trajectory,milford_haven,,1788385200000.0,,4.9366741180419895
2026-09-03T00:16:49+00:00,area_trajectory,milford_haven,,1788385320000.0,,4.9366741180419895
2026-09-03T00:16:49+00:00,area_trajectory,milford_haven,,1788385440000.0,,4.9366741180419895
2026-09-03T00:16:49+00:00,area_trajectory,milford_haven,,1788385560000.0,,4.9366741180419895
2026-09-03T00:16:49+00:00,area_trajectory,milford_haven,,1788385680000.0,,4.9366741180419895
2026-09-03T00:16:49+00:00,area_trajectory,milford_haven,,1788385800000.0,,4.9366741180419895
2026-09-03T00:16:49+00:00,area_trajectory,milford_haven,,1788385920000.0,,4.9366741180419895
2026-09-03T00:16:49+00:00,area_trajectory,milford_haven,,1788386040000.0,,4.9366741180419895
2026-09-03T00:16:49+00:00,area_trajectory,milford_haven,,1788386160000.0,,4.9366741180419895
2026-09-03T00:16:49+00:00,area_trajectory,milford_haven,,1788386280000.0,,4.9366741180419895
2026-09-03T00:16:49+00:00,area_trajectory,milford_haven,,1788386400000.0,,4.9366741180419895
2026-09-03T00:16:49+00:00,area_trajectory,milford_haven,,1788386520000.0,,4.9366741180419895
2026-09-03T00:16:49+00:00,area_trajectory,milford_haven,,1788386640000.0,,4.9635305404663095
2026-09-03T00:16:49+00:00,area_trajectory,milford_haven,,1788386760000.0,,4.9635305404663095
2026-09-03T00:16:49+00:00,area_trajectory,milford_haven,,1788386880000.0,,4.9635305404663095
2026-09-03T00:16:49+00:00,area_trajectory,milford_haven,,1788387000000.0,,4.9635305404663095
2026-09-03T00:16:49+00:00,area_trajectory,milford_haven,,1788387120000.0,,4.9635305404663095
2026-09-03T00:16:49+00:00,area_trajectory,milford_haven,,1788387240000.0,,4.9635305404663095
2026-09-03T00:16:49+00:00,area_trajectory,milford_haven,,1788387360000.0,,4.9635305404663095
2026-09-03T00:16:49+00:00,area_trajectory,milford_haven,,1788387480000.0,,4.9635305404663095
2026-09-03T00:16:49+00:00,area_trajectory,milford_haven,,1788387600000.0,,4.9635305404663095
2026-09-03T00:16:49+00:00,area_trajectory,milford_haven,,1788387720000.0,,4.9635305404663095
2026-09-03T00:16:49+00:00,area_trajectory,milford_haven,,1788387840000.0,,4.9635305404663095
2026-09-03T00:16:49+00:00,area_trajectory,milford_haven,,1788387960000.0,,4.9635305404663095
2026-09-03T00:16:49+00:00,area_trajectory,milford_haven,,1788388080000.0,,4.9635305404663095
2026-09-03T00:16:49+00:00,area_trajectory,milford_haven,,1788388200000.0,,4.9635305404663095
2026-09-03T00:16:49+00:00,area_trajectory,milford_haven,,1788388320000.0,,4.9635305404663095
2026-09-03T00:16:49+00:00,area_trajectory,milford_haven,,1788388440000.0,,4.9635305404663095
2026-09-03T00:16:49+00:00,area_trajectory,milford_haven,,1788388560000.0,,4.9635305404663095
2026-09-03T00:16:49+00:00,area_trajectory,milford_haven,,1788388680000.0,,4.9635305404663095
2026-09-03T00:16:49+00:00,area_trajectory,milford_haven,,1788388800000.0,,4.9635305404663095
2026-09-03T00:16:49+00:00,area_trajectory,milford_haven,,1788388920000.0,,4.9635305404663095
2026-09-03T00:16:49+00:00,area_trajectory,milford_haven,,1788389040000.0,,4.9635305404663095
2026-09-03T00:16:49+00:00,area_trajectory,milford_haven,,1788389160000.0,,4.9635305404663095
2026-09-03T00:16:49+00:00,area_trajectory,milford_haven,,1788389280000.0,,4.9635305404663095
2026-09-03T00:16:49+00:00,area_trajectory,milford_haven,,1788389400000.0,,4.9635305404663095
2026-09-03T00:16:49+00:00,area_trajectory,milford_haven,,1788389520000.0,,4.9635305404663095
2026-09-03T00:16:49+00:00,area_trajectory,milford_haven,,1788389640000.0,,4.9635305404663095
2026-09-03T00:16:49+00:00,area_trajectory,milford_haven,,1788389760000.0,,4.9635305404663095
2026-09-03T00:16:49+00:00,area_trajectory,milford_haven,,1788389880000.0,,4.9635305404663095
2026-09-03T00:16:49+00:00,area_trajectory,milford_haven,,1788390000000.0,,4.9635305404663095
2026-09-03T00:16:49+00:00,area_trajectory,milford_haven,,1788390120000.0,,4.9635305404663095
2026-09-03T00:16:49+00:00,area_trajectory,milford_haven,,1788390240000.0,,4.93911552429199
2026-09-03T00:16:49+00:00,area_trajectory,milford_haven,,1788390360000.0,,4.93911552429199
2026-09-03T00:16:49+00:00,area_trajectory,milford_haven,,1788390480000.0,,4.93911552429199
2026-09-03T00:16:49+00:00,area_trajectory,milford_haven,,1788390600000.0,,4.93911552429199
2026-09-03T00:16:49+00:00,area_trajectory,milford_haven,,1788390720000.0,,4.93911552429199
2026-09-03T00:16:49+00:00,area_trajectory,milford_haven,,1788390840000.0,,4.93911552429199
2026-09-03T00:16:49+00:00,area_trajectory,milford_haven,,1788390960000.0,,4.93911552429199
2026-09-03T00:16:49+00:00,area_trajectory,milford_haven,,1788391080000.0,,4.93911552429199
2026-09-03T00:16:49+00:00,area_trajectory,milford_haven,,1788391200000.0,,4.93911552429199
2026-09-03T00:16:49+00:00,area_trajectory,milford_haven,,1788391320000.0,,4.93911552429199
2026-09-03T00:16:49+00:00,area_trajectory,milford_haven,,1788391440000.0,,4.93911552429199
2026-09-03T00:16:49+00:00,area_trajectory,milford_haven,,1788391560000.0,,4.93911552429199
2026-09-03T00:16:49+00:00,area_trajectory,milford_haven,,1788391680000.0,,4.93911552429199
2026-09-03T00:16:49+00:00,area_trajectory,milford_haven,,1788391800000.0,,4.93911552429199
2026-09-03T00:16:49+00:00,area_trajectory,milford_haven,,1788391920000.0,,4.93911552429199
2026-09-03T00:16:49+00:00,area_trajectory,milford_haven,,1788392040000.0,,4.93911552429199
2026-09-03T00:16:49+00:00,area_trajectory,milford_haven,,1788392160000.0,,4.93911552429199
2026-09-03T00:16:49+00:00,area_trajectory,milford_haven,,1788392280000.0,,4.93911552429199
2026-09-03T00:16:49+00:00,area_trajectory,milford_haven,,1788392400000.0,,4.93911552429199
2026-09-03T00:16:49+00:00,area_trajectory,milford_haven,,1788392520000.0,,4.93911552429199
2026-09-03T00:16:49+00:00,area_trajectory,milford_haven,,1788392640000.0,,4.93911552429199
2026-09-03T00:16:49+00:00,area_trajectory,milford_haven,,1788392760000.0,,4.93911552429199
2026-09-03T00:16:49+00:00,area_trajectory,milford_haven,,1788392880000.0,,4.93911552429199
2026-09-03T00:16:49+00:00,area_trajectory,milford_haven,,1788393000000.0,,4.93911552429199
2026-09-03T00:16:49+00:00,area_trajectory,milford_haven,,1788393120000.0,,4.93911552429199
2026-09-03T00:16:49+00:00,area_trajectory,milford_haven,,1788393240000.0,,4.93911552429199
2026-09-03T00:16:49+00:00,area_trajectory,milford_haven,,1788393360000.0,,4.93911552429199
2026-09-03T00:16:49+00:00,area_trajectory,milford_haven,,1788393480000.0,,4.93911552429199
2026-09-03T00:16:49+00:00,area_trajectory,milford_haven,,1788393600000.0,,4.93911552429199
2026-09-03T00:16:49+00:00,area_trajectory,milford_haven,,1788393720000.0,,4.93911552429199
2026-09-03T00:16:49+00:00,area_trajectory,milford_haven,,1788393840000.0,,4.95376443862915
2026-09-03T00:16:49+00:00,area_trajectory,milford_haven,,1788393960000.0,,4.95376443862915
2026-09-03T00:16:49+00:00,area_trajectory,milford_haven,,1788394080000.0,,4.95376443862915
2026-09-03T00:16:49+00:00,area_trajectory,milford_haven,,1788394200000.0,,4.95376443862915
2026-09-03T00:16:49+00:00,area_trajectory,milford_haven,,1788394320000.0,,4.95376443862915
2026-09-03T00:16:49+00:00,area_trajectory,milford_haven,,1788394440000.0,,4.95376443862915
2026-09-03T00:16:49+00:00,area_trajectory,milford_haven,,1788394560000.0,,4.95376443862915
2026-09-03T00:16:49+00:00,area_trajectory,milford_haven,,1788394680000.0,,4.95376443862915
2026-09-03T00:16:49+00:00,area_trajectory,milford_haven,,1788394800000.0,,4.95376443862915
2026-09-03T00:16:49+00:00,area_trajectory,milford_haven,,1788394920000.0,,4.95376443862915
2026-09-03T00:16:49+00:00,area_trajectory,milford_haven,,1788395040000.0,,4.95376443862915
2026-09-03T00:16:49+00:00,area_trajectory,milford_haven,,1788395160000.0,,4.95376443862915
2026-09-03T00:16:49+00:00,area_trajectory,milford_haven,,1788395280000.0,,4.95376443862915
2026-09-03T00:16:49+00:00,area_trajectory,milford_haven,,1788395400000.0,,4.95376443862915
2026-09-03T00:16:49+00:00,area_trajectory,milford_haven,,1788395520000.0,,4.95376443862915
2026-09-03T00:16:49+00:00,area_trajectory,milford_haven,,1788395640000.0,,4.95376443862915
2026-09-03T00:16:49+00:00,area_trajectory,milford_haven,,1788395760000.0,,4.95376443862915
2026-09-03T00:16:49+00:00,area_trajectory,milford_haven,,1788395880000.0,,4.95376443862915
2026-09-03T00:16:49+00:00,area_trajectory,milford_haven,,1788396000000.0,,4.95376443862915
2026-09-03T00:16:49+00:00,area_trajectory,milford_haven,,1788396120000.0,,4.95376443862915
2026-09-03T00:16:49+00:00,area_trajectory,milford_haven,,1788396240000.0,,4.95376443862915
2026-09-03T00:16:49+00:00,area_trajectory,milford_haven,,1788396360000.0,,4.95376443862915
2026-09-03T00:16:49+00:00,area_trajectory,milford_haven,,1788396480000.0,,4.95376443862915
2026-09-03T00:16:49+00:00,area_trajectory,milford_haven,,1788396600000.0,,4.95376443862915
2026-09-03T00:16:49+00:00,area_trajectory,milford_haven,,1788396720000.0,,4.95376443862915
2026-09-03T00:16:49+00:00,area_trajectory,milford_haven,,1788396840000.0,,4.95376443862915
2026-09-03T00:16:49+00:00,area_trajectory,milford_haven,,1788396960000.0,,4.95376443862915
2026-09-03T00:16:49+00:00,area_trajectory,milford_haven,,1788397080000.0,,4.95376443862915
2026-09-03T00:16:49+00:00,area_trajectory,milford_haven,,1788397200000.0,,4.95376443862915
2026-09-03T00:16:49+00:00,area_trajectory,milford_haven,,1788397320000.0,,4.95376443862915
2026-09-03T00:16:49+00:00,area_trajectory,milford_haven,,1788397440000.0,,4.99282836914062
2026-09-03T00:16:49+00:00,area_trajectory,milford_haven,,1788397560000.0,,4.99282836914062
2026-09-03T00:16:49+00:00,area_trajectory,milford_haven,,1788397680000.0,,4.99282836914062
2026-09-03T00:16:49+00:00,area_trajectory,milford_haven,,1788397800000.0,,4.99282836914062
2026-09-03T00:16:49+00:00,subterminal_latest,grain,nts1,,01:00,0.00
2026-09-03T00:16:49+00:00,subterminal_latest,grain,nts1,,01:02,0.00
2026-09-03T00:16:49+00:00,subterminal_latest,grain,nts1,,01:04,0.00
2026-09-03T00:16:49+00:00,subterminal_latest,grain,nts1,,01:06,0.00
2026-09-03T00:16:49+00:00,subterminal_latest,grain,nts1,,01:08,0.00
2026-09-03T00:16:49+00:00,subterminal_latest,grain,nts1,,01:10,0.00
2026-09-03T00:16:49+00:00,subterminal_latest,grain,nts2,,01:00,0.00
2026-09-03T00:16:49+00:00,subterminal_latest,grain,nts2,,01:02,0.00
2026-09-03T00:16:49+00:00,subterminal_latest,grain,nts2,,01:04,0.00
2026-09-03T00:16:49+00:00,subterminal_latest,grain,nts2,,01:06,0.00
2026-09-03T00:16:49+00:00,subterminal_latest,grain,nts2,,01:08,0.00
2026-09-03T00:16:49+00:00,subterminal_latest,grain,nts2,,01:10,0.00
2026-09-03T00:16:49+00:00,subterminal_latest,dragon,,,01:00,0.00
2026-09-03T00:16:49+00:00,subterminal_latest,dragon,,,01:02,0.00
2026-09-03T00:16:49+00:00,subterminal_latest,dragon,,,01:04,0.00
2026-09-03T00:16:49+00:00,subterminal_latest,dragon,,,01:06,0.00
2026-09-03T00:16:49+00:00,subterminal_latest,dragon,,,01:08,0.00
2026-09-03T00:16:49+00:00,subterminal_latest,dragon,,,01:10,0.00
2026-09-03T00:16:49+00:00,subterminal_latest,south_hook,,,01:00,4.95
2026-09-03T00:16:49+00:00,subterminal_latest,south_hook,,,01:02,4.95
2026-09-03T00:16:49+00:00,subterminal_latest,south_hook,,,01:04,4.99
2026-09-03T00:16:49+00:00,subterminal_latest,south_hook,,,01:06,4.99
2026-09-03T00:16:49+00:00,subterminal_latest,south_hook,,,01:08,4.99
2026-09-03T00:16:49+00:00,subterminal_latest,south_hook,,,01:10,4.99
