snapshot_utc,series,terminal,sub,epoch_ms,time_label,value_mcm_d
2026-09-22T00:50:19+00:00,area_trajectory,grain,,1789966800000.0,,3.29890502912924
2026-09-22T00:50:19+00:00,area_trajectory,grain,,1789966920000.0,,3.28044726545736
2026-09-22T00:50:19+00:00,area_trajectory,grain,,1789967040000.0,,3.28044726545736
2026-09-22T00:50:19+00:00,area_trajectory,grain,,1789967160000.0,,2.88756426985189
2026-09-22T00:50:19+00:00,area_trajectory,grain,,1789967280000.0,,2.88756426985189
2026-09-22T00:50:19+00:00,area_trajectory,grain,,1789967400000.0,,3.0477498777620498
2026-09-22T00:50:19+00:00,area_trajectory,grain,,1789967520000.0,,4.54026544172689
2026-09-22T00:50:19+00:00,area_trajectory,grain,,1789967640000.0,,3.98397666914389
2026-09-22T00:50:19+00:00,area_trajectory,grain,,1789967760000.0,,3.93398792250082
2026-09-22T00:50:19+00:00,area_trajectory,grain,,1789967880000.0,,4.23392383558676
2026-09-22T00:50:19+00:00,area_trajectory,grain,,1789968000000.0,,4.10062114698812
2026-09-22T00:50:19+00:00,area_trajectory,grain,,1789968120000.0,,4.15939701826498
2026-09-22T00:50:19+00:00,area_trajectory,grain,,1789968240000.0,,4.15939701826498
2026-09-22T00:50:19+00:00,area_trajectory,grain,,1789968360000.0,,4.29749937422201
2026-09-22T00:50:19+00:00,area_trajectory,grain,,1789968480000.0,,4.65455980665609
2026-09-22T00:50:19+00:00,area_trajectory,grain,,1789968600000.0,,4.53491503126547
2026-09-22T00:50:19+00:00,area_trajectory,grain,,1789968720000.0,,4.746771873306479
2026-09-22T00:50:19+00:00,area_trajectory,grain,,1789968840000.0,,4.8203081281893
2026-09-22T00:50:19+00:00,area_trajectory,grain,,1789968960000.0,,5.03692571241781
2026-09-22T00:50:19+00:00,area_trajectory,grain,,1789969080000.0,,5.07698904402182
2026-09-22T00:50:19+00:00,area_trajectory,grain,,1789969200000.0,,6.183878768753261
2026-09-22T00:50:19+00:00,area_trajectory,grain,,1789969320000.0,,6.64706863386556
2026-09-22T00:50:19+00:00,area_trajectory,grain,,1789969440000.0,,6.64706863386556
2026-09-22T00:50:19+00:00,area_trajectory,grain,,1789969560000.0,,6.91367401106283
2026-09-22T00:50:19+00:00,area_trajectory,grain,,1789969680000.0,,7.46831001264974
2026-09-22T00:50:19+00:00,area_trajectory,grain,,1789969800000.0,,7.532143066238611
2026-09-22T00:50:19+00:00,area_trajectory,grain,,1789969920000.0,,7.65592427046224
2026-09-22T00:50:19+00:00,area_trajectory,grain,,1789970040000.0,,7.89191773970053
2026-09-22T00:50:19+00:00,area_trajectory,grain,,1789970160000.0,,7.89191773970053
2026-09-22T00:50:19+00:00,area_trajectory,grain,,1789970280000.0,,7.651492461990561
2026-09-22T00:50:19+00:00,area_trajectory,grain,,1789970400000.0,,7.651492461990561
2026-09-22T00:50:19+00:00,area_trajectory,grain,,1789970520000.0,,7.651492461990561
2026-09-22T00:50:19+00:00,area_trajectory,grain,,1789970640000.0,,7.7914610288851
2026-09-22T00:50:19+00:00,area_trajectory,grain,,1789970760000.0,,7.82936495954916
2026-09-22T00:50:19+00:00,area_trajectory,grain,,1789970880000.0,,7.75319308454916
2026-09-22T00:50:19+00:00,area_trajectory,grain,,1789971000000.0,,7.69188754255697
2026-09-22T00:50:19+00:00,area_trajectory,grain,,1789971120000.0,,7.69188754255697
2026-09-22T00:50:19+00:00,area_trajectory,grain,,1789971240000.0,,7.72997348005697
2026-09-22T00:50:19+00:00,area_trajectory,grain,,1789971360000.0,,7.72997348005697
2026-09-22T00:50:19+00:00,area_trajectory,grain,,1789971480000.0,,7.783038909744469
2026-09-22T00:50:19+00:00,area_trajectory,grain,,1789971600000.0,,7.783038909744469
2026-09-22T00:50:19+00:00,area_trajectory,grain,,1789971720000.0,,7.76029666120932
2026-09-22T00:50:19+00:00,area_trajectory,grain,,1789971840000.0,,7.76029666120932
2026-09-22T00:50:19+00:00,area_trajectory,grain,,1789971960000.0,,7.76029666120932
2026-09-22T00:50:19+00:00,area_trajectory,grain,,1789972080000.0,,7.76029666120932
2026-09-22T00:50:19+00:00,area_trajectory,grain,,1789972200000.0,,7.79457492048666
2026-09-22T00:50:19+00:00,area_trajectory,grain,,1789972320000.0,,7.79457492048666
2026-09-22T00:50:19+00:00,area_trajectory,grain,,1789972440000.0,,7.7349173277132195
2026-09-22T00:50:19+00:00,area_trajectory,grain,,1789972560000.0,,7.7349173277132195
2026-09-22T00:50:19+00:00,area_trajectory,grain,,1789972680000.0,,7.790619842361661
2026-09-22T00:50:19+00:00,area_trajectory,grain,,1789972800000.0,,7.790619842361661
2026-09-22T00:50:19+00:00,area_trajectory,grain,,1789972920000.0,,7.790619842361661
2026-09-22T00:50:19+00:00,area_trajectory,grain,,1789973040000.0,,7.790619842361661
2026-09-22T00:50:19+00:00,area_trajectory,grain,,1789973160000.0,,7.741509490799159
2026-09-22T00:50:19+00:00,area_trajectory,grain,,1789973280000.0,,7.741509490799159
2026-09-22T00:50:19+00:00,area_trajectory,grain,,1789973400000.0,,7.77743588240072
2026-09-22T00:50:19+00:00,area_trajectory,grain,,1789973520000.0,,7.77743588240072
2026-09-22T00:50:19+00:00,area_trajectory,grain,,1789973640000.0,,7.81039578230307
2026-09-22T00:50:19+00:00,area_trajectory,grain,,1789973760000.0,,7.81039578230307
2026-09-22T00:50:19+00:00,area_trajectory,grain,,1789973880000.0,,7.74876065046713
2026-09-22T00:50:19+00:00,area_trajectory,grain,,1789974000000.0,,7.74876065046713
2026-09-22T00:50:19+00:00,area_trajectory,grain,,1789974120000.0,,7.74876065046713
2026-09-22T00:50:19+00:00,area_trajectory,grain,,1789974240000.0,,7.79479318220541
2026-09-22T00:50:19+00:00,area_trajectory,grain,,1789974360000.0,,7.81028445417806
2026-09-22T00:50:19+00:00,area_trajectory,grain,,1789974480000.0,,7.81028445417806
2026-09-22T00:50:19+00:00,area_trajectory,grain,,1789974600000.0,,7.824786773513999
2026-09-22T00:50:19+00:00,area_trajectory,grain,,1789974720000.0,,7.824786773513999
2026-09-22T00:50:19+00:00,area_trajectory,grain,,1789974840000.0,,7.824786773513999
2026-09-22T00:50:19+00:00,area_trajectory,grain,,1789974960000.0,,7.824786773513999
2026-09-22T00:50:19+00:00,area_trajectory,grain,,1789975080000.0,,7.70049331648275
2026-09-22T00:50:19+00:00,area_trajectory,grain,,1789975200000.0,,7.78856895430014
2026-09-22T00:50:19+00:00,area_trajectory,grain,,1789975320000.0,,7.80406022627279
2026-09-22T00:50:19+00:00,area_trajectory,grain,,1789975440000.0,,7.80406022627279
2026-09-22T00:50:19+00:00,area_trajectory,grain,,1789975560000.0,,7.83767930586264
2026-09-22T00:50:19+00:00,area_trajectory,grain,,1789975680000.0,,7.83767930586264
2026-09-22T00:50:19+00:00,area_trajectory,grain,,1789975800000.0,,7.7767033537142
2026-09-22T00:50:19+00:00,area_trajectory,grain,,1789975920000.0,,7.7767033537142
2026-09-22T00:50:19+00:00,area_trajectory,grain,,1789976040000.0,,7.72938809187338
2026-09-22T00:50:19+00:00,area_trajectory,grain,,1789976160000.0,,7.72938809187338
2026-09-22T00:50:19+00:00,area_trajectory,grain,,1789976280000.0,,7.80794224531576
2026-09-22T00:50:19+00:00,area_trajectory,grain,,1789976400000.0,,7.72938809187338
2026-09-22T00:50:19+00:00,area_trajectory,grain,,1789976520000.0,,7.7020312193147795
2026-09-22T00:50:19+00:00,area_trajectory,grain,,1789976640000.0,,7.7020312193147795
2026-09-22T00:50:19+00:00,area_trajectory,grain,,1789976760000.0,,7.7185112608186905
2026-09-22T00:50:19+00:00,area_trajectory,grain,,1789976880000.0,,7.7185112608186905
2026-09-22T00:50:19+00:00,area_trajectory,grain,,1789977000000.0,,7.84774874861166
2026-09-22T00:50:19+00:00,area_trajectory,grain,,1789977120000.0,,7.84774874861166
2026-09-22T00:50:19+00:00,area_trajectory,grain,,1789977240000.0,,7.7871023863069695
2026-09-22T00:50:19+00:00,area_trajectory,grain,,1789977360000.0,,7.7871023863069695
2026-09-22T00:50:19+00:00,area_trajectory,grain,,1789977480000.0,,7.7871023863069695
2026-09-22T00:50:19+00:00,area_trajectory,grain,,1789977600000.0,,7.7871023863069695
2026-09-22T00:50:19+00:00,area_trajectory,grain,,1789977720000.0,,7.7871023863069695
2026-09-22T00:50:19+00:00,area_trajectory,grain,,1789977840000.0,,7.754876739334319
2026-09-22T00:50:19+00:00,area_trajectory,grain,,1789977960000.0,,7.754876739334319
2026-09-22T00:50:19+00:00,area_trajectory,grain,,1789978080000.0,,7.754876739334319
2026-09-22T00:50:19+00:00,area_trajectory,grain,,1789978200000.0,,7.754876739334319
2026-09-22T00:50:19+00:00,area_trajectory,grain,,1789978320000.0,,7.71103982527182
2026-09-22T00:50:19+00:00,area_trajectory,grain,,1789978440000.0,,7.71103982527182
2026-09-22T00:50:19+00:00,area_trajectory,grain,,1789978560000.0,,7.71103982527182
2026-09-22T00:50:19+00:00,area_trajectory,grain,,1789978680000.0,,7.71103982527182
2026-09-22T00:50:19+00:00,area_trajectory,grain,,1789978800000.0,,7.80991905195639
2026-09-22T00:50:19+00:00,area_trajectory,grain,,1789978920000.0,,7.733745269607749
2026-09-22T00:50:19+00:00,area_trajectory,grain,,1789979040000.0,,7.733745269607749
2026-09-22T00:50:19+00:00,area_trajectory,grain,,1789979160000.0,,7.78648129255697
2026-09-22T00:50:19+00:00,area_trajectory,grain,,1789979280000.0,,7.78648129255697
2026-09-22T00:50:19+00:00,area_trajectory,grain,,1789979400000.0,,7.765386993240571
2026-09-22T00:50:19+00:00,area_trajectory,grain,,1789979520000.0,,7.765386993240571
2026-09-22T00:50:19+00:00,area_trajectory,grain,,1789979640000.0,,7.765386993240571
2026-09-22T00:50:19+00:00,area_trajectory,grain,,1789979760000.0,,7.765386993240571
2026-09-22T00:50:19+00:00,area_trajectory,grain,,1789979880000.0,,7.765386993240571
2026-09-22T00:50:19+00:00,area_trajectory,grain,,1789980000000.0,,7.765386993240571
2026-09-22T00:50:19+00:00,area_trajectory,grain,,1789980120000.0,,7.75747647077963
2026-09-22T00:50:19+00:00,area_trajectory,grain,,1789980240000.0,,7.75747647077963
2026-09-22T00:50:19+00:00,area_trajectory,grain,,1789980360000.0,,7.772638152908541
2026-09-22T00:50:19+00:00,area_trajectory,grain,,1789980480000.0,,7.772638152908541
2026-09-22T00:50:19+00:00,area_trajectory,grain,,1789980600000.0,,7.71594705183432
2026-09-22T00:50:19+00:00,area_trajectory,grain,,1789980720000.0,,7.71594705183432
2026-09-22T00:50:19+00:00,area_trajectory,grain,,1789980840000.0,,7.768682891678069
2026-09-22T00:50:19+00:00,area_trajectory,grain,,1789980960000.0,,7.768682891678069
2026-09-22T00:50:19+00:00,area_trajectory,grain,,1789981080000.0,,7.71067343122885
2026-09-22T00:50:19+00:00,area_trajectory,grain,,1789981200000.0,,7.71067343122885
2026-09-22T00:50:19+00:00,area_trajectory,grain,,1789981320000.0,,7.71067343122885
2026-09-22T00:50:19+00:00,area_trajectory,grain,,1789981440000.0,,7.75513235456869
2026-09-22T00:50:19+00:00,area_trajectory,grain,,1789981560000.0,,7.81083486921713
2026-09-22T00:50:19+00:00,area_trajectory,grain,,1789981680000.0,,7.81083486921713
2026-09-22T00:50:19+00:00,area_trajectory,grain,,1789981800000.0,,7.752166045974939
2026-09-22T00:50:19+00:00,area_trajectory,grain,,1789981920000.0,,7.752166045974939
2026-09-22T00:50:19+00:00,area_trajectory,grain,,1789982040000.0,,7.7877628477327505
2026-09-22T00:50:19+00:00,area_trajectory,grain,,1789982160000.0,,7.7877628477327505
2026-09-22T00:50:19+00:00,area_trajectory,grain,,1789982280000.0,,7.730082794021819
2026-09-22T00:50:19+00:00,area_trajectory,grain,,1789982400000.0,,7.730082794021819
2026-09-22T00:50:19+00:00,area_trajectory,grain,,1789982520000.0,,7.76567959577963
2026-09-22T00:50:19+00:00,area_trajectory,grain,,1789982640000.0,,7.76567959577963
2026-09-22T00:50:19+00:00,area_trajectory,grain,,1789982760000.0,,7.78215963728354
2026-09-22T00:50:19+00:00,area_trajectory,grain,,1789982880000.0,,7.78215963728354
2026-09-22T00:50:19+00:00,area_trajectory,grain,,1789983000000.0,,7.725138763260101
2026-09-22T00:50:19+00:00,area_trajectory,grain,,1789983120000.0,,7.725138763260101
2026-09-22T00:50:19+00:00,area_trajectory,grain,,1789983240000.0,,7.77853396589682
2026-09-22T00:50:19+00:00,area_trajectory,grain,,1789983360000.0,,7.77853396589682
2026-09-22T00:50:19+00:00,area_trajectory,grain,,1789983480000.0,,7.79699154646322
2026-09-22T00:50:19+00:00,area_trajectory,grain,,1789983600000.0,,7.79699154646322
2026-09-22T00:50:19+00:00,area_trajectory,grain,,1789983720000.0,,7.739970855545249
2026-09-22T00:50:19+00:00,area_trajectory,grain,,1789983840000.0,,7.739970855545249
2026-09-22T00:50:19+00:00,area_trajectory,grain,,1789983960000.0,,7.813471587967129
2026-09-22T00:50:19+00:00,area_trajectory,grain,,1789984080000.0,,7.813471587967129
2026-09-22T00:50:19+00:00,area_trajectory,grain,,1789984200000.0,,7.75678048689291
2026-09-22T00:50:19+00:00,area_trajectory,grain,,1789984320000.0,,7.75678048689291
2026-09-22T00:50:19+00:00,area_trajectory,grain,,1789984440000.0,,7.73733413679525
2026-09-22T00:50:19+00:00,area_trajectory,grain,,1789984560000.0,,7.7301930235139995
2026-09-22T00:50:19+00:00,area_trajectory,grain,,1789984680000.0,,7.7493097837679095
2026-09-22T00:50:19+00:00,area_trajectory,grain,,1789984800000.0,,7.7493097837679095
2026-09-22T00:50:19+00:00,area_trajectory,grain,,1789984920000.0,,7.7493097837679095
2026-09-22T00:50:19+00:00,area_trajectory,grain,,1789985040000.0,,7.78604238874838
2026-09-22T00:50:19+00:00,area_trajectory,grain,,1789985160000.0,,7.76659585554525
2026-09-22T00:50:19+00:00,area_trajectory,grain,,1789985280000.0,,7.76659585554525
2026-09-22T00:50:19+00:00,area_trajectory,grain,,1789985400000.0,,7.71089352400228
2026-09-22T00:50:19+00:00,area_trajectory,grain,,1789985520000.0,,7.71089352400228
2026-09-22T00:50:19+00:00,area_trajectory,grain,,1789985640000.0,,7.78241671736166
2026-09-22T00:50:19+00:00,area_trajectory,grain,,1789985760000.0,,7.78241671736166
2026-09-22T00:50:19+00:00,area_trajectory,grain,,1789985880000.0,,7.801863067459321
2026-09-22T00:50:19+00:00,area_trajectory,grain,,1789986000000.0,,7.801863067459321
2026-09-22T00:50:19+00:00,area_trajectory,grain,,1789986120000.0,,7.784394256424161
2026-09-22T00:50:19+00:00,area_trajectory,grain,,1789986240000.0,,7.784394256424161
2026-09-22T00:50:19+00:00,area_trajectory,grain,,1789986360000.0,,7.747808685135101
2026-09-22T00:50:19+00:00,area_trajectory,grain,,1789986480000.0,,7.747808685135101
2026-09-22T00:50:19+00:00,area_trajectory,grain,,1789986600000.0,,7.78505343611166
2026-09-22T00:50:19+00:00,area_trajectory,grain,,1789986720000.0,,7.78505343611166
2026-09-22T00:50:19+00:00,area_trajectory,grain,,1789986840000.0,,7.71188229353353
2026-09-22T00:50:19+00:00,area_trajectory,grain,,1789986960000.0,,7.71188229353353
2026-09-22T00:50:19+00:00,area_trajectory,grain,,1789987080000.0,,7.72770315534994
2026-09-22T00:50:19+00:00,area_trajectory,grain,,1789987200000.0,,7.72770315534994
2026-09-22T00:50:19+00:00,area_trajectory,grain,,1789987320000.0,,7.698516982864589
2026-09-22T00:50:19+00:00,area_trajectory,grain,,1789987440000.0,,7.424770492386069
2026-09-22T00:50:19+00:00,area_trajectory,grain,,1789987560000.0,,7.31336582930014
2026-09-22T00:50:19+00:00,area_trajectory,grain,,1789987680000.0,,7.23005093367025
2026-09-22T00:50:19+00:00,area_trajectory,grain,,1789987800000.0,,7.19291688520834
2026-09-22T00:50:19+00:00,area_trajectory,grain,,1789987920000.0,,7.23338510115072
2026-09-22T00:50:19+00:00,area_trajectory,grain,,1789988040000.0,,7.25118350202963
2026-09-22T00:50:19+00:00,area_trajectory,grain,,1789988160000.0,,7.155966750930999
2026-09-22T00:50:19+00:00,area_trajectory,grain,,1789988280000.0,,7.22807394392416
2026-09-22T00:50:19+00:00,area_trajectory,grain,,1789988400000.0,,7.59227644331381
2026-09-22T00:50:19+00:00,area_trajectory,grain,,1789988520000.0,,7.02097784407064
2026-09-22T00:50:19+00:00,area_trajectory,grain,,1789988640000.0,,6.853105392288421
2026-09-22T00:50:19+00:00,area_trajectory,grain,,1789988760000.0,,6.7492471616976
2026-09-22T00:50:19+00:00,area_trajectory,grain,,1789988880000.0,,6.94443949873373
2026-09-22T00:50:19+00:00,area_trajectory,grain,,1789989000000.0,,6.67237728865072
2026-09-22T00:50:19+00:00,area_trajectory,grain,,1789989120000.0,,6.8509070280306
2026-09-22T00:50:19+00:00,area_trajectory,grain,,1789989240000.0,,7.15237678511068
2026-09-22T00:50:19+00:00,area_trajectory,grain,,1789989360000.0,,6.7715116880647805
2026-09-22T00:50:19+00:00,area_trajectory,grain,,1789989480000.0,,6.8857714079134205
2026-09-22T00:50:19+00:00,area_trajectory,grain,,1789989600000.0,,6.8857714079134205
2026-09-22T00:50:19+00:00,area_trajectory,grain,,1789989720000.0,,6.8857714079134205
2026-09-22T00:50:19+00:00,area_trajectory,grain,,1789989840000.0,,7.0452581785433
2026-09-22T00:50:19+00:00,area_trajectory,grain,,1789989960000.0,,6.82948580915853
2026-09-22T00:50:19+00:00,area_trajectory,grain,,1789990080000.0,,7.00325480635092
2026-09-22T00:50:19+00:00,area_trajectory,grain,,1789990200000.0,,6.874051559280599
2026-09-22T00:50:19+00:00,area_trajectory,grain,,1789990320000.0,,6.73122738630697
2026-09-22T00:50:19+00:00,area_trajectory,grain,,1789990440000.0,,6.61554109175131
2026-09-22T00:50:19+00:00,area_trajectory,grain,,1789990560000.0,,6.929753890823569
2026-09-22T00:50:19+00:00,area_trajectory,grain,,1789990680000.0,,6.767886749099939
2026-09-22T00:50:19+00:00,area_trajectory,grain,,1789990800000.0,,6.92023240644857
2026-09-22T00:50:19+00:00,area_trajectory,grain,,1789990920000.0,,7.63486677534506
2026-09-22T00:50:19+00:00,area_trajectory,grain,,1789991040000.0,,7.406347335647791
2026-09-22T00:50:19+00:00,area_trajectory,grain,,1789991160000.0,,7.52782196028158
2026-09-22T00:50:19+00:00,area_trajectory,grain,,1789991280000.0,,7.834895553421229
2026-09-22T00:50:19+00:00,area_trajectory,grain,,1789991400000.0,,7.40514158613607
2026-09-22T00:50:19+00:00,area_trajectory,grain,,1789991520000.0,,7.876460784744469
2026-09-22T00:50:19+00:00,area_trajectory,grain,,1789991640000.0,,7.55016218550131
2026-09-22T00:50:19+00:00,area_trajectory,grain,,1789991760000.0,,7.68108450300619
2026-09-22T00:50:19+00:00,area_trajectory,grain,,1789991880000.0,,7.68108450300619
2026-09-22T00:50:19+00:00,area_trajectory,grain,,1789992000000.0,,7.76439749128744
2026-09-22T00:50:19+00:00,area_trajectory,grain,,1789992120000.0,,7.76439749128744
2026-09-22T00:50:19+00:00,area_trajectory,grain,,1789992240000.0,,7.522328796219079
2026-09-22T00:50:19+00:00,area_trajectory,grain,,1789992360000.0,,7.69723359663412
2026-09-22T00:50:19+00:00,area_trajectory,grain,,1789992480000.0,,7.5758327635042395
2026-09-22T00:50:19+00:00,area_trajectory,grain,,1789992600000.0,,7.7192442320101
2026-09-22T00:50:19+00:00,area_trajectory,grain,,1789992720000.0,,7.776373138260101
2026-09-22T00:50:19+00:00,area_trajectory,grain,,1789992840000.0,,7.617471755813811
2026-09-22T00:50:19+00:00,area_trajectory,grain,,1789992960000.0,,7.722209991287439
2026-09-22T00:50:19+00:00,area_trajectory,grain,,1789993080000.0,,7.510647765945641
2026-09-22T00:50:19+00:00,area_trajectory,grain,,1789993200000.0,,7.624907485794281
2026-09-22T00:50:19+00:00,area_trajectory,grain,,1789993320000.0,,7.5886515043489595
2026-09-22T00:50:19+00:00,area_trajectory,grain,,1789993440000.0,,7.69577011091635
2026-09-22T00:50:19+00:00,area_trajectory,grain,,1789993560000.0,,7.69577011091635
2026-09-22T00:50:19+00:00,area_trajectory,grain,,1789993680000.0,,7.54104217512533
2026-09-22T00:50:19+00:00,area_trajectory,grain,,1789993800000.0,,7.7249199522249405
2026-09-22T00:50:19+00:00,area_trajectory,grain,,1789993920000.0,,7.7249199522249405
2026-09-22T00:50:19+00:00,area_trajectory,grain,,1789994040000.0,,7.6875302885286505
2026-09-22T00:50:19+00:00,area_trajectory,grain,,1789994160000.0,,7.5994546507112695
2026-09-22T00:50:19+00:00,area_trajectory,grain,,1789994280000.0,,7.197677627395841
2026-09-22T00:50:19+00:00,area_trajectory,grain,,1789994400000.0,,7.27385140974447
2026-09-22T00:50:19+00:00,area_trajectory,grain,,1789994520000.0,,7.3456290128938795
2026-09-22T00:50:19+00:00,area_trajectory,grain,,1789994640000.0,,7.51463726789877
2026-09-22T00:50:19+00:00,area_trajectory,grain,,1789994760000.0,,7.63248695356771
2026-09-22T00:50:19+00:00,area_trajectory,grain,,1789994880000.0,,7.63248695356771
2026-09-22T00:50:19+00:00,area_trajectory,grain,,1789995000000.0,,7.72169839460775
2026-09-22T00:50:19+00:00,area_trajectory,grain,,1789995120000.0,,7.72169839460775
2026-09-22T00:50:19+00:00,area_trajectory,grain,,1789995240000.0,,7.68313528425619
2026-09-22T00:50:19+00:00,area_trajectory,grain,,1789995360000.0,,7.68313528425619
2026-09-22T00:50:19+00:00,area_trajectory,grain,,1789995480000.0,,7.7035704038851005
2026-09-22T00:50:19+00:00,area_trajectory,grain,,1789995600000.0,,7.7035704038851005
2026-09-22T00:50:19+00:00,area_trajectory,grain,,1789995720000.0,,7.7368955991976
2026-09-22T00:50:19+00:00,area_trajectory,grain,,1789995840000.0,,7.71909719831869
2026-09-22T00:50:19+00:00,area_trajectory,grain,,1789995960000.0,,7.75864926130697
2026-09-22T00:50:19+00:00,area_trajectory,grain,,1789996080000.0,,7.75864926130697
2026-09-22T00:50:19+00:00,area_trajectory,grain,,1789996200000.0,,7.75864926130697
2026-09-22T00:50:19+00:00,area_trajectory,grain,,1789996320000.0,,7.75864926130697
2026-09-22T00:50:19+00:00,area_trajectory,grain,,1789996440000.0,,7.72140451033041
2026-09-22T00:50:19+00:00,area_trajectory,grain,,1789996560000.0,,7.72140451033041
2026-09-22T00:50:19+00:00,area_trajectory,grain,,1789996680000.0,,7.76029721052572
2026-09-22T00:50:19+00:00,area_trajectory,grain,,1789996800000.0,,7.76029721052572
2026-09-22T00:50:19+00:00,area_trajectory,grain,,1789996920000.0,,7.76029721052572
2026-09-22T00:50:19+00:00,area_trajectory,grain,,1789997040000.0,,7.76029721052572
2026-09-22T00:50:19+00:00,area_trajectory,grain,,1789997160000.0,,7.76029721052572
2026-09-22T00:50:19+00:00,area_trajectory,grain,,1789997280000.0,,7.76029721052572
2026-09-22T00:50:19+00:00,area_trajectory,grain,,1789997400000.0,,7.74282839949056
2026-09-22T00:50:19+00:00,area_trajectory,grain,,1789997520000.0,,7.74282839949056
2026-09-22T00:50:19+00:00,area_trajectory,grain,,1789997640000.0,,7.70525405867025
2026-09-22T00:50:19+00:00,area_trajectory,grain,,1789997760000.0,,7.70525405867025
2026-09-22T00:50:19+00:00,area_trajectory,grain,,1789997880000.0,,7.6881148374788495
2026-09-22T00:50:19+00:00,area_trajectory,grain,,1789998000000.0,,7.75952597029135
2026-09-22T00:50:19+00:00,area_trajectory,grain,,1789998120000.0,,7.852473235916349
2026-09-22T00:50:19+00:00,area_trajectory,grain,,1789998240000.0,,7.852473235916349
2026-09-22T00:50:19+00:00,area_trajectory,grain,,1789998360000.0,,7.726239776443689
2026-09-22T00:50:19+00:00,area_trajectory,grain,,1789998480000.0,,7.819074249099939
2026-09-22T00:50:19+00:00,area_trajectory,grain,,1789998600000.0,,7.745902923416351
2026-09-22T00:50:19+00:00,area_trajectory,grain,,1789998720000.0,,7.745902923416351
2026-09-22T00:50:19+00:00,area_trajectory,grain,,1789998840000.0,,7.785125396560881
2026-09-22T00:50:19+00:00,area_trajectory,grain,,1789998960000.0,,7.71371426374838
2026-09-22T00:50:19+00:00,area_trajectory,grain,,1789999080000.0,,7.73217184431478
2026-09-22T00:50:19+00:00,area_trajectory,grain,,1789999200000.0,,7.73217184431478
2026-09-22T00:50:19+00:00,area_trajectory,grain,,1789999320000.0,,7.73217184431478
2026-09-22T00:50:19+00:00,area_trajectory,grain,,1789999440000.0,,7.702471587967129
2026-09-22T00:50:19+00:00,area_trajectory,grain,,1789999560000.0,,7.702471587967129
2026-09-22T00:50:19+00:00,area_trajectory,grain,,1789999680000.0,,7.702471587967129
2026-09-22T00:50:19+00:00,area_trajectory,grain,,1789999800000.0,,7.702471587967129
2026-09-22T00:50:19+00:00,area_trajectory,grain,,1789999920000.0,,7.702471587967129
2026-09-22T00:50:19+00:00,area_trajectory,grain,,1790000040000.0,,7.83222195417806
2026-09-22T00:50:19+00:00,area_trajectory,grain,,1790000160000.0,,7.83222195417806
2026-09-22T00:50:19+00:00,area_trajectory,grain,,1790000280000.0,,7.81376437361166
2026-09-22T00:50:19+00:00,area_trajectory,grain,,1790000400000.0,,7.81376437361166
2026-09-22T00:50:19+00:00,area_trajectory,grain,,1790000520000.0,,7.79398825056478
2026-09-22T00:50:19+00:00,area_trajectory,grain,,1790000640000.0,,7.79398825056478
2026-09-22T00:50:19+00:00,area_trajectory,grain,,1790000760000.0,,7.83189236433432
2026-09-22T00:50:19+00:00,area_trajectory,grain,,1790000880000.0,,7.83189236433432
2026-09-22T00:50:19+00:00,area_trajectory,grain,,1790001000000.0,,7.75839144880697
2026-09-22T00:50:19+00:00,area_trajectory,grain,,1790001120000.0,,7.75839144880697
2026-09-22T00:50:19+00:00,area_trajectory,grain,,1790001240000.0,,7.852657073806969
2026-09-22T00:50:19+00:00,area_trajectory,grain,,1790001360000.0,,7.852657073806969
2026-09-22T00:50:19+00:00,area_trajectory,grain,,1790001480000.0,,7.83650662214682
2026-09-22T00:50:19+00:00,area_trajectory,grain,,1790001600000.0,,7.83650662214682
2026-09-22T00:50:19+00:00,area_trajectory,grain,,1790001720000.0,,7.83650662214682
2026-09-22T00:50:19+00:00,area_trajectory,grain,,1790001840000.0,,7.83650662214682
2026-09-22T00:50:19+00:00,area_trajectory,grain,,1790001960000.0,,7.76333547956869
2026-09-22T00:50:19+00:00,area_trajectory,grain,,1790002080000.0,,7.76333547956869
2026-09-22T00:50:19+00:00,area_trajectory,grain,,1790002200000.0,,7.78574832136556
2026-09-22T00:50:19+00:00,area_trajectory,grain,,1790002320000.0,,7.78574832136556
2026-09-22T00:50:19+00:00,area_trajectory,grain,,1790002440000.0,,7.8786954038851
2026-09-22T00:50:19+00:00,area_trajectory,grain,,1790002560000.0,,7.8786954038851
2026-09-22T00:50:19+00:00,area_trajectory,grain,,1790002680000.0,,7.84178024275228
2026-09-22T00:50:19+00:00,area_trajectory,grain,,1790002800000.0,,7.84178024275228
2026-09-22T00:50:19+00:00,area_trajectory,grain,,1790002920000.0,,7.8227372740022805
2026-09-22T00:50:19+00:00,area_trajectory,grain,,1790003040000.0,,7.8072461851351
2026-09-22T00:50:19+00:00,area_trajectory,grain,,1790003160000.0,,7.77131979353353
2026-09-22T00:50:19+00:00,area_trajectory,grain,,1790003280000.0,,7.77131979353353
2026-09-22T00:50:19+00:00,area_trajectory,grain,,1790003400000.0,,7.73572299177572
2026-09-22T00:50:19+00:00,area_trajectory,grain,,1790003520000.0,,7.73572299177572
2026-09-22T00:50:19+00:00,area_trajectory,grain,,1790003640000.0,,7.83031820661947
2026-09-22T00:50:19+00:00,area_trajectory,grain,,1790003760000.0,,7.83031820661947
2026-09-22T00:50:19+00:00,area_trajectory,grain,,1790003880000.0,,7.81153085310385
2026-09-22T00:50:19+00:00,area_trajectory,grain,,1790004000000.0,,7.81153085310385
2026-09-22T00:50:19+00:00,area_trajectory,grain,,1790004120000.0,,7.77560446150228
2026-09-22T00:50:19+00:00,area_trajectory,grain,,1790004240000.0,,7.77560446150228
2026-09-22T00:50:19+00:00,area_trajectory,grain,,1790004360000.0,,7.77560446150228
2026-09-22T00:50:19+00:00,area_trajectory,grain,,1790004480000.0,,7.77560446150228
2026-09-22T00:50:19+00:00,area_trajectory,grain,,1790004600000.0,,7.77560446150228
2026-09-22T00:50:19+00:00,area_trajectory,grain,,1790004720000.0,,7.77560446150228
2026-09-22T00:50:19+00:00,area_trajectory,grain,,1790004840000.0,,7.7627500913851
2026-09-22T00:50:19+00:00,area_trajectory,grain,,1790004960000.0,,7.7627500913851
2026-09-22T00:50:19+00:00,area_trajectory,grain,,1790005080000.0,,7.799995025467131
2026-09-22T00:50:19+00:00,area_trajectory,grain,,1790005200000.0,,7.799995025467131
2026-09-22T00:50:19+00:00,area_trajectory,grain,,1790005320000.0,,7.74495169050619
2026-09-22T00:50:19+00:00,area_trajectory,grain,,1790005440000.0,,7.74495169050619
2026-09-22T00:50:19+00:00,area_trajectory,grain,,1790005560000.0,,7.80197256452963
2026-09-22T00:50:19+00:00,area_trajectory,grain,,1790005680000.0,,7.80197256452963
2026-09-22T00:50:19+00:00,area_trajectory,grain,,1790005800000.0,,7.80197256452963
2026-09-22T00:50:19+00:00,area_trajectory,grain,,1790005920000.0,,7.80197256452963
2026-09-22T00:50:19+00:00,area_trajectory,grain,,1790006040000.0,,7.78615170271322
2026-09-22T00:50:19+00:00,area_trajectory,grain,,1790006160000.0,,7.78615170271322
2026-09-22T00:50:19+00:00,area_trajectory,grain,,1790006280000.0,,7.78615170271322
2026-09-22T00:50:19+00:00,area_trajectory,grain,,1790006400000.0,,7.78615170271322
2026-09-22T00:50:19+00:00,area_trajectory,grain,,1790006520000.0,,7.78615170271322
2026-09-22T00:50:19+00:00,area_trajectory,grain,,1790006640000.0,,7.8207959898226
2026-09-22T00:50:19+00:00,area_trajectory,grain,,1790006760000.0,,7.839583160232751
2026-09-22T00:50:19+00:00,area_trajectory,grain,,1790006880000.0,,7.839583160232751
2026-09-22T00:50:19+00:00,area_trajectory,grain,,1790007000000.0,,7.80266799909994
2026-09-22T00:50:19+00:00,area_trajectory,grain,,1790007120000.0,,7.80266799909994
2026-09-22T00:50:19+00:00,area_trajectory,grain,,1790007240000.0,,7.8399127500765005
2026-09-22T00:50:19+00:00,area_trajectory,grain,,1790007360000.0,,7.8399127500765005
2026-09-22T00:50:19+00:00,area_trajectory,grain,,1790007480000.0,,7.80200881941244
2026-09-22T00:50:19+00:00,area_trajectory,grain,,1790007600000.0,,7.80200881941244
2026-09-22T00:50:19+00:00,area_trajectory,grain,,1790007720000.0,,7.87616891462728
2026-09-22T00:50:19+00:00,area_trajectory,grain,,1790007840000.0,,7.87616891462728
2026-09-22T00:50:19+00:00,area_trajectory,grain,,1790007960000.0,,7.78256246931478
2026-09-22T00:50:19+00:00,area_trajectory,grain,,1790008080000.0,,7.78256246931478
2026-09-22T00:50:19+00:00,area_trajectory,grain,,1790008200000.0,,7.763445525955409
2026-09-22T00:50:19+00:00,area_trajectory,grain,,1790008320000.0,,7.763445525955409
2026-09-22T00:50:19+00:00,area_trajectory,grain,,1790008440000.0,,7.799701507400719
2026-09-22T00:50:19+00:00,area_trajectory,grain,,1790008560000.0,,7.799701507400719
2026-09-22T00:50:19+00:00,area_trajectory,grain,,1790008680000.0,,7.799701507400719
2026-09-22T00:50:19+00:00,area_trajectory,grain,,1790008800000.0,,7.799701507400719
2026-09-22T00:50:19+00:00,area_trajectory,grain,,1790008920000.0,,7.817170318435879
2026-09-22T00:50:19+00:00,area_trajectory,grain,,1790009040000.0,,7.817170318435879
2026-09-22T00:50:19+00:00,area_trajectory,grain,,1790009160000.0,,7.83496871931478
2026-09-22T00:50:19+00:00,area_trajectory,grain,,1790009280000.0,,7.83496871931478
2026-09-22T00:50:19+00:00,area_trajectory,grain,,1790009400000.0,,7.776959258865561
2026-09-22T00:50:19+00:00,area_trajectory,grain,,1790009520000.0,,7.776959258865561
2026-09-22T00:50:19+00:00,area_trajectory,grain,,1790009640000.0,,7.81354483015463
2026-09-22T00:50:19+00:00,area_trajectory,grain,,1790009760000.0,,7.81354483015463
2026-09-22T00:50:19+00:00,area_trajectory,grain,,1790009880000.0,,7.83200241072103
2026-09-22T00:50:19+00:00,area_trajectory,grain,,1790010000000.0,,7.83200241072103
2026-09-22T00:50:19+00:00,area_trajectory,grain,,1790010120000.0,,7.83200241072103
2026-09-22T00:50:19+00:00,area_trajectory,grain,,1790010240000.0,,7.782196624588219
2026-09-22T00:50:19+00:00,area_trajectory,grain,,1790010360000.0,,7.782196624588219
2026-09-22T00:50:19+00:00,area_trajectory,grain,,1790010480000.0,,7.782196624588219
2026-09-22T00:50:19+00:00,area_trajectory,grain,,1790010600000.0,,7.79834689314291
2026-09-22T00:50:19+00:00,area_trajectory,grain,,1790010720000.0,,7.79834689314291
2026-09-22T00:50:19+00:00,area_trajectory,grain,,1790010840000.0,,7.79834689314291
2026-09-22T00:50:19+00:00,area_trajectory,grain,,1790010960000.0,,7.79834689314291
2026-09-22T00:50:19+00:00,area_trajectory,grain,,1790011080000.0,,7.86888131697103
2026-09-22T00:50:19+00:00,area_trajectory,grain,,1790011200000.0,,7.86888131697103
2026-09-22T00:50:19+00:00,area_trajectory,grain,,1790011320000.0,,7.79307327253744
2026-09-22T00:50:19+00:00,area_trajectory,grain,,1790011440000.0,,7.79307327253744
2026-09-22T00:50:19+00:00,area_trajectory,grain,,1790011560000.0,,7.79307327253744
2026-09-22T00:50:19+00:00,area_trajectory,grain,,1790011680000.0,,7.71927986128256
2026-09-22T00:50:19+00:00,area_trajectory,grain,,1790011800000.0,,7.7548766630403705
2026-09-22T00:50:19+00:00,area_trajectory,grain,,1790011920000.0,,7.7548766630403705
2026-09-22T00:50:19+00:00,area_trajectory,grain,,1790012040000.0,,7.91260726911947
2026-09-22T00:50:19+00:00,area_trajectory,grain,,1790012160000.0,,7.84119613630697
2026-09-22T00:50:19+00:00,area_trajectory,grain,,1790012280000.0,,7.784175445389
2026-09-22T00:50:19+00:00,area_trajectory,grain,,1790012400000.0,,7.784175445389
2026-09-22T00:50:19+00:00,area_trajectory,grain,,1790012520000.0,,7.784175445389
2026-09-22T00:50:19+00:00,area_trajectory,grain,,1790012640000.0,,7.784175445389
2026-09-22T00:50:19+00:00,area_trajectory,grain,,1790012760000.0,,7.784175445389
2026-09-22T00:50:19+00:00,area_trajectory,grain,,1790012880000.0,,7.784175445389
2026-09-22T00:50:19+00:00,area_trajectory,grain,,1790013000000.0,,7.784175445389
2026-09-22T00:50:19+00:00,area_trajectory,grain,,1790013120000.0,,7.817135345291351
2026-09-22T00:50:19+00:00,area_trajectory,grain,,1790013240000.0,,7.89700749189779
2026-09-22T00:50:19+00:00,area_trajectory,grain,,1790013360000.0,,7.89700749189779
2026-09-22T00:50:19+00:00,area_trajectory,grain,,1790013480000.0,,7.91381694013998
2026-09-22T00:50:19+00:00,area_trajectory,grain,,1790013600000.0,,7.84240389997885
2026-09-22T00:50:19+00:00,area_trajectory,grain,,1790013720000.0,,7.84240389997885
2026-09-22T00:50:19+00:00,area_trajectory,grain,,1790013840000.0,,7.83771639997885
2026-09-22T00:50:19+00:00,area_trajectory,grain,,1790013960000.0,,7.7823434751741605
2026-09-22T00:50:19+00:00,area_trajectory,grain,,1790014080000.0,,7.7823434751741605
2026-09-22T00:50:19+00:00,area_trajectory,grain,,1790014200000.0,,7.8541962583772795
2026-09-22T00:50:19+00:00,area_trajectory,grain,,1790014320000.0,,7.8541962583772795
2026-09-22T00:50:19+00:00,area_trajectory,grain,,1790014440000.0,,7.8541962583772795
2026-09-22T00:50:19+00:00,area_trajectory,grain,,1790014560000.0,,7.8541962583772795
2026-09-22T00:50:19+00:00,area_trajectory,grain,,1790014680000.0,,7.79618679792806
2026-09-22T00:50:19+00:00,area_trajectory,grain,,1790014800000.0,,7.79618679792806
2026-09-22T00:50:19+00:00,area_trajectory,grain,,1790014920000.0,,7.79618679792806
2026-09-22T00:50:19+00:00,area_trajectory,grain,,1790015040000.0,,7.79618679792806
2026-09-22T00:50:19+00:00,area_trajectory,grain,,1790015160000.0,,7.773114776443689
2026-09-22T00:50:19+00:00,area_trajectory,grain,,1790015280000.0,,7.773114776443689
2026-09-22T00:50:19+00:00,area_trajectory,grain,,1790015400000.0,,7.809041168045249
2026-09-22T00:50:19+00:00,area_trajectory,grain,,1790015520000.0,,7.809041168045249
2026-09-22T00:50:19+00:00,area_trajectory,grain,,1790015640000.0,,7.8630955503694695
2026-09-22T00:50:19+00:00,area_trajectory,grain,,1790015760000.0,,7.8630955503694695
2026-09-22T00:50:19+00:00,area_trajectory,grain,,1790015880000.0,,7.80706344587728
2026-09-22T00:50:19+00:00,area_trajectory,grain,,1790016000000.0,,7.80706344587728
2026-09-22T00:50:19+00:00,area_trajectory,grain,,1790016120000.0,,7.82453244001791
2026-09-22T00:50:19+00:00,area_trajectory,grain,,1790016240000.0,,7.82453244001791
2026-09-22T00:50:19+00:00,area_trajectory,grain,,1790016360000.0,,7.86012924177572
2026-09-22T00:50:19+00:00,area_trajectory,grain,,1790016480000.0,,7.86012924177572
2026-09-22T00:50:19+00:00,area_trajectory,grain,,1790016600000.0,,7.87627951033041
2026-09-22T00:50:19+00:00,area_trajectory,grain,,1790016720000.0,,7.87627951033041
2026-09-22T00:50:19+00:00,area_trajectory,grain,,1790016840000.0,,7.89275936872885
2026-09-22T00:50:19+00:00,area_trajectory,grain,,1790016960000.0,,7.89275936872885
2026-09-22T00:50:19+00:00,area_trajectory,grain,,1790017080000.0,,7.81695150740072
2026-09-22T00:50:19+00:00,area_trajectory,grain,,1790017200000.0,,7.81695150740072
2026-09-22T00:50:19+00:00,area_trajectory,grain,,1790017320000.0,,7.80981039411947
2026-09-22T00:50:19+00:00,area_trajectory,grain,,1790017440000.0,,7.8816631773226
2026-09-22T00:50:19+00:00,area_trajectory,grain,,1790017560000.0,,7.8816631773226
2026-09-22T00:50:19+00:00,area_trajectory,grain,,1790017680000.0,,7.8816631773226
2026-09-22T00:50:19+00:00,area_trajectory,grain,,1790017800000.0,,7.82332394392416
2026-09-22T00:50:19+00:00,area_trajectory,grain,,1790017920000.0,,7.82332394392416
2026-09-22T00:50:19+00:00,area_trajectory,grain,,1790018040000.0,,7.80486636335775
2026-09-22T00:50:19+00:00,area_trajectory,grain,,1790018160000.0,,7.80486636335775
2026-09-22T00:50:19+00:00,area_trajectory,grain,,1790018280000.0,,7.80486636335775
2026-09-22T00:50:19+00:00,area_trajectory,grain,,1790018400000.0,,7.80486636335775
2026-09-22T00:50:19+00:00,area_trajectory,grain,,1790018520000.0,,7.80486636335775
2026-09-22T00:50:19+00:00,area_trajectory,grain,,1790018640000.0,,7.88580088789388
2026-09-22T00:50:19+00:00,area_trajectory,grain,,1790018760000.0,,7.86108091719076
2026-09-22T00:50:19+00:00,area_trajectory,grain,,1790018880000.0,,7.86108091719076
2026-09-22T00:50:19+00:00,area_trajectory,grain,,1790019000000.0,,7.914476119827481
2026-09-22T00:50:19+00:00,area_trajectory,grain,,1790019120000.0,,7.914476119827481
2026-09-22T00:50:19+00:00,area_trajectory,grain,,1790019240000.0,,7.914476119827481
2026-09-22T00:50:19+00:00,area_trajectory,grain,,1790019360000.0,,7.914476119827481
2026-09-22T00:50:19+00:00,area_trajectory,grain,,1790019480000.0,,7.947106612991541
2026-09-22T00:50:19+00:00,area_trajectory,grain,,1790019600000.0,,7.947106612991541
2026-09-22T00:50:19+00:00,area_trajectory,grain,,1790019720000.0,,7.908873092483731
2026-09-22T00:50:19+00:00,area_trajectory,grain,,1790019840000.0,,7.8231778257601
2026-09-22T00:50:19+00:00,area_trajectory,grain,,1790019960000.0,,7.8231778257601
2026-09-22T00:50:19+00:00,area_trajectory,grain,,1790020080000.0,,7.8231778257601
2026-09-22T00:50:19+00:00,area_trajectory,grain,,1790020200000.0,,7.76615695173666
2026-09-22T00:50:19+00:00,area_trajectory,grain,,1790020320000.0,,7.83756808454916
2026-09-22T00:50:19+00:00,area_trajectory,grain,,1790020440000.0,,7.92787826521322
2026-09-22T00:50:19+00:00,area_trajectory,grain,,1790020560000.0,,7.92787826521322
2026-09-22T00:50:19+00:00,area_trajectory,grain,,1790020680000.0,,7.90843209822103
2026-09-22T00:50:19+00:00,area_trajectory,grain,,1790020800000.0,,7.90843209822103
2026-09-22T00:50:19+00:00,area_trajectory,grain,,1790020920000.0,,7.88224801618978
2026-09-22T00:50:19+00:00,area_trajectory,grain,,1790021040000.0,,7.86280148298666
2026-09-22T00:50:19+00:00,area_trajectory,grain,,1790021160000.0,,7.899057464431969
2026-09-22T00:50:19+00:00,area_trajectory,grain,,1790021280000.0,,7.899057464431969
2026-09-22T00:50:19+00:00,area_trajectory,grain,,1790021400000.0,,7.899057464431969
2026-09-22T00:50:19+00:00,area_trajectory,grain,,1790021520000.0,,7.899057464431969
2026-09-22T00:50:19+00:00,area_trajectory,grain,,1790021640000.0,,7.9135597837679095
2026-09-22T00:50:19+00:00,area_trajectory,grain,,1790021760000.0,,7.9135597837679095
2026-09-22T00:50:19+00:00,area_trajectory,grain,,1790021880000.0,,7.83907028181478
2026-09-22T00:50:19+00:00,area_trajectory,grain,,1790022000000.0,,7.83907028181478
2026-09-22T00:50:19+00:00,area_trajectory,grain,,1790022120000.0,,7.83907028181478
2026-09-22T00:50:19+00:00,area_trajectory,grain,,1790022240000.0,,7.83907028181478
2026-09-22T00:50:19+00:00,area_trajectory,grain,,1790022360000.0,,7.83907028181478
2026-09-22T00:50:19+00:00,area_trajectory,grain,,1790022480000.0,,7.83907028181478
2026-09-22T00:50:19+00:00,area_trajectory,grain,,1790022600000.0,,7.8914768980257195
2026-09-22T00:50:19+00:00,area_trajectory,grain,,1790022720000.0,,7.8914768980257195
2026-09-22T00:50:19+00:00,area_trajectory,grain,,1790022840000.0,,7.83709274275228
2026-09-22T00:50:19+00:00,area_trajectory,grain,,1790022960000.0,,7.83709274275228
2026-09-22T00:50:19+00:00,area_trajectory,grain,,1790023080000.0,,7.83709274275228
2026-09-22T00:50:19+00:00,area_trajectory,grain,,1790023200000.0,,7.83709274275228
2026-09-22T00:50:19+00:00,area_trajectory,grain,,1790023320000.0,,7.83709274275228
2026-09-22T00:50:19+00:00,area_trajectory,grain,,1790023440000.0,,7.83709274275228
2026-09-22T00:50:19+00:00,area_trajectory,grain,,1790023560000.0,,7.854561370681971
2026-09-22T00:50:19+00:00,area_trajectory,grain,,1790023680000.0,,7.854561370681971
2026-09-22T00:50:19+00:00,area_trajectory,grain,,1790023800000.0,,7.9270733335726
2026-09-22T00:50:19+00:00,area_trajectory,grain,,1790023920000.0,,7.9270733335726
2026-09-22T00:50:19+00:00,area_trajectory,grain,,1790024040000.0,,7.908286346267911
2026-09-22T00:50:19+00:00,area_trajectory,grain,,1790024160000.0,,7.908286346267911
2026-09-22T00:50:19+00:00,area_trajectory,grain,,1790024280000.0,,7.81764639265463
2026-09-22T00:50:19+00:00,area_trajectory,grain,,1790024400000.0,,7.81764639265463
2026-09-22T00:50:19+00:00,area_trajectory,grain,,1790024520000.0,,7.81764639265463
2026-09-22T00:50:19+00:00,area_trajectory,grain,,1790024640000.0,,7.86712240583822
2026-09-22T00:50:19+00:00,area_trajectory,grain,,1790024760000.0,,7.90370834333822
2026-09-22T00:50:19+00:00,area_trajectory,grain,,1790024880000.0,,7.90370834333822
2026-09-22T00:50:19+00:00,area_trajectory,grain,,1790025000000.0,,7.84899459822103
2026-09-22T00:50:19+00:00,area_trajectory,grain,,1790025120000.0,,7.84899459822103
2026-09-22T00:50:19+00:00,area_trajectory,grain,,1790025240000.0,,7.868111541580411
2026-09-22T00:50:19+00:00,area_trajectory,grain,,1790025360000.0,,7.868111541580411
2026-09-22T00:50:19+00:00,area_trajectory,grain,,1790025480000.0,,7.90502670271322
2026-09-22T00:50:19+00:00,area_trajectory,grain,,1790025600000.0,,7.90502670271322
2026-09-22T00:50:19+00:00,area_trajectory,grain,,1790025720000.0,,7.8674523618929095
2026-09-22T00:50:19+00:00,area_trajectory,grain,,1790025840000.0,,7.8674523618929095
2026-09-22T00:50:19+00:00,area_trajectory,grain,,1790025960000.0,,7.83119619734213
2026-09-22T00:50:19+00:00,area_trajectory,grain,,1790026080000.0,,7.83119619734213
2026-09-22T00:50:19+00:00,area_trajectory,grain,,1790026200000.0,,7.885909759353851
2026-09-22T00:50:19+00:00,area_trajectory,grain,,1790026320000.0,,7.885909759353851
2026-09-22T00:50:19+00:00,area_trajectory,grain,,1790026440000.0,,7.90436752302572
2026-09-22T00:50:19+00:00,area_trajectory,grain,,1790026560000.0,,7.90436752302572
2026-09-22T00:50:19+00:00,area_trajectory,grain,,1790026680000.0,,7.8674523618929095
2026-09-22T00:50:19+00:00,area_trajectory,grain,,1790026800000.0,,7.8674523618929095
2026-09-22T00:50:19+00:00,area_trajectory,grain,,1790026920000.0,,7.849983367752279
2026-09-22T00:50:19+00:00,area_trajectory,grain,,1790027040000.0,,7.849983367752279
2026-09-22T00:50:19+00:00,area_trajectory,grain,,1790027160000.0,,7.90535629255697
2026-09-22T00:50:19+00:00,area_trajectory,grain,,1790027280000.0,,7.90535629255697
2026-09-22T00:50:19+00:00,area_trajectory,grain,,1790027400000.0,,7.885909759353851
2026-09-22T00:50:19+00:00,area_trajectory,grain,,1790027520000.0,,7.885909759353851
2026-09-22T00:50:19+00:00,area_trajectory,grain,,1790027640000.0,,7.849983367752279
2026-09-22T00:50:19+00:00,area_trajectory,grain,,1790027760000.0,,7.849983367752279
2026-09-22T00:50:19+00:00,area_trajectory,grain,,1790027880000.0,,7.8691003111116595
2026-09-22T00:50:19+00:00,area_trajectory,grain,,1790028000000.0,,7.8691003111116595
2026-09-22T00:50:19+00:00,area_trajectory,grain,,1790028120000.0,,7.8571984556429095
2026-09-22T00:50:19+00:00,area_trajectory,grain,,1790028240000.0,,7.81929434187338
2026-09-22T00:50:19+00:00,area_trajectory,grain,,1790028360000.0,,7.802484710525721
2026-09-22T00:50:19+00:00,area_trajectory,grain,,1790028480000.0,,7.802484710525721
2026-09-22T00:50:19+00:00,area_trajectory,grain,,1790028600000.0,,7.89543197615072
2026-09-22T00:50:19+00:00,area_trajectory,grain,,1790028720000.0,,7.89543197615072
2026-09-22T00:50:19+00:00,area_trajectory,grain,,1790028840000.0,,7.85983517439291
2026-09-22T00:50:19+00:00,area_trajectory,grain,,1790028960000.0,,7.85983517439291
2026-09-22T00:50:19+00:00,area_trajectory,grain,,1790029080000.0,,7.823579192947601
2026-09-22T00:50:19+00:00,area_trajectory,grain,,1790029200000.0,,7.823579192947601
2026-09-22T00:50:19+00:00,area_trajectory,grain,,1790029320000.0,,7.80676956159994
2026-09-22T00:50:19+00:00,area_trajectory,grain,,1790029440000.0,,7.80676956159994
2026-09-22T00:50:19+00:00,area_trajectory,grain,,1790029560000.0,,7.8809296568147795
2026-09-22T00:50:19+00:00,area_trajectory,grain,,1790029680000.0,,7.8809296568147795
2026-09-22T00:50:19+00:00,area_trajectory,grain,,1790029800000.0,,7.84500308210775
2026-09-22T00:50:19+00:00,area_trajectory,grain,,1790029920000.0,,7.84500308210775
2026-09-22T00:50:19+00:00,area_trajectory,grain,,1790030040000.0,,7.8107248228304105
2026-09-22T00:50:19+00:00,area_trajectory,grain,,1790030160000.0,,7.8107248228304105
2026-09-22T00:50:19+00:00,area_trajectory,grain,,1790030280000.0,,7.8107248228304105
2026-09-22T00:50:19+00:00,area_trajectory,grain,,1790030400000.0,,7.8107248228304105
2026-09-22T00:50:19+00:00,area_trajectory,grain,,1790030520000.0,,7.88620309431478
2026-09-22T00:50:19+00:00,area_trajectory,grain,,1790030640000.0,,7.88620309431478
2026-09-22T00:50:19+00:00,area_trajectory,grain,,1790030760000.0,,7.88620309431478
2026-09-22T00:50:19+00:00,area_trajectory,grain,,1790030880000.0,,7.88620309431478
2026-09-22T00:50:19+00:00,area_trajectory,grain,,1790031000000.0,,7.83577438337728
2026-09-22T00:50:19+00:00,area_trajectory,grain,,1790031120000.0,,7.83577438337728
2026-09-22T00:50:19+00:00,area_trajectory,grain,,1790031240000.0,,7.81863516218588
2026-09-22T00:50:19+00:00,area_trajectory,grain,,1790031360000.0,,7.81863516218588
2026-09-22T00:50:19+00:00,area_trajectory,grain,,1790031480000.0,,7.8746670835726
2026-09-22T00:50:19+00:00,area_trajectory,grain,,1790031600000.0,,7.8746670835726
2026-09-22T00:50:19+00:00,area_trajectory,grain,,1790031720000.0,,7.879427825760099
2026-09-22T00:50:19+00:00,area_trajectory,grain,,1790031840000.0,,7.845479156326499
2026-09-22T00:50:19+00:00,area_trajectory,grain,,1790031960000.0,,7.62124574263021
2026-09-22T00:50:19+00:00,area_trajectory,grain,,1790032080000.0,,7.51650750715658
2026-09-22T00:50:19+00:00,area_trajectory,grain,,1790032200000.0,,7.53760180647299
2026-09-22T00:50:19+00:00,area_trajectory,grain,,1790032320000.0,,7.270996429275721
2026-09-22T00:50:19+00:00,area_trajectory,grain,,1790032440000.0,,7.34702127058432
2026-09-22T00:50:19+00:00,area_trajectory,grain,,1790032560000.0,,7.34702127058432
2026-09-22T00:50:19+00:00,area_trajectory,grain,,1790032680000.0,,7.36778616316244
2026-09-22T00:50:19+00:00,area_trajectory,grain,,1790032800000.0,,7.36778616316244
2026-09-22T00:50:19+00:00,area_trajectory,grain,,1790032920000.0,,7.388551055740559
2026-09-22T00:50:19+00:00,area_trajectory,grain,,1790033040000.0,,7.388551055740559
2026-09-22T00:50:19+00:00,area_trajectory,grain,,1790033160000.0,,7.388551055740559
2026-09-22T00:50:19+00:00,area_trajectory,grain,,1790033280000.0,,7.388551055740559
2026-09-22T00:50:19+00:00,area_trajectory,grain,,1790033400000.0,,7.337792571853851
2026-09-22T00:50:19+00:00,area_trajectory,grain,,1790033520000.0,,7.337792571853851
2026-09-22T00:50:19+00:00,area_trajectory,grain,,1790033640000.0,,7.35690933210775
2026-09-22T00:50:19+00:00,area_trajectory,grain,,1790033760000.0,,7.35690933210775
2026-09-22T00:50:19+00:00,area_trajectory,grain,,1790033880000.0,,7.378662994217129
2026-09-22T00:50:19+00:00,area_trajectory,grain,,1790034000000.0,,7.378662994217129
2026-09-22T00:50:19+00:00,area_trajectory,grain,,1790034120000.0,,7.417226104568689
2026-09-22T00:50:19+00:00,area_trajectory,grain,,1790034240000.0,,7.417226104568689
2026-09-22T00:50:19+00:00,area_trajectory,grain,,1790034360000.0,,7.43832058699056
2026-09-22T00:50:19+00:00,area_trajectory,grain,,1790034480000.0,,7.43832058699056
2026-09-22T00:50:19+00:00,area_trajectory,grain,,1790034600000.0,,7.405360503982751
2026-09-22T00:50:19+00:00,area_trajectory,grain,,1790034720000.0,,7.405360503982751
2026-09-22T00:50:19+00:00,area_trajectory,grain,,1790034840000.0,,7.36943411238119
2026-09-22T00:50:19+00:00,area_trajectory,grain,,1790034960000.0,,7.36943411238119
2026-09-22T00:50:19+00:00,area_trajectory,grain,,1790035080000.0,,7.40931558210775
2026-09-22T00:50:19+00:00,area_trajectory,grain,,1790035200000.0,,7.40931558210775
2026-09-22T00:50:19+00:00,area_trajectory,grain,,1790035320000.0,,7.38551187117025
2026-09-22T00:50:19+00:00,area_trajectory,grain,,1790035440000.0,,7.36870242292806
2026-09-22T00:50:19+00:00,area_trajectory,grain,,1790035560000.0,,7.4069359434358795
2026-09-22T00:50:19+00:00,area_trajectory,grain,,1790035680000.0,,7.43788076765463
2026-09-22T00:50:19+00:00,area_trajectory,grain,,1790035800000.0,,7.34789999372885
2026-09-22T00:50:19+00:00,area_trajectory,grain,,1790035920000.0,,7.2741084898226
2026-09-22T00:50:19+00:00,area_trajectory,grain,,1790036040000.0,,7.258946990799161
2026-09-22T00:50:19+00:00,area_trajectory,grain,,1790036160000.0,,7.258946990799161
2026-09-22T00:50:19+00:00,area_trajectory,grain,,1790036280000.0,,7.35255325300619
2026-09-22T00:50:19+00:00,area_trajectory,grain,,1790036400000.0,,7.35255325300619
2026-09-22T00:50:19+00:00,area_trajectory,grain,,1790036520000.0,,7.336732574295249
2026-09-22T00:50:19+00:00,area_trajectory,grain,,1790036640000.0,,7.336732574295249
2026-09-22T00:50:19+00:00,area_trajectory,grain,,1790036760000.0,,7.31893399031088
2026-09-22T00:50:19+00:00,area_trajectory,grain,,1790036880000.0,,7.31893399031088
2026-09-22T00:50:19+00:00,area_trajectory,grain,,1790037000000.0,,7.39356932051107
2026-09-22T00:50:19+00:00,area_trajectory,grain,,1790037120000.0,,7.39356932051107
2026-09-22T00:50:19+00:00,area_trajectory,grain,,1790037240000.0,,7.48816453535482
2026-09-22T00:50:19+00:00,area_trajectory,grain,,1790037360000.0,,7.48816453535482
2026-09-22T00:50:19+00:00,area_trajectory,grain,,1790037480000.0,,7.47267344648764
2026-09-22T00:50:19+00:00,area_trajectory,grain,,1790037600000.0,,7.47267344648764
2026-09-22T00:50:19+00:00,area_trajectory,grain,,1790037720000.0,,7.39917271406576
2026-09-22T00:50:19+00:00,area_trajectory,grain,,1790037840000.0,,7.39917271406576
2026-09-22T00:50:19+00:00,area_trajectory,grain,,1790037960000.0,,7.43938377363607
2026-09-22T00:50:19+00:00,area_trajectory,grain,,1790038080000.0,,7.43938377363607
2026-09-22T00:50:19+00:00,area_trajectory,grain,,1790038200000.0,,7.43938377363607
2026-09-22T00:50:19+00:00,area_trajectory,grain,,1790038320000.0,,7.43938377363607
2026-09-22T00:50:19+00:00,area_trajectory,grain,,1790038440000.0,,7.48091319258138
2026-09-22T00:50:19+00:00,area_trajectory,grain,,1790038560000.0,,7.48091319258138
2026-09-22T00:50:19+00:00,area_trajectory,grain,,1790038680000.0,,7.408071639847011
2026-09-22T00:50:19+00:00,area_trajectory,grain,,1790038800000.0,,7.408071639847011
2026-09-22T00:50:19+00:00,area_trajectory,grain,,1790038920000.0,,7.408071639847011
2026-09-22T00:50:19+00:00,area_trajectory,grain,,1790039040000.0,,7.32526907331869
2026-09-22T00:50:19+00:00,area_trajectory,grain,,1790039160000.0,,7.38393789656088
2026-09-22T00:50:19+00:00,area_trajectory,grain,,1790039280000.0,,7.37679678327963
2026-09-22T00:50:19+00:00,area_trajectory,grain,,1790039400000.0,,7.39756167585775
2026-09-22T00:50:19+00:00,area_trajectory,grain,,1790039520000.0,,7.39756167585775
2026-09-22T00:50:19+00:00,area_trajectory,grain,,1790039640000.0,,7.47424742109701
2026-09-22T00:50:19+00:00,area_trajectory,grain,,1790039760000.0,,7.47424742109701
2026-09-22T00:50:19+00:00,area_trajectory,grain,,1790039880000.0,,7.33856436140463
2026-09-22T00:50:19+00:00,area_trajectory,grain,,1790040000000.0,,7.4480614317171305
2026-09-22T00:50:19+00:00,area_trajectory,grain,,1790040120000.0,,7.434218292068691
2026-09-22T00:50:19+00:00,area_trajectory,grain,,1790040240000.0,,7.434218292068691
2026-09-22T00:50:19+00:00,area_trajectory,grain,,1790040360000.0,,7.4928871153108805
2026-09-22T00:50:19+00:00,area_trajectory,grain,,1790040480000.0,,7.38339004499838
2026-09-22T00:50:19+00:00,area_trajectory,grain,,1790040600000.0,,7.46432266218588
2026-09-22T00:50:19+00:00,area_trajectory,grain,,1790040720000.0,,7.352443313430999
2026-09-22T00:50:19+00:00,area_trajectory,grain,,1790040840000.0,,7.32995602400228
2026-09-22T00:50:19+00:00,area_trajectory,grain,,1790040960000.0,,7.32995602400228
2026-09-22T00:50:19+00:00,area_trajectory,grain,,1790041080000.0,,7.408071197342131
2026-09-22T00:50:19+00:00,area_trajectory,grain,,1790041200000.0,,7.408071197342131
2026-09-22T00:50:19+00:00,area_trajectory,grain,,1790041320000.0,,7.429165679764
2026-09-22T00:50:19+00:00,area_trajectory,grain,,1790041440000.0,,7.429165679764
2026-09-22T00:50:19+00:00,area_trajectory,grain,,1790041560000.0,,7.5322175138704495
2026-09-22T00:50:19+00:00,area_trajectory,milford_haven,,1789966800000.0,,4.9293494224548295
2026-09-22T00:50:19+00:00,area_trajectory,milford_haven,,1789966920000.0,,4.9293494224548295
2026-09-22T00:50:19+00:00,area_trajectory,milford_haven,,1789967040000.0,,4.86831283569336
2026-09-22T00:50:19+00:00,area_trajectory,milford_haven,,1789967160000.0,,4.86831283569336
2026-09-22T00:50:19+00:00,area_trajectory,milford_haven,,1789967280000.0,,4.86831283569336
2026-09-22T00:50:19+00:00,area_trajectory,milford_haven,,1789967400000.0,,4.892727375030519
2026-09-22T00:50:19+00:00,area_trajectory,milford_haven,,1789967520000.0,,4.892727375030519
2026-09-22T00:50:19+00:00,area_trajectory,milford_haven,,1789967640000.0,,4.892727375030519
2026-09-22T00:50:19+00:00,area_trajectory,milford_haven,,1789967760000.0,,4.892727375030519
2026-09-22T00:50:19+00:00,area_trajectory,milford_haven,,1789967880000.0,,4.892727375030519
2026-09-22T00:50:19+00:00,area_trajectory,milford_haven,,1789968000000.0,,4.91714239120483
2026-09-22T00:50:19+00:00,area_trajectory,milford_haven,,1789968120000.0,,4.91714239120483
2026-09-22T00:50:19+00:00,area_trajectory,milford_haven,,1789968240000.0,,4.91714239120483
2026-09-22T00:50:19+00:00,area_trajectory,milford_haven,,1789968360000.0,,4.87807846069336
2026-09-22T00:50:19+00:00,area_trajectory,milford_haven,,1789968480000.0,,4.87807846069336
2026-09-22T00:50:19+00:00,area_trajectory,milford_haven,,1789968600000.0,,4.87807846069336
2026-09-22T00:50:19+00:00,area_trajectory,milford_haven,,1789968720000.0,,4.87807846069336
2026-09-22T00:50:19+00:00,area_trajectory,milford_haven,,1789968840000.0,,4.87807846069336
2026-09-22T00:50:19+00:00,area_trajectory,milford_haven,,1789968960000.0,,4.8609881401062
2026-09-22T00:50:19+00:00,area_trajectory,milford_haven,,1789969080000.0,,4.8609881401062
2026-09-22T00:50:19+00:00,area_trajectory,milford_haven,,1789969200000.0,,4.8609881401062
2026-09-22T00:50:19+00:00,area_trajectory,milford_haven,,1789969320000.0,,4.8609881401062
2026-09-22T00:50:19+00:00,area_trajectory,milford_haven,,1789969440000.0,,4.9635305404663095
2026-09-22T00:50:19+00:00,area_trajectory,milford_haven,,1789969560000.0,,4.9635305404663095
2026-09-22T00:50:19+00:00,area_trajectory,milford_haven,,1789969680000.0,,4.9635305404663095
2026-09-22T00:50:19+00:00,area_trajectory,milford_haven,,1789969800000.0,,4.9635305404663095
2026-09-22T00:50:19+00:00,area_trajectory,milford_haven,,1789969920000.0,,4.9635305404663095
2026-09-22T00:50:19+00:00,area_trajectory,milford_haven,,1789970040000.0,,4.9635305404663095
2026-09-22T00:50:19+00:00,area_trajectory,milford_haven,,1789970160000.0,,4.9635305404663095
2026-09-22T00:50:19+00:00,area_trajectory,milford_haven,,1789970280000.0,,4.9635305404663095
2026-09-22T00:50:19+00:00,area_trajectory,milford_haven,,1789970400000.0,,4.9635305404663095
2026-09-22T00:50:19+00:00,area_trajectory,milford_haven,,1789970520000.0,,4.9635305404663095
2026-09-22T00:50:19+00:00,area_trajectory,milford_haven,,1789970640000.0,,4.96108913421631
2026-09-22T00:50:19+00:00,area_trajectory,milford_haven,,1789970760000.0,,4.91714239120483
2026-09-22T00:50:19+00:00,area_trajectory,milford_haven,,1789970880000.0,,4.91714239120483
2026-09-22T00:50:19+00:00,area_trajectory,milford_haven,,1789971000000.0,,4.91714239120483
2026-09-22T00:50:19+00:00,area_trajectory,milford_haven,,1789971120000.0,,4.91714239120483
2026-09-22T00:50:19+00:00,area_trajectory,milford_haven,,1789971240000.0,,4.91714239120483
2026-09-22T00:50:19+00:00,area_trajectory,milford_haven,,1789971360000.0,,4.91714239120483
2026-09-22T00:50:19+00:00,area_trajectory,milford_haven,,1789971480000.0,,4.91714239120483
2026-09-22T00:50:19+00:00,area_trajectory,milford_haven,,1789971600000.0,,4.91714239120483
2026-09-22T00:50:19+00:00,area_trajectory,milford_haven,,1789971720000.0,,4.91714239120483
2026-09-22T00:50:19+00:00,area_trajectory,milford_haven,,1789971840000.0,,4.91714239120483
2026-09-22T00:50:19+00:00,area_trajectory,milford_haven,,1789971960000.0,,4.91714239120483
2026-09-22T00:50:19+00:00,area_trajectory,milford_haven,,1789972080000.0,,4.91714239120483
2026-09-22T00:50:19+00:00,area_trajectory,milford_haven,,1789972200000.0,,4.91714239120483
2026-09-22T00:50:19+00:00,area_trajectory,milford_haven,,1789972320000.0,,4.91714239120483
2026-09-22T00:50:19+00:00,area_trajectory,milford_haven,,1789972440000.0,,4.91714239120483
2026-09-22T00:50:19+00:00,area_trajectory,milford_haven,,1789972560000.0,,4.91714239120483
2026-09-22T00:50:19+00:00,area_trajectory,milford_haven,,1789972680000.0,,4.91714239120483
2026-09-22T00:50:19+00:00,area_trajectory,milford_haven,,1789972800000.0,,4.99771118164062
2026-09-22T00:50:19+00:00,area_trajectory,milford_haven,,1789972920000.0,,4.99771118164062
2026-09-22T00:50:19+00:00,area_trajectory,milford_haven,,1789973040000.0,,4.99771118164062
2026-09-22T00:50:19+00:00,area_trajectory,milford_haven,,1789973160000.0,,4.99771118164062
2026-09-22T00:50:19+00:00,area_trajectory,milford_haven,,1789973280000.0,,4.9366741180419895
2026-09-22T00:50:19+00:00,area_trajectory,milford_haven,,1789973400000.0,,4.9366741180419895
2026-09-22T00:50:19+00:00,area_trajectory,milford_haven,,1789973520000.0,,4.9366741180419895
2026-09-22T00:50:19+00:00,area_trajectory,milford_haven,,1789973640000.0,,4.9366741180419895
2026-09-22T00:50:19+00:00,area_trajectory,milford_haven,,1789973760000.0,,4.95132303237915
2026-09-22T00:50:19+00:00,area_trajectory,milford_haven,,1789973880000.0,,4.95132303237915
2026-09-22T00:50:19+00:00,area_trajectory,milford_haven,,1789974000000.0,,4.95132303237915
2026-09-22T00:50:19+00:00,area_trajectory,milford_haven,,1789974120000.0,,4.95132303237915
2026-09-22T00:50:19+00:00,area_trajectory,milford_haven,,1789974240000.0,,4.95620584487915
2026-09-22T00:50:19+00:00,area_trajectory,milford_haven,,1789974360000.0,,4.95620584487915
2026-09-22T00:50:19+00:00,area_trajectory,milford_haven,,1789974480000.0,,4.95620584487915
2026-09-22T00:50:19+00:00,area_trajectory,milford_haven,,1789974600000.0,,4.95620584487915
2026-09-22T00:50:19+00:00,area_trajectory,milford_haven,,1789974720000.0,,4.95620584487915
2026-09-22T00:50:19+00:00,area_trajectory,milford_haven,,1789974840000.0,,4.95620584487915
2026-09-22T00:50:19+00:00,area_trajectory,milford_haven,,1789974960000.0,,4.95620584487915
2026-09-22T00:50:19+00:00,area_trajectory,milford_haven,,1789975080000.0,,4.95620584487915
2026-09-22T00:50:19+00:00,area_trajectory,milford_haven,,1789975200000.0,,4.95620584487915
2026-09-22T00:50:19+00:00,area_trajectory,milford_haven,,1789975320000.0,,4.95620584487915
2026-09-22T00:50:19+00:00,area_trajectory,milford_haven,,1789975440000.0,,4.95620584487915
2026-09-22T00:50:19+00:00,area_trajectory,milford_haven,,1789975560000.0,,4.95620584487915
2026-09-22T00:50:19+00:00,area_trajectory,milford_haven,,1789975680000.0,,4.95620584487915
2026-09-22T00:50:19+00:00,area_trajectory,milford_haven,,1789975800000.0,,4.95620584487915
2026-09-22T00:50:19+00:00,area_trajectory,milford_haven,,1789975920000.0,,4.9708547592163095
2026-09-22T00:50:19+00:00,area_trajectory,milford_haven,,1789976040000.0,,4.9708547592163095
2026-09-22T00:50:19+00:00,area_trajectory,milford_haven,,1789976160000.0,,4.9708547592163095
2026-09-22T00:50:19+00:00,area_trajectory,milford_haven,,1789976280000.0,,4.9708547592163095
2026-09-22T00:50:19+00:00,area_trajectory,milford_haven,,1789976400000.0,,4.9708547592163095
2026-09-22T00:50:19+00:00,area_trajectory,milford_haven,,1789976520000.0,,4.9708547592163095
2026-09-22T00:50:19+00:00,area_trajectory,milford_haven,,1789976640000.0,,4.9708547592163095
2026-09-22T00:50:19+00:00,area_trajectory,milford_haven,,1789976760000.0,,4.9708547592163095
2026-09-22T00:50:19+00:00,area_trajectory,milford_haven,,1789976880000.0,,4.9708547592163095
2026-09-22T00:50:19+00:00,area_trajectory,milford_haven,,1789977000000.0,,4.9708547592163095
2026-09-22T00:50:19+00:00,area_trajectory,milford_haven,,1789977120000.0,,4.9708547592163095
2026-09-22T00:50:19+00:00,area_trajectory,milford_haven,,1789977240000.0,,4.9708547592163095
2026-09-22T00:50:19+00:00,area_trajectory,milford_haven,,1789977360000.0,,4.9708547592163095
2026-09-22T00:50:19+00:00,area_trajectory,milford_haven,,1789977480000.0,,4.9708547592163095
2026-09-22T00:50:19+00:00,area_trajectory,milford_haven,,1789977600000.0,,4.9708547592163095
2026-09-22T00:50:19+00:00,area_trajectory,milford_haven,,1789977720000.0,,4.9659719467163095
2026-09-22T00:50:19+00:00,area_trajectory,milford_haven,,1789977840000.0,,4.98550367355347
2026-09-22T00:50:19+00:00,area_trajectory,milford_haven,,1789977960000.0,,4.98550367355347
2026-09-22T00:50:19+00:00,area_trajectory,milford_haven,,1789978080000.0,,4.98550367355347
2026-09-22T00:50:19+00:00,area_trajectory,milford_haven,,1789978200000.0,,4.98550367355347
2026-09-22T00:50:19+00:00,area_trajectory,milford_haven,,1789978320000.0,,4.98550367355347
2026-09-22T00:50:19+00:00,area_trajectory,milford_haven,,1789978440000.0,,4.98550367355347
2026-09-22T00:50:19+00:00,area_trajectory,milford_haven,,1789978560000.0,,4.98550367355347
2026-09-22T00:50:19+00:00,area_trajectory,milford_haven,,1789978680000.0,,4.98550367355347
2026-09-22T00:50:19+00:00,area_trajectory,milford_haven,,1789978800000.0,,4.98550367355347
2026-09-22T00:50:19+00:00,area_trajectory,milford_haven,,1789978920000.0,,4.98550367355347
2026-09-22T00:50:19+00:00,area_trajectory,milford_haven,,1789979040000.0,,4.98550367355347
2026-09-22T00:50:19+00:00,area_trajectory,milford_haven,,1789979160000.0,,4.98550367355347
2026-09-22T00:50:19+00:00,area_trajectory,milford_haven,,1789979280000.0,,4.98550367355347
2026-09-22T00:50:19+00:00,area_trajectory,milford_haven,,1789979400000.0,,4.98550367355347
2026-09-22T00:50:19+00:00,area_trajectory,milford_haven,,1789979520000.0,,4.98550367355347
2026-09-22T00:50:19+00:00,area_trajectory,milford_haven,,1789979640000.0,,4.98550367355347
2026-09-22T00:50:19+00:00,area_trajectory,milford_haven,,1789979760000.0,,4.98550367355347
2026-09-22T00:50:19+00:00,area_trajectory,milford_haven,,1789979880000.0,,4.98550367355347
2026-09-22T00:50:19+00:00,area_trajectory,milford_haven,,1789980000000.0,,4.98550367355347
2026-09-22T00:50:19+00:00,area_trajectory,milford_haven,,1789980120000.0,,4.98550367355347
2026-09-22T00:50:19+00:00,area_trajectory,milford_haven,,1789980240000.0,,4.98550367355347
2026-09-22T00:50:19+00:00,area_trajectory,milford_haven,,1789980360000.0,,4.98550367355347
2026-09-22T00:50:19+00:00,area_trajectory,milford_haven,,1789980480000.0,,4.98550367355347
2026-09-22T00:50:19+00:00,area_trajectory,milford_haven,,1789980600000.0,,4.98550367355347
2026-09-22T00:50:19+00:00,area_trajectory,milford_haven,,1789980720000.0,,4.98550367355347
2026-09-22T00:50:19+00:00,area_trajectory,milford_haven,,1789980840000.0,,5.00503540039062
2026-09-22T00:50:19+00:00,area_trajectory,milford_haven,,1789980960000.0,,5.00503540039062
2026-09-22T00:50:19+00:00,area_trajectory,milford_haven,,1789981080000.0,,4.99038648605347
2026-09-22T00:50:19+00:00,area_trajectory,milford_haven,,1789981200000.0,,4.99038648605347
2026-09-22T00:50:19+00:00,area_trajectory,milford_haven,,1789981320000.0,,4.99038648605347
2026-09-22T00:50:19+00:00,area_trajectory,milford_haven,,1789981440000.0,,5.0221257209777805
2026-09-22T00:50:19+00:00,area_trajectory,milford_haven,,1789981560000.0,,5.0221257209777805
2026-09-22T00:50:19+00:00,area_trajectory,milford_haven,,1789981680000.0,,5.0221257209777805
2026-09-22T00:50:19+00:00,area_trajectory,milford_haven,,1789981800000.0,,5.0221257209777805
2026-09-22T00:50:19+00:00,area_trajectory,milford_haven,,1789981920000.0,,5.0221257209777805
2026-09-22T00:50:19+00:00,area_trajectory,milford_haven,,1789982040000.0,,4.9317913055419895
2026-09-22T00:50:19+00:00,area_trajectory,milford_haven,,1789982160000.0,,5.01480150222778
2026-09-22T00:50:19+00:00,area_trajectory,milford_haven,,1789982280000.0,,5.01480150222778
2026-09-22T00:50:19+00:00,area_trajectory,milford_haven,,1789982400000.0,,5.01480150222778
2026-09-22T00:50:19+00:00,area_trajectory,milford_haven,,1789982520000.0,,5.01480150222778
2026-09-22T00:50:19+00:00,area_trajectory,milford_haven,,1789982640000.0,,5.01480150222778
2026-09-22T00:50:19+00:00,area_trajectory,milford_haven,,1789982760000.0,,4.98550367355347
2026-09-22T00:50:19+00:00,area_trajectory,milford_haven,,1789982880000.0,,4.98550367355347
2026-09-22T00:50:19+00:00,area_trajectory,milford_haven,,1789983000000.0,,4.98550367355347
2026-09-22T00:50:19+00:00,area_trajectory,milford_haven,,1789983120000.0,,4.98550367355347
2026-09-22T00:50:19+00:00,area_trajectory,milford_haven,,1789983240000.0,,4.98550367355347
2026-09-22T00:50:19+00:00,area_trajectory,milford_haven,,1789983360000.0,,4.98550367355347
2026-09-22T00:50:19+00:00,area_trajectory,milford_haven,,1789983480000.0,,4.98550367355347
2026-09-22T00:50:19+00:00,area_trajectory,milford_haven,,1789983600000.0,,4.98550367355347
2026-09-22T00:50:19+00:00,area_trajectory,milford_haven,,1789983720000.0,,4.98550367355347
2026-09-22T00:50:19+00:00,area_trajectory,milford_haven,,1789983840000.0,,5.00991868972778
2026-09-22T00:50:19+00:00,area_trajectory,milford_haven,,1789983960000.0,,5.00991868972778
2026-09-22T00:50:19+00:00,area_trajectory,milford_haven,,1789984080000.0,,5.00991868972778
2026-09-22T00:50:19+00:00,area_trajectory,milford_haven,,1789984200000.0,,5.00991868972778
2026-09-22T00:50:19+00:00,area_trajectory,milford_haven,,1789984320000.0,,5.00991868972778
2026-09-22T00:50:19+00:00,area_trajectory,milford_haven,,1789984440000.0,,5.00991868972778
2026-09-22T00:50:19+00:00,area_trajectory,milford_haven,,1789984560000.0,,5.00991868972778
2026-09-22T00:50:19+00:00,area_trajectory,milford_haven,,1789984680000.0,,5.00991868972778
2026-09-22T00:50:19+00:00,area_trajectory,milford_haven,,1789984800000.0,,5.00991868972778
2026-09-22T00:50:19+00:00,area_trajectory,milford_haven,,1789984920000.0,,5.00991868972778
2026-09-22T00:50:19+00:00,area_trajectory,milford_haven,,1789985040000.0,,5.00015258789062
2026-09-22T00:50:19+00:00,area_trajectory,milford_haven,,1789985160000.0,,5.00015258789062
2026-09-22T00:50:19+00:00,area_trajectory,milford_haven,,1789985280000.0,,5.00015258789062
2026-09-22T00:50:19+00:00,area_trajectory,milford_haven,,1789985400000.0,,5.00015258789062
2026-09-22T00:50:19+00:00,area_trajectory,milford_haven,,1789985520000.0,,5.00015258789062
2026-09-22T00:50:19+00:00,area_trajectory,milford_haven,,1789985640000.0,,5.00015258789062
2026-09-22T00:50:19+00:00,area_trajectory,milford_haven,,1789985760000.0,,4.8658709526062
2026-09-22T00:50:19+00:00,area_trajectory,milford_haven,,1789985880000.0,,4.8658709526062
2026-09-22T00:50:19+00:00,area_trajectory,milford_haven,,1789986000000.0,,5.0245676040649405
2026-09-22T00:50:19+00:00,area_trajectory,milford_haven,,1789986120000.0,,5.11001920700073
2026-09-22T00:50:19+00:00,area_trajectory,milford_haven,,1789986240000.0,,5.11001920700073
2026-09-22T00:50:19+00:00,area_trajectory,milford_haven,,1789986360000.0,,5.11001920700073
2026-09-22T00:50:19+00:00,area_trajectory,milford_haven,,1789986480000.0,,5.0196843147277805
2026-09-22T00:50:19+00:00,area_trajectory,milford_haven,,1789986600000.0,,5.0196843147277805
2026-09-22T00:50:19+00:00,area_trajectory,milford_haven,,1789986720000.0,,5.0196843147277805
2026-09-22T00:50:19+00:00,area_trajectory,milford_haven,,1789986840000.0,,5.0196843147277805
2026-09-22T00:50:19+00:00,area_trajectory,milford_haven,,1789986960000.0,,5.0196843147277805
2026-09-22T00:50:19+00:00,area_trajectory,milford_haven,,1789987080000.0,,5.0196843147277805
2026-09-22T00:50:19+00:00,area_trajectory,milford_haven,,1789987200000.0,,4.86831283569336
2026-09-22T00:50:19+00:00,area_trajectory,milford_haven,,1789987320000.0,,4.86831283569336
2026-09-22T00:50:19+00:00,area_trajectory,milford_haven,,1789987440000.0,,4.86831283569336
2026-09-22T00:50:19+00:00,area_trajectory,milford_haven,,1789987560000.0,,5.03677463531494
2026-09-22T00:50:19+00:00,area_trajectory,milford_haven,,1789987680000.0,,5.03677463531494
2026-09-22T00:50:19+00:00,area_trajectory,milford_haven,,1789987800000.0,,5.131992340087891
2026-09-22T00:50:19+00:00,area_trajectory,milford_haven,,1789987920000.0,,5.0489821434021
2026-09-22T00:50:19+00:00,area_trajectory,milford_haven,,1789988040000.0,,5.0489821434021
2026-09-22T00:50:19+00:00,area_trajectory,milford_haven,,1789988160000.0,,4.95132303237915
2026-09-22T00:50:19+00:00,area_trajectory,milford_haven,,1789988280000.0,,4.95132303237915
2026-09-22T00:50:19+00:00,area_trajectory,milford_haven,,1789988400000.0,,4.95132303237915
2026-09-22T00:50:19+00:00,area_trajectory,milford_haven,,1789988520000.0,,4.95132303237915
2026-09-22T00:50:19+00:00,area_trajectory,milford_haven,,1789988640000.0,,4.9293494224548295
2026-09-22T00:50:19+00:00,area_trajectory,milford_haven,,1789988760000.0,,4.91714239120483
2026-09-22T00:50:19+00:00,area_trajectory,milford_haven,,1789988880000.0,,4.91714239120483
2026-09-22T00:50:19+00:00,area_trajectory,milford_haven,,1789989000000.0,,4.91714239120483
2026-09-22T00:50:19+00:00,area_trajectory,milford_haven,,1789989120000.0,,4.91714239120483
2026-09-22T00:50:19+00:00,area_trajectory,milford_haven,,1789989240000.0,,4.91714239120483
2026-09-22T00:50:19+00:00,area_trajectory,milford_haven,,1789989360000.0,,4.91714239120483
2026-09-22T00:50:19+00:00,area_trajectory,milford_haven,,1789989480000.0,,4.93911552429199
2026-09-22T00:50:19+00:00,area_trajectory,milford_haven,,1789989600000.0,,4.93911552429199
2026-09-22T00:50:19+00:00,area_trajectory,milford_haven,,1789989720000.0,,4.93911552429199
2026-09-22T00:50:19+00:00,area_trajectory,milford_haven,,1789989840000.0,,4.93911552429199
2026-09-22T00:50:19+00:00,area_trajectory,milford_haven,,1789989960000.0,,4.93911552429199
2026-09-22T00:50:19+00:00,area_trajectory,milford_haven,,1789990080000.0,,4.93911552429199
2026-09-22T00:50:19+00:00,area_trajectory,milford_haven,,1789990200000.0,,4.93911552429199
2026-09-22T00:50:19+00:00,area_trajectory,milford_haven,,1789990320000.0,,4.93911552429199
2026-09-22T00:50:19+00:00,area_trajectory,milford_haven,,1789990440000.0,,4.9220252037048295
2026-09-22T00:50:19+00:00,area_trajectory,milford_haven,,1789990560000.0,,4.9220252037048295
2026-09-22T00:50:19+00:00,area_trajectory,milford_haven,,1789990680000.0,,4.93911552429199
2026-09-22T00:50:19+00:00,area_trajectory,milford_haven,,1789990800000.0,,4.93911552429199
2026-09-22T00:50:19+00:00,area_trajectory,milford_haven,,1789990920000.0,,4.93911552429199
2026-09-22T00:50:19+00:00,area_trajectory,milford_haven,,1789991040000.0,,4.93911552429199
2026-09-22T00:50:19+00:00,area_trajectory,milford_haven,,1789991160000.0,,4.93911552429199
2026-09-22T00:50:19+00:00,area_trajectory,milford_haven,,1789991280000.0,,4.9684133529663095
2026-09-22T00:50:19+00:00,area_trajectory,milford_haven,,1789991400000.0,,4.9684133529663095
2026-09-22T00:50:19+00:00,area_trajectory,milford_haven,,1789991520000.0,,4.9684133529663095
2026-09-22T00:50:19+00:00,area_trajectory,milford_haven,,1789991640000.0,,4.9684133529663095
2026-09-22T00:50:19+00:00,area_trajectory,milford_haven,,1789991760000.0,,4.9684133529663095
2026-09-22T00:50:19+00:00,area_trajectory,milford_haven,,1789991880000.0,,4.9684133529663095
2026-09-22T00:50:19+00:00,area_trajectory,milford_haven,,1789992000000.0,,4.9684133529663095
2026-09-22T00:50:19+00:00,area_trajectory,milford_haven,,1789992120000.0,,4.9684133529663095
2026-09-22T00:50:19+00:00,area_trajectory,milford_haven,,1789992240000.0,,4.94155693054199
2026-09-22T00:50:19+00:00,area_trajectory,milford_haven,,1789992360000.0,,4.94155693054199
2026-09-22T00:50:19+00:00,area_trajectory,milford_haven,,1789992480000.0,,4.94155693054199
2026-09-22T00:50:19+00:00,area_trajectory,milford_haven,,1789992600000.0,,4.94155693054199
2026-09-22T00:50:19+00:00,area_trajectory,milford_haven,,1789992720000.0,,4.96108913421631
2026-09-22T00:50:19+00:00,area_trajectory,milford_haven,,1789992840000.0,,4.96108913421631
2026-09-22T00:50:19+00:00,area_trajectory,milford_haven,,1789992960000.0,,4.96108913421631
2026-09-22T00:50:19+00:00,area_trajectory,milford_haven,,1789993080000.0,,4.96108913421631
2026-09-22T00:50:19+00:00,area_trajectory,milford_haven,,1789993200000.0,,4.96108913421631
2026-09-22T00:50:19+00:00,area_trajectory,milford_haven,,1789993320000.0,,5.10025310516357
2026-09-22T00:50:19+00:00,area_trajectory,milford_haven,,1789993440000.0,,5.10025310516357
2026-09-22T00:50:19+00:00,area_trajectory,milford_haven,,1789993560000.0,,5.10025310516357
2026-09-22T00:50:19+00:00,area_trajectory,milford_haven,,1789993680000.0,,5.10025310516357
2026-09-22T00:50:19+00:00,area_trajectory,milford_haven,,1789993800000.0,,5.10025310516357
2026-09-22T00:50:19+00:00,area_trajectory,milford_haven,,1789993920000.0,,4.99282836914062
2026-09-22T00:50:19+00:00,area_trajectory,milford_haven,,1789994040000.0,,4.99282836914062
2026-09-22T00:50:19+00:00,area_trajectory,milford_haven,,1789994160000.0,,4.99282836914062
2026-09-22T00:50:19+00:00,area_trajectory,milford_haven,,1789994280000.0,,4.99282836914062
2026-09-22T00:50:19+00:00,area_trajectory,milford_haven,,1789994400000.0,,4.99282836914062
2026-09-22T00:50:19+00:00,area_trajectory,milford_haven,,1789994520000.0,,4.99282836914062
2026-09-22T00:50:19+00:00,area_trajectory,milford_haven,,1789994640000.0,,4.91714239120483
2026-09-22T00:50:19+00:00,area_trajectory,milford_haven,,1789994760000.0,,5.12222671508789
2026-09-22T00:50:19+00:00,area_trajectory,milford_haven,,1789994880000.0,,5.12222671508789
2026-09-22T00:50:19+00:00,area_trajectory,milford_haven,,1789995000000.0,,5.12222671508789
2026-09-22T00:50:19+00:00,area_trajectory,milford_haven,,1789995120000.0,,5.12222671508789
2026-09-22T00:50:19+00:00,area_trajectory,milford_haven,,1789995240000.0,,5.12222671508789
2026-09-22T00:50:19+00:00,area_trajectory,milford_haven,,1789995360000.0,,4.94155693054199
2026-09-22T00:50:19+00:00,area_trajectory,milford_haven,,1789995480000.0,,4.94155693054199
2026-09-22T00:50:19+00:00,area_trajectory,milford_haven,,1789995600000.0,,4.99771118164062
2026-09-22T00:50:19+00:00,area_trajectory,milford_haven,,1789995720000.0,,4.99771118164062
2026-09-22T00:50:19+00:00,area_trajectory,milford_haven,,1789995840000.0,,4.99771118164062
2026-09-22T00:50:19+00:00,area_trajectory,milford_haven,,1789995960000.0,,4.99771118164062
2026-09-22T00:50:19+00:00,area_trajectory,milford_haven,,1789996080000.0,,5.15396595001221
2026-09-22T00:50:19+00:00,area_trajectory,milford_haven,,1789996200000.0,,5.15396595001221
2026-09-22T00:50:19+00:00,area_trajectory,milford_haven,,1789996320000.0,,4.94644021987915
2026-09-22T00:50:19+00:00,area_trajectory,milford_haven,,1789996440000.0,,4.94644021987915
2026-09-22T00:50:19+00:00,area_trajectory,milford_haven,,1789996560000.0,,4.94644021987915
2026-09-22T00:50:19+00:00,area_trajectory,milford_haven,,1789996680000.0,,4.94644021987915
2026-09-22T00:50:19+00:00,area_trajectory,milford_haven,,1789996800000.0,,4.9659719467163095
2026-09-22T00:50:19+00:00,area_trajectory,milford_haven,,1789996920000.0,,5.10025310516357
2026-09-22T00:50:19+00:00,area_trajectory,milford_haven,,1789997040000.0,,5.10025310516357
2026-09-22T00:50:19+00:00,area_trajectory,milford_haven,,1789997160000.0,,4.9220252037048295
2026-09-22T00:50:19+00:00,area_trajectory,milford_haven,,1789997280000.0,,4.9220252037048295
2026-09-22T00:50:19+00:00,area_trajectory,milford_haven,,1789997400000.0,,5.19058799743652
2026-09-22T00:50:19+00:00,area_trajectory,milford_haven,,1789997520000.0,,5.19058799743652
2026-09-22T00:50:19+00:00,area_trajectory,milford_haven,,1789997640000.0,,4.9659719467163095
2026-09-22T00:50:19+00:00,area_trajectory,milford_haven,,1789997760000.0,,4.9659719467163095
2026-09-22T00:50:19+00:00,area_trajectory,milford_haven,,1789997880000.0,,4.9659719467163095
2026-09-22T00:50:19+00:00,area_trajectory,milford_haven,,1789998000000.0,,4.99038648605347
2026-09-22T00:50:19+00:00,area_trajectory,milford_haven,,1789998120000.0,,4.99038648605347
2026-09-22T00:50:19+00:00,area_trajectory,milford_haven,,1789998240000.0,,4.99038648605347
2026-09-22T00:50:19+00:00,area_trajectory,milford_haven,,1789998360000.0,,4.99038648605347
2026-09-22T00:50:19+00:00,area_trajectory,milford_haven,,1789998480000.0,,4.99038648605347
2026-09-22T00:50:19+00:00,area_trajectory,milford_haven,,1789998600000.0,,4.99038648605347
2026-09-22T00:50:19+00:00,area_trajectory,milford_haven,,1789998720000.0,,4.99038648605347
2026-09-22T00:50:19+00:00,area_trajectory,milford_haven,,1789998840000.0,,4.99038648605347
2026-09-22T00:50:19+00:00,area_trajectory,milford_haven,,1789998960000.0,,4.99038648605347
2026-09-22T00:50:19+00:00,area_trajectory,milford_haven,,1789999080000.0,,4.99038648605347
2026-09-22T00:50:19+00:00,area_trajectory,milford_haven,,1789999200000.0,,4.99038648605347
2026-09-22T00:50:19+00:00,area_trajectory,milford_haven,,1789999320000.0,,4.99038648605347
2026-09-22T00:50:19+00:00,area_trajectory,milford_haven,,1789999440000.0,,4.9732961654663095
2026-09-22T00:50:19+00:00,area_trajectory,milford_haven,,1789999560000.0,,4.9732961654663095
2026-09-22T00:50:19+00:00,area_trajectory,milford_haven,,1789999680000.0,,4.9732961654663095
2026-09-22T00:50:19+00:00,area_trajectory,milford_haven,,1789999800000.0,,4.9732961654663095
2026-09-22T00:50:19+00:00,area_trajectory,milford_haven,,1789999920000.0,,4.9732961654663095
2026-09-22T00:50:19+00:00,area_trajectory,milford_haven,,1790000040000.0,,4.9732961654663095
2026-09-22T00:50:19+00:00,area_trajectory,milford_haven,,1790000160000.0,,4.9732961654663095
2026-09-22T00:50:19+00:00,area_trajectory,milford_haven,,1790000280000.0,,4.9732961654663095
2026-09-22T00:50:19+00:00,area_trajectory,milford_haven,,1790000400000.0,,4.99526977539062
2026-09-22T00:50:19+00:00,area_trajectory,milford_haven,,1790000520000.0,,4.99526977539062
2026-09-22T00:50:19+00:00,area_trajectory,milford_haven,,1790000640000.0,,4.99526977539062
2026-09-22T00:50:19+00:00,area_trajectory,milford_haven,,1790000760000.0,,4.99526977539062
2026-09-22T00:50:19+00:00,area_trajectory,milford_haven,,1790000880000.0,,4.99526977539062
2026-09-22T00:50:19+00:00,area_trajectory,milford_haven,,1790001000000.0,,5.21011972427368
2026-09-22T00:50:19+00:00,area_trajectory,milford_haven,,1790001120000.0,,4.9342327117919895
2026-09-22T00:50:19+00:00,area_trajectory,milford_haven,,1790001240000.0,,4.9342327117919895
2026-09-22T00:50:19+00:00,area_trajectory,milford_haven,,1790001360000.0,,5.16129016876221
2026-09-22T00:50:19+00:00,area_trajectory,milford_haven,,1790001480000.0,,5.0538649559021005
2026-09-22T00:50:19+00:00,area_trajectory,milford_haven,,1790001600000.0,,5.0538649559021005
2026-09-22T00:50:19+00:00,area_trajectory,milford_haven,,1790001720000.0,,5.0538649559021005
2026-09-22T00:50:19+00:00,area_trajectory,milford_haven,,1790001840000.0,,5.0538649559021005
2026-09-22T00:50:19+00:00,area_trajectory,milford_haven,,1790001960000.0,,5.16861486434936
2026-09-22T00:50:19+00:00,area_trajectory,milford_haven,,1790002080000.0,,5.07827997207642
2026-09-22T00:50:19+00:00,area_trajectory,milford_haven,,1790002200000.0,,4.98794507980347
2026-09-22T00:50:19+00:00,area_trajectory,milford_haven,,1790002320000.0,,4.98794507980347
2026-09-22T00:50:19+00:00,area_trajectory,milford_haven,,1790002440000.0,,4.98794507980347
2026-09-22T00:50:19+00:00,area_trajectory,milford_haven,,1790002560000.0,,4.98794507980347
2026-09-22T00:50:19+00:00,area_trajectory,milford_haven,,1790002680000.0,,4.98794507980347
2026-09-22T00:50:19+00:00,area_trajectory,milford_haven,,1790002800000.0,,4.98794507980347
2026-09-22T00:50:19+00:00,area_trajectory,milford_haven,,1790002920000.0,,4.98794507980347
2026-09-22T00:50:19+00:00,area_trajectory,milford_haven,,1790003040000.0,,4.98794507980347
2026-09-22T00:50:19+00:00,area_trajectory,milford_haven,,1790003160000.0,,4.97573757171631
2026-09-22T00:50:19+00:00,area_trajectory,milford_haven,,1790003280000.0,,4.97573757171631
2026-09-22T00:50:19+00:00,area_trajectory,milford_haven,,1790003400000.0,,4.97573757171631
2026-09-22T00:50:19+00:00,area_trajectory,milford_haven,,1790003520000.0,,4.97573757171631
2026-09-22T00:50:19+00:00,area_trajectory,milford_haven,,1790003640000.0,,4.97573757171631
2026-09-22T00:50:19+00:00,area_trajectory,milford_haven,,1790003760000.0,,5.0172429084777805
2026-09-22T00:50:19+00:00,area_trajectory,milford_haven,,1790003880000.0,,4.9342327117919895
2026-09-22T00:50:19+00:00,area_trajectory,milford_haven,,1790004000000.0,,4.9342327117919895
2026-09-22T00:50:19+00:00,area_trajectory,milford_haven,,1790004120000.0,,4.91225910186768
2026-09-22T00:50:19+00:00,area_trajectory,milford_haven,,1790004240000.0,,4.91225910186768
2026-09-22T00:50:19+00:00,area_trajectory,milford_haven,,1790004360000.0,,4.91225910186768
2026-09-22T00:50:19+00:00,area_trajectory,milford_haven,,1790004480000.0,,4.91714239120483
2026-09-22T00:50:19+00:00,area_trajectory,milford_haven,,1790004600000.0,,4.91714239120483
2026-09-22T00:50:19+00:00,area_trajectory,milford_haven,,1790004720000.0,,5.17838048934936
2026-09-22T00:50:19+00:00,area_trajectory,milford_haven,,1790004840000.0,,5.0709557533264205
2026-09-22T00:50:19+00:00,area_trajectory,milford_haven,,1790004960000.0,,5.0709557533264205
2026-09-22T00:50:19+00:00,area_trajectory,milford_haven,,1790005080000.0,,4.94155693054199
2026-09-22T00:50:19+00:00,area_trajectory,milford_haven,,1790005200000.0,,4.94155693054199
2026-09-22T00:50:19+00:00,area_trajectory,milford_haven,,1790005320000.0,,5.0196843147277805
2026-09-22T00:50:19+00:00,area_trajectory,milford_haven,,1790005440000.0,,5.0196843147277805
2026-09-22T00:50:19+00:00,area_trajectory,milford_haven,,1790005560000.0,,5.0196843147277805
2026-09-22T00:50:19+00:00,area_trajectory,milford_haven,,1790005680000.0,,5.0196843147277805
2026-09-22T00:50:19+00:00,area_trajectory,milford_haven,,1790005800000.0,,5.00747680664062
2026-09-22T00:50:19+00:00,area_trajectory,milford_haven,,1790005920000.0,,5.00747680664062
2026-09-22T00:50:19+00:00,area_trajectory,milford_haven,,1790006040000.0,,5.00747680664062
2026-09-22T00:50:19+00:00,area_trajectory,milford_haven,,1790006160000.0,,4.99771118164062
2026-09-22T00:50:19+00:00,area_trajectory,milford_haven,,1790006280000.0,,4.99771118164062
2026-09-22T00:50:19+00:00,area_trajectory,milford_haven,,1790006400000.0,,4.99771118164062
2026-09-22T00:50:19+00:00,area_trajectory,milford_haven,,1790006520000.0,,4.99771118164062
2026-09-22T00:50:19+00:00,area_trajectory,milford_haven,,1790006640000.0,,5.0416579246521
2026-09-22T00:50:19+00:00,area_trajectory,milford_haven,,1790006760000.0,,5.0416579246521
2026-09-22T00:50:19+00:00,area_trajectory,milford_haven,,1790006880000.0,,5.0416579246521
2026-09-22T00:50:19+00:00,area_trajectory,milford_haven,,1790007000000.0,,5.0416579246521
2026-09-22T00:50:19+00:00,area_trajectory,milford_haven,,1790007120000.0,,4.9659719467163095
2026-09-22T00:50:19+00:00,area_trajectory,milford_haven,,1790007240000.0,,4.9659719467163095
2026-09-22T00:50:19+00:00,area_trajectory,milford_haven,,1790007360000.0,,4.9659719467163095
2026-09-22T00:50:19+00:00,area_trajectory,milford_haven,,1790007480000.0,,5.18082237243652
2026-09-22T00:50:19+00:00,area_trajectory,milford_haven,,1790007600000.0,,5.0563068389892605
2026-09-22T00:50:19+00:00,area_trajectory,milford_haven,,1790007720000.0,,5.0563068389892605
2026-09-22T00:50:19+00:00,area_trajectory,milford_haven,,1790007840000.0,,4.93911552429199
2026-09-22T00:50:19+00:00,area_trajectory,milford_haven,,1790007960000.0,,4.93911552429199
2026-09-22T00:50:19+00:00,area_trajectory,milford_haven,,1790008080000.0,,5.20523691177368
2026-09-22T00:50:19+00:00,area_trajectory,milford_haven,,1790008200000.0,,4.98062086105347
2026-09-22T00:50:19+00:00,area_trajectory,milford_haven,,1790008320000.0,,4.98062086105347
2026-09-22T00:50:19+00:00,area_trajectory,milford_haven,,1790008440000.0,,4.98062086105347
2026-09-22T00:50:19+00:00,area_trajectory,milford_haven,,1790008560000.0,,5.07339715957642
2026-09-22T00:50:19+00:00,area_trajectory,milford_haven,,1790008680000.0,,5.07339715957642
2026-09-22T00:50:19+00:00,area_trajectory,milford_haven,,1790008800000.0,,4.98062086105347
2026-09-22T00:50:19+00:00,area_trajectory,milford_haven,,1790008920000.0,,4.98062086105347
2026-09-22T00:50:19+00:00,area_trajectory,milford_haven,,1790009040000.0,,4.98062086105347
2026-09-22T00:50:19+00:00,area_trajectory,milford_haven,,1790009160000.0,,5.0465407371521
2026-09-22T00:50:19+00:00,area_trajectory,milford_haven,,1790009280000.0,,4.9317913055419895
2026-09-22T00:50:19+00:00,area_trajectory,milford_haven,,1790009400000.0,,4.9317913055419895
2026-09-22T00:50:19+00:00,area_trajectory,milford_haven,,1790009520000.0,,5.0660724639892605
2026-09-22T00:50:19+00:00,area_trajectory,milford_haven,,1790009640000.0,,4.9708547592163095
2026-09-22T00:50:19+00:00,area_trajectory,milford_haven,,1790009760000.0,,4.9708547592163095
2026-09-22T00:50:19+00:00,area_trajectory,milford_haven,,1790009880000.0,,4.9708547592163095
2026-09-22T00:50:19+00:00,area_trajectory,milford_haven,,1790010000000.0,,4.9708547592163095
2026-09-22T00:50:19+00:00,area_trajectory,milford_haven,,1790010120000.0,,5.00015258789062
2026-09-22T00:50:19+00:00,area_trajectory,milford_haven,,1790010240000.0,,4.99526977539062
2026-09-22T00:50:19+00:00,area_trajectory,milford_haven,,1790010360000.0,,4.99526977539062
2026-09-22T00:50:19+00:00,area_trajectory,milford_haven,,1790010480000.0,,4.99526977539062
2026-09-22T00:50:19+00:00,area_trajectory,milford_haven,,1790010600000.0,,4.99526977539062
2026-09-22T00:50:19+00:00,area_trajectory,milford_haven,,1790010720000.0,,4.99526977539062
2026-09-22T00:50:19+00:00,area_trajectory,milford_haven,,1790010840000.0,,5.20767831802368
2026-09-22T00:50:19+00:00,area_trajectory,milford_haven,,1790010960000.0,,5.00015258789062
2026-09-22T00:50:19+00:00,area_trajectory,milford_haven,,1790011080000.0,,5.00015258789062
2026-09-22T00:50:19+00:00,area_trajectory,milford_haven,,1790011200000.0,,5.00015258789062
2026-09-22T00:50:19+00:00,area_trajectory,milford_haven,,1790011320000.0,,5.00015258789062
2026-09-22T00:50:19+00:00,area_trajectory,milford_haven,,1790011440000.0,,5.0245676040649405
2026-09-22T00:50:19+00:00,area_trajectory,milford_haven,,1790011560000.0,,5.0245676040649405
2026-09-22T00:50:19+00:00,area_trajectory,milford_haven,,1790011680000.0,,5.0245676040649405
2026-09-22T00:50:19+00:00,area_trajectory,milford_haven,,1790011800000.0,,5.00015258789062
2026-09-22T00:50:19+00:00,area_trajectory,milford_haven,,1790011920000.0,,5.00015258789062
2026-09-22T00:50:19+00:00,area_trajectory,milford_haven,,1790012040000.0,,5.00015258789062
2026-09-22T00:50:19+00:00,area_trajectory,milford_haven,,1790012160000.0,,5.00015258789062
2026-09-22T00:50:19+00:00,area_trajectory,milford_haven,,1790012280000.0,,5.0294504165649405
2026-09-22T00:50:19+00:00,area_trajectory,milford_haven,,1790012400000.0,,5.0294504165649405
2026-09-22T00:50:19+00:00,area_trajectory,milford_haven,,1790012520000.0,,5.0294504165649405
2026-09-22T00:50:19+00:00,area_trajectory,milford_haven,,1790012640000.0,,5.0294504165649405
2026-09-22T00:50:19+00:00,area_trajectory,milford_haven,,1790012760000.0,,5.0294504165649405
2026-09-22T00:50:19+00:00,area_trajectory,milford_haven,,1790012880000.0,,5.246742248535161
2026-09-22T00:50:19+00:00,area_trajectory,milford_haven,,1790013000000.0,,5.08804607391357
2026-09-22T00:50:19+00:00,area_trajectory,milford_haven,,1790013120000.0,,4.99282836914062
2026-09-22T00:50:19+00:00,area_trajectory,milford_haven,,1790013240000.0,,4.99282836914062
2026-09-22T00:50:19+00:00,area_trajectory,milford_haven,,1790013360000.0,,4.99282836914062
2026-09-22T00:50:19+00:00,area_trajectory,milford_haven,,1790013480000.0,,4.99282836914062
2026-09-22T00:50:19+00:00,area_trajectory,milford_haven,,1790013600000.0,,5.21744441986084
2026-09-22T00:50:19+00:00,area_trajectory,milford_haven,,1790013720000.0,,5.21744441986084
2026-09-22T00:50:19+00:00,area_trajectory,milford_haven,,1790013840000.0,,4.96108913421631
2026-09-22T00:50:19+00:00,area_trajectory,milford_haven,,1790013960000.0,,4.96108913421631
2026-09-22T00:50:19+00:00,area_trajectory,milford_haven,,1790014080000.0,,5.20279550552368
2026-09-22T00:50:19+00:00,area_trajectory,milford_haven,,1790014200000.0,,5.0465407371521
2026-09-22T00:50:19+00:00,area_trajectory,milford_haven,,1790014320000.0,,5.0465407371521
2026-09-22T00:50:19+00:00,area_trajectory,milford_haven,,1790014440000.0,,5.0465407371521
2026-09-22T00:50:19+00:00,area_trajectory,milford_haven,,1790014560000.0,,5.0465407371521
2026-09-22T00:50:19+00:00,area_trajectory,milford_haven,,1790014680000.0,,5.0465407371521
2026-09-22T00:50:19+00:00,area_trajectory,milford_haven,,1790014800000.0,,5.0465407371521
2026-09-22T00:50:19+00:00,area_trajectory,milford_haven,,1790014920000.0,,5.136875629425051
2026-09-22T00:50:19+00:00,area_trajectory,milford_haven,,1790015040000.0,,4.99771118164062
2026-09-22T00:50:19+00:00,area_trajectory,milford_haven,,1790015160000.0,,4.99771118164062
2026-09-22T00:50:19+00:00,area_trajectory,milford_haven,,1790015280000.0,,4.99771118164062
2026-09-22T00:50:19+00:00,area_trajectory,milford_haven,,1790015400000.0,,5.227210521698
2026-09-22T00:50:19+00:00,area_trajectory,milford_haven,,1790015520000.0,,5.0514235496521005
2026-09-22T00:50:19+00:00,area_trajectory,milford_haven,,1790015640000.0,,5.0514235496521005
2026-09-22T00:50:19+00:00,area_trajectory,milford_haven,,1790015760000.0,,5.0514235496521005
2026-09-22T00:50:19+00:00,area_trajectory,milford_haven,,1790015880000.0,,5.0587482452392605
2026-09-22T00:50:19+00:00,area_trajectory,milford_haven,,1790016000000.0,,5.0587482452392605
2026-09-22T00:50:19+00:00,area_trajectory,milford_haven,,1790016120000.0,,5.0587482452392605
2026-09-22T00:50:19+00:00,area_trajectory,milford_haven,,1790016240000.0,,5.0587482452392605
2026-09-22T00:50:19+00:00,area_trajectory,milford_haven,,1790016360000.0,,5.0587482452392605
2026-09-22T00:50:19+00:00,area_trajectory,milford_haven,,1790016480000.0,,5.0587482452392605
2026-09-22T00:50:19+00:00,area_trajectory,milford_haven,,1790016600000.0,,5.0587482452392605
2026-09-22T00:50:19+00:00,area_trajectory,milford_haven,,1790016720000.0,,5.0587482452392605
2026-09-22T00:50:19+00:00,area_trajectory,milford_haven,,1790016840000.0,,5.0587482452392605
2026-09-22T00:50:19+00:00,area_trajectory,milford_haven,,1790016960000.0,,5.0587482452392605
2026-09-22T00:50:19+00:00,area_trajectory,milford_haven,,1790017080000.0,,5.0587482452392605
2026-09-22T00:50:19+00:00,area_trajectory,milford_haven,,1790017200000.0,,5.0587482452392605
2026-09-22T00:50:19+00:00,area_trajectory,milford_haven,,1790017320000.0,,5.0587482452392605
2026-09-22T00:50:19+00:00,area_trajectory,milford_haven,,1790017440000.0,,5.0440993309021
2026-09-22T00:50:19+00:00,area_trajectory,milford_haven,,1790017560000.0,,5.0440993309021
2026-09-22T00:50:19+00:00,area_trajectory,milford_haven,,1790017680000.0,,5.48112440109253
2026-09-22T00:50:19+00:00,area_trajectory,milford_haven,,1790017800000.0,,5.33463525772095
2026-09-22T00:50:19+00:00,area_trajectory,milford_haven,,1790017920000.0,,5.33463525772095
2026-09-22T00:50:19+00:00,area_trajectory,milford_haven,,1790018040000.0,,5.6813259124755895
2026-09-22T00:50:19+00:00,area_trajectory,milford_haven,,1790018160000.0,,5.569017410278319
2026-09-22T00:50:19+00:00,area_trajectory,milford_haven,,1790018280000.0,,5.569017410278319
2026-09-22T00:50:19+00:00,area_trajectory,milford_haven,,1790018400000.0,,5.79851675033569
2026-09-22T00:50:19+00:00,area_trajectory,milford_haven,,1790018520000.0,,5.79851675033569
2026-09-22T00:50:19+00:00,area_trajectory,milford_haven,,1790018640000.0,,5.6495866775512695
2026-09-22T00:50:19+00:00,area_trajectory,milford_haven,,1790018760000.0,,5.6495866775512695
2026-09-22T00:50:19+00:00,area_trajectory,milford_haven,,1790018880000.0,,5.6495866775512695
2026-09-22T00:50:19+00:00,area_trajectory,milford_haven,,1790019000000.0,,5.857112407684331
2026-09-22T00:50:19+00:00,area_trajectory,milford_haven,,1790019120000.0,,5.857112407684331
2026-09-22T00:50:19+00:00,area_trajectory,milford_haven,,1790019240000.0,,5.857112407684331
2026-09-22T00:50:19+00:00,area_trajectory,milford_haven,,1790019360000.0,,5.857112407684331
2026-09-22T00:50:19+00:00,area_trajectory,milford_haven,,1790019480000.0,,5.857112407684331
2026-09-22T00:50:19+00:00,area_trajectory,milford_haven,,1790019600000.0,,5.75457000732422
2026-09-22T00:50:19+00:00,area_trajectory,milford_haven,,1790019720000.0,,5.75457000732422
2026-09-22T00:50:19+00:00,area_trajectory,milford_haven,,1790019840000.0,,5.66667699813843
2026-09-22T00:50:19+00:00,area_trajectory,milford_haven,,1790019960000.0,,5.66667699813843
2026-09-22T00:50:19+00:00,area_trajectory,milford_haven,,1790020080000.0,,5.80828285217285
2026-09-22T00:50:19+00:00,area_trajectory,milford_haven,,1790020200000.0,,6.14520692825317
2026-09-22T00:50:19+00:00,area_trajectory,milford_haven,,1790020320000.0,,6.14520692825317
2026-09-22T00:50:19+00:00,area_trajectory,milford_haven,,1790020440000.0,,6.24286651611328
2026-09-22T00:50:19+00:00,area_trajectory,milford_haven,,1790020560000.0,,6.25751495361328
2026-09-22T00:50:19+00:00,area_trajectory,milford_haven,,1790020680000.0,,6.25751495361328
2026-09-22T00:50:19+00:00,area_trajectory,milford_haven,,1790020800000.0,,6.54560995101929
2026-09-22T00:50:19+00:00,area_trajectory,milford_haven,,1790020920000.0,,6.3624987602233904
2026-09-22T00:50:19+00:00,area_trajectory,milford_haven,,1790021040000.0,,6.52363681793213
2026-09-22T00:50:19+00:00,area_trajectory,milford_haven,,1790021160000.0,,6.80928993225098
2026-09-22T00:50:19+00:00,area_trajectory,milford_haven,,1790021280000.0,,6.80928993225098
2026-09-22T00:50:19+00:00,area_trajectory,milford_haven,,1790021400000.0,,6.91427326202393
2026-09-22T00:50:19+00:00,area_trajectory,milford_haven,,1790021520000.0,,7.002166748046879
2026-09-22T00:50:19+00:00,area_trajectory,milford_haven,,1790021640000.0,,7.002166748046879
2026-09-22T00:50:19+00:00,area_trajectory,milford_haven,,1790021760000.0,,7.119358062744141
2026-09-22T00:50:19+00:00,area_trajectory,milford_haven,,1790021880000.0,,7.119358062744141
2026-09-22T00:50:19+00:00,area_trajectory,milford_haven,,1790022000000.0,,7.119358062744141
2026-09-22T00:50:19+00:00,area_trajectory,milford_haven,,1790022120000.0,,7.21213436126709
2026-09-22T00:50:19+00:00,area_trajectory,milford_haven,,1790022240000.0,,7.21213436126709
2026-09-22T00:50:19+00:00,area_trajectory,milford_haven,,1790022360000.0,,7.21213436126709
2026-09-22T00:50:19+00:00,area_trajectory,milford_haven,,1790022480000.0,,7.21213436126709
2026-09-22T00:50:19+00:00,area_trajectory,milford_haven,,1790022600000.0,,7.229224681854251
2026-09-22T00:50:19+00:00,area_trajectory,milford_haven,,1790022720000.0,,7.229224681854251
2026-09-22T00:50:19+00:00,area_trajectory,milford_haven,,1790022840000.0,,7.229224681854251
2026-09-22T00:50:19+00:00,area_trajectory,milford_haven,,1790022960000.0,,7.229224681854251
2026-09-22T00:50:19+00:00,area_trajectory,milford_haven,,1790023080000.0,,7.229224681854251
2026-09-22T00:50:19+00:00,area_trajectory,milford_haven,,1790023200000.0,,7.21457576751709
2026-09-22T00:50:19+00:00,area_trajectory,milford_haven,,1790023320000.0,,7.21457576751709
2026-09-22T00:50:19+00:00,area_trajectory,milford_haven,,1790023440000.0,,7.21457576751709
2026-09-22T00:50:19+00:00,area_trajectory,milford_haven,,1790023560000.0,,7.21457576751709
2026-09-22T00:50:19+00:00,area_trajectory,milford_haven,,1790023680000.0,,7.21457576751709
2026-09-22T00:50:19+00:00,area_trajectory,milford_haven,,1790023800000.0,,7.21457576751709
2026-09-22T00:50:19+00:00,area_trajectory,milford_haven,,1790023920000.0,,7.21457576751709
2026-09-22T00:50:19+00:00,area_trajectory,milford_haven,,1790024040000.0,,7.21457576751709
2026-09-22T00:50:19+00:00,area_trajectory,milford_haven,,1790024160000.0,,7.21457576751709
2026-09-22T00:50:19+00:00,area_trajectory,milford_haven,,1790024280000.0,,7.31467628479004
2026-09-22T00:50:19+00:00,area_trajectory,milford_haven,,1790024400000.0,,7.16330432891846
2026-09-22T00:50:19+00:00,area_trajectory,milford_haven,,1790024520000.0,,7.16330432891846
2026-09-22T00:50:19+00:00,area_trajectory,milford_haven,,1790024640000.0,,7.19504356384277
2026-09-22T00:50:19+00:00,area_trajectory,milford_haven,,1790024760000.0,,7.19504356384277
2026-09-22T00:50:19+00:00,area_trajectory,milford_haven,,1790024880000.0,,7.099825859069821
2026-09-22T00:50:19+00:00,area_trajectory,milford_haven,,1790025000000.0,,7.19992685317993
2026-09-22T00:50:19+00:00,area_trajectory,milford_haven,,1790025120000.0,,7.19992685317993
2026-09-22T00:50:19+00:00,area_trajectory,milford_haven,,1790025240000.0,,7.19992685317993
2026-09-22T00:50:19+00:00,area_trajectory,milford_haven,,1790025360000.0,,7.114474773406981
2026-09-22T00:50:19+00:00,area_trajectory,milford_haven,,1790025480000.0,,7.21213436126709
2026-09-22T00:50:19+00:00,area_trajectory,milford_haven,,1790025600000.0,,7.21213436126709
2026-09-22T00:50:19+00:00,area_trajectory,milford_haven,,1790025720000.0,,7.21213436126709
2026-09-22T00:50:19+00:00,area_trajectory,milford_haven,,1790025840000.0,,7.21213436126709
2026-09-22T00:50:19+00:00,area_trajectory,milford_haven,,1790025960000.0,,7.21213436126709
2026-09-22T00:50:19+00:00,area_trajectory,milford_haven,,1790026080000.0,,7.21213436126709
2026-09-22T00:50:19+00:00,area_trajectory,milford_haven,,1790026200000.0,,7.21213436126709
2026-09-22T00:50:19+00:00,area_trajectory,milford_haven,,1790026320000.0,,7.21213436126709
2026-09-22T00:50:19+00:00,area_trajectory,milford_haven,,1790026440000.0,,7.21213436126709
2026-09-22T00:50:19+00:00,area_trajectory,milford_haven,,1790026560000.0,,7.21213436126709
2026-09-22T00:50:19+00:00,area_trajectory,milford_haven,,1790026680000.0,,7.21213436126709
2026-09-22T00:50:19+00:00,area_trajectory,milford_haven,,1790026800000.0,,7.21213436126709
2026-09-22T00:50:19+00:00,area_trajectory,milford_haven,,1790026920000.0,,7.21213436126709
2026-09-22T00:50:19+00:00,area_trajectory,milford_haven,,1790027040000.0,,7.21213436126709
2026-09-22T00:50:19+00:00,area_trajectory,milford_haven,,1790027160000.0,,7.21213436126709
2026-09-22T00:50:19+00:00,area_trajectory,milford_haven,,1790027280000.0,,7.21213436126709
2026-09-22T00:50:19+00:00,area_trajectory,milford_haven,,1790027400000.0,,7.21213436126709
2026-09-22T00:50:19+00:00,area_trajectory,milford_haven,,1790027520000.0,,7.30735206604004
2026-09-22T00:50:19+00:00,area_trajectory,milford_haven,,1790027640000.0,,7.16818761825562
2026-09-22T00:50:19+00:00,area_trajectory,milford_haven,,1790027760000.0,,7.16818761825562
2026-09-22T00:50:19+00:00,area_trajectory,milford_haven,,1790027880000.0,,7.19260215759277
2026-09-22T00:50:19+00:00,area_trajectory,milford_haven,,1790028000000.0,,7.29514455795288
2026-09-22T00:50:19+00:00,area_trajectory,milford_haven,,1790028120000.0,,7.29514455795288
2026-09-22T00:50:19+00:00,area_trajectory,milford_haven,,1790028240000.0,,7.19992685317993
2026-09-22T00:50:19+00:00,area_trajectory,milford_haven,,1790028360000.0,,7.19992685317993
2026-09-22T00:50:19+00:00,area_trajectory,milford_haven,,1790028480000.0,,7.19992685317993
2026-09-22T00:50:19+00:00,area_trajectory,milford_haven,,1790028600000.0,,7.19992685317993
2026-09-22T00:50:19+00:00,area_trajectory,milford_haven,,1790028720000.0,,7.30979347229004
2026-09-22T00:50:19+00:00,area_trajectory,milford_haven,,1790028840000.0,,7.16086292266846
2026-09-22T00:50:19+00:00,area_trajectory,milford_haven,,1790028960000.0,,7.16086292266846
2026-09-22T00:50:19+00:00,area_trajectory,milford_haven,,1790029080000.0,,7.31467628479004
2026-09-22T00:50:19+00:00,area_trajectory,milford_haven,,1790029200000.0,,7.19260215759277
2026-09-22T00:50:19+00:00,area_trajectory,milford_haven,,1790029320000.0,,7.19260215759277
2026-09-22T00:50:19+00:00,area_trajectory,milford_haven,,1790029440000.0,,7.19260215759277
2026-09-22T00:50:19+00:00,area_trajectory,milford_haven,,1790029560000.0,,7.19260215759277
2026-09-22T00:50:19+00:00,area_trajectory,milford_haven,,1790029680000.0,,7.19260215759277
2026-09-22T00:50:19+00:00,area_trajectory,milford_haven,,1790029800000.0,,7.19748544692993
2026-09-22T00:50:19+00:00,area_trajectory,milford_haven,,1790029920000.0,,7.19748544692993
2026-09-22T00:50:19+00:00,area_trajectory,milford_haven,,1790030040000.0,,7.19016075134277
2026-09-22T00:50:19+00:00,area_trajectory,milford_haven,,1790030160000.0,,7.19016075134277
2026-09-22T00:50:19+00:00,area_trajectory,milford_haven,,1790030280000.0,,7.19016075134277
2026-09-22T00:50:19+00:00,area_trajectory,milford_haven,,1790030400000.0,,7.30735206604004
2026-09-22T00:50:19+00:00,area_trajectory,milford_haven,,1790030520000.0,,7.1437726020813
2026-09-22T00:50:19+00:00,area_trajectory,milford_haven,,1790030640000.0,,7.1437726020813
2026-09-22T00:50:19+00:00,area_trajectory,milford_haven,,1790030760000.0,,7.18039512634277
2026-09-22T00:50:19+00:00,area_trajectory,milford_haven,,1790030880000.0,,7.18039512634277
2026-09-22T00:50:19+00:00,area_trajectory,milford_haven,,1790031000000.0,,7.265846729278559
2026-09-22T00:50:19+00:00,area_trajectory,milford_haven,,1790031120000.0,,7.265846729278559
2026-09-22T00:50:19+00:00,area_trajectory,milford_haven,,1790031240000.0,,7.1388897895813
2026-09-22T00:50:19+00:00,area_trajectory,milford_haven,,1790031360000.0,,7.1388897895813
2026-09-22T00:50:19+00:00,area_trajectory,milford_haven,,1790031480000.0,,7.177953243255621
2026-09-22T00:50:19+00:00,area_trajectory,milford_haven,,1790031600000.0,,7.177953243255621
2026-09-22T00:50:19+00:00,area_trajectory,milford_haven,,1790031720000.0,,7.177953243255621
2026-09-22T00:50:19+00:00,area_trajectory,milford_haven,,1790031840000.0,,7.30735206604004
2026-09-22T00:50:19+00:00,area_trajectory,milford_haven,,1790031960000.0,,7.14865589141846
2026-09-22T00:50:19+00:00,area_trajectory,milford_haven,,1790032080000.0,,7.14865589141846
2026-09-22T00:50:19+00:00,area_trajectory,milford_haven,,1790032200000.0,,7.28293704986572
2026-09-22T00:50:19+00:00,area_trajectory,milford_haven,,1790032320000.0,,7.18039512634277
2026-09-22T00:50:19+00:00,area_trajectory,milford_haven,,1790032440000.0,,7.260963916778561
2026-09-22T00:50:19+00:00,area_trajectory,milford_haven,,1790032560000.0,,7.260963916778561
2026-09-22T00:50:19+00:00,area_trajectory,milford_haven,,1790032680000.0,,7.173070430755621
2026-09-22T00:50:19+00:00,area_trajectory,milford_haven,,1790032800000.0,,7.29026174545288
2026-09-22T00:50:19+00:00,area_trajectory,milford_haven,,1790032920000.0,,7.16574621200562
2026-09-22T00:50:19+00:00,area_trajectory,milford_haven,,1790033040000.0,,7.16574621200562
2026-09-22T00:50:19+00:00,area_trajectory,milford_haven,,1790033160000.0,,7.30735206604004
2026-09-22T00:50:19+00:00,area_trajectory,milford_haven,,1790033280000.0,,7.18527793884277
2026-09-22T00:50:19+00:00,area_trajectory,milford_haven,,1790033400000.0,,7.18527793884277
2026-09-22T00:50:19+00:00,area_trajectory,milford_haven,,1790033520000.0,,7.29758596420288
2026-09-22T00:50:19+00:00,area_trajectory,milford_haven,,1790033640000.0,,7.19016075134277
2026-09-22T00:50:19+00:00,area_trajectory,milford_haven,,1790033760000.0,,7.19016075134277
2026-09-22T00:50:19+00:00,area_trajectory,milford_haven,,1790033880000.0,,7.30491065979004
2026-09-22T00:50:19+00:00,area_trajectory,milford_haven,,1790034000000.0,,7.121799468994141
2026-09-22T00:50:19+00:00,area_trajectory,milford_haven,,1790034120000.0,,7.121799468994141
2026-09-22T00:50:19+00:00,area_trajectory,milford_haven,,1790034240000.0,,7.24387359619141
2026-09-22T00:50:19+00:00,area_trajectory,milford_haven,,1790034360000.0,,7.24387359619141
2026-09-22T00:50:19+00:00,area_trajectory,milford_haven,,1790034480000.0,,7.24387359619141
2026-09-22T00:50:19+00:00,area_trajectory,milford_haven,,1790034600000.0,,7.24387359619141
2026-09-22T00:50:19+00:00,area_trajectory,milford_haven,,1790034720000.0,,7.24387359619141
2026-09-22T00:50:19+00:00,area_trajectory,milford_haven,,1790034840000.0,,7.19260215759277
2026-09-22T00:50:19+00:00,area_trajectory,milford_haven,,1790034960000.0,,7.19260215759277
2026-09-22T00:50:19+00:00,area_trajectory,milford_haven,,1790035080000.0,,7.112033367156981
2026-09-22T00:50:19+00:00,area_trajectory,milford_haven,,1790035200000.0,,7.24387359619141
2026-09-22T00:50:19+00:00,area_trajectory,milford_haven,,1790035320000.0,,7.24387359619141
2026-09-22T00:50:19+00:00,area_trajectory,milford_haven,,1790035440000.0,,7.20236825942993
2026-09-22T00:50:19+00:00,area_trajectory,milford_haven,,1790035560000.0,,7.221899986267091
2026-09-22T00:50:19+00:00,area_trajectory,milford_haven,,1790035680000.0,,7.221899986267091
2026-09-22T00:50:19+00:00,area_trajectory,milford_haven,,1790035800000.0,,7.221899986267091
2026-09-22T00:50:19+00:00,area_trajectory,milford_haven,,1790035920000.0,,7.221899986267091
2026-09-22T00:50:19+00:00,area_trajectory,milford_haven,,1790036040000.0,,7.221899986267091
2026-09-22T00:50:19+00:00,area_trajectory,milford_haven,,1790036160000.0,,7.221899986267091
2026-09-22T00:50:19+00:00,area_trajectory,milford_haven,,1790036280000.0,,7.221899986267091
2026-09-22T00:50:19+00:00,area_trajectory,milford_haven,,1790036400000.0,,7.221899986267091
2026-09-22T00:50:19+00:00,area_trajectory,milford_haven,,1790036520000.0,,7.16818761825562
2026-09-22T00:50:19+00:00,area_trajectory,milford_haven,,1790036640000.0,,7.16818761825562
2026-09-22T00:50:19+00:00,area_trajectory,milford_haven,,1790036760000.0,,7.19748544692993
2026-09-22T00:50:19+00:00,area_trajectory,milford_haven,,1790036880000.0,,7.19992685317993
2026-09-22T00:50:19+00:00,area_trajectory,milford_haven,,1790037000000.0,,7.19992685317993
2026-09-22T00:50:19+00:00,area_trajectory,milford_haven,,1790037120000.0,,7.19992685317993
2026-09-22T00:50:19+00:00,area_trajectory,milford_haven,,1790037240000.0,,7.19992685317993
2026-09-22T00:50:19+00:00,area_trajectory,milford_haven,,1790037360000.0,,7.19992685317993
2026-09-22T00:50:19+00:00,area_trajectory,milford_haven,,1790037480000.0,,7.19992685317993
2026-09-22T00:50:19+00:00,area_trajectory,milford_haven,,1790037600000.0,,7.19992685317993
2026-09-22T00:50:19+00:00,area_trajectory,milford_haven,,1790037720000.0,,7.19992685317993
2026-09-22T00:50:19+00:00,area_trajectory,milford_haven,,1790037840000.0,,7.19992685317993
2026-09-22T00:50:19+00:00,area_trajectory,milford_haven,,1790037960000.0,,7.19992685317993
2026-09-22T00:50:19+00:00,area_trajectory,milford_haven,,1790038080000.0,,7.28781986236572
2026-09-22T00:50:19+00:00,area_trajectory,milford_haven,,1790038200000.0,,7.28781986236572
2026-09-22T00:50:19+00:00,area_trajectory,milford_haven,,1790038320000.0,,7.15842151641846
2026-09-22T00:50:19+00:00,area_trajectory,milford_haven,,1790038440000.0,,7.15842151641846
2026-09-22T00:50:19+00:00,area_trajectory,milford_haven,,1790038560000.0,,7.15842151641846
2026-09-22T00:50:19+00:00,area_trajectory,milford_haven,,1790038680000.0,,7.28537845611572
2026-09-22T00:50:19+00:00,area_trajectory,milford_haven,,1790038800000.0,,7.1388897895813
2026-09-22T00:50:19+00:00,area_trajectory,milford_haven,,1790038920000.0,,7.1388897895813
2026-09-22T00:50:19+00:00,area_trajectory,milford_haven,,1790039040000.0,,7.29270315170288
2026-09-22T00:50:19+00:00,area_trajectory,milford_haven,,1790039160000.0,,7.29270315170288
2026-09-22T00:50:19+00:00,area_trajectory,milford_haven,,1790039280000.0,,7.16330432891846
2026-09-22T00:50:19+00:00,area_trajectory,milford_haven,,1790039400000.0,,7.24631500244141
2026-09-22T00:50:19+00:00,area_trajectory,milford_haven,,1790039520000.0,,7.3268837928772
2026-09-22T00:50:19+00:00,area_trajectory,milford_haven,,1790039640000.0,,7.15598011016846
2026-09-22T00:50:19+00:00,area_trajectory,milford_haven,,1790039760000.0,,7.15598011016846
2026-09-22T00:50:19+00:00,area_trajectory,milford_haven,,1790039880000.0,,7.15598011016846
2026-09-22T00:50:19+00:00,area_trajectory,milford_haven,,1790040000000.0,,7.15598011016846
2026-09-22T00:50:19+00:00,area_trajectory,milford_haven,,1790040120000.0,,7.15598011016846
2026-09-22T00:50:19+00:00,area_trajectory,milford_haven,,1790040240000.0,,7.15598011016846
2026-09-22T00:50:19+00:00,area_trajectory,milford_haven,,1790040360000.0,,7.15598011016846
2026-09-22T00:50:19+00:00,area_trajectory,milford_haven,,1790040480000.0,,7.15598011016846
2026-09-22T00:50:19+00:00,area_trajectory,milford_haven,,1790040600000.0,,7.15598011016846
2026-09-22T00:50:19+00:00,area_trajectory,milford_haven,,1790040720000.0,,7.15598011016846
2026-09-22T00:50:19+00:00,area_trajectory,milford_haven,,1790040840000.0,,7.15598011016846
2026-09-22T00:50:19+00:00,area_trajectory,milford_haven,,1790040960000.0,,7.15598011016846
2026-09-22T00:50:19+00:00,area_trajectory,milford_haven,,1790041080000.0,,7.15598011016846
2026-09-22T00:50:19+00:00,area_trajectory,milford_haven,,1790041200000.0,,7.15598011016846
2026-09-22T00:50:19+00:00,area_trajectory,milford_haven,,1790041320000.0,,7.15598011016846
2026-09-22T00:50:19+00:00,area_trajectory,milford_haven,,1790041440000.0,,7.15598011016846
2026-09-22T00:50:19+00:00,area_trajectory,milford_haven,,1790041560000.0,,7.15598011016846
2026-09-22T00:50:19+00:00,subterminal_latest,grain,nts1,,01:36,0.00
2026-09-22T00:50:19+00:00,subterminal_latest,grain,nts1,,01:38,0.00
2026-09-22T00:50:19+00:00,subterminal_latest,grain,nts1,,01:40,0.00
2026-09-22T00:50:19+00:00,subterminal_latest,grain,nts1,,01:42,0.00
2026-09-22T00:50:19+00:00,subterminal_latest,grain,nts1,,01:44,0.00
2026-09-22T00:50:19+00:00,subterminal_latest,grain,nts1,,01:46,0.00
2026-09-22T00:50:19+00:00,subterminal_latest,grain,nts2,,01:36,4.28
2026-09-22T00:50:19+00:00,subterminal_latest,grain,nts2,,01:38,4.28
2026-09-22T00:50:19+00:00,subterminal_latest,grain,nts2,,01:40,4.28
2026-09-22T00:50:19+00:00,subterminal_latest,grain,nts2,,01:42,4.28
2026-09-22T00:50:19+00:00,subterminal_latest,grain,nts2,,01:44,4.28
2026-09-22T00:50:19+00:00,subterminal_latest,grain,nts2,,01:46,4.43
2026-09-22T00:50:19+00:00,subterminal_latest,dragon,,,01:36,0.00
2026-09-22T00:50:19+00:00,subterminal_latest,dragon,,,01:38,0.00
2026-09-22T00:50:19+00:00,subterminal_latest,dragon,,,01:40,0.00
2026-09-22T00:50:19+00:00,subterminal_latest,dragon,,,01:42,0.00
2026-09-22T00:50:19+00:00,subterminal_latest,dragon,,,01:44,0.00
2026-09-22T00:50:19+00:00,subterminal_latest,dragon,,,01:46,0.00
2026-09-22T00:50:19+00:00,subterminal_latest,south_hook,,,01:36,7.16
2026-09-22T00:50:19+00:00,subterminal_latest,south_hook,,,01:38,7.16
2026-09-22T00:50:19+00:00,subterminal_latest,south_hook,,,01:40,7.16
2026-09-22T00:50:19+00:00,subterminal_latest,south_hook,,,01:42,7.16
2026-09-22T00:50:19+00:00,subterminal_latest,south_hook,,,01:44,7.16
2026-09-22T00:50:19+00:00,subterminal_latest,south_hook,,,01:46,7.16
