snapshot_utc,series,terminal,sub,epoch_ms,time_label,value_mcm_d
2026-09-17T00:33:12+00:00,area_trajectory,grain,,1789534800000.0,,3.28044726545736
2026-09-17T00:33:12+00:00,area_trajectory,grain,,1789534920000.0,,3.28044726545736
2026-09-17T00:33:12+00:00,area_trajectory,grain,,1789535040000.0,,3.3279096678011104
2026-09-17T00:33:12+00:00,area_trajectory,grain,,1789535160000.0,,3.2883577879183
2026-09-17T00:33:12+00:00,area_trajectory,grain,,1789535280000.0,,3.2883577879183
2026-09-17T00:33:12+00:00,area_trajectory,grain,,1789535400000.0,,3.24616918928549
2026-09-17T00:33:12+00:00,area_trajectory,grain,,1789535520000.0,,3.24616918928549
2026-09-17T00:33:12+00:00,area_trajectory,grain,,1789535640000.0,,3.22738183576986
2026-09-17T00:33:12+00:00,area_trajectory,grain,,1789535760000.0,,3.22738183576986
2026-09-17T00:33:12+00:00,area_trajectory,grain,,1789535880000.0,,3.2484763181917398
2026-09-17T00:33:12+00:00,area_trajectory,grain,,1789536000000.0,,3.2484763181917398
2026-09-17T00:33:12+00:00,area_trajectory,grain,,1789536120000.0,,3.17266809065267
2026-09-17T00:33:12+00:00,area_trajectory,grain,,1789536240000.0,,3.17266809065267
2026-09-17T00:33:12+00:00,area_trajectory,grain,,1789536360000.0,,3.2484763181917398
2026-09-17T00:33:12+00:00,area_trajectory,grain,,1789536480000.0,,3.2484763181917398
2026-09-17T00:33:12+00:00,area_trajectory,grain,,1789536600000.0,,3.1901370847933
2026-09-17T00:33:12+00:00,area_trajectory,grain,,1789536720000.0,,3.1901370847933
2026-09-17T00:33:12+00:00,area_trajectory,grain,,1789536840000.0,,3.1901370847933
2026-09-17T00:33:12+00:00,area_trajectory,grain,,1789536960000.0,,3.1901370847933
2026-09-17T00:33:12+00:00,area_trajectory,grain,,1789537080000.0,,3.21287951643392
2026-09-17T00:33:12+00:00,area_trajectory,grain,,1789537200000.0,,3.21287951643392
2026-09-17T00:33:12+00:00,area_trajectory,grain,,1789537320000.0,,3.1947513426058
2026-09-17T00:33:12+00:00,area_trajectory,grain,,1789537440000.0,,3.1947513426058
2026-09-17T00:33:12+00:00,area_trajectory,grain,,1789537560000.0,,3.1947513426058
2026-09-17T00:33:12+00:00,area_trajectory,grain,,1789537680000.0,,3.1947513426058
2026-09-17T00:33:12+00:00,area_trajectory,grain,,1789537800000.0,,3.1947513426058
2026-09-17T00:33:12+00:00,area_trajectory,grain,,1789537920000.0,,3.1947513426058
2026-09-17T00:33:12+00:00,area_trajectory,grain,,1789538040000.0,,3.2550681150667398
2026-09-17T00:33:12+00:00,area_trajectory,grain,,1789538160000.0,,3.2550681150667398
2026-09-17T00:33:12+00:00,area_trajectory,grain,,1789538280000.0,,3.19376257307455
2026-09-17T00:33:12+00:00,area_trajectory,grain,,1789538400000.0,,3.19376257307455
2026-09-17T00:33:12+00:00,area_trajectory,grain,,1789538520000.0,,3.19376257307455
2026-09-17T00:33:12+00:00,area_trajectory,grain,,1789538640000.0,,3.21485705549642
2026-09-17T00:33:12+00:00,area_trajectory,grain,,1789538760000.0,,3.1973880613558
2026-09-17T00:33:12+00:00,area_trajectory,grain,,1789538880000.0,,3.1973880613558
2026-09-17T00:33:12+00:00,area_trajectory,grain,,1789539000000.0,,3.1973880613558
2026-09-17T00:33:12+00:00,area_trajectory,grain,,1789539120000.0,,3.1973880613558
2026-09-17T00:33:12+00:00,area_trajectory,grain,,1789539240000.0,,3.2132091062776698
2026-09-17T00:33:12+00:00,area_trajectory,grain,,1789539360000.0,,3.2132091062776698
2026-09-17T00:33:12+00:00,area_trajectory,grain,,1789539480000.0,,3.23298486311361
2026-09-17T00:33:12+00:00,area_trajectory,grain,,1789539600000.0,,3.23298486311361
2026-09-17T00:33:12+00:00,area_trajectory,grain,,1789539720000.0,,3.23298486311361
2026-09-17T00:33:12+00:00,area_trajectory,grain,,1789539840000.0,,3.23298486311361
2026-09-17T00:33:12+00:00,area_trajectory,grain,,1789539960000.0,,3.14992565901205
2026-09-17T00:33:12+00:00,area_trajectory,grain,,1789540080000.0,,3.14992565901205
2026-09-17T00:33:12+00:00,area_trajectory,grain,,1789540200000.0,,3.1888187254183
2026-09-17T00:33:12+00:00,area_trajectory,grain,,1789540320000.0,,3.1888187254183
2026-09-17T00:33:12+00:00,area_trajectory,grain,,1789540440000.0,,3.22573388655111
2026-09-17T00:33:12+00:00,area_trajectory,grain,,1789540560000.0,,3.22573388655111
2026-09-17T00:33:12+00:00,area_trajectory,grain,,1789540680000.0,,3.2432025144808
2026-09-17T00:33:12+00:00,area_trajectory,grain,,1789540800000.0,,3.2432025144808
2026-09-17T00:33:12+00:00,area_trajectory,grain,,1789540920000.0,,3.17958984358236
2026-09-17T00:33:12+00:00,area_trajectory,grain,,1789541040000.0,,3.17958984358236
2026-09-17T00:33:12+00:00,area_trajectory,grain,,1789541160000.0,,3.21782336409017
2026-09-17T00:33:12+00:00,area_trajectory,grain,,1789541280000.0,,3.21782336409017
2026-09-17T00:33:12+00:00,area_trajectory,grain,,1789541400000.0,,3.1960697019808
2026-09-17T00:33:12+00:00,area_trajectory,grain,,1789541520000.0,,3.1960697019808
2026-09-17T00:33:12+00:00,area_trajectory,grain,,1789541640000.0,,3.17134973127767
2026-09-17T00:33:12+00:00,area_trajectory,grain,,1789541760000.0,,3.17134973127767
2026-09-17T00:33:12+00:00,area_trajectory,grain,,1789541880000.0,,3.18914831526205
2026-09-17T00:33:12+00:00,area_trajectory,grain,,1789542000000.0,,3.18914831526205
2026-09-17T00:33:12+00:00,area_trajectory,grain,,1789542120000.0,,3.18914831526205
2026-09-17T00:33:12+00:00,area_trajectory,grain,,1789542240000.0,,3.20727612287924
2026-09-17T00:33:12+00:00,area_trajectory,grain,,1789542360000.0,,3.24353210432455
2026-09-17T00:33:12+00:00,area_trajectory,grain,,1789542480000.0,,3.24353210432455
2026-09-17T00:33:12+00:00,area_trajectory,grain,,1789542600000.0,,3.24353210432455
2026-09-17T00:33:12+00:00,area_trajectory,grain,,1789542720000.0,,3.24353210432455
2026-09-17T00:33:12+00:00,area_trajectory,grain,,1789542840000.0,,3.1973880613558
2026-09-17T00:33:12+00:00,area_trajectory,grain,,1789542960000.0,,3.1973880613558
2026-09-17T00:33:12+00:00,area_trajectory,grain,,1789543080000.0,,3.1973880613558
2026-09-17T00:33:12+00:00,area_trajectory,grain,,1789543200000.0,,3.1973880613558
2026-09-17T00:33:12+00:00,area_trajectory,grain,,1789543320000.0,,3.21123156721517
2026-09-17T00:33:12+00:00,area_trajectory,grain,,1789543440000.0,,3.21123156721517
2026-09-17T00:33:12+00:00,area_trajectory,grain,,1789543560000.0,,3.1861820066683
2026-09-17T00:33:12+00:00,area_trajectory,grain,,1789543680000.0,,3.1861820066683
2026-09-17T00:33:12+00:00,area_trajectory,grain,,1789543800000.0,,3.2428729246370502
2026-09-17T00:33:12+00:00,area_trajectory,grain,,1789543920000.0,,3.2428729246370502
2026-09-17T00:33:12+00:00,area_trajectory,grain,,1789544040000.0,,3.28044726545736
2026-09-17T00:33:12+00:00,area_trajectory,grain,,1789544160000.0,,3.28044726545736
2026-09-17T00:33:12+00:00,area_trajectory,grain,,1789544280000.0,,3.15849536116049
2026-09-17T00:33:12+00:00,area_trajectory,grain,,1789544400000.0,,3.15849536116049
2026-09-17T00:33:12+00:00,area_trajectory,grain,,1789544520000.0,,3.27187792951986
2026-09-17T00:33:12+00:00,area_trajectory,grain,,1789544640000.0,,3.27187792951986
2026-09-17T00:33:12+00:00,area_trajectory,grain,,1789544760000.0,,3.1739864500276695
2026-09-17T00:33:12+00:00,area_trajectory,grain,,1789544880000.0,,3.1739864500276695
2026-09-17T00:33:12+00:00,area_trajectory,grain,,1789545000000.0,,3.2488059080354903
2026-09-17T00:33:12+00:00,area_trajectory,grain,,1789545120000.0,,3.2488059080354903
2026-09-17T00:33:12+00:00,area_trajectory,grain,,1789545240000.0,,3.2659449461214205
2026-09-17T00:33:12+00:00,area_trajectory,grain,,1789545360000.0,,3.2659449461214205
2026-09-17T00:33:12+00:00,area_trajectory,grain,,1789545480000.0,,3.2016730955354897
2026-09-17T00:33:12+00:00,area_trajectory,grain,,1789545600000.0,,3.2016730955354897
2026-09-17T00:33:12+00:00,area_trajectory,grain,,1789545720000.0,,3.2016730955354897
2026-09-17T00:33:12+00:00,area_trajectory,grain,,1789545840000.0,,3.20134350569174
2026-09-17T00:33:12+00:00,area_trajectory,grain,,1789545960000.0,,3.20134350569174
2026-09-17T00:33:12+00:00,area_trajectory,grain,,1789546080000.0,,3.20134350569174
2026-09-17T00:33:12+00:00,area_trajectory,grain,,1789546200000.0,,3.20134350569174
2026-09-17T00:33:12+00:00,area_trajectory,grain,,1789546320000.0,,3.17662353498861
2026-09-17T00:33:12+00:00,area_trajectory,grain,,1789546440000.0,,3.17662353498861
2026-09-17T00:33:12+00:00,area_trajectory,grain,,1789546560000.0,,3.17662353498861
2026-09-17T00:33:12+00:00,area_trajectory,grain,,1789546680000.0,,3.17662353498861
2026-09-17T00:33:12+00:00,area_trajectory,grain,,1789546800000.0,,3.17662353498861
2026-09-17T00:33:12+00:00,area_trajectory,grain,,1789546920000.0,,3.17662353498861
2026-09-17T00:33:12+00:00,area_trajectory,grain,,1789547040000.0,,3.17662353498861
2026-09-17T00:33:12+00:00,area_trajectory,grain,,1789547160000.0,,3.22935937483236
2026-09-17T00:33:12+00:00,area_trajectory,grain,,1789547280000.0,,3.22935937483236
2026-09-17T00:33:12+00:00,area_trajectory,grain,,1789547400000.0,,3.22935937483236
2026-09-17T00:33:12+00:00,area_trajectory,grain,,1789547520000.0,,3.22935937483236
2026-09-17T00:33:12+00:00,area_trajectory,grain,,1789547640000.0,,3.20595776350424
2026-09-17T00:33:12+00:00,area_trajectory,grain,,1789547760000.0,,3.20595776350424
2026-09-17T00:33:12+00:00,area_trajectory,grain,,1789547880000.0,,3.24353210432455
2026-09-17T00:33:12+00:00,area_trajectory,grain,,1789548000000.0,,3.24353210432455
2026-09-17T00:33:12+00:00,area_trajectory,grain,,1789548120000.0,,3.1650875242464203
2026-09-17T00:33:12+00:00,area_trajectory,grain,,1789548240000.0,,3.1650875242464203
2026-09-17T00:33:12+00:00,area_trajectory,grain,,1789548360000.0,,3.2020026853792403
2026-09-17T00:33:12+00:00,area_trajectory,grain,,1789548480000.0,,3.2020026853792403
2026-09-17T00:33:12+00:00,area_trajectory,grain,,1789548600000.0,,3.18156738264486
2026-09-17T00:33:12+00:00,area_trajectory,grain,,1789548720000.0,,3.18156738264486
2026-09-17T00:33:12+00:00,area_trajectory,grain,,1789548840000.0,,3.18156738264486
2026-09-17T00:33:12+00:00,area_trajectory,grain,,1789548960000.0,,3.18156738264486
2026-09-17T00:33:12+00:00,area_trajectory,grain,,1789549080000.0,,3.2755034178011098
2026-09-17T00:33:12+00:00,area_trajectory,grain,,1789549200000.0,,3.2755034178011098
2026-09-17T00:33:12+00:00,area_trajectory,grain,,1789549320000.0,,3.2755034178011098
2026-09-17T00:33:12+00:00,area_trajectory,grain,,1789549440000.0,,3.19903637678549
2026-09-17T00:33:12+00:00,area_trajectory,grain,,1789549560000.0,,3.19903637678549
2026-09-17T00:33:12+00:00,area_trajectory,grain,,1789549680000.0,,3.19903637678549
2026-09-17T00:33:12+00:00,area_trajectory,grain,,1789549800000.0,,3.25473852522299
2026-09-17T00:33:12+00:00,area_trajectory,grain,,1789549920000.0,,3.25473852522299
2026-09-17T00:33:12+00:00,area_trajectory,grain,,1789550040000.0,,3.1950809324495495
2026-09-17T00:33:12+00:00,area_trajectory,grain,,1789550160000.0,,3.1950809324495495
2026-09-17T00:33:12+00:00,area_trajectory,grain,,1789550280000.0,,3.21650500471517
2026-09-17T00:33:12+00:00,area_trajectory,grain,,1789550400000.0,,3.21650500471517
2026-09-17T00:33:12+00:00,area_trajectory,grain,,1789550520000.0,,3.1957401121370497
2026-09-17T00:33:12+00:00,area_trajectory,grain,,1789550640000.0,,3.1957401121370497
2026-09-17T00:33:12+00:00,area_trajectory,grain,,1789550760000.0,,3.2125499265901696
2026-09-17T00:33:12+00:00,area_trajectory,grain,,1789550880000.0,,3.2125499265901696
2026-09-17T00:33:12+00:00,area_trajectory,grain,,1789551000000.0,,3.1957401121370497
2026-09-17T00:33:12+00:00,area_trajectory,grain,,1789551120000.0,,3.1957401121370497
2026-09-17T00:33:12+00:00,area_trajectory,grain,,1789551240000.0,,3.23562194807455
2026-09-17T00:33:12+00:00,area_trajectory,grain,,1789551360000.0,,3.23562194807455
2026-09-17T00:33:12+00:00,area_trajectory,grain,,1789551480000.0,,3.23562194807455
2026-09-17T00:33:12+00:00,area_trajectory,grain,,1789551600000.0,,3.23562194807455
2026-09-17T00:33:12+00:00,area_trajectory,grain,,1789551720000.0,,3.1687130125276703
2026-09-17T00:33:12+00:00,area_trajectory,grain,,1789551840000.0,,3.1687130125276703
2026-09-17T00:33:12+00:00,area_trajectory,grain,,1789551960000.0,,3.2857210691682996
2026-09-17T00:33:12+00:00,area_trajectory,grain,,1789552080000.0,,3.2857210691682996
2026-09-17T00:33:12+00:00,area_trajectory,grain,,1789552200000.0,,3.19870678694174
2026-09-17T00:33:12+00:00,area_trajectory,grain,,1789552320000.0,,3.19870678694174
2026-09-17T00:33:12+00:00,area_trajectory,grain,,1789552440000.0,,3.22738183576986
2026-09-17T00:33:12+00:00,area_trajectory,grain,,1789552560000.0,,3.22738183576986
2026-09-17T00:33:12+00:00,area_trajectory,grain,,1789552680000.0,,3.20661694319174
2026-09-17T00:33:12+00:00,area_trajectory,grain,,1789552800000.0,,3.20661694319174
2026-09-17T00:33:12+00:00,area_trajectory,grain,,1789552920000.0,,3.20661694319174
2026-09-17T00:33:12+00:00,area_trajectory,grain,,1789553040000.0,,3.2085944822542403
2026-09-17T00:33:12+00:00,area_trajectory,grain,,1789553160000.0,,3.26495617659017
2026-09-17T00:33:12+00:00,area_trajectory,grain,,1789553280000.0,,3.26495617659017
2026-09-17T00:33:12+00:00,area_trajectory,grain,,1789553400000.0,,3.22474511701986
2026-09-17T00:33:12+00:00,area_trajectory,grain,,1789553520000.0,,3.22474511701986
2026-09-17T00:33:12+00:00,area_trajectory,grain,,1789553640000.0,,3.22474511701986
2026-09-17T00:33:12+00:00,area_trajectory,grain,,1789553760000.0,,3.22474511701986
2026-09-17T00:33:12+00:00,area_trajectory,grain,,1789553880000.0,,3.26561535627767
2026-09-17T00:33:12+00:00,area_trajectory,grain,,1789554000000.0,,3.26561535627767
2026-09-17T00:33:12+00:00,area_trajectory,grain,,1789554120000.0,,3.1875003660432997
2026-09-17T00:33:12+00:00,area_trajectory,grain,,1789554240000.0,,3.1875003660432997
2026-09-17T00:33:12+00:00,area_trajectory,grain,,1789554360000.0,,3.22771142561361
2026-09-17T00:33:12+00:00,area_trajectory,grain,,1789554480000.0,,3.22771142561361
2026-09-17T00:33:12+00:00,area_trajectory,grain,,1789554600000.0,,3.20727612287924
2026-09-17T00:33:12+00:00,area_trajectory,grain,,1789554720000.0,,3.20727612287924
2026-09-17T00:33:12+00:00,area_trajectory,grain,,1789554840000.0,,3.2267226560823596
2026-09-17T00:33:12+00:00,area_trajectory,grain,,1789554960000.0,,3.2267226560823596
2026-09-17T00:33:12+00:00,area_trajectory,grain,,1789555080000.0,,3.18848913557455
2026-09-17T00:33:12+00:00,area_trajectory,grain,,1789555200000.0,,3.18848913557455
2026-09-17T00:33:12+00:00,area_trajectory,grain,,1789555320000.0,,3.26429699690267
2026-09-17T00:33:12+00:00,area_trajectory,grain,,1789555440000.0,,3.26429699690267
2026-09-17T00:33:12+00:00,area_trajectory,grain,,1789555560000.0,,3.1667354734651703
2026-09-17T00:33:12+00:00,area_trajectory,grain,,1789555680000.0,,3.1667354734651703
2026-09-17T00:33:12+00:00,area_trajectory,grain,,1789555800000.0,,3.2468283689729898
2026-09-17T00:33:12+00:00,area_trajectory,grain,,1789555920000.0,,3.2468283689729898
2026-09-17T00:33:12+00:00,area_trajectory,grain,,1789556040000.0,,3.2085944822542403
2026-09-17T00:33:12+00:00,area_trajectory,grain,,1789556160000.0,,3.2085944822542403
2026-09-17T00:33:12+00:00,area_trajectory,grain,,1789556280000.0,,3.2085944822542403
2026-09-17T00:33:12+00:00,area_trajectory,grain,,1789556400000.0,,3.2085944822542403
2026-09-17T00:33:12+00:00,area_trajectory,grain,,1789556520000.0,,3.2085944822542403
2026-09-17T00:33:12+00:00,area_trajectory,grain,,1789556640000.0,,3.17200891096517
2026-09-17T00:33:12+00:00,area_trajectory,grain,,1789556760000.0,,3.17200891096517
2026-09-17T00:33:12+00:00,area_trajectory,grain,,1789556880000.0,,3.2296889646761104
2026-09-17T00:33:12+00:00,area_trajectory,grain,,1789557000000.0,,3.19244421369955
2026-09-17T00:33:12+00:00,area_trajectory,grain,,1789557120000.0,,3.19244421369955
2026-09-17T00:33:12+00:00,area_trajectory,grain,,1789557240000.0,,3.21222033674642
2026-09-17T00:33:12+00:00,area_trajectory,grain,,1789557360000.0,,3.21222033674642
2026-09-17T00:33:12+00:00,area_trajectory,grain,,1789557480000.0,,3.25276098616049
2026-09-17T00:33:12+00:00,area_trajectory,grain,,1789557600000.0,,3.25276098616049
2026-09-17T00:33:12+00:00,area_trajectory,grain,,1789557720000.0,,3.1954105222933
2026-09-17T00:33:12+00:00,area_trajectory,grain,,1789557840000.0,,3.1954105222933
2026-09-17T00:33:12+00:00,area_trajectory,grain,,1789557960000.0,,3.1954105222933
2026-09-17T00:33:12+00:00,area_trajectory,grain,,1789558080000.0,,3.1954105222933
2026-09-17T00:33:12+00:00,area_trajectory,grain,,1789558200000.0,,3.25638647444174
2026-09-17T00:33:12+00:00,area_trajectory,grain,,1789558320000.0,,3.25638647444174
2026-09-17T00:33:12+00:00,area_trajectory,grain,,1789558440000.0,,3.1822265623323602
2026-09-17T00:33:12+00:00,area_trajectory,grain,,1789558560000.0,,3.1822265623323602
2026-09-17T00:33:12+00:00,area_trajectory,grain,,1789558680000.0,,3.1822265623323602
2026-09-17T00:33:12+00:00,area_trajectory,grain,,1789558800000.0,,3.1822265623323602
2026-09-17T00:33:12+00:00,area_trajectory,grain,,1789558920000.0,,3.1822265623323602
2026-09-17T00:33:12+00:00,area_trajectory,grain,,1789559040000.0,,3.1822265623323602
2026-09-17T00:33:12+00:00,area_trajectory,grain,,1789559160000.0,,3.2016730955354897
2026-09-17T00:33:12+00:00,area_trajectory,grain,,1789559280000.0,,3.2016730955354897
2026-09-17T00:33:12+00:00,area_trajectory,grain,,1789559400000.0,,3.21782336409017
2026-09-17T00:33:12+00:00,area_trajectory,grain,,1789559520000.0,,3.21782336409017
2026-09-17T00:33:12+00:00,area_trajectory,grain,,1789559640000.0,,3.19639929182455
2026-09-17T00:33:12+00:00,area_trajectory,grain,,1789559760000.0,,3.19639929182455
2026-09-17T00:33:12+00:00,area_trajectory,grain,,1789559880000.0,,3.2553977049104903
2026-09-17T00:33:12+00:00,area_trajectory,grain,,1789560000000.0,,3.2553977049104903
2026-09-17T00:33:12+00:00,area_trajectory,grain,,1789560120000.0,,3.2553977049104903
2026-09-17T00:33:12+00:00,area_trajectory,grain,,1789560240000.0,,3.27154833967611
2026-09-17T00:33:12+00:00,area_trajectory,grain,,1789560360000.0,,3.1667354734651703
2026-09-17T00:33:12+00:00,area_trajectory,grain,,1789560480000.0,,3.1667354734651703
2026-09-17T00:33:12+00:00,area_trajectory,grain,,1789560600000.0,,3.20266186506674
2026-09-17T00:33:12+00:00,area_trajectory,grain,,1789560720000.0,,3.20266186506674
2026-09-17T00:33:12+00:00,area_trajectory,grain,,1789560840000.0,,3.25770483381674
2026-09-17T00:33:12+00:00,area_trajectory,grain,,1789560960000.0,,3.25770483381674
2026-09-17T00:33:12+00:00,area_trajectory,grain,,1789561080000.0,,3.18123779280111
2026-09-17T00:33:12+00:00,area_trajectory,grain,,1789561200000.0,,3.18123779280111
2026-09-17T00:33:12+00:00,area_trajectory,grain,,1789561320000.0,,3.19639929182455
2026-09-17T00:33:12+00:00,area_trajectory,grain,,1789561440000.0,,3.19639929182455
2026-09-17T00:33:12+00:00,area_trajectory,grain,,1789561560000.0,,3.19639929182455
2026-09-17T00:33:12+00:00,area_trajectory,grain,,1789561680000.0,,3.19639929182455
2026-09-17T00:33:12+00:00,area_trajectory,grain,,1789561800000.0,,3.17200891096517
2026-09-17T00:33:12+00:00,area_trajectory,grain,,1789561920000.0,,3.17200891096517
2026-09-17T00:33:12+00:00,area_trajectory,grain,,1789562040000.0,,3.2468283689729898
2026-09-17T00:33:12+00:00,area_trajectory,grain,,1789562160000.0,,3.2468283689729898
2026-09-17T00:33:12+00:00,area_trajectory,grain,,1789562280000.0,,3.2629786375276697
2026-09-17T00:33:12+00:00,area_trajectory,grain,,1789562400000.0,,3.2629786375276697
2026-09-17T00:33:12+00:00,area_trajectory,grain,,1789562520000.0,,3.2039802244417404
2026-09-17T00:33:12+00:00,area_trajectory,grain,,1789562640000.0,,3.2039802244417404
2026-09-17T00:33:12+00:00,area_trajectory,grain,,1789562760000.0,,3.22342675764486
2026-09-17T00:33:12+00:00,area_trajectory,grain,,1789562880000.0,,3.22342675764486
2026-09-17T00:33:12+00:00,area_trajectory,grain,,1789563000000.0,,3.28044726545736
2026-09-17T00:33:12+00:00,area_trajectory,grain,,1789563120000.0,,3.28044726545736
2026-09-17T00:33:12+00:00,area_trajectory,grain,,1789563240000.0,,3.26100109846517
2026-09-17T00:33:12+00:00,area_trajectory,grain,,1789563360000.0,,3.26100109846517
2026-09-17T00:33:12+00:00,area_trajectory,grain,,1789563480000.0,,3.22276757795736
2026-09-17T00:33:12+00:00,area_trajectory,grain,,1789563600000.0,,3.22276757795736
2026-09-17T00:33:12+00:00,area_trajectory,grain,,1789563720000.0,,3.22276757795736
2026-09-17T00:33:12+00:00,area_trajectory,grain,,1789563840000.0,,3.2056281736604904
2026-09-17T00:33:12+00:00,area_trajectory,grain,,1789563960000.0,,3.2056281736604904
2026-09-17T00:33:12+00:00,area_trajectory,grain,,1789564080000.0,,3.2056281736604904
2026-09-17T00:33:12+00:00,area_trajectory,grain,,1789564200000.0,,3.2056281736604904
2026-09-17T00:33:12+00:00,area_trajectory,grain,,1789564320000.0,,3.2056281736604904
2026-09-17T00:33:12+00:00,area_trajectory,grain,,1789564440000.0,,3.28011767561361
2026-09-17T00:33:12+00:00,area_trajectory,grain,,1789564560000.0,,3.28011767561361
2026-09-17T00:33:12+00:00,area_trajectory,grain,,1789564680000.0,,3.28011767561361
2026-09-17T00:33:12+00:00,area_trajectory,grain,,1789564800000.0,,3.28011767561361
2026-09-17T00:33:12+00:00,area_trajectory,grain,,1789564920000.0,,3.28011767561361
2026-09-17T00:33:12+00:00,area_trajectory,grain,,1789565040000.0,,3.28011767561361
2026-09-17T00:33:12+00:00,area_trajectory,grain,,1789565160000.0,,3.2880281980745503
2026-09-17T00:33:12+00:00,area_trajectory,grain,,1789565280000.0,,3.2880281980745503
2026-09-17T00:33:12+00:00,area_trajectory,grain,,1789565400000.0,,3.23001855451986
2026-09-17T00:33:12+00:00,area_trajectory,grain,,1789565520000.0,,3.23001855451986
2026-09-17T00:33:12+00:00,area_trajectory,grain,,1789565640000.0,,3.23001855451986
2026-09-17T00:33:12+00:00,area_trajectory,grain,,1789565760000.0,,3.23001855451986
2026-09-17T00:33:12+00:00,area_trajectory,grain,,1789565880000.0,,3.23001855451986
2026-09-17T00:33:12+00:00,area_trajectory,grain,,1789566000000.0,,3.23001855451986
2026-09-17T00:33:12+00:00,area_trajectory,grain,,1789566120000.0,,3.2102427976839203
2026-09-17T00:33:12+00:00,area_trajectory,grain,,1789566240000.0,,3.2102427976839203
2026-09-17T00:33:12+00:00,area_trajectory,grain,,1789566360000.0,,3.2102427976839203
2026-09-17T00:33:12+00:00,area_trajectory,grain,,1789566480000.0,,3.2102427976839203
2026-09-17T00:33:12+00:00,area_trajectory,grain,,1789566600000.0,,3.2102427976839203
2026-09-17T00:33:12+00:00,area_trajectory,grain,,1789566720000.0,,3.2102427976839203
2026-09-17T00:33:12+00:00,area_trajectory,grain,,1789566840000.0,,3.23001855451986
2026-09-17T00:33:12+00:00,area_trajectory,grain,,1789566960000.0,,3.23001855451986
2026-09-17T00:33:12+00:00,area_trajectory,grain,,1789567080000.0,,3.24748754866049
2026-09-17T00:33:12+00:00,area_trajectory,grain,,1789567200000.0,,3.24748754866049
2026-09-17T00:33:12+00:00,area_trajectory,grain,,1789567320000.0,,3.24748754866049
2026-09-17T00:33:12+00:00,area_trajectory,grain,,1789567440000.0,,3.2471579588167403
2026-09-17T00:33:12+00:00,area_trajectory,grain,,1789567560000.0,,3.22771142561361
2026-09-17T00:33:12+00:00,area_trajectory,grain,,1789567680000.0,,3.22771142561361
2026-09-17T00:33:12+00:00,area_trajectory,grain,,1789567800000.0,,3.26462658674642
2026-09-17T00:33:12+00:00,area_trajectory,grain,,1789567920000.0,,3.26462658674642
2026-09-17T00:33:12+00:00,area_trajectory,grain,,1789568040000.0,,3.2455096433870496
2026-09-17T00:33:12+00:00,area_trajectory,grain,,1789568160000.0,,3.2455096433870496
2026-09-17T00:33:12+00:00,area_trajectory,grain,,1789568280000.0,,3.20727612287924
2026-09-17T00:33:12+00:00,area_trajectory,grain,,1789568400000.0,,3.20727612287924
2026-09-17T00:33:12+00:00,area_trajectory,grain,,1789568520000.0,,3.20727612287924
2026-09-17T00:33:12+00:00,area_trajectory,grain,,1789568640000.0,,3.20727612287924
2026-09-17T00:33:12+00:00,area_trajectory,grain,,1789568760000.0,,3.2985754392854902
2026-09-17T00:33:12+00:00,area_trajectory,grain,,1789568880000.0,,3.2985754392854902
2026-09-17T00:33:12+00:00,area_trajectory,grain,,1789569000000.0,,3.18420410139486
2026-09-17T00:33:12+00:00,area_trajectory,grain,,1789569120000.0,,3.18420410139486
2026-09-17T00:33:12+00:00,area_trajectory,grain,,1789569240000.0,,3.28044726545736
2026-09-17T00:33:12+00:00,area_trajectory,grain,,1789569360000.0,,3.28044726545736
2026-09-17T00:33:12+00:00,area_trajectory,grain,,1789569480000.0,,3.2003547361604903
2026-09-17T00:33:12+00:00,area_trajectory,grain,,1789569600000.0,,3.2003547361604903
2026-09-17T00:33:12+00:00,area_trajectory,grain,,1789569720000.0,,3.23364404280111
2026-09-17T00:33:12+00:00,area_trajectory,grain,,1789569840000.0,,3.23364404280111
2026-09-17T00:33:12+00:00,area_trajectory,grain,,1789569960000.0,,3.26825207502767
2026-09-17T00:33:12+00:00,area_trajectory,grain,,1789570080000.0,,3.26825207502767
2026-09-17T00:33:12+00:00,area_trajectory,grain,,1789570200000.0,,3.26825207502767
2026-09-17T00:33:12+00:00,area_trajectory,grain,,1789570320000.0,,3.2102427976839203
2026-09-17T00:33:12+00:00,area_trajectory,grain,,1789570440000.0,,3.1911258543245498
2026-09-17T00:33:12+00:00,area_trajectory,grain,,1789570560000.0,,3.1911258543245498
2026-09-17T00:33:12+00:00,area_trajectory,grain,,1789570680000.0,,3.26891125471517
2026-09-17T00:33:12+00:00,area_trajectory,grain,,1789570800000.0,,3.26891125471517
2026-09-17T00:33:12+00:00,area_trajectory,grain,,1789570920000.0,,3.26891125471517
2026-09-17T00:33:12+00:00,area_trajectory,grain,,1789571040000.0,,3.2214488523714198
2026-09-17T00:33:12+00:00,area_trajectory,grain,,1789571160000.0,,3.2214488523714198
2026-09-17T00:33:12+00:00,area_trajectory,grain,,1789571280000.0,,3.2214488523714198
2026-09-17T00:33:12+00:00,area_trajectory,grain,,1789571400000.0,,3.2214488523714198
2026-09-17T00:33:12+00:00,area_trajectory,grain,,1789571520000.0,,3.2214488523714198
2026-09-17T00:33:12+00:00,area_trajectory,grain,,1789571640000.0,,3.21057238752767
2026-09-17T00:33:12+00:00,area_trajectory,grain,,1789571760000.0,,3.21057238752767
2026-09-17T00:33:12+00:00,area_trajectory,grain,,1789571880000.0,,3.21057238752767
2026-09-17T00:33:12+00:00,area_trajectory,grain,,1789572000000.0,,3.21057238752767
2026-09-17T00:33:12+00:00,area_trajectory,grain,,1789572120000.0,,3.29000573713705
2026-09-17T00:33:12+00:00,area_trajectory,grain,,1789572240000.0,,3.29000573713705
2026-09-17T00:33:12+00:00,area_trajectory,grain,,1789572360000.0,,3.25440893537924
2026-09-17T00:33:12+00:00,area_trajectory,grain,,1789572480000.0,,3.25440893537924
2026-09-17T00:33:12+00:00,area_trajectory,grain,,1789572600000.0,,3.1967288816683
2026-09-17T00:33:12+00:00,area_trajectory,grain,,1789572720000.0,,3.1967288816683
2026-09-17T00:33:12+00:00,area_trajectory,grain,,1789572840000.0,,3.1967288816683
2026-09-17T00:33:12+00:00,area_trajectory,grain,,1789572960000.0,,3.1967288816683
2026-09-17T00:33:12+00:00,area_trajectory,grain,,1789573080000.0,,3.2402362058870504
2026-09-17T00:33:12+00:00,area_trajectory,grain,,1789573200000.0,,3.2402362058870504
2026-09-17T00:33:12+00:00,area_trajectory,grain,,1789573320000.0,,3.20365063459799
2026-09-17T00:33:12+00:00,area_trajectory,grain,,1789573440000.0,,3.20365063459799
2026-09-17T00:33:12+00:00,area_trajectory,grain,,1789573560000.0,,3.2402362058870504
2026-09-17T00:33:12+00:00,area_trajectory,grain,,1789573680000.0,,3.2402362058870504
2026-09-17T00:33:12+00:00,area_trajectory,grain,,1789573800000.0,,3.1851928709261097
2026-09-17T00:33:12+00:00,area_trajectory,grain,,1789573920000.0,,3.1851928709261097
2026-09-17T00:33:12+00:00,area_trajectory,grain,,1789574040000.0,,3.2616602781526702
2026-09-17T00:33:12+00:00,area_trajectory,grain,,1789574160000.0,,3.2616602781526702
2026-09-17T00:33:12+00:00,area_trajectory,grain,,1789574280000.0,,3.2616602781526702
2026-09-17T00:33:12+00:00,area_trajectory,grain,,1789574400000.0,,3.2616602781526702
2026-09-17T00:33:12+00:00,area_trajectory,grain,,1789574520000.0,,3.2616602781526702
2026-09-17T00:33:12+00:00,area_trajectory,grain,,1789574640000.0,,3.18651159651205
2026-09-17T00:33:12+00:00,area_trajectory,grain,,1789574760000.0,,3.24616918928549
2026-09-17T00:33:12+00:00,area_trajectory,grain,,1789574880000.0,,3.24616918928549
2026-09-17T00:33:12+00:00,area_trajectory,grain,,1789575000000.0,,3.24616918928549
2026-09-17T00:33:12+00:00,area_trajectory,grain,,1789575120000.0,,3.24616918928549
2026-09-17T00:33:12+00:00,area_trajectory,grain,,1789575240000.0,,3.1894779051057998
2026-09-17T00:33:12+00:00,area_trajectory,grain,,1789575360000.0,,3.1894779051057998
2026-09-17T00:33:12+00:00,area_trajectory,grain,,1789575480000.0,,3.26429699690267
2026-09-17T00:33:12+00:00,area_trajectory,grain,,1789575600000.0,,3.26429699690267
2026-09-17T00:33:12+00:00,area_trajectory,grain,,1789575720000.0,,3.16970178205892
2026-09-17T00:33:12+00:00,area_trajectory,grain,,1789575840000.0,,3.16970178205892
2026-09-17T00:33:12+00:00,area_trajectory,grain,,1789575960000.0,,3.2850618894808004
2026-09-17T00:33:12+00:00,area_trajectory,grain,,1789576080000.0,,3.2850618894808004
2026-09-17T00:33:12+00:00,area_trajectory,grain,,1789576200000.0,,3.18914831526205
2026-09-17T00:33:12+00:00,area_trajectory,grain,,1789576320000.0,,3.18914831526205
2026-09-17T00:33:12+00:00,area_trajectory,grain,,1789576440000.0,,3.18914831526205
2026-09-17T00:33:12+00:00,area_trajectory,grain,,1789576560000.0,,3.18914831526205
2026-09-17T00:33:12+00:00,area_trajectory,grain,,1789576680000.0,,3.22738183576986
2026-09-17T00:33:12+00:00,area_trajectory,grain,,1789576800000.0,,3.22738183576986
2026-09-17T00:33:12+00:00,area_trajectory,grain,,1789576920000.0,,3.1898074949495503
2026-09-17T00:33:12+00:00,area_trajectory,grain,,1789577040000.0,,3.1898074949495503
2026-09-17T00:33:12+00:00,area_trajectory,grain,,1789577160000.0,,3.1898074949495503
2026-09-17T00:33:12+00:00,area_trajectory,grain,,1789577280000.0,,3.1898074949495503
2026-09-17T00:33:12+00:00,area_trajectory,grain,,1789577400000.0,,3.1898074949495503
2026-09-17T00:33:12+00:00,area_trajectory,grain,,1789577520000.0,,3.1898074949495503
2026-09-17T00:33:12+00:00,area_trajectory,grain,,1789577640000.0,,3.2201304929964203
2026-09-17T00:33:12+00:00,area_trajectory,grain,,1789577760000.0,,3.2201304929964203
2026-09-17T00:33:12+00:00,area_trajectory,grain,,1789577880000.0,,3.20694653303549
2026-09-17T00:33:12+00:00,area_trajectory,grain,,1789578000000.0,,3.20694653303549
2026-09-17T00:33:12+00:00,area_trajectory,grain,,1789578120000.0,,3.20694653303549
2026-09-17T00:33:12+00:00,area_trajectory,grain,,1789578240000.0,,3.1950809324495495
2026-09-17T00:33:12+00:00,area_trajectory,grain,,1789578360000.0,,3.17860107405111
2026-09-17T00:33:12+00:00,area_trajectory,grain,,1789578480000.0,,3.17860107405111
2026-09-17T00:33:12+00:00,area_trajectory,grain,,1789578600000.0,,3.2385882566683
2026-09-17T00:33:12+00:00,area_trajectory,grain,,1789578720000.0,,3.2385882566683
2026-09-17T00:33:12+00:00,area_trajectory,grain,,1789578840000.0,,3.2385882566683
2026-09-17T00:33:12+00:00,area_trajectory,grain,,1789578960000.0,,3.2385882566683
2026-09-17T00:33:12+00:00,area_trajectory,grain,,1789579080000.0,,3.2016730955354897
2026-09-17T00:33:12+00:00,area_trajectory,grain,,1789579200000.0,,3.2016730955354897
2026-09-17T00:33:12+00:00,area_trajectory,grain,,1789579320000.0,,3.2408953855745497
2026-09-17T00:33:12+00:00,area_trajectory,grain,,1789579440000.0,,3.2408953855745497
2026-09-17T00:33:12+00:00,area_trajectory,grain,,1789579560000.0,,3.2408953855745497
2026-09-17T00:33:12+00:00,area_trajectory,grain,,1789579680000.0,,3.2408953855745497
2026-09-17T00:33:12+00:00,area_trajectory,grain,,1789579800000.0,,3.1855224607698602
2026-09-17T00:33:12+00:00,area_trajectory,grain,,1789579920000.0,,3.1855224607698602
2026-09-17T00:33:12+00:00,area_trajectory,grain,,1789580040000.0,,3.26429699690267
2026-09-17T00:33:12+00:00,area_trajectory,grain,,1789580160000.0,,3.26429699690267
2026-09-17T00:33:12+00:00,area_trajectory,grain,,1789580280000.0,,3.26429699690267
2026-09-17T00:33:12+00:00,area_trajectory,grain,,1789580400000.0,,3.26429699690267
2026-09-17T00:33:12+00:00,area_trajectory,grain,,1789580520000.0,,3.22804101545736
2026-09-17T00:33:12+00:00,area_trajectory,grain,,1789580640000.0,,3.22804101545736
2026-09-17T00:33:12+00:00,area_trajectory,grain,,1789580760000.0,,3.2468283689729898
2026-09-17T00:33:12+00:00,area_trajectory,grain,,1789580880000.0,,3.2468283689729898
2026-09-17T00:33:12+00:00,area_trajectory,grain,,1789581000000.0,,3.2082648924104897
2026-09-17T00:33:12+00:00,area_trajectory,grain,,1789581120000.0,,3.2082648924104897
2026-09-17T00:33:12+00:00,area_trajectory,grain,,1789581240000.0,,3.18914831526205
2026-09-17T00:33:12+00:00,area_trajectory,grain,,1789581360000.0,,3.18914831526205
2026-09-17T00:33:12+00:00,area_trajectory,grain,,1789581480000.0,,3.18914831526205
2026-09-17T00:33:12+00:00,area_trajectory,grain,,1789581600000.0,,3.18914831526205
2026-09-17T00:33:12+00:00,area_trajectory,grain,,1789581720000.0,,3.18914831526205
2026-09-17T00:33:12+00:00,area_trajectory,grain,,1789581840000.0,,3.20892407209799
2026-09-17T00:33:12+00:00,area_trajectory,grain,,1789581960000.0,,3.1904666746370496
2026-09-17T00:33:12+00:00,area_trajectory,grain,,1789582080000.0,,3.1904666746370496
2026-09-17T00:33:12+00:00,area_trajectory,grain,,1789582200000.0,,3.17069055159017
2026-09-17T00:33:12+00:00,area_trajectory,grain,,1789582320000.0,,3.17069055159017
2026-09-17T00:33:12+00:00,area_trajectory,grain,,1789582440000.0,,3.1907962644808
2026-09-17T00:33:12+00:00,area_trajectory,grain,,1789582560000.0,,3.1907962644808
2026-09-17T00:33:12+00:00,area_trajectory,grain,,1789582680000.0,,3.24748754866049
2026-09-17T00:33:12+00:00,area_trajectory,grain,,1789582800000.0,,3.24748754866049
2026-09-17T00:33:12+00:00,area_trajectory,grain,,1789582920000.0,,3.24748754866049
2026-09-17T00:33:12+00:00,area_trajectory,grain,,1789583040000.0,,3.24748754866049
2026-09-17T00:33:12+00:00,area_trajectory,grain,,1789583160000.0,,3.2306777342073603
2026-09-17T00:33:12+00:00,area_trajectory,grain,,1789583280000.0,,3.2306777342073603
2026-09-17T00:33:12+00:00,area_trajectory,grain,,1789583400000.0,,3.21222033674642
2026-09-17T00:33:12+00:00,area_trajectory,grain,,1789583520000.0,,3.21222033674642
2026-09-17T00:33:12+00:00,area_trajectory,grain,,1789583640000.0,,3.25276098616049
2026-09-17T00:33:12+00:00,area_trajectory,grain,,1789583760000.0,,3.25276098616049
2026-09-17T00:33:12+00:00,area_trajectory,grain,,1789583880000.0,,3.2359515379183
2026-09-17T00:33:12+00:00,area_trajectory,grain,,1789584000000.0,,3.2359515379183
2026-09-17T00:33:12+00:00,area_trajectory,grain,,1789584120000.0,,3.19837719709799
2026-09-17T00:33:12+00:00,area_trajectory,grain,,1789584240000.0,,3.19837719709799
2026-09-17T00:33:12+00:00,area_trajectory,grain,,1789584360000.0,,3.21683459455892
2026-09-17T00:33:12+00:00,area_trajectory,grain,,1789584480000.0,,3.21683459455892
2026-09-17T00:33:12+00:00,area_trajectory,grain,,1789584600000.0,,3.27517382795736
2026-09-17T00:33:12+00:00,area_trajectory,grain,,1789584720000.0,,3.27517382795736
2026-09-17T00:33:12+00:00,area_trajectory,grain,,1789584840000.0,,3.22046008284017
2026-09-17T00:33:12+00:00,area_trajectory,grain,,1789584960000.0,,3.22046008284017
2026-09-17T00:33:12+00:00,area_trajectory,grain,,1789585080000.0,,3.2003547361604903
2026-09-17T00:33:12+00:00,area_trajectory,grain,,1789585200000.0,,3.2003547361604903
2026-09-17T00:33:12+00:00,area_trajectory,grain,,1789585320000.0,,3.2003547361604903
2026-09-17T00:33:12+00:00,area_trajectory,grain,,1789585440000.0,,3.25902355940267
2026-09-17T00:33:12+00:00,area_trajectory,grain,,1789585560000.0,,3.1838745115511102
2026-09-17T00:33:12+00:00,area_trajectory,grain,,1789585680000.0,,3.1838745115511102
2026-09-17T00:33:12+00:00,area_trajectory,grain,,1789585800000.0,,3.22441552717611
2026-09-17T00:33:12+00:00,area_trajectory,grain,,1789585920000.0,,3.22441552717611
2026-09-17T00:33:12+00:00,area_trajectory,grain,,1789586040000.0,,3.22441552717611
2026-09-17T00:33:12+00:00,area_trajectory,grain,,1789586160000.0,,3.22441552717611
2026-09-17T00:33:12+00:00,area_trajectory,grain,,1789586280000.0,,3.20892407209799
2026-09-17T00:33:12+00:00,area_trajectory,grain,,1789586400000.0,,3.20892407209799
2026-09-17T00:33:12+00:00,area_trajectory,grain,,1789586520000.0,,3.20892407209799
2026-09-17T00:33:12+00:00,area_trajectory,grain,,1789586640000.0,,3.26792248518392
2026-09-17T00:33:12+00:00,area_trajectory,grain,,1789586760000.0,,3.2118907469026703
2026-09-17T00:33:12+00:00,area_trajectory,grain,,1789586880000.0,,3.2118907469026703
2026-09-17T00:33:12+00:00,area_trajectory,grain,,1789587000000.0,,3.1739864500276695
2026-09-17T00:33:12+00:00,area_trajectory,grain,,1789587120000.0,,3.1739864500276695
2026-09-17T00:33:12+00:00,area_trajectory,grain,,1789587240000.0,,3.27187792951986
2026-09-17T00:33:12+00:00,area_trajectory,grain,,1789587360000.0,,3.27187792951986
2026-09-17T00:33:12+00:00,area_trajectory,grain,,1789587480000.0,,3.21782336409017
2026-09-17T00:33:12+00:00,area_trajectory,grain,,1789587600000.0,,3.21782336409017
2026-09-17T00:33:12+00:00,area_trajectory,grain,,1789587720000.0,,3.2385882566683
2026-09-17T00:33:12+00:00,area_trajectory,grain,,1789587840000.0,,3.2385882566683
2026-09-17T00:33:12+00:00,area_trajectory,grain,,1789587960000.0,,3.25803478987142
2026-09-17T00:33:12+00:00,area_trajectory,grain,,1789588080000.0,,3.25803478987142
2026-09-17T00:33:12+00:00,area_trajectory,grain,,1789588200000.0,,3.2230971678011096
2026-09-17T00:33:12+00:00,area_trajectory,grain,,1789588320000.0,,3.2230971678011096
2026-09-17T00:33:12+00:00,area_trajectory,grain,,1789588440000.0,,3.2056281736604904
2026-09-17T00:33:12+00:00,area_trajectory,grain,,1789588560000.0,,3.2056281736604904
2026-09-17T00:33:12+00:00,area_trajectory,grain,,1789588680000.0,,3.2056281736604904
2026-09-17T00:33:12+00:00,area_trajectory,grain,,1789588800000.0,,3.2056281736604904
2026-09-17T00:33:12+00:00,area_trajectory,grain,,1789588920000.0,,3.2056281736604904
2026-09-17T00:33:12+00:00,area_trajectory,grain,,1789589040000.0,,3.2488059080354903
2026-09-17T00:33:12+00:00,area_trajectory,grain,,1789589160000.0,,3.2109019773714205
2026-09-17T00:33:12+00:00,area_trajectory,grain,,1789589280000.0,,3.2109019773714205
2026-09-17T00:33:12+00:00,area_trajectory,grain,,1789589400000.0,,3.2109019773714205
2026-09-17T00:33:12+00:00,area_trajectory,grain,,1789589520000.0,,3.2109019773714205
2026-09-17T00:33:12+00:00,area_trajectory,grain,,1789589640000.0,,3.2109019773714205
2026-09-17T00:33:12+00:00,area_trajectory,grain,,1789589760000.0,,3.2109019773714205
2026-09-17T00:33:12+00:00,area_trajectory,grain,,1789589880000.0,,3.2758330076448603
2026-09-17T00:33:12+00:00,area_trajectory,grain,,1789590000000.0,,3.2758330076448603
2026-09-17T00:33:12+00:00,area_trajectory,grain,,1789590120000.0,,3.17827148420736
2026-09-17T00:33:12+00:00,area_trajectory,grain,,1789590240000.0,,3.17827148420736
2026-09-17T00:33:12+00:00,area_trajectory,grain,,1789590360000.0,,3.17827148420736
2026-09-17T00:33:12+00:00,area_trajectory,grain,,1789590480000.0,,3.28011767561361
2026-09-17T00:33:12+00:00,area_trajectory,grain,,1789590600000.0,,3.22276757795736
2026-09-17T00:33:12+00:00,area_trajectory,grain,,1789590720000.0,,3.22276757795736
2026-09-17T00:33:12+00:00,area_trajectory,grain,,1789590840000.0,,3.26429699690267
2026-09-17T00:33:12+00:00,area_trajectory,grain,,1789590960000.0,,3.26429699690267
2026-09-17T00:33:12+00:00,area_trajectory,grain,,1789591080000.0,,3.24913549787924
2026-09-17T00:33:12+00:00,area_trajectory,grain,,1789591200000.0,,3.24913549787924
2026-09-17T00:33:12+00:00,area_trajectory,grain,,1789591320000.0,,3.2290297849886103
2026-09-17T00:33:12+00:00,area_trajectory,grain,,1789591440000.0,,3.2290297849886103
2026-09-17T00:33:12+00:00,area_trajectory,grain,,1789591560000.0,,3.25276098616049
2026-09-17T00:33:12+00:00,area_trajectory,grain,,1789591680000.0,,3.25276098616049
2026-09-17T00:33:12+00:00,area_trajectory,grain,,1789591800000.0,,3.21650500471517
2026-09-17T00:33:12+00:00,area_trajectory,grain,,1789591920000.0,,3.21650500471517
2026-09-17T00:33:12+00:00,area_trajectory,grain,,1789592040000.0,,3.19903637678549
2026-09-17T00:33:12+00:00,area_trajectory,grain,,1789592160000.0,,3.19903637678549
2026-09-17T00:33:12+00:00,area_trajectory,grain,,1789592280000.0,,3.2593531492464196
2026-09-17T00:33:12+00:00,area_trajectory,grain,,1789592400000.0,,3.2593531492464196
2026-09-17T00:33:12+00:00,area_trajectory,grain,,1789592520000.0,,3.2593531492464196
2026-09-17T00:33:12+00:00,area_trajectory,grain,,1789592640000.0,,3.2020026853792403
2026-09-17T00:33:12+00:00,area_trajectory,grain,,1789592760000.0,,3.2448504636995503
2026-09-17T00:33:12+00:00,area_trajectory,grain,,1789592880000.0,,3.2448504636995503
2026-09-17T00:33:12+00:00,area_trajectory,grain,,1789593000000.0,,3.1898074949495503
2026-09-17T00:33:12+00:00,area_trajectory,grain,,1789593120000.0,,3.1898074949495503
2026-09-17T00:33:12+00:00,area_trajectory,grain,,1789593240000.0,,3.25012426741049
2026-09-17T00:33:12+00:00,area_trajectory,grain,,1789593360000.0,,3.25012426741049
2026-09-17T00:33:12+00:00,area_trajectory,grain,,1789593480000.0,,3.25012426741049
2026-09-17T00:33:12+00:00,area_trajectory,grain,,1789593600000.0,,3.25012426741049
2026-09-17T00:33:12+00:00,area_trajectory,grain,,1789593720000.0,,3.19936596662924
2026-09-17T00:33:12+00:00,area_trajectory,grain,,1789593840000.0,,3.19936596662924
2026-09-17T00:33:12+00:00,area_trajectory,grain,,1789593960000.0,,3.2623194578401704
2026-09-17T00:33:12+00:00,area_trajectory,grain,,1789594080000.0,,3.2623194578401704
2026-09-17T00:33:12+00:00,area_trajectory,grain,,1789594200000.0,,3.2455096433870496
2026-09-17T00:33:12+00:00,area_trajectory,grain,,1789594320000.0,,3.2455096433870496
2026-09-17T00:33:12+00:00,area_trajectory,grain,,1789594440000.0,,3.20727612287924
2026-09-17T00:33:12+00:00,area_trajectory,grain,,1789594560000.0,,3.20727612287924
2026-09-17T00:33:12+00:00,area_trajectory,grain,,1789594680000.0,,3.2313369138948596
2026-09-17T00:33:12+00:00,area_trajectory,grain,,1789594800000.0,,3.2313369138948596
2026-09-17T00:33:12+00:00,area_trajectory,grain,,1789594920000.0,,3.2408953855745497
2026-09-17T00:33:12+00:00,area_trajectory,grain,,1789595040000.0,,3.2408953855745497
2026-09-17T00:33:12+00:00,area_trajectory,grain,,1789595160000.0,,3.22474511701986
2026-09-17T00:33:12+00:00,area_trajectory,grain,,1789595280000.0,,3.22474511701986
2026-09-17T00:33:12+00:00,area_trajectory,grain,,1789595400000.0,,3.22474511701986
2026-09-17T00:33:12+00:00,area_trajectory,grain,,1789595520000.0,,3.22474511701986
2026-09-17T00:33:12+00:00,area_trajectory,grain,,1789595640000.0,,3.23397363264486
2026-09-17T00:33:12+00:00,area_trajectory,grain,,1789595760000.0,,3.23397363264486
2026-09-17T00:33:12+00:00,area_trajectory,grain,,1789595880000.0,,3.2586939695589203
2026-09-17T00:33:12+00:00,area_trajectory,grain,,1789596000000.0,,3.2586939695589203
2026-09-17T00:33:12+00:00,area_trajectory,grain,,1789596120000.0,,3.2586939695589203
2026-09-17T00:33:12+00:00,area_trajectory,grain,,1789596240000.0,,3.22177844221517
2026-09-17T00:33:12+00:00,area_trajectory,grain,,1789596360000.0,,3.22177844221517
2026-09-17T00:33:12+00:00,area_trajectory,grain,,1789596480000.0,,3.22177844221517
2026-09-17T00:33:12+00:00,area_trajectory,grain,,1789596600000.0,,3.2102427976839203
2026-09-17T00:33:12+00:00,area_trajectory,grain,,1789596720000.0,,3.2102427976839203
2026-09-17T00:33:12+00:00,area_trajectory,grain,,1789596840000.0,,3.2313369138948596
2026-09-17T00:33:12+00:00,area_trajectory,grain,,1789596960000.0,,3.2313369138948596
2026-09-17T00:33:12+00:00,area_trajectory,grain,,1789597080000.0,,3.21452746565267
2026-09-17T00:33:12+00:00,area_trajectory,grain,,1789597200000.0,,3.21452746565267
2026-09-17T00:33:12+00:00,area_trajectory,grain,,1789597320000.0,,3.19705847151205
2026-09-17T00:33:12+00:00,area_trajectory,grain,,1789597440000.0,,3.19705847151205
2026-09-17T00:33:12+00:00,area_trajectory,grain,,1789597560000.0,,3.2408953855745497
2026-09-17T00:33:12+00:00,area_trajectory,grain,,1789597680000.0,,3.2408953855745497
2026-09-17T00:33:12+00:00,area_trajectory,grain,,1789597800000.0,,3.2830843504183
2026-09-17T00:33:12+00:00,area_trajectory,grain,,1789597920000.0,,3.2830843504183
2026-09-17T00:33:12+00:00,area_trajectory,grain,,1789598040000.0,,3.2046394041292396
2026-09-17T00:33:12+00:00,area_trajectory,grain,,1789598160000.0,,3.2046394041292396
2026-09-17T00:33:12+00:00,area_trajectory,grain,,1789598280000.0,,3.2484763181917398
2026-09-17T00:33:12+00:00,area_trajectory,grain,,1789598400000.0,,3.2484763181917398
2026-09-17T00:33:12+00:00,area_trajectory,grain,,1789598520000.0,,3.2115611570589198
2026-09-17T00:33:12+00:00,area_trajectory,grain,,1789598640000.0,,3.2115611570589198
2026-09-17T00:33:12+00:00,area_trajectory,grain,,1789598760000.0,,3.2343035886995497
2026-09-17T00:33:12+00:00,area_trajectory,grain,,1789598880000.0,,3.2343035886995497
2026-09-17T00:33:12+00:00,area_trajectory,grain,,1789599000000.0,,3.2343035886995497
2026-09-17T00:33:12+00:00,area_trajectory,grain,,1789599120000.0,,3.2343035886995497
2026-09-17T00:33:12+00:00,area_trajectory,grain,,1789599240000.0,,3.24155456526205
2026-09-17T00:33:12+00:00,area_trajectory,grain,,1789599360000.0,,3.24155456526205
2026-09-17T00:33:12+00:00,area_trajectory,grain,,1789599480000.0,,3.24155456526205
2026-09-17T00:33:12+00:00,area_trajectory,grain,,1789599600000.0,,3.24155456526205
2026-09-17T00:33:12+00:00,area_trajectory,grain,,1789599720000.0,,3.24155456526205
2026-09-17T00:33:12+00:00,area_trajectory,grain,,1789599840000.0,,3.2488059080354903
2026-09-17T00:33:12+00:00,area_trajectory,grain,,1789599960000.0,,3.2313369138948596
2026-09-17T00:33:12+00:00,area_trajectory,grain,,1789600080000.0,,3.2313369138948596
2026-09-17T00:33:12+00:00,area_trajectory,grain,,1789600200000.0,,3.21419787580892
2026-09-17T00:33:12+00:00,area_trajectory,grain,,1789600320000.0,,3.21419787580892
2026-09-17T00:33:12+00:00,area_trajectory,grain,,1789600440000.0,,3.2593531492464196
2026-09-17T00:33:12+00:00,area_trajectory,grain,,1789600560000.0,,3.2593531492464196
2026-09-17T00:33:12+00:00,area_trajectory,grain,,1789600680000.0,,3.18189697248861
2026-09-17T00:33:12+00:00,area_trajectory,grain,,1789600800000.0,,3.18189697248861
2026-09-17T00:33:12+00:00,area_trajectory,grain,,1789600920000.0,,3.2669337156526703
2026-09-17T00:33:12+00:00,area_trajectory,grain,,1789601040000.0,,3.2669337156526703
2026-09-17T00:33:12+00:00,area_trajectory,grain,,1789601160000.0,,3.1868411863558004
2026-09-17T00:33:12+00:00,area_trajectory,grain,,1789601280000.0,,3.1868411863558004
2026-09-17T00:33:12+00:00,area_trajectory,grain,,1789601400000.0,,3.23265527326986
2026-09-17T00:33:12+00:00,area_trajectory,grain,,1789601520000.0,,3.23265527326986
2026-09-17T00:33:12+00:00,area_trajectory,grain,,1789601640000.0,,3.2567160642854898
2026-09-17T00:33:12+00:00,area_trajectory,grain,,1789601760000.0,,3.2567160642854898
2026-09-17T00:33:12+00:00,area_trajectory,grain,,1789601880000.0,,3.17794189436361
2026-09-17T00:33:12+00:00,area_trajectory,grain,,1789602000000.0,,3.17794189436361
2026-09-17T00:33:12+00:00,area_trajectory,grain,,1789602120000.0,,3.26396740705892
2026-09-17T00:33:12+00:00,area_trajectory,grain,,1789602240000.0,,3.26396740705892
2026-09-17T00:33:12+00:00,area_trajectory,grain,,1789602360000.0,,3.1449818113558
2026-09-17T00:33:12+00:00,area_trajectory,grain,,1789602480000.0,,3.1449818113558
2026-09-17T00:33:12+00:00,area_trajectory,grain,,1789602600000.0,,3.27253710920736
2026-09-17T00:33:12+00:00,area_trajectory,grain,,1789602720000.0,,3.27253710920736
2026-09-17T00:33:12+00:00,area_trajectory,grain,,1789602840000.0,,3.23364404280111
2026-09-17T00:33:12+00:00,area_trajectory,grain,,1789602960000.0,,3.23364404280111
2026-09-17T00:33:12+00:00,area_trajectory,grain,,1789603080000.0,,3.21749377424642
2026-09-17T00:33:12+00:00,area_trajectory,grain,,1789603200000.0,,3.21749377424642
2026-09-17T00:33:12+00:00,area_trajectory,grain,,1789603320000.0,,3.24155456526205
2026-09-17T00:33:12+00:00,area_trajectory,grain,,1789603440000.0,,3.24155456526205
2026-09-17T00:33:12+00:00,area_trajectory,grain,,1789603560000.0,,3.28736901838705
2026-09-17T00:33:12+00:00,area_trajectory,grain,,1789603680000.0,,3.28736901838705
2026-09-17T00:33:12+00:00,area_trajectory,grain,,1789603800000.0,,3.16904260237142
2026-09-17T00:33:12+00:00,area_trajectory,grain,,1789603920000.0,,3.16904260237142
2026-09-17T00:33:12+00:00,area_trajectory,grain,,1789604040000.0,,3.2366107176058003
2026-09-17T00:33:12+00:00,area_trajectory,grain,,1789604160000.0,,3.2366107176058003
2026-09-17T00:33:12+00:00,area_trajectory,grain,,1789604280000.0,,3.19969555647299
2026-09-17T00:33:12+00:00,area_trajectory,grain,,1789604400000.0,,3.19969555647299
2026-09-17T00:33:12+00:00,area_trajectory,grain,,1789604520000.0,,3.26726330549642
2026-09-17T00:33:12+00:00,area_trajectory,grain,,1789604640000.0,,3.26726330549642
2026-09-17T00:33:12+00:00,area_trajectory,grain,,1789604760000.0,,3.22870019514486
2026-09-17T00:33:12+00:00,area_trajectory,grain,,1789604880000.0,,3.22870019514486
2026-09-17T00:33:12+00:00,area_trajectory,grain,,1789605000000.0,,3.22870019514486
2026-09-17T00:33:12+00:00,area_trajectory,grain,,1789605120000.0,,3.22870019514486
2026-09-17T00:33:12+00:00,area_trajectory,grain,,1789605240000.0,,3.21716418440267
2026-09-17T00:33:12+00:00,area_trajectory,grain,,1789605360000.0,,3.21716418440267
2026-09-17T00:33:12+00:00,area_trajectory,grain,,1789605480000.0,,3.2623194578401704
2026-09-17T00:33:12+00:00,area_trajectory,grain,,1789605600000.0,,3.2623194578401704
2026-09-17T00:33:12+00:00,area_trajectory,grain,,1789605720000.0,,3.22507470686361
2026-09-17T00:33:12+00:00,area_trajectory,grain,,1789605840000.0,,3.22507470686361
2026-09-17T00:33:12+00:00,area_trajectory,grain,,1789605960000.0,,3.24979467756674
2026-09-17T00:33:12+00:00,area_trajectory,grain,,1789606080000.0,,3.24979467756674
2026-09-17T00:33:12+00:00,area_trajectory,grain,,1789606200000.0,,3.2099128416292397
2026-09-17T00:33:12+00:00,area_trajectory,grain,,1789606320000.0,,3.2099128416292397
2026-09-17T00:33:12+00:00,area_trajectory,grain,,1789606440000.0,,3.23562194807455
2026-09-17T00:33:12+00:00,area_trajectory,grain,,1789606560000.0,,3.23562194807455
2026-09-17T00:33:12+00:00,area_trajectory,grain,,1789606680000.0,,3.21782336409017
2026-09-17T00:33:12+00:00,area_trajectory,grain,,1789606800000.0,,3.21782336409017
2026-09-17T00:33:12+00:00,area_trajectory,grain,,1789606920000.0,,3.21782336409017
2026-09-17T00:33:12+00:00,area_trajectory,grain,,1789607040000.0,,3.19837719709799
2026-09-17T00:33:12+00:00,area_trajectory,grain,,1789607160000.0,,3.22111926252767
2026-09-17T00:33:12+00:00,area_trajectory,grain,,1789607280000.0,,3.22111926252767
2026-09-17T00:33:12+00:00,area_trajectory,grain,,1789607400000.0,,3.22111926252767
2026-09-17T00:33:12+00:00,area_trajectory,grain,,1789607520000.0,,3.22111926252767
2026-09-17T00:33:12+00:00,area_trajectory,grain,,1789607640000.0,,3.26825207502767
2026-09-17T00:33:12+00:00,area_trajectory,grain,,1789607760000.0,,3.26825207502767
2026-09-17T00:33:12+00:00,area_trajectory,grain,,1789607880000.0,,3.2313369138948596
2026-09-17T00:33:12+00:00,area_trajectory,grain,,1789608000000.0,,3.2313369138948596
2026-09-17T00:33:12+00:00,area_trajectory,grain,,1789608120000.0,,3.2313369138948596
2026-09-17T00:33:12+00:00,area_trajectory,milford_haven,,1789534800000.0,,7.25119781494141
2026-09-17T00:33:12+00:00,area_trajectory,milford_haven,,1789534920000.0,,7.25119781494141
2026-09-17T00:33:12+00:00,area_trajectory,milford_haven,,1789535040000.0,,7.29758596420288
2026-09-17T00:33:12+00:00,area_trajectory,milford_haven,,1789535160000.0,,7.29758596420288
2026-09-17T00:33:12+00:00,area_trajectory,milford_haven,,1789535280000.0,,7.29758596420288
2026-09-17T00:33:12+00:00,area_trajectory,milford_haven,,1789535400000.0,,7.23899030685425
2026-09-17T00:33:12+00:00,area_trajectory,milford_haven,,1789535520000.0,,7.114474773406981
2026-09-17T00:33:12+00:00,area_trajectory,milford_haven,,1789535640000.0,,7.20969247817993
2026-09-17T00:33:12+00:00,area_trajectory,milford_haven,,1789535760000.0,,7.114474773406981
2026-09-17T00:33:12+00:00,area_trajectory,milford_haven,,1789535880000.0,,7.114474773406981
2026-09-17T00:33:12+00:00,area_trajectory,milford_haven,,1789536000000.0,,7.114474773406981
2026-09-17T00:33:12+00:00,area_trajectory,milford_haven,,1789536120000.0,,7.114474773406981
2026-09-17T00:33:12+00:00,area_trajectory,milford_haven,,1789536240000.0,,7.114474773406981
2026-09-17T00:33:12+00:00,area_trajectory,milford_haven,,1789536360000.0,,7.01925706863403
2026-09-17T00:33:12+00:00,area_trajectory,milford_haven,,1789536480000.0,,7.01925706863403
2026-09-17T00:33:12+00:00,area_trajectory,milford_haven,,1789536600000.0,,7.119358062744141
2026-09-17T00:33:12+00:00,area_trajectory,milford_haven,,1789536720000.0,,7.03634738922119
2026-09-17T00:33:12+00:00,area_trajectory,milford_haven,,1789536840000.0,,7.03634738922119
2026-09-17T00:33:12+00:00,area_trajectory,milford_haven,,1789536960000.0,,7.0705280303955105
2026-09-17T00:33:12+00:00,area_trajectory,milford_haven,,1789537080000.0,,6.9899592399597195
2026-09-17T00:33:12+00:00,area_trajectory,milford_haven,,1789537200000.0,,6.9899592399597195
2026-09-17T00:33:12+00:00,area_trajectory,milford_haven,,1789537320000.0,,7.0851769447326705
2026-09-17T00:33:12+00:00,area_trajectory,milford_haven,,1789537440000.0,,7.0851769447326705
2026-09-17T00:33:12+00:00,area_trajectory,milford_haven,,1789537560000.0,,7.0851769447326705
2026-09-17T00:33:12+00:00,area_trajectory,milford_haven,,1789537680000.0,,7.0851769447326705
2026-09-17T00:33:12+00:00,area_trajectory,milford_haven,,1789537800000.0,,7.1364483833313
2026-09-17T00:33:12+00:00,area_trajectory,milford_haven,,1789537920000.0,,7.1364483833313
2026-09-17T00:33:12+00:00,area_trajectory,milford_haven,,1789538040000.0,,7.1364483833313
2026-09-17T00:33:12+00:00,area_trajectory,milford_haven,,1789538160000.0,,7.20725107192993
2026-09-17T00:33:12+00:00,area_trajectory,milford_haven,,1789538280000.0,,7.20725107192993
2026-09-17T00:33:12+00:00,area_trajectory,milford_haven,,1789538400000.0,,7.20725107192993
2026-09-17T00:33:12+00:00,area_trajectory,milford_haven,,1789538520000.0,,7.20725107192993
2026-09-17T00:33:12+00:00,area_trajectory,milford_haven,,1789538640000.0,,7.19992685317993
2026-09-17T00:33:12+00:00,area_trajectory,milford_haven,,1789538760000.0,,7.15353870391846
2026-09-17T00:33:12+00:00,area_trajectory,milford_haven,,1789538880000.0,,7.15353870391846
2026-09-17T00:33:12+00:00,area_trajectory,milford_haven,,1789539000000.0,,7.15353870391846
2026-09-17T00:33:12+00:00,area_trajectory,milford_haven,,1789539120000.0,,7.12668228149414
2026-09-17T00:33:12+00:00,area_trajectory,milford_haven,,1789539240000.0,,7.04123067855835
2026-09-17T00:33:12+00:00,area_trajectory,milford_haven,,1789539360000.0,,7.0827355384826705
2026-09-17T00:33:12+00:00,area_trajectory,milford_haven,,1789539480000.0,,6.98507642745972
2026-09-17T00:33:12+00:00,area_trajectory,milford_haven,,1789539600000.0,,7.0778527259826705
2026-09-17T00:33:12+00:00,area_trajectory,milford_haven,,1789539720000.0,,7.0778527259826705
2026-09-17T00:33:12+00:00,area_trajectory,milford_haven,,1789539840000.0,,7.0778527259826705
2026-09-17T00:33:12+00:00,area_trajectory,milford_haven,,1789539960000.0,,7.0778527259826705
2026-09-17T00:33:12+00:00,area_trajectory,milford_haven,,1789540080000.0,,7.12668228149414
2026-09-17T00:33:12+00:00,area_trajectory,milford_haven,,1789540200000.0,,7.12668228149414
2026-09-17T00:33:12+00:00,area_trajectory,milford_haven,,1789540320000.0,,6.98507642745972
2026-09-17T00:33:12+00:00,area_trajectory,milford_haven,,1789540440000.0,,7.112033367156981
2026-09-17T00:33:12+00:00,area_trajectory,milford_haven,,1789540560000.0,,7.112033367156981
2026-09-17T00:33:12+00:00,area_trajectory,milford_haven,,1789540680000.0,,7.112033367156981
2026-09-17T00:33:12+00:00,area_trajectory,milford_haven,,1789540800000.0,,7.112033367156981
2026-09-17T00:33:12+00:00,area_trajectory,milford_haven,,1789540920000.0,,7.112033367156981
2026-09-17T00:33:12+00:00,area_trajectory,milford_haven,,1789541040000.0,,7.112033367156981
2026-09-17T00:33:12+00:00,area_trajectory,milford_haven,,1789541160000.0,,7.112033367156981
2026-09-17T00:33:12+00:00,area_trajectory,milford_haven,,1789541280000.0,,7.04367208480835
2026-09-17T00:33:12+00:00,area_trajectory,milford_haven,,1789541400000.0,,7.16574621200562
2026-09-17T00:33:12+00:00,area_trajectory,milford_haven,,1789541520000.0,,7.0632038116455105
2026-09-17T00:33:12+00:00,area_trajectory,milford_haven,,1789541640000.0,,7.0632038116455105
2026-09-17T00:33:12+00:00,area_trajectory,milford_haven,,1789541760000.0,,7.0754113197326705
2026-09-17T00:33:12+00:00,area_trajectory,milford_haven,,1789541880000.0,,7.0754113197326705
2026-09-17T00:33:12+00:00,area_trajectory,milford_haven,,1789542000000.0,,7.124240875244141
2026-09-17T00:33:12+00:00,area_trajectory,milford_haven,,1789542120000.0,,7.124240875244141
2026-09-17T00:33:12+00:00,area_trajectory,milford_haven,,1789542240000.0,,7.124240875244141
2026-09-17T00:33:12+00:00,area_trajectory,milford_haven,,1789542360000.0,,7.124240875244141
2026-09-17T00:33:12+00:00,area_trajectory,milford_haven,,1789542480000.0,,7.14865589141846
2026-09-17T00:33:12+00:00,area_trajectory,milford_haven,,1789542600000.0,,7.05343770980835
2026-09-17T00:33:12+00:00,area_trajectory,milford_haven,,1789542720000.0,,7.16574621200562
2026-09-17T00:33:12+00:00,area_trajectory,milford_haven,,1789542840000.0,,7.16574621200562
2026-09-17T00:33:12+00:00,area_trajectory,milford_haven,,1789542960000.0,,7.0754113197326705
2026-09-17T00:33:12+00:00,area_trajectory,milford_haven,,1789543080000.0,,7.0754113197326705
2026-09-17T00:33:12+00:00,area_trajectory,milford_haven,,1789543200000.0,,7.0754113197326705
2026-09-17T00:33:12+00:00,area_trajectory,milford_haven,,1789543320000.0,,7.0754113197326705
2026-09-17T00:33:12+00:00,area_trajectory,milford_haven,,1789543440000.0,,7.1437726020813
2026-09-17T00:33:12+00:00,area_trajectory,milford_haven,,1789543560000.0,,7.0607624053955105
2026-09-17T00:33:12+00:00,area_trajectory,milford_haven,,1789543680000.0,,7.0607624053955105
2026-09-17T00:33:12+00:00,area_trajectory,milford_haven,,1789543800000.0,,7.0607624053955105
2026-09-17T00:33:12+00:00,area_trajectory,milford_haven,,1789543920000.0,,7.0607624053955105
2026-09-17T00:33:12+00:00,area_trajectory,milford_haven,,1789544040000.0,,7.0827355384826705
2026-09-17T00:33:12+00:00,area_trajectory,milford_haven,,1789544160000.0,,7.16818761825562
2026-09-17T00:33:12+00:00,area_trajectory,milford_haven,,1789544280000.0,,7.16818761825562
2026-09-17T00:33:12+00:00,area_trajectory,milford_haven,,1789544400000.0,,7.05832099914551
2026-09-17T00:33:12+00:00,area_trajectory,milford_haven,,1789544520000.0,,7.05832099914551
2026-09-17T00:33:12+00:00,area_trajectory,milford_haven,,1789544640000.0,,7.05832099914551
2026-09-17T00:33:12+00:00,area_trajectory,milford_haven,,1789544760000.0,,7.102267742156981
2026-09-17T00:33:12+00:00,area_trajectory,milford_haven,,1789544880000.0,,7.102267742156981
2026-09-17T00:33:12+00:00,area_trajectory,milford_haven,,1789545000000.0,,7.102267742156981
2026-09-17T00:33:12+00:00,area_trajectory,milford_haven,,1789545120000.0,,7.04611349105835
2026-09-17T00:33:12+00:00,area_trajectory,milford_haven,,1789545240000.0,,7.04611349105835
2026-09-17T00:33:12+00:00,area_trajectory,milford_haven,,1789545360000.0,,7.03878879547119
2026-09-17T00:33:12+00:00,area_trajectory,milford_haven,,1789545480000.0,,7.121799468994141
2026-09-17T00:33:12+00:00,area_trajectory,milford_haven,,1789545600000.0,,7.121799468994141
2026-09-17T00:33:12+00:00,area_trajectory,milford_haven,,1789545720000.0,,7.121799468994141
2026-09-17T00:33:12+00:00,area_trajectory,milford_haven,,1789545840000.0,,7.099825859069821
2026-09-17T00:33:12+00:00,area_trajectory,milford_haven,,1789545960000.0,,7.09738445281982
2026-09-17T00:33:12+00:00,area_trajectory,milford_haven,,1789546080000.0,,7.18283653259277
2026-09-17T00:33:12+00:00,area_trajectory,milford_haven,,1789546200000.0,,7.09738445281982
2026-09-17T00:33:12+00:00,area_trajectory,milford_haven,,1789546320000.0,,7.09738445281982
2026-09-17T00:33:12+00:00,area_trajectory,milford_haven,,1789546440000.0,,7.20480966567993
2026-09-17T00:33:12+00:00,area_trajectory,milford_haven,,1789546560000.0,,7.20480966567993
2026-09-17T00:33:12+00:00,area_trajectory,milford_haven,,1789546680000.0,,7.20725107192993
2026-09-17T00:33:12+00:00,area_trajectory,milford_haven,,1789546800000.0,,7.20725107192993
2026-09-17T00:33:12+00:00,area_trajectory,milford_haven,,1789546920000.0,,7.20725107192993
2026-09-17T00:33:12+00:00,area_trajectory,milford_haven,,1789547040000.0,,7.20725107192993
2026-09-17T00:33:12+00:00,area_trajectory,milford_haven,,1789547160000.0,,7.20725107192993
2026-09-17T00:33:12+00:00,area_trajectory,milford_haven,,1789547280000.0,,7.226782798767091
2026-09-17T00:33:12+00:00,area_trajectory,milford_haven,,1789547400000.0,,7.226782798767091
2026-09-17T00:33:12+00:00,area_trajectory,milford_haven,,1789547520000.0,,7.278054237365719
2026-09-17T00:33:12+00:00,area_trajectory,milford_haven,,1789547640000.0,,7.177953243255621
2026-09-17T00:33:12+00:00,area_trajectory,milford_haven,,1789547760000.0,,7.19016075134277
2026-09-17T00:33:12+00:00,area_trajectory,milford_haven,,1789547880000.0,,7.19016075134277
2026-09-17T00:33:12+00:00,area_trajectory,milford_haven,,1789548000000.0,,7.30735206604004
2026-09-17T00:33:12+00:00,area_trajectory,milford_haven,,1789548120000.0,,7.19992685317993
2026-09-17T00:33:12+00:00,area_trajectory,milford_haven,,1789548240000.0,,7.19992685317993
2026-09-17T00:33:12+00:00,area_trajectory,milford_haven,,1789548360000.0,,7.217017173767091
2026-09-17T00:33:12+00:00,area_trajectory,milford_haven,,1789548480000.0,,7.217017173767091
2026-09-17T00:33:12+00:00,area_trajectory,milford_haven,,1789548600000.0,,7.217017173767091
2026-09-17T00:33:12+00:00,area_trajectory,milford_haven,,1789548720000.0,,7.258522510528561
2026-09-17T00:33:12+00:00,area_trajectory,milford_haven,,1789548840000.0,,7.258522510528561
2026-09-17T00:33:12+00:00,area_trajectory,milford_haven,,1789548960000.0,,7.258522510528561
2026-09-17T00:33:12+00:00,area_trajectory,milford_haven,,1789549080000.0,,7.258522510528561
2026-09-17T00:33:12+00:00,area_trajectory,milford_haven,,1789549200000.0,,7.258522510528561
2026-09-17T00:33:12+00:00,area_trajectory,milford_haven,,1789549320000.0,,7.258522510528561
2026-09-17T00:33:12+00:00,area_trajectory,milford_haven,,1789549440000.0,,7.263405323028561
2026-09-17T00:33:12+00:00,area_trajectory,milford_haven,,1789549560000.0,,7.263405323028561
2026-09-17T00:33:12+00:00,area_trajectory,milford_haven,,1789549680000.0,,7.263405323028561
2026-09-17T00:33:12+00:00,area_trajectory,milford_haven,,1789549800000.0,,7.263405323028561
2026-09-17T00:33:12+00:00,area_trajectory,milford_haven,,1789549920000.0,,7.263405323028561
2026-09-17T00:33:12+00:00,area_trajectory,milford_haven,,1789550040000.0,,7.263405323028561
2026-09-17T00:33:12+00:00,area_trajectory,milford_haven,,1789550160000.0,,7.263405323028561
2026-09-17T00:33:12+00:00,area_trajectory,milford_haven,,1789550280000.0,,7.217017173767091
2026-09-17T00:33:12+00:00,area_trajectory,milford_haven,,1789550400000.0,,7.217017173767091
2026-09-17T00:33:12+00:00,area_trajectory,milford_haven,,1789550520000.0,,7.1364483833313
2026-09-17T00:33:12+00:00,area_trajectory,milford_haven,,1789550640000.0,,7.1364483833313
2026-09-17T00:33:12+00:00,area_trajectory,milford_haven,,1789550760000.0,,7.15353870391846
2026-09-17T00:33:12+00:00,area_trajectory,milford_haven,,1789550880000.0,,7.15353870391846
2026-09-17T00:33:12+00:00,area_trajectory,milford_haven,,1789551000000.0,,7.0632038116455105
2026-09-17T00:33:12+00:00,area_trajectory,milford_haven,,1789551120000.0,,7.15598011016846
2026-09-17T00:33:12+00:00,area_trajectory,milford_haven,,1789551240000.0,,7.05832099914551
2026-09-17T00:33:12+00:00,area_trajectory,milford_haven,,1789551360000.0,,7.05832099914551
2026-09-17T00:33:12+00:00,area_trajectory,milford_haven,,1789551480000.0,,7.05832099914551
2026-09-17T00:33:12+00:00,area_trajectory,milford_haven,,1789551600000.0,,7.05832099914551
2026-09-17T00:33:12+00:00,area_trajectory,milford_haven,,1789551720000.0,,7.0705280303955105
2026-09-17T00:33:12+00:00,area_trajectory,milford_haven,,1789551840000.0,,7.0705280303955105
2026-09-17T00:33:12+00:00,area_trajectory,milford_haven,,1789551960000.0,,7.0705280303955105
2026-09-17T00:33:12+00:00,area_trajectory,milford_haven,,1789552080000.0,,7.16574621200562
2026-09-17T00:33:12+00:00,area_trajectory,milford_haven,,1789552200000.0,,7.0754113197326705
2026-09-17T00:33:12+00:00,area_trajectory,milford_haven,,1789552320000.0,,7.0754113197326705
2026-09-17T00:33:12+00:00,area_trajectory,milford_haven,,1789552440000.0,,7.0754113197326705
2026-09-17T00:33:12+00:00,area_trajectory,milford_haven,,1789552560000.0,,7.0754113197326705
2026-09-17T00:33:12+00:00,area_trajectory,milford_haven,,1789552680000.0,,7.0754113197326705
2026-09-17T00:33:12+00:00,area_trajectory,milford_haven,,1789552800000.0,,7.04855489730835
2026-09-17T00:33:12+00:00,area_trajectory,milford_haven,,1789552920000.0,,7.04855489730835
2026-09-17T00:33:12+00:00,area_trajectory,milford_haven,,1789553040000.0,,7.112033367156981
2026-09-17T00:33:12+00:00,area_trajectory,milford_haven,,1789553160000.0,,6.97531032562256
2026-09-17T00:33:12+00:00,area_trajectory,milford_haven,,1789553280000.0,,6.97531032562256
2026-09-17T00:33:12+00:00,area_trajectory,milford_haven,,1789553400000.0,,6.97531032562256
2026-09-17T00:33:12+00:00,area_trajectory,milford_haven,,1789553520000.0,,6.97531032562256
2026-09-17T00:33:12+00:00,area_trajectory,milford_haven,,1789553640000.0,,6.97531032562256
2026-09-17T00:33:12+00:00,area_trajectory,milford_haven,,1789553760000.0,,7.107150554656981
2026-09-17T00:33:12+00:00,area_trajectory,milford_haven,,1789553880000.0,,7.107150554656981
2026-09-17T00:33:12+00:00,area_trajectory,milford_haven,,1789554000000.0,,7.107150554656981
2026-09-17T00:33:12+00:00,area_trajectory,milford_haven,,1789554120000.0,,7.107150554656981
2026-09-17T00:33:12+00:00,area_trajectory,milford_haven,,1789554240000.0,,6.997283935546879
2026-09-17T00:33:12+00:00,area_trajectory,milford_haven,,1789554360000.0,,6.997283935546879
2026-09-17T00:33:12+00:00,area_trajectory,milford_haven,,1789554480000.0,,6.997283935546879
2026-09-17T00:33:12+00:00,area_trajectory,milford_haven,,1789554600000.0,,6.997283935546879
2026-09-17T00:33:12+00:00,area_trajectory,milford_haven,,1789554720000.0,,6.997283935546879
2026-09-17T00:33:12+00:00,area_trajectory,milford_haven,,1789554840000.0,,6.997283935546879
2026-09-17T00:33:12+00:00,area_trajectory,milford_haven,,1789554960000.0,,6.997283935546879
2026-09-17T00:33:12+00:00,area_trajectory,milford_haven,,1789555080000.0,,6.997283935546879
2026-09-17T00:33:12+00:00,area_trajectory,milford_haven,,1789555200000.0,,6.997283935546879
2026-09-17T00:33:12+00:00,area_trajectory,milford_haven,,1789555320000.0,,6.997283935546879
2026-09-17T00:33:12+00:00,area_trajectory,milford_haven,,1789555440000.0,,7.104709148406981
2026-09-17T00:33:12+00:00,area_trajectory,milford_haven,,1789555560000.0,,7.02169847488403
2026-09-17T00:33:12+00:00,area_trajectory,milford_haven,,1789555680000.0,,7.18527793884277
2026-09-17T00:33:12+00:00,area_trajectory,milford_haven,,1789555800000.0,,7.09006023406982
2026-09-17T00:33:12+00:00,area_trajectory,milford_haven,,1789555920000.0,,7.09006023406982
2026-09-17T00:33:12+00:00,area_trajectory,milford_haven,,1789556040000.0,,7.09006023406982
2026-09-17T00:33:12+00:00,area_trajectory,milford_haven,,1789556160000.0,,7.09006023406982
2026-09-17T00:33:12+00:00,area_trajectory,milford_haven,,1789556280000.0,,7.09006023406982
2026-09-17T00:33:12+00:00,area_trajectory,milford_haven,,1789556400000.0,,7.09006023406982
2026-09-17T00:33:12+00:00,area_trajectory,milford_haven,,1789556520000.0,,6.9386882781982395
2026-09-17T00:33:12+00:00,area_trajectory,milford_haven,,1789556640000.0,,7.0680866241455105
2026-09-17T00:33:12+00:00,area_trajectory,milford_haven,,1789556760000.0,,6.9557785987854
2026-09-17T00:33:12+00:00,area_trajectory,milford_haven,,1789556880000.0,,6.9557785987854
2026-09-17T00:33:12+00:00,area_trajectory,milford_haven,,1789557000000.0,,6.9557785987854
2026-09-17T00:33:12+00:00,area_trajectory,milford_haven,,1789557120000.0,,6.87032699584961
2026-09-17T00:33:12+00:00,area_trajectory,milford_haven,,1789557240000.0,,6.9508957862854
2026-09-17T00:33:12+00:00,area_trajectory,milford_haven,,1789557360000.0,,6.9508957862854
2026-09-17T00:33:12+00:00,area_trajectory,milford_haven,,1789557480000.0,,6.86056089401245
2026-09-17T00:33:12+00:00,area_trajectory,milford_haven,,1789557600000.0,,6.86056089401245
2026-09-17T00:33:12+00:00,area_trajectory,milford_haven,,1789557720000.0,,6.86056089401245
2026-09-17T00:33:12+00:00,area_trajectory,milford_haven,,1789557840000.0,,6.86056089401245
2026-09-17T00:33:12+00:00,area_trajectory,milford_haven,,1789557960000.0,,6.86056089401245
2026-09-17T00:33:12+00:00,area_trajectory,milford_haven,,1789558080000.0,,6.86056089401245
2026-09-17T00:33:12+00:00,area_trajectory,milford_haven,,1789558200000.0,,6.86056089401245
2026-09-17T00:33:12+00:00,area_trajectory,milford_haven,,1789558320000.0,,6.86056089401245
2026-09-17T00:33:12+00:00,area_trajectory,milford_haven,,1789558440000.0,,6.86056089401245
2026-09-17T00:33:12+00:00,area_trajectory,milford_haven,,1789558560000.0,,6.9508957862854
2026-09-17T00:33:12+00:00,area_trajectory,milford_haven,,1789558680000.0,,6.9508957862854
2026-09-17T00:33:12+00:00,area_trajectory,milford_haven,,1789558800000.0,,6.9508957862854
2026-09-17T00:33:12+00:00,area_trajectory,milford_haven,,1789558920000.0,,6.9508957862854
2026-09-17T00:33:12+00:00,area_trajectory,milford_haven,,1789559040000.0,,6.9508957862854
2026-09-17T00:33:12+00:00,area_trajectory,milford_haven,,1789559160000.0,,6.9508957862854
2026-09-17T00:33:12+00:00,area_trajectory,milford_haven,,1789559280000.0,,6.9508957862854
2026-09-17T00:33:12+00:00,area_trajectory,milford_haven,,1789559400000.0,,6.9508957862854
2026-09-17T00:33:12+00:00,area_trajectory,milford_haven,,1789559520000.0,,6.9508957862854
2026-09-17T00:33:12+00:00,area_trajectory,milford_haven,,1789559640000.0,,6.9508957862854
2026-09-17T00:33:12+00:00,area_trajectory,milford_haven,,1789559760000.0,,6.9508957862854
2026-09-17T00:33:12+00:00,area_trajectory,milford_haven,,1789559880000.0,,6.9508957862854
2026-09-17T00:33:12+00:00,area_trajectory,milford_haven,,1789560000000.0,,7.0607624053955105
2026-09-17T00:33:12+00:00,area_trajectory,milford_haven,,1789560120000.0,,7.0607624053955105
2026-09-17T00:33:12+00:00,area_trajectory,milford_haven,,1789560240000.0,,7.05343770980835
2026-09-17T00:33:12+00:00,area_trajectory,milford_haven,,1789560360000.0,,7.05343770980835
2026-09-17T00:33:12+00:00,area_trajectory,milford_haven,,1789560480000.0,,7.05343770980835
2026-09-17T00:33:12+00:00,area_trajectory,milford_haven,,1789560600000.0,,7.05343770980835
2026-09-17T00:33:12+00:00,area_trajectory,milford_haven,,1789560720000.0,,7.05099630355835
2026-09-17T00:33:12+00:00,area_trajectory,milford_haven,,1789560840000.0,,7.05099630355835
2026-09-17T00:33:12+00:00,area_trajectory,milford_haven,,1789560960000.0,,6.9899592399597195
2026-09-17T00:33:12+00:00,area_trajectory,milford_haven,,1789561080000.0,,7.099825859069821
2026-09-17T00:33:12+00:00,area_trajectory,milford_haven,,1789561200000.0,,6.994842529296879
2026-09-17T00:33:12+00:00,area_trajectory,milford_haven,,1789561320000.0,,7.0705280303955105
2026-09-17T00:33:12+00:00,area_trajectory,milford_haven,,1789561440000.0,,7.0705280303955105
2026-09-17T00:33:12+00:00,area_trajectory,milford_haven,,1789561560000.0,,7.0705280303955105
2026-09-17T00:33:12+00:00,area_trajectory,milford_haven,,1789561680000.0,,7.0705280303955105
2026-09-17T00:33:12+00:00,area_trajectory,milford_haven,,1789561800000.0,,7.0705280303955105
2026-09-17T00:33:12+00:00,area_trajectory,milford_haven,,1789561920000.0,,7.0705280303955105
2026-09-17T00:33:12+00:00,area_trajectory,milford_haven,,1789562040000.0,,7.0778527259826705
2026-09-17T00:33:12+00:00,area_trajectory,milford_haven,,1789562160000.0,,7.05343770980835
2026-09-17T00:33:12+00:00,area_trajectory,milford_haven,,1789562280000.0,,7.05343770980835
2026-09-17T00:33:12+00:00,area_trajectory,milford_haven,,1789562400000.0,,7.15353870391846
2026-09-17T00:33:12+00:00,area_trajectory,milford_haven,,1789562520000.0,,7.1340069770813
2026-09-17T00:33:12+00:00,area_trajectory,milford_haven,,1789562640000.0,,6.999725341796879
2026-09-17T00:33:12+00:00,area_trajectory,milford_haven,,1789562760000.0,,7.15842151641846
2026-09-17T00:33:12+00:00,area_trajectory,milford_haven,,1789562880000.0,,7.229224681854251
2026-09-17T00:33:12+00:00,area_trajectory,milford_haven,,1789563000000.0,,7.229224681854251
2026-09-17T00:33:12+00:00,area_trajectory,milford_haven,,1789563120000.0,,7.229224681854251
2026-09-17T00:33:12+00:00,area_trajectory,milford_haven,,1789563240000.0,,7.20236825942993
2026-09-17T00:33:12+00:00,area_trajectory,milford_haven,,1789563360000.0,,7.20236825942993
2026-09-17T00:33:12+00:00,area_trajectory,milford_haven,,1789563480000.0,,7.20969247817993
2026-09-17T00:33:12+00:00,area_trajectory,milford_haven,,1789563600000.0,,7.20969247817993
2026-09-17T00:33:12+00:00,area_trajectory,milford_haven,,1789563720000.0,,7.231666088104251
2026-09-17T00:33:12+00:00,area_trajectory,milford_haven,,1789563840000.0,,7.20725107192993
2026-09-17T00:33:12+00:00,area_trajectory,milford_haven,,1789563960000.0,,7.20725107192993
2026-09-17T00:33:12+00:00,area_trajectory,milford_haven,,1789564080000.0,,7.24143171310425
2026-09-17T00:33:12+00:00,area_trajectory,milford_haven,,1789564200000.0,,7.24143171310425
2026-09-17T00:33:12+00:00,area_trajectory,milford_haven,,1789564320000.0,,7.229224681854251
2026-09-17T00:33:12+00:00,area_trajectory,milford_haven,,1789564440000.0,,7.229224681854251
2026-09-17T00:33:12+00:00,area_trajectory,milford_haven,,1789564560000.0,,7.229224681854251
2026-09-17T00:33:12+00:00,area_trajectory,milford_haven,,1789564680000.0,,7.265846729278559
2026-09-17T00:33:12+00:00,area_trajectory,milford_haven,,1789564800000.0,,7.265846729278559
2026-09-17T00:33:12+00:00,area_trajectory,milford_haven,,1789564920000.0,,7.265846729278559
2026-09-17T00:33:12+00:00,area_trajectory,milford_haven,,1789565040000.0,,7.231666088104251
2026-09-17T00:33:12+00:00,area_trajectory,milford_haven,,1789565160000.0,,7.231666088104251
2026-09-17T00:33:12+00:00,area_trajectory,milford_haven,,1789565280000.0,,7.231666088104251
2026-09-17T00:33:12+00:00,area_trajectory,milford_haven,,1789565400000.0,,7.231666088104251
2026-09-17T00:33:12+00:00,area_trajectory,milford_haven,,1789565520000.0,,7.231666088104251
2026-09-17T00:33:12+00:00,area_trajectory,milford_haven,,1789565640000.0,,7.231666088104251
2026-09-17T00:33:12+00:00,area_trajectory,milford_haven,,1789565760000.0,,7.231666088104251
2026-09-17T00:33:12+00:00,area_trajectory,milford_haven,,1789565880000.0,,7.09738445281982
2026-09-17T00:33:12+00:00,area_trajectory,milford_haven,,1789566000000.0,,7.09738445281982
2026-09-17T00:33:12+00:00,area_trajectory,milford_haven,,1789566120000.0,,6.90694904327393
2026-09-17T00:33:12+00:00,area_trajectory,milford_haven,,1789566240000.0,,6.7629017829895
2026-09-17T00:33:12+00:00,area_trajectory,milford_haven,,1789566360000.0,,6.60664701461792
2026-09-17T00:33:12+00:00,area_trajectory,milford_haven,,1789566480000.0,,6.31366920471191
2026-09-17T00:33:12+00:00,area_trajectory,milford_haven,,1789566600000.0,,6.15253162384033
2026-09-17T00:33:12+00:00,area_trajectory,milford_haven,,1789566720000.0,,6.015808582305911
2026-09-17T00:33:12+00:00,area_trajectory,milford_haven,,1789566840000.0,,5.903500556945801
2026-09-17T00:33:12+00:00,area_trajectory,milford_haven,,1789566960000.0,,6.059755325317379
2026-09-17T00:33:12+00:00,area_trajectory,milford_haven,,1789567080000.0,,6.19159507751465
2026-09-17T00:33:12+00:00,area_trajectory,milford_haven,,1789567200000.0,,6.49189710617065
2026-09-17T00:33:12+00:00,area_trajectory,milford_haven,,1789567320000.0,,6.64082765579224
2026-09-17T00:33:12+00:00,area_trajectory,milford_haven,,1789567440000.0,,6.81905555725098
2026-09-17T00:33:12+00:00,area_trajectory,milford_haven,,1789567560000.0,,7.0094914436340305
2026-09-17T00:33:12+00:00,area_trajectory,milford_haven,,1789567680000.0,,7.102267742156981
2026-09-17T00:33:12+00:00,area_trajectory,milford_haven,,1789567800000.0,,7.102267742156981
2026-09-17T00:33:12+00:00,area_trajectory,milford_haven,,1789567920000.0,,7.102267742156981
2026-09-17T00:33:12+00:00,area_trajectory,milford_haven,,1789568040000.0,,7.19260215759277
2026-09-17T00:33:12+00:00,area_trajectory,milford_haven,,1789568160000.0,,7.19260215759277
2026-09-17T00:33:12+00:00,area_trajectory,milford_haven,,1789568280000.0,,7.19260215759277
2026-09-17T00:33:12+00:00,area_trajectory,milford_haven,,1789568400000.0,,7.19260215759277
2026-09-17T00:33:12+00:00,area_trajectory,milford_haven,,1789568520000.0,,7.16574621200562
2026-09-17T00:33:12+00:00,area_trajectory,milford_haven,,1789568640000.0,,7.15353870391846
2026-09-17T00:33:12+00:00,area_trajectory,milford_haven,,1789568760000.0,,7.15353870391846
2026-09-17T00:33:12+00:00,area_trajectory,milford_haven,,1789568880000.0,,7.18771934509277
2026-09-17T00:33:12+00:00,area_trajectory,milford_haven,,1789569000000.0,,7.18771934509277
2026-09-17T00:33:12+00:00,area_trajectory,milford_haven,,1789569120000.0,,7.18771934509277
2026-09-17T00:33:12+00:00,area_trajectory,milford_haven,,1789569240000.0,,7.18771934509277
2026-09-17T00:33:12+00:00,area_trajectory,milford_haven,,1789569360000.0,,7.107150554656981
2026-09-17T00:33:12+00:00,area_trajectory,milford_haven,,1789569480000.0,,7.107150554656981
2026-09-17T00:33:12+00:00,area_trajectory,milford_haven,,1789569600000.0,,7.107150554656981
2026-09-17T00:33:12+00:00,area_trajectory,milford_haven,,1789569720000.0,,7.107150554656981
2026-09-17T00:33:12+00:00,area_trajectory,milford_haven,,1789569840000.0,,7.1413311958313
2026-09-17T00:33:12+00:00,area_trajectory,milford_haven,,1789569960000.0,,7.1413311958313
2026-09-17T00:33:12+00:00,area_trajectory,milford_haven,,1789570080000.0,,7.1413311958313
2026-09-17T00:33:12+00:00,area_trajectory,milford_haven,,1789570200000.0,,7.112033367156981
2026-09-17T00:33:12+00:00,area_trajectory,milford_haven,,1789570320000.0,,7.09738445281982
2026-09-17T00:33:12+00:00,area_trajectory,milford_haven,,1789570440000.0,,7.09738445281982
2026-09-17T00:33:12+00:00,area_trajectory,milford_haven,,1789570560000.0,,7.09738445281982
2026-09-17T00:33:12+00:00,area_trajectory,milford_haven,,1789570680000.0,,7.09738445281982
2026-09-17T00:33:12+00:00,area_trajectory,milford_haven,,1789570800000.0,,7.09738445281982
2026-09-17T00:33:12+00:00,area_trajectory,milford_haven,,1789570920000.0,,7.107150554656981
2026-09-17T00:33:12+00:00,area_trajectory,milford_haven,,1789571040000.0,,7.173070430755621
2026-09-17T00:33:12+00:00,area_trajectory,milford_haven,,1789571160000.0,,7.173070430755621
2026-09-17T00:33:12+00:00,area_trajectory,milford_haven,,1789571280000.0,,7.01925706863403
2026-09-17T00:33:12+00:00,area_trajectory,milford_haven,,1789571400000.0,,7.1462140083313
2026-09-17T00:33:12+00:00,area_trajectory,milford_haven,,1789571520000.0,,7.0607624053955105
2026-09-17T00:33:12+00:00,area_trajectory,milford_haven,,1789571640000.0,,7.16330432891846
2026-09-17T00:33:12+00:00,area_trajectory,milford_haven,,1789571760000.0,,7.01681566238403
2026-09-17T00:33:12+00:00,area_trajectory,milford_haven,,1789571880000.0,,7.12912368774414
2026-09-17T00:33:12+00:00,area_trajectory,milford_haven,,1789572000000.0,,7.12912368774414
2026-09-17T00:33:12+00:00,area_trajectory,milford_haven,,1789572120000.0,,7.12912368774414
2026-09-17T00:33:12+00:00,area_trajectory,milford_haven,,1789572240000.0,,7.09250164031982
2026-09-17T00:33:12+00:00,area_trajectory,milford_haven,,1789572360000.0,,7.09250164031982
2026-09-17T00:33:12+00:00,area_trajectory,milford_haven,,1789572480000.0,,7.109591960906981
2026-09-17T00:33:12+00:00,area_trajectory,milford_haven,,1789572600000.0,,7.109591960906981
2026-09-17T00:33:12+00:00,area_trajectory,milford_haven,,1789572720000.0,,7.109591960906981
2026-09-17T00:33:12+00:00,area_trajectory,milford_haven,,1789572840000.0,,7.03634738922119
2026-09-17T00:33:12+00:00,area_trajectory,milford_haven,,1789572960000.0,,7.03634738922119
2026-09-17T00:33:12+00:00,area_trajectory,milford_haven,,1789573080000.0,,7.0119328498840305
2026-09-17T00:33:12+00:00,area_trajectory,milford_haven,,1789573200000.0,,7.099825859069821
2026-09-17T00:33:12+00:00,area_trajectory,milford_haven,,1789573320000.0,,7.099825859069821
2026-09-17T00:33:12+00:00,area_trajectory,milford_haven,,1789573440000.0,,7.099825859069821
2026-09-17T00:33:12+00:00,area_trajectory,milford_haven,,1789573560000.0,,7.04855489730835
2026-09-17T00:33:12+00:00,area_trajectory,milford_haven,,1789573680000.0,,7.04855489730835
2026-09-17T00:33:12+00:00,area_trajectory,milford_haven,,1789573800000.0,,7.12912368774414
2026-09-17T00:33:12+00:00,area_trajectory,milford_haven,,1789573920000.0,,7.12912368774414
2026-09-17T00:33:12+00:00,area_trajectory,milford_haven,,1789574040000.0,,7.1462140083313
2026-09-17T00:33:12+00:00,area_trajectory,milford_haven,,1789574160000.0,,7.1462140083313
2026-09-17T00:33:12+00:00,area_trajectory,milford_haven,,1789574280000.0,,7.1462140083313
2026-09-17T00:33:12+00:00,area_trajectory,milford_haven,,1789574400000.0,,7.1340069770813
2026-09-17T00:33:12+00:00,area_trajectory,milford_haven,,1789574520000.0,,7.1340069770813
2026-09-17T00:33:12+00:00,area_trajectory,milford_haven,,1789574640000.0,,7.18283653259277
2026-09-17T00:33:12+00:00,area_trajectory,milford_haven,,1789574760000.0,,7.124240875244141
2026-09-17T00:33:12+00:00,area_trajectory,milford_haven,,1789574880000.0,,7.124240875244141
2026-09-17T00:33:12+00:00,area_trajectory,milford_haven,,1789575000000.0,,7.03878879547119
2026-09-17T00:33:12+00:00,area_trajectory,milford_haven,,1789575120000.0,,7.12912368774414
2026-09-17T00:33:12+00:00,area_trajectory,milford_haven,,1789575240000.0,,7.03878879547119
2026-09-17T00:33:12+00:00,area_trajectory,milford_haven,,1789575360000.0,,7.15842151641846
2026-09-17T00:33:12+00:00,area_trajectory,milford_haven,,1789575480000.0,,7.05832099914551
2026-09-17T00:33:12+00:00,area_trajectory,milford_haven,,1789575600000.0,,7.12668228149414
2026-09-17T00:33:12+00:00,area_trajectory,milford_haven,,1789575720000.0,,7.12668228149414
2026-09-17T00:33:12+00:00,area_trajectory,milford_haven,,1789575840000.0,,7.1437726020813
2026-09-17T00:33:12+00:00,area_trajectory,milford_haven,,1789575960000.0,,7.01925706863403
2026-09-17T00:33:12+00:00,area_trajectory,milford_haven,,1789576080000.0,,7.119358062744141
2026-09-17T00:33:12+00:00,area_trajectory,milford_haven,,1789576200000.0,,7.119358062744141
2026-09-17T00:33:12+00:00,area_trajectory,milford_haven,,1789576320000.0,,7.20236825942993
2026-09-17T00:33:12+00:00,area_trajectory,milford_haven,,1789576440000.0,,7.0607624053955105
2026-09-17T00:33:12+00:00,area_trajectory,milford_haven,,1789576560000.0,,7.16574621200562
2026-09-17T00:33:12+00:00,area_trajectory,milford_haven,,1789576680000.0,,7.0680866241455105
2026-09-17T00:33:12+00:00,area_trajectory,milford_haven,,1789576800000.0,,7.18771934509277
2026-09-17T00:33:12+00:00,area_trajectory,milford_haven,,1789576920000.0,,7.0680866241455105
2026-09-17T00:33:12+00:00,area_trajectory,milford_haven,,1789577040000.0,,7.0680866241455105
2026-09-17T00:33:12+00:00,area_trajectory,milford_haven,,1789577160000.0,,7.16818761825562
2026-09-17T00:33:12+00:00,area_trajectory,milford_haven,,1789577280000.0,,7.15598011016846
2026-09-17T00:33:12+00:00,area_trajectory,milford_haven,,1789577400000.0,,7.15598011016846
2026-09-17T00:33:12+00:00,area_trajectory,milford_haven,,1789577520000.0,,7.04611349105835
2026-09-17T00:33:12+00:00,area_trajectory,milford_haven,,1789577640000.0,,7.17062902450562
2026-09-17T00:33:12+00:00,area_trajectory,milford_haven,,1789577760000.0,,7.02902317047119
2026-09-17T00:33:12+00:00,area_trajectory,milford_haven,,1789577880000.0,,7.09006023406982
2026-09-17T00:33:12+00:00,area_trajectory,milford_haven,,1789578000000.0,,7.09006023406982
2026-09-17T00:33:12+00:00,area_trajectory,milford_haven,,1789578120000.0,,7.09006023406982
2026-09-17T00:33:12+00:00,area_trajectory,milford_haven,,1789578240000.0,,7.0851769447326705
2026-09-17T00:33:12+00:00,area_trajectory,milford_haven,,1789578360000.0,,7.03390598297119
2026-09-17T00:33:12+00:00,area_trajectory,milford_haven,,1789578480000.0,,7.1413311958313
2026-09-17T00:33:12+00:00,area_trajectory,milford_haven,,1789578600000.0,,7.1413311958313
2026-09-17T00:33:12+00:00,area_trajectory,milford_haven,,1789578720000.0,,7.04367208480835
2026-09-17T00:33:12+00:00,area_trajectory,milford_haven,,1789578840000.0,,7.04367208480835
2026-09-17T00:33:12+00:00,area_trajectory,milford_haven,,1789578960000.0,,7.04611349105835
2026-09-17T00:33:12+00:00,area_trajectory,milford_haven,,1789579080000.0,,7.04611349105835
2026-09-17T00:33:12+00:00,area_trajectory,milford_haven,,1789579200000.0,,7.04611349105835
2026-09-17T00:33:12+00:00,area_trajectory,milford_haven,,1789579320000.0,,7.14865589141846
2026-09-17T00:33:12+00:00,area_trajectory,milford_haven,,1789579440000.0,,7.14865589141846
2026-09-17T00:33:12+00:00,area_trajectory,milford_haven,,1789579560000.0,,7.0656452178955105
2026-09-17T00:33:12+00:00,area_trajectory,milford_haven,,1789579680000.0,,7.0656452178955105
2026-09-17T00:33:12+00:00,area_trajectory,milford_haven,,1789579800000.0,,7.14865589141846
2026-09-17T00:33:12+00:00,area_trajectory,milford_haven,,1789579920000.0,,7.05343770980835
2026-09-17T00:33:12+00:00,area_trajectory,milford_haven,,1789580040000.0,,7.14865589141846
2026-09-17T00:33:12+00:00,area_trajectory,milford_haven,,1789580160000.0,,7.14865589141846
2026-09-17T00:33:12+00:00,area_trajectory,milford_haven,,1789580280000.0,,7.04855489730835
2026-09-17T00:33:12+00:00,area_trajectory,milford_haven,,1789580400000.0,,7.04855489730835
2026-09-17T00:33:12+00:00,area_trajectory,milford_haven,,1789580520000.0,,7.03878879547119
2026-09-17T00:33:12+00:00,area_trajectory,milford_haven,,1789580640000.0,,7.03878879547119
2026-09-17T00:33:12+00:00,area_trajectory,milford_haven,,1789580760000.0,,7.12912368774414
2026-09-17T00:33:12+00:00,area_trajectory,milford_haven,,1789580880000.0,,7.12912368774414
2026-09-17T00:33:12+00:00,area_trajectory,milford_haven,,1789581000000.0,,7.004608154296879
2026-09-17T00:33:12+00:00,area_trajectory,milford_haven,,1789581120000.0,,7.09738445281982
2026-09-17T00:33:12+00:00,area_trajectory,milford_haven,,1789581240000.0,,7.09738445281982
2026-09-17T00:33:12+00:00,area_trajectory,milford_haven,,1789581360000.0,,7.09738445281982
2026-09-17T00:33:12+00:00,area_trajectory,milford_haven,,1789581480000.0,,7.0851769447326705
2026-09-17T00:33:12+00:00,area_trajectory,milford_haven,,1789581600000.0,,6.9875178337097195
2026-09-17T00:33:12+00:00,area_trajectory,milford_haven,,1789581720000.0,,6.9875178337097195
2026-09-17T00:33:12+00:00,area_trajectory,milford_haven,,1789581840000.0,,7.0754113197326705
2026-09-17T00:33:12+00:00,area_trajectory,milford_haven,,1789581960000.0,,7.0754113197326705
2026-09-17T00:33:12+00:00,area_trajectory,milford_haven,,1789582080000.0,,7.0851769447326705
2026-09-17T00:33:12+00:00,area_trajectory,milford_haven,,1789582200000.0,,7.0851769447326705
2026-09-17T00:33:12+00:00,area_trajectory,milford_haven,,1789582320000.0,,7.0851769447326705
2026-09-17T00:33:12+00:00,area_trajectory,milford_haven,,1789582440000.0,,7.0851769447326705
2026-09-17T00:33:12+00:00,area_trajectory,milford_haven,,1789582560000.0,,7.09006023406982
2026-09-17T00:33:12+00:00,area_trajectory,milford_haven,,1789582680000.0,,7.09006023406982
2026-09-17T00:33:12+00:00,area_trajectory,milford_haven,,1789582800000.0,,7.09006023406982
2026-09-17T00:33:12+00:00,area_trajectory,milford_haven,,1789582920000.0,,7.004608154296879
2026-09-17T00:33:12+00:00,area_trajectory,milford_haven,,1789583040000.0,,7.004608154296879
2026-09-17T00:33:12+00:00,area_trajectory,milford_haven,,1789583160000.0,,7.099825859069821
2026-09-17T00:33:12+00:00,area_trajectory,milford_haven,,1789583280000.0,,7.099825859069821
2026-09-17T00:33:12+00:00,area_trajectory,milford_haven,,1789583400000.0,,7.0680866241455105
2026-09-17T00:33:12+00:00,area_trajectory,milford_haven,,1789583520000.0,,7.0680866241455105
2026-09-17T00:33:12+00:00,area_trajectory,milford_haven,,1789583640000.0,,7.0680866241455105
2026-09-17T00:33:12+00:00,area_trajectory,milford_haven,,1789583760000.0,,7.0680866241455105
2026-09-17T00:33:12+00:00,area_trajectory,milford_haven,,1789583880000.0,,7.099825859069821
2026-09-17T00:33:12+00:00,area_trajectory,milford_haven,,1789584000000.0,,7.099825859069821
2026-09-17T00:33:12+00:00,area_trajectory,milford_haven,,1789584120000.0,,6.97775220870972
2026-09-17T00:33:12+00:00,area_trajectory,milford_haven,,1789584240000.0,,7.05832099914551
2026-09-17T00:33:12+00:00,area_trajectory,milford_haven,,1789584360000.0,,7.05832099914551
2026-09-17T00:33:12+00:00,area_trajectory,milford_haven,,1789584480000.0,,7.05832099914551
2026-09-17T00:33:12+00:00,area_trajectory,milford_haven,,1789584600000.0,,7.05832099914551
2026-09-17T00:33:12+00:00,area_trajectory,milford_haven,,1789584720000.0,,6.992401123046879
2026-09-17T00:33:12+00:00,area_trajectory,milford_haven,,1789584840000.0,,7.0802941322326705
2026-09-17T00:33:12+00:00,area_trajectory,milford_haven,,1789584960000.0,,7.0802941322326705
2026-09-17T00:33:12+00:00,area_trajectory,milford_haven,,1789585080000.0,,7.124240875244141
2026-09-17T00:33:12+00:00,area_trajectory,milford_haven,,1789585200000.0,,7.007049560546879
2026-09-17T00:33:12+00:00,area_trajectory,milford_haven,,1789585320000.0,,7.099825859069821
2026-09-17T00:33:12+00:00,area_trajectory,milford_haven,,1789585440000.0,,7.099825859069821
2026-09-17T00:33:12+00:00,area_trajectory,milford_haven,,1789585560000.0,,7.09006023406982
2026-09-17T00:33:12+00:00,area_trajectory,milford_haven,,1789585680000.0,,7.0119328498840305
2026-09-17T00:33:12+00:00,area_trajectory,milford_haven,,1789585800000.0,,7.0119328498840305
2026-09-17T00:33:12+00:00,area_trajectory,milford_haven,,1789585920000.0,,7.03390598297119
2026-09-17T00:33:12+00:00,area_trajectory,milford_haven,,1789586040000.0,,7.112033367156981
2026-09-17T00:33:12+00:00,area_trajectory,milford_haven,,1789586160000.0,,7.112033367156981
2026-09-17T00:33:12+00:00,area_trajectory,milford_haven,,1789586280000.0,,7.15842151641846
2026-09-17T00:33:12+00:00,area_trajectory,milford_haven,,1789586400000.0,,7.15842151641846
2026-09-17T00:33:12+00:00,area_trajectory,milford_haven,,1789586520000.0,,7.03878879547119
2026-09-17T00:33:12+00:00,area_trajectory,milford_haven,,1789586640000.0,,7.03878879547119
2026-09-17T00:33:12+00:00,area_trajectory,milford_haven,,1789586760000.0,,7.01925706863403
2026-09-17T00:33:12+00:00,area_trajectory,milford_haven,,1789586880000.0,,7.01925706863403
2026-09-17T00:33:12+00:00,area_trajectory,milford_haven,,1789587000000.0,,7.01681566238403
2026-09-17T00:33:12+00:00,area_trajectory,milford_haven,,1789587120000.0,,7.01681566238403
2026-09-17T00:33:12+00:00,area_trajectory,milford_haven,,1789587240000.0,,7.0094914436340305
2026-09-17T00:33:12+00:00,area_trajectory,milford_haven,,1789587360000.0,,7.0094914436340305
2026-09-17T00:33:12+00:00,area_trajectory,milford_haven,,1789587480000.0,,7.0094914436340305
2026-09-17T00:33:12+00:00,area_trajectory,milford_haven,,1789587600000.0,,7.0094914436340305
2026-09-17T00:33:12+00:00,area_trajectory,milford_haven,,1789587720000.0,,7.0094914436340305
2026-09-17T00:33:12+00:00,area_trajectory,milford_haven,,1789587840000.0,,7.0094914436340305
2026-09-17T00:33:12+00:00,area_trajectory,milford_haven,,1789587960000.0,,7.01925706863403
2026-09-17T00:33:12+00:00,area_trajectory,milford_haven,,1789588080000.0,,7.1364483833313
2026-09-17T00:33:12+00:00,area_trajectory,milford_haven,,1789588200000.0,,7.1364483833313
2026-09-17T00:33:12+00:00,area_trajectory,milford_haven,,1789588320000.0,,7.12668228149414
2026-09-17T00:33:12+00:00,area_trajectory,milford_haven,,1789588440000.0,,7.12668228149414
2026-09-17T00:33:12+00:00,area_trajectory,milford_haven,,1789588560000.0,,7.03146457672119
2026-09-17T00:33:12+00:00,area_trajectory,milford_haven,,1789588680000.0,,7.1462140083313
2026-09-17T00:33:12+00:00,area_trajectory,milford_haven,,1789588800000.0,,7.03878879547119
2026-09-17T00:33:12+00:00,area_trajectory,milford_haven,,1789588920000.0,,7.03878879547119
2026-09-17T00:33:12+00:00,area_trajectory,milford_haven,,1789589040000.0,,7.05587959289551
2026-09-17T00:33:12+00:00,area_trajectory,milford_haven,,1789589160000.0,,7.05587959289551
2026-09-17T00:33:12+00:00,area_trajectory,milford_haven,,1789589280000.0,,6.97531032562256
2026-09-17T00:33:12+00:00,area_trajectory,milford_haven,,1789589400000.0,,7.09006023406982
2026-09-17T00:33:12+00:00,area_trajectory,milford_haven,,1789589520000.0,,7.09006023406982
2026-09-17T00:33:12+00:00,area_trajectory,milford_haven,,1789589640000.0,,7.0827355384826705
2026-09-17T00:33:12+00:00,area_trajectory,milford_haven,,1789589760000.0,,7.0827355384826705
2026-09-17T00:33:12+00:00,area_trajectory,milford_haven,,1789589880000.0,,7.0827355384826705
2026-09-17T00:33:12+00:00,area_trajectory,milford_haven,,1789590000000.0,,7.0827355384826705
2026-09-17T00:33:12+00:00,area_trajectory,milford_haven,,1789590120000.0,,7.119358062744141
2026-09-17T00:33:12+00:00,area_trajectory,milford_haven,,1789590240000.0,,7.119358062744141
2026-09-17T00:33:12+00:00,area_trajectory,milford_haven,,1789590360000.0,,7.02902317047119
2026-09-17T00:33:12+00:00,area_trajectory,milford_haven,,1789590480000.0,,7.1340069770813
2026-09-17T00:33:12+00:00,area_trajectory,milford_haven,,1789590600000.0,,6.9606614112854
2026-09-17T00:33:12+00:00,area_trajectory,milford_haven,,1789590720000.0,,6.9875178337097195
2026-09-17T00:33:12+00:00,area_trajectory,milford_haven,,1789590840000.0,,7.1413311958313
2026-09-17T00:33:12+00:00,area_trajectory,milford_haven,,1789590960000.0,,7.1413311958313
2026-09-17T00:33:12+00:00,area_trajectory,milford_haven,,1789591080000.0,,7.0607624053955105
2026-09-17T00:33:12+00:00,area_trajectory,milford_haven,,1789591200000.0,,7.0607624053955105
2026-09-17T00:33:12+00:00,area_trajectory,milford_haven,,1789591320000.0,,7.0607624053955105
2026-09-17T00:33:12+00:00,area_trajectory,milford_haven,,1789591440000.0,,7.0607624053955105
2026-09-17T00:33:12+00:00,area_trajectory,milford_haven,,1789591560000.0,,7.0607624053955105
2026-09-17T00:33:12+00:00,area_trajectory,milford_haven,,1789591680000.0,,7.17062902450562
2026-09-17T00:33:12+00:00,area_trajectory,milford_haven,,1789591800000.0,,7.0632038116455105
2026-09-17T00:33:12+00:00,area_trajectory,milford_haven,,1789591920000.0,,7.0632038116455105
2026-09-17T00:33:12+00:00,area_trajectory,milford_haven,,1789592040000.0,,7.0632038116455105
2026-09-17T00:33:12+00:00,area_trajectory,milford_haven,,1789592160000.0,,7.114474773406981
2026-09-17T00:33:12+00:00,area_trajectory,milford_haven,,1789592280000.0,,7.114474773406981
2026-09-17T00:33:12+00:00,area_trajectory,milford_haven,,1789592400000.0,,7.0778527259826705
2026-09-17T00:33:12+00:00,area_trajectory,milford_haven,,1789592520000.0,,7.0778527259826705
2026-09-17T00:33:12+00:00,area_trajectory,milford_haven,,1789592640000.0,,7.09250164031982
2026-09-17T00:33:12+00:00,area_trajectory,milford_haven,,1789592760000.0,,7.09250164031982
2026-09-17T00:33:12+00:00,area_trajectory,milford_haven,,1789592880000.0,,7.09250164031982
2026-09-17T00:33:12+00:00,area_trajectory,milford_haven,,1789593000000.0,,7.007049560546879
2026-09-17T00:33:12+00:00,area_trajectory,milford_haven,,1789593120000.0,,7.09738445281982
2026-09-17T00:33:12+00:00,area_trajectory,milford_haven,,1789593240000.0,,6.999725341796879
2026-09-17T00:33:12+00:00,area_trajectory,milford_haven,,1789593360000.0,,7.12912368774414
2026-09-17T00:33:12+00:00,area_trajectory,milford_haven,,1789593480000.0,,7.12912368774414
2026-09-17T00:33:12+00:00,area_trajectory,milford_haven,,1789593600000.0,,7.09738445281982
2026-09-17T00:33:12+00:00,area_trajectory,milford_haven,,1789593720000.0,,7.09738445281982
2026-09-17T00:33:12+00:00,area_trajectory,milford_haven,,1789593840000.0,,7.004608154296879
2026-09-17T00:33:12+00:00,area_trajectory,milford_haven,,1789593960000.0,,7.09250164031982
2026-09-17T00:33:12+00:00,area_trajectory,milford_haven,,1789594080000.0,,7.1388897895813
2026-09-17T00:33:12+00:00,area_trajectory,milford_haven,,1789594200000.0,,7.05587959289551
2026-09-17T00:33:12+00:00,area_trajectory,milford_haven,,1789594320000.0,,7.05587959289551
2026-09-17T00:33:12+00:00,area_trajectory,milford_haven,,1789594440000.0,,7.04123067855835
2026-09-17T00:33:12+00:00,area_trajectory,milford_haven,,1789594560000.0,,7.04123067855835
2026-09-17T00:33:12+00:00,area_trajectory,milford_haven,,1789594680000.0,,7.04123067855835
2026-09-17T00:33:12+00:00,area_trajectory,milford_haven,,1789594800000.0,,7.04123067855835
2026-09-17T00:33:12+00:00,area_trajectory,milford_haven,,1789594920000.0,,7.04123067855835
2026-09-17T00:33:12+00:00,area_trajectory,milford_haven,,1789595040000.0,,7.04123067855835
2026-09-17T00:33:12+00:00,area_trajectory,milford_haven,,1789595160000.0,,7.1364483833313
2026-09-17T00:33:12+00:00,area_trajectory,milford_haven,,1789595280000.0,,7.1364483833313
2026-09-17T00:33:12+00:00,area_trajectory,milford_haven,,1789595400000.0,,7.007049560546879
2026-09-17T00:33:12+00:00,area_trajectory,milford_haven,,1789595520000.0,,7.007049560546879
2026-09-17T00:33:12+00:00,area_trajectory,milford_haven,,1789595640000.0,,7.007049560546879
2026-09-17T00:33:12+00:00,area_trajectory,milford_haven,,1789595760000.0,,7.0680866241455105
2026-09-17T00:33:12+00:00,area_trajectory,milford_haven,,1789595880000.0,,7.0680866241455105
2026-09-17T00:33:12+00:00,area_trajectory,milford_haven,,1789596000000.0,,7.0680866241455105
2026-09-17T00:33:12+00:00,area_trajectory,milford_haven,,1789596120000.0,,7.0680866241455105
2026-09-17T00:33:12+00:00,area_trajectory,milford_haven,,1789596240000.0,,7.004608154296879
2026-09-17T00:33:12+00:00,area_trajectory,milford_haven,,1789596360000.0,,7.099825859069821
2026-09-17T00:33:12+00:00,area_trajectory,milford_haven,,1789596480000.0,,7.007049560546879
2026-09-17T00:33:12+00:00,area_trajectory,milford_haven,,1789596600000.0,,7.114474773406981
2026-09-17T00:33:12+00:00,area_trajectory,milford_haven,,1789596720000.0,,7.01681566238403
2026-09-17T00:33:12+00:00,area_trajectory,milford_haven,,1789596840000.0,,7.09738445281982
2026-09-17T00:33:12+00:00,area_trajectory,milford_haven,,1789596960000.0,,7.004608154296879
2026-09-17T00:33:12+00:00,area_trajectory,milford_haven,,1789597080000.0,,7.116916179656981
2026-09-17T00:33:12+00:00,area_trajectory,milford_haven,,1789597200000.0,,7.03146457672119
2026-09-17T00:33:12+00:00,area_trajectory,milford_haven,,1789597320000.0,,7.119358062744141
2026-09-17T00:33:12+00:00,area_trajectory,milford_haven,,1789597440000.0,,7.01925706863403
2026-09-17T00:33:12+00:00,area_trajectory,milford_haven,,1789597560000.0,,7.01925706863403
2026-09-17T00:33:12+00:00,area_trajectory,milford_haven,,1789597680000.0,,7.01925706863403
2026-09-17T00:33:12+00:00,area_trajectory,milford_haven,,1789597800000.0,,6.997283935546879
2026-09-17T00:33:12+00:00,area_trajectory,milford_haven,,1789597920000.0,,6.997283935546879
2026-09-17T00:33:12+00:00,area_trajectory,milford_haven,,1789598040000.0,,6.997283935546879
2026-09-17T00:33:12+00:00,area_trajectory,milford_haven,,1789598160000.0,,6.91427326202393
2026-09-17T00:33:12+00:00,area_trajectory,milford_haven,,1789598280000.0,,6.91427326202393
2026-09-17T00:33:12+00:00,area_trajectory,milford_haven,,1789598400000.0,,6.91427326202393
2026-09-17T00:33:12+00:00,area_trajectory,milford_haven,,1789598520000.0,,6.81905555725098
2026-09-17T00:33:12+00:00,area_trajectory,milford_haven,,1789598640000.0,,6.69942331314087
2026-09-17T00:33:12+00:00,area_trajectory,milford_haven,,1789598760000.0,,6.69942331314087
2026-09-17T00:33:12+00:00,area_trajectory,milford_haven,,1789598880000.0,,6.4699239730835005
2026-09-17T00:33:12+00:00,area_trajectory,milford_haven,,1789599000000.0,,6.55049276351929
2026-09-17T00:33:12+00:00,area_trajectory,milford_haven,,1789599120000.0,,6.55049276351929
2026-09-17T00:33:12+00:00,area_trajectory,milford_haven,,1789599240000.0,,6.55049276351929
2026-09-17T00:33:12+00:00,area_trajectory,milford_haven,,1789599360000.0,,6.64082765579224
2026-09-17T00:33:12+00:00,area_trajectory,milford_haven,,1789599480000.0,,6.60420560836792
2026-09-17T00:33:12+00:00,area_trajectory,milford_haven,,1789599600000.0,,6.60420560836792
2026-09-17T00:33:12+00:00,area_trajectory,milford_haven,,1789599720000.0,,6.45283365249634
2026-09-17T00:33:12+00:00,area_trajectory,milford_haven,,1789599840000.0,,6.613971233367921
2026-09-17T00:33:12+00:00,area_trajectory,milford_haven,,1789599960000.0,,6.4552750587463406
2026-09-17T00:33:12+00:00,area_trajectory,milford_haven,,1789600080000.0,,6.54316854476929
2026-09-17T00:33:12+00:00,area_trajectory,milford_haven,,1789600200000.0,,6.4552750587463406
2026-09-17T00:33:12+00:00,area_trajectory,milford_haven,,1789600320000.0,,6.56270027160644
2026-09-17T00:33:12+00:00,area_trajectory,milford_haven,,1789600440000.0,,6.43086051940918
2026-09-17T00:33:12+00:00,area_trajectory,milford_haven,,1789600560000.0,,6.56025886535644
2026-09-17T00:33:12+00:00,area_trajectory,milford_haven,,1789600680000.0,,6.40888690948486
2026-09-17T00:33:12+00:00,area_trajectory,milford_haven,,1789600800000.0,,6.40888690948486
2026-09-17T00:33:12+00:00,area_trajectory,milford_haven,,1789600920000.0,,6.40888690948486
2026-09-17T00:33:12+00:00,area_trajectory,milford_haven,,1789601040000.0,,6.40888690948486
2026-09-17T00:33:12+00:00,area_trajectory,milford_haven,,1789601160000.0,,6.296578884124759
2026-09-17T00:33:12+00:00,area_trajectory,milford_haven,,1789601280000.0,,6.296578884124759
2026-09-17T00:33:12+00:00,area_trajectory,milford_haven,,1789601400000.0,,5.6837673187255895
2026-09-17T00:33:12+00:00,area_trajectory,milford_haven,,1789601520000.0,,5.47624111175537
2026-09-17T00:33:12+00:00,area_trajectory,milford_haven,,1789601640000.0,,5.47624111175537
2026-09-17T00:33:12+00:00,area_trajectory,milford_haven,,1789601760000.0,,5.36637449264526
2026-09-17T00:33:12+00:00,area_trajectory,milford_haven,,1789601880000.0,,5.36637449264526
2026-09-17T00:33:12+00:00,area_trajectory,milford_haven,,1789602000000.0,,5.45426797866821
2026-09-17T00:33:12+00:00,area_trajectory,milford_haven,,1789602120000.0,,5.31266212463379
2026-09-17T00:33:12+00:00,area_trajectory,milford_haven,,1789602240000.0,,5.31266212463379
2026-09-17T00:33:12+00:00,area_trajectory,milford_haven,,1789602360000.0,,5.42985343933106
2026-09-17T00:33:12+00:00,area_trajectory,milford_haven,,1789602480000.0,,5.42985343933106
2026-09-17T00:33:12+00:00,area_trajectory,milford_haven,,1789602600000.0,,5.42985343933106
2026-09-17T00:33:12+00:00,area_trajectory,milford_haven,,1789602720000.0,,5.52262926101685
2026-09-17T00:33:12+00:00,area_trajectory,milford_haven,,1789602840000.0,,5.52262926101685
2026-09-17T00:33:12+00:00,area_trajectory,milford_haven,,1789602960000.0,,5.52262926101685
2026-09-17T00:33:12+00:00,area_trajectory,milford_haven,,1789603080000.0,,6.3527331352233904
2026-09-17T00:33:12+00:00,area_trajectory,milford_haven,,1789603200000.0,,6.22577571868896
2026-09-17T00:33:12+00:00,area_trajectory,milford_haven,,1789603320000.0,,6.008484363555911
2026-09-17T00:33:12+00:00,area_trajectory,milford_haven,,1789603440000.0,,5.99871826171875
2026-09-17T00:33:12+00:00,area_trajectory,milford_haven,,1789603560000.0,,5.7716603279113805
2026-09-17T00:33:12+00:00,area_trajectory,milford_haven,,1789603680000.0,,5.7716603279113805
2026-09-17T00:33:12+00:00,area_trajectory,milford_haven,,1789603800000.0,,5.66423511505127
2026-09-17T00:33:12+00:00,area_trajectory,milford_haven,,1789603920000.0,,5.66423511505127
2026-09-17T00:33:12+00:00,area_trajectory,milford_haven,,1789604040000.0,,5.66423511505127
2026-09-17T00:33:12+00:00,area_trajectory,milford_haven,,1789604160000.0,,5.66423511505127
2026-09-17T00:33:12+00:00,area_trajectory,milford_haven,,1789604280000.0,,5.56657600402832
2026-09-17T00:33:12+00:00,area_trajectory,milford_haven,,1789604400000.0,,5.56657600402832
2026-09-17T00:33:12+00:00,area_trajectory,milford_haven,,1789604520000.0,,5.56657600402832
2026-09-17T00:33:12+00:00,area_trajectory,milford_haven,,1789604640000.0,,5.56657600402832
2026-09-17T00:33:12+00:00,area_trajectory,milford_haven,,1789604760000.0,,5.43717765808106
2026-09-17T00:33:12+00:00,area_trajectory,milford_haven,,1789604880000.0,,5.43717765808106
2026-09-17T00:33:12+00:00,area_trajectory,milford_haven,,1789605000000.0,,5.4274115562439
2026-09-17T00:33:12+00:00,area_trajectory,milford_haven,,1789605120000.0,,5.4274115562439
2026-09-17T00:33:12+00:00,area_trajectory,milford_haven,,1789605240000.0,,5.22232723236084
2026-09-17T00:33:12+00:00,area_trajectory,milford_haven,,1789605360000.0,,5.20279550552368
2026-09-17T00:33:12+00:00,area_trajectory,milford_haven,,1789605480000.0,,5.20279550552368
2026-09-17T00:33:12+00:00,area_trajectory,milford_haven,,1789605600000.0,,5.35660886764526
2026-09-17T00:33:12+00:00,area_trajectory,milford_haven,,1789605720000.0,,5.0514235496521005
2026-09-17T00:33:12+00:00,area_trajectory,milford_haven,,1789605840000.0,,5.134434223175051
2026-09-17T00:33:12+00:00,area_trajectory,milford_haven,,1789605960000.0,,5.0440993309021
2026-09-17T00:33:12+00:00,area_trajectory,milford_haven,,1789606080000.0,,5.0440993309021
2026-09-17T00:33:12+00:00,area_trajectory,milford_haven,,1789606200000.0,,4.88296127319336
2026-09-17T00:33:12+00:00,area_trajectory,milford_haven,,1789606320000.0,,4.88296127319336
2026-09-17T00:33:12+00:00,area_trajectory,milford_haven,,1789606440000.0,,4.88296127319336
2026-09-17T00:33:12+00:00,area_trajectory,milford_haven,,1789606560000.0,,5.06851387023926
2026-09-17T00:33:12+00:00,area_trajectory,milford_haven,,1789606680000.0,,4.84633922576904
2026-09-17T00:33:12+00:00,area_trajectory,milford_haven,,1789606800000.0,,4.84633922576904
2026-09-17T00:33:12+00:00,area_trajectory,milford_haven,,1789606920000.0,,4.84633922576904
2026-09-17T00:33:12+00:00,area_trajectory,milford_haven,,1789607040000.0,,5.01236009597778
2026-09-17T00:33:12+00:00,area_trajectory,milford_haven,,1789607160000.0,,5.01236009597778
2026-09-17T00:33:12+00:00,area_trajectory,milford_haven,,1789607280000.0,,4.8634295463562
2026-09-17T00:33:12+00:00,area_trajectory,milford_haven,,1789607400000.0,,4.8634295463562
2026-09-17T00:33:12+00:00,area_trajectory,milford_haven,,1789607520000.0,,4.8634295463562
2026-09-17T00:33:12+00:00,area_trajectory,milford_haven,,1789607640000.0,,5.0538649559021005
2026-09-17T00:33:12+00:00,area_trajectory,milford_haven,,1789607760000.0,,4.9317913055419895
2026-09-17T00:33:12+00:00,area_trajectory,milford_haven,,1789607880000.0,,4.9317913055419895
2026-09-17T00:33:12+00:00,area_trajectory,milford_haven,,1789608000000.0,,4.98794507980347
2026-09-17T00:33:12+00:00,area_trajectory,milford_haven,,1789608120000.0,,5.0709557533264205
2026-09-17T00:33:12+00:00,subterminal_latest,grain,nts1,,01:12,0.00
2026-09-17T00:33:12+00:00,subterminal_latest,grain,nts1,,01:14,0.00
2026-09-17T00:33:12+00:00,subterminal_latest,grain,nts1,,01:16,0.00
2026-09-17T00:33:12+00:00,subterminal_latest,grain,nts1,,01:18,0.00
2026-09-17T00:33:12+00:00,subterminal_latest,grain,nts1,,01:20,0.00
2026-09-17T00:33:12+00:00,subterminal_latest,grain,nts1,,01:22,0.00
2026-09-17T00:33:12+00:00,subterminal_latest,grain,nts2,,01:12,0.00
2026-09-17T00:33:12+00:00,subterminal_latest,grain,nts2,,01:14,0.00
2026-09-17T00:33:12+00:00,subterminal_latest,grain,nts2,,01:16,0.00
2026-09-17T00:33:12+00:00,subterminal_latest,grain,nts2,,01:18,0.00
2026-09-17T00:33:12+00:00,subterminal_latest,grain,nts2,,01:20,0.00
2026-09-17T00:33:12+00:00,subterminal_latest,grain,nts2,,01:22,0.00
2026-09-17T00:33:12+00:00,subterminal_latest,dragon,,,01:12,0.00
2026-09-17T00:33:12+00:00,subterminal_latest,dragon,,,01:14,0.00
2026-09-17T00:33:12+00:00,subterminal_latest,dragon,,,01:16,0.00
2026-09-17T00:33:12+00:00,subterminal_latest,dragon,,,01:18,0.00
2026-09-17T00:33:12+00:00,subterminal_latest,dragon,,,01:20,0.00
2026-09-17T00:33:12+00:00,subterminal_latest,dragon,,,01:22,0.00
2026-09-17T00:33:12+00:00,subterminal_latest,south_hook,,,01:12,5.05
2026-09-17T00:33:12+00:00,subterminal_latest,south_hook,,,01:14,5.05
2026-09-17T00:33:12+00:00,subterminal_latest,south_hook,,,01:16,4.93
2026-09-17T00:33:12+00:00,subterminal_latest,south_hook,,,01:18,4.82
2026-09-17T00:33:12+00:00,subterminal_latest,south_hook,,,01:20,4.99
2026-09-17T00:33:12+00:00,subterminal_latest,south_hook,,,01:22,5.07
