snapshot_utc,series,terminal,sub,epoch_ms,time_label,value_mcm_d
2026-10-07T23:19:41+00:00,area_trajectory,grain,,1791349200000.0,,3.1640987547151704
2026-10-07T23:19:41+00:00,area_trajectory,grain,,1791349320000.0,,3.1640987547151704
2026-10-07T23:19:41+00:00,area_trajectory,grain,,1791349440000.0,,3.1476185301058
2026-10-07T23:19:41+00:00,area_trajectory,grain,,1791349560000.0,,3.2092536619417396
2026-10-07T23:19:41+00:00,area_trajectory,grain,,1791349680000.0,,3.2092536619417396
2026-10-07T23:19:41+00:00,area_trajectory,grain,,1791349800000.0,,3.15025561506674
2026-10-07T23:19:41+00:00,area_trajectory,grain,,1791349920000.0,,3.15025561506674
2026-10-07T23:19:41+00:00,area_trajectory,grain,,1791350040000.0,,3.17200891096517
2026-10-07T23:19:41+00:00,area_trajectory,grain,,1791350160000.0,,3.17200891096517
2026-10-07T23:19:41+00:00,area_trajectory,grain,,1791350280000.0,,3.17200891096517
2026-10-07T23:19:41+00:00,area_trajectory,grain,,1791350400000.0,,3.17200891096517
2026-10-07T23:19:41+00:00,area_trajectory,grain,,1791350520000.0,,3.2155162351839204
2026-10-07T23:19:41+00:00,area_trajectory,grain,,1791350640000.0,,3.2155162351839204
2026-10-07T23:19:41+00:00,area_trajectory,grain,,1791350760000.0,,3.15684741194174
2026-10-07T23:19:41+00:00,area_trajectory,grain,,1791350880000.0,,3.15684741194174
2026-10-07T23:19:41+00:00,area_trajectory,grain,,1791351000000.0,,3.15684741194174
2026-10-07T23:19:41+00:00,area_trajectory,grain,,1791351120000.0,,3.15684741194174
2026-10-07T23:19:41+00:00,area_trajectory,grain,,1791351240000.0,,3.2000251463167397
2026-10-07T23:19:41+00:00,area_trajectory,grain,,1791351360000.0,,3.2000251463167397
2026-10-07T23:19:41+00:00,area_trajectory,grain,,1791351480000.0,,3.1416859129183
2026-10-07T23:19:41+00:00,area_trajectory,grain,,1791351600000.0,,3.1416859129183
2026-10-07T23:19:41+00:00,area_trajectory,grain,,1791351720000.0,,3.1640987547151704
2026-10-07T23:19:41+00:00,area_trajectory,grain,,1791351840000.0,,3.1640987547151704
2026-10-07T23:19:41+00:00,area_trajectory,grain,,1791351960000.0,,3.18585205061361
2026-10-07T23:19:41+00:00,area_trajectory,grain,,1791352080000.0,,3.18585205061361
2026-10-07T23:19:41+00:00,area_trajectory,grain,,1791352200000.0,,3.2267226560823596
2026-10-07T23:19:41+00:00,area_trajectory,grain,,1791352320000.0,,3.2267226560823596
2026-10-07T23:19:41+00:00,area_trajectory,grain,,1791352440000.0,,3.16706506330892
2026-10-07T23:19:41+00:00,area_trajectory,grain,,1791352560000.0,,3.16706506330892
2026-10-07T23:19:41+00:00,area_trajectory,grain,,1791352680000.0,,3.1901370847933
2026-10-07T23:19:41+00:00,area_trajectory,grain,,1791352800000.0,,3.1901370847933
2026-10-07T23:19:41+00:00,area_trajectory,grain,,1791352920000.0,,3.1901370847933
2026-10-07T23:19:41+00:00,area_trajectory,grain,,1791353040000.0,,3.1495960691683
2026-10-07T23:19:41+00:00,area_trajectory,grain,,1791353160000.0,,3.1495960691683
2026-10-07T23:19:41+00:00,area_trajectory,grain,,1791353280000.0,,3.1495960691683
2026-10-07T23:19:41+00:00,area_trajectory,grain,,1791353400000.0,,3.16970178205892
2026-10-07T23:19:41+00:00,area_trajectory,grain,,1791353520000.0,,3.16970178205892
2026-10-07T23:19:41+00:00,area_trajectory,grain,,1791353640000.0,,3.14597058088705
2026-10-07T23:19:41+00:00,area_trajectory,grain,,1791353760000.0,,3.14597058088705
2026-10-07T23:19:41+00:00,area_trajectory,grain,,1791353880000.0,,3.1647579344026697
2026-10-07T23:19:41+00:00,area_trajectory,grain,,1791354000000.0,,3.1647579344026697
2026-10-07T23:19:41+00:00,area_trajectory,grain,,1791354120000.0,,3.1647579344026697
2026-10-07T23:19:41+00:00,area_trajectory,grain,,1791354240000.0,,3.1647579344026697
2026-10-07T23:19:41+00:00,area_trajectory,grain,,1791354360000.0,,3.14333386213705
2026-10-07T23:19:41+00:00,area_trajectory,grain,,1791354480000.0,,3.14333386213705
2026-10-07T23:19:41+00:00,area_trajectory,grain,,1791354600000.0,,3.12158020002767
2026-10-07T23:19:41+00:00,area_trajectory,grain,,1791354720000.0,,3.12158020002767
2026-10-07T23:19:41+00:00,area_trajectory,grain,,1791354840000.0,,3.20068432600424
2026-10-07T23:19:41+00:00,area_trajectory,grain,,1791354960000.0,,3.20068432600424
2026-10-07T23:19:41+00:00,area_trajectory,grain,,1791355080000.0,,3.2395770261995502
2026-10-07T23:19:41+00:00,area_trajectory,grain,,1791355200000.0,,3.2395770261995502
2026-10-07T23:19:41+00:00,area_trajectory,grain,,1791355320000.0,,3.1762939451448595
2026-10-07T23:19:41+00:00,area_trajectory,grain,,1791355440000.0,,3.1762939451448595
2026-10-07T23:19:41+00:00,area_trajectory,grain,,1791355560000.0,,3.1762939451448595
2026-10-07T23:19:41+00:00,area_trajectory,grain,,1791355680000.0,,3.1762939451448595
2026-10-07T23:19:41+00:00,area_trajectory,grain,,1791355800000.0,,3.19310339338705
2026-10-07T23:19:41+00:00,area_trajectory,grain,,1791355920000.0,,3.19310339338705
2026-10-07T23:19:41+00:00,area_trajectory,grain,,1791356040000.0,,3.2099128416292397
2026-10-07T23:19:41+00:00,area_trajectory,grain,,1791356160000.0,,3.2099128416292397
2026-10-07T23:19:41+00:00,area_trajectory,grain,,1791356280000.0,,3.18782995588705
2026-10-07T23:19:41+00:00,area_trajectory,grain,,1791356400000.0,,3.18782995588705
2026-10-07T23:19:41+00:00,area_trajectory,grain,,1791356520000.0,,3.18782995588705
2026-10-07T23:19:41+00:00,area_trajectory,grain,,1791356640000.0,,3.16739465315267
2026-10-07T23:19:41+00:00,area_trajectory,grain,,1791356760000.0,,3.2240859373323603
2026-10-07T23:19:41+00:00,area_trajectory,grain,,1791356880000.0,,3.2240859373323603
2026-10-07T23:19:41+00:00,area_trajectory,grain,,1791357000000.0,,3.14135632307455
2026-10-07T23:19:41+00:00,area_trajectory,grain,,1791357120000.0,,3.14135632307455
2026-10-07T23:19:41+00:00,area_trajectory,grain,,1791357240000.0,,3.14135632307455
2026-10-07T23:19:41+00:00,area_trajectory,grain,,1791357360000.0,,3.14135632307455
2026-10-07T23:19:41+00:00,area_trajectory,grain,,1791357480000.0,,3.21584582502767
2026-10-07T23:19:41+00:00,area_trajectory,grain,,1791357600000.0,,3.21584582502767
2026-10-07T23:19:41+00:00,area_trajectory,grain,,1791357720000.0,,3.21584582502767
2026-10-07T23:19:41+00:00,area_trajectory,grain,,1791357840000.0,,3.21584582502767
2026-10-07T23:19:41+00:00,area_trajectory,grain,,1791357960000.0,,3.15157397444174
2026-10-07T23:19:41+00:00,area_trajectory,grain,,1791358080000.0,,3.15157397444174
2026-10-07T23:19:41+00:00,area_trajectory,grain,,1791358200000.0,,3.1693721922151696
2026-10-07T23:19:41+00:00,area_trajectory,grain,,1791358320000.0,,3.1693721922151696
2026-10-07T23:19:41+00:00,area_trajectory,grain,,1791358440000.0,,3.1476185301058
2026-10-07T23:19:41+00:00,area_trajectory,grain,,1791358560000.0,,3.1476185301058
2026-10-07T23:19:41+00:00,area_trajectory,grain,,1791358680000.0,,3.18420410139486
2026-10-07T23:19:41+00:00,area_trajectory,grain,,1791358800000.0,,3.18420410139486
2026-10-07T23:19:41+00:00,area_trajectory,grain,,1791358920000.0,,3.1426746824495497
2026-10-07T23:19:41+00:00,area_trajectory,grain,,1791359040000.0,,3.1426746824495497
2026-10-07T23:19:41+00:00,area_trajectory,grain,,1791359160000.0,,3.18024902326986
2026-10-07T23:19:41+00:00,area_trajectory,grain,,1791359280000.0,,3.18024902326986
2026-10-07T23:19:41+00:00,area_trajectory,grain,,1791359400000.0,,3.1397083738558
2026-10-07T23:19:41+00:00,area_trajectory,grain,,1791359520000.0,,3.1397083738558
2026-10-07T23:19:41+00:00,area_trajectory,grain,,1791359640000.0,,3.1397083738558
2026-10-07T23:19:41+00:00,area_trajectory,grain,,1791359760000.0,,3.1397083738558
2026-10-07T23:19:41+00:00,area_trajectory,grain,,1791359880000.0,,3.1954105222933
2026-10-07T23:19:41+00:00,area_trajectory,grain,,1791360000000.0,,3.1954105222933
2026-10-07T23:19:41+00:00,area_trajectory,grain,,1791360120000.0,,3.1954105222933
2026-10-07T23:19:41+00:00,area_trajectory,grain,,1791360240000.0,,3.13443457014486
2026-10-07T23:19:41+00:00,area_trajectory,grain,,1791360360000.0,,3.13443457014486
2026-10-07T23:19:41+00:00,area_trajectory,grain,,1791360480000.0,,3.13443457014486
2026-10-07T23:19:41+00:00,area_trajectory,grain,,1791360600000.0,,3.13443457014486
2026-10-07T23:19:41+00:00,area_trajectory,grain,,1791360720000.0,,3.0919163816683
2026-10-07T23:19:41+00:00,area_trajectory,grain,,1791360840000.0,,3.0919163816683
2026-10-07T23:19:41+00:00,area_trajectory,grain,,1791360960000.0,,3.0919163816683
2026-10-07T23:19:41+00:00,area_trajectory,grain,,1791361080000.0,,3.0919163816683
2026-10-07T23:19:41+00:00,area_trajectory,grain,,1791361200000.0,,3.16904260237142
2026-10-07T23:19:41+00:00,area_trajectory,grain,,1791361320000.0,,3.16904260237142
2026-10-07T23:19:41+00:00,area_trajectory,grain,,1791361440000.0,,3.16904260237142
2026-10-07T23:19:41+00:00,area_trajectory,grain,,1791361560000.0,,3.1476185301058
2026-10-07T23:19:41+00:00,area_trajectory,grain,,1791361680000.0,,3.1476185301058
2026-10-07T23:19:41+00:00,area_trajectory,grain,,1791361800000.0,,3.1476185301058
2026-10-07T23:19:41+00:00,area_trajectory,grain,,1791361920000.0,,3.1476185301058
2026-10-07T23:19:41+00:00,area_trajectory,grain,,1791362040000.0,,3.08664257795736
2026-10-07T23:19:41+00:00,area_trajectory,grain,,1791362160000.0,,3.08664257795736
2026-10-07T23:19:41+00:00,area_trajectory,grain,,1791362280000.0,,3.1248760984651702
2026-10-07T23:19:41+00:00,area_trajectory,grain,,1791362400000.0,,3.1248760984651702
2026-10-07T23:19:41+00:00,area_trajectory,grain,,1791362520000.0,,3.14531140119955
2026-10-07T23:19:41+00:00,area_trajectory,grain,,1791362640000.0,,3.14531140119955
2026-10-07T23:19:41+00:00,area_trajectory,grain,,1791362760000.0,,3.14531140119955
2026-10-07T23:19:41+00:00,area_trajectory,grain,,1791362880000.0,,3.14531140119955
2026-10-07T23:19:41+00:00,area_trajectory,grain,,1791363000000.0,,3.14531140119955
2026-10-07T23:19:41+00:00,area_trajectory,grain,,1791363120000.0,,3.1248760984651702
2026-10-07T23:19:41+00:00,area_trajectory,grain,,1791363240000.0,,3.0869721678011097
2026-10-07T23:19:41+00:00,area_trajectory,grain,,1791363360000.0,,3.0869721678011097
2026-10-07T23:19:41+00:00,area_trajectory,grain,,1791363480000.0,,3.06620745832846
2026-10-07T23:19:41+00:00,area_trajectory,grain,,1791363600000.0,,3.06620745832846
2026-10-07T23:19:41+00:00,area_trajectory,grain,,1791363720000.0,,3.06620745832846
2026-10-07T23:19:41+00:00,area_trajectory,grain,,1791363840000.0,,3.10608911116049
2026-10-07T23:19:41+00:00,area_trajectory,grain,,1791363960000.0,,3.0869721678011097
2026-10-07T23:19:41+00:00,area_trajectory,grain,,1791364080000.0,,3.0869721678011097
2026-10-07T23:19:41+00:00,area_trajectory,grain,,1791364200000.0,,3.10608911116049
2026-10-07T23:19:41+00:00,area_trajectory,grain,,1791364320000.0,,3.10608911116049
2026-10-07T23:19:41+00:00,area_trajectory,grain,,1791364440000.0,,3.02566662580892
2026-10-07T23:19:41+00:00,area_trajectory,grain,,1791364560000.0,,3.02566662580892
2026-10-07T23:19:41+00:00,area_trajectory,grain,,1791364680000.0,,2.98578515608236
2026-10-07T23:19:41+00:00,area_trajectory,grain,,1791364800000.0,,2.98578515608236
2026-10-07T23:19:41+00:00,area_trajectory,grain,,1791364920000.0,,3.0447833860628304
2026-10-07T23:19:41+00:00,area_trajectory,grain,,1791365040000.0,,3.0447833860628304
2026-10-07T23:19:41+00:00,area_trajectory,grain,,1791365160000.0,,3.0243482664339196
2026-10-07T23:19:41+00:00,area_trajectory,grain,,1791365280000.0,,3.0243482664339196
2026-10-07T23:19:41+00:00,area_trajectory,grain,,1791365400000.0,,3.0243482664339196
2026-10-07T23:19:41+00:00,area_trajectory,grain,,1791365520000.0,,3.0243482664339196
2026-10-07T23:19:41+00:00,area_trajectory,grain,,1791365640000.0,,3.04511315901205
2026-10-07T23:19:41+00:00,area_trajectory,grain,,1791365760000.0,,3.04511315901205
2026-10-07T23:19:41+00:00,area_trajectory,grain,,1791365880000.0,,2.96567944319174
2026-10-07T23:19:41+00:00,area_trajectory,grain,,1791366000000.0,,2.96567944319174
2026-10-07T23:19:41+00:00,area_trajectory,grain,,1791366120000.0,,2.98578515608236
2026-10-07T23:19:41+00:00,area_trajectory,grain,,1791366240000.0,,2.98578515608236
2026-10-07T23:19:41+00:00,area_trajectory,grain,,1791366360000.0,,3.00720904524252
2026-10-07T23:19:41+00:00,area_trajectory,grain,,1791366480000.0,,3.00720904524252
2026-10-07T23:19:41+00:00,area_trajectory,grain,,1791366600000.0,,3.02698498518392
2026-10-07T23:19:41+00:00,area_trajectory,grain,,1791366720000.0,,3.02698498518392
2026-10-07T23:19:41+00:00,area_trajectory,grain,,1791366840000.0,,3.02698498518392
2026-10-07T23:19:41+00:00,area_trajectory,grain,,1791366960000.0,,3.02698498518392
2026-10-07T23:19:41+00:00,area_trajectory,grain,,1791367080000.0,,3.02698498518392
2026-10-07T23:19:41+00:00,area_trajectory,grain,,1791367200000.0,,3.02698498518392
2026-10-07T23:19:41+00:00,area_trajectory,grain,,1791367320000.0,,3.02698498518392
2026-10-07T23:19:41+00:00,area_trajectory,grain,,1791367440000.0,,3.0068794553987703
2026-10-07T23:19:41+00:00,area_trajectory,grain,,1791367560000.0,,2.9683163450472096
2026-10-07T23:19:41+00:00,area_trajectory,grain,,1791367680000.0,,2.9683163450472096
2026-10-07T23:19:41+00:00,area_trajectory,grain,,1791367800000.0,,3.0085274046175203
2026-10-07T23:19:41+00:00,area_trajectory,grain,,1791367920000.0,,3.0085274046175203
2026-10-07T23:19:41+00:00,area_trajectory,grain,,1791368040000.0,,3.02797393782064
2026-10-07T23:19:41+00:00,area_trajectory,grain,,1791368160000.0,,3.02797393782064
2026-10-07T23:19:41+00:00,area_trajectory,grain,,1791368280000.0,,3.02797393782064
2026-10-07T23:19:41+00:00,area_trajectory,grain,,1791368400000.0,,3.02797393782064
2026-10-07T23:19:41+00:00,area_trajectory,grain,,1791368520000.0,,2.9495291746370498
2026-10-07T23:19:41+00:00,area_trajectory,grain,,1791368640000.0,,2.9495291746370498
2026-10-07T23:19:41+00:00,area_trajectory,grain,,1791368760000.0,,3.00720904524252
2026-10-07T23:19:41+00:00,area_trajectory,grain,,1791368880000.0,,3.00720904524252
2026-10-07T23:19:41+00:00,area_trajectory,grain,,1791369000000.0,,3.00720904524252
2026-10-07T23:19:41+00:00,area_trajectory,grain,,1791369120000.0,,3.00720904524252
2026-10-07T23:19:41+00:00,area_trajectory,grain,,1791369240000.0,,3.00720904524252
2026-10-07T23:19:41+00:00,area_trajectory,grain,,1791369360000.0,,3.00720904524252
2026-10-07T23:19:41+00:00,area_trajectory,grain,,1791369480000.0,,3.06818499739096
2026-10-07T23:19:41+00:00,area_trajectory,grain,,1791369600000.0,,3.06818499739096
2026-10-07T23:19:41+00:00,area_trajectory,grain,,1791369720000.0,,2.98842187483236
2026-10-07T23:19:41+00:00,area_trajectory,grain,,1791369840000.0,,2.98842187483236
2026-10-07T23:19:41+00:00,area_trajectory,grain,,1791369960000.0,,3.0098459470979897
2026-10-07T23:19:41+00:00,area_trajectory,grain,,1791370080000.0,,3.0098459470979897
2026-10-07T23:19:41+00:00,area_trajectory,grain,,1791370200000.0,,3.0098459470979897
2026-10-07T23:19:41+00:00,area_trajectory,grain,,1791370320000.0,,3.0098459470979897
2026-10-07T23:19:41+00:00,area_trajectory,grain,,1791370440000.0,,2.97161224348471
2026-10-07T23:19:41+00:00,area_trajectory,grain,,1791370560000.0,,2.97161224348471
2026-10-07T23:19:41+00:00,area_trajectory,grain,,1791370680000.0,,2.95282507307455
2026-10-07T23:19:41+00:00,area_trajectory,grain,,1791370800000.0,,2.95282507307455
2026-10-07T23:19:41+00:00,area_trajectory,grain,,1791370920000.0,,2.95282507307455
2026-10-07T23:19:41+00:00,area_trajectory,grain,,1791371040000.0,,2.9927067259065803
2026-10-07T23:19:41+00:00,area_trajectory,grain,,1791371160000.0,,3.03225860578939
2026-10-07T23:19:41+00:00,area_trajectory,grain,,1791371280000.0,,3.03225860578939
2026-10-07T23:19:41+00:00,area_trajectory,grain,,1791371400000.0,,3.07181066877767
2026-10-07T23:19:41+00:00,area_trajectory,grain,,1791371520000.0,,3.07181066877767
2026-10-07T23:19:41+00:00,area_trajectory,grain,,1791371640000.0,,2.97424914534017
2026-10-07T23:19:41+00:00,area_trajectory,grain,,1791371760000.0,,2.97424914534017
2026-10-07T23:19:41+00:00,area_trajectory,grain,,1791371880000.0,,2.99534344465658
2026-10-07T23:19:41+00:00,area_trajectory,grain,,1791372000000.0,,2.99534344465658
2026-10-07T23:19:41+00:00,area_trajectory,grain,,1791372120000.0,,3.0559898069612697
2026-10-07T23:19:41+00:00,area_trajectory,grain,,1791372240000.0,,3.0559898069612697
2026-10-07T23:19:41+00:00,area_trajectory,grain,,1791372360000.0,,2.9768858640901703
2026-10-07T23:19:41+00:00,area_trajectory,grain,,1791372480000.0,,2.9768858640901703
2026-10-07T23:19:41+00:00,area_trajectory,grain,,1791372600000.0,,2.99732116682455
2026-10-07T23:19:41+00:00,area_trajectory,grain,,1791372720000.0,,2.99732116682455
2026-10-07T23:19:41+00:00,area_trajectory,grain,,1791372840000.0,,3.0180858762972105
2026-10-07T23:19:41+00:00,area_trajectory,grain,,1791372960000.0,,3.0180858762972105
2026-10-07T23:19:41+00:00,area_trajectory,grain,,1791373080000.0,,3.06093383772299
2026-10-07T23:19:41+00:00,area_trajectory,grain,,1791373200000.0,,3.06093383772299
2026-10-07T23:19:41+00:00,area_trajectory,grain,,1791373320000.0,,3.00259460432455
2026-10-07T23:19:41+00:00,area_trajectory,grain,,1791373440000.0,,3.00259460432455
2026-10-07T23:19:41+00:00,area_trajectory,grain,,1791373560000.0,,3.02566662580892
2026-10-07T23:19:41+00:00,area_trajectory,grain,,1791373680000.0,,3.02566662580892
2026-10-07T23:19:41+00:00,area_trajectory,grain,,1791373800000.0,,3.02566662580892
2026-10-07T23:19:41+00:00,area_trajectory,grain,,1791373920000.0,,3.02566662580892
2026-10-07T23:19:41+00:00,area_trajectory,grain,,1791374040000.0,,2.98776269514486
2026-10-07T23:19:41+00:00,area_trajectory,grain,,1791374160000.0,,2.98776269514486
2026-10-07T23:19:41+00:00,area_trajectory,grain,,1791374280000.0,,3.0289627073518903
2026-10-07T23:19:41+00:00,area_trajectory,grain,,1791374400000.0,,3.0289627073518903
2026-10-07T23:19:41+00:00,area_trajectory,grain,,1791374520000.0,,3.0289627073518903
2026-10-07T23:19:41+00:00,area_trajectory,grain,,1791374640000.0,,3.00885699446127
2026-10-07T23:19:41+00:00,area_trajectory,grain,,1791374760000.0,,3.00885699446127
2026-10-07T23:19:41+00:00,area_trajectory,grain,,1791374880000.0,,3.00885699446127
2026-10-07T23:19:41+00:00,area_trajectory,grain,,1791375000000.0,,3.02797393782064
2026-10-07T23:19:41+00:00,area_trajectory,grain,,1791375120000.0,,3.02797393782064
2026-10-07T23:19:41+00:00,area_trajectory,grain,,1791375240000.0,,3.00786822493002
2026-10-07T23:19:41+00:00,area_trajectory,grain,,1791375360000.0,,3.00786822493002
2026-10-07T23:19:41+00:00,area_trajectory,grain,,1791375480000.0,,3.00786822493002
2026-10-07T23:19:41+00:00,area_trajectory,grain,,1791375600000.0,,3.00786822493002
2026-10-07T23:19:41+00:00,area_trajectory,grain,,1791375720000.0,,3.0470906980745496
2026-10-07T23:19:41+00:00,area_trajectory,grain,,1791375840000.0,,3.0470906980745496
2026-10-07T23:19:41+00:00,area_trajectory,grain,,1791375960000.0,,3.02929229719564
2026-10-07T23:19:41+00:00,area_trajectory,grain,,1791376080000.0,,3.02929229719564
2026-10-07T23:19:41+00:00,area_trajectory,grain,,1791376200000.0,,2.9706234739534603
2026-10-07T23:19:41+00:00,area_trajectory,grain,,1791376320000.0,,2.9706234739534603
2026-10-07T23:19:41+00:00,area_trajectory,grain,,1791376440000.0,,2.99204754621908
2026-10-07T23:19:41+00:00,area_trajectory,grain,,1791376560000.0,,2.99204754621908
2026-10-07T23:19:41+00:00,area_trajectory,grain,,1791376680000.0,,3.05335308821127
2026-10-07T23:19:41+00:00,area_trajectory,grain,,1791376800000.0,,3.05335308821127
2026-10-07T23:19:41+00:00,area_trajectory,grain,,1791376920000.0,,2.97523791487142
2026-10-07T23:19:41+00:00,area_trajectory,grain,,1791377040000.0,,2.97523791487142
2026-10-07T23:19:41+00:00,area_trajectory,grain,,1791377160000.0,,2.99468426496908
2026-10-07T23:19:41+00:00,area_trajectory,grain,,1791377280000.0,,2.99468426496908
2026-10-07T23:19:41+00:00,area_trajectory,grain,,1791377400000.0,,3.0348955076448596
2026-10-07T23:19:41+00:00,area_trajectory,grain,,1791377520000.0,,3.0348955076448596
2026-10-07T23:19:41+00:00,area_trajectory,grain,,1791377640000.0,,3.0348955076448596
2026-10-07T23:19:41+00:00,area_trajectory,grain,,1791377760000.0,,3.0348955076448596
2026-10-07T23:19:41+00:00,area_trajectory,grain,,1791377880000.0,,2.9950138548128296
2026-10-07T23:19:41+00:00,area_trajectory,grain,,1791378000000.0,,2.9950138548128296
2026-10-07T23:19:41+00:00,area_trajectory,grain,,1791378120000.0,,2.9950138548128296
2026-10-07T23:19:41+00:00,area_trajectory,grain,,1791378240000.0,,2.9950138548128296
2026-10-07T23:19:41+00:00,area_trajectory,grain,,1791378360000.0,,2.9950138548128296
2026-10-07T23:19:41+00:00,area_trajectory,grain,,1791378480000.0,,2.9950138548128296
2026-10-07T23:19:41+00:00,area_trajectory,grain,,1791378600000.0,,3.0721402586214195
2026-10-07T23:19:41+00:00,area_trajectory,grain,,1791378720000.0,,3.0721402586214195
2026-10-07T23:19:41+00:00,area_trajectory,grain,,1791378840000.0,,2.9933659055940804
2026-10-07T23:19:41+00:00,area_trajectory,grain,,1791378960000.0,,2.9933659055940804
2026-10-07T23:19:41+00:00,area_trajectory,grain,,1791379080000.0,,3.03324755842611
2026-10-07T23:19:41+00:00,area_trajectory,grain,,1791379200000.0,,3.03324755842611
2026-10-07T23:19:41+00:00,area_trajectory,grain,,1791379320000.0,,3.05203472883627
2026-10-07T23:19:41+00:00,area_trajectory,grain,,1791379440000.0,,3.05203472883627
2026-10-07T23:19:41+00:00,area_trajectory,grain,,1791379560000.0,,2.9927067259065803
2026-10-07T23:19:41+00:00,area_trajectory,grain,,1791379680000.0,,2.9927067259065803
2026-10-07T23:19:41+00:00,area_trajectory,grain,,1791379800000.0,,3.01248266584799
2026-10-07T23:19:41+00:00,area_trajectory,grain,,1791379920000.0,,3.01248266584799
2026-10-07T23:19:41+00:00,area_trajectory,grain,,1791380040000.0,,3.0325881956331404
2026-10-07T23:19:41+00:00,area_trajectory,grain,,1791380160000.0,,3.0325881956331404
2026-10-07T23:19:41+00:00,area_trajectory,grain,,1791380280000.0,,3.0151195677034597
2026-10-07T23:19:41+00:00,area_trajectory,grain,,1791380400000.0,,3.0151195677034597
2026-10-07T23:19:41+00:00,area_trajectory,grain,,1791380520000.0,,2.9969913938753296
2026-10-07T23:19:41+00:00,area_trajectory,grain,,1791380640000.0,,2.9969913938753296
2026-10-07T23:19:41+00:00,area_trajectory,grain,,1791380760000.0,,3.01775628645346
2026-10-07T23:19:41+00:00,area_trajectory,grain,,1791380880000.0,,3.01775628645346
2026-10-07T23:19:41+00:00,area_trajectory,grain,,1791381000000.0,,3.05994506819174
2026-10-07T23:19:41+00:00,area_trajectory,grain,,1791381120000.0,,3.05994506819174
2026-10-07T23:19:41+00:00,area_trajectory,grain,,1791381240000.0,,3.05994506819174
2026-10-07T23:19:41+00:00,area_trajectory,grain,,1791381360000.0,,3.05994506819174
2026-10-07T23:19:41+00:00,area_trajectory,grain,,1791381480000.0,,2.95941705305502
2026-10-07T23:19:41+00:00,area_trajectory,grain,,1791381600000.0,,2.95941705305502
2026-10-07T23:19:41+00:00,area_trajectory,grain,,1791381720000.0,,2.95941705305502
2026-10-07T23:19:41+00:00,area_trajectory,grain,,1791381840000.0,,3.00127624494955
2026-10-07T23:19:41+00:00,area_trajectory,grain,,1791381960000.0,,2.9630427244417397
2026-10-07T23:19:41+00:00,area_trajectory,grain,,1791382080000.0,,2.9630427244417397
2026-10-07T23:19:41+00:00,area_trajectory,grain,,1791382200000.0,,3.0437946165315797
2026-10-07T23:19:41+00:00,area_trajectory,grain,,1791382320000.0,,3.0437946165315797
2026-10-07T23:19:41+00:00,area_trajectory,grain,,1791382440000.0,,3.0437946165315797
2026-10-07T23:19:41+00:00,area_trajectory,grain,,1791382560000.0,,3.0437946165315797
2026-10-07T23:19:41+00:00,area_trajectory,grain,,1791382680000.0,,2.9821594846956403
2026-10-07T23:19:41+00:00,area_trajectory,grain,,1791382800000.0,,2.9821594846956403
2026-10-07T23:19:41+00:00,area_trajectory,grain,,1791382920000.0,,3.06324114973471
2026-10-07T23:19:41+00:00,area_trajectory,grain,,1791383040000.0,,3.06324114973471
2026-10-07T23:19:41+00:00,area_trajectory,grain,,1791383160000.0,,3.06324114973471
2026-10-07T23:19:41+00:00,area_trajectory,grain,,1791383280000.0,,3.06324114973471
2026-10-07T23:19:41+00:00,area_trajectory,grain,,1791383400000.0,,2.9623835447542404
2026-10-07T23:19:41+00:00,area_trajectory,grain,,1791383520000.0,,2.9623835447542404
2026-10-07T23:19:41+00:00,area_trajectory,grain,,1791383640000.0,,3.0401691282503305
2026-10-07T23:19:41+00:00,area_trajectory,grain,,1791383760000.0,,3.0401691282503305
2026-10-07T23:19:41+00:00,area_trajectory,grain,,1791383880000.0,,2.9992987058870497
2026-10-07T23:19:41+00:00,area_trajectory,grain,,1791384000000.0,,2.9992987058870497
2026-10-07T23:19:41+00:00,area_trajectory,grain,,1791384120000.0,,2.97952276594564
2026-10-07T23:19:41+00:00,area_trajectory,grain,,1791384240000.0,,2.97952276594564
2026-10-07T23:19:41+00:00,area_trajectory,grain,,1791384360000.0,,3.0391803587190798
2026-10-07T23:19:41+00:00,area_trajectory,grain,,1791384480000.0,,3.0391803587190798
2026-10-07T23:19:41+00:00,area_trajectory,grain,,1791384600000.0,,3.0391803587190798
2026-10-07T23:19:41+00:00,area_trajectory,grain,,1791384720000.0,,3.0391803587190798
2026-10-07T23:19:41+00:00,area_trajectory,grain,,1791384840000.0,,3.00127624494955
2026-10-07T23:19:41+00:00,area_trajectory,grain,,1791384960000.0,,3.00127624494955
2026-10-07T23:19:41+00:00,area_trajectory,grain,,1791385080000.0,,3.00127624494955
2026-10-07T23:19:41+00:00,area_trajectory,grain,,1791385200000.0,,3.00127624494955
2026-10-07T23:19:41+00:00,area_trajectory,grain,,1791385320000.0,,3.00127624494955
2026-10-07T23:19:41+00:00,area_trajectory,grain,,1791385440000.0,,3.02204113752767
2026-10-07T23:19:41+00:00,area_trajectory,grain,,1791385560000.0,,3.0424762571565798
2026-10-07T23:19:41+00:00,area_trajectory,grain,,1791385680000.0,,3.0424762571565798
2026-10-07T23:19:41+00:00,area_trajectory,grain,,1791385800000.0,,3.1018040769808
2026-10-07T23:19:41+00:00,area_trajectory,grain,,1791385920000.0,,3.1018040769808
2026-10-07T23:19:41+00:00,area_trajectory,grain,,1791386040000.0,,3.0635707395784597
2026-10-07T23:19:41+00:00,area_trajectory,grain,,1791386160000.0,,3.0635707395784597
2026-10-07T23:19:41+00:00,area_trajectory,grain,,1791386280000.0,,3.1617912595979902
2026-10-07T23:19:41+00:00,area_trajectory,grain,,1791386400000.0,,3.1617912595979902
2026-10-07T23:19:41+00:00,area_trajectory,grain,,1791386520000.0,,3.06027465803549
2026-10-07T23:19:41+00:00,area_trajectory,grain,,1791386640000.0,,3.06027465803549
2026-10-07T23:19:41+00:00,area_trajectory,grain,,1791386760000.0,,3.07840283186361
2026-10-07T23:19:41+00:00,area_trajectory,grain,,1791386880000.0,,3.07840283186361
2026-10-07T23:19:41+00:00,area_trajectory,grain,,1791387000000.0,,3.04049871809408
2026-10-07T23:19:41+00:00,area_trajectory,grain,,1791387120000.0,,3.04049871809408
2026-10-07T23:19:41+00:00,area_trajectory,grain,,1791387240000.0,,3.10015612776205
2026-10-07T23:19:41+00:00,area_trajectory,grain,,1791387360000.0,,3.10015612776205
2026-10-07T23:19:41+00:00,area_trajectory,grain,,1791387480000.0,,3.10015612776205
2026-10-07T23:19:41+00:00,area_trajectory,grain,,1791387600000.0,,3.10015612776205
2026-10-07T23:19:41+00:00,area_trajectory,grain,,1791387720000.0,,3.05730834944174
2026-10-07T23:19:41+00:00,area_trajectory,grain,,1791387840000.0,,3.05730834944174
2026-10-07T23:19:41+00:00,area_trajectory,grain,,1791387960000.0,,3.0174266966097103
2026-10-07T23:19:41+00:00,area_trajectory,grain,,1791388080000.0,,3.0174266966097103
2026-10-07T23:19:41+00:00,area_trajectory,grain,,1791388200000.0,,3.0978489988558002
2026-10-07T23:19:41+00:00,area_trajectory,grain,,1791388320000.0,,3.0978489988558002
2026-10-07T23:19:41+00:00,area_trajectory,grain,,1791388440000.0,,3.0978489988558002
2026-10-07T23:19:41+00:00,area_trajectory,grain,,1791388560000.0,,3.0978489988558002
2026-10-07T23:19:41+00:00,area_trajectory,grain,,1791388680000.0,,3.08005078108236
2026-10-07T23:19:41+00:00,area_trajectory,grain,,1791388800000.0,,3.08005078108236
2026-10-07T23:19:41+00:00,area_trajectory,grain,,1791388920000.0,,3.08005078108236
2026-10-07T23:19:41+00:00,area_trajectory,grain,,1791389040000.0,,3.18090820295736
2026-10-07T23:19:41+00:00,area_trajectory,grain,,1791389160000.0,,3.16113207991049
2026-10-07T23:19:41+00:00,area_trajectory,grain,,1791389280000.0,,3.16113207991049
2026-10-07T23:19:41+00:00,area_trajectory,grain,,1791389400000.0,,3.05961547834799
2026-10-07T23:19:41+00:00,area_trajectory,grain,,1791389520000.0,,3.05961547834799
2026-10-07T23:19:41+00:00,area_trajectory,grain,,1791389640000.0,,3.0958714597932997
2026-10-07T23:19:41+00:00,area_trajectory,grain,,1791389760000.0,,3.0958714597932997
2026-10-07T23:19:41+00:00,area_trajectory,grain,,1791389880000.0,,3.07016271955892
2026-10-07T23:19:41+00:00,area_trajectory,grain,,1791390000000.0,,3.07016271955892
2026-10-07T23:19:41+00:00,area_trajectory,grain,,1791390120000.0,,3.1225689695589196
2026-10-07T23:19:41+00:00,area_trajectory,grain,,1791390240000.0,,3.1225689695589196
2026-10-07T23:19:41+00:00,area_trajectory,grain,,1791390360000.0,,3.10015612776205
2026-10-07T23:19:41+00:00,area_trajectory,grain,,1791390480000.0,,3.10015612776205
2026-10-07T23:19:41+00:00,area_trajectory,grain,,1791390600000.0,,3.05730834944174
2026-10-07T23:19:41+00:00,area_trajectory,grain,,1791390720000.0,,3.05730834944174
2026-10-07T23:19:41+00:00,area_trajectory,grain,,1791390840000.0,,3.11597717268392
2026-10-07T23:19:41+00:00,area_trajectory,grain,,1791390960000.0,,3.11597717268392
2026-10-07T23:19:41+00:00,area_trajectory,grain,,1791391080000.0,,3.07378820784017
2026-10-07T23:19:41+00:00,area_trajectory,grain,,1791391200000.0,,3.07378820784017
2026-10-07T23:19:41+00:00,area_trajectory,grain,,1791391320000.0,,3.13080908186361
2026-10-07T23:19:41+00:00,area_trajectory,grain,,1791391440000.0,,3.13080908186361
2026-10-07T23:19:41+00:00,area_trajectory,grain,,1791391560000.0,,3.1476185301058
2026-10-07T23:19:41+00:00,area_trajectory,grain,,1791391680000.0,,3.1476185301058
2026-10-07T23:19:41+00:00,area_trajectory,grain,,1791391800000.0,,3.1034523924104898
2026-10-07T23:19:41+00:00,area_trajectory,grain,,1791391920000.0,,3.1034523924104898
2026-10-07T23:19:41+00:00,area_trajectory,grain,,1791392040000.0,,3.1034523924104898
2026-10-07T23:19:41+00:00,area_trajectory,grain,,1791392160000.0,,3.1034523924104898
2026-10-07T23:19:41+00:00,area_trajectory,grain,,1791392280000.0,,3.15585864241049
2026-10-07T23:19:41+00:00,area_trajectory,grain,,1791392400000.0,,3.15585864241049
2026-10-07T23:19:41+00:00,area_trajectory,grain,,1791392520000.0,,3.15585864241049
2026-10-07T23:19:41+00:00,area_trajectory,grain,,1791392640000.0,,3.0721402586214195
2026-10-07T23:19:41+00:00,area_trajectory,grain,,1791392760000.0,,3.14531140119955
2026-10-07T23:19:41+00:00,area_trajectory,grain,,1791392880000.0,,3.14531140119955
2026-10-07T23:19:41+00:00,area_trajectory,grain,,1791393000000.0,,3.15849536116049
2026-10-07T23:19:41+00:00,area_trajectory,grain,,1791393120000.0,,3.15849536116049
2026-10-07T23:19:41+00:00,area_trajectory,grain,,1791393240000.0,,3.11531799299642
2026-10-07T23:19:41+00:00,area_trajectory,grain,,1791393360000.0,,3.11531799299642
2026-10-07T23:19:41+00:00,area_trajectory,grain,,1791393480000.0,,3.11531799299642
2026-10-07T23:19:41+00:00,area_trajectory,grain,,1791393600000.0,,3.13113867170736
2026-10-07T23:19:41+00:00,area_trajectory,grain,,1791393720000.0,,3.13113867170736
2026-10-07T23:19:41+00:00,area_trajectory,grain,,1791393840000.0,,3.06983312971517
2026-10-07T23:19:41+00:00,area_trajectory,grain,,1791393960000.0,,3.06983312971517
2026-10-07T23:19:41+00:00,area_trajectory,grain,,1791394080000.0,,3.0863129881136095
2026-10-07T23:19:41+00:00,area_trajectory,grain,,1791394200000.0,,3.0863129881136095
2026-10-07T23:19:41+00:00,area_trajectory,grain,,1791394320000.0,,3.0863129881136095
2026-10-07T23:19:41+00:00,area_trajectory,grain,,1791394440000.0,,3.0863129881136095
2026-10-07T23:19:41+00:00,area_trajectory,grain,,1791394560000.0,,3.0965306394808
2026-10-07T23:19:41+00:00,area_trajectory,grain,,1791394680000.0,,3.0965306394808
2026-10-07T23:19:41+00:00,area_trajectory,grain,,1791394800000.0,,3.1476185301058
2026-10-07T23:19:41+00:00,area_trajectory,grain,,1791394920000.0,,3.1476185301058
2026-10-07T23:19:41+00:00,area_trajectory,grain,,1791395040000.0,,3.12223937971517
2026-10-07T23:19:41+00:00,area_trajectory,grain,,1791395160000.0,,3.12223937971517
2026-10-07T23:19:41+00:00,area_trajectory,grain,,1791395280000.0,,3.05961547834799
2026-10-07T23:19:41+00:00,area_trajectory,grain,,1791395400000.0,,3.05961547834799
2026-10-07T23:19:41+00:00,area_trajectory,grain,,1791395520000.0,,3.0922459715120505
2026-10-07T23:19:41+00:00,area_trajectory,grain,,1791395640000.0,,3.0922459715120505
2026-10-07T23:19:41+00:00,area_trajectory,grain,,1791395760000.0,,3.1449818113558
2026-10-07T23:19:41+00:00,area_trajectory,grain,,1791395880000.0,,3.1449818113558
2026-10-07T23:19:41+00:00,area_trajectory,grain,,1791396000000.0,,3.12026184065267
2026-10-07T23:19:41+00:00,area_trajectory,grain,,1791396120000.0,,3.12026184065267
2026-10-07T23:19:41+00:00,area_trajectory,grain,,1791396240000.0,,3.0790620115511103
2026-10-07T23:19:41+00:00,area_trajectory,grain,,1791396360000.0,,3.0790620115511103
2026-10-07T23:19:41+00:00,area_trajectory,grain,,1791396480000.0,,3.0932347410433003
2026-10-07T23:19:41+00:00,area_trajectory,grain,,1791396600000.0,,3.0932347410433003
2026-10-07T23:19:41+00:00,area_trajectory,grain,,1791396720000.0,,3.16245080549642
2026-10-07T23:19:41+00:00,area_trajectory,grain,,1791396840000.0,,3.16245080549642
2026-10-07T23:19:41+00:00,area_trajectory,grain,,1791396960000.0,,3.0816987303011096
2026-10-07T23:19:41+00:00,area_trajectory,grain,,1791397080000.0,,3.0816987303011096
2026-10-07T23:19:41+00:00,area_trajectory,grain,,1791397200000.0,,3.2883577879183
2026-10-07T23:19:41+00:00,area_trajectory,grain,,1791397320000.0,,3.2883577879183
2026-10-07T23:19:41+00:00,area_trajectory,grain,,1791397440000.0,,3.27385546858236
2026-10-07T23:19:41+00:00,area_trajectory,grain,,1791397560000.0,,3.27385546858236
2026-10-07T23:19:41+00:00,area_trajectory,grain,,1791397680000.0,,3.3470266111604903
2026-10-07T23:19:41+00:00,area_trajectory,grain,,1791397800000.0,,3.3470266111604903
2026-10-07T23:19:41+00:00,area_trajectory,grain,,1791397920000.0,,3.26396740705892
2026-10-07T23:19:41+00:00,area_trajectory,grain,,1791398040000.0,,3.26396740705892
2026-10-07T23:19:41+00:00,area_trajectory,grain,,1791398160000.0,,3.27781054670736
2026-10-07T23:19:41+00:00,area_trajectory,grain,,1791398280000.0,,3.27781054670736
2026-10-07T23:19:41+00:00,area_trajectory,grain,,1791398400000.0,,3.27781054670736
2026-10-07T23:19:41+00:00,area_trajectory,grain,,1791398520000.0,,3.27781054670736
2026-10-07T23:19:41+00:00,area_trajectory,grain,,1791398640000.0,,3.2870394285433004
2026-10-07T23:19:41+00:00,area_trajectory,grain,,1791398760000.0,,3.2870394285433004
2026-10-07T23:19:41+00:00,area_trajectory,grain,,1791398880000.0,,3.3028601072542396
2026-10-07T23:19:41+00:00,area_trajectory,grain,,1791399000000.0,,3.3028601072542396
2026-10-07T23:19:41+00:00,area_trajectory,grain,,1791399120000.0,,3.2774809568636103
2026-10-07T23:19:41+00:00,area_trajectory,grain,,1791399240000.0,,3.2774809568636103
2026-10-07T23:19:41+00:00,area_trajectory,grain,,1791399360000.0,,3.30945227034017
2026-10-07T23:19:41+00:00,area_trajectory,grain,,1791399480000.0,,3.30945227034017
2026-10-07T23:19:41+00:00,area_trajectory,grain,,1791399600000.0,,3.32560253889486
2026-10-07T23:19:41+00:00,area_trajectory,grain,,1791399720000.0,,3.32560253889486
2026-10-07T23:19:41+00:00,area_trajectory,grain,,1791399840000.0,,3.30055297834799
2026-10-07T23:19:41+00:00,area_trajectory,grain,,1791399960000.0,,3.30055297834799
2026-10-07T23:19:41+00:00,area_trajectory,grain,,1791400080000.0,,3.3374681394808
2026-10-07T23:19:41+00:00,area_trajectory,grain,,1791400200000.0,,3.3374681394808
2026-10-07T23:19:41+00:00,area_trajectory,grain,,1791400320000.0,,3.2629786375276697
2026-10-07T23:19:41+00:00,area_trajectory,grain,,1791400440000.0,,3.2629786375276697
2026-10-07T23:19:41+00:00,area_trajectory,grain,,1791400560000.0,,3.31769201643392
2026-10-07T23:19:41+00:00,area_trajectory,grain,,1791400680000.0,,3.31769201643392
2026-10-07T23:19:41+00:00,area_trajectory,grain,,1791400800000.0,,3.31769201643392
2026-10-07T23:19:41+00:00,area_trajectory,grain,,1791400920000.0,,3.31769201643392
2026-10-07T23:19:41+00:00,area_trajectory,grain,,1791401040000.0,,3.32922802717611
2026-10-07T23:19:41+00:00,area_trajectory,grain,,1791401160000.0,,3.32922802717611
2026-10-07T23:19:41+00:00,area_trajectory,grain,,1791401280000.0,,3.3839417722933
2026-10-07T23:19:41+00:00,area_trajectory,grain,,1791401400000.0,,3.3839417722933
2026-10-07T23:19:41+00:00,area_trajectory,grain,,1791401520000.0,,3.34406030256674
2026-10-07T23:19:41+00:00,area_trajectory,grain,,1791401640000.0,,3.34406030256674
2026-10-07T23:19:41+00:00,area_trajectory,grain,,1791401760000.0,,3.3776791990511104
2026-10-07T23:19:41+00:00,area_trajectory,grain,,1791401880000.0,,3.3776791990511104
2026-10-07T23:19:41+00:00,area_trajectory,grain,,1791402000000.0,,3.33516101057455
2026-10-07T23:19:41+00:00,area_trajectory,grain,,1791402120000.0,,3.33516101057455
2026-10-07T23:19:41+00:00,area_trajectory,grain,,1791402240000.0,,3.3681210935823596
2026-10-07T23:19:41+00:00,area_trajectory,grain,,1791402360000.0,,3.3681210935823596
2026-10-07T23:19:41+00:00,area_trajectory,grain,,1791402480000.0,,3.32758007795736
2026-10-07T23:19:41+00:00,area_trajectory,grain,,1791402600000.0,,3.32758007795736
2026-10-07T23:19:41+00:00,area_trajectory,grain,,1791402720000.0,,3.36251770002767
2026-10-07T23:19:41+00:00,area_trajectory,grain,,1791402840000.0,,3.36251770002767
2026-10-07T23:19:41+00:00,area_trajectory,grain,,1791402960000.0,,3.39778491194174
2026-10-07T23:19:41+00:00,area_trajectory,grain,,1791403080000.0,,3.39778491194174
2026-10-07T23:19:41+00:00,area_trajectory,grain,,1791403200000.0,,3.37438330061361
2026-10-07T23:19:41+00:00,area_trajectory,grain,,1791403320000.0,,3.37438330061361
2026-10-07T23:19:41+00:00,area_trajectory,grain,,1791403440000.0,,3.37207617170736
2026-10-07T23:19:41+00:00,area_trajectory,grain,,1791403560000.0,,3.37207617170736
2026-10-07T23:19:41+00:00,area_trajectory,grain,,1791403680000.0,,3.37207617170736
2026-10-07T23:19:41+00:00,area_trajectory,grain,,1791403800000.0,,3.37207617170736
2026-10-07T23:19:41+00:00,area_trajectory,grain,,1791403920000.0,,3.30879309065267
2026-10-07T23:19:41+00:00,area_trajectory,grain,,1791404040000.0,,3.30879309065267
2026-10-07T23:19:41+00:00,area_trajectory,grain,,1791404160000.0,,3.3631768797151698
2026-10-07T23:19:41+00:00,area_trajectory,grain,,1791404280000.0,,3.3631768797151698
2026-10-07T23:19:41+00:00,area_trajectory,grain,,1791404400000.0,,3.3631768797151698
2026-10-07T23:19:41+00:00,area_trajectory,grain,,1791404520000.0,,3.3631768797151698
2026-10-07T23:19:41+00:00,area_trajectory,grain,,1791404640000.0,,3.3219770506136097
2026-10-07T23:19:41+00:00,area_trajectory,grain,,1791404760000.0,,3.3219770506136097
2026-10-07T23:19:41+00:00,area_trajectory,grain,,1791404880000.0,,3.37504248030111
2026-10-07T23:19:41+00:00,area_trajectory,grain,,1791405000000.0,,3.37504248030111
2026-10-07T23:19:41+00:00,area_trajectory,grain,,1791405120000.0,,3.35230004866049
2026-10-07T23:19:41+00:00,area_trajectory,grain,,1791405240000.0,,3.35230004866049
2026-10-07T23:19:41+00:00,area_trajectory,grain,,1791405360000.0,,3.31307775862142
2026-10-07T23:19:41+00:00,area_trajectory,grain,,1791405480000.0,,3.31307775862142
2026-10-07T23:19:41+00:00,area_trajectory,grain,,1791405600000.0,,3.42547119123861
2026-10-07T23:19:41+00:00,area_trajectory,grain,,1791405720000.0,,3.42547119123861
2026-10-07T23:19:41+00:00,area_trajectory,grain,,1791405840000.0,,3.3341722410433
2026-10-07T23:19:41+00:00,area_trajectory,grain,,1791405960000.0,,3.3341722410433
2026-10-07T23:19:41+00:00,area_trajectory,grain,,1791406080000.0,,3.42415283186361
2026-10-07T23:19:41+00:00,area_trajectory,grain,,1791406200000.0,,3.42415283186361
2026-10-07T23:19:41+00:00,area_trajectory,grain,,1791406320000.0,,3.32758007795736
2026-10-07T23:19:41+00:00,area_trajectory,grain,,1791406440000.0,,3.32758007795736
2026-10-07T23:19:41+00:00,area_trajectory,grain,,1791406560000.0,,3.37899792463705
2026-10-07T23:19:41+00:00,area_trajectory,grain,,1791406680000.0,,3.37899792463705
2026-10-07T23:19:41+00:00,area_trajectory,grain,,1791406800000.0,,3.4343704832307997
2026-10-07T23:19:41+00:00,area_trajectory,grain,,1791406920000.0,,3.4343704832307997
2026-10-07T23:19:41+00:00,area_trajectory,grain,,1791407040000.0,,3.37833874494955
2026-10-07T23:19:41+00:00,area_trajectory,grain,,1791407160000.0,,3.37833874494955
2026-10-07T23:19:41+00:00,area_trajectory,grain,,1791407280000.0,,3.43338171369955
2026-10-07T23:19:41+00:00,area_trajectory,grain,,1791407400000.0,,3.43338171369955
2026-10-07T23:19:41+00:00,area_trajectory,grain,,1791407520000.0,,3.47029687483236
2026-10-07T23:19:41+00:00,area_trajectory,grain,,1791407640000.0,,3.47029687483236
2026-10-07T23:19:41+00:00,area_trajectory,grain,,1791407760000.0,,3.43470007307455
2026-10-07T23:19:41+00:00,area_trajectory,grain,,1791407880000.0,,3.43470007307455
2026-10-07T23:19:41+00:00,area_trajectory,grain,,1791408000000.0,,3.4683193357698596
2026-10-07T23:19:41+00:00,area_trajectory,grain,,1791408120000.0,,3.4683193357698596
2026-10-07T23:19:41+00:00,area_trajectory,grain,,1791408240000.0,,3.4683193357698596
2026-10-07T23:19:41+00:00,area_trajectory,grain,,1791408360000.0,,3.4683193357698596
2026-10-07T23:19:41+00:00,area_trajectory,grain,,1791408480000.0,,3.43074499494955
2026-10-07T23:19:41+00:00,area_trajectory,grain,,1791408600000.0,,3.43074499494955
2026-10-07T23:19:41+00:00,area_trajectory,grain,,1791408720000.0,,3.43074499494955
2026-10-07T23:19:41+00:00,area_trajectory,grain,,1791408840000.0,,3.43074499494955
2026-10-07T23:19:41+00:00,area_trajectory,grain,,1791408960000.0,,3.44854321272299
2026-10-07T23:19:41+00:00,area_trajectory,grain,,1791409080000.0,,3.44854321272299
2026-10-07T23:19:41+00:00,area_trajectory,grain,,1791409200000.0,,3.4277786863558
2026-10-07T23:19:41+00:00,area_trajectory,grain,,1791409320000.0,,3.4277786863558
2026-10-07T23:19:41+00:00,area_trajectory,grain,,1791409440000.0,,3.44623608381674
2026-10-07T23:19:41+00:00,area_trajectory,grain,,1791409560000.0,,3.44623608381674
2026-10-07T23:19:41+00:00,area_trajectory,grain,,1791409680000.0,,3.48315124494955
2026-10-07T23:19:41+00:00,area_trajectory,grain,,1791409800000.0,,3.48315124494955
2026-10-07T23:19:41+00:00,area_trajectory,grain,,1791409920000.0,,3.4653530271761097
2026-10-07T23:19:41+00:00,area_trajectory,grain,,1791410040000.0,,3.4653530271761097
2026-10-07T23:19:41+00:00,area_trajectory,grain,,1791410160000.0,,3.4653530271761097
2026-10-07T23:19:41+00:00,area_trajectory,grain,,1791410280000.0,,3.4653530271761097
2026-10-07T23:19:41+00:00,area_trajectory,grain,,1791410400000.0,,3.4653530271761097
2026-10-07T23:19:41+00:00,area_trajectory,grain,,1791410520000.0,,3.4653530271761097
2026-10-07T23:19:41+00:00,area_trajectory,grain,,1791410640000.0,,3.4640346678011102
2026-10-07T23:19:41+00:00,area_trajectory,grain,,1791410760000.0,,3.4640346678011102
2026-10-07T23:19:41+00:00,area_trajectory,grain,,1791410880000.0,,3.4640346678011102
2026-10-07T23:19:41+00:00,area_trajectory,grain,,1791411000000.0,,3.4640346678011102
2026-10-07T23:19:41+00:00,area_trajectory,grain,,1791411120000.0,,3.4337113035432996
2026-10-07T23:19:41+00:00,area_trajectory,grain,,1791411240000.0,,3.4337113035432996
2026-10-07T23:19:41+00:00,area_trajectory,grain,,1791411360000.0,,3.4149243162386096
2026-10-07T23:19:41+00:00,area_trajectory,grain,,1791411480000.0,,3.4149243162386096
2026-10-07T23:19:41+00:00,area_trajectory,grain,,1791411600000.0,,3.43338171369955
2026-10-07T23:19:41+00:00,area_trajectory,grain,,1791411720000.0,,3.43338171369955
2026-10-07T23:19:41+00:00,area_trajectory,grain,,1791411840000.0,,3.43338171369955
2026-10-07T23:19:41+00:00,area_trajectory,grain,,1791411960000.0,,3.43338171369955
2026-10-07T23:19:41+00:00,area_trajectory,grain,,1791412080000.0,,3.43338171369955
2026-10-07T23:19:41+00:00,area_trajectory,grain,,1791412200000.0,,3.43338171369955
2026-10-07T23:19:41+00:00,area_trajectory,grain,,1791412320000.0,,3.4571129148714204
2026-10-07T23:19:41+00:00,area_trajectory,grain,,1791412440000.0,,3.4571129148714204
2026-10-07T23:19:41+00:00,area_trajectory,grain,,1791412560000.0,,3.42283447248861
2026-10-07T23:19:41+00:00,area_trajectory,grain,,1791412680000.0,,3.42283447248861
2026-10-07T23:19:41+00:00,area_trajectory,grain,,1791412800000.0,,3.42283447248861
2026-10-07T23:19:41+00:00,area_trajectory,grain,,1791412920000.0,,3.42283447248861
2026-10-07T23:19:41+00:00,area_trajectory,grain,,1791413040000.0,,3.42283447248861
2026-10-07T23:19:41+00:00,area_trajectory,grain,,1791413160000.0,,3.42283447248861
2026-10-07T23:19:41+00:00,area_trajectory,grain,,1791413280000.0,,3.4646938474886104
2026-10-07T23:19:41+00:00,area_trajectory,grain,,1791413400000.0,,3.4646938474886104
2026-10-07T23:19:41+00:00,area_trajectory,grain,,1791413520000.0,,3.4478840330354896
2026-10-07T23:19:41+00:00,area_trajectory,grain,,1791413640000.0,,3.3780091551058002
2026-10-07T23:19:41+00:00,area_trajectory,grain,,1791413760000.0,,3.3780091551058002
2026-10-07T23:19:41+00:00,area_trajectory,grain,,1791413880000.0,,3.3780091551058002
2026-10-07T23:19:41+00:00,area_trajectory,grain,,1791414000000.0,,3.4356888426057997
2026-10-07T23:19:41+00:00,area_trajectory,grain,,1791414120000.0,,3.4356888426057997
2026-10-07T23:19:41+00:00,area_trajectory,grain,,1791414240000.0,,3.42118652326986
2026-10-07T23:19:41+00:00,area_trajectory,grain,,1791414360000.0,,3.42118652326986
2026-10-07T23:19:41+00:00,area_trajectory,grain,,1791414480000.0,,3.4066842039339202
2026-10-07T23:19:41+00:00,area_trajectory,grain,,1791414600000.0,,3.4066842039339202
2026-10-07T23:19:41+00:00,area_trajectory,grain,,1791414720000.0,,3.4066842039339202
2026-10-07T23:19:41+00:00,area_trajectory,grain,,1791414840000.0,,3.4066842039339202
2026-10-07T23:19:41+00:00,area_trajectory,grain,,1791414960000.0,,3.4066842039339202
2026-10-07T23:19:41+00:00,area_trajectory,grain,,1791415080000.0,,3.4066842039339202
2026-10-07T23:19:41+00:00,area_trajectory,grain,,1791415200000.0,,3.39382983381674
2026-10-07T23:19:41+00:00,area_trajectory,grain,,1791415320000.0,,3.39382983381674
2026-10-07T23:19:41+00:00,area_trajectory,grain,,1791415440000.0,,3.4320633543245505
2026-10-07T23:19:41+00:00,area_trajectory,grain,,1791415560000.0,,3.4320633543245505
2026-10-07T23:19:41+00:00,area_trajectory,grain,,1791415680000.0,,3.4004216306917403
2026-10-07T23:19:41+00:00,area_trajectory,grain,,1791415800000.0,,3.4004216306917403
2026-10-07T23:19:41+00:00,area_trajectory,grain,,1791415920000.0,,3.4396442869417396
2026-10-07T23:19:41+00:00,area_trajectory,grain,,1791416040000.0,,3.4396442869417396
2026-10-07T23:19:41+00:00,area_trajectory,grain,,1791416160000.0,,3.3852601316683004
2026-10-07T23:19:41+00:00,area_trajectory,grain,,1791416280000.0,,3.3852601316683004
2026-10-07T23:19:41+00:00,area_trajectory,grain,,1791416400000.0,,3.3852601316683004
2026-10-07T23:19:41+00:00,area_trajectory,grain,,1791416520000.0,,3.3852601316683004
2026-10-07T23:19:41+00:00,area_trajectory,grain,,1791416640000.0,,3.4297562254183
2026-10-07T23:19:41+00:00,area_trajectory,grain,,1791416760000.0,,3.4297562254183
2026-10-07T23:19:41+00:00,area_trajectory,grain,,1791416880000.0,,3.3964665525667397
2026-10-07T23:19:41+00:00,area_trajectory,grain,,1791417000000.0,,3.3964665525667397
2026-10-07T23:19:41+00:00,area_trajectory,grain,,1791417120000.0,,3.3964665525667397
2026-10-07T23:19:41+00:00,area_trajectory,grain,,1791417240000.0,,3.3964665525667397
2026-10-07T23:19:41+00:00,area_trajectory,grain,,1791417360000.0,,3.3822938230745496
2026-10-07T23:19:41+00:00,area_trajectory,grain,,1791417480000.0,,3.3822938230745496
2026-10-07T23:19:41+00:00,area_trajectory,grain,,1791417600000.0,,3.46205712873861
2026-10-07T23:19:41+00:00,area_trajectory,grain,,1791417720000.0,,3.46205712873861
2026-10-07T23:19:41+00:00,area_trajectory,grain,,1791417840000.0,,3.42678991682455
2026-10-07T23:19:41+00:00,area_trajectory,grain,,1791417960000.0,,3.42678991682455
2026-10-07T23:19:41+00:00,area_trajectory,grain,,1791418080000.0,,3.3928410642854896
2026-10-07T23:19:41+00:00,area_trajectory,grain,,1791418200000.0,,3.47260400373861
2026-10-07T23:19:41+00:00,area_trajectory,milford_haven,,1791349200000.0,,5.36637449264526
2026-10-07T23:19:41+00:00,area_trajectory,milford_haven,,1791349320000.0,,5.36637449264526
2026-10-07T23:19:41+00:00,area_trajectory,milford_haven,,1791349440000.0,,5.36393308639526
2026-10-07T23:19:41+00:00,area_trajectory,milford_haven,,1791349560000.0,,5.26627397537231
2026-10-07T23:19:41+00:00,area_trajectory,milford_haven,,1791349680000.0,,5.26627397537231
2026-10-07T23:19:41+00:00,area_trajectory,milford_haven,,1791349800000.0,,5.26627397537231
2026-10-07T23:19:41+00:00,area_trajectory,milford_haven,,1791349920000.0,,5.26627397537231
2026-10-07T23:19:41+00:00,area_trajectory,milford_haven,,1791350040000.0,,5.26627397537231
2026-10-07T23:19:41+00:00,area_trajectory,milford_haven,,1791350160000.0,,5.26627397537231
2026-10-07T23:19:41+00:00,area_trajectory,milford_haven,,1791350280000.0,,5.26627397537231
2026-10-07T23:19:41+00:00,area_trajectory,milford_haven,,1791350400000.0,,5.26627397537231
2026-10-07T23:19:41+00:00,area_trajectory,milford_haven,,1791350520000.0,,5.26627397537231
2026-10-07T23:19:41+00:00,area_trajectory,milford_haven,,1791350640000.0,,5.26627397537231
2026-10-07T23:19:41+00:00,area_trajectory,milford_haven,,1791350760000.0,,5.26627397537231
2026-10-07T23:19:41+00:00,area_trajectory,milford_haven,,1791350880000.0,,5.26627397537231
2026-10-07T23:19:41+00:00,area_trajectory,milford_haven,,1791351000000.0,,5.26627397537231
2026-10-07T23:19:41+00:00,area_trajectory,milford_haven,,1791351120000.0,,5.26627397537231
2026-10-07T23:19:41+00:00,area_trajectory,milford_haven,,1791351240000.0,,5.26627397537231
2026-10-07T23:19:41+00:00,area_trajectory,milford_haven,,1791351360000.0,,5.26627397537231
2026-10-07T23:19:41+00:00,area_trajectory,milford_haven,,1791351480000.0,,5.26627397537231
2026-10-07T23:19:41+00:00,area_trajectory,milford_haven,,1791351600000.0,,5.26627397537231
2026-10-07T23:19:41+00:00,area_trajectory,milford_haven,,1791351720000.0,,5.26627397537231
2026-10-07T23:19:41+00:00,area_trajectory,milford_haven,,1791351840000.0,,5.26627397537231
2026-10-07T23:19:41+00:00,area_trajectory,milford_haven,,1791351960000.0,,5.26627397537231
2026-10-07T23:19:41+00:00,area_trajectory,milford_haven,,1791352080000.0,,5.26627397537231
2026-10-07T23:19:41+00:00,area_trajectory,milford_haven,,1791352200000.0,,5.26627397537231
2026-10-07T23:19:41+00:00,area_trajectory,milford_haven,,1791352320000.0,,5.18570518493652
2026-10-07T23:19:41+00:00,area_trajectory,milford_haven,,1791352440000.0,,5.18570518493652
2026-10-07T23:19:41+00:00,area_trajectory,milford_haven,,1791352560000.0,,5.18570518493652
2026-10-07T23:19:41+00:00,area_trajectory,milford_haven,,1791352680000.0,,5.18570518493652
2026-10-07T23:19:41+00:00,area_trajectory,milford_haven,,1791352800000.0,,5.18570518493652
2026-10-07T23:19:41+00:00,area_trajectory,milford_haven,,1791352920000.0,,5.18570518493652
2026-10-07T23:19:41+00:00,area_trajectory,milford_haven,,1791353040000.0,,5.241858959198
2026-10-07T23:19:41+00:00,area_trajectory,milford_haven,,1791353160000.0,,5.241858959198
2026-10-07T23:19:41+00:00,area_trajectory,milford_haven,,1791353280000.0,,5.241858959198
2026-10-07T23:19:41+00:00,area_trajectory,milford_haven,,1791353400000.0,,5.241858959198
2026-10-07T23:19:41+00:00,area_trajectory,milford_haven,,1791353520000.0,,5.241858959198
2026-10-07T23:19:41+00:00,area_trajectory,milford_haven,,1791353640000.0,,5.241858959198
2026-10-07T23:19:41+00:00,area_trajectory,milford_haven,,1791353760000.0,,5.241858959198
2026-10-07T23:19:41+00:00,area_trajectory,milford_haven,,1791353880000.0,,5.14419984817505
2026-10-07T23:19:41+00:00,area_trajectory,milford_haven,,1791354000000.0,,5.14419984817505
2026-10-07T23:19:41+00:00,area_trajectory,milford_haven,,1791354120000.0,,5.14419984817505
2026-10-07T23:19:41+00:00,area_trajectory,milford_haven,,1791354240000.0,,5.10513639450073
2026-10-07T23:19:41+00:00,area_trajectory,milford_haven,,1791354360000.0,,5.10513639450073
2026-10-07T23:19:41+00:00,area_trajectory,milford_haven,,1791354480000.0,,5.10513639450073
2026-10-07T23:19:41+00:00,area_trajectory,milford_haven,,1791354600000.0,,5.10513639450073
2026-10-07T23:19:41+00:00,area_trajectory,milford_haven,,1791354720000.0,,5.10513639450073
2026-10-07T23:19:41+00:00,area_trajectory,milford_haven,,1791354840000.0,,5.10513639450073
2026-10-07T23:19:41+00:00,area_trajectory,milford_haven,,1791354960000.0,,5.10513639450073
2026-10-07T23:19:41+00:00,area_trajectory,milford_haven,,1791355080000.0,,5.10513639450073
2026-10-07T23:19:41+00:00,area_trajectory,milford_haven,,1791355200000.0,,5.10513639450073
2026-10-07T23:19:41+00:00,area_trajectory,milford_haven,,1791355320000.0,,5.10513639450073
2026-10-07T23:19:41+00:00,area_trajectory,milford_haven,,1791355440000.0,,5.10513639450073
2026-10-07T23:19:41+00:00,area_trajectory,milford_haven,,1791355560000.0,,5.10513639450073
2026-10-07T23:19:41+00:00,area_trajectory,milford_haven,,1791355680000.0,,5.10513639450073
2026-10-07T23:19:41+00:00,area_trajectory,milford_haven,,1791355800000.0,,5.10513639450073
2026-10-07T23:19:41+00:00,area_trajectory,milford_haven,,1791355920000.0,,5.10513639450073
2026-10-07T23:19:41+00:00,area_trajectory,milford_haven,,1791356040000.0,,5.10513639450073
2026-10-07T23:19:41+00:00,area_trajectory,milford_haven,,1791356160000.0,,5.10513639450073
2026-10-07T23:19:41+00:00,area_trajectory,milford_haven,,1791356280000.0,,4.9732961654663095
2026-10-07T23:19:41+00:00,area_trajectory,milford_haven,,1791356400000.0,,4.9732961654663095
2026-10-07T23:19:41+00:00,area_trajectory,milford_haven,,1791356520000.0,,4.9732961654663095
2026-10-07T23:19:41+00:00,area_trajectory,milford_haven,,1791356640000.0,,5.00991868972778
2026-10-07T23:19:41+00:00,area_trajectory,milford_haven,,1791356760000.0,,5.00991868972778
2026-10-07T23:19:41+00:00,area_trajectory,milford_haven,,1791356880000.0,,5.00991868972778
2026-10-07T23:19:41+00:00,area_trajectory,milford_haven,,1791357000000.0,,5.00991868972778
2026-10-07T23:19:41+00:00,area_trajectory,milford_haven,,1791357120000.0,,5.00991868972778
2026-10-07T23:19:41+00:00,area_trajectory,milford_haven,,1791357240000.0,,5.00991868972778
2026-10-07T23:19:41+00:00,area_trajectory,milford_haven,,1791357360000.0,,5.00991868972778
2026-10-07T23:19:41+00:00,area_trajectory,milford_haven,,1791357480000.0,,5.00991868972778
2026-10-07T23:19:41+00:00,area_trajectory,milford_haven,,1791357600000.0,,5.00991868972778
2026-10-07T23:19:41+00:00,area_trajectory,milford_haven,,1791357720000.0,,5.00991868972778
2026-10-07T23:19:41+00:00,area_trajectory,milford_haven,,1791357840000.0,,5.00991868972778
2026-10-07T23:19:41+00:00,area_trajectory,milford_haven,,1791357960000.0,,5.00991868972778
2026-10-07T23:19:41+00:00,area_trajectory,milford_haven,,1791358080000.0,,5.00991868972778
2026-10-07T23:19:41+00:00,area_trajectory,milford_haven,,1791358200000.0,,5.00991868972778
2026-10-07T23:19:41+00:00,area_trajectory,milford_haven,,1791358320000.0,,5.00991868972778
2026-10-07T23:19:41+00:00,area_trajectory,milford_haven,,1791358440000.0,,5.00991868972778
2026-10-07T23:19:41+00:00,area_trajectory,milford_haven,,1791358560000.0,,5.00991868972778
2026-10-07T23:19:41+00:00,area_trajectory,milford_haven,,1791358680000.0,,5.00991868972778
2026-10-07T23:19:41+00:00,area_trajectory,milford_haven,,1791358800000.0,,5.00991868972778
2026-10-07T23:19:41+00:00,area_trajectory,milford_haven,,1791358920000.0,,5.00991868972778
2026-10-07T23:19:41+00:00,area_trajectory,milford_haven,,1791359040000.0,,5.00991868972778
2026-10-07T23:19:41+00:00,area_trajectory,milford_haven,,1791359160000.0,,5.00991868972778
2026-10-07T23:19:41+00:00,area_trajectory,milford_haven,,1791359280000.0,,5.00991868972778
2026-10-07T23:19:41+00:00,area_trajectory,milford_haven,,1791359400000.0,,5.00991868972778
2026-10-07T23:19:41+00:00,area_trajectory,milford_haven,,1791359520000.0,,5.00991868972778
2026-10-07T23:19:41+00:00,area_trajectory,milford_haven,,1791359640000.0,,5.00991868972778
2026-10-07T23:19:41+00:00,area_trajectory,milford_haven,,1791359760000.0,,5.00991868972778
2026-10-07T23:19:41+00:00,area_trajectory,milford_haven,,1791359880000.0,,5.00991868972778
2026-10-07T23:19:41+00:00,area_trajectory,milford_haven,,1791360000000.0,,5.00991868972778
2026-10-07T23:19:41+00:00,area_trajectory,milford_haven,,1791360120000.0,,5.00991868972778
2026-10-07T23:19:41+00:00,area_trajectory,milford_haven,,1791360240000.0,,5.01480150222778
2026-10-07T23:19:41+00:00,area_trajectory,milford_haven,,1791360360000.0,,5.01480150222778
2026-10-07T23:19:41+00:00,area_trajectory,milford_haven,,1791360480000.0,,5.01480150222778
2026-10-07T23:19:41+00:00,area_trajectory,milford_haven,,1791360600000.0,,5.01480150222778
2026-10-07T23:19:41+00:00,area_trajectory,milford_haven,,1791360720000.0,,5.01480150222778
2026-10-07T23:19:41+00:00,area_trajectory,milford_haven,,1791360840000.0,,5.01480150222778
2026-10-07T23:19:41+00:00,area_trajectory,milford_haven,,1791360960000.0,,5.01480150222778
2026-10-07T23:19:41+00:00,area_trajectory,milford_haven,,1791361080000.0,,5.01480150222778
2026-10-07T23:19:41+00:00,area_trajectory,milford_haven,,1791361200000.0,,5.01480150222778
2026-10-07T23:19:41+00:00,area_trajectory,milford_haven,,1791361320000.0,,5.01480150222778
2026-10-07T23:19:41+00:00,area_trajectory,milford_haven,,1791361440000.0,,5.01480150222778
2026-10-07T23:19:41+00:00,area_trajectory,milford_haven,,1791361560000.0,,5.01480150222778
2026-10-07T23:19:41+00:00,area_trajectory,milford_haven,,1791361680000.0,,5.01480150222778
2026-10-07T23:19:41+00:00,area_trajectory,milford_haven,,1791361800000.0,,5.01480150222778
2026-10-07T23:19:41+00:00,area_trajectory,milford_haven,,1791361920000.0,,5.01480150222778
2026-10-07T23:19:41+00:00,area_trajectory,milford_haven,,1791362040000.0,,5.01480150222778
2026-10-07T23:19:41+00:00,area_trajectory,milford_haven,,1791362160000.0,,5.01480150222778
2026-10-07T23:19:41+00:00,area_trajectory,milford_haven,,1791362280000.0,,5.01480150222778
2026-10-07T23:19:41+00:00,area_trajectory,milford_haven,,1791362400000.0,,5.01480150222778
2026-10-07T23:19:41+00:00,area_trajectory,milford_haven,,1791362520000.0,,5.01480150222778
2026-10-07T23:19:41+00:00,area_trajectory,milford_haven,,1791362640000.0,,5.01480150222778
2026-10-07T23:19:41+00:00,area_trajectory,milford_haven,,1791362760000.0,,5.01480150222778
2026-10-07T23:19:41+00:00,area_trajectory,milford_haven,,1791362880000.0,,5.01480150222778
2026-10-07T23:19:41+00:00,area_trajectory,milford_haven,,1791363000000.0,,5.01480150222778
2026-10-07T23:19:41+00:00,area_trajectory,milford_haven,,1791363120000.0,,5.01480150222778
2026-10-07T23:19:41+00:00,area_trajectory,milford_haven,,1791363240000.0,,5.01480150222778
2026-10-07T23:19:41+00:00,area_trajectory,milford_haven,,1791363360000.0,,5.01480150222778
2026-10-07T23:19:41+00:00,area_trajectory,milford_haven,,1791363480000.0,,5.01480150222778
2026-10-07T23:19:41+00:00,area_trajectory,milford_haven,,1791363600000.0,,5.01480150222778
2026-10-07T23:19:41+00:00,area_trajectory,milford_haven,,1791363720000.0,,5.01480150222778
2026-10-07T23:19:41+00:00,area_trajectory,milford_haven,,1791363840000.0,,5.0245676040649405
2026-10-07T23:19:41+00:00,area_trajectory,milford_haven,,1791363960000.0,,5.0245676040649405
2026-10-07T23:19:41+00:00,area_trajectory,milford_haven,,1791364080000.0,,5.0245676040649405
2026-10-07T23:19:41+00:00,area_trajectory,milford_haven,,1791364200000.0,,5.0245676040649405
2026-10-07T23:19:41+00:00,area_trajectory,milford_haven,,1791364320000.0,,5.0245676040649405
2026-10-07T23:19:41+00:00,area_trajectory,milford_haven,,1791364440000.0,,5.0245676040649405
2026-10-07T23:19:41+00:00,area_trajectory,milford_haven,,1791364560000.0,,5.0245676040649405
2026-10-07T23:19:41+00:00,area_trajectory,milford_haven,,1791364680000.0,,5.0245676040649405
2026-10-07T23:19:41+00:00,area_trajectory,milford_haven,,1791364800000.0,,5.0245676040649405
2026-10-07T23:19:41+00:00,area_trajectory,milford_haven,,1791364920000.0,,5.0245676040649405
2026-10-07T23:19:41+00:00,area_trajectory,milford_haven,,1791365040000.0,,5.0245676040649405
2026-10-07T23:19:41+00:00,area_trajectory,milford_haven,,1791365160000.0,,5.0245676040649405
2026-10-07T23:19:41+00:00,area_trajectory,milford_haven,,1791365280000.0,,5.0245676040649405
2026-10-07T23:19:41+00:00,area_trajectory,milford_haven,,1791365400000.0,,5.0245676040649405
2026-10-07T23:19:41+00:00,area_trajectory,milford_haven,,1791365520000.0,,5.0245676040649405
2026-10-07T23:19:41+00:00,area_trajectory,milford_haven,,1791365640000.0,,5.0245676040649405
2026-10-07T23:19:41+00:00,area_trajectory,milford_haven,,1791365760000.0,,5.0245676040649405
2026-10-07T23:19:41+00:00,area_trajectory,milford_haven,,1791365880000.0,,5.0245676040649405
2026-10-07T23:19:41+00:00,area_trajectory,milford_haven,,1791366000000.0,,5.0245676040649405
2026-10-07T23:19:41+00:00,area_trajectory,milford_haven,,1791366120000.0,,5.0245676040649405
2026-10-07T23:19:41+00:00,area_trajectory,milford_haven,,1791366240000.0,,5.0245676040649405
2026-10-07T23:19:41+00:00,area_trajectory,milford_haven,,1791366360000.0,,5.0245676040649405
2026-10-07T23:19:41+00:00,area_trajectory,milford_haven,,1791366480000.0,,5.0245676040649405
2026-10-07T23:19:41+00:00,area_trajectory,milford_haven,,1791366600000.0,,5.0245676040649405
2026-10-07T23:19:41+00:00,area_trajectory,milford_haven,,1791366720000.0,,5.0245676040649405
2026-10-07T23:19:41+00:00,area_trajectory,milford_haven,,1791366840000.0,,5.0245676040649405
2026-10-07T23:19:41+00:00,area_trajectory,milford_haven,,1791366960000.0,,5.0245676040649405
2026-10-07T23:19:41+00:00,area_trajectory,milford_haven,,1791367080000.0,,5.0245676040649405
2026-10-07T23:19:41+00:00,area_trajectory,milford_haven,,1791367200000.0,,5.0245676040649405
2026-10-07T23:19:41+00:00,area_trajectory,milford_haven,,1791367320000.0,,5.0245676040649405
2026-10-07T23:19:41+00:00,area_trajectory,milford_haven,,1791367440000.0,,5.01480150222778
2026-10-07T23:19:41+00:00,area_trajectory,milford_haven,,1791367560000.0,,5.01480150222778
2026-10-07T23:19:41+00:00,area_trajectory,milford_haven,,1791367680000.0,,5.01480150222778
2026-10-07T23:19:41+00:00,area_trajectory,milford_haven,,1791367800000.0,,5.01480150222778
2026-10-07T23:19:41+00:00,area_trajectory,milford_haven,,1791367920000.0,,5.01480150222778
2026-10-07T23:19:41+00:00,area_trajectory,milford_haven,,1791368040000.0,,5.01480150222778
2026-10-07T23:19:41+00:00,area_trajectory,milford_haven,,1791368160000.0,,5.01480150222778
2026-10-07T23:19:41+00:00,area_trajectory,milford_haven,,1791368280000.0,,5.01480150222778
2026-10-07T23:19:41+00:00,area_trajectory,milford_haven,,1791368400000.0,,5.01480150222778
2026-10-07T23:19:41+00:00,area_trajectory,milford_haven,,1791368520000.0,,5.01480150222778
2026-10-07T23:19:41+00:00,area_trajectory,milford_haven,,1791368640000.0,,5.01480150222778
2026-10-07T23:19:41+00:00,area_trajectory,milford_haven,,1791368760000.0,,5.01480150222778
2026-10-07T23:19:41+00:00,area_trajectory,milford_haven,,1791368880000.0,,5.01480150222778
2026-10-07T23:19:41+00:00,area_trajectory,milford_haven,,1791369000000.0,,5.01480150222778
2026-10-07T23:19:41+00:00,area_trajectory,milford_haven,,1791369120000.0,,5.01480150222778
2026-10-07T23:19:41+00:00,area_trajectory,milford_haven,,1791369240000.0,,5.01480150222778
2026-10-07T23:19:41+00:00,area_trajectory,milford_haven,,1791369360000.0,,5.01480150222778
2026-10-07T23:19:41+00:00,area_trajectory,milford_haven,,1791369480000.0,,5.01480150222778
2026-10-07T23:19:41+00:00,area_trajectory,milford_haven,,1791369600000.0,,5.01480150222778
2026-10-07T23:19:41+00:00,area_trajectory,milford_haven,,1791369720000.0,,5.01480150222778
2026-10-07T23:19:41+00:00,area_trajectory,milford_haven,,1791369840000.0,,5.01480150222778
2026-10-07T23:19:41+00:00,area_trajectory,milford_haven,,1791369960000.0,,5.01480150222778
2026-10-07T23:19:41+00:00,area_trajectory,milford_haven,,1791370080000.0,,5.01480150222778
2026-10-07T23:19:41+00:00,area_trajectory,milford_haven,,1791370200000.0,,5.01480150222778
2026-10-07T23:19:41+00:00,area_trajectory,milford_haven,,1791370320000.0,,5.01480150222778
2026-10-07T23:19:41+00:00,area_trajectory,milford_haven,,1791370440000.0,,5.01480150222778
2026-10-07T23:19:41+00:00,area_trajectory,milford_haven,,1791370560000.0,,5.01480150222778
2026-10-07T23:19:41+00:00,area_trajectory,milford_haven,,1791370680000.0,,5.01480150222778
2026-10-07T23:19:41+00:00,area_trajectory,milford_haven,,1791370800000.0,,5.01480150222778
2026-10-07T23:19:41+00:00,area_trajectory,milford_haven,,1791370920000.0,,5.01480150222778
2026-10-07T23:19:41+00:00,area_trajectory,milford_haven,,1791371040000.0,,4.99526977539062
2026-10-07T23:19:41+00:00,area_trajectory,milford_haven,,1791371160000.0,,4.99526977539062
2026-10-07T23:19:41+00:00,area_trajectory,milford_haven,,1791371280000.0,,4.99526977539062
2026-10-07T23:19:41+00:00,area_trajectory,milford_haven,,1791371400000.0,,4.99526977539062
2026-10-07T23:19:41+00:00,area_trajectory,milford_haven,,1791371520000.0,,4.99526977539062
2026-10-07T23:19:41+00:00,area_trajectory,milford_haven,,1791371640000.0,,4.99526977539062
2026-10-07T23:19:41+00:00,area_trajectory,milford_haven,,1791371760000.0,,4.99526977539062
2026-10-07T23:19:41+00:00,area_trajectory,milford_haven,,1791371880000.0,,4.99526977539062
2026-10-07T23:19:41+00:00,area_trajectory,milford_haven,,1791372000000.0,,4.99526977539062
2026-10-07T23:19:41+00:00,area_trajectory,milford_haven,,1791372120000.0,,4.99526977539062
2026-10-07T23:19:41+00:00,area_trajectory,milford_haven,,1791372240000.0,,4.99526977539062
2026-10-07T23:19:41+00:00,area_trajectory,milford_haven,,1791372360000.0,,4.99526977539062
2026-10-07T23:19:41+00:00,area_trajectory,milford_haven,,1791372480000.0,,4.99526977539062
2026-10-07T23:19:41+00:00,area_trajectory,milford_haven,,1791372600000.0,,4.99526977539062
2026-10-07T23:19:41+00:00,area_trajectory,milford_haven,,1791372720000.0,,4.99526977539062
2026-10-07T23:19:41+00:00,area_trajectory,milford_haven,,1791372840000.0,,4.99526977539062
2026-10-07T23:19:41+00:00,area_trajectory,milford_haven,,1791372960000.0,,4.99526977539062
2026-10-07T23:19:41+00:00,area_trajectory,milford_haven,,1791373080000.0,,4.99526977539062
2026-10-07T23:19:41+00:00,area_trajectory,milford_haven,,1791373200000.0,,4.99526977539062
2026-10-07T23:19:41+00:00,area_trajectory,milford_haven,,1791373320000.0,,4.99526977539062
2026-10-07T23:19:41+00:00,area_trajectory,milford_haven,,1791373440000.0,,4.99526977539062
2026-10-07T23:19:41+00:00,area_trajectory,milford_haven,,1791373560000.0,,4.99526977539062
2026-10-07T23:19:41+00:00,area_trajectory,milford_haven,,1791373680000.0,,4.99526977539062
2026-10-07T23:19:41+00:00,area_trajectory,milford_haven,,1791373800000.0,,4.99526977539062
2026-10-07T23:19:41+00:00,area_trajectory,milford_haven,,1791373920000.0,,4.99526977539062
2026-10-07T23:19:41+00:00,area_trajectory,milford_haven,,1791374040000.0,,4.99526977539062
2026-10-07T23:19:41+00:00,area_trajectory,milford_haven,,1791374160000.0,,4.99526977539062
2026-10-07T23:19:41+00:00,area_trajectory,milford_haven,,1791374280000.0,,4.99526977539062
2026-10-07T23:19:41+00:00,area_trajectory,milford_haven,,1791374400000.0,,4.99526977539062
2026-10-07T23:19:41+00:00,area_trajectory,milford_haven,,1791374520000.0,,4.99526977539062
2026-10-07T23:19:41+00:00,area_trajectory,milford_haven,,1791374640000.0,,5.00015258789062
2026-10-07T23:19:41+00:00,area_trajectory,milford_haven,,1791374760000.0,,5.00015258789062
2026-10-07T23:19:41+00:00,area_trajectory,milford_haven,,1791374880000.0,,5.00015258789062
2026-10-07T23:19:41+00:00,area_trajectory,milford_haven,,1791375000000.0,,5.00015258789062
2026-10-07T23:19:41+00:00,area_trajectory,milford_haven,,1791375120000.0,,5.00015258789062
2026-10-07T23:19:41+00:00,area_trajectory,milford_haven,,1791375240000.0,,5.00015258789062
2026-10-07T23:19:41+00:00,area_trajectory,milford_haven,,1791375360000.0,,5.00015258789062
2026-10-07T23:19:41+00:00,area_trajectory,milford_haven,,1791375480000.0,,5.00015258789062
2026-10-07T23:19:41+00:00,area_trajectory,milford_haven,,1791375600000.0,,5.00015258789062
2026-10-07T23:19:41+00:00,area_trajectory,milford_haven,,1791375720000.0,,5.00015258789062
2026-10-07T23:19:41+00:00,area_trajectory,milford_haven,,1791375840000.0,,5.00015258789062
2026-10-07T23:19:41+00:00,area_trajectory,milford_haven,,1791375960000.0,,5.00015258789062
2026-10-07T23:19:41+00:00,area_trajectory,milford_haven,,1791376080000.0,,5.00015258789062
2026-10-07T23:19:41+00:00,area_trajectory,milford_haven,,1791376200000.0,,5.00015258789062
2026-10-07T23:19:41+00:00,area_trajectory,milford_haven,,1791376320000.0,,5.00015258789062
2026-10-07T23:19:41+00:00,area_trajectory,milford_haven,,1791376440000.0,,5.00015258789062
2026-10-07T23:19:41+00:00,area_trajectory,milford_haven,,1791376560000.0,,5.00015258789062
2026-10-07T23:19:41+00:00,area_trajectory,milford_haven,,1791376680000.0,,5.00015258789062
2026-10-07T23:19:41+00:00,area_trajectory,milford_haven,,1791376800000.0,,5.00015258789062
2026-10-07T23:19:41+00:00,area_trajectory,milford_haven,,1791376920000.0,,5.00015258789062
2026-10-07T23:19:41+00:00,area_trajectory,milford_haven,,1791377040000.0,,5.00015258789062
2026-10-07T23:19:41+00:00,area_trajectory,milford_haven,,1791377160000.0,,5.00015258789062
2026-10-07T23:19:41+00:00,area_trajectory,milford_haven,,1791377280000.0,,5.00015258789062
2026-10-07T23:19:41+00:00,area_trajectory,milford_haven,,1791377400000.0,,4.9659719467163095
2026-10-07T23:19:41+00:00,area_trajectory,milford_haven,,1791377520000.0,,4.9659719467163095
2026-10-07T23:19:41+00:00,area_trajectory,milford_haven,,1791377640000.0,,4.9659719467163095
2026-10-07T23:19:41+00:00,area_trajectory,milford_haven,,1791377760000.0,,4.9659719467163095
2026-10-07T23:19:41+00:00,area_trajectory,milford_haven,,1791377880000.0,,4.9659719467163095
2026-10-07T23:19:41+00:00,area_trajectory,milford_haven,,1791378000000.0,,4.9659719467163095
2026-10-07T23:19:41+00:00,area_trajectory,milford_haven,,1791378120000.0,,4.9659719467163095
2026-10-07T23:19:41+00:00,area_trajectory,milford_haven,,1791378240000.0,,5.00991868972778
2026-10-07T23:19:41+00:00,area_trajectory,milford_haven,,1791378360000.0,,5.00991868972778
2026-10-07T23:19:41+00:00,area_trajectory,milford_haven,,1791378480000.0,,5.00991868972778
2026-10-07T23:19:41+00:00,area_trajectory,milford_haven,,1791378600000.0,,5.00991868972778
2026-10-07T23:19:41+00:00,area_trajectory,milford_haven,,1791378720000.0,,5.00991868972778
2026-10-07T23:19:41+00:00,area_trajectory,milford_haven,,1791378840000.0,,5.00991868972778
2026-10-07T23:19:41+00:00,area_trajectory,milford_haven,,1791378960000.0,,5.00991868972778
2026-10-07T23:19:41+00:00,area_trajectory,milford_haven,,1791379080000.0,,5.00991868972778
2026-10-07T23:19:41+00:00,area_trajectory,milford_haven,,1791379200000.0,,5.00991868972778
2026-10-07T23:19:41+00:00,area_trajectory,milford_haven,,1791379320000.0,,5.00991868972778
2026-10-07T23:19:41+00:00,area_trajectory,milford_haven,,1791379440000.0,,5.00991868972778
2026-10-07T23:19:41+00:00,area_trajectory,milford_haven,,1791379560000.0,,5.00991868972778
2026-10-07T23:19:41+00:00,area_trajectory,milford_haven,,1791379680000.0,,5.00991868972778
2026-10-07T23:19:41+00:00,area_trajectory,milford_haven,,1791379800000.0,,5.00991868972778
2026-10-07T23:19:41+00:00,area_trajectory,milford_haven,,1791379920000.0,,5.00991868972778
2026-10-07T23:19:41+00:00,area_trajectory,milford_haven,,1791380040000.0,,5.00991868972778
2026-10-07T23:19:41+00:00,area_trajectory,milford_haven,,1791380160000.0,,4.9269080162048295
2026-10-07T23:19:41+00:00,area_trajectory,milford_haven,,1791380280000.0,,4.9269080162048295
2026-10-07T23:19:41+00:00,area_trajectory,milford_haven,,1791380400000.0,,4.9269080162048295
2026-10-07T23:19:41+00:00,area_trajectory,milford_haven,,1791380520000.0,,4.9269080162048295
2026-10-07T23:19:41+00:00,area_trajectory,milford_haven,,1791380640000.0,,4.9269080162048295
2026-10-07T23:19:41+00:00,area_trajectory,milford_haven,,1791380760000.0,,4.9269080162048295
2026-10-07T23:19:41+00:00,area_trajectory,milford_haven,,1791380880000.0,,4.9269080162048295
2026-10-07T23:19:41+00:00,area_trajectory,milford_haven,,1791381000000.0,,4.9269080162048295
2026-10-07T23:19:41+00:00,area_trajectory,milford_haven,,1791381120000.0,,4.9269080162048295
2026-10-07T23:19:41+00:00,area_trajectory,milford_haven,,1791381240000.0,,4.9269080162048295
2026-10-07T23:19:41+00:00,area_trajectory,milford_haven,,1791381360000.0,,4.9269080162048295
2026-10-07T23:19:41+00:00,area_trajectory,milford_haven,,1791381480000.0,,4.9269080162048295
2026-10-07T23:19:41+00:00,area_trajectory,milford_haven,,1791381600000.0,,4.9269080162048295
2026-10-07T23:19:41+00:00,area_trajectory,milford_haven,,1791381720000.0,,4.9269080162048295
2026-10-07T23:19:41+00:00,area_trajectory,milford_haven,,1791381840000.0,,4.9220252037048295
2026-10-07T23:19:41+00:00,area_trajectory,milford_haven,,1791381960000.0,,4.9220252037048295
2026-10-07T23:19:41+00:00,area_trajectory,milford_haven,,1791382080000.0,,4.9220252037048295
2026-10-07T23:19:41+00:00,area_trajectory,milford_haven,,1791382200000.0,,4.9220252037048295
2026-10-07T23:19:41+00:00,area_trajectory,milford_haven,,1791382320000.0,,4.9220252037048295
2026-10-07T23:19:41+00:00,area_trajectory,milford_haven,,1791382440000.0,,4.9220252037048295
2026-10-07T23:19:41+00:00,area_trajectory,milford_haven,,1791382560000.0,,4.9220252037048295
2026-10-07T23:19:41+00:00,area_trajectory,milford_haven,,1791382680000.0,,4.9220252037048295
2026-10-07T23:19:41+00:00,area_trajectory,milford_haven,,1791382800000.0,,4.9220252037048295
2026-10-07T23:19:41+00:00,area_trajectory,milford_haven,,1791382920000.0,,4.9220252037048295
2026-10-07T23:19:41+00:00,area_trajectory,milford_haven,,1791383040000.0,,4.9220252037048295
2026-10-07T23:19:41+00:00,area_trajectory,milford_haven,,1791383160000.0,,4.9220252037048295
2026-10-07T23:19:41+00:00,area_trajectory,milford_haven,,1791383280000.0,,4.9220252037048295
2026-10-07T23:19:41+00:00,area_trajectory,milford_haven,,1791383400000.0,,4.9220252037048295
2026-10-07T23:19:41+00:00,area_trajectory,milford_haven,,1791383520000.0,,4.9220252037048295
2026-10-07T23:19:41+00:00,area_trajectory,milford_haven,,1791383640000.0,,4.9220252037048295
2026-10-07T23:19:41+00:00,area_trajectory,milford_haven,,1791383760000.0,,4.9220252037048295
2026-10-07T23:19:41+00:00,area_trajectory,milford_haven,,1791383880000.0,,4.9220252037048295
2026-10-07T23:19:41+00:00,area_trajectory,milford_haven,,1791384000000.0,,4.9220252037048295
2026-10-07T23:19:41+00:00,area_trajectory,milford_haven,,1791384120000.0,,4.9220252037048295
2026-10-07T23:19:41+00:00,area_trajectory,milford_haven,,1791384240000.0,,4.9220252037048295
2026-10-07T23:19:41+00:00,area_trajectory,milford_haven,,1791384360000.0,,4.9220252037048295
2026-10-07T23:19:41+00:00,area_trajectory,milford_haven,,1791384480000.0,,4.97573757171631
2026-10-07T23:19:41+00:00,area_trajectory,milford_haven,,1791384600000.0,,4.97573757171631
2026-10-07T23:19:41+00:00,area_trajectory,milford_haven,,1791384720000.0,,4.97573757171631
2026-10-07T23:19:41+00:00,area_trajectory,milford_haven,,1791384840000.0,,4.97573757171631
2026-10-07T23:19:41+00:00,area_trajectory,milford_haven,,1791384960000.0,,4.97573757171631
2026-10-07T23:19:41+00:00,area_trajectory,milford_haven,,1791385080000.0,,4.97573757171631
2026-10-07T23:19:41+00:00,area_trajectory,milford_haven,,1791385200000.0,,4.97573757171631
2026-10-07T23:19:41+00:00,area_trajectory,milford_haven,,1791385320000.0,,4.97573757171631
2026-10-07T23:19:41+00:00,area_trajectory,milford_haven,,1791385440000.0,,4.96108913421631
2026-10-07T23:19:41+00:00,area_trajectory,milford_haven,,1791385560000.0,,4.96108913421631
2026-10-07T23:19:41+00:00,area_trajectory,milford_haven,,1791385680000.0,,4.96108913421631
2026-10-07T23:19:41+00:00,area_trajectory,milford_haven,,1791385800000.0,,4.96108913421631
2026-10-07T23:19:41+00:00,area_trajectory,milford_haven,,1791385920000.0,,4.96108913421631
2026-10-07T23:19:41+00:00,area_trajectory,milford_haven,,1791386040000.0,,4.96108913421631
2026-10-07T23:19:41+00:00,area_trajectory,milford_haven,,1791386160000.0,,4.96108913421631
2026-10-07T23:19:41+00:00,area_trajectory,milford_haven,,1791386280000.0,,4.96108913421631
2026-10-07T23:19:41+00:00,area_trajectory,milford_haven,,1791386400000.0,,4.96108913421631
2026-10-07T23:19:41+00:00,area_trajectory,milford_haven,,1791386520000.0,,4.96108913421631
2026-10-07T23:19:41+00:00,area_trajectory,milford_haven,,1791386640000.0,,4.9684133529663095
2026-10-07T23:19:41+00:00,area_trajectory,milford_haven,,1791386760000.0,,4.9684133529663095
2026-10-07T23:19:41+00:00,area_trajectory,milford_haven,,1791386880000.0,,4.9684133529663095
2026-10-07T23:19:41+00:00,area_trajectory,milford_haven,,1791387000000.0,,4.9684133529663095
2026-10-07T23:19:41+00:00,area_trajectory,milford_haven,,1791387120000.0,,5.00991868972778
2026-10-07T23:19:41+00:00,area_trajectory,milford_haven,,1791387240000.0,,5.00991868972778
2026-10-07T23:19:41+00:00,area_trajectory,milford_haven,,1791387360000.0,,5.00991868972778
2026-10-07T23:19:41+00:00,area_trajectory,milford_haven,,1791387480000.0,,5.00991868972778
2026-10-07T23:19:41+00:00,area_trajectory,milford_haven,,1791387600000.0,,5.00991868972778
2026-10-07T23:19:41+00:00,area_trajectory,milford_haven,,1791387720000.0,,5.00991868972778
2026-10-07T23:19:41+00:00,area_trajectory,milford_haven,,1791387840000.0,,5.00991868972778
2026-10-07T23:19:41+00:00,area_trajectory,milford_haven,,1791387960000.0,,4.98306226730347
2026-10-07T23:19:41+00:00,area_trajectory,milford_haven,,1791388080000.0,,4.98306226730347
2026-10-07T23:19:41+00:00,area_trajectory,milford_haven,,1791388200000.0,,4.98306226730347
2026-10-07T23:19:41+00:00,area_trajectory,milford_haven,,1791388320000.0,,4.95376443862915
2026-10-07T23:19:41+00:00,area_trajectory,milford_haven,,1791388440000.0,,4.95376443862915
2026-10-07T23:19:41+00:00,area_trajectory,milford_haven,,1791388560000.0,,4.95376443862915
2026-10-07T23:19:41+00:00,area_trajectory,milford_haven,,1791388680000.0,,4.95376443862915
2026-10-07T23:19:41+00:00,area_trajectory,milford_haven,,1791388800000.0,,4.95376443862915
2026-10-07T23:19:41+00:00,area_trajectory,milford_haven,,1791388920000.0,,4.98550367355347
2026-10-07T23:19:41+00:00,area_trajectory,milford_haven,,1791389040000.0,,4.98550367355347
2026-10-07T23:19:41+00:00,area_trajectory,milford_haven,,1791389160000.0,,4.98550367355347
2026-10-07T23:19:41+00:00,area_trajectory,milford_haven,,1791389280000.0,,4.98550367355347
2026-10-07T23:19:41+00:00,area_trajectory,milford_haven,,1791389400000.0,,4.98550367355347
2026-10-07T23:19:41+00:00,area_trajectory,milford_haven,,1791389520000.0,,4.98550367355347
2026-10-07T23:19:41+00:00,area_trajectory,milford_haven,,1791389640000.0,,4.9269080162048295
2026-10-07T23:19:41+00:00,area_trajectory,milford_haven,,1791389760000.0,,4.9269080162048295
2026-10-07T23:19:41+00:00,area_trajectory,milford_haven,,1791389880000.0,,5.0489821434021
2026-10-07T23:19:41+00:00,area_trajectory,milford_haven,,1791390000000.0,,5.0489821434021
2026-10-07T23:19:41+00:00,area_trajectory,milford_haven,,1791390120000.0,,4.93911552429199
2026-10-07T23:19:41+00:00,area_trajectory,milford_haven,,1791390240000.0,,4.93911552429199
2026-10-07T23:19:41+00:00,area_trajectory,milford_haven,,1791390360000.0,,4.93911552429199
2026-10-07T23:19:41+00:00,area_trajectory,milford_haven,,1791390480000.0,,4.93911552429199
2026-10-07T23:19:41+00:00,area_trajectory,milford_haven,,1791390600000.0,,4.93911552429199
2026-10-07T23:19:41+00:00,area_trajectory,milford_haven,,1791390720000.0,,4.9684133529663095
2026-10-07T23:19:41+00:00,area_trajectory,milford_haven,,1791390840000.0,,4.9684133529663095
2026-10-07T23:19:41+00:00,area_trajectory,milford_haven,,1791390960000.0,,4.9684133529663095
2026-10-07T23:19:41+00:00,area_trajectory,milford_haven,,1791391080000.0,,4.9684133529663095
2026-10-07T23:19:41+00:00,area_trajectory,milford_haven,,1791391200000.0,,4.9635305404663095
2026-10-07T23:19:41+00:00,area_trajectory,milford_haven,,1791391320000.0,,4.9635305404663095
2026-10-07T23:19:41+00:00,area_trajectory,milford_haven,,1791391440000.0,,4.9635305404663095
2026-10-07T23:19:41+00:00,area_trajectory,milford_haven,,1791391560000.0,,4.9635305404663095
2026-10-07T23:19:41+00:00,area_trajectory,milford_haven,,1791391680000.0,,4.9635305404663095
2026-10-07T23:19:41+00:00,area_trajectory,milford_haven,,1791391800000.0,,4.9635305404663095
2026-10-07T23:19:41+00:00,area_trajectory,milford_haven,,1791391920000.0,,4.9635305404663095
2026-10-07T23:19:41+00:00,area_trajectory,milford_haven,,1791392040000.0,,4.9635305404663095
2026-10-07T23:19:41+00:00,area_trajectory,milford_haven,,1791392160000.0,,4.9635305404663095
2026-10-07T23:19:41+00:00,area_trajectory,milford_haven,,1791392280000.0,,4.9635305404663095
2026-10-07T23:19:41+00:00,area_trajectory,milford_haven,,1791392400000.0,,4.9635305404663095
2026-10-07T23:19:41+00:00,area_trajectory,milford_haven,,1791392520000.0,,4.9635305404663095
2026-10-07T23:19:41+00:00,area_trajectory,milford_haven,,1791392640000.0,,4.95620584487915
2026-10-07T23:19:41+00:00,area_trajectory,milford_haven,,1791392760000.0,,4.95620584487915
2026-10-07T23:19:41+00:00,area_trajectory,milford_haven,,1791392880000.0,,4.95620584487915
2026-10-07T23:19:41+00:00,area_trajectory,milford_haven,,1791393000000.0,,5.03677463531494
2026-10-07T23:19:41+00:00,area_trajectory,milford_haven,,1791393120000.0,,4.9366741180419895
2026-10-07T23:19:41+00:00,area_trajectory,milford_haven,,1791393240000.0,,4.90249347686768
2026-10-07T23:19:41+00:00,area_trajectory,milford_haven,,1791393360000.0,,4.97817945480347
2026-10-07T23:19:41+00:00,area_trajectory,milford_haven,,1791393480000.0,,4.97817945480347
2026-10-07T23:19:41+00:00,area_trajectory,milford_haven,,1791393600000.0,,4.97817945480347
2026-10-07T23:19:41+00:00,area_trajectory,milford_haven,,1791393720000.0,,4.97817945480347
2026-10-07T23:19:41+00:00,area_trajectory,milford_haven,,1791393840000.0,,4.97817945480347
2026-10-07T23:19:41+00:00,area_trajectory,milford_haven,,1791393960000.0,,4.97817945480347
2026-10-07T23:19:41+00:00,area_trajectory,milford_haven,,1791394080000.0,,4.97817945480347
2026-10-07T23:19:41+00:00,area_trajectory,milford_haven,,1791394200000.0,,4.97817945480347
2026-10-07T23:19:41+00:00,area_trajectory,milford_haven,,1791394320000.0,,4.97817945480347
2026-10-07T23:19:41+00:00,area_trajectory,milford_haven,,1791394440000.0,,4.97817945480347
2026-10-07T23:19:41+00:00,area_trajectory,milford_haven,,1791394560000.0,,4.97817945480347
2026-10-07T23:19:41+00:00,area_trajectory,milford_haven,,1791394680000.0,,4.97817945480347
2026-10-07T23:19:41+00:00,area_trajectory,milford_haven,,1791394800000.0,,4.97817945480347
2026-10-07T23:19:41+00:00,area_trajectory,milford_haven,,1791394920000.0,,4.97817945480347
2026-10-07T23:19:41+00:00,area_trajectory,milford_haven,,1791395040000.0,,4.97817945480347
2026-10-07T23:19:41+00:00,area_trajectory,milford_haven,,1791395160000.0,,4.97817945480347
2026-10-07T23:19:41+00:00,area_trajectory,milford_haven,,1791395280000.0,,4.97817945480347
2026-10-07T23:19:41+00:00,area_trajectory,milford_haven,,1791395400000.0,,4.97817945480347
2026-10-07T23:19:41+00:00,area_trajectory,milford_haven,,1791395520000.0,,4.97817945480347
2026-10-07T23:19:41+00:00,area_trajectory,milford_haven,,1791395640000.0,,4.97817945480347
2026-10-07T23:19:41+00:00,area_trajectory,milford_haven,,1791395760000.0,,4.97817945480347
2026-10-07T23:19:41+00:00,area_trajectory,milford_haven,,1791395880000.0,,4.97817945480347
2026-10-07T23:19:41+00:00,area_trajectory,milford_haven,,1791396000000.0,,4.97817945480347
2026-10-07T23:19:41+00:00,area_trajectory,milford_haven,,1791396120000.0,,4.97817945480347
2026-10-07T23:19:41+00:00,area_trajectory,milford_haven,,1791396240000.0,,4.9586472511291495
2026-10-07T23:19:41+00:00,area_trajectory,milford_haven,,1791396360000.0,,4.9586472511291495
2026-10-07T23:19:41+00:00,area_trajectory,milford_haven,,1791396480000.0,,4.9586472511291495
2026-10-07T23:19:41+00:00,area_trajectory,milford_haven,,1791396600000.0,,4.9586472511291495
2026-10-07T23:19:41+00:00,area_trajectory,milford_haven,,1791396720000.0,,4.9586472511291495
2026-10-07T23:19:41+00:00,area_trajectory,milford_haven,,1791396840000.0,,4.9586472511291495
2026-10-07T23:19:41+00:00,area_trajectory,milford_haven,,1791396960000.0,,4.9586472511291495
2026-10-07T23:19:41+00:00,area_trajectory,milford_haven,,1791397080000.0,,4.9586472511291495
2026-10-07T23:19:41+00:00,area_trajectory,milford_haven,,1791397200000.0,,4.9586472511291495
2026-10-07T23:19:41+00:00,area_trajectory,milford_haven,,1791397320000.0,,4.9732961654663095
2026-10-07T23:19:41+00:00,area_trajectory,milford_haven,,1791397440000.0,,4.9732961654663095
2026-10-07T23:19:41+00:00,area_trajectory,milford_haven,,1791397560000.0,,4.9732961654663095
2026-10-07T23:19:41+00:00,area_trajectory,milford_haven,,1791397680000.0,,4.9366741180419895
2026-10-07T23:19:41+00:00,area_trajectory,milford_haven,,1791397800000.0,,4.9366741180419895
2026-10-07T23:19:41+00:00,area_trajectory,milford_haven,,1791397920000.0,,4.9366741180419895
2026-10-07T23:19:41+00:00,area_trajectory,milford_haven,,1791398040000.0,,4.9366741180419895
2026-10-07T23:19:41+00:00,area_trajectory,milford_haven,,1791398160000.0,,4.9366741180419895
2026-10-07T23:19:41+00:00,area_trajectory,milford_haven,,1791398280000.0,,4.9366741180419895
2026-10-07T23:19:41+00:00,area_trajectory,milford_haven,,1791398400000.0,,4.9366741180419895
2026-10-07T23:19:41+00:00,area_trajectory,milford_haven,,1791398520000.0,,4.9366741180419895
2026-10-07T23:19:41+00:00,area_trajectory,milford_haven,,1791398640000.0,,4.9366741180419895
2026-10-07T23:19:41+00:00,area_trajectory,milford_haven,,1791398760000.0,,4.9366741180419895
2026-10-07T23:19:41+00:00,area_trajectory,milford_haven,,1791398880000.0,,4.9366741180419895
2026-10-07T23:19:41+00:00,area_trajectory,milford_haven,,1791399000000.0,,4.9366741180419895
2026-10-07T23:19:41+00:00,area_trajectory,milford_haven,,1791399120000.0,,4.9366741180419895
2026-10-07T23:19:41+00:00,area_trajectory,milford_haven,,1791399240000.0,,4.9366741180419895
2026-10-07T23:19:41+00:00,area_trajectory,milford_haven,,1791399360000.0,,4.9366741180419895
2026-10-07T23:19:41+00:00,area_trajectory,milford_haven,,1791399480000.0,,4.9366741180419895
2026-10-07T23:19:41+00:00,area_trajectory,milford_haven,,1791399600000.0,,4.9366741180419895
2026-10-07T23:19:41+00:00,area_trajectory,milford_haven,,1791399720000.0,,5.00015258789062
2026-10-07T23:19:41+00:00,area_trajectory,milford_haven,,1791399840000.0,,5.10269498825073
2026-10-07T23:19:41+00:00,area_trajectory,milford_haven,,1791399960000.0,,5.10269498825073
2026-10-07T23:19:41+00:00,area_trajectory,milford_haven,,1791400080000.0,,5.10269498825073
2026-10-07T23:19:41+00:00,area_trajectory,milford_haven,,1791400200000.0,,5.15396595001221
2026-10-07T23:19:41+00:00,area_trajectory,milford_haven,,1791400320000.0,,5.15396595001221
2026-10-07T23:19:41+00:00,area_trajectory,milford_haven,,1791400440000.0,,5.15396595001221
2026-10-07T23:19:41+00:00,area_trajectory,milford_haven,,1791400560000.0,,5.246742248535161
2026-10-07T23:19:41+00:00,area_trajectory,milford_haven,,1791400680000.0,,5.246742248535161
2026-10-07T23:19:41+00:00,area_trajectory,milford_haven,,1791400800000.0,,5.33951854705811
2026-10-07T23:19:41+00:00,area_trajectory,milford_haven,,1791400920000.0,,5.33951854705811
2026-10-07T23:19:41+00:00,area_trajectory,milford_haven,,1791401040000.0,,5.33951854705811
2026-10-07T23:19:41+00:00,area_trajectory,milford_haven,,1791401160000.0,,5.33951854705811
2026-10-07T23:19:41+00:00,area_trajectory,milford_haven,,1791401280000.0,,5.33951854705811
2026-10-07T23:19:41+00:00,area_trajectory,milford_haven,,1791401400000.0,,5.44694375991821
2026-10-07T23:19:41+00:00,area_trajectory,milford_haven,,1791401520000.0,,5.44694375991821
2026-10-07T23:19:41+00:00,area_trajectory,milford_haven,,1791401640000.0,,5.44694375991821
2026-10-07T23:19:41+00:00,area_trajectory,milford_haven,,1791401760000.0,,5.44694375991821
2026-10-07T23:19:41+00:00,area_trajectory,milford_haven,,1791401880000.0,,5.54704427719116
2026-10-07T23:19:41+00:00,area_trajectory,milford_haven,,1791402000000.0,,5.54704427719116
2026-10-07T23:19:41+00:00,area_trajectory,milford_haven,,1791402120000.0,,5.54704427719116
2026-10-07T23:19:41+00:00,area_trajectory,milford_haven,,1791402240000.0,,5.54704427719116
2026-10-07T23:19:41+00:00,area_trajectory,milford_haven,,1791402360000.0,,5.54704427719116
2026-10-07T23:19:41+00:00,area_trajectory,milford_haven,,1791402480000.0,,5.54704427719116
2026-10-07T23:19:41+00:00,area_trajectory,milford_haven,,1791402600000.0,,5.54704427719116
2026-10-07T23:19:41+00:00,area_trajectory,milford_haven,,1791402720000.0,,5.6324958801269505
2026-10-07T23:19:41+00:00,area_trajectory,milford_haven,,1791402840000.0,,5.6324958801269505
2026-10-07T23:19:41+00:00,area_trajectory,milford_haven,,1791402960000.0,,5.62028884887695
2026-10-07T23:19:41+00:00,area_trajectory,milford_haven,,1791403080000.0,,5.62028884887695
2026-10-07T23:19:41+00:00,area_trajectory,milford_haven,,1791403200000.0,,5.62028884887695
2026-10-07T23:19:41+00:00,area_trajectory,milford_haven,,1791403320000.0,,5.62028884887695
2026-10-07T23:19:41+00:00,area_trajectory,milford_haven,,1791403440000.0,,5.612964153289799
2026-10-07T23:19:41+00:00,area_trajectory,milford_haven,,1791403560000.0,,5.612964153289799
2026-10-07T23:19:41+00:00,area_trajectory,milford_haven,,1791403680000.0,,5.73015546798706
2026-10-07T23:19:41+00:00,area_trajectory,milford_haven,,1791403800000.0,,5.73015546798706
2026-10-07T23:19:41+00:00,area_trajectory,milford_haven,,1791403920000.0,,5.89617586135864
2026-10-07T23:19:41+00:00,area_trajectory,milford_haven,,1791404040000.0,,6.281929969787599
2026-10-07T23:19:41+00:00,area_trajectory,milford_haven,,1791404160000.0,,6.41376972198486
2026-10-07T23:19:41+00:00,area_trajectory,milford_haven,,1791404280000.0,,6.516312122344971
2026-10-07T23:19:41+00:00,area_trajectory,milford_haven,,1791404400000.0,,6.621295928955081
2026-10-07T23:19:41+00:00,area_trajectory,milford_haven,,1791404520000.0,,6.621295928955081
2026-10-07T23:19:41+00:00,area_trajectory,milford_haven,,1791404640000.0,,6.75069427490234
2026-10-07T23:19:41+00:00,area_trajectory,milford_haven,,1791404760000.0,,6.75069427490234
2026-10-07T23:19:41+00:00,area_trajectory,milford_haven,,1791404880000.0,,6.86300230026245
2026-10-07T23:19:41+00:00,area_trajectory,milford_haven,,1791405000000.0,,6.96554470062256
2026-10-07T23:19:41+00:00,area_trajectory,milford_haven,,1791405120000.0,,6.96554470062256
2026-10-07T23:19:41+00:00,area_trajectory,milford_haven,,1791405240000.0,,7.05587959289551
2026-10-07T23:19:41+00:00,area_trajectory,milford_haven,,1791405360000.0,,7.16574621200562
2026-10-07T23:19:41+00:00,area_trajectory,milford_haven,,1791405480000.0,,7.16574621200562
2026-10-07T23:19:41+00:00,area_trajectory,milford_haven,,1791405600000.0,,7.16574621200562
2026-10-07T23:19:41+00:00,area_trajectory,milford_haven,,1791405720000.0,,7.336649894714361
2026-10-07T23:19:41+00:00,area_trajectory,milford_haven,,1791405840000.0,,7.336649894714361
2026-10-07T23:19:41+00:00,area_trajectory,milford_haven,,1791405960000.0,,7.336649894714361
2026-10-07T23:19:41+00:00,area_trajectory,milford_haven,,1791406080000.0,,7.336649894714361
2026-10-07T23:19:41+00:00,area_trajectory,milford_haven,,1791406200000.0,,7.4416332244873
2026-10-07T23:19:41+00:00,area_trajectory,milford_haven,,1791406320000.0,,7.36106443405151
2026-10-07T23:19:41+00:00,area_trajectory,milford_haven,,1791406440000.0,,7.36106443405151
2026-10-07T23:19:41+00:00,area_trajectory,milford_haven,,1791406560000.0,,7.36106443405151
2026-10-07T23:19:41+00:00,area_trajectory,milford_haven,,1791406680000.0,,7.36106443405151
2026-10-07T23:19:41+00:00,area_trajectory,milford_haven,,1791406800000.0,,7.36106443405151
2026-10-07T23:19:41+00:00,area_trajectory,milford_haven,,1791406920000.0,,7.36106443405151
2026-10-07T23:19:41+00:00,area_trajectory,milford_haven,,1791407040000.0,,7.341532707214361
2026-10-07T23:19:41+00:00,area_trajectory,milford_haven,,1791407160000.0,,7.341532707214361
2026-10-07T23:19:41+00:00,area_trajectory,milford_haven,,1791407280000.0,,7.341532707214361
2026-10-07T23:19:41+00:00,area_trajectory,milford_haven,,1791407400000.0,,7.341532707214361
2026-10-07T23:19:41+00:00,area_trajectory,milford_haven,,1791407520000.0,,7.341532707214361
2026-10-07T23:19:41+00:00,area_trajectory,milford_haven,,1791407640000.0,,7.341532707214361
2026-10-07T23:19:41+00:00,area_trajectory,milford_haven,,1791407760000.0,,7.341532707214361
2026-10-07T23:19:41+00:00,area_trajectory,milford_haven,,1791407880000.0,,7.341532707214361
2026-10-07T23:19:41+00:00,area_trajectory,milford_haven,,1791408000000.0,,7.341532707214361
2026-10-07T23:19:41+00:00,area_trajectory,milford_haven,,1791408120000.0,,7.341532707214361
2026-10-07T23:19:41+00:00,area_trajectory,milford_haven,,1791408240000.0,,7.341532707214361
2026-10-07T23:19:41+00:00,area_trajectory,milford_haven,,1791408360000.0,,7.341532707214361
2026-10-07T23:19:41+00:00,area_trajectory,milford_haven,,1791408480000.0,,7.341532707214361
2026-10-07T23:19:41+00:00,area_trajectory,milford_haven,,1791408600000.0,,7.341532707214361
2026-10-07T23:19:41+00:00,area_trajectory,milford_haven,,1791408720000.0,,7.341532707214361
2026-10-07T23:19:41+00:00,area_trajectory,milford_haven,,1791408840000.0,,7.341532707214361
2026-10-07T23:19:41+00:00,area_trajectory,milford_haven,,1791408960000.0,,7.341532707214361
2026-10-07T23:19:41+00:00,area_trajectory,milford_haven,,1791409080000.0,,7.341532707214361
2026-10-07T23:19:41+00:00,area_trajectory,milford_haven,,1791409200000.0,,7.341532707214361
2026-10-07T23:19:41+00:00,area_trajectory,milford_haven,,1791409320000.0,,7.341532707214361
2026-10-07T23:19:41+00:00,area_trajectory,milford_haven,,1791409440000.0,,7.341532707214361
2026-10-07T23:19:41+00:00,area_trajectory,milford_haven,,1791409560000.0,,7.341532707214361
2026-10-07T23:19:41+00:00,area_trajectory,milford_haven,,1791409680000.0,,7.341532707214361
2026-10-07T23:19:41+00:00,area_trajectory,milford_haven,,1791409800000.0,,7.341532707214361
2026-10-07T23:19:41+00:00,area_trajectory,milford_haven,,1791409920000.0,,7.341532707214361
2026-10-07T23:19:41+00:00,area_trajectory,milford_haven,,1791410040000.0,,7.341532707214361
2026-10-07T23:19:41+00:00,area_trajectory,milford_haven,,1791410160000.0,,7.341532707214361
2026-10-07T23:19:41+00:00,area_trajectory,milford_haven,,1791410280000.0,,7.341532707214361
2026-10-07T23:19:41+00:00,area_trajectory,milford_haven,,1791410400000.0,,7.341532707214361
2026-10-07T23:19:41+00:00,area_trajectory,milford_haven,,1791410520000.0,,7.30735206604004
2026-10-07T23:19:41+00:00,area_trajectory,milford_haven,,1791410640000.0,,7.30735206604004
2026-10-07T23:19:41+00:00,area_trajectory,milford_haven,,1791410760000.0,,7.30735206604004
2026-10-07T23:19:41+00:00,area_trajectory,milford_haven,,1791410880000.0,,7.30735206604004
2026-10-07T23:19:41+00:00,area_trajectory,milford_haven,,1791411000000.0,,7.30735206604004
2026-10-07T23:19:41+00:00,area_trajectory,milford_haven,,1791411120000.0,,7.30735206604004
2026-10-07T23:19:41+00:00,area_trajectory,milford_haven,,1791411240000.0,,7.30735206604004
2026-10-07T23:19:41+00:00,area_trajectory,milford_haven,,1791411360000.0,,7.30735206604004
2026-10-07T23:19:41+00:00,area_trajectory,milford_haven,,1791411480000.0,,7.30002737045288
2026-10-07T23:19:41+00:00,area_trajectory,milford_haven,,1791411600000.0,,7.30002737045288
2026-10-07T23:19:41+00:00,area_trajectory,milford_haven,,1791411720000.0,,7.30002737045288
2026-10-07T23:19:41+00:00,area_trajectory,milford_haven,,1791411840000.0,,7.30002737045288
2026-10-07T23:19:41+00:00,area_trajectory,milford_haven,,1791411960000.0,,7.30002737045288
2026-10-07T23:19:41+00:00,area_trajectory,milford_haven,,1791412080000.0,,7.30002737045288
2026-10-07T23:19:41+00:00,area_trajectory,milford_haven,,1791412200000.0,,7.30002737045288
2026-10-07T23:19:41+00:00,area_trajectory,milford_haven,,1791412320000.0,,7.30002737045288
2026-10-07T23:19:41+00:00,area_trajectory,milford_haven,,1791412440000.0,,7.30002737045288
2026-10-07T23:19:41+00:00,area_trajectory,milford_haven,,1791412560000.0,,7.30002737045288
2026-10-07T23:19:41+00:00,area_trajectory,milford_haven,,1791412680000.0,,7.30002737045288
2026-10-07T23:19:41+00:00,area_trajectory,milford_haven,,1791412800000.0,,7.30002737045288
2026-10-07T23:19:41+00:00,area_trajectory,milford_haven,,1791412920000.0,,7.30002737045288
2026-10-07T23:19:41+00:00,area_trajectory,milford_haven,,1791413040000.0,,7.30002737045288
2026-10-07T23:19:41+00:00,area_trajectory,milford_haven,,1791413160000.0,,7.36350584030151
2026-10-07T23:19:41+00:00,area_trajectory,milford_haven,,1791413280000.0,,7.36350584030151
2026-10-07T23:19:41+00:00,area_trajectory,milford_haven,,1791413400000.0,,7.40501117706299
2026-10-07T23:19:41+00:00,area_trajectory,milford_haven,,1791413520000.0,,7.40501117706299
2026-10-07T23:19:41+00:00,area_trajectory,milford_haven,,1791413640000.0,,7.40501117706299
2026-10-07T23:19:41+00:00,area_trajectory,milford_haven,,1791413760000.0,,7.40501117706299
2026-10-07T23:19:41+00:00,area_trajectory,milford_haven,,1791413880000.0,,7.40501117706299
2026-10-07T23:19:41+00:00,area_trajectory,milford_haven,,1791414000000.0,,7.40501117706299
2026-10-07T23:19:41+00:00,area_trajectory,milford_haven,,1791414120000.0,,7.40501117706299
2026-10-07T23:19:41+00:00,area_trajectory,milford_haven,,1791414240000.0,,7.39768648147583
2026-10-07T23:19:41+00:00,area_trajectory,milford_haven,,1791414360000.0,,7.39768648147583
2026-10-07T23:19:41+00:00,area_trajectory,milford_haven,,1791414480000.0,,7.39768648147583
2026-10-07T23:19:41+00:00,area_trajectory,milford_haven,,1791414600000.0,,7.39768648147583
2026-10-07T23:19:41+00:00,area_trajectory,milford_haven,,1791414720000.0,,7.39768648147583
2026-10-07T23:19:41+00:00,area_trajectory,milford_haven,,1791414840000.0,,7.39768648147583
2026-10-07T23:19:41+00:00,area_trajectory,milford_haven,,1791414960000.0,,7.39768648147583
2026-10-07T23:19:41+00:00,area_trajectory,milford_haven,,1791415080000.0,,7.39768648147583
2026-10-07T23:19:41+00:00,area_trajectory,milford_haven,,1791415200000.0,,7.39768648147583
2026-10-07T23:19:41+00:00,area_trajectory,milford_haven,,1791415320000.0,,7.39768648147583
2026-10-07T23:19:41+00:00,area_trajectory,milford_haven,,1791415440000.0,,7.39768648147583
2026-10-07T23:19:41+00:00,area_trajectory,milford_haven,,1791415560000.0,,7.39768648147583
2026-10-07T23:19:41+00:00,area_trajectory,milford_haven,,1791415680000.0,,7.39768648147583
2026-10-07T23:19:41+00:00,area_trajectory,milford_haven,,1791415800000.0,,7.39768648147583
2026-10-07T23:19:41+00:00,area_trajectory,milford_haven,,1791415920000.0,,7.39768648147583
2026-10-07T23:19:41+00:00,area_trajectory,milford_haven,,1791416040000.0,,7.39768648147583
2026-10-07T23:19:41+00:00,area_trajectory,milford_haven,,1791416160000.0,,7.39768648147583
2026-10-07T23:19:41+00:00,area_trajectory,milford_haven,,1791416280000.0,,7.39768648147583
2026-10-07T23:19:41+00:00,area_trajectory,milford_haven,,1791416400000.0,,7.39768648147583
2026-10-07T23:19:41+00:00,area_trajectory,milford_haven,,1791416520000.0,,7.39768648147583
2026-10-07T23:19:41+00:00,area_trajectory,milford_haven,,1791416640000.0,,7.39768648147583
2026-10-07T23:19:41+00:00,area_trajectory,milford_haven,,1791416760000.0,,7.39768648147583
2026-10-07T23:19:41+00:00,area_trajectory,milford_haven,,1791416880000.0,,7.39768648147583
2026-10-07T23:19:41+00:00,area_trajectory,milford_haven,,1791417000000.0,,7.39768648147583
2026-10-07T23:19:41+00:00,area_trajectory,milford_haven,,1791417120000.0,,7.39768648147583
2026-10-07T23:19:41+00:00,area_trajectory,milford_haven,,1791417240000.0,,7.39768648147583
2026-10-07T23:19:41+00:00,area_trajectory,milford_haven,,1791417360000.0,,7.39768648147583
2026-10-07T23:19:41+00:00,area_trajectory,milford_haven,,1791417480000.0,,7.39768648147583
2026-10-07T23:19:41+00:00,area_trajectory,milford_haven,,1791417600000.0,,7.47825574874878
2026-10-07T23:19:41+00:00,area_trajectory,milford_haven,,1791417720000.0,,7.47825574874878
2026-10-07T23:19:41+00:00,area_trajectory,milford_haven,,1791417840000.0,,7.48313856124878
2026-10-07T23:19:41+00:00,area_trajectory,milford_haven,,1791417960000.0,,7.48313856124878
2026-10-07T23:19:41+00:00,area_trajectory,milford_haven,,1791418080000.0,,7.48313856124878
2026-10-07T23:19:41+00:00,area_trajectory,milford_haven,,1791418200000.0,,7.48313856124878
2026-10-07T23:19:41+00:00,subterminal_latest,grain,nts1,,00:00,0.00
2026-10-07T23:19:41+00:00,subterminal_latest,grain,nts1,,00:02,0.00
2026-10-07T23:19:41+00:00,subterminal_latest,grain,nts1,,00:04,0.00
2026-10-07T23:19:41+00:00,subterminal_latest,grain,nts1,,00:06,0.00
2026-10-07T23:19:41+00:00,subterminal_latest,grain,nts1,,00:08,0.00
2026-10-07T23:19:41+00:00,subterminal_latest,grain,nts1,,00:10,0.00
2026-10-07T23:19:41+00:00,subterminal_latest,grain,nts2,,00:00,0.00
2026-10-07T23:19:41+00:00,subterminal_latest,grain,nts2,,00:02,0.00
2026-10-07T23:19:41+00:00,subterminal_latest,grain,nts2,,00:04,0.00
2026-10-07T23:19:41+00:00,subterminal_latest,grain,nts2,,00:06,0.00
2026-10-07T23:19:41+00:00,subterminal_latest,grain,nts2,,00:08,0.00
2026-10-07T23:19:41+00:00,subterminal_latest,grain,nts2,,00:10,0.00
2026-10-07T23:19:41+00:00,subterminal_latest,dragon,,,00:00,0.00
2026-10-07T23:19:41+00:00,subterminal_latest,dragon,,,00:02,0.00
2026-10-07T23:19:41+00:00,subterminal_latest,dragon,,,00:04,0.00
2026-10-07T23:19:41+00:00,subterminal_latest,dragon,,,00:06,0.00
2026-10-07T23:19:41+00:00,subterminal_latest,dragon,,,00:08,0.00
2026-10-07T23:19:41+00:00,subterminal_latest,dragon,,,00:10,0.00
2026-10-07T23:19:41+00:00,subterminal_latest,south_hook,,,00:00,7.48
2026-10-07T23:19:41+00:00,subterminal_latest,south_hook,,,00:02,7.48
2026-10-07T23:19:41+00:00,subterminal_latest,south_hook,,,00:04,7.48
2026-10-07T23:19:41+00:00,subterminal_latest,south_hook,,,00:06,7.48
2026-10-07T23:19:41+00:00,subterminal_latest,south_hook,,,00:08,7.48
2026-10-07T23:19:41+00:00,subterminal_latest,south_hook,,,00:10,7.48
