snapshot_utc,series,terminal,sub,epoch_ms,time_label,value_mcm_d
2026-09-24T00:30:47+00:00,area_trajectory,grain,,1790139600000.0,,9.50927586347982
2026-09-24T00:30:47+00:00,area_trajectory,grain,,1790139720000.0,,9.50927586347982
2026-09-24T00:30:47+00:00,area_trajectory,grain,,1790139840000.0,,9.52117771894857
2026-09-24T00:30:47+00:00,area_trajectory,grain,,1790139960000.0,,9.14844323713705
2026-09-24T00:30:47+00:00,area_trajectory,grain,,1790140080000.0,,8.26879325849936
2026-09-24T00:30:47+00:00,area_trajectory,grain,,1790140200000.0,,7.578476104568691
2026-09-24T00:30:47+00:00,area_trajectory,grain,,1790140320000.0,,7.197611007522791
2026-09-24T00:30:47+00:00,area_trajectory,grain,,1790140440000.0,,7.249028854202479
2026-09-24T00:30:47+00:00,area_trajectory,grain,,1790140560000.0,,6.65871670515463
2026-09-24T00:30:47+00:00,area_trajectory,grain,,1790140680000.0,,6.530174758743501
2026-09-24T00:30:47+00:00,area_trajectory,grain,,1790140800000.0,,6.530174758743501
2026-09-24T00:30:47+00:00,area_trajectory,grain,,1790140920000.0,,6.3888139646761095
2026-09-24T00:30:47+00:00,area_trajectory,grain,,1790141040000.0,,6.67197657759115
2026-09-24T00:30:47+00:00,area_trajectory,grain,,1790141160000.0,,6.67197657759115
2026-09-24T00:30:47+00:00,area_trajectory,grain,,1790141280000.0,,6.67197657759115
2026-09-24T00:30:47+00:00,area_trajectory,grain,,1790141400000.0,,6.48571630842611
2026-09-24T00:30:47+00:00,area_trajectory,grain,,1790141520000.0,,6.54669244368002
2026-09-24T00:30:47+00:00,area_trajectory,grain,,1790141640000.0,,6.54669244368002
2026-09-24T00:30:47+00:00,area_trajectory,grain,,1790141760000.0,,6.54669244368002
2026-09-24T00:30:47+00:00,area_trajectory,grain,,1790141880000.0,,6.569434692215169
2026-09-24T00:30:47+00:00,area_trajectory,grain,,1790142000000.0,,6.549329162430021
2026-09-24T00:30:47+00:00,area_trajectory,grain,,1790142120000.0,,6.46839463789388
2026-09-24T00:30:47+00:00,area_trajectory,grain,,1790142240000.0,,6.46839463789388
2026-09-24T00:30:47+00:00,area_trajectory,grain,,1790142360000.0,,6.44894828779623
2026-09-24T00:30:47+00:00,area_trajectory,grain,,1790142480000.0,,6.42983152754232
2026-09-24T00:30:47+00:00,area_trajectory,grain,,1790142600000.0,,6.42983152754232
2026-09-24T00:30:47+00:00,area_trajectory,grain,,1790142720000.0,,6.42983152754232
2026-09-24T00:30:47+00:00,area_trajectory,grain,,1790142840000.0,,6.42983152754232
2026-09-24T00:30:47+00:00,area_trajectory,grain,,1790142960000.0,,6.45125541670248
2026-09-24T00:30:47+00:00,area_trajectory,grain,,1790143080000.0,,6.45125541670248
2026-09-24T00:30:47+00:00,area_trajectory,grain,,1790143200000.0,,6.45125541670248
2026-09-24T00:30:47+00:00,area_trajectory,grain,,1790143320000.0,,6.46971299726888
2026-09-24T00:30:47+00:00,area_trajectory,grain,,1790143440000.0,,6.4597881315462296
2026-09-24T00:30:47+00:00,area_trajectory,grain,,1790143560000.0,,6.4597881315462296
2026-09-24T00:30:47+00:00,area_trajectory,grain,,1790143680000.0,,6.4597881315462296
2026-09-24T00:30:47+00:00,area_trajectory,grain,,1790143800000.0,,6.499669784378259
2026-09-24T00:30:47+00:00,area_trajectory,grain,,1790143920000.0,,6.4772569425813895
2026-09-24T00:30:47+00:00,area_trajectory,grain,,1790144040000.0,,6.4772569425813895
2026-09-24T00:30:47+00:00,area_trajectory,grain,,1790144160000.0,,6.4772569425813895
2026-09-24T00:30:47+00:00,area_trajectory,grain,,1790144280000.0,,6.4510728605501395
2026-09-24T00:30:47+00:00,area_trajectory,grain,,1790144400000.0,,6.428989608597011
2026-09-24T00:30:47+00:00,area_trajectory,grain,,1790144520000.0,,6.45279331953451
2026-09-24T00:30:47+00:00,area_trajectory,grain,,1790144640000.0,,6.47421856672689
2026-09-24T00:30:47+00:00,area_trajectory,grain,,1790144760000.0,,6.49234655744955
2026-09-24T00:30:47+00:00,area_trajectory,grain,,1790144880000.0,,6.63022698957846
2026-09-24T00:30:47+00:00,area_trajectory,grain,,1790145000000.0,,6.63022698957846
2026-09-24T00:30:47+00:00,area_trajectory,grain,,1790145120000.0,,6.63022698957846
2026-09-24T00:30:47+00:00,area_trajectory,grain,,1790145240000.0,,6.54716760237142
2026-09-24T00:30:47+00:00,area_trajectory,grain,,1790145360000.0,,6.60649578840658
2026-09-24T00:30:47+00:00,area_trajectory,grain,,1790145480000.0,,6.60649578840658
2026-09-24T00:30:47+00:00,area_trajectory,grain,,1790145600000.0,,6.60649578840658
2026-09-24T00:30:47+00:00,area_trajectory,grain,,1790145720000.0,,6.60649578840658
2026-09-24T00:30:47+00:00,area_trajectory,grain,,1790145840000.0,,6.54189398176596
2026-09-24T00:30:47+00:00,area_trajectory,grain,,1790145960000.0,,6.54189398176596
2026-09-24T00:30:47+00:00,area_trajectory,grain,,1790146080000.0,,6.54189398176596
2026-09-24T00:30:47+00:00,area_trajectory,grain,,1790146200000.0,,6.54189398176596
2026-09-24T00:30:47+00:00,area_trajectory,grain,,1790146320000.0,,6.595948364090179
2026-09-24T00:30:47+00:00,area_trajectory,grain,,1790146440000.0,,6.595948364090179
2026-09-24T00:30:47+00:00,area_trajectory,grain,,1790146560000.0,,6.51501574690268
2026-09-24T00:30:47+00:00,area_trajectory,grain,,1790146680000.0,,6.51501574690268
2026-09-24T00:30:47+00:00,area_trajectory,grain,,1790146800000.0,,6.490625366043299
2026-09-24T00:30:47+00:00,area_trajectory,grain,,1790146920000.0,,6.490625366043299
2026-09-24T00:30:47+00:00,area_trajectory,grain,,1790147040000.0,,6.5334720457308
2026-09-24T00:30:47+00:00,area_trajectory,grain,,1790147160000.0,,6.51105938703939
2026-09-24T00:30:47+00:00,area_trajectory,grain,,1790147280000.0,,6.54896331770346
2026-09-24T00:30:47+00:00,area_trajectory,grain,,1790147400000.0,,6.54896331770346
2026-09-24T00:30:47+00:00,area_trajectory,grain,,1790147520000.0,,6.54896331770346
2026-09-24T00:30:47+00:00,area_trajectory,grain,,1790147640000.0,,6.52753924543783
2026-09-24T00:30:47+00:00,area_trajectory,grain,,1790147760000.0,,6.503808044265959
2026-09-24T00:30:47+00:00,area_trajectory,grain,,1790147880000.0,,6.503808044265959
2026-09-24T00:30:47+00:00,area_trajectory,grain,,1790148000000.0,,6.503808044265959
2026-09-24T00:30:47+00:00,area_trajectory,grain,,1790148120000.0,,6.48073620588705
2026-09-24T00:30:47+00:00,area_trajectory,grain,,1790148240000.0,,6.53742730696127
2026-09-24T00:30:47+00:00,area_trajectory,grain,,1790148360000.0,,6.53742730696127
2026-09-24T00:30:47+00:00,area_trajectory,grain,,1790148480000.0,,6.53742730696127
2026-09-24T00:30:47+00:00,area_trajectory,grain,,1790148600000.0,,6.4965568845979895
2026-09-24T00:30:47+00:00,area_trajectory,grain,,1790148720000.0,,6.51435528547689
2026-09-24T00:30:47+00:00,area_trajectory,grain,,1790148840000.0,,6.51435528547689
2026-09-24T00:30:47+00:00,area_trajectory,grain,,1790148960000.0,,6.51435528547689
2026-09-24T00:30:47+00:00,area_trajectory,grain,,1790149080000.0,,6.51435528547689
2026-09-24T00:30:47+00:00,area_trajectory,grain,,1790149200000.0,,6.51435528547689
2026-09-24T00:30:47+00:00,area_trajectory,grain,,1790149320000.0,,6.51435528547689
2026-09-24T00:30:47+00:00,area_trajectory,grain,,1790149440000.0,,6.51435528547689
2026-09-24T00:30:47+00:00,area_trajectory,grain,,1790149560000.0,,6.545996826004241
2026-09-24T00:30:47+00:00,area_trajectory,grain,,1790149680000.0,,6.503808044265959
2026-09-24T00:30:47+00:00,area_trajectory,grain,,1790149800000.0,,6.503808044265959
2026-09-24T00:30:47+00:00,area_trajectory,grain,,1790149920000.0,,6.503808044265959
2026-09-24T00:30:47+00:00,area_trajectory,grain,,1790150040000.0,,6.503808044265959
2026-09-24T00:30:47+00:00,area_trajectory,grain,,1790150160000.0,,6.55918096907064
2026-09-24T00:30:47+00:00,area_trajectory,grain,,1790150280000.0,,6.55918096907064
2026-09-24T00:30:47+00:00,area_trajectory,grain,,1790150400000.0,,6.55918096907064
2026-09-24T00:30:47+00:00,area_trajectory,grain,,1790150520000.0,,6.56632208235189
2026-09-24T00:30:47+00:00,area_trajectory,grain,,1790150640000.0,,6.50567553694174
2026-09-24T00:30:47+00:00,area_trajectory,grain,,1790150760000.0,,6.50567553694174
2026-09-24T00:30:47+00:00,area_trajectory,grain,,1790150880000.0,,6.50567553694174
2026-09-24T00:30:47+00:00,area_trajectory,grain,,1790151000000.0,,6.562696410965181
2026-09-24T00:30:47+00:00,area_trajectory,grain,,1790151120000.0,,6.562696410965181
2026-09-24T00:30:47+00:00,area_trajectory,grain,,1790151240000.0,,6.562696410965181
2026-09-24T00:30:47+00:00,area_trajectory,grain,,1790151360000.0,,6.562696410965181
2026-09-24T00:30:47+00:00,area_trajectory,grain,,1790151480000.0,,6.519848449539389
2026-09-24T00:30:47+00:00,area_trajectory,grain,,1790151600000.0,,6.519848449539389
2026-09-24T00:30:47+00:00,area_trajectory,grain,,1790151720000.0,,6.519848449539389
2026-09-24T00:30:47+00:00,area_trajectory,grain,,1790151840000.0,,6.53665808088705
2026-09-24T00:30:47+00:00,area_trajectory,grain,,1790151960000.0,,6.53665808088705
2026-09-24T00:30:47+00:00,area_trajectory,grain,,1790152080000.0,,6.53665808088705
2026-09-24T00:30:47+00:00,area_trajectory,grain,,1790152200000.0,,6.47667089826986
2026-09-24T00:30:47+00:00,area_trajectory,grain,,1790152320000.0,,6.53566912825033
2026-09-24T00:30:47+00:00,area_trajectory,grain,,1790152440000.0,,6.4547346037142
2026-09-24T00:30:47+00:00,area_trajectory,grain,,1790152560000.0,,6.540429870437831
2026-09-24T00:30:47+00:00,area_trajectory,grain,,1790152680000.0,,6.498900451492521
2026-09-24T00:30:47+00:00,area_trajectory,grain,,1790152800000.0,,6.498900451492521
2026-09-24T00:30:47+00:00,area_trajectory,grain,,1790152920000.0,,6.498900451492521
2026-09-24T00:30:47+00:00,area_trajectory,grain,,1790153040000.0,,6.498900451492521
2026-09-24T00:30:47+00:00,area_trajectory,grain,,1790153160000.0,,6.51702844221518
2026-09-24T00:30:47+00:00,area_trajectory,grain,,1790153280000.0,,6.55427319319174
2026-09-24T00:30:47+00:00,area_trajectory,grain,,1790153400000.0,,6.55427319319174
2026-09-24T00:30:47+00:00,area_trajectory,grain,,1790153520000.0,,6.55427319319174
2026-09-24T00:30:47+00:00,area_trajectory,grain,,1790153640000.0,,6.57338995344564
2026-09-24T00:30:47+00:00,area_trajectory,grain,,1790153760000.0,,6.57338995344564
2026-09-24T00:30:47+00:00,area_trajectory,grain,,1790153880000.0,,6.57338995344564
2026-09-24T00:30:47+00:00,area_trajectory,grain,,1790154000000.0,,6.57338995344564
2026-09-24T00:30:47+00:00,area_trajectory,grain,,1790154120000.0,,6.4926380613558
2026-09-24T00:30:47+00:00,area_trajectory,grain,,1790154240000.0,,6.56895806868002
2026-09-24T00:30:47+00:00,area_trajectory,grain,,1790154360000.0,,6.56895806868002
2026-09-24T00:30:47+00:00,area_trajectory,grain,,1790154480000.0,,6.56895806868002
2026-09-24T00:30:47+00:00,area_trajectory,grain,,1790154600000.0,,6.5488525388948595
2026-09-24T00:30:47+00:00,area_trajectory,grain,,1790154720000.0,,6.52973577864096
2026-09-24T00:30:47+00:00,area_trajectory,grain,,1790154840000.0,,6.52973577864096
2026-09-24T00:30:47+00:00,area_trajectory,grain,,1790154960000.0,,6.52973577864096
2026-09-24T00:30:47+00:00,area_trajectory,grain,,1790155080000.0,,6.58774542219564
2026-09-24T00:30:47+00:00,area_trajectory,grain,,1790155200000.0,,6.54984130842611
2026-09-24T00:30:47+00:00,area_trajectory,grain,,1790155320000.0,,6.54984130842611
2026-09-24T00:30:47+00:00,area_trajectory,grain,,1790155440000.0,,6.44748344404623
2026-09-24T00:30:47+00:00,area_trajectory,grain,,1790155560000.0,,6.520214294265959
2026-09-24T00:30:47+00:00,area_trajectory,grain,,1790155680000.0,,6.55778863508627
2026-09-24T00:30:47+00:00,area_trajectory,grain,,1790155800000.0,,6.55302789289877
2026-09-24T00:30:47+00:00,area_trajectory,grain,,1790155920000.0,,6.55302789289877
2026-09-24T00:30:47+00:00,area_trajectory,grain,,1790156040000.0,,6.481614852737639
2026-09-24T00:30:47+00:00,area_trajectory,grain,,1790156160000.0,,6.6100849149935
2026-09-24T00:30:47+00:00,area_trajectory,grain,,1790156280000.0,,6.50772705061361
2026-09-24T00:30:47+00:00,area_trajectory,grain,,1790156400000.0,,6.50772705061361
2026-09-24T00:30:47+00:00,area_trajectory,grain,,1790156520000.0,,6.50772705061361
2026-09-24T00:30:47+00:00,area_trajectory,grain,,1790156640000.0,,6.50772705061361
2026-09-24T00:30:47+00:00,area_trajectory,grain,,1790156760000.0,,6.50772705061361
2026-09-24T00:30:47+00:00,area_trajectory,grain,,1790156880000.0,,6.50772705061361
2026-09-24T00:30:47+00:00,area_trajectory,grain,,1790157000000.0,,6.541675903152679
2026-09-24T00:30:47+00:00,area_trajectory,grain,,1790157120000.0,,6.61784777815268
2026-09-24T00:30:47+00:00,area_trajectory,grain,,1790157240000.0,,6.61784777815268
2026-09-24T00:30:47+00:00,area_trajectory,grain,,1790157360000.0,,6.61784777815268
2026-09-24T00:30:47+00:00,area_trajectory,grain,,1790157480000.0,,6.61784777815268
2026-09-24T00:30:47+00:00,area_trajectory,grain,,1790157600000.0,,6.48685284407064
2026-09-24T00:30:47+00:00,area_trajectory,grain,,1790157720000.0,,6.48685284407064
2026-09-24T00:30:47+00:00,area_trajectory,grain,,1790157840000.0,,6.532079894851889
2026-09-24T00:30:47+00:00,area_trajectory,grain,,1790157960000.0,,6.59239666731283
2026-09-24T00:30:47+00:00,area_trajectory,grain,,1790158080000.0,,6.53306866438314
2026-09-24T00:30:47+00:00,area_trajectory,grain,,1790158200000.0,,6.53306866438314
2026-09-24T00:30:47+00:00,area_trajectory,grain,,1790158320000.0,,6.53306866438314
2026-09-24T00:30:47+00:00,area_trajectory,grain,,1790158440000.0,,6.420126754593101
2026-09-24T00:30:47+00:00,area_trajectory,grain,,1790158560000.0,,6.56244006330892
2026-09-24T00:30:47+00:00,area_trajectory,grain,,1790158680000.0,,6.56244006330892
2026-09-24T00:30:47+00:00,area_trajectory,grain,,1790158800000.0,,6.56244006330892
2026-09-24T00:30:47+00:00,area_trajectory,grain,,1790158920000.0,,6.50508959944174
2026-09-24T00:30:47+00:00,area_trajectory,grain,,1790159040000.0,,6.50508959944174
2026-09-24T00:30:47+00:00,area_trajectory,grain,,1790159160000.0,,6.50508959944174
2026-09-24T00:30:47+00:00,area_trajectory,grain,,1790159280000.0,,6.50508959944174
2026-09-24T00:30:47+00:00,area_trajectory,grain,,1790159400000.0,,6.52288800032064
2026-09-24T00:30:47+00:00,area_trajectory,grain,,1790159520000.0,,6.52288800032064
2026-09-24T00:30:47+00:00,area_trajectory,grain,,1790159640000.0,,6.52288800032064
2026-09-24T00:30:47+00:00,area_trajectory,grain,,1790159760000.0,,6.52288800032064
2026-09-24T00:30:47+00:00,area_trajectory,grain,,1790159880000.0,,6.5436527097933
2026-09-24T00:30:47+00:00,area_trajectory,grain,,1790160000000.0,,6.5617807005159605
2026-09-24T00:30:47+00:00,area_trajectory,grain,,1790160120000.0,,6.5617807005159605
2026-09-24T00:30:47+00:00,area_trajectory,grain,,1790160240000.0,,6.543323119949549
2026-09-24T00:30:47+00:00,area_trajectory,grain,,1790160360000.0,,6.543323119949549
2026-09-24T00:30:47+00:00,area_trajectory,grain,,1790160480000.0,,6.543323119949549
2026-09-24T00:30:47+00:00,area_trajectory,grain,,1790160600000.0,,6.543323119949549
2026-09-24T00:30:47+00:00,area_trajectory,grain,,1790160720000.0,,6.543323119949549
2026-09-24T00:30:47+00:00,area_trajectory,grain,,1790160840000.0,,6.524206359695641
2026-09-24T00:30:47+00:00,area_trajectory,grain,,1790160960000.0,,6.54464166243002
2026-09-24T00:30:47+00:00,area_trajectory,grain,,1790161080000.0,,6.54464166243002
2026-09-24T00:30:47+00:00,area_trajectory,grain,,1790161200000.0,,6.54464166243002
2026-09-24T00:30:47+00:00,area_trajectory,grain,,1790161320000.0,,6.523365173172199
2026-09-24T00:30:47+00:00,area_trajectory,grain,,1790161440000.0,,6.48513165266439
2026-09-24T00:30:47+00:00,area_trajectory,grain,,1790161560000.0,,6.48513165266439
2026-09-24T00:30:47+00:00,area_trajectory,grain,,1790161680000.0,,6.48513165266439
2026-09-24T00:30:47+00:00,area_trajectory,grain,,1790161800000.0,,6.543141296219081
2026-09-24T00:30:47+00:00,area_trajectory,grain,,1790161920000.0,,6.523365173172199
2026-09-24T00:30:47+00:00,area_trajectory,grain,,1790162040000.0,,6.523365173172199
2026-09-24T00:30:47+00:00,area_trajectory,grain,,1790162160000.0,,6.523365173172199
2026-09-24T00:30:47+00:00,area_trajectory,grain,,1790162280000.0,,6.523365173172199
2026-09-24T00:30:47+00:00,area_trajectory,grain,,1790162400000.0,,6.444811019729819
2026-09-24T00:30:47+00:00,area_trajectory,grain,,1790162520000.0,,6.52230261213705
2026-09-24T00:30:47+00:00,area_trajectory,grain,,1790162640000.0,,6.52230261213705
2026-09-24T00:30:47+00:00,area_trajectory,grain,,1790162760000.0,,6.52230261213705
2026-09-24T00:30:47+00:00,area_trajectory,grain,,1790162880000.0,,6.467259460281579
2026-09-24T00:30:47+00:00,area_trajectory,grain,,1790163000000.0,,6.467259460281579
2026-09-24T00:30:47+00:00,area_trajectory,grain,,1790163120000.0,,6.467259460281579
2026-09-24T00:30:47+00:00,area_trajectory,grain,,1790163240000.0,,6.48373950178549
2026-09-24T00:30:47+00:00,area_trajectory,grain,,1790163360000.0,,6.52428015119955
2026-09-24T00:30:47+00:00,area_trajectory,grain,,1790163480000.0,,6.52428015119955
2026-09-24T00:30:47+00:00,area_trajectory,grain,,1790163600000.0,,6.52428015119955
2026-09-24T00:30:47+00:00,area_trajectory,grain,,1790163720000.0,,6.48505786116049
2026-09-24T00:30:47+00:00,area_trajectory,grain,,1790163840000.0,,6.544385864090181
2026-09-24T00:30:47+00:00,area_trajectory,grain,,1790163960000.0,,6.544385864090181
2026-09-24T00:30:47+00:00,area_trajectory,grain,,1790164080000.0,,6.544385864090181
2026-09-24T00:30:47+00:00,area_trajectory,grain,,1790164200000.0,,6.544385864090181
2026-09-24T00:30:47+00:00,area_trajectory,grain,,1790164320000.0,,6.467589050125329
2026-09-24T00:30:47+00:00,area_trajectory,grain,,1790164440000.0,,6.467589050125329
2026-09-24T00:30:47+00:00,area_trajectory,grain,,1790164560000.0,,6.467589050125329
2026-09-24T00:30:47+00:00,area_trajectory,grain,,1790164680000.0,,6.40339091474936
2026-09-24T00:30:47+00:00,area_trajectory,grain,,1790164800000.0,,6.4756089933626395
2026-09-24T00:30:47+00:00,area_trajectory,grain,,1790164920000.0,,6.5494024046175205
2026-09-24T00:30:47+00:00,area_trajectory,grain,,1790165040000.0,,6.56844537336752
2026-09-24T00:30:47+00:00,area_trajectory,grain,,1790165160000.0,,6.529222900222989
2026-09-24T00:30:47+00:00,area_trajectory,grain,,1790165280000.0,,6.51043572981283
2026-09-24T00:30:47+00:00,area_trajectory,grain,,1790165400000.0,,6.51043572981283
2026-09-24T00:30:47+00:00,area_trajectory,grain,,1790165520000.0,,6.3914152677767
2026-09-24T00:30:47+00:00,area_trajectory,grain,,1790165640000.0,,6.53914776594564
2026-09-24T00:30:47+00:00,area_trajectory,grain,,1790165760000.0,,6.53438702375814
2026-09-24T00:30:47+00:00,area_trajectory,grain,,1790165880000.0,,6.570092590164389
2026-09-24T00:30:47+00:00,area_trajectory,grain,,1790166000000.0,,6.570092590164389
2026-09-24T00:30:47+00:00,area_trajectory,grain,,1790166120000.0,,6.4185156095735705
2026-09-24T00:30:47+00:00,area_trajectory,grain,,1790166240000.0,,6.5161127317659595
2026-09-24T00:30:47+00:00,area_trajectory,grain,,1790166360000.0,,6.5161127317659595
2026-09-24T00:30:47+00:00,area_trajectory,grain,,1790166480000.0,,6.5161127317659595
2026-09-24T00:30:47+00:00,area_trajectory,grain,,1790166600000.0,,6.55698315412924
2026-09-24T00:30:47+00:00,area_trajectory,grain,,1790166720000.0,,6.461583846878259
2026-09-24T00:30:47+00:00,area_trajectory,grain,,1790166840000.0,,6.57108282453939
2026-09-24T00:30:47+00:00,area_trajectory,grain,,1790166960000.0,,6.490148300003261
2026-09-24T00:30:47+00:00,area_trajectory,grain,,1790167080000.0,,6.44484672529623
2026-09-24T00:30:47+00:00,area_trajectory,grain,,1790167200000.0,,6.482750655960291
2026-09-24T00:30:47+00:00,area_trajectory,grain,,1790167320000.0,,6.608912231277681
2026-09-24T00:30:47+00:00,area_trajectory,grain,,1790167440000.0,,6.46608805830404
2026-09-24T00:30:47+00:00,area_trajectory,grain,,1790167560000.0,,6.55500561506674
2026-09-24T00:30:47+00:00,area_trajectory,grain,,1790167680000.0,,6.4999622801058
2026-09-24T00:30:47+00:00,area_trajectory,grain,,1790167800000.0,,6.4999622801058
2026-09-24T00:30:47+00:00,area_trajectory,grain,,1790167920000.0,,6.426168868850921
2026-09-24T00:30:47+00:00,area_trajectory,grain,,1790168040000.0,,6.50234265119955
2026-09-24T00:30:47+00:00,area_trajectory,grain,,1790168160000.0,,6.5198114622347
2026-09-24T00:30:47+00:00,area_trajectory,grain,,1790168280000.0,,6.5198114622347
2026-09-24T00:30:47+00:00,area_trajectory,grain,,1790168400000.0,,6.386508773636071
2026-09-24T00:30:47+00:00,area_trajectory,grain,,1790168520000.0,,6.5198114622347
2026-09-24T00:30:47+00:00,area_trajectory,grain,,1790168640000.0,,6.52775878889486
2026-09-24T00:30:47+00:00,area_trajectory,grain,,1790168760000.0,,6.52775878889486
2026-09-24T00:30:47+00:00,area_trajectory,grain,,1790168880000.0,,6.52775878889486
2026-09-24T00:30:47+00:00,area_trajectory,grain,,1790169000000.0,,6.38160044844076
2026-09-24T00:30:47+00:00,area_trajectory,grain,,1790169120000.0,,6.44268644697592
2026-09-24T00:30:47+00:00,area_trajectory,grain,,1790169240000.0,,6.5593265379183
2026-09-24T00:30:47+00:00,area_trajectory,grain,,1790169360000.0,,6.4783920133821695
2026-09-24T00:30:47+00:00,area_trajectory,grain,,1790169480000.0,,6.541638183426111
2026-09-24T00:30:47+00:00,area_trajectory,grain,,1790169600000.0,,6.541638183426111
2026-09-24T00:30:47+00:00,area_trajectory,grain,,1790169720000.0,,6.47022514326498
2026-09-24T00:30:47+00:00,area_trajectory,grain,,1790169840000.0,,6.47022514326498
2026-09-24T00:30:47+00:00,area_trajectory,grain,,1790169960000.0,,6.43693565351888
2026-09-24T00:30:47+00:00,area_trajectory,grain,,1790170080000.0,,6.48077238447592
2026-09-24T00:30:47+00:00,area_trajectory,grain,,1790170200000.0,,6.564087280105801
2026-09-24T00:30:47+00:00,area_trajectory,grain,,1790170320000.0,,6.44030607588217
2026-09-24T00:30:47+00:00,area_trajectory,grain,,1790170440000.0,,6.4520622556917395
2026-09-24T00:30:47+00:00,area_trajectory,grain,,1790170560000.0,,6.53017742903158
2026-09-24T00:30:47+00:00,area_trajectory,grain,,1790170680000.0,,6.53017742903158
2026-09-24T00:30:47+00:00,area_trajectory,grain,,1790170800000.0,,6.53017742903158
2026-09-24T00:30:47+00:00,area_trajectory,grain,,1790170920000.0,,6.511390258621419
2026-09-24T00:30:47+00:00,area_trajectory,grain,,1790171040000.0,,6.44697056562826
2026-09-24T00:30:47+00:00,area_trajectory,grain,,1790171160000.0,,6.499340637039389
2026-09-24T00:30:47+00:00,area_trajectory,grain,,1790171280000.0,,6.499340637039389
2026-09-24T00:30:47+00:00,area_trajectory,grain,,1790171400000.0,,6.499340637039389
2026-09-24T00:30:47+00:00,area_trajectory,grain,,1790171520000.0,,6.4378531950227895
2026-09-24T00:30:47+00:00,area_trajectory,grain,,1790171640000.0,,6.5045035856477895
2026-09-24T00:30:47+00:00,area_trajectory,grain,,1790171760000.0,,6.60686145002768
2026-09-24T00:30:47+00:00,area_trajectory,grain,,1790171880000.0,,6.42038383467123
2026-09-24T00:30:47+00:00,area_trajectory,grain,,1790172000000.0,,6.50131835920736
2026-09-24T00:30:47+00:00,area_trajectory,grain,,1790172120000.0,,6.50131835920736
2026-09-24T00:30:47+00:00,area_trajectory,grain,,1790172240000.0,,6.55361328108236
2026-09-24T00:30:47+00:00,area_trajectory,grain,,1790172360000.0,,6.5849252317659595
2026-09-24T00:30:47+00:00,area_trajectory,grain,,1790172480000.0,,6.499854247879241
2026-09-24T00:30:47+00:00,area_trajectory,grain,,1790172600000.0,,6.47366825849935
2026-09-24T00:30:47+00:00,area_trajectory,grain,,1790172720000.0,,6.55698315412924
2026-09-24T00:30:47+00:00,area_trajectory,grain,,1790172840000.0,,6.49337030012533
2026-09-24T00:30:47+00:00,area_trajectory,grain,,1790172960000.0,,6.550720763992519
2026-09-24T00:30:47+00:00,area_trajectory,grain,,1790173080000.0,,6.550720763992519
2026-09-24T00:30:47+00:00,area_trajectory,grain,,1790173200000.0,,6.472166610550141
2026-09-24T00:30:47+00:00,area_trajectory,grain,,1790173320000.0,,6.4339329069368505
2026-09-24T00:30:47+00:00,area_trajectory,grain,,1790173440000.0,,6.54251690657064
2026-09-24T00:30:47+00:00,area_trajectory,grain,,1790173560000.0,,6.46634503157064
2026-09-24T00:30:47+00:00,area_trajectory,grain,,1790173680000.0,,6.46634503157064
2026-09-24T00:30:47+00:00,area_trajectory,grain,,1790173800000.0,,6.565405639480799
2026-09-24T00:30:47+00:00,area_trajectory,grain,,1790173920000.0,,6.49212573225424
2026-09-24T00:30:47+00:00,area_trajectory,grain,,1790174040000.0,,6.56591723616049
2026-09-24T00:30:47+00:00,area_trajectory,grain,,1790174160000.0,,6.423093063186849
2026-09-24T00:30:47+00:00,area_trajectory,grain,,1790174280000.0,,6.44484672529623
2026-09-24T00:30:47+00:00,area_trajectory,grain,,1790174400000.0,,6.58085992414877
2026-09-24T00:30:47+00:00,area_trajectory,grain,,1790174520000.0,,6.485643173050141
2026-09-24T00:30:47+00:00,area_trajectory,grain,,1790174640000.0,,6.56181695539877
2026-09-24T00:30:47+00:00,area_trajectory,grain,,1790174760000.0,,6.54171142561361
2026-09-24T00:30:47+00:00,area_trajectory,grain,,1790174880000.0,,6.54171142561361
2026-09-24T00:30:47+00:00,area_trajectory,grain,,1790175000000.0,,6.46315727217123
2026-09-24T00:30:47+00:00,area_trajectory,grain,,1790175120000.0,,6.453635787796229
2026-09-24T00:30:47+00:00,area_trajectory,grain,,1790175240000.0,,6.50241589338705
2026-09-24T00:30:47+00:00,area_trajectory,grain,,1790175360000.0,,6.5627326658479905
2026-09-24T00:30:47+00:00,area_trajectory,grain,,1790175480000.0,,6.5627326658479905
2026-09-24T00:30:47+00:00,area_trajectory,grain,,1790175600000.0,,6.5627326658479905
2026-09-24T00:30:47+00:00,area_trajectory,grain,,1790175720000.0,,6.44865495283529
2026-09-24T00:30:47+00:00,area_trajectory,grain,,1790175840000.0,,6.39712779219076
2026-09-24T00:30:47+00:00,area_trajectory,grain,,1790175960000.0,,6.39712779219076
2026-09-24T00:30:47+00:00,area_trajectory,grain,,1790176080000.0,,6.48044268782064
2026-09-24T00:30:47+00:00,area_trajectory,grain,,1790176200000.0,,6.48714482099935
2026-09-24T00:30:47+00:00,area_trajectory,grain,,1790176320000.0,,6.54068511946127
2026-09-24T00:30:47+00:00,area_trajectory,grain,,1790176440000.0,,6.54068511946127
2026-09-24T00:30:47+00:00,area_trajectory,grain,,1790176560000.0,,6.54068511946127
2026-09-24T00:30:47+00:00,area_trajectory,grain,,1790176680000.0,,6.44374835188314
2026-09-24T00:30:47+00:00,area_trajectory,grain,,1790176800000.0,,6.572839538406581
2026-09-24T00:30:47+00:00,area_trajectory,grain,,1790176920000.0,,6.572839538406581
2026-09-24T00:30:47+00:00,area_trajectory,grain,,1790177040000.0,,6.572839538406581
2026-09-24T00:30:47+00:00,area_trajectory,grain,,1790177160000.0,,6.572839538406581
2026-09-24T00:30:47+00:00,area_trajectory,grain,,1790177280000.0,,6.42232383711264
2026-09-24T00:30:47+00:00,area_trajectory,grain,,1790177400000.0,,6.42232383711264
2026-09-24T00:30:47+00:00,area_trajectory,grain,,1790177520000.0,,6.42232383711264
2026-09-24T00:30:47+00:00,area_trajectory,grain,,1790177640000.0,,6.519920959305019
2026-09-24T00:30:47+00:00,area_trajectory,grain,,1790177760000.0,,6.51603977949545
2026-09-24T00:30:47+00:00,area_trajectory,grain,,1790177880000.0,,6.51603977949545
2026-09-24T00:30:47+00:00,area_trajectory,grain,,1790178000000.0,,6.50175755293295
2026-09-24T00:30:47+00:00,area_trajectory,grain,,1790178120000.0,,6.44275895674154
2026-09-24T00:30:47+00:00,area_trajectory,grain,,1790178240000.0,,6.518932739090171
2026-09-24T00:30:47+00:00,area_trajectory,grain,,1790178360000.0,,6.518932739090171
2026-09-24T00:30:47+00:00,area_trajectory,grain,,1790178480000.0,,6.518932739090171
2026-09-24T00:30:47+00:00,area_trajectory,grain,,1790178600000.0,,6.51325701887533
2026-09-24T00:30:47+00:00,area_trajectory,grain,,1790178720000.0,,6.53270355207846
2026-09-24T00:30:47+00:00,area_trajectory,grain,,1790178840000.0,,6.53270355207846
2026-09-24T00:30:47+00:00,area_trajectory,grain,,1790178960000.0,,6.53270355207846
2026-09-24T00:30:47+00:00,area_trajectory,grain,,1790179080000.0,,6.627920303177089
2026-09-24T00:30:47+00:00,area_trajectory,grain,,1790179200000.0,,6.53665808088705
2026-09-24T00:30:47+00:00,area_trajectory,grain,,1790179320000.0,,6.53665808088705
2026-09-24T00:30:47+00:00,area_trajectory,grain,,1790179440000.0,,6.505713256668301
2026-09-24T00:30:47+00:00,area_trajectory,grain,,1790179560000.0,,6.5245004270784595
2026-09-24T00:30:47+00:00,area_trajectory,grain,,1790179680000.0,,6.5245004270784595
2026-09-24T00:30:47+00:00,area_trajectory,grain,,1790179800000.0,,6.5245004270784595
2026-09-24T00:30:47+00:00,area_trajectory,grain,,1790179920000.0,,6.5245004270784595
2026-09-24T00:30:47+00:00,area_trajectory,grain,,1790180040000.0,,6.5245004270784595
2026-09-24T00:30:47+00:00,area_trajectory,grain,,1790180160000.0,,6.45759167463705
2026-09-24T00:30:47+00:00,area_trajectory,grain,,1790180280000.0,,6.45759167463705
2026-09-24T00:30:47+00:00,area_trajectory,grain,,1790180400000.0,,6.45759167463705
2026-09-24T00:30:47+00:00,area_trajectory,grain,,1790180520000.0,,6.45759167463705
2026-09-24T00:30:47+00:00,area_trajectory,grain,,1790180640000.0,,6.5156011350862695
2026-09-24T00:30:47+00:00,area_trajectory,grain,,1790180760000.0,,6.5156011350862695
2026-09-24T00:30:47+00:00,area_trajectory,grain,,1790180880000.0,,6.5156011350862695
2026-09-24T00:30:47+00:00,area_trajectory,grain,,1790181000000.0,,6.495166015457361
2026-09-24T00:30:47+00:00,area_trajectory,grain,,1790181120000.0,,6.51329400618002
2026-09-24T00:30:47+00:00,area_trajectory,grain,,1790181240000.0,,6.51329400618002
2026-09-24T00:30:47+00:00,area_trajectory,grain,,1790181360000.0,,6.51329400618002
2026-09-24T00:30:47+00:00,area_trajectory,grain,,1790181480000.0,,6.4912107542268895
2026-09-24T00:30:47+00:00,area_trajectory,grain,,1790181600000.0,,6.4912107542268895
2026-09-24T00:30:47+00:00,area_trajectory,grain,,1790181720000.0,,6.5054929807893895
2026-09-24T00:30:47+00:00,area_trajectory,grain,,1790181840000.0,,6.5054929807893895
2026-09-24T00:30:47+00:00,area_trajectory,grain,,1790181960000.0,,6.5054929807893895
2026-09-24T00:30:47+00:00,area_trajectory,grain,,1790182080000.0,,6.538453063797199
2026-09-24T00:30:47+00:00,area_trajectory,grain,,1790182200000.0,,6.538453063797199
2026-09-24T00:30:47+00:00,area_trajectory,grain,,1790182320000.0,,6.538453063797199
2026-09-24T00:30:47+00:00,area_trajectory,grain,,1790182440000.0,,6.5176881712190795
2026-09-24T00:30:47+00:00,area_trajectory,grain,,1790182560000.0,,6.45521122724936
2026-09-24T00:30:47+00:00,area_trajectory,grain,,1790182680000.0,,6.45521122724936
2026-09-24T00:30:47+00:00,area_trajectory,grain,,1790182800000.0,,6.56232983381674
2026-09-24T00:30:47+00:00,area_trajectory,grain,,1790182920000.0,,6.56232983381674
2026-09-24T00:30:47+00:00,area_trajectory,grain,,1790183040000.0,,6.53779315168783
2026-09-24T00:30:47+00:00,area_trajectory,grain,,1790183160000.0,,6.53779315168783
2026-09-24T00:30:47+00:00,area_trajectory,grain,,1790183280000.0,,6.53779315168783
2026-09-24T00:30:47+00:00,area_trajectory,grain,,1790183400000.0,,6.554602783035491
2026-09-24T00:30:47+00:00,area_trajectory,grain,,1790183520000.0,,6.5280145872347095
2026-09-24T00:30:47+00:00,area_trajectory,grain,,1790183640000.0,,6.4232763517610705
2026-09-24T00:30:47+00:00,area_trajectory,grain,,1790183760000.0,,6.53515570051596
2026-09-24T00:30:47+00:00,area_trajectory,grain,,1790183880000.0,,6.57009332258627
2026-09-24T00:30:47+00:00,area_trajectory,grain,,1790184000000.0,,6.51681018049642
2026-09-24T00:30:47+00:00,area_trajectory,grain,,1790184120000.0,,6.51681018049642
2026-09-24T00:30:47+00:00,area_trajectory,grain,,1790184240000.0,,6.51681018049642
2026-09-24T00:30:47+00:00,area_trajectory,grain,,1790184360000.0,,6.475610168289389
2026-09-24T00:30:47+00:00,area_trajectory,grain,,1790184480000.0,,6.475610168289389
2026-09-24T00:30:47+00:00,area_trajectory,grain,,1790184600000.0,,6.54702130110189
2026-09-24T00:30:47+00:00,area_trajectory,grain,,1790184720000.0,,6.54702130110189
2026-09-24T00:30:47+00:00,area_trajectory,grain,,1790184840000.0,,6.53749981672689
2026-09-24T00:30:47+00:00,area_trajectory,grain,,1790184960000.0,,6.45180455000326
2026-09-24T00:30:47+00:00,area_trajectory,grain,,1790185080000.0,,6.54702130110189
2026-09-24T00:30:47+00:00,area_trajectory,grain,,1790185200000.0,,6.45180455000326
2026-09-24T00:30:47+00:00,area_trajectory,grain,,1790185320000.0,,6.93302037031576
2026-09-24T00:30:47+00:00,area_trajectory,grain,,1790185440000.0,,6.5627689207308
2026-09-24T00:30:47+00:00,area_trajectory,grain,,1790185560000.0,,6.5627689207308
2026-09-24T00:30:47+00:00,area_trajectory,grain,,1790185680000.0,,6.5627689207308
2026-09-24T00:30:47+00:00,area_trajectory,grain,,1790185800000.0,,6.61528660566732
2026-09-24T00:30:47+00:00,area_trajectory,grain,,1790185920000.0,,6.35922375471518
2026-09-24T00:30:47+00:00,area_trajectory,grain,,1790186040000.0,,6.35922375471518
2026-09-24T00:30:47+00:00,area_trajectory,grain,,1790186160000.0,,6.28781071455404
2026-09-24T00:30:47+00:00,area_trajectory,grain,,1790186280000.0,,6.5969735716097
2026-09-24T00:30:47+00:00,area_trajectory,grain,,1790186400000.0,,6.391305221389979
2026-09-24T00:30:47+00:00,area_trajectory,grain,,1790186520000.0,,6.48890234358236
2026-09-24T00:30:47+00:00,area_trajectory,grain,,1790186640000.0,,6.47938085920736
2026-09-24T00:30:47+00:00,area_trajectory,grain,,1790186760000.0,,6.4945423582308
2026-09-24T00:30:47+00:00,area_trajectory,grain,,1790186880000.0,,6.448216598343099
2026-09-24T00:30:47+00:00,area_trajectory,grain,,1790187000000.0,,6.42679325849935
2026-09-24T00:30:47+00:00,area_trajectory,grain,,1790187120000.0,,6.46963993818685
2026-09-24T00:30:47+00:00,area_trajectory,grain,,1790187240000.0,,6.55533520491049
2026-09-24T00:30:47+00:00,area_trajectory,grain,,1790187360000.0,,6.51874945051596
2026-09-24T00:30:47+00:00,area_trajectory,grain,,1790187480000.0,,6.540172790359709
2026-09-24T00:30:47+00:00,area_trajectory,grain,,1790187600000.0,,6.540172790359709
2026-09-24T00:30:47+00:00,area_trajectory,grain,,1790187720000.0,,6.468247604202481
2026-09-24T00:30:47+00:00,area_trajectory,grain,,1790187840000.0,,6.57060546858236
2026-09-24T00:30:47+00:00,area_trajectory,grain,,1790187960000.0,,6.44920463545248
2026-09-24T00:30:47+00:00,area_trajectory,grain,,1790188080000.0,,6.44920463545248
2026-09-24T00:30:47+00:00,area_trajectory,grain,,1790188200000.0,,6.544202499222011
2026-09-24T00:30:47+00:00,area_trajectory,grain,,1790188320000.0,,6.544202499222011
2026-09-24T00:30:47+00:00,area_trajectory,grain,,1790188440000.0,,6.60667889387533
2026-09-24T00:30:47+00:00,area_trajectory,grain,,1790188560000.0,,6.4924191740267005
2026-09-24T00:30:47+00:00,area_trajectory,grain,,1790188680000.0,,6.45121916181967
2026-09-24T00:30:47+00:00,area_trajectory,grain,,1790188800000.0,,6.553577026199549
2026-09-24T00:30:47+00:00,area_trajectory,grain,,1790188920000.0,,6.45121916181967
2026-09-24T00:30:47+00:00,area_trajectory,grain,,1790189040000.0,,6.54881628401205
2026-09-24T00:30:47+00:00,area_trajectory,grain,,1790189160000.0,,6.48655943281576
2026-09-24T00:30:47+00:00,area_trajectory,grain,,1790189280000.0,,6.60638629133627
2026-09-24T00:30:47+00:00,area_trajectory,grain,,1790189400000.0,,6.51116954023764
2026-09-24T00:30:47+00:00,area_trajectory,grain,,1790189520000.0,,6.599245178055019
2026-09-24T00:30:47+00:00,area_trajectory,grain,,1790189640000.0,,6.57913946516439
2026-09-24T00:30:47+00:00,area_trajectory,grain,,1790189760000.0,,6.509924056839201
2026-09-24T00:30:47+00:00,area_trajectory,grain,,1790189880000.0,,6.59323895246908
2026-09-24T00:30:47+00:00,area_trajectory,grain,,1790190000000.0,,6.602760436844079
2026-09-24T00:30:47+00:00,area_trajectory,grain,,1790190120000.0,,6.503662582229819
2026-09-24T00:30:47+00:00,area_trajectory,grain,,1790190240000.0,,6.45484483320638
2026-09-24T00:30:47+00:00,area_trajectory,grain,,1790190360000.0,,6.53815972883627
2026-09-24T00:30:47+00:00,area_trajectory,grain,,1790190480000.0,,6.53815972883627
2026-09-24T00:30:47+00:00,area_trajectory,grain,,1790190600000.0,,6.55661730940267
2026-09-24T00:30:47+00:00,area_trajectory,grain,,1790190720000.0,,6.629458679031581
2026-09-24T00:30:47+00:00,area_trajectory,grain,,1790190840000.0,,6.629458679031581
2026-09-24T00:30:47+00:00,area_trajectory,grain,,1790190960000.0,,6.50567747480795
2026-09-24T00:30:47+00:00,area_trajectory,grain,,1790191080000.0,,6.589247619461269
2026-09-24T00:30:47+00:00,area_trajectory,grain,,1790191200000.0,,6.589247619461269
2026-09-24T00:30:47+00:00,area_trajectory,grain,,1790191320000.0,,6.530249206375331
2026-09-24T00:30:47+00:00,area_trajectory,grain,,1790191440000.0,,6.530249206375331
2026-09-24T00:30:47+00:00,area_trajectory,grain,,1790191560000.0,,6.4469343107454495
2026-09-24T00:30:47+00:00,area_trajectory,grain,,1790191680000.0,,6.58207098371908
2026-09-24T00:30:47+00:00,area_trajectory,grain,,1790191800000.0,,6.58207098371908
2026-09-24T00:30:47+00:00,area_trajectory,grain,,1790191920000.0,,6.58207098371908
2026-09-24T00:30:47+00:00,area_trajectory,grain,,1790192040000.0,,6.52406134016439
2026-09-24T00:30:47+00:00,area_trajectory,grain,,1790192160000.0,,6.55998773176596
2026-09-24T00:30:47+00:00,area_trajectory,grain,,1790192280000.0,,6.55998773176596
2026-09-24T00:30:47+00:00,area_trajectory,grain,,1790192400000.0,,6.55998773176596
2026-09-24T00:30:47+00:00,area_trajectory,grain,,1790192520000.0,,6.52208380110189
2026-09-24T00:30:47+00:00,area_trajectory,grain,,1790192640000.0,,6.52208380110189
2026-09-24T00:30:47+00:00,area_trajectory,grain,,1790192760000.0,,6.52208380110189
2026-09-24T00:30:47+00:00,area_trajectory,grain,,1790192880000.0,,6.52208380110189
2026-09-24T00:30:47+00:00,area_trajectory,grain,,1790193000000.0,,6.4986821897737705
2026-09-24T00:30:47+00:00,area_trajectory,grain,,1790193120000.0,,6.53559735090658
2026-09-24T00:30:47+00:00,area_trajectory,grain,,1790193240000.0,,6.53559735090658
2026-09-24T00:30:47+00:00,area_trajectory,grain,,1790193360000.0,,6.53559735090658
2026-09-24T00:30:47+00:00,area_trajectory,grain,,1790193480000.0,,6.552736388992519
2026-09-24T00:30:47+00:00,area_trajectory,grain,,1790193600000.0,,6.552736388992519
2026-09-24T00:30:47+00:00,area_trajectory,grain,,1790193720000.0,,6.552736388992519
2026-09-24T00:30:47+00:00,area_trajectory,grain,,1790193840000.0,,6.636781799148769
2026-09-24T00:30:47+00:00,area_trajectory,grain,,1790193960000.0,,6.59755950910971
2026-09-24T00:30:47+00:00,area_trajectory,grain,,1790194080000.0,,6.61502813703939
2026-09-24T00:30:47+00:00,area_trajectory,grain,,1790194200000.0,,6.503148788284509
2026-09-24T00:30:47+00:00,area_trajectory,grain,,1790194320000.0,,6.503148788284509
2026-09-24T00:30:47+00:00,area_trajectory,grain,,1790194440000.0,,6.483702621292321
2026-09-24T00:30:47+00:00,area_trajectory,grain,,1790194560000.0,,6.624549621414389
2026-09-24T00:30:47+00:00,area_trajectory,grain,,1790194680000.0,,6.51267027265951
2026-09-24T00:30:47+00:00,area_trajectory,grain,,1790194800000.0,,6.503148788284509
2026-09-24T00:30:47+00:00,area_trajectory,grain,,1790194920000.0,,6.519813293289389
2026-09-24T00:30:47+00:00,area_trajectory,grain,,1790195040000.0,,6.4796022337190795
2026-09-24T00:30:47+00:00,area_trajectory,grain,,1790195160000.0,,6.4796022337190795
2026-09-24T00:30:47+00:00,area_trajectory,grain,,1790195280000.0,,6.4796022337190795
2026-09-24T00:30:47+00:00,area_trajectory,grain,,1790195400000.0,,6.46176695234701
2026-09-24T00:30:47+00:00,area_trajectory,grain,,1790195520000.0,,6.627553649734709
2026-09-24T00:30:47+00:00,area_trajectory,grain,,1790195640000.0,,6.627553649734709
2026-09-24T00:30:47+00:00,area_trajectory,grain,,1790195760000.0,,6.627553649734709
2026-09-24T00:30:47+00:00,area_trajectory,grain,,1790195880000.0,,6.54423875410482
2026-09-24T00:30:47+00:00,area_trajectory,grain,,1790196000000.0,,6.4684308927767
2026-09-24T00:30:47+00:00,area_trajectory,grain,,1790196120000.0,,6.4684308927767
2026-09-24T00:30:47+00:00,area_trajectory,grain,,1790196240000.0,,6.55888690168783
2026-09-24T00:30:47+00:00,area_trajectory,grain,,1790196360000.0,,6.55888690168783
2026-09-24T00:30:47+00:00,area_trajectory,grain,,1790196480000.0,,6.57767407209799
2026-09-24T00:30:47+00:00,area_trajectory,grain,,1790196600000.0,,6.57767407209799
2026-09-24T00:30:47+00:00,area_trajectory,grain,,1790196720000.0,,6.57767407209799
2026-09-24T00:30:47+00:00,area_trajectory,grain,,1790196840000.0,,6.59580206282064
2026-09-24T00:30:47+00:00,area_trajectory,grain,,1790196960000.0,,6.55789813215658
2026-09-24T00:30:47+00:00,area_trajectory,grain,,1790197080000.0,,6.48172625715658
2026-09-24T00:30:47+00:00,area_trajectory,grain,,1790197200000.0,,6.48172625715658
2026-09-24T00:30:47+00:00,area_trajectory,grain,,1790197320000.0,,6.56265887434408
2026-09-24T00:30:47+00:00,area_trajectory,grain,,1790197440000.0,,6.5585565794222
2026-09-24T00:30:47+00:00,area_trajectory,grain,,1790197560000.0,,6.42763426191732
2026-09-24T00:30:47+00:00,area_trajectory,grain,,1790197680000.0,,6.51332952864096
2026-09-24T00:30:47+00:00,area_trajectory,grain,,1790197800000.0,,6.51332952864096
2026-09-24T00:30:47+00:00,area_trajectory,grain,,1790197920000.0,,6.51332952864096
2026-09-24T00:30:47+00:00,area_trajectory,grain,,1790198040000.0,,6.51332952864096
2026-09-24T00:30:47+00:00,area_trajectory,grain,,1790198160000.0,,6.51332952864096
2026-09-24T00:30:47+00:00,area_trajectory,grain,,1790198280000.0,,6.4719113615267005
2026-09-24T00:30:47+00:00,area_trajectory,grain,,1790198400000.0,,6.570826293777681
2026-09-24T00:30:47+00:00,area_trajectory,grain,,1790198520000.0,,6.570826293777681
2026-09-24T00:30:47+00:00,area_trajectory,grain,,1790198640000.0,,6.570826293777681
2026-09-24T00:30:47+00:00,area_trajectory,grain,,1790198760000.0,,6.496336791824549
2026-09-24T00:30:47+00:00,area_trajectory,grain,,1790198880000.0,,6.57148547346518
2026-09-24T00:30:47+00:00,area_trajectory,grain,,1790199000000.0,,6.57148547346518
2026-09-24T00:30:47+00:00,area_trajectory,grain,,1790199120000.0,,6.57148547346518
2026-09-24T00:30:47+00:00,area_trajectory,grain,,1790199240000.0,,6.55236871321127
2026-09-24T00:30:47+00:00,area_trajectory,grain,,1790199360000.0,,6.58994305403158
2026-09-24T00:30:47+00:00,area_trajectory,grain,,1790199480000.0,,6.58994305403158
2026-09-24T00:30:47+00:00,area_trajectory,grain,,1790199600000.0,,6.58994305403158
2026-09-24T00:30:47+00:00,area_trajectory,grain,,1790199720000.0,,6.515783141922201
2026-09-24T00:30:47+00:00,area_trajectory,grain,,1790199840000.0,,6.55335748274252
2026-09-24T00:30:47+00:00,area_trajectory,grain,,1790199960000.0,,6.55335748274252
2026-09-24T00:30:47+00:00,area_trajectory,grain,,1790200080000.0,,6.55335748274252
2026-09-24T00:30:47+00:00,area_trajectory,grain,,1790200200000.0,,6.570826293777681
2026-09-24T00:30:47+00:00,area_trajectory,grain,,1790200320000.0,,6.570826293777681
2026-09-24T00:30:47+00:00,area_trajectory,grain,,1790200440000.0,,6.570826293777681
2026-09-24T00:30:47+00:00,area_trajectory,grain,,1790200560000.0,,6.47084880049154
2026-09-24T00:30:47+00:00,area_trajectory,grain,,1790200680000.0,,6.4527208097688895
2026-09-24T00:30:47+00:00,area_trajectory,grain,,1790200800000.0,,6.52175347883627
2026-09-24T00:30:47+00:00,area_trajectory,grain,,1790200920000.0,,6.46224229414389
2026-09-24T00:30:47+00:00,area_trajectory,grain,,1790201040000.0,,6.56115777571127
2026-09-24T00:30:47+00:00,area_trajectory,grain,,1790201160000.0,,6.53171331770346
2026-09-24T00:30:47+00:00,area_trajectory,grain,,1790201280000.0,,6.53171331770346
2026-09-24T00:30:47+00:00,area_trajectory,grain,,1790201400000.0,,6.53171331770346
2026-09-24T00:30:47+00:00,area_trajectory,grain,,1790201520000.0,,6.53171331770346
2026-09-24T00:30:47+00:00,area_trajectory,grain,,1790201640000.0,,6.41694145185873
2026-09-24T00:30:47+00:00,area_trajectory,grain,,1790201760000.0,,6.4742917326204505
2026-09-24T00:30:47+00:00,area_trajectory,grain,,1790201880000.0,,6.4742917326204505
2026-09-24T00:30:47+00:00,area_trajectory,grain,,1790202000000.0,,6.4742917326204505
2026-09-24T00:30:47+00:00,area_trajectory,grain,,1790202120000.0,,6.43572862226888
2026-09-24T00:30:47+00:00,area_trajectory,grain,,1790202240000.0,,6.36189830000326
2026-09-24T00:30:47+00:00,area_trajectory,grain,,1790202360000.0,,6.36189830000326
2026-09-24T00:30:47+00:00,area_trajectory,grain,,1790202480000.0,,6.36189830000326
2026-09-24T00:30:47+00:00,area_trajectory,grain,,1790202600000.0,,6.381674239944671
2026-09-24T00:30:47+00:00,area_trajectory,grain,,1790202720000.0,,6.437376571487641
2026-09-24T00:30:47+00:00,area_trajectory,grain,,1790202840000.0,,6.437376571487641
2026-09-24T00:30:47+00:00,area_trajectory,grain,,1790202960000.0,,6.437376571487641
2026-09-24T00:30:47+00:00,area_trajectory,grain,,1790203080000.0,,6.41891899092123
2026-09-24T00:30:47+00:00,area_trajectory,grain,,1790203200000.0,,6.402109359573569
2026-09-24T00:30:47+00:00,area_trajectory,grain,,1790203320000.0,,6.402109359573569
2026-09-24T00:30:47+00:00,area_trajectory,grain,,1790203440000.0,,6.402109359573569
2026-09-24T00:30:47+00:00,area_trajectory,grain,,1790203560000.0,,6.42188548262045
2026-09-24T00:30:47+00:00,area_trajectory,grain,,1790203680000.0,,6.42188548262045
2026-09-24T00:30:47+00:00,area_trajectory,grain,,1790203800000.0,,6.42188548262045
2026-09-24T00:30:47+00:00,area_trajectory,grain,,1790203920000.0,,6.42188548262045
2026-09-24T00:30:47+00:00,area_trajectory,grain,,1790204040000.0,,6.479565536331379
2026-09-24T00:30:47+00:00,area_trajectory,grain,,1790204160000.0,,6.40705339033529
2026-09-24T00:30:47+00:00,area_trajectory,grain,,1790204280000.0,,6.40705339033529
2026-09-24T00:30:47+00:00,area_trajectory,grain,,1790204400000.0,,6.40705339033529
2026-09-24T00:30:47+00:00,area_trajectory,grain,,1790204520000.0,,6.40705339033529
2026-09-24T00:30:47+00:00,area_trajectory,grain,,1790204640000.0,,6.41870017988607
2026-09-24T00:30:47+00:00,area_trajectory,grain,,1790204760000.0,,6.41870017988607
2026-09-24T00:30:47+00:00,area_trajectory,grain,,1790204880000.0,,6.41870017988607
2026-09-24T00:30:47+00:00,area_trajectory,grain,,1790205000000.0,,6.40123136885092
2026-09-24T00:30:47+00:00,area_trajectory,grain,,1790205120000.0,,6.31059141523764
2026-09-24T00:30:47+00:00,area_trajectory,grain,,1790205240000.0,,6.31059141523764
2026-09-24T00:30:47+00:00,area_trajectory,grain,,1790205360000.0,,6.31059141523764
2026-09-24T00:30:47+00:00,area_trajectory,grain,,1790205480000.0,,6.36958982832357
2026-09-24T00:30:47+00:00,area_trajectory,grain,,1790205600000.0,,6.40617539961264
2026-09-24T00:30:47+00:00,area_trajectory,grain,,1790205720000.0,,6.40617539961264
2026-09-24T00:30:47+00:00,area_trajectory,grain,,1790205840000.0,,6.40617539961264
2026-09-24T00:30:47+00:00,area_trajectory,grain,,1790205960000.0,,6.31048202497885
2026-09-24T00:30:47+00:00,area_trajectory,grain,,1790206080000.0,,6.34871554548666
2026-09-24T00:30:47+00:00,area_trajectory,grain,,1790206200000.0,,6.34871554548666
2026-09-24T00:30:47+00:00,area_trajectory,grain,,1790206320000.0,,6.34871554548666
2026-09-24T00:30:47+00:00,area_trajectory,grain,,1790206440000.0,,6.31377810652182
2026-09-24T00:30:47+00:00,area_trajectory,grain,,1790206560000.0,,6.31377810652182
2026-09-24T00:30:47+00:00,area_trajectory,grain,,1790206680000.0,,6.31377810652182
2026-09-24T00:30:47+00:00,area_trajectory,grain,,1790206800000.0,,6.31377810652182
2026-09-24T00:30:47+00:00,area_trajectory,grain,,1790206920000.0,,6.278181304764
2026-09-24T00:30:47+00:00,area_trajectory,grain,,1790207040000.0,,6.33586117536947
2026-09-24T00:30:47+00:00,area_trajectory,grain,,1790207160000.0,,6.33586117536947
2026-09-24T00:30:47+00:00,area_trajectory,grain,,1790207280000.0,,6.33586117536947
2026-09-24T00:30:47+00:00,area_trajectory,grain,,1790207400000.0,,6.33586117536947
2026-09-24T00:30:47+00:00,area_trajectory,grain,,1790207520000.0,,6.2814772032015
2026-09-24T00:30:47+00:00,area_trajectory,grain,,1790207640000.0,,6.2814772032015
2026-09-24T00:30:47+00:00,area_trajectory,grain,,1790207760000.0,,6.2814772032015
2026-09-24T00:30:47+00:00,area_trajectory,grain,,1790207880000.0,,6.3019125059358805
2026-09-24T00:30:47+00:00,area_trajectory,grain,,1790208000000.0,,6.28477328474447
2026-09-24T00:30:47+00:00,area_trajectory,grain,,1790208120000.0,,6.26334994490072
2026-09-24T00:30:47+00:00,area_trajectory,grain,,1790208240000.0,,6.26334994490072
2026-09-24T00:30:47+00:00,area_trajectory,grain,,1790208360000.0,,6.28279629499838
2026-09-24T00:30:47+00:00,area_trajectory,grain,,1790208480000.0,,6.32201876814291
2026-09-24T00:30:47+00:00,area_trajectory,grain,,1790208600000.0,,6.32201876814291
2026-09-24T00:30:47+00:00,area_trajectory,grain,,1790208720000.0,,6.32201876814291
2026-09-24T00:30:47+00:00,area_trajectory,grain,,1790208840000.0,,6.32201876814291
2026-09-24T00:30:47+00:00,area_trajectory,grain,,1790208960000.0,,6.26796438581869
2026-09-24T00:30:47+00:00,area_trajectory,grain,,1790209080000.0,,6.26796438581869
2026-09-24T00:30:47+00:00,area_trajectory,grain,,1790209200000.0,,6.26796438581869
2026-09-24T00:30:47+00:00,area_trajectory,grain,,1790209320000.0,,6.26796438581869
2026-09-24T00:30:47+00:00,area_trajectory,grain,,1790209440000.0,,6.23236758406088
2026-09-24T00:30:47+00:00,area_trajectory,grain,,1790209560000.0,,6.23236758406088
2026-09-24T00:30:47+00:00,area_trajectory,grain,,1790209680000.0,,6.23236758406088
2026-09-24T00:30:47+00:00,area_trajectory,grain,,1790209800000.0,,6.27191946394369
2026-09-24T00:30:47+00:00,area_trajectory,grain,,1790209920000.0,,6.27191946394369
2026-09-24T00:30:47+00:00,area_trajectory,grain,,1790210040000.0,,6.27191946394369
2026-09-24T00:30:47+00:00,area_trajectory,grain,,1790210160000.0,,6.27191946394369
2026-09-24T00:30:47+00:00,area_trajectory,grain,,1790210280000.0,,6.25379147322103
2026-09-24T00:30:47+00:00,area_trajectory,grain,,1790210400000.0,,6.25379147322103
2026-09-24T00:30:47+00:00,area_trajectory,grain,,1790210520000.0,,6.25379147322103
2026-09-24T00:30:47+00:00,area_trajectory,grain,,1790210640000.0,,6.25379147322103
2026-09-24T00:30:47+00:00,area_trajectory,grain,,1790210760000.0,,6.2959802549593205
2026-09-24T00:30:47+00:00,area_trajectory,grain,,1790210880000.0,,6.2785114439241605
2026-09-24T00:30:47+00:00,area_trajectory,grain,,1790211000000.0,,6.2785114439241605
2026-09-24T00:30:47+00:00,area_trajectory,grain,,1790211120000.0,,6.2785114439241605
2026-09-24T00:30:47+00:00,area_trajectory,grain,,1790211240000.0,,6.2785114439241605
2026-09-24T00:30:47+00:00,area_trajectory,grain,,1790211360000.0,,6.319052276443689
2026-09-24T00:30:47+00:00,area_trajectory,grain,,1790211480000.0,,6.319052276443689
2026-09-24T00:30:47+00:00,area_trajectory,grain,,1790211600000.0,,6.34113552839682
2026-09-24T00:30:47+00:00,area_trajectory,grain,,1790211720000.0,,6.32685330183432
2026-09-24T00:30:47+00:00,area_trajectory,grain,,1790211840000.0,,6.291256500076499
2026-09-24T00:30:47+00:00,area_trajectory,grain,,1790211960000.0,,6.291256500076499
2026-09-24T00:30:47+00:00,area_trajectory,grain,,1790212080000.0,,6.291256500076499
2026-09-24T00:30:47+00:00,area_trajectory,grain,,1790212200000.0,,6.291256500076499
2026-09-24T00:30:47+00:00,area_trajectory,grain,,1790212320000.0,,6.291256500076499
2026-09-24T00:30:47+00:00,area_trajectory,grain,,1790212440000.0,,6.291256500076499
2026-09-24T00:30:47+00:00,area_trajectory,grain,,1790212560000.0,,6.291256500076499
2026-09-24T00:30:47+00:00,area_trajectory,grain,,1790212680000.0,,6.316635650467131
2026-09-24T00:30:47+00:00,area_trajectory,grain,,1790212800000.0,,6.29817806990072
2026-09-24T00:30:47+00:00,area_trajectory,grain,,1790212920000.0,,6.29817806990072
2026-09-24T00:30:47+00:00,area_trajectory,milford_haven,,1790139600000.0,,6.04510641098022
2026-09-24T00:30:47+00:00,area_trajectory,milford_haven,,1790139720000.0,,6.04510641098022
2026-09-24T00:30:47+00:00,area_trajectory,milford_haven,,1790139840000.0,,6.04266500473022
2026-09-24T00:30:47+00:00,area_trajectory,milford_haven,,1790139960000.0,,6.04266500473022
2026-09-24T00:30:47+00:00,area_trajectory,milford_haven,,1790140080000.0,,6.04266500473022
2026-09-24T00:30:47+00:00,area_trajectory,milford_haven,,1790140200000.0,,6.24774932861328
2026-09-24T00:30:47+00:00,area_trajectory,milford_haven,,1790140320000.0,,6.3576159477233904
2026-09-24T00:30:47+00:00,area_trajectory,milford_haven,,1790140440000.0,,6.3576159477233904
2026-09-24T00:30:47+00:00,area_trajectory,milford_haven,,1790140560000.0,,6.3576159477233904
2026-09-24T00:30:47+00:00,area_trajectory,milford_haven,,1790140680000.0,,6.3576159477233904
2026-09-24T00:30:47+00:00,area_trajectory,milford_haven,,1790140800000.0,,6.3576159477233904
2026-09-24T00:30:47+00:00,area_trajectory,milford_haven,,1790140920000.0,,6.44306755065918
2026-09-24T00:30:47+00:00,area_trajectory,milford_haven,,1790141040000.0,,6.54316854476929
2026-09-24T00:30:47+00:00,area_trajectory,milford_haven,,1790141160000.0,,6.67989158630371
2026-09-24T00:30:47+00:00,area_trajectory,milford_haven,,1790141280000.0,,6.67989158630371
2026-09-24T00:30:47+00:00,area_trajectory,milford_haven,,1790141400000.0,,6.67989158630371
2026-09-24T00:30:47+00:00,area_trajectory,milford_haven,,1790141520000.0,,6.67989158630371
2026-09-24T00:30:47+00:00,area_trajectory,milford_haven,,1790141640000.0,,6.67989158630371
2026-09-24T00:30:47+00:00,area_trajectory,milford_haven,,1790141760000.0,,6.67989158630371
2026-09-24T00:30:47+00:00,area_trajectory,milford_haven,,1790141880000.0,,6.67989158630371
2026-09-24T00:30:47+00:00,area_trajectory,milford_haven,,1790142000000.0,,6.68721580505371
2026-09-24T00:30:47+00:00,area_trajectory,milford_haven,,1790142120000.0,,6.611529827117921
2026-09-24T00:30:47+00:00,area_trajectory,milford_haven,,1790142240000.0,,6.611529827117921
2026-09-24T00:30:47+00:00,area_trajectory,milford_haven,,1790142360000.0,,6.611529827117921
2026-09-24T00:30:47+00:00,area_trajectory,milford_haven,,1790142480000.0,,6.611529827117921
2026-09-24T00:30:47+00:00,area_trajectory,milford_haven,,1790142600000.0,,6.611529827117921
2026-09-24T00:30:47+00:00,area_trajectory,milford_haven,,1790142720000.0,,6.611529827117921
2026-09-24T00:30:47+00:00,area_trajectory,milford_haven,,1790142840000.0,,6.611529827117921
2026-09-24T00:30:47+00:00,area_trajectory,milford_haven,,1790142960000.0,,6.56025886535644
2026-09-24T00:30:47+00:00,area_trajectory,milford_haven,,1790143080000.0,,6.56025886535644
2026-09-24T00:30:47+00:00,area_trajectory,milford_haven,,1790143200000.0,,6.56025886535644
2026-09-24T00:30:47+00:00,area_trajectory,milford_haven,,1790143320000.0,,6.56025886535644
2026-09-24T00:30:47+00:00,area_trajectory,milford_haven,,1790143440000.0,,6.59443950653076
2026-09-24T00:30:47+00:00,area_trajectory,milford_haven,,1790143560000.0,,6.59443950653076
2026-09-24T00:30:47+00:00,area_trajectory,milford_haven,,1790143680000.0,,6.56025886535644
2026-09-24T00:30:47+00:00,area_trajectory,milford_haven,,1790143800000.0,,6.63594484329224
2026-09-24T00:30:47+00:00,area_trajectory,milford_haven,,1790143920000.0,,6.74581146240234
2026-09-24T00:30:47+00:00,area_trajectory,milford_haven,,1790144040000.0,,6.74581146240234
2026-09-24T00:30:47+00:00,area_trajectory,milford_haven,,1790144160000.0,,6.74581146240234
2026-09-24T00:30:47+00:00,area_trajectory,milford_haven,,1790144280000.0,,6.9240393638610795
2026-09-24T00:30:47+00:00,area_trajectory,milford_haven,,1790144400000.0,,6.9240393638610795
2026-09-24T00:30:47+00:00,area_trajectory,milford_haven,,1790144520000.0,,6.9240393638610795
2026-09-24T00:30:47+00:00,area_trajectory,milford_haven,,1790144640000.0,,6.9240393638610795
2026-09-24T00:30:47+00:00,area_trajectory,milford_haven,,1790144760000.0,,7.0632038116455105
2026-09-24T00:30:47+00:00,area_trajectory,milford_haven,,1790144880000.0,,7.20725107192993
2026-09-24T00:30:47+00:00,area_trajectory,milford_haven,,1790145000000.0,,7.20725107192993
2026-09-24T00:30:47+00:00,area_trajectory,milford_haven,,1790145120000.0,,7.15109729766846
2026-09-24T00:30:47+00:00,area_trajectory,milford_haven,,1790145240000.0,,7.273170948028559
2026-09-24T00:30:47+00:00,area_trajectory,milford_haven,,1790145360000.0,,7.273170948028559
2026-09-24T00:30:47+00:00,area_trajectory,milford_haven,,1790145480000.0,,7.265846729278559
2026-09-24T00:30:47+00:00,area_trajectory,milford_haven,,1790145600000.0,,7.265846729278559
2026-09-24T00:30:47+00:00,area_trajectory,milford_haven,,1790145720000.0,,7.265846729278559
2026-09-24T00:30:47+00:00,area_trajectory,milford_haven,,1790145840000.0,,7.20725107192993
2026-09-24T00:30:47+00:00,area_trajectory,milford_haven,,1790145960000.0,,7.30002737045288
2026-09-24T00:30:47+00:00,area_trajectory,milford_haven,,1790146080000.0,,7.30002737045288
2026-09-24T00:30:47+00:00,area_trajectory,milford_haven,,1790146200000.0,,7.30002737045288
2026-09-24T00:30:47+00:00,area_trajectory,milford_haven,,1790146320000.0,,7.339091300964361
2026-09-24T00:30:47+00:00,area_trajectory,milford_haven,,1790146440000.0,,7.339091300964361
2026-09-24T00:30:47+00:00,area_trajectory,milford_haven,,1790146560000.0,,7.339091300964361
2026-09-24T00:30:47+00:00,area_trajectory,milford_haven,,1790146680000.0,,7.339091300964361
2026-09-24T00:30:47+00:00,area_trajectory,milford_haven,,1790146800000.0,,7.44651651382446
2026-09-24T00:30:47+00:00,area_trajectory,milford_haven,,1790146920000.0,,7.44651651382446
2026-09-24T00:30:47+00:00,area_trajectory,milford_haven,,1790147040000.0,,7.41966009140015
2026-09-24T00:30:47+00:00,area_trajectory,milford_haven,,1790147160000.0,,7.41966009140015
2026-09-24T00:30:47+00:00,area_trajectory,milford_haven,,1790147280000.0,,7.41966009140015
2026-09-24T00:30:47+00:00,area_trajectory,milford_haven,,1790147400000.0,,7.57103204727173
2026-09-24T00:30:47+00:00,area_trajectory,milford_haven,,1790147520000.0,,7.485579967498779
2026-09-24T00:30:47+00:00,area_trajectory,milford_haven,,1790147640000.0,,7.485579967498779
2026-09-24T00:30:47+00:00,area_trajectory,milford_haven,,1790147760000.0,,7.485579967498779
2026-09-24T00:30:47+00:00,area_trajectory,milford_haven,,1790147880000.0,,7.485579967498779
2026-09-24T00:30:47+00:00,area_trajectory,milford_haven,,1790148000000.0,,7.6027712821960405
2026-09-24T00:30:47+00:00,area_trajectory,milford_haven,,1790148120000.0,,7.6027712821960405
2026-09-24T00:30:47+00:00,area_trajectory,milford_haven,,1790148240000.0,,7.6027712821960405
2026-09-24T00:30:47+00:00,area_trajectory,milford_haven,,1790148360000.0,,7.6027712821960405
2026-09-24T00:30:47+00:00,area_trajectory,milford_haven,,1790148480000.0,,7.6027712821960405
2026-09-24T00:30:47+00:00,area_trajectory,milford_haven,,1790148600000.0,,7.45384073257446
2026-09-24T00:30:47+00:00,area_trajectory,milford_haven,,1790148720000.0,,7.45384073257446
2026-09-24T00:30:47+00:00,area_trajectory,milford_haven,,1790148840000.0,,7.45384073257446
2026-09-24T00:30:47+00:00,area_trajectory,milford_haven,,1790148960000.0,,7.44895792007446
2026-09-24T00:30:47+00:00,area_trajectory,milford_haven,,1790149080000.0,,7.597887992858889
2026-09-24T00:30:47+00:00,area_trajectory,milford_haven,,1790149200000.0,,7.597887992858889
2026-09-24T00:30:47+00:00,area_trajectory,milford_haven,,1790149320000.0,,7.46116542816162
2026-09-24T00:30:47+00:00,area_trajectory,milford_haven,,1790149440000.0,,7.46116542816162
2026-09-24T00:30:47+00:00,area_trajectory,milford_haven,,1790149560000.0,,7.46116542816162
2026-09-24T00:30:47+00:00,area_trajectory,milford_haven,,1790149680000.0,,7.42942571640015
2026-09-24T00:30:47+00:00,area_trajectory,milford_haven,,1790149800000.0,,7.41233539581299
2026-09-24T00:30:47+00:00,area_trajectory,milford_haven,,1790149920000.0,,7.41233539581299
2026-09-24T00:30:47+00:00,area_trajectory,milford_haven,,1790150040000.0,,7.41233539581299
2026-09-24T00:30:47+00:00,area_trajectory,milford_haven,,1790150160000.0,,7.41233539581299
2026-09-24T00:30:47+00:00,area_trajectory,milford_haven,,1790150280000.0,,7.41233539581299
2026-09-24T00:30:47+00:00,area_trajectory,milford_haven,,1790150400000.0,,7.39768648147583
2026-09-24T00:30:47+00:00,area_trajectory,milford_haven,,1790150520000.0,,7.39768648147583
2026-09-24T00:30:47+00:00,area_trajectory,milford_haven,,1790150640000.0,,7.36350584030151
2026-09-24T00:30:47+00:00,area_trajectory,milford_haven,,1790150760000.0,,7.36350584030151
2026-09-24T00:30:47+00:00,area_trajectory,milford_haven,,1790150880000.0,,7.36350584030151
2026-09-24T00:30:47+00:00,area_trajectory,milford_haven,,1790151000000.0,,7.36350584030151
2026-09-24T00:30:47+00:00,area_trajectory,milford_haven,,1790151120000.0,,7.36350584030151
2026-09-24T00:30:47+00:00,area_trajectory,milford_haven,,1790151240000.0,,7.36350584030151
2026-09-24T00:30:47+00:00,area_trajectory,milford_haven,,1790151360000.0,,7.24387359619141
2026-09-24T00:30:47+00:00,area_trajectory,milford_haven,,1790151480000.0,,7.24387359619141
2026-09-24T00:30:47+00:00,area_trajectory,milford_haven,,1790151600000.0,,7.24387359619141
2026-09-24T00:30:47+00:00,area_trajectory,milford_haven,,1790151720000.0,,7.24387359619141
2026-09-24T00:30:47+00:00,area_trajectory,milford_haven,,1790151840000.0,,7.24387359619141
2026-09-24T00:30:47+00:00,area_trajectory,milford_haven,,1790151960000.0,,7.24387359619141
2026-09-24T00:30:47+00:00,area_trajectory,milford_haven,,1790152080000.0,,7.24387359619141
2026-09-24T00:30:47+00:00,area_trajectory,milford_haven,,1790152200000.0,,7.24387359619141
2026-09-24T00:30:47+00:00,area_trajectory,milford_haven,,1790152320000.0,,7.24387359619141
2026-09-24T00:30:47+00:00,area_trajectory,milford_haven,,1790152440000.0,,7.334208011627201
2026-09-24T00:30:47+00:00,area_trajectory,milford_haven,,1790152560000.0,,7.334208011627201
2026-09-24T00:30:47+00:00,area_trajectory,milford_haven,,1790152680000.0,,7.31955909729004
2026-09-24T00:30:47+00:00,area_trajectory,milford_haven,,1790152800000.0,,7.31955909729004
2026-09-24T00:30:47+00:00,area_trajectory,milford_haven,,1790152920000.0,,7.31955909729004
2026-09-24T00:30:47+00:00,area_trajectory,milford_haven,,1790153040000.0,,7.31467628479004
2026-09-24T00:30:47+00:00,area_trajectory,milford_haven,,1790153160000.0,,7.31467628479004
2026-09-24T00:30:47+00:00,area_trajectory,milford_haven,,1790153280000.0,,7.31467628479004
2026-09-24T00:30:47+00:00,area_trajectory,milford_haven,,1790153400000.0,,7.31467628479004
2026-09-24T00:30:47+00:00,area_trajectory,milford_haven,,1790153520000.0,,7.31467628479004
2026-09-24T00:30:47+00:00,area_trajectory,milford_haven,,1790153640000.0,,7.31467628479004
2026-09-24T00:30:47+00:00,area_trajectory,milford_haven,,1790153760000.0,,7.31467628479004
2026-09-24T00:30:47+00:00,area_trajectory,milford_haven,,1790153880000.0,,7.31467628479004
2026-09-24T00:30:47+00:00,area_trajectory,milford_haven,,1790154000000.0,,7.31467628479004
2026-09-24T00:30:47+00:00,area_trajectory,milford_haven,,1790154120000.0,,7.31467628479004
2026-09-24T00:30:47+00:00,area_trajectory,milford_haven,,1790154240000.0,,7.3220009803772
2026-09-24T00:30:47+00:00,area_trajectory,milford_haven,,1790154360000.0,,7.3220009803772
2026-09-24T00:30:47+00:00,area_trajectory,milford_haven,,1790154480000.0,,7.3220009803772
2026-09-24T00:30:47+00:00,area_trajectory,milford_haven,,1790154600000.0,,7.3220009803772
2026-09-24T00:30:47+00:00,area_trajectory,milford_haven,,1790154720000.0,,7.40501117706299
2026-09-24T00:30:47+00:00,area_trajectory,milford_haven,,1790154840000.0,,7.40501117706299
2026-09-24T00:30:47+00:00,area_trajectory,milford_haven,,1790154960000.0,,7.40501117706299
2026-09-24T00:30:47+00:00,area_trajectory,milford_haven,,1790155080000.0,,7.40501117706299
2026-09-24T00:30:47+00:00,area_trajectory,milford_haven,,1790155200000.0,,7.28049564361572
2026-09-24T00:30:47+00:00,area_trajectory,milford_haven,,1790155320000.0,,7.28049564361572
2026-09-24T00:30:47+00:00,area_trajectory,milford_haven,,1790155440000.0,,7.28049564361572
2026-09-24T00:30:47+00:00,area_trajectory,milford_haven,,1790155560000.0,,7.28049564361572
2026-09-24T00:30:47+00:00,area_trajectory,milford_haven,,1790155680000.0,,7.28049564361572
2026-09-24T00:30:47+00:00,area_trajectory,milford_haven,,1790155800000.0,,7.28537845611572
2026-09-24T00:30:47+00:00,area_trajectory,milford_haven,,1790155920000.0,,7.36838912963867
2026-09-24T00:30:47+00:00,area_trajectory,milford_haven,,1790156040000.0,,7.36838912963867
2026-09-24T00:30:47+00:00,area_trajectory,milford_haven,,1790156160000.0,,7.36838912963867
2026-09-24T00:30:47+00:00,area_trajectory,milford_haven,,1790156280000.0,,7.36838912963867
2026-09-24T00:30:47+00:00,area_trajectory,milford_haven,,1790156400000.0,,7.268288135528559
2026-09-24T00:30:47+00:00,area_trajectory,milford_haven,,1790156520000.0,,7.268288135528559
2026-09-24T00:30:47+00:00,area_trajectory,milford_haven,,1790156640000.0,,7.268288135528559
2026-09-24T00:30:47+00:00,area_trajectory,milford_haven,,1790156760000.0,,7.28049564361572
2026-09-24T00:30:47+00:00,area_trajectory,milford_haven,,1790156880000.0,,7.28049564361572
2026-09-24T00:30:47+00:00,area_trajectory,milford_haven,,1790157000000.0,,7.28049564361572
2026-09-24T00:30:47+00:00,area_trajectory,milford_haven,,1790157120000.0,,7.28049564361572
2026-09-24T00:30:47+00:00,area_trajectory,milford_haven,,1790157240000.0,,7.28049564361572
2026-09-24T00:30:47+00:00,area_trajectory,milford_haven,,1790157360000.0,,7.41966009140015
2026-09-24T00:30:47+00:00,area_trajectory,milford_haven,,1790157480000.0,,7.41966009140015
2026-09-24T00:30:47+00:00,area_trajectory,milford_haven,,1790157600000.0,,7.3244423866272
2026-09-24T00:30:47+00:00,area_trajectory,milford_haven,,1790157720000.0,,7.3244423866272
2026-09-24T00:30:47+00:00,area_trajectory,milford_haven,,1790157840000.0,,7.21457576751709
2026-09-24T00:30:47+00:00,area_trajectory,milford_haven,,1790157960000.0,,7.21457576751709
2026-09-24T00:30:47+00:00,area_trajectory,milford_haven,,1790158080000.0,,7.21457576751709
2026-09-24T00:30:47+00:00,area_trajectory,milford_haven,,1790158200000.0,,7.21457576751709
2026-09-24T00:30:47+00:00,area_trajectory,milford_haven,,1790158320000.0,,7.21457576751709
2026-09-24T00:30:47+00:00,area_trajectory,milford_haven,,1790158440000.0,,7.21457576751709
2026-09-24T00:30:47+00:00,area_trajectory,milford_haven,,1790158560000.0,,7.21457576751709
2026-09-24T00:30:47+00:00,area_trajectory,milford_haven,,1790158680000.0,,7.21457576751709
2026-09-24T00:30:47+00:00,area_trajectory,milford_haven,,1790158800000.0,,7.21457576751709
2026-09-24T00:30:47+00:00,area_trajectory,milford_haven,,1790158920000.0,,7.21457576751709
2026-09-24T00:30:47+00:00,area_trajectory,milford_haven,,1790159040000.0,,7.21457576751709
2026-09-24T00:30:47+00:00,area_trajectory,milford_haven,,1790159160000.0,,7.265846729278559
2026-09-24T00:30:47+00:00,area_trajectory,milford_haven,,1790159280000.0,,7.265846729278559
2026-09-24T00:30:47+00:00,area_trajectory,milford_haven,,1790159400000.0,,7.265846729278559
2026-09-24T00:30:47+00:00,area_trajectory,milford_haven,,1790159520000.0,,7.28537845611572
2026-09-24T00:30:47+00:00,area_trajectory,milford_haven,,1790159640000.0,,7.28537845611572
2026-09-24T00:30:47+00:00,area_trajectory,milford_haven,,1790159760000.0,,7.36594724655151
2026-09-24T00:30:47+00:00,area_trajectory,milford_haven,,1790159880000.0,,7.275612831115719
2026-09-24T00:30:47+00:00,area_trajectory,milford_haven,,1790160000000.0,,7.275612831115719
2026-09-24T00:30:47+00:00,area_trajectory,milford_haven,,1790160120000.0,,7.275612831115719
2026-09-24T00:30:47+00:00,area_trajectory,milford_haven,,1790160240000.0,,7.275612831115719
2026-09-24T00:30:47+00:00,area_trajectory,milford_haven,,1790160360000.0,,7.275612831115719
2026-09-24T00:30:47+00:00,area_trajectory,milford_haven,,1790160480000.0,,7.275612831115719
2026-09-24T00:30:47+00:00,area_trajectory,milford_haven,,1790160600000.0,,7.275612831115719
2026-09-24T00:30:47+00:00,area_trajectory,milford_haven,,1790160720000.0,,7.28293704986572
2026-09-24T00:30:47+00:00,area_trajectory,milford_haven,,1790160840000.0,,7.28293704986572
2026-09-24T00:30:47+00:00,area_trajectory,milford_haven,,1790160960000.0,,7.258522510528561
2026-09-24T00:30:47+00:00,area_trajectory,milford_haven,,1790161080000.0,,7.258522510528561
2026-09-24T00:30:47+00:00,area_trajectory,milford_haven,,1790161200000.0,,7.258522510528561
2026-09-24T00:30:47+00:00,area_trajectory,milford_haven,,1790161320000.0,,7.258522510528561
2026-09-24T00:30:47+00:00,area_trajectory,milford_haven,,1790161440000.0,,7.30735206604004
2026-09-24T00:30:47+00:00,area_trajectory,milford_haven,,1790161560000.0,,7.30735206604004
2026-09-24T00:30:47+00:00,area_trajectory,milford_haven,,1790161680000.0,,7.30735206604004
2026-09-24T00:30:47+00:00,area_trajectory,milford_haven,,1790161800000.0,,7.39280366897583
2026-09-24T00:30:47+00:00,area_trajectory,milford_haven,,1790161920000.0,,7.375713348388669
2026-09-24T00:30:47+00:00,area_trajectory,milford_haven,,1790162040000.0,,7.375713348388669
2026-09-24T00:30:47+00:00,area_trajectory,milford_haven,,1790162160000.0,,7.375713348388669
2026-09-24T00:30:47+00:00,area_trajectory,milford_haven,,1790162280000.0,,7.375713348388669
2026-09-24T00:30:47+00:00,area_trajectory,milford_haven,,1790162400000.0,,7.375713348388669
2026-09-24T00:30:47+00:00,area_trajectory,milford_haven,,1790162520000.0,,7.40012836456299
2026-09-24T00:30:47+00:00,area_trajectory,milford_haven,,1790162640000.0,,7.40012836456299
2026-09-24T00:30:47+00:00,area_trajectory,milford_haven,,1790162760000.0,,7.40012836456299
2026-09-24T00:30:47+00:00,area_trajectory,milford_haven,,1790162880000.0,,7.40012836456299
2026-09-24T00:30:47+00:00,area_trajectory,milford_haven,,1790163000000.0,,7.40012836456299
2026-09-24T00:30:47+00:00,area_trajectory,milford_haven,,1790163120000.0,,7.40012836456299
2026-09-24T00:30:47+00:00,area_trajectory,milford_haven,,1790163240000.0,,7.41477727890015
2026-09-24T00:30:47+00:00,area_trajectory,milford_haven,,1790163360000.0,,7.41477727890015
2026-09-24T00:30:47+00:00,area_trajectory,milford_haven,,1790163480000.0,,7.41477727890015
2026-09-24T00:30:47+00:00,area_trajectory,milford_haven,,1790163600000.0,,7.41477727890015
2026-09-24T00:30:47+00:00,area_trajectory,milford_haven,,1790163720000.0,,7.41477727890015
2026-09-24T00:30:47+00:00,area_trajectory,milford_haven,,1790163840000.0,,7.41477727890015
2026-09-24T00:30:47+00:00,area_trajectory,milford_haven,,1790163960000.0,,7.41233539581299
2026-09-24T00:30:47+00:00,area_trajectory,milford_haven,,1790164080000.0,,7.41233539581299
2026-09-24T00:30:47+00:00,area_trajectory,milford_haven,,1790164200000.0,,7.41233539581299
2026-09-24T00:30:47+00:00,area_trajectory,milford_haven,,1790164320000.0,,7.35129833221436
2026-09-24T00:30:47+00:00,area_trajectory,milford_haven,,1790164440000.0,,7.35129833221436
2026-09-24T00:30:47+00:00,area_trajectory,milford_haven,,1790164560000.0,,7.35129833221436
2026-09-24T00:30:47+00:00,area_trajectory,milford_haven,,1790164680000.0,,7.373271942138671
2026-09-24T00:30:47+00:00,area_trajectory,milford_haven,,1790164800000.0,,7.373271942138671
2026-09-24T00:30:47+00:00,area_trajectory,milford_haven,,1790164920000.0,,7.373271942138671
2026-09-24T00:30:47+00:00,area_trajectory,milford_haven,,1790165040000.0,,7.385479450225829
2026-09-24T00:30:47+00:00,area_trajectory,milford_haven,,1790165160000.0,,7.3244423866272
2026-09-24T00:30:47+00:00,area_trajectory,milford_haven,,1790165280000.0,,7.3244423866272
2026-09-24T00:30:47+00:00,area_trajectory,milford_haven,,1790165400000.0,,7.3244423866272
2026-09-24T00:30:47+00:00,area_trajectory,milford_haven,,1790165520000.0,,7.3244423866272
2026-09-24T00:30:47+00:00,area_trajectory,milford_haven,,1790165640000.0,,7.3244423866272
2026-09-24T00:30:47+00:00,area_trajectory,milford_haven,,1790165760000.0,,7.3244423866272
2026-09-24T00:30:47+00:00,area_trajectory,milford_haven,,1790165880000.0,,7.3244423866272
2026-09-24T00:30:47+00:00,area_trajectory,milford_haven,,1790166000000.0,,7.3244423866272
2026-09-24T00:30:47+00:00,area_trajectory,milford_haven,,1790166120000.0,,7.3244423866272
2026-09-24T00:30:47+00:00,area_trajectory,milford_haven,,1790166240000.0,,7.3244423866272
2026-09-24T00:30:47+00:00,area_trajectory,milford_haven,,1790166360000.0,,7.3244423866272
2026-09-24T00:30:47+00:00,area_trajectory,milford_haven,,1790166480000.0,,7.40745258331299
2026-09-24T00:30:47+00:00,area_trajectory,milford_haven,,1790166600000.0,,7.40745258331299
2026-09-24T00:30:47+00:00,area_trajectory,milford_haven,,1790166720000.0,,7.40745258331299
2026-09-24T00:30:47+00:00,area_trajectory,milford_haven,,1790166840000.0,,7.40745258331299
2026-09-24T00:30:47+00:00,area_trajectory,milford_haven,,1790166960000.0,,7.40745258331299
2026-09-24T00:30:47+00:00,area_trajectory,milford_haven,,1790167080000.0,,7.40745258331299
2026-09-24T00:30:47+00:00,area_trajectory,milford_haven,,1790167200000.0,,7.40745258331299
2026-09-24T00:30:47+00:00,area_trajectory,milford_haven,,1790167320000.0,,7.40256977081299
2026-09-24T00:30:47+00:00,area_trajectory,milford_haven,,1790167440000.0,,7.40256977081299
2026-09-24T00:30:47+00:00,area_trajectory,milford_haven,,1790167560000.0,,7.40256977081299
2026-09-24T00:30:47+00:00,area_trajectory,milford_haven,,1790167680000.0,,7.40256977081299
2026-09-24T00:30:47+00:00,area_trajectory,milford_haven,,1790167800000.0,,7.346415519714359
2026-09-24T00:30:47+00:00,area_trajectory,milford_haven,,1790167920000.0,,7.346415519714359
2026-09-24T00:30:47+00:00,area_trajectory,milford_haven,,1790168040000.0,,7.346415519714359
2026-09-24T00:30:47+00:00,area_trajectory,milford_haven,,1790168160000.0,,7.346415519714359
2026-09-24T00:30:47+00:00,area_trajectory,milford_haven,,1790168280000.0,,7.346415519714359
2026-09-24T00:30:47+00:00,area_trajectory,milford_haven,,1790168400000.0,,7.47337245941162
2026-09-24T00:30:47+00:00,area_trajectory,milford_haven,,1790168520000.0,,7.47337245941162
2026-09-24T00:30:47+00:00,area_trajectory,milford_haven,,1790168640000.0,,7.341532707214361
2026-09-24T00:30:47+00:00,area_trajectory,milford_haven,,1790168760000.0,,7.341532707214361
2026-09-24T00:30:47+00:00,area_trajectory,milford_haven,,1790168880000.0,,7.341532707214361
2026-09-24T00:30:47+00:00,area_trajectory,milford_haven,,1790169000000.0,,7.341532707214361
2026-09-24T00:30:47+00:00,area_trajectory,milford_haven,,1790169120000.0,,7.341532707214361
2026-09-24T00:30:47+00:00,area_trajectory,milford_haven,,1790169240000.0,,7.341532707214361
2026-09-24T00:30:47+00:00,area_trajectory,milford_haven,,1790169360000.0,,7.341532707214361
2026-09-24T00:30:47+00:00,area_trajectory,milford_haven,,1790169480000.0,,7.329325199127201
2026-09-24T00:30:47+00:00,area_trajectory,milford_haven,,1790169600000.0,,7.40989398956299
2026-09-24T00:30:47+00:00,area_trajectory,milford_haven,,1790169720000.0,,7.40989398956299
2026-09-24T00:30:47+00:00,area_trajectory,milford_haven,,1790169840000.0,,7.35129833221436
2026-09-24T00:30:47+00:00,area_trajectory,milford_haven,,1790169960000.0,,7.35129833221436
2026-09-24T00:30:47+00:00,area_trajectory,milford_haven,,1790170080000.0,,7.35129833221436
2026-09-24T00:30:47+00:00,area_trajectory,milford_haven,,1790170200000.0,,7.35129833221436
2026-09-24T00:30:47+00:00,area_trajectory,milford_haven,,1790170320000.0,,7.41233539581299
2026-09-24T00:30:47+00:00,area_trajectory,milford_haven,,1790170440000.0,,7.495346069335939
2026-09-24T00:30:47+00:00,area_trajectory,milford_haven,,1790170560000.0,,7.495346069335939
2026-09-24T00:30:47+00:00,area_trajectory,milford_haven,,1790170680000.0,,7.495346069335939
2026-09-24T00:30:47+00:00,area_trajectory,milford_haven,,1790170800000.0,,7.380596160888669
2026-09-24T00:30:47+00:00,area_trajectory,milford_haven,,1790170920000.0,,7.380596160888669
2026-09-24T00:30:47+00:00,area_trajectory,milford_haven,,1790171040000.0,,7.380596160888669
2026-09-24T00:30:47+00:00,area_trajectory,milford_haven,,1790171160000.0,,7.331766605377201
2026-09-24T00:30:47+00:00,area_trajectory,milford_haven,,1790171280000.0,,7.41233539581299
2026-09-24T00:30:47+00:00,area_trajectory,milford_haven,,1790171400000.0,,7.30002737045288
2026-09-24T00:30:47+00:00,area_trajectory,milford_haven,,1790171520000.0,,7.30002737045288
2026-09-24T00:30:47+00:00,area_trajectory,milford_haven,,1790171640000.0,,7.30002737045288
2026-09-24T00:30:47+00:00,area_trajectory,milford_haven,,1790171760000.0,,7.30002737045288
2026-09-24T00:30:47+00:00,area_trajectory,milford_haven,,1790171880000.0,,7.387920856475829
2026-09-24T00:30:47+00:00,area_trajectory,milford_haven,,1790172000000.0,,7.48313856124878
2026-09-24T00:30:47+00:00,area_trajectory,milford_haven,,1790172120000.0,,7.48313856124878
2026-09-24T00:30:47+00:00,area_trajectory,milford_haven,,1790172240000.0,,7.380596160888669
2026-09-24T00:30:47+00:00,area_trajectory,milford_haven,,1790172360000.0,,7.380596160888669
2026-09-24T00:30:47+00:00,area_trajectory,milford_haven,,1790172480000.0,,7.380596160888669
2026-09-24T00:30:47+00:00,area_trajectory,milford_haven,,1790172600000.0,,7.380596160888669
2026-09-24T00:30:47+00:00,area_trajectory,milford_haven,,1790172720000.0,,7.46848964691162
2026-09-24T00:30:47+00:00,area_trajectory,milford_haven,,1790172840000.0,,7.46848964691162
2026-09-24T00:30:47+00:00,area_trajectory,milford_haven,,1790172960000.0,,7.36594724655151
2026-09-24T00:30:47+00:00,area_trajectory,milford_haven,,1790173080000.0,,7.36594724655151
2026-09-24T00:30:47+00:00,area_trajectory,milford_haven,,1790173200000.0,,7.36594724655151
2026-09-24T00:30:47+00:00,area_trajectory,milford_haven,,1790173320000.0,,7.36594724655151
2026-09-24T00:30:47+00:00,area_trajectory,milford_haven,,1790173440000.0,,7.47093105316162
2026-09-24T00:30:47+00:00,area_trajectory,milford_haven,,1790173560000.0,,7.47093105316162
2026-09-24T00:30:47+00:00,area_trajectory,milford_haven,,1790173680000.0,,7.47093105316162
2026-09-24T00:30:47+00:00,area_trajectory,milford_haven,,1790173800000.0,,7.47093105316162
2026-09-24T00:30:47+00:00,area_trajectory,milford_haven,,1790173920000.0,,7.35129833221436
2026-09-24T00:30:47+00:00,area_trajectory,milford_haven,,1790174040000.0,,7.35129833221436
2026-09-24T00:30:47+00:00,area_trajectory,milford_haven,,1790174160000.0,,7.35129833221436
2026-09-24T00:30:47+00:00,area_trajectory,milford_haven,,1790174280000.0,,7.35129833221436
2026-09-24T00:30:47+00:00,area_trajectory,milford_haven,,1790174400000.0,,7.4343090057373
2026-09-24T00:30:47+00:00,area_trajectory,milford_haven,,1790174520000.0,,7.5392923355102495
2026-09-24T00:30:47+00:00,area_trajectory,milford_haven,,1790174640000.0,,7.40012836456299
2026-09-24T00:30:47+00:00,area_trajectory,milford_haven,,1790174760000.0,,7.40012836456299
2026-09-24T00:30:47+00:00,area_trajectory,milford_haven,,1790174880000.0,,7.40012836456299
2026-09-24T00:30:47+00:00,area_trajectory,milford_haven,,1790175000000.0,,7.40012836456299
2026-09-24T00:30:47+00:00,area_trajectory,milford_haven,,1790175120000.0,,7.40012836456299
2026-09-24T00:30:47+00:00,area_trajectory,milford_haven,,1790175240000.0,,7.40012836456299
2026-09-24T00:30:47+00:00,area_trajectory,milford_haven,,1790175360000.0,,7.5295267105102495
2026-09-24T00:30:47+00:00,area_trajectory,milford_haven,,1790175480000.0,,7.4343090057373
2026-09-24T00:30:47+00:00,area_trajectory,milford_haven,,1790175600000.0,,7.4343090057373
2026-09-24T00:30:47+00:00,area_trajectory,milford_haven,,1790175720000.0,,7.35129833221436
2026-09-24T00:30:47+00:00,area_trajectory,milford_haven,,1790175840000.0,,7.41721868515015
2026-09-24T00:30:47+00:00,area_trajectory,milford_haven,,1790175960000.0,,7.41721868515015
2026-09-24T00:30:47+00:00,area_trajectory,milford_haven,,1790176080000.0,,7.41721868515015
2026-09-24T00:30:47+00:00,area_trajectory,milford_haven,,1790176200000.0,,7.41721868515015
2026-09-24T00:30:47+00:00,area_trajectory,milford_haven,,1790176320000.0,,7.5124363899231
2026-09-24T00:30:47+00:00,area_trajectory,milford_haven,,1790176440000.0,,7.42454290390015
2026-09-24T00:30:47+00:00,area_trajectory,milford_haven,,1790176560000.0,,7.42454290390015
2026-09-24T00:30:47+00:00,area_trajectory,milford_haven,,1790176680000.0,,7.42454290390015
2026-09-24T00:30:47+00:00,area_trajectory,milford_haven,,1790176800000.0,,7.42454290390015
2026-09-24T00:30:47+00:00,area_trajectory,milford_haven,,1790176920000.0,,7.42454290390015
2026-09-24T00:30:47+00:00,area_trajectory,milford_haven,,1790177040000.0,,7.42454290390015
2026-09-24T00:30:47+00:00,area_trajectory,milford_haven,,1790177160000.0,,7.42454290390015
2026-09-24T00:30:47+00:00,area_trajectory,milford_haven,,1790177280000.0,,7.42454290390015
2026-09-24T00:30:47+00:00,area_trajectory,milford_haven,,1790177400000.0,,7.42454290390015
2026-09-24T00:30:47+00:00,area_trajectory,milford_haven,,1790177520000.0,,7.42454290390015
2026-09-24T00:30:47+00:00,area_trajectory,milford_haven,,1790177640000.0,,7.42454290390015
2026-09-24T00:30:47+00:00,area_trajectory,milford_haven,,1790177760000.0,,7.42454290390015
2026-09-24T00:30:47+00:00,area_trajectory,milford_haven,,1790177880000.0,,7.42454290390015
2026-09-24T00:30:47+00:00,area_trajectory,milford_haven,,1790178000000.0,,7.42454290390015
2026-09-24T00:30:47+00:00,area_trajectory,milford_haven,,1790178120000.0,,7.5124363899231
2026-09-24T00:30:47+00:00,area_trajectory,milford_haven,,1790178240000.0,,7.380596160888669
2026-09-24T00:30:47+00:00,area_trajectory,milford_haven,,1790178360000.0,,7.380596160888669
2026-09-24T00:30:47+00:00,area_trajectory,milford_haven,,1790178480000.0,,7.380596160888669
2026-09-24T00:30:47+00:00,area_trajectory,milford_haven,,1790178600000.0,,7.380596160888669
2026-09-24T00:30:47+00:00,area_trajectory,milford_haven,,1790178720000.0,,7.380596160888669
2026-09-24T00:30:47+00:00,area_trajectory,milford_haven,,1790178840000.0,,7.380596160888669
2026-09-24T00:30:47+00:00,area_trajectory,milford_haven,,1790178960000.0,,7.380596160888669
2026-09-24T00:30:47+00:00,area_trajectory,milford_haven,,1790179080000.0,,7.380596160888669
2026-09-24T00:30:47+00:00,area_trajectory,milford_haven,,1790179200000.0,,7.380596160888669
2026-09-24T00:30:47+00:00,area_trajectory,milford_haven,,1790179320000.0,,7.380596160888669
2026-09-24T00:30:47+00:00,area_trajectory,milford_haven,,1790179440000.0,,7.378154754638669
2026-09-24T00:30:47+00:00,area_trajectory,milford_haven,,1790179560000.0,,7.378154754638669
2026-09-24T00:30:47+00:00,area_trajectory,milford_haven,,1790179680000.0,,7.378154754638669
2026-09-24T00:30:47+00:00,area_trajectory,milford_haven,,1790179800000.0,,7.378154754638669
2026-09-24T00:30:47+00:00,area_trajectory,milford_haven,,1790179920000.0,,7.378154754638669
2026-09-24T00:30:47+00:00,area_trajectory,milford_haven,,1790180040000.0,,7.378154754638669
2026-09-24T00:30:47+00:00,area_trajectory,milford_haven,,1790180160000.0,,7.378154754638669
2026-09-24T00:30:47+00:00,area_trajectory,milford_haven,,1790180280000.0,,7.378154754638669
2026-09-24T00:30:47+00:00,area_trajectory,milford_haven,,1790180400000.0,,7.378154754638669
2026-09-24T00:30:47+00:00,area_trajectory,milford_haven,,1790180520000.0,,7.4343090057373
2026-09-24T00:30:47+00:00,area_trajectory,milford_haven,,1790180640000.0,,7.4343090057373
2026-09-24T00:30:47+00:00,area_trajectory,milford_haven,,1790180760000.0,,7.4343090057373
2026-09-24T00:30:47+00:00,area_trajectory,milford_haven,,1790180880000.0,,7.45628213882446
2026-09-24T00:30:47+00:00,area_trajectory,milford_haven,,1790181000000.0,,7.45628213882446
2026-09-24T00:30:47+00:00,area_trajectory,milford_haven,,1790181120000.0,,7.45628213882446
2026-09-24T00:30:47+00:00,area_trajectory,milford_haven,,1790181240000.0,,7.45628213882446
2026-09-24T00:30:47+00:00,area_trajectory,milford_haven,,1790181360000.0,,7.45628213882446
2026-09-24T00:30:47+00:00,area_trajectory,milford_haven,,1790181480000.0,,7.45628213882446
2026-09-24T00:30:47+00:00,area_trajectory,milford_haven,,1790181600000.0,,7.45628213882446
2026-09-24T00:30:47+00:00,area_trajectory,milford_haven,,1790181720000.0,,7.45628213882446
2026-09-24T00:30:47+00:00,area_trajectory,milford_haven,,1790181840000.0,,7.36594724655151
2026-09-24T00:30:47+00:00,area_trajectory,milford_haven,,1790181960000.0,,7.36594724655151
2026-09-24T00:30:47+00:00,area_trajectory,milford_haven,,1790182080000.0,,7.36594724655151
2026-09-24T00:30:47+00:00,area_trajectory,milford_haven,,1790182200000.0,,7.36594724655151
2026-09-24T00:30:47+00:00,area_trajectory,milford_haven,,1790182320000.0,,7.42942571640015
2026-09-24T00:30:47+00:00,area_trajectory,milford_haven,,1790182440000.0,,7.42942571640015
2026-09-24T00:30:47+00:00,area_trajectory,milford_haven,,1790182560000.0,,7.42942571640015
2026-09-24T00:30:47+00:00,area_trajectory,milford_haven,,1790182680000.0,,7.42942571640015
2026-09-24T00:30:47+00:00,area_trajectory,milford_haven,,1790182800000.0,,7.42942571640015
2026-09-24T00:30:47+00:00,area_trajectory,milford_haven,,1790182920000.0,,7.42942571640015
2026-09-24T00:30:47+00:00,area_trajectory,milford_haven,,1790183040000.0,,7.4391918182373
2026-09-24T00:30:47+00:00,area_trajectory,milford_haven,,1790183160000.0,,7.4391918182373
2026-09-24T00:30:47+00:00,area_trajectory,milford_haven,,1790183280000.0,,7.4391918182373
2026-09-24T00:30:47+00:00,area_trajectory,milford_haven,,1790183400000.0,,7.4391918182373
2026-09-24T00:30:47+00:00,area_trajectory,milford_haven,,1790183520000.0,,7.4391918182373
2026-09-24T00:30:47+00:00,area_trajectory,milford_haven,,1790183640000.0,,7.40745258331299
2026-09-24T00:30:47+00:00,area_trajectory,milford_haven,,1790183760000.0,,7.40745258331299
2026-09-24T00:30:47+00:00,area_trajectory,milford_haven,,1790183880000.0,,7.40745258331299
2026-09-24T00:30:47+00:00,area_trajectory,milford_haven,,1790184000000.0,,7.40745258331299
2026-09-24T00:30:47+00:00,area_trajectory,milford_haven,,1790184120000.0,,7.40745258331299
2026-09-24T00:30:47+00:00,area_trajectory,milford_haven,,1790184240000.0,,7.40745258331299
2026-09-24T00:30:47+00:00,area_trajectory,milford_haven,,1790184360000.0,,7.40745258331299
2026-09-24T00:30:47+00:00,area_trajectory,milford_haven,,1790184480000.0,,7.40745258331299
2026-09-24T00:30:47+00:00,area_trajectory,milford_haven,,1790184600000.0,,7.40745258331299
2026-09-24T00:30:47+00:00,area_trajectory,milford_haven,,1790184720000.0,,7.40745258331299
2026-09-24T00:30:47+00:00,area_trajectory,milford_haven,,1790184840000.0,,7.46604824066162
2026-09-24T00:30:47+00:00,area_trajectory,milford_haven,,1790184960000.0,,7.46604824066162
2026-09-24T00:30:47+00:00,area_trajectory,milford_haven,,1790185080000.0,,7.46604824066162
2026-09-24T00:30:47+00:00,area_trajectory,milford_haven,,1790185200000.0,,7.46604824066162
2026-09-24T00:30:47+00:00,area_trajectory,milford_haven,,1790185320000.0,,7.42454290390015
2026-09-24T00:30:47+00:00,area_trajectory,milford_haven,,1790185440000.0,,7.42454290390015
2026-09-24T00:30:47+00:00,area_trajectory,milford_haven,,1790185560000.0,,7.42454290390015
2026-09-24T00:30:47+00:00,area_trajectory,milford_haven,,1790185680000.0,,7.42454290390015
2026-09-24T00:30:47+00:00,area_trajectory,milford_haven,,1790185800000.0,,7.42454290390015
2026-09-24T00:30:47+00:00,area_trajectory,milford_haven,,1790185920000.0,,7.42454290390015
2026-09-24T00:30:47+00:00,area_trajectory,milford_haven,,1790186040000.0,,7.42454290390015
2026-09-24T00:30:47+00:00,area_trajectory,milford_haven,,1790186160000.0,,7.42454290390015
2026-09-24T00:30:47+00:00,area_trajectory,milford_haven,,1790186280000.0,,7.42454290390015
2026-09-24T00:30:47+00:00,area_trajectory,milford_haven,,1790186400000.0,,7.42454290390015
2026-09-24T00:30:47+00:00,area_trajectory,milford_haven,,1790186520000.0,,7.42454290390015
2026-09-24T00:30:47+00:00,area_trajectory,milford_haven,,1790186640000.0,,7.40989398956299
2026-09-24T00:30:47+00:00,area_trajectory,milford_haven,,1790186760000.0,,7.495346069335939
2026-09-24T00:30:47+00:00,area_trajectory,milford_haven,,1790186880000.0,,7.495346069335939
2026-09-24T00:30:47+00:00,area_trajectory,milford_haven,,1790187000000.0,,7.495346069335939
2026-09-24T00:30:47+00:00,area_trajectory,milford_haven,,1790187120000.0,,7.495346069335939
2026-09-24T00:30:47+00:00,area_trajectory,milford_haven,,1790187240000.0,,7.45384073257446
2026-09-24T00:30:47+00:00,area_trajectory,milford_haven,,1790187360000.0,,7.45384073257446
2026-09-24T00:30:47+00:00,area_trajectory,milford_haven,,1790187480000.0,,7.45384073257446
2026-09-24T00:30:47+00:00,area_trajectory,milford_haven,,1790187600000.0,,7.45384073257446
2026-09-24T00:30:47+00:00,area_trajectory,milford_haven,,1790187720000.0,,7.41233539581299
2026-09-24T00:30:47+00:00,area_trajectory,milford_haven,,1790187840000.0,,7.41233539581299
2026-09-24T00:30:47+00:00,area_trajectory,milford_haven,,1790187960000.0,,7.41233539581299
2026-09-24T00:30:47+00:00,area_trajectory,milford_haven,,1790188080000.0,,7.41233539581299
2026-09-24T00:30:47+00:00,area_trajectory,milford_haven,,1790188200000.0,,7.41233539581299
2026-09-24T00:30:47+00:00,area_trajectory,milford_haven,,1790188320000.0,,7.41233539581299
2026-09-24T00:30:47+00:00,area_trajectory,milford_haven,,1790188440000.0,,7.41233539581299
2026-09-24T00:30:47+00:00,area_trajectory,milford_haven,,1790188560000.0,,7.41233539581299
2026-09-24T00:30:47+00:00,area_trajectory,milford_haven,,1790188680000.0,,7.41233539581299
2026-09-24T00:30:47+00:00,area_trajectory,milford_haven,,1790188800000.0,,7.329325199127201
2026-09-24T00:30:47+00:00,area_trajectory,milford_haven,,1790188920000.0,,7.329325199127201
2026-09-24T00:30:47+00:00,area_trajectory,milford_haven,,1790189040000.0,,7.329325199127201
2026-09-24T00:30:47+00:00,area_trajectory,milford_haven,,1790189160000.0,,7.329325199127201
2026-09-24T00:30:47+00:00,area_trajectory,milford_haven,,1790189280000.0,,7.19992685317993
2026-09-24T00:30:47+00:00,area_trajectory,milford_haven,,1790189400000.0,,7.19992685317993
2026-09-24T00:30:47+00:00,area_trajectory,milford_haven,,1790189520000.0,,7.09494304656982
2026-09-24T00:30:47+00:00,area_trajectory,milford_haven,,1790189640000.0,,7.09494304656982
2026-09-24T00:30:47+00:00,area_trajectory,milford_haven,,1790189760000.0,,6.997283935546879
2026-09-24T00:30:47+00:00,area_trajectory,milford_haven,,1790189880000.0,,6.997283935546879
2026-09-24T00:30:47+00:00,area_trajectory,milford_haven,,1790190000000.0,,6.997283935546879
2026-09-24T00:30:47+00:00,area_trajectory,milford_haven,,1790190120000.0,,6.997283935546879
2026-09-24T00:30:47+00:00,area_trajectory,milford_haven,,1790190240000.0,,6.9557785987854
2026-09-24T00:30:47+00:00,area_trajectory,milford_haven,,1790190360000.0,,6.9557785987854
2026-09-24T00:30:47+00:00,area_trajectory,milford_haven,,1790190480000.0,,6.9557785987854
2026-09-24T00:30:47+00:00,area_trajectory,milford_haven,,1790190600000.0,,6.9557785987854
2026-09-24T00:30:47+00:00,area_trajectory,milford_haven,,1790190720000.0,,6.9557785987854
2026-09-24T00:30:47+00:00,area_trajectory,milford_haven,,1790190840000.0,,6.9557785987854
2026-09-24T00:30:47+00:00,area_trajectory,milford_haven,,1790190960000.0,,6.80440664291382
2026-09-24T00:30:47+00:00,area_trajectory,milford_haven,,1790191080000.0,,6.80440664291382
2026-09-24T00:30:47+00:00,area_trajectory,milford_haven,,1790191200000.0,,6.80440664291382
2026-09-24T00:30:47+00:00,area_trajectory,milford_haven,,1790191320000.0,,6.80440664291382
2026-09-24T00:30:47+00:00,area_trajectory,milford_haven,,1790191440000.0,,6.80440664291382
2026-09-24T00:30:47+00:00,area_trajectory,milford_haven,,1790191560000.0,,6.80440664291382
2026-09-24T00:30:47+00:00,area_trajectory,milford_haven,,1790191680000.0,,6.80440664291382
2026-09-24T00:30:47+00:00,area_trajectory,milford_haven,,1790191800000.0,,6.80440664291382
2026-09-24T00:30:47+00:00,area_trajectory,milford_haven,,1790191920000.0,,6.80440664291382
2026-09-24T00:30:47+00:00,area_trajectory,milford_haven,,1790192040000.0,,6.80440664291382
2026-09-24T00:30:47+00:00,area_trajectory,milford_haven,,1790192160000.0,,6.69698190689087
2026-09-24T00:30:47+00:00,area_trajectory,milford_haven,,1790192280000.0,,6.69698190689087
2026-09-24T00:30:47+00:00,area_trajectory,milford_haven,,1790192400000.0,,6.69698190689087
2026-09-24T00:30:47+00:00,area_trajectory,milford_haven,,1790192520000.0,,6.69698190689087
2026-09-24T00:30:47+00:00,area_trajectory,milford_haven,,1790192640000.0,,6.69698190689087
2026-09-24T00:30:47+00:00,area_trajectory,milford_haven,,1790192760000.0,,6.69698190689087
2026-09-24T00:30:47+00:00,area_trajectory,milford_haven,,1790192880000.0,,6.69698190689087
2026-09-24T00:30:47+00:00,area_trajectory,milford_haven,,1790193000000.0,,6.69698190689087
2026-09-24T00:30:47+00:00,area_trajectory,milford_haven,,1790193120000.0,,6.69698190689087
2026-09-24T00:30:47+00:00,area_trajectory,milford_haven,,1790193240000.0,,6.69698190689087
2026-09-24T00:30:47+00:00,area_trajectory,milford_haven,,1790193360000.0,,6.69698190689087
2026-09-24T00:30:47+00:00,area_trajectory,milford_haven,,1790193480000.0,,6.69698190689087
2026-09-24T00:30:47+00:00,area_trajectory,milford_haven,,1790193600000.0,,6.69698190689087
2026-09-24T00:30:47+00:00,area_trajectory,milford_haven,,1790193720000.0,,6.69698190689087
2026-09-24T00:30:47+00:00,area_trajectory,milford_haven,,1790193840000.0,,6.6579179763794
2026-09-24T00:30:47+00:00,area_trajectory,milford_haven,,1790193960000.0,,6.6579179763794
2026-09-24T00:30:47+00:00,area_trajectory,milford_haven,,1790194080000.0,,6.52607822418213
2026-09-24T00:30:47+00:00,area_trajectory,milford_haven,,1790194200000.0,,6.52607822418213
2026-09-24T00:30:47+00:00,area_trajectory,milford_haven,,1790194320000.0,,6.52607822418213
2026-09-24T00:30:47+00:00,area_trajectory,milford_haven,,1790194440000.0,,6.48457288742065
2026-09-24T00:30:47+00:00,area_trajectory,milford_haven,,1790194560000.0,,6.48457288742065
2026-09-24T00:30:47+00:00,area_trajectory,milford_haven,,1790194680000.0,,6.48457288742065
2026-09-24T00:30:47+00:00,area_trajectory,milford_haven,,1790194800000.0,,6.48457288742065
2026-09-24T00:30:47+00:00,area_trajectory,milford_haven,,1790194920000.0,,6.20868539810181
2026-09-24T00:30:47+00:00,area_trajectory,milford_haven,,1790195040000.0,,6.20868539810181
2026-09-24T00:30:47+00:00,area_trajectory,milford_haven,,1790195160000.0,,6.20868539810181
2026-09-24T00:30:47+00:00,area_trajectory,milford_haven,,1790195280000.0,,6.20868539810181
2026-09-24T00:30:47+00:00,area_trajectory,milford_haven,,1790195400000.0,,6.20868539810181
2026-09-24T00:30:47+00:00,area_trajectory,milford_haven,,1790195520000.0,,6.20868539810181
2026-09-24T00:30:47+00:00,area_trajectory,milford_haven,,1790195640000.0,,6.20868539810181
2026-09-24T00:30:47+00:00,area_trajectory,milford_haven,,1790195760000.0,,6.20868539810181
2026-09-24T00:30:47+00:00,area_trajectory,milford_haven,,1790195880000.0,,6.20868539810181
2026-09-24T00:30:47+00:00,area_trajectory,milford_haven,,1790196000000.0,,6.20868539810181
2026-09-24T00:30:47+00:00,area_trajectory,milford_haven,,1790196120000.0,,6.20868539810181
2026-09-24T00:30:47+00:00,area_trajectory,milford_haven,,1790196240000.0,,6.20868539810181
2026-09-24T00:30:47+00:00,area_trajectory,milford_haven,,1790196360000.0,,6.20868539810181
2026-09-24T00:30:47+00:00,area_trajectory,milford_haven,,1790196480000.0,,6.20868539810181
2026-09-24T00:30:47+00:00,area_trajectory,milford_haven,,1790196600000.0,,6.20868539810181
2026-09-24T00:30:47+00:00,area_trajectory,milford_haven,,1790196720000.0,,6.20868539810181
2026-09-24T00:30:47+00:00,area_trajectory,milford_haven,,1790196840000.0,,6.20868539810181
2026-09-24T00:30:47+00:00,area_trajectory,milford_haven,,1790196960000.0,,6.20868539810181
2026-09-24T00:30:47+00:00,area_trajectory,milford_haven,,1790197080000.0,,6.20868539810181
2026-09-24T00:30:47+00:00,area_trajectory,milford_haven,,1790197200000.0,,6.20868539810181
2026-09-24T00:30:47+00:00,area_trajectory,milford_haven,,1790197320000.0,,6.20868539810181
2026-09-24T00:30:47+00:00,area_trajectory,milford_haven,,1790197440000.0,,6.15009021759033
2026-09-24T00:30:47+00:00,area_trajectory,milford_haven,,1790197560000.0,,6.15009021759033
2026-09-24T00:30:47+00:00,area_trajectory,milford_haven,,1790197680000.0,,6.15009021759033
2026-09-24T00:30:47+00:00,area_trajectory,milford_haven,,1790197800000.0,,6.054872512817379
2026-09-24T00:30:47+00:00,area_trajectory,milford_haven,,1790197920000.0,,6.054872512817379
2026-09-24T00:30:47+00:00,area_trajectory,milford_haven,,1790198040000.0,,6.054872512817379
2026-09-24T00:30:47+00:00,area_trajectory,milford_haven,,1790198160000.0,,6.054872512817379
2026-09-24T00:30:47+00:00,area_trajectory,milford_haven,,1790198280000.0,,6.054872512817379
2026-09-24T00:30:47+00:00,area_trajectory,milford_haven,,1790198400000.0,,6.054872512817379
2026-09-24T00:30:47+00:00,area_trajectory,milford_haven,,1790198520000.0,,6.054872512817379
2026-09-24T00:30:47+00:00,area_trajectory,milford_haven,,1790198640000.0,,6.054872512817379
2026-09-24T00:30:47+00:00,area_trajectory,milford_haven,,1790198760000.0,,6.054872512817379
2026-09-24T00:30:47+00:00,area_trajectory,milford_haven,,1790198880000.0,,6.054872512817379
2026-09-24T00:30:47+00:00,area_trajectory,milford_haven,,1790199000000.0,,6.054872512817379
2026-09-24T00:30:47+00:00,area_trajectory,milford_haven,,1790199120000.0,,6.054872512817379
2026-09-24T00:30:47+00:00,area_trajectory,milford_haven,,1790199240000.0,,6.054872512817379
2026-09-24T00:30:47+00:00,area_trajectory,milford_haven,,1790199360000.0,,6.054872512817379
2026-09-24T00:30:47+00:00,area_trajectory,milford_haven,,1790199480000.0,,6.054872512817379
2026-09-24T00:30:47+00:00,area_trajectory,milford_haven,,1790199600000.0,,6.054872512817379
2026-09-24T00:30:47+00:00,area_trajectory,milford_haven,,1790199720000.0,,6.054872512817379
2026-09-24T00:30:47+00:00,area_trajectory,milford_haven,,1790199840000.0,,6.054872512817379
2026-09-24T00:30:47+00:00,area_trajectory,milford_haven,,1790199960000.0,,6.054872512817379
2026-09-24T00:30:47+00:00,area_trajectory,milford_haven,,1790200080000.0,,6.054872512817379
2026-09-24T00:30:47+00:00,area_trajectory,milford_haven,,1790200200000.0,,6.054872512817379
2026-09-24T00:30:47+00:00,area_trajectory,milford_haven,,1790200320000.0,,6.054872512817379
2026-09-24T00:30:47+00:00,area_trajectory,milford_haven,,1790200440000.0,,5.95965433120728
2026-09-24T00:30:47+00:00,area_trajectory,milford_haven,,1790200560000.0,,5.87908554077148
2026-09-24T00:30:47+00:00,area_trajectory,milford_haven,,1790200680000.0,,5.87908554077148
2026-09-24T00:30:47+00:00,area_trajectory,milford_haven,,1790200800000.0,,5.87908554077148
2026-09-24T00:30:47+00:00,area_trajectory,milford_haven,,1790200920000.0,,5.87908554077148
2026-09-24T00:30:47+00:00,area_trajectory,milford_haven,,1790201040000.0,,5.74968719482422
2026-09-24T00:30:47+00:00,area_trajectory,milford_haven,,1790201160000.0,,5.74968719482422
2026-09-24T00:30:47+00:00,area_trajectory,milford_haven,,1790201280000.0,,5.74968719482422
2026-09-24T00:30:47+00:00,area_trajectory,milford_haven,,1790201400000.0,,5.74968719482422
2026-09-24T00:30:47+00:00,area_trajectory,milford_haven,,1790201520000.0,,5.74968719482422
2026-09-24T00:30:47+00:00,area_trajectory,milford_haven,,1790201640000.0,,5.74968719482422
2026-09-24T00:30:47+00:00,area_trajectory,milford_haven,,1790201760000.0,,5.74968719482422
2026-09-24T00:30:47+00:00,area_trajectory,milford_haven,,1790201880000.0,,5.700857639312741
2026-09-24T00:30:47+00:00,area_trajectory,milford_haven,,1790202000000.0,,5.700857639312741
2026-09-24T00:30:47+00:00,area_trajectory,milford_haven,,1790202120000.0,,5.700857639312741
2026-09-24T00:30:47+00:00,area_trajectory,milford_haven,,1790202240000.0,,5.6031985282898
2026-09-24T00:30:47+00:00,area_trajectory,milford_haven,,1790202360000.0,,5.6031985282898
2026-09-24T00:30:47+00:00,area_trajectory,milford_haven,,1790202480000.0,,5.6031985282898
2026-09-24T00:30:47+00:00,area_trajectory,milford_haven,,1790202600000.0,,5.6031985282898
2026-09-24T00:30:47+00:00,area_trajectory,milford_haven,,1790202720000.0,,5.6031985282898
2026-09-24T00:30:47+00:00,area_trajectory,milford_haven,,1790202840000.0,,5.6031985282898
2026-09-24T00:30:47+00:00,area_trajectory,milford_haven,,1790202960000.0,,5.6031985282898
2026-09-24T00:30:47+00:00,area_trajectory,milford_haven,,1790203080000.0,,5.6031985282898
2026-09-24T00:30:47+00:00,area_trajectory,milford_haven,,1790203200000.0,,5.6031985282898
2026-09-24T00:30:47+00:00,area_trajectory,milford_haven,,1790203320000.0,,5.6031985282898
2026-09-24T00:30:47+00:00,area_trajectory,milford_haven,,1790203440000.0,,5.6031985282898
2026-09-24T00:30:47+00:00,area_trajectory,milford_haven,,1790203560000.0,,5.6031985282898
2026-09-24T00:30:47+00:00,area_trajectory,milford_haven,,1790203680000.0,,5.6031985282898
2026-09-24T00:30:47+00:00,area_trajectory,milford_haven,,1790203800000.0,,5.6031985282898
2026-09-24T00:30:47+00:00,area_trajectory,milford_haven,,1790203920000.0,,5.6031985282898
2026-09-24T00:30:47+00:00,area_trajectory,milford_haven,,1790204040000.0,,5.6031985282898
2026-09-24T00:30:47+00:00,area_trajectory,milford_haven,,1790204160000.0,,5.6031985282898
2026-09-24T00:30:47+00:00,area_trajectory,milford_haven,,1790204280000.0,,5.5348367691039995
2026-09-24T00:30:47+00:00,area_trajectory,milford_haven,,1790204400000.0,,5.5348367691039995
2026-09-24T00:30:47+00:00,area_trajectory,milford_haven,,1790204520000.0,,5.5348367691039995
2026-09-24T00:30:47+00:00,area_trajectory,milford_haven,,1790204640000.0,,5.54948568344116
2026-09-24T00:30:47+00:00,area_trajectory,milford_haven,,1790204760000.0,,5.54948568344116
2026-09-24T00:30:47+00:00,area_trajectory,milford_haven,,1790204880000.0,,5.461592674255369
2026-09-24T00:30:47+00:00,area_trajectory,milford_haven,,1790205000000.0,,5.461592674255369
2026-09-24T00:30:47+00:00,area_trajectory,milford_haven,,1790205120000.0,,5.461592674255369
2026-09-24T00:30:47+00:00,area_trajectory,milford_haven,,1790205240000.0,,5.241858959198
2026-09-24T00:30:47+00:00,area_trajectory,milford_haven,,1790205360000.0,,5.241858959198
2026-09-24T00:30:47+00:00,area_trajectory,milford_haven,,1790205480000.0,,5.241858959198
2026-09-24T00:30:47+00:00,area_trajectory,milford_haven,,1790205600000.0,,5.241858959198
2026-09-24T00:30:47+00:00,area_trajectory,milford_haven,,1790205720000.0,,5.241858959198
2026-09-24T00:30:47+00:00,area_trajectory,milford_haven,,1790205840000.0,,5.241858959198
2026-09-24T00:30:47+00:00,area_trajectory,milford_haven,,1790205960000.0,,5.35660886764526
2026-09-24T00:30:47+00:00,area_trajectory,milford_haven,,1790206080000.0,,5.35660886764526
2026-09-24T00:30:47+00:00,area_trajectory,milford_haven,,1790206200000.0,,5.35660886764526
2026-09-24T00:30:47+00:00,area_trajectory,milford_haven,,1790206320000.0,,5.35660886764526
2026-09-24T00:30:47+00:00,area_trajectory,milford_haven,,1790206440000.0,,5.35660886764526
2026-09-24T00:30:47+00:00,area_trajectory,milford_haven,,1790206560000.0,,5.35660886764526
2026-09-24T00:30:47+00:00,area_trajectory,milford_haven,,1790206680000.0,,5.35660886764526
2026-09-24T00:30:47+00:00,area_trajectory,milford_haven,,1790206800000.0,,5.35660886764526
2026-09-24T00:30:47+00:00,area_trajectory,milford_haven,,1790206920000.0,,5.35660886764526
2026-09-24T00:30:47+00:00,area_trajectory,milford_haven,,1790207040000.0,,5.35660886764526
2026-09-24T00:30:47+00:00,area_trajectory,milford_haven,,1790207160000.0,,5.35660886764526
2026-09-24T00:30:47+00:00,area_trajectory,milford_haven,,1790207280000.0,,5.35660886764526
2026-09-24T00:30:47+00:00,area_trajectory,milford_haven,,1790207400000.0,,5.35660886764526
2026-09-24T00:30:47+00:00,area_trajectory,milford_haven,,1790207520000.0,,5.35660886764526
2026-09-24T00:30:47+00:00,area_trajectory,milford_haven,,1790207640000.0,,5.35660886764526
2026-09-24T00:30:47+00:00,area_trajectory,milford_haven,,1790207760000.0,,5.35660886764526
2026-09-24T00:30:47+00:00,area_trajectory,milford_haven,,1790207880000.0,,5.35660886764526
2026-09-24T00:30:47+00:00,area_trajectory,milford_haven,,1790208000000.0,,5.35660886764526
2026-09-24T00:30:47+00:00,area_trajectory,milford_haven,,1790208120000.0,,5.35660886764526
2026-09-24T00:30:47+00:00,area_trajectory,milford_haven,,1790208240000.0,,5.36881637573242
2026-09-24T00:30:47+00:00,area_trajectory,milford_haven,,1790208360000.0,,5.36881637573242
2026-09-24T00:30:47+00:00,area_trajectory,milford_haven,,1790208480000.0,,5.36881637573242
2026-09-24T00:30:47+00:00,area_trajectory,milford_haven,,1790208600000.0,,5.36881637573242
2026-09-24T00:30:47+00:00,area_trajectory,milford_haven,,1790208720000.0,,5.36881637573242
2026-09-24T00:30:47+00:00,area_trajectory,milford_haven,,1790208840000.0,,5.36881637573242
2026-09-24T00:30:47+00:00,area_trajectory,milford_haven,,1790208960000.0,,5.36881637573242
2026-09-24T00:30:47+00:00,area_trajectory,milford_haven,,1790209080000.0,,5.36881637573242
2026-09-24T00:30:47+00:00,area_trajectory,milford_haven,,1790209200000.0,,5.36881637573242
2026-09-24T00:30:47+00:00,area_trajectory,milford_haven,,1790209320000.0,,5.36881637573242
2026-09-24T00:30:47+00:00,area_trajectory,milford_haven,,1790209440000.0,,5.36881637573242
2026-09-24T00:30:47+00:00,area_trajectory,milford_haven,,1790209560000.0,,5.36881637573242
2026-09-24T00:30:47+00:00,area_trajectory,milford_haven,,1790209680000.0,,5.36881637573242
2026-09-24T00:30:47+00:00,area_trajectory,milford_haven,,1790209800000.0,,5.36881637573242
2026-09-24T00:30:47+00:00,area_trajectory,milford_haven,,1790209920000.0,,5.36881637573242
2026-09-24T00:30:47+00:00,area_trajectory,milford_haven,,1790210040000.0,,5.36881637573242
2026-09-24T00:30:47+00:00,area_trajectory,milford_haven,,1790210160000.0,,5.36881637573242
2026-09-24T00:30:47+00:00,area_trajectory,milford_haven,,1790210280000.0,,5.36881637573242
2026-09-24T00:30:47+00:00,area_trajectory,milford_haven,,1790210400000.0,,5.36881637573242
2026-09-24T00:30:47+00:00,area_trajectory,milford_haven,,1790210520000.0,,5.36881637573242
2026-09-24T00:30:47+00:00,area_trajectory,milford_haven,,1790210640000.0,,5.36881637573242
2026-09-24T00:30:47+00:00,area_trajectory,milford_haven,,1790210760000.0,,5.36881637573242
2026-09-24T00:30:47+00:00,area_trajectory,milford_haven,,1790210880000.0,,5.36881637573242
2026-09-24T00:30:47+00:00,area_trajectory,milford_haven,,1790211000000.0,,5.36881637573242
2026-09-24T00:30:47+00:00,area_trajectory,milford_haven,,1790211120000.0,,5.36881637573242
2026-09-24T00:30:47+00:00,area_trajectory,milford_haven,,1790211240000.0,,5.36881637573242
2026-09-24T00:30:47+00:00,area_trajectory,milford_haven,,1790211360000.0,,5.36881637573242
2026-09-24T00:30:47+00:00,area_trajectory,milford_haven,,1790211480000.0,,5.36881637573242
2026-09-24T00:30:47+00:00,area_trajectory,milford_haven,,1790211600000.0,,5.36881637573242
2026-09-24T00:30:47+00:00,area_trajectory,milford_haven,,1790211720000.0,,5.36881637573242
2026-09-24T00:30:47+00:00,area_trajectory,milford_haven,,1790211840000.0,,5.41032123565674
2026-09-24T00:30:47+00:00,area_trajectory,milford_haven,,1790211960000.0,,5.41032123565674
2026-09-24T00:30:47+00:00,area_trajectory,milford_haven,,1790212080000.0,,5.41032123565674
2026-09-24T00:30:47+00:00,area_trajectory,milford_haven,,1790212200000.0,,5.41032123565674
2026-09-24T00:30:47+00:00,area_trajectory,milford_haven,,1790212320000.0,,5.41032123565674
2026-09-24T00:30:47+00:00,area_trajectory,milford_haven,,1790212440000.0,,5.41032123565674
2026-09-24T00:30:47+00:00,area_trajectory,milford_haven,,1790212560000.0,,5.41032123565674
2026-09-24T00:30:47+00:00,area_trajectory,milford_haven,,1790212680000.0,,5.41032123565674
2026-09-24T00:30:47+00:00,area_trajectory,milford_haven,,1790212800000.0,,5.41032123565674
2026-09-24T00:30:47+00:00,area_trajectory,milford_haven,,1790212920000.0,,5.41032123565674
2026-09-24T00:30:47+00:00,subterminal_latest,grain,nts1,,01:12,0.00
2026-09-24T00:30:47+00:00,subterminal_latest,grain,nts1,,01:14,0.00
2026-09-24T00:30:47+00:00,subterminal_latest,grain,nts1,,01:16,0.00
2026-09-24T00:30:47+00:00,subterminal_latest,grain,nts1,,01:18,0.00
2026-09-24T00:30:47+00:00,subterminal_latest,grain,nts1,,01:20,0.00
2026-09-24T00:30:47+00:00,subterminal_latest,grain,nts1,,01:22,0.00
2026-09-24T00:30:47+00:00,subterminal_latest,grain,nts2,,01:12,3.24
2026-09-24T00:30:47+00:00,subterminal_latest,grain,nts2,,01:14,3.24
2026-09-24T00:30:47+00:00,subterminal_latest,grain,nts2,,01:16,3.24
2026-09-24T00:30:47+00:00,subterminal_latest,grain,nts2,,01:18,3.24
2026-09-24T00:30:47+00:00,subterminal_latest,grain,nts2,,01:20,3.24
2026-09-24T00:30:47+00:00,subterminal_latest,grain,nts2,,01:22,3.24
2026-09-24T00:30:47+00:00,subterminal_latest,dragon,,,01:12,0.00
2026-09-24T00:30:47+00:00,subterminal_latest,dragon,,,01:14,0.00
2026-09-24T00:30:47+00:00,subterminal_latest,dragon,,,01:16,0.00
2026-09-24T00:30:47+00:00,subterminal_latest,dragon,,,01:18,0.00
2026-09-24T00:30:47+00:00,subterminal_latest,dragon,,,01:20,0.00
2026-09-24T00:30:47+00:00,subterminal_latest,dragon,,,01:22,0.00
2026-09-24T00:30:47+00:00,subterminal_latest,south_hook,,,01:12,5.41
2026-09-24T00:30:47+00:00,subterminal_latest,south_hook,,,01:14,5.41
2026-09-24T00:30:47+00:00,subterminal_latest,south_hook,,,01:16,5.41
2026-09-24T00:30:47+00:00,subterminal_latest,south_hook,,,01:18,5.41
2026-09-24T00:30:47+00:00,subterminal_latest,south_hook,,,01:20,5.41
2026-09-24T00:30:47+00:00,subterminal_latest,south_hook,,,01:22,5.41
