snapshot_utc,series,terminal,sub,epoch_ms,time_label,value_mcm_d
2026-10-01T01:18:06+00:00,area_trajectory,grain,,1790744400000.0,,3.0474202879183
2026-10-01T01:18:06+00:00,area_trajectory,grain,,1790744520000.0,,3.06752581770346
2026-10-01T01:18:06+00:00,area_trajectory,grain,,1790744640000.0,,2.9923771360628297
2026-10-01T01:18:06+00:00,area_trajectory,grain,,1790744760000.0,,2.9923771360628297
2026-10-01T01:18:06+00:00,area_trajectory,grain,,1790744880000.0,,2.9923771360628297
2026-10-01T01:18:06+00:00,area_trajectory,grain,,1790745000000.0,,2.95513238508627
2026-10-01T01:18:06+00:00,area_trajectory,grain,,1790745120000.0,,3.0144602049104896
2026-10-01T01:18:06+00:00,area_trajectory,grain,,1790745240000.0,,3.0144602049104896
2026-10-01T01:18:06+00:00,area_trajectory,grain,,1790745360000.0,,3.0144602049104896
2026-10-01T01:18:06+00:00,area_trajectory,grain,,1790745480000.0,,3.03621386701986
2026-10-01T01:18:06+00:00,area_trajectory,grain,,1790745600000.0,,2.9950138548128296
2026-10-01T01:18:06+00:00,area_trajectory,grain,,1790745720000.0,,2.9950138548128296
2026-10-01T01:18:06+00:00,area_trajectory,grain,,1790745840000.0,,2.9950138548128296
2026-10-01T01:18:06+00:00,area_trajectory,grain,,1790745960000.0,,3.03324755842611
2026-10-01T01:18:06+00:00,area_trajectory,grain,,1790746080000.0,,3.03324755842611
2026-10-01T01:18:06+00:00,area_trajectory,grain,,1790746200000.0,,3.03324755842611
2026-10-01T01:18:06+00:00,area_trajectory,grain,,1790746320000.0,,3.03324755842611
2026-10-01T01:18:06+00:00,area_trajectory,grain,,1790746440000.0,,2.95414343244955
2026-10-01T01:18:06+00:00,area_trajectory,grain,,1790746560000.0,,3.0151195677034597
2026-10-01T01:18:06+00:00,area_trajectory,grain,,1790746680000.0,,3.0151195677034597
2026-10-01T01:18:06+00:00,area_trajectory,grain,,1790746800000.0,,3.0151195677034597
2026-10-01T01:18:06+00:00,area_trajectory,grain,,1790746920000.0,,3.09356433088705
2026-10-01T01:18:06+00:00,area_trajectory,grain,,1790747040000.0,,3.01577874739096
2026-10-01T01:18:06+00:00,area_trajectory,grain,,1790747160000.0,,3.01577874739096
2026-10-01T01:18:06+00:00,area_trajectory,grain,,1790747280000.0,,3.01577874739096
2026-10-01T01:18:06+00:00,area_trajectory,grain,,1790747400000.0,,3.0358842771761103
2026-10-01T01:18:06+00:00,area_trajectory,grain,,1790747520000.0,,2.9976507566682997
2026-10-01T01:18:06+00:00,area_trajectory,grain,,1790747640000.0,,2.9976507566682997
2026-10-01T01:18:06+00:00,area_trajectory,grain,,1790747760000.0,,2.9976507566682997
2026-10-01T01:18:06+00:00,area_trajectory,grain,,1790747880000.0,,2.9782042234651698
2026-10-01T01:18:06+00:00,area_trajectory,grain,,1790748000000.0,,2.9782042234651698
2026-10-01T01:18:06+00:00,area_trajectory,grain,,1790748120000.0,,2.9782042234651698
2026-10-01T01:18:06+00:00,area_trajectory,grain,,1790748240000.0,,2.97721545393392
2026-10-01T01:18:06+00:00,area_trajectory,grain,,1790748360000.0,,2.97721545393392
2026-10-01T01:18:06+00:00,area_trajectory,grain,,1790748480000.0,,3.01544915754721
2026-10-01T01:18:06+00:00,area_trajectory,grain,,1790748600000.0,,3.01544915754721
2026-10-01T01:18:06+00:00,area_trajectory,grain,,1790748720000.0,,3.01544915754721
2026-10-01T01:18:06+00:00,area_trajectory,grain,,1790748840000.0,,3.01544915754721
2026-10-01T01:18:06+00:00,area_trajectory,grain,,1790748960000.0,,3.01544915754721
2026-10-01T01:18:06+00:00,area_trajectory,grain,,1790749080000.0,,3.01544915754721
2026-10-01T01:18:06+00:00,area_trajectory,grain,,1790749200000.0,,3.01544915754721
2026-10-01T01:18:06+00:00,area_trajectory,grain,,1790749320000.0,,2.99303631575033
2026-10-01T01:18:06+00:00,area_trajectory,grain,,1790749440000.0,,3.0114938963167397
2026-10-01T01:18:06+00:00,area_trajectory,grain,,1790749560000.0,,3.0114938963167397
2026-10-01T01:18:06+00:00,area_trajectory,grain,,1790749680000.0,,3.0114938963167397
2026-10-01T01:18:06+00:00,area_trajectory,grain,,1790749800000.0,,3.0500570066683004
2026-10-01T01:18:06+00:00,area_trajectory,grain,,1790749920000.0,,2.9887514646761097
2026-10-01T01:18:06+00:00,area_trajectory,grain,,1790750040000.0,,2.9887514646761097
2026-10-01T01:18:06+00:00,area_trajectory,grain,,1790750160000.0,,2.9887514646761097
2026-10-01T01:18:06+00:00,area_trajectory,grain,,1790750280000.0,,3.02698498518392
2026-10-01T01:18:06+00:00,area_trajectory,grain,,1790750400000.0,,3.0447833860628304
2026-10-01T01:18:06+00:00,area_trajectory,grain,,1790750520000.0,,3.0447833860628304
2026-10-01T01:18:06+00:00,area_trajectory,grain,,1790750640000.0,,3.0447833860628304
2026-10-01T01:18:06+00:00,area_trajectory,grain,,1790750760000.0,,3.0447833860628304
2026-10-01T01:18:06+00:00,area_trajectory,grain,,1790750880000.0,,3.02006341535971
2026-10-01T01:18:06+00:00,area_trajectory,grain,,1790751000000.0,,3.02006341535971
2026-10-01T01:18:06+00:00,area_trajectory,grain,,1790751120000.0,,3.02006341535971
2026-10-01T01:18:06+00:00,area_trajectory,grain,,1790751240000.0,,3.02006341535971
2026-10-01T01:18:06+00:00,area_trajectory,grain,,1790751360000.0,,3.02006341535971
2026-10-01T01:18:06+00:00,area_trajectory,grain,,1790751480000.0,,3.02006341535971
2026-10-01T01:18:06+00:00,area_trajectory,grain,,1790751600000.0,,3.02006341535971
2026-10-01T01:18:06+00:00,area_trajectory,grain,,1790751720000.0,,3.03291778547689
2026-10-01T01:18:06+00:00,area_trajectory,grain,,1790751840000.0,,3.0108347166292395
2026-10-01T01:18:06+00:00,area_trajectory,grain,,1790751960000.0,,3.0108347166292395
2026-10-01T01:18:06+00:00,area_trajectory,grain,,1790752080000.0,,3.0108347166292395
2026-10-01T01:18:06+00:00,area_trajectory,grain,,1790752200000.0,,2.95018835432455
2026-10-01T01:18:06+00:00,area_trajectory,grain,,1790752320000.0,,3.0447833860628304
2026-10-01T01:18:06+00:00,area_trajectory,grain,,1790752440000.0,,3.0447833860628304
2026-10-01T01:18:06+00:00,area_trajectory,grain,,1790752560000.0,,3.0447833860628304
2026-10-01T01:18:06+00:00,area_trajectory,grain,,1790752680000.0,,3.02237072737142
2026-10-01T01:18:06+00:00,area_trajectory,grain,,1790752800000.0,,3.05895629866049
2026-10-01T01:18:06+00:00,area_trajectory,grain,,1790752920000.0,,3.05895629866049
2026-10-01T01:18:06+00:00,area_trajectory,grain,,1790753040000.0,,3.05895629866049
2026-10-01T01:18:06+00:00,area_trajectory,grain,,1790753160000.0,,3.1179547117464197
2026-10-01T01:18:06+00:00,area_trajectory,grain,,1790753280000.0,,3.13871960432455
2026-10-01T01:18:06+00:00,area_trajectory,grain,,1790753400000.0,,3.13871960432455
2026-10-01T01:18:06+00:00,area_trajectory,grain,,1790753520000.0,,3.13871960432455
2026-10-01T01:18:06+00:00,area_trajectory,grain,,1790753640000.0,,3.25737524397299
2026-10-01T01:18:06+00:00,area_trajectory,grain,,1790753760000.0,,3.2372698972932996
2026-10-01T01:18:06+00:00,area_trajectory,grain,,1790753880000.0,,3.2372698972932996
2026-10-01T01:18:06+00:00,area_trajectory,grain,,1790754000000.0,,3.2372698972932996
2026-10-01T01:18:06+00:00,area_trajectory,grain,,1790754120000.0,,3.1954105222933
2026-10-01T01:18:06+00:00,area_trajectory,grain,,1790754240000.0,,3.1756347654573602
2026-10-01T01:18:06+00:00,area_trajectory,grain,,1790754360000.0,,3.1756347654573602
2026-10-01T01:18:06+00:00,area_trajectory,grain,,1790754480000.0,,3.1756347654573602
2026-10-01T01:18:06+00:00,area_trajectory,grain,,1790754600000.0,,3.2115611570589198
2026-10-01T01:18:06+00:00,area_trajectory,grain,,1790754720000.0,,3.2115611570589198
2026-10-01T01:18:06+00:00,area_trajectory,grain,,1790754840000.0,,3.2115611570589198
2026-10-01T01:18:06+00:00,area_trajectory,grain,,1790754960000.0,,3.2115611570589198
2026-10-01T01:18:06+00:00,area_trajectory,grain,,1790755080000.0,,3.28605065901205
2026-10-01T01:18:06+00:00,area_trajectory,grain,,1790755200000.0,,3.22441552717611
2026-10-01T01:18:06+00:00,area_trajectory,grain,,1790755320000.0,,3.22441552717611
2026-10-01T01:18:06+00:00,area_trajectory,grain,,1790755440000.0,,3.2438616941683
2026-10-01T01:18:06+00:00,area_trajectory,grain,,1790755560000.0,,3.2438616941683
2026-10-01T01:18:06+00:00,area_trajectory,grain,,1790755680000.0,,3.2438616941683
2026-10-01T01:18:06+00:00,area_trajectory,grain,,1790755800000.0,,3.22046008284017
2026-10-01T01:18:06+00:00,area_trajectory,grain,,1790755920000.0,,3.22046008284017
2026-10-01T01:18:06+00:00,area_trajectory,grain,,1790756040000.0,,3.22046008284017
2026-10-01T01:18:06+00:00,area_trajectory,grain,,1790756160000.0,,3.22046008284017
2026-10-01T01:18:06+00:00,area_trajectory,grain,,1790756280000.0,,3.22046008284017
2026-10-01T01:18:06+00:00,area_trajectory,grain,,1790756400000.0,,3.22046008284017
2026-10-01T01:18:06+00:00,area_trajectory,grain,,1790756520000.0,,3.22046008284017
2026-10-01T01:18:06+00:00,area_trajectory,grain,,1790756640000.0,,3.22046008284017
2026-10-01T01:18:06+00:00,area_trajectory,grain,,1790756760000.0,,3.2530905760042397
2026-10-01T01:18:06+00:00,area_trajectory,grain,,1790756880000.0,,3.2530905760042397
2026-10-01T01:18:06+00:00,area_trajectory,grain,,1790757000000.0,,3.21386828596517
2026-10-01T01:18:06+00:00,area_trajectory,grain,,1790757120000.0,,3.21386828596517
2026-10-01T01:18:06+00:00,area_trajectory,grain,,1790757240000.0,,3.21386828596517
2026-10-01T01:18:06+00:00,area_trajectory,grain,,1790757360000.0,,3.21386828596517
2026-10-01T01:18:06+00:00,area_trajectory,grain,,1790757480000.0,,3.1907962644808
2026-10-01T01:18:06+00:00,area_trajectory,grain,,1790757600000.0,,3.1907962644808
2026-10-01T01:18:06+00:00,area_trajectory,grain,,1790757720000.0,,3.1907962644808
2026-10-01T01:18:06+00:00,area_trajectory,grain,,1790757840000.0,,3.1907962644808
2026-10-01T01:18:06+00:00,area_trajectory,grain,,1790757960000.0,,3.1907962644808
2026-10-01T01:18:06+00:00,area_trajectory,grain,,1790758080000.0,,3.2267226560823596
2026-10-01T01:18:06+00:00,area_trajectory,grain,,1790758200000.0,,3.2267226560823596
2026-10-01T01:18:06+00:00,area_trajectory,grain,,1790758320000.0,,3.2267226560823596
2026-10-01T01:18:06+00:00,area_trajectory,grain,,1790758440000.0,,3.20661694319174
2026-10-01T01:18:06+00:00,area_trajectory,grain,,1790758560000.0,,3.22507470686361
2026-10-01T01:18:06+00:00,area_trajectory,grain,,1790758680000.0,,3.22507470686361
2026-10-01T01:18:06+00:00,area_trajectory,grain,,1790758800000.0,,3.22507470686361
2026-10-01T01:18:06+00:00,area_trajectory,grain,,1790758920000.0,,3.26264904768392
2026-10-01T01:18:06+00:00,area_trajectory,grain,,1790759040000.0,,3.2039802244417404
2026-10-01T01:18:06+00:00,area_trajectory,grain,,1790759160000.0,,3.2039802244417404
2026-10-01T01:18:06+00:00,area_trajectory,grain,,1790759280000.0,,3.2039802244417404
2026-10-01T01:18:06+00:00,area_trajectory,grain,,1790759400000.0,,3.14597058088705
2026-10-01T01:18:06+00:00,area_trajectory,grain,,1790759520000.0,,3.22441552717611
2026-10-01T01:18:06+00:00,area_trajectory,grain,,1790759640000.0,,3.22441552717611
2026-10-01T01:18:06+00:00,area_trajectory,grain,,1790759760000.0,,3.22441552717611
2026-10-01T01:18:06+00:00,area_trajectory,grain,,1790759880000.0,,3.2623194578401704
2026-10-01T01:18:06+00:00,area_trajectory,grain,,1790760000000.0,,3.18420410139486
2026-10-01T01:18:06+00:00,area_trajectory,grain,,1790760120000.0,,3.18420410139486
2026-10-01T01:18:06+00:00,area_trajectory,grain,,1790760240000.0,,3.2230971678011096
2026-10-01T01:18:06+00:00,area_trajectory,grain,,1790760360000.0,,3.2230971678011096
2026-10-01T01:18:06+00:00,area_trajectory,grain,,1790760480000.0,,3.1463001707308
2026-10-01T01:18:06+00:00,area_trajectory,grain,,1790760600000.0,,3.1463001707308
2026-10-01T01:18:06+00:00,area_trajectory,grain,,1790760720000.0,,3.1463001707308
2026-10-01T01:18:06+00:00,area_trajectory,grain,,1790760840000.0,,3.20266186506674
2026-10-01T01:18:06+00:00,area_trajectory,grain,,1790760960000.0,,3.2224379881136103
2026-10-01T01:18:06+00:00,area_trajectory,grain,,1790761080000.0,,3.2224379881136103
2026-10-01T01:18:06+00:00,area_trajectory,grain,,1790761200000.0,,3.2224379881136103
2026-10-01T01:18:06+00:00,area_trajectory,grain,,1790761320000.0,,3.2428729246370502
2026-10-01T01:18:06+00:00,area_trajectory,grain,,1790761440000.0,,3.2230971678011096
2026-10-01T01:18:06+00:00,area_trajectory,grain,,1790761560000.0,,3.2230971678011096
2026-10-01T01:18:06+00:00,area_trajectory,grain,,1790761680000.0,,3.2230971678011096
2026-10-01T01:18:06+00:00,area_trajectory,grain,,1790761800000.0,,3.1838745115511102
2026-10-01T01:18:06+00:00,area_trajectory,grain,,1790761920000.0,,3.16442834455892
2026-10-01T01:18:06+00:00,area_trajectory,grain,,1790762040000.0,,3.16442834455892
2026-10-01T01:18:06+00:00,area_trajectory,grain,,1790762160000.0,,3.16442834455892
2026-10-01T01:18:06+00:00,area_trajectory,grain,,1790762280000.0,,3.16442834455892
2026-10-01T01:18:06+00:00,area_trajectory,grain,,1790762400000.0,,3.2221083982698597
2026-10-01T01:18:06+00:00,area_trajectory,grain,,1790762520000.0,,3.2221083982698597
2026-10-01T01:18:06+00:00,area_trajectory,grain,,1790762640000.0,,3.2221083982698597
2026-10-01T01:18:06+00:00,area_trajectory,grain,,1790762760000.0,,3.2020026853792403
2026-10-01T01:18:06+00:00,area_trajectory,grain,,1790762880000.0,,3.16278039534017
2026-10-01T01:18:06+00:00,area_trajectory,grain,,1790763000000.0,,3.16278039534017
2026-10-01T01:18:06+00:00,area_trajectory,grain,,1790763120000.0,,3.16278039534017
2026-10-01T01:18:06+00:00,area_trajectory,grain,,1790763240000.0,,3.22276757795736
2026-10-01T01:18:06+00:00,area_trajectory,grain,,1790763360000.0,,3.20266186506674
2026-10-01T01:18:06+00:00,area_trajectory,grain,,1790763480000.0,,3.20266186506674
2026-10-01T01:18:06+00:00,area_trajectory,grain,,1790763600000.0,,3.20266186506674
2026-10-01T01:18:06+00:00,area_trajectory,grain,,1790763720000.0,,3.22111926252767
2026-10-01T01:18:06+00:00,area_trajectory,grain,,1790763840000.0,,3.1835449217073597
2026-10-01T01:18:06+00:00,area_trajectory,grain,,1790763960000.0,,3.1835449217073597
2026-10-01T01:18:06+00:00,area_trajectory,grain,,1790764080000.0,,3.1835449217073597
2026-10-01T01:18:06+00:00,area_trajectory,grain,,1790764200000.0,,3.24221374494955
2026-10-01T01:18:06+00:00,area_trajectory,grain,,1790764320000.0,,3.2214488523714198
2026-10-01T01:18:06+00:00,area_trajectory,grain,,1790764440000.0,,3.2214488523714198
2026-10-01T01:18:06+00:00,area_trajectory,grain,,1790764560000.0,,3.2214488523714198
2026-10-01T01:18:06+00:00,area_trajectory,grain,,1790764680000.0,,3.1822265623323602
2026-10-01T01:18:06+00:00,area_trajectory,grain,,1790764800000.0,,3.1822265623323602
2026-10-01T01:18:06+00:00,area_trajectory,grain,,1790764920000.0,,3.1822265623323602
2026-10-01T01:18:06+00:00,area_trajectory,grain,,1790765040000.0,,3.1822265623323602
2026-10-01T01:18:06+00:00,area_trajectory,grain,,1790765160000.0,,3.2020026853792403
2026-10-01T01:18:06+00:00,area_trajectory,grain,,1790765280000.0,,3.2221083982698597
2026-10-01T01:18:06+00:00,area_trajectory,grain,,1790765400000.0,,3.2221083982698597
2026-10-01T01:18:06+00:00,area_trajectory,grain,,1790765520000.0,,3.2221083982698597
2026-10-01T01:18:06+00:00,area_trajectory,grain,,1790765640000.0,,3.18123779280111
2026-10-01T01:18:06+00:00,area_trajectory,grain,,1790765760000.0,,3.2408953855745497
2026-10-01T01:18:06+00:00,area_trajectory,grain,,1790765880000.0,,3.2408953855745497
2026-10-01T01:18:06+00:00,area_trajectory,grain,,1790766000000.0,,3.2408953855745497
2026-10-01T01:18:06+00:00,area_trajectory,grain,,1790766120000.0,,3.2214488523714198
2026-10-01T01:18:06+00:00,area_trajectory,grain,,1790766240000.0,,3.18255615217611
2026-10-01T01:18:06+00:00,area_trajectory,grain,,1790766360000.0,,3.18255615217611
2026-10-01T01:18:06+00:00,area_trajectory,grain,,1790766480000.0,,3.18255615217611
2026-10-01T01:18:06+00:00,area_trajectory,grain,,1790766600000.0,,3.22177844221517
2026-10-01T01:18:06+00:00,area_trajectory,grain,,1790766720000.0,,3.2039802244417404
2026-10-01T01:18:06+00:00,area_trajectory,grain,,1790766840000.0,,3.2039802244417404
2026-10-01T01:18:06+00:00,area_trajectory,grain,,1790766960000.0,,3.2039802244417404
2026-10-01T01:18:06+00:00,area_trajectory,grain,,1790767080000.0,,3.26561535627767
2026-10-01T01:18:06+00:00,area_trajectory,grain,,1790767200000.0,,3.26561535627767
2026-10-01T01:18:06+00:00,area_trajectory,grain,,1790767320000.0,,3.26561535627767
2026-10-01T01:18:06+00:00,area_trajectory,grain,,1790767440000.0,,3.26561535627767
2026-10-01T01:18:06+00:00,area_trajectory,grain,,1790767560000.0,,3.28539147932455
2026-10-01T01:18:06+00:00,area_trajectory,grain,,1790767680000.0,,3.2659449461214205
2026-10-01T01:18:06+00:00,area_trajectory,grain,,1790767800000.0,,3.2659449461214205
2026-10-01T01:18:06+00:00,area_trajectory,grain,,1790767920000.0,,3.2659449461214205
2026-10-01T01:18:06+00:00,area_trajectory,grain,,1790768040000.0,,3.20595776350424
2026-10-01T01:18:06+00:00,area_trajectory,grain,,1790768160000.0,,3.20595776350424
2026-10-01T01:18:06+00:00,area_trajectory,grain,,1790768280000.0,,3.20595776350424
2026-10-01T01:18:06+00:00,area_trajectory,grain,,1790768400000.0,,3.20595776350424
2026-10-01T01:18:06+00:00,area_trajectory,grain,,1790768520000.0,,3.1664058836214197
2026-10-01T01:18:06+00:00,area_trajectory,grain,,1790768640000.0,,3.24419128401205
2026-10-01T01:18:06+00:00,area_trajectory,grain,,1790768760000.0,,3.24419128401205
2026-10-01T01:18:06+00:00,area_trajectory,grain,,1790768880000.0,,3.24419128401205
2026-10-01T01:18:06+00:00,area_trajectory,grain,,1790769000000.0,,3.24419128401205
2026-10-01T01:18:06+00:00,area_trajectory,grain,,1790769120000.0,,3.21222033674642
2026-10-01T01:18:06+00:00,area_trajectory,grain,,1790769240000.0,,3.21222033674642
2026-10-01T01:18:06+00:00,area_trajectory,grain,,1790769360000.0,,3.21222033674642
2026-10-01T01:18:06+00:00,area_trajectory,grain,,1790769480000.0,,3.1940921629182997
2026-10-01T01:18:06+00:00,area_trajectory,grain,,1790769600000.0,,3.27121874983236
2026-10-01T01:18:06+00:00,area_trajectory,grain,,1790769720000.0,,3.27121874983236
2026-10-01T01:18:06+00:00,area_trajectory,grain,,1790769840000.0,,3.27121874983236
2026-10-01T01:18:06+00:00,area_trajectory,grain,,1790769960000.0,,3.1723385008089204
2026-10-01T01:18:06+00:00,area_trajectory,grain,,1790770080000.0,,3.1723385008089204
2026-10-01T01:18:06+00:00,area_trajectory,grain,,1790770200000.0,,3.1723385008089204
2026-10-01T01:18:06+00:00,area_trajectory,grain,,1790770320000.0,,3.1723385008089204
2026-10-01T01:18:06+00:00,area_trajectory,grain,,1790770440000.0,,3.2099128416292397
2026-10-01T01:18:06+00:00,area_trajectory,grain,,1790770560000.0,,3.22738183576986
2026-10-01T01:18:06+00:00,area_trajectory,grain,,1790770680000.0,,3.22738183576986
2026-10-01T01:18:06+00:00,area_trajectory,grain,,1790770800000.0,,3.22738183576986
2026-10-01T01:18:06+00:00,area_trajectory,grain,,1790770920000.0,,3.18782995588705
2026-10-01T01:18:06+00:00,area_trajectory,grain,,1790771040000.0,,3.2445208738558
2026-10-01T01:18:06+00:00,area_trajectory,grain,,1790771160000.0,,3.2445208738558
2026-10-01T01:18:06+00:00,area_trajectory,grain,,1790771280000.0,,3.2445208738558
2026-10-01T01:18:06+00:00,area_trajectory,grain,,1790771400000.0,,3.2633082273714202
2026-10-01T01:18:06+00:00,area_trajectory,grain,,1790771520000.0,,3.20266186506674
2026-10-01T01:18:06+00:00,area_trajectory,grain,,1790771640000.0,,3.20266186506674
2026-10-01T01:18:06+00:00,area_trajectory,grain,,1790771760000.0,,3.20266186506674
2026-10-01T01:18:06+00:00,area_trajectory,grain,,1790771880000.0,,3.18090820295736
2026-10-01T01:18:06+00:00,area_trajectory,grain,,1790772000000.0,,3.2020026853792403
2026-10-01T01:18:06+00:00,area_trajectory,grain,,1790772120000.0,,3.2020026853792403
2026-10-01T01:18:06+00:00,area_trajectory,grain,,1790772240000.0,,3.2020026853792403
2026-10-01T01:18:06+00:00,area_trajectory,grain,,1790772360000.0,,3.24155456526205
2026-10-01T01:18:06+00:00,area_trajectory,grain,,1790772480000.0,,3.2230971678011096
2026-10-01T01:18:06+00:00,area_trajectory,grain,,1790772600000.0,,3.2230971678011096
2026-10-01T01:18:06+00:00,area_trajectory,grain,,1790772720000.0,,3.2230971678011096
2026-10-01T01:18:06+00:00,area_trajectory,grain,,1790772840000.0,,3.2230971678011096
2026-10-01T01:18:06+00:00,area_trajectory,grain,,1790772960000.0,,3.2230971678011096
2026-10-01T01:18:06+00:00,area_trajectory,grain,,1790773080000.0,,3.2230971678011096
2026-10-01T01:18:06+00:00,area_trajectory,grain,,1790773200000.0,,3.2230971678011096
2026-10-01T01:18:06+00:00,area_trajectory,grain,,1790773320000.0,,3.2207896726839196
2026-10-01T01:18:06+00:00,area_trajectory,grain,,1790773440000.0,,3.2003547361604903
2026-10-01T01:18:06+00:00,area_trajectory,grain,,1790773560000.0,,3.2003547361604903
2026-10-01T01:18:06+00:00,area_trajectory,grain,,1790773680000.0,,3.2003547361604903
2026-10-01T01:18:06+00:00,area_trajectory,grain,,1790773800000.0,,3.2382586668245503
2026-10-01T01:18:06+00:00,area_trajectory,grain,,1790773920000.0,,3.19936596662924
2026-10-01T01:18:06+00:00,area_trajectory,grain,,1790774040000.0,,3.19936596662924
2026-10-01T01:18:06+00:00,area_trajectory,grain,,1790774160000.0,,3.19936596662924
2026-10-01T01:18:06+00:00,area_trajectory,grain,,1790774280000.0,,3.1799194334261096
2026-10-01T01:18:06+00:00,area_trajectory,grain,,1790774400000.0,,3.19969555647299
2026-10-01T01:18:06+00:00,area_trajectory,grain,,1790774520000.0,,3.19969555647299
2026-10-01T01:18:06+00:00,area_trajectory,grain,,1790774640000.0,,3.19969555647299
2026-10-01T01:18:06+00:00,area_trajectory,grain,,1790774760000.0,,3.2207896726839196
2026-10-01T01:18:06+00:00,area_trajectory,grain,,1790774880000.0,,3.24353210432455
2026-10-01T01:18:06+00:00,area_trajectory,grain,,1790775000000.0,,3.24353210432455
2026-10-01T01:18:06+00:00,area_trajectory,grain,,1790775120000.0,,3.24353210432455
2026-10-01T01:18:06+00:00,area_trajectory,grain,,1790775240000.0,,3.26462658674642
2026-10-01T01:18:06+00:00,area_trajectory,grain,,1790775360000.0,,3.18782995588705
2026-10-01T01:18:06+00:00,area_trajectory,grain,,1790775480000.0,,3.18782995588705
2026-10-01T01:18:06+00:00,area_trajectory,grain,,1790775600000.0,,3.18782995588705
2026-10-01T01:18:06+00:00,area_trajectory,grain,,1790775720000.0,,3.18782995588705
2026-10-01T01:18:06+00:00,area_trajectory,grain,,1790775840000.0,,3.2260634763948604
2026-10-01T01:18:06+00:00,area_trajectory,grain,,1790775960000.0,,3.2260634763948604
2026-10-01T01:18:06+00:00,area_trajectory,grain,,1790776080000.0,,3.2260634763948604
2026-10-01T01:18:06+00:00,area_trajectory,grain,,1790776200000.0,,3.20661694319174
2026-10-01T01:18:06+00:00,area_trajectory,grain,,1790776320000.0,,3.22935937483236
2026-10-01T01:18:06+00:00,area_trajectory,grain,,1790776440000.0,,3.22935937483236
2026-10-01T01:18:06+00:00,area_trajectory,grain,,1790776560000.0,,3.22935937483236
2026-10-01T01:18:06+00:00,area_trajectory,grain,,1790776680000.0,,3.22935937483236
2026-10-01T01:18:06+00:00,area_trajectory,grain,,1790776800000.0,,3.2085944822542403
2026-10-01T01:18:06+00:00,area_trajectory,grain,,1790776920000.0,,3.2085944822542403
2026-10-01T01:18:06+00:00,area_trajectory,grain,,1790777040000.0,,3.2085944822542403
2026-10-01T01:18:06+00:00,area_trajectory,grain,,1790777160000.0,,3.17200891096517
2026-10-01T01:18:06+00:00,area_trajectory,grain,,1790777280000.0,,3.26924084455892
2026-10-01T01:18:06+00:00,area_trajectory,grain,,1790777400000.0,,3.26924084455892
2026-10-01T01:18:06+00:00,area_trajectory,grain,,1790777520000.0,,3.26924084455892
2026-10-01T01:18:06+00:00,area_trajectory,grain,,1790777640000.0,,3.19178503401205
2026-10-01T01:18:06+00:00,area_trajectory,grain,,1790777760000.0,,3.1341049803011103
2026-10-01T01:18:06+00:00,area_trajectory,grain,,1790777880000.0,,3.1341049803011103
2026-10-01T01:18:06+00:00,area_trajectory,grain,,1790778000000.0,,3.1341049803011103
2026-10-01T01:18:06+00:00,area_trajectory,grain,,1790778120000.0,,3.15454028303549
2026-10-01T01:18:06+00:00,area_trajectory,grain,,1790778240000.0,,3.3325242918245497
2026-10-01T01:18:06+00:00,area_trajectory,grain,,1790778360000.0,,3.3325242918245497
2026-10-01T01:18:06+00:00,area_trajectory,grain,,1790778480000.0,,3.3325242918245497
2026-10-01T01:18:06+00:00,area_trajectory,grain,,1790778600000.0,,3.25737524397299
2026-10-01T01:18:06+00:00,area_trajectory,grain,,1790778720000.0,,3.31538488752767
2026-10-01T01:18:06+00:00,area_trajectory,grain,,1790778840000.0,,3.31538488752767
2026-10-01T01:18:06+00:00,area_trajectory,grain,,1790778960000.0,,3.31538488752767
2026-10-01T01:18:06+00:00,area_trajectory,grain,,1790779080000.0,,3.3341722410433
2026-10-01T01:18:06+00:00,area_trajectory,grain,,1790779200000.0,,3.1980476072542396
2026-10-01T01:18:06+00:00,area_trajectory,grain,,1790779320000.0,,3.1980476072542396
2026-10-01T01:18:06+00:00,area_trajectory,grain,,1790779440000.0,,3.1980476072542396
2026-10-01T01:18:06+00:00,area_trajectory,grain,,1790779560000.0,,3.3348314207308003
2026-10-01T01:18:06+00:00,area_trajectory,grain,,1790779680000.0,,3.3348314207308003
2026-10-01T01:18:06+00:00,area_trajectory,grain,,1790779800000.0,,3.3348314207308003
2026-10-01T01:18:06+00:00,area_trajectory,grain,,1790779920000.0,,3.3348314207308003
2026-10-01T01:18:06+00:00,area_trajectory,grain,,1790780040000.0,,3.26034191877767
2026-10-01T01:18:06+00:00,area_trajectory,grain,,1790780160000.0,,3.31999951155111
2026-10-01T01:18:06+00:00,area_trajectory,grain,,1790780280000.0,,3.31999951155111
2026-10-01T01:18:06+00:00,area_trajectory,grain,,1790780400000.0,,3.31999951155111
2026-10-01T01:18:06+00:00,area_trajectory,grain,,1790780520000.0,,3.30088256819174
2026-10-01T01:18:06+00:00,area_trajectory,grain,,1790780640000.0,,3.28077685530111
2026-10-01T01:18:06+00:00,area_trajectory,grain,,1790780760000.0,,3.28077685530111
2026-10-01T01:18:06+00:00,area_trajectory,grain,,1790780880000.0,,3.28077685530111
2026-10-01T01:18:06+00:00,area_trajectory,grain,,1790781000000.0,,3.32098828108236
2026-10-01T01:18:06+00:00,area_trajectory,grain,,1790781120000.0,,3.30154174787924
2026-10-01T01:18:06+00:00,area_trajectory,grain,,1790781240000.0,,3.30154174787924
2026-10-01T01:18:06+00:00,area_trajectory,grain,,1790781360000.0,,3.30154174787924
2026-10-01T01:18:06+00:00,area_trajectory,grain,,1790781480000.0,,3.3196699217073604
2026-10-01T01:18:06+00:00,area_trajectory,grain,,1790781600000.0,,3.26198986799642
2026-10-01T01:18:06+00:00,area_trajectory,grain,,1790781720000.0,,3.26198986799642
2026-10-01T01:18:06+00:00,area_trajectory,grain,,1790781840000.0,,3.26198986799642
2026-10-01T01:18:06+00:00,area_trajectory,grain,,1790781960000.0,,3.3414232176058003
2026-10-01T01:18:06+00:00,area_trajectory,grain,,1790782080000.0,,3.32230664045736
2026-10-01T01:18:06+00:00,area_trajectory,grain,,1790782200000.0,,3.32230664045736
2026-10-01T01:18:06+00:00,area_trajectory,grain,,1790782320000.0,,3.32230664045736
2026-10-01T01:18:06+00:00,area_trajectory,grain,,1790782440000.0,,3.2837435301058
2026-10-01T01:18:06+00:00,area_trajectory,grain,,1790782560000.0,,3.32296582014486
2026-10-01T01:18:06+00:00,area_trajectory,grain,,1790782680000.0,,3.32296582014486
2026-10-01T01:18:06+00:00,area_trajectory,grain,,1790782800000.0,,3.32296582014486
2026-10-01T01:18:06+00:00,area_trajectory,grain,,1790782920000.0,,3.3430715330354897
2026-10-01T01:18:06+00:00,area_trajectory,grain,,1790783040000.0,,3.26495617659017
2026-10-01T01:18:06+00:00,area_trajectory,grain,,1790783160000.0,,3.26495617659017
2026-10-01T01:18:06+00:00,area_trajectory,grain,,1790783280000.0,,3.26495617659017
2026-10-01T01:18:06+00:00,area_trajectory,grain,,1790783400000.0,,3.2834139402620504
2026-10-01T01:18:06+00:00,area_trajectory,grain,,1790783520000.0,,3.36152893049642
2026-10-01T01:18:06+00:00,area_trajectory,grain,,1790783640000.0,,3.36152893049642
2026-10-01T01:18:06+00:00,area_trajectory,grain,,1790783760000.0,,3.36152893049642
2026-10-01T01:18:06+00:00,area_trajectory,grain,,1790783880000.0,,3.3424123533479904
2026-10-01T01:18:06+00:00,area_trajectory,grain,,1790784000000.0,,3.24649877912924
2026-10-01T01:18:06+00:00,area_trajectory,grain,,1790784120000.0,,3.24649877912924
2026-10-01T01:18:06+00:00,area_trajectory,grain,,1790784240000.0,,3.24649877912924
2026-10-01T01:18:06+00:00,area_trajectory,grain,,1790784360000.0,,3.3249433592073596
2026-10-01T01:18:06+00:00,area_trajectory,grain,,1790784480000.0,,3.30384887678549
2026-10-01T01:18:06+00:00,area_trajectory,grain,,1790784600000.0,,3.30384887678549
2026-10-01T01:18:06+00:00,area_trajectory,grain,,1790784720000.0,,3.28275476057455
2026-10-01T01:18:06+00:00,area_trajectory,grain,,1790784840000.0,,3.28275476057455
2026-10-01T01:18:06+00:00,area_trajectory,grain,,1790784960000.0,,3.3203291013948597
2026-10-01T01:18:06+00:00,area_trajectory,grain,,1790785080000.0,,3.3203291013948597
2026-10-01T01:18:06+00:00,area_trajectory,grain,,1790785200000.0,,3.3203291013948597
2026-10-01T01:18:06+00:00,area_trajectory,grain,,1790785320000.0,,3.2787993162386098
2026-10-01T01:18:06+00:00,area_trajectory,grain,,1790785440000.0,,3.2787993162386098
2026-10-01T01:18:06+00:00,area_trajectory,grain,,1790785560000.0,,3.2787993162386098
2026-10-01T01:18:06+00:00,area_trajectory,grain,,1790785680000.0,,3.2787993162386098
2026-10-01T01:18:06+00:00,area_trajectory,grain,,1790785800000.0,,3.25902355940267
2026-10-01T01:18:06+00:00,area_trajectory,grain,,1790785920000.0,,3.29725707991049
2026-10-01T01:18:06+00:00,area_trajectory,grain,,1790786040000.0,,3.29725707991049
2026-10-01T01:18:06+00:00,area_trajectory,grain,,1790786160000.0,,3.29725707991049
2026-10-01T01:18:06+00:00,area_trajectory,grain,,1790786280000.0,,3.2755034178011098
2026-10-01T01:18:06+00:00,area_trajectory,grain,,1790786400000.0,,3.31110021955892
2026-10-01T01:18:06+00:00,area_trajectory,grain,,1790786520000.0,,3.31110021955892
2026-10-01T01:18:06+00:00,area_trajectory,grain,,1790786640000.0,,3.31110021955892
2026-10-01T01:18:06+00:00,area_trajectory,grain,,1790786760000.0,,3.2708891599886103
2026-10-01T01:18:06+00:00,area_trajectory,grain,,1790786880000.0,,3.2708891599886103
2026-10-01T01:18:06+00:00,area_trajectory,grain,,1790787000000.0,,3.2708891599886103
2026-10-01T01:18:06+00:00,area_trajectory,grain,,1790787120000.0,,3.2708891599886103
2026-10-01T01:18:06+00:00,area_trajectory,grain,,1790787240000.0,,3.32823925764486
2026-10-01T01:18:06+00:00,area_trajectory,grain,,1790787360000.0,,3.28736901838705
2026-10-01T01:18:06+00:00,area_trajectory,grain,,1790787480000.0,,3.28736901838705
2026-10-01T01:18:06+00:00,area_trajectory,grain,,1790787600000.0,,3.28736901838705
2026-10-01T01:18:06+00:00,area_trajectory,grain,,1790787720000.0,,3.3249433592073596
2026-10-01T01:18:06+00:00,area_trajectory,grain,,1790787840000.0,,3.3249433592073596
2026-10-01T01:18:06+00:00,area_trajectory,grain,,1790787960000.0,,3.3249433592073596
2026-10-01T01:18:06+00:00,area_trajectory,grain,,1790788080000.0,,3.3249433592073596
2026-10-01T01:18:06+00:00,area_trajectory,grain,,1790788200000.0,,3.26100109846517
2026-10-01T01:18:06+00:00,area_trajectory,grain,,1790788320000.0,,3.28044726545736
2026-10-01T01:18:06+00:00,area_trajectory,grain,,1790788440000.0,,3.28044726545736
2026-10-01T01:18:06+00:00,area_trajectory,grain,,1790788560000.0,,3.28044726545736
2026-10-01T01:18:06+00:00,area_trajectory,grain,,1790788680000.0,,3.3338426511995505
2026-10-01T01:18:06+00:00,area_trajectory,grain,,1790788800000.0,,3.2923128660432996
2026-10-01T01:18:06+00:00,area_trajectory,grain,,1790788920000.0,,3.2923128660432996
2026-10-01T01:18:06+00:00,area_trajectory,grain,,1790789040000.0,,3.2923128660432996
2026-10-01T01:18:06+00:00,area_trajectory,grain,,1790789160000.0,,3.2923128660432996
2026-10-01T01:18:06+00:00,area_trajectory,grain,,1790789280000.0,,3.3279096678011104
2026-10-01T01:18:06+00:00,area_trajectory,grain,,1790789400000.0,,3.3279096678011104
2026-10-01T01:18:06+00:00,area_trajectory,grain,,1790789520000.0,,3.3279096678011104
2026-10-01T01:18:06+00:00,area_trajectory,grain,,1790789640000.0,,3.3453786619417403
2026-10-01T01:18:06+00:00,area_trajectory,grain,,1790789760000.0,,3.2876986082307997
2026-10-01T01:18:06+00:00,area_trajectory,grain,,1790789880000.0,,3.2876986082307997
2026-10-01T01:18:06+00:00,area_trajectory,grain,,1790790000000.0,,3.2876986082307997
2026-10-01T01:18:06+00:00,area_trajectory,grain,,1790790120000.0,,3.2876986082307997
2026-10-01T01:18:06+00:00,area_trajectory,grain,,1790790240000.0,,3.2876986082307997
2026-10-01T01:18:06+00:00,area_trajectory,grain,,1790790360000.0,,3.2876986082307997
2026-10-01T01:18:06+00:00,area_trajectory,grain,,1790790480000.0,,3.2876986082307997
2026-10-01T01:18:06+00:00,area_trajectory,grain,,1790790600000.0,,3.2876986082307997
2026-10-01T01:18:06+00:00,area_trajectory,grain,,1790790720000.0,,3.27781054670736
2026-10-01T01:18:06+00:00,area_trajectory,grain,,1790790840000.0,,3.27781054670736
2026-10-01T01:18:06+00:00,area_trajectory,grain,,1790790960000.0,,3.27781054670736
2026-10-01T01:18:06+00:00,area_trajectory,grain,,1790791080000.0,,3.29494995100424
2026-10-01T01:18:06+00:00,area_trajectory,grain,,1790791200000.0,,3.29494995100424
2026-10-01T01:18:06+00:00,area_trajectory,grain,,1790791320000.0,,3.29494995100424
2026-10-01T01:18:06+00:00,area_trajectory,grain,,1790791440000.0,,3.29198327619955
2026-10-01T01:18:06+00:00,area_trajectory,grain,,1790791560000.0,,3.3084635008089203
2026-10-01T01:18:06+00:00,area_trajectory,grain,,1790791680000.0,,3.2669337156526703
2026-10-01T01:18:06+00:00,area_trajectory,grain,,1790791800000.0,,3.2669337156526703
2026-10-01T01:18:06+00:00,area_trajectory,grain,,1790791920000.0,,3.2669337156526703
2026-10-01T01:18:06+00:00,area_trajectory,grain,,1790792040000.0,,3.24353210432455
2026-10-01T01:18:06+00:00,area_trajectory,grain,,1790792160000.0,,3.27978808576986
2026-10-01T01:18:06+00:00,area_trajectory,grain,,1790792280000.0,,3.27978808576986
2026-10-01T01:18:06+00:00,area_trajectory,grain,,1790792400000.0,,3.27978808576986
2026-10-01T01:18:06+00:00,area_trajectory,grain,,1790792520000.0,,3.25836437971517
2026-10-01T01:18:06+00:00,area_trajectory,grain,,1790792640000.0,,3.25836437971517
2026-10-01T01:18:06+00:00,area_trajectory,grain,,1790792760000.0,,3.25836437971517
2026-10-01T01:18:06+00:00,area_trajectory,grain,,1790792880000.0,,3.25836437971517
2026-10-01T01:18:06+00:00,area_trajectory,grain,,1790793000000.0,,3.2916536863558004
2026-10-01T01:18:06+00:00,area_trajectory,grain,,1790793120000.0,,3.3460378416292396
2026-10-01T01:18:06+00:00,area_trajectory,grain,,1790793240000.0,,3.3460378416292396
2026-10-01T01:18:06+00:00,area_trajectory,grain,,1790793360000.0,,3.3460378416292396
2026-10-01T01:18:06+00:00,area_trajectory,grain,,1790793480000.0,,3.3232954099886105
2026-10-01T01:18:06+00:00,area_trajectory,grain,,1790793600000.0,,3.3387864988558
2026-10-01T01:18:06+00:00,area_trajectory,grain,,1790793720000.0,,3.3387864988558
2026-10-01T01:18:06+00:00,area_trajectory,grain,,1790793840000.0,,3.3387864988558
2026-10-01T01:18:06+00:00,area_trajectory,grain,,1790793960000.0,,3.26034191877767
2026-10-01T01:18:06+00:00,area_trajectory,grain,,1790794080000.0,,3.3348314207308003
2026-10-01T01:18:06+00:00,area_trajectory,grain,,1790794200000.0,,3.3348314207308003
2026-10-01T01:18:06+00:00,area_trajectory,grain,,1790794320000.0,,3.3348314207308003
2026-10-01T01:18:06+00:00,area_trajectory,grain,,1790794440000.0,,3.23496276838705
2026-10-01T01:18:06+00:00,area_trajectory,grain,,1790794560000.0,,3.2903353269808
2026-10-01T01:18:06+00:00,area_trajectory,grain,,1790794680000.0,,3.2903353269808
2026-10-01T01:18:06+00:00,area_trajectory,grain,,1790794800000.0,,3.2903353269808
2026-10-01T01:18:06+00:00,area_trajectory,grain,,1790794920000.0,,3.23001855451986
2026-10-01T01:18:06+00:00,area_trajectory,grain,,1790795040000.0,,3.3219770506136097
2026-10-01T01:18:06+00:00,area_trajectory,grain,,1790795160000.0,,3.3219770506136097
2026-10-01T01:18:06+00:00,area_trajectory,grain,,1790795280000.0,,3.3219770506136097
2026-10-01T01:18:06+00:00,area_trajectory,grain,,1790795400000.0,,3.2629786375276697
2026-10-01T01:18:06+00:00,area_trajectory,grain,,1790795520000.0,,3.2962683103792396
2026-10-01T01:18:06+00:00,area_trajectory,grain,,1790795640000.0,,3.2962683103792396
2026-10-01T01:18:06+00:00,area_trajectory,grain,,1790795760000.0,,3.2962683103792396
2026-10-01T01:18:06+00:00,area_trajectory,grain,,1790795880000.0,,3.2372698972932996
2026-10-01T01:18:06+00:00,area_trajectory,grain,,1790796000000.0,,3.29066491682455
2026-10-01T01:18:06+00:00,area_trajectory,grain,,1790796120000.0,,3.29066491682455
2026-10-01T01:18:06+00:00,area_trajectory,grain,,1790796240000.0,,3.29066491682455
2026-10-01T01:18:06+00:00,area_trajectory,grain,,1790796360000.0,,3.3091226804964204
2026-10-01T01:18:06+00:00,area_trajectory,grain,,1790796480000.0,,3.32362499983236
2026-10-01T01:18:06+00:00,area_trajectory,grain,,1790796600000.0,,3.32362499983236
2026-10-01T01:18:06+00:00,area_trajectory,grain,,1790796720000.0,,3.32362499983236
2026-10-01T01:18:06+00:00,area_trajectory,grain,,1790796840000.0,,3.26495617659017
2026-10-01T01:18:06+00:00,area_trajectory,grain,,1790796960000.0,,3.29890502912924
2026-10-01T01:18:06+00:00,area_trajectory,grain,,1790797080000.0,,3.29890502912924
2026-10-01T01:18:06+00:00,area_trajectory,grain,,1790797200000.0,,3.29890502912924
2026-10-01T01:18:06+00:00,area_trajectory,grain,,1790797320000.0,,3.31604406721517
2026-10-01T01:18:06+00:00,area_trajectory,grain,,1790797440000.0,,3.25803478987142
2026-10-01T01:18:06+00:00,area_trajectory,grain,,1790797560000.0,,3.25803478987142
2026-10-01T01:18:06+00:00,area_trajectory,grain,,1790797680000.0,,3.25803478987142
2026-10-01T01:18:06+00:00,area_trajectory,grain,,1790797800000.0,,3.32988720686361
2026-10-01T01:18:06+00:00,area_trajectory,grain,,1790797920000.0,,3.1960697019808
2026-10-01T01:18:06+00:00,area_trajectory,grain,,1790798040000.0,,3.1960697019808
2026-10-01T01:18:06+00:00,area_trajectory,grain,,1790798160000.0,,3.1960697019808
2026-10-01T01:18:06+00:00,area_trajectory,grain,,1790798280000.0,,3.2132091062776698
2026-10-01T01:18:06+00:00,area_trajectory,grain,,1790798400000.0,,3.28736901838705
2026-10-01T01:18:06+00:00,area_trajectory,grain,,1790798520000.0,,3.28736901838705
2026-10-01T01:18:06+00:00,area_trajectory,grain,,1790798640000.0,,3.28736901838705
2026-10-01T01:18:06+00:00,area_trajectory,grain,,1790798760000.0,,3.2448504636995503
2026-10-01T01:18:06+00:00,area_trajectory,grain,,1790798880000.0,,3.30055297834799
2026-10-01T01:18:06+00:00,area_trajectory,grain,,1790799000000.0,,3.30055297834799
2026-10-01T01:18:06+00:00,area_trajectory,grain,,1790799120000.0,,3.30055297834799
2026-10-01T01:18:06+00:00,area_trajectory,grain,,1790799240000.0,,3.3361497801057998
2026-10-01T01:18:06+00:00,area_trajectory,grain,,1790799360000.0,,3.2969274900667402
2026-10-01T01:18:06+00:00,area_trajectory,grain,,1790799480000.0,,3.2969274900667402
2026-10-01T01:18:06+00:00,area_trajectory,grain,,1790799600000.0,,3.2969274900667402
2026-10-01T01:18:06+00:00,area_trajectory,grain,,1790799720000.0,,3.27616259748861
2026-10-01T01:18:06+00:00,area_trajectory,grain,,1790799840000.0,,3.29330163557455
2026-10-01T01:18:06+00:00,area_trajectory,grain,,1790799960000.0,,3.29330163557455
2026-10-01T01:18:06+00:00,area_trajectory,grain,,1790800080000.0,,3.29330163557455
2026-10-01T01:18:06+00:00,area_trajectory,grain,,1790800200000.0,,3.2728666990511104
2026-10-01T01:18:06+00:00,area_trajectory,grain,,1790800320000.0,,3.2728666990511104
2026-10-01T01:18:06+00:00,area_trajectory,grain,,1790800440000.0,,3.2728666990511104
2026-10-01T01:18:06+00:00,area_trajectory,grain,,1790800560000.0,,3.2728666990511104
2026-10-01T01:18:06+00:00,area_trajectory,grain,,1790800680000.0,,3.3091226804964204
2026-10-01T01:18:06+00:00,area_trajectory,grain,,1790800800000.0,,3.2699000242464202
2026-10-01T01:18:06+00:00,area_trajectory,grain,,1790800920000.0,,3.2699000242464202
2026-10-01T01:18:06+00:00,area_trajectory,grain,,1790801040000.0,,3.2699000242464202
2026-10-01T01:18:06+00:00,area_trajectory,grain,,1790801160000.0,,3.2699000242464202
2026-10-01T01:18:06+00:00,area_trajectory,grain,,1790801280000.0,,3.2699000242464202
2026-10-01T01:18:06+00:00,area_trajectory,grain,,1790801400000.0,,3.2699000242464202
2026-10-01T01:18:06+00:00,area_trajectory,grain,,1790801520000.0,,3.2699000242464202
2026-10-01T01:18:06+00:00,area_trajectory,grain,,1790801640000.0,,3.3051672361604902
2026-10-01T01:18:06+00:00,area_trajectory,grain,,1790801760000.0,,3.2880281980745503
2026-10-01T01:18:06+00:00,area_trajectory,grain,,1790801880000.0,,3.2880281980745503
2026-10-01T01:18:06+00:00,area_trajectory,grain,,1790802000000.0,,3.2880281980745503
2026-10-01T01:18:06+00:00,area_trajectory,grain,,1790802120000.0,,3.24814672834799
2026-10-01T01:18:06+00:00,area_trajectory,grain,,1790802240000.0,,3.34274194319174
2026-10-01T01:18:06+00:00,area_trajectory,grain,,1790802360000.0,,3.34274194319174
2026-10-01T01:18:06+00:00,area_trajectory,grain,,1790802480000.0,,3.22935937483236
2026-10-01T01:18:06+00:00,area_trajectory,grain,,1790802600000.0,,3.22935937483236
2026-10-01T01:18:06+00:00,area_trajectory,grain,,1790802720000.0,,3.3410936277620498
2026-10-01T01:18:06+00:00,area_trajectory,grain,,1790802840000.0,,3.3410936277620498
2026-10-01T01:18:06+00:00,area_trajectory,grain,,1790802960000.0,,3.3410936277620498
2026-10-01T01:18:06+00:00,area_trajectory,grain,,1790803080000.0,,3.2659449461214205
2026-10-01T01:18:06+00:00,area_trajectory,grain,,1790803200000.0,,3.2837435301058
2026-10-01T01:18:06+00:00,area_trajectory,grain,,1790803320000.0,,3.2837435301058
2026-10-01T01:18:06+00:00,area_trajectory,grain,,1790803440000.0,,3.2837435301058
2026-10-01T01:18:06+00:00,area_trajectory,grain,,1790803560000.0,,3.3226362303011103
2026-10-01T01:18:06+00:00,area_trajectory,grain,,1790803680000.0,,3.26495617659017
2026-10-01T01:18:06+00:00,area_trajectory,grain,,1790803800000.0,,3.26495617659017
2026-10-01T01:18:06+00:00,area_trajectory,grain,,1790803920000.0,,3.26495617659017
2026-10-01T01:18:06+00:00,area_trajectory,grain,,1790804040000.0,,3.26495617659017
2026-10-01T01:18:06+00:00,area_trajectory,grain,,1790804160000.0,,3.2313369138948596
2026-10-01T01:18:06+00:00,area_trajectory,grain,,1790804280000.0,,3.2313369138948596
2026-10-01T01:18:06+00:00,area_trajectory,grain,,1790804400000.0,,3.2313369138948596
2026-10-01T01:18:06+00:00,area_trajectory,grain,,1790804520000.0,,3.2896761472933
2026-10-01T01:18:06+00:00,area_trajectory,grain,,1790804640000.0,,3.2507834470979904
2026-10-01T01:18:06+00:00,area_trajectory,grain,,1790804760000.0,,3.2507834470979904
2026-10-01T01:18:06+00:00,area_trajectory,grain,,1790804880000.0,,3.2507834470979904
2026-10-01T01:18:06+00:00,area_trajectory,grain,,1790805000000.0,,3.2880281980745503
2026-10-01T01:18:06+00:00,area_trajectory,grain,,1790805120000.0,,3.2115611570589198
2026-10-01T01:18:06+00:00,area_trajectory,grain,,1790805240000.0,,3.2115611570589198
2026-10-01T01:18:06+00:00,area_trajectory,grain,,1790805360000.0,,3.2115611570589198
2026-10-01T01:18:06+00:00,area_trajectory,grain,,1790805480000.0,,3.2484763181917398
2026-10-01T01:18:06+00:00,area_trajectory,grain,,1790805600000.0,,3.34208276350424
2026-10-01T01:18:06+00:00,area_trajectory,grain,,1790805720000.0,,3.34208276350424
2026-10-01T01:18:06+00:00,area_trajectory,grain,,1790805840000.0,,3.34208276350424
2026-10-01T01:18:06+00:00,area_trajectory,grain,,1790805960000.0,,3.26660412580892
2026-10-01T01:18:06+00:00,area_trajectory,grain,,1790806080000.0,,3.26660412580892
2026-10-01T01:18:06+00:00,area_trajectory,grain,,1790806200000.0,,3.26660412580892
2026-10-01T01:18:06+00:00,area_trajectory,grain,,1790806320000.0,,3.26660412580892
2026-10-01T01:18:06+00:00,area_trajectory,grain,,1790806440000.0,,3.28670983869955
2026-10-01T01:18:06+00:00,area_trajectory,grain,,1790806560000.0,,3.30549682600424
2026-10-01T01:18:06+00:00,area_trajectory,grain,,1790806680000.0,,3.30549682600424
2026-10-01T01:18:06+00:00,area_trajectory,grain,,1790806800000.0,,3.30549682600424
2026-10-01T01:18:06+00:00,area_trajectory,grain,,1790806920000.0,,3.2876986082307997
2026-10-01T01:18:06+00:00,area_trajectory,grain,,1790807040000.0,,3.30780432112142
2026-10-01T01:18:06+00:00,area_trajectory,grain,,1790807160000.0,,3.30780432112142
2026-10-01T01:18:06+00:00,area_trajectory,grain,,1790807280000.0,,3.30780432112142
2026-10-01T01:18:06+00:00,area_trajectory,grain,,1790807400000.0,,3.34438989241049
2026-10-01T01:18:06+00:00,area_trajectory,grain,,1790807520000.0,,3.2880281980745503
2026-10-01T01:18:06+00:00,area_trajectory,grain,,1790807640000.0,,3.2880281980745503
2026-10-01T01:18:06+00:00,area_trajectory,grain,,1790807760000.0,,3.2880281980745503
2026-10-01T01:18:06+00:00,area_trajectory,grain,,1790807880000.0,,3.30879309065267
2026-10-01T01:18:06+00:00,area_trajectory,grain,,1790808000000.0,,3.2708891599886103
2026-10-01T01:18:06+00:00,area_trajectory,grain,,1790808120000.0,,3.2708891599886103
2026-10-01T01:18:06+00:00,area_trajectory,grain,,1790808240000.0,,3.2708891599886103
2026-10-01T01:18:06+00:00,area_trajectory,grain,,1790808360000.0,,3.2916536863558004
2026-10-01T01:18:06+00:00,area_trajectory,grain,,1790808480000.0,,3.31110021955892
2026-10-01T01:18:06+00:00,area_trajectory,grain,,1790808600000.0,,3.31110021955892
2026-10-01T01:18:06+00:00,area_trajectory,grain,,1790808720000.0,,3.31110021955892
2026-10-01T01:18:06+00:00,area_trajectory,grain,,1790808840000.0,,3.2929720457308
2026-10-01T01:18:06+00:00,area_trajectory,grain,,1790808960000.0,,3.27682177717611
2026-10-01T01:18:06+00:00,area_trajectory,grain,,1790809080000.0,,3.27682177717611
2026-10-01T01:18:06+00:00,area_trajectory,grain,,1790809200000.0,,3.27682177717611
2026-10-01T01:18:06+00:00,area_trajectory,grain,,1790809320000.0,,3.35295922834799
2026-10-01T01:18:06+00:00,area_trajectory,grain,,1790809440000.0,,3.3341722410433
2026-10-01T01:18:06+00:00,area_trajectory,grain,,1790809560000.0,,3.3341722410433
2026-10-01T01:18:06+00:00,area_trajectory,grain,,1790809680000.0,,3.3341722410433
2026-10-01T01:18:06+00:00,area_trajectory,grain,,1790809800000.0,,3.3190107420198602
2026-10-01T01:18:06+00:00,area_trajectory,grain,,1790809920000.0,,3.28275476057455
2026-10-01T01:18:06+00:00,area_trajectory,grain,,1790810040000.0,,3.28275476057455
2026-10-01T01:18:06+00:00,area_trajectory,grain,,1790810160000.0,,3.28275476057455
2026-10-01T01:18:06+00:00,area_trajectory,grain,,1790810280000.0,,3.26462658674642
2026-10-01T01:18:06+00:00,area_trajectory,grain,,1790810400000.0,,3.2478171385042396
2026-10-01T01:18:06+00:00,area_trajectory,grain,,1790810520000.0,,3.2478171385042396
2026-10-01T01:18:06+00:00,area_trajectory,grain,,1790810640000.0,,3.2478171385042396
2026-10-01T01:18:06+00:00,area_trajectory,grain,,1790810760000.0,,3.26825207502767
2026-10-01T01:18:06+00:00,area_trajectory,grain,,1790810880000.0,,3.32560253889486
2026-10-01T01:18:06+00:00,area_trajectory,grain,,1790811000000.0,,3.32560253889486
2026-10-01T01:18:06+00:00,area_trajectory,grain,,1790811120000.0,,3.32560253889486
2026-10-01T01:18:06+00:00,area_trajectory,grain,,1790811240000.0,,3.27187792951986
2026-10-01T01:18:06+00:00,area_trajectory,grain,,1790811360000.0,,3.27187792951986
2026-10-01T01:18:06+00:00,area_trajectory,grain,,1790811480000.0,,3.27187792951986
2026-10-01T01:18:06+00:00,area_trajectory,grain,,1790811600000.0,,3.27187792951986
2026-10-01T01:18:06+00:00,area_trajectory,grain,,1790811720000.0,,3.27187792951986
2026-10-01T01:18:06+00:00,area_trajectory,grain,,1790811840000.0,,3.3348314207308003
2026-10-01T01:18:06+00:00,area_trajectory,grain,,1790811960000.0,,3.3348314207308003
2026-10-01T01:18:06+00:00,area_trajectory,grain,,1790812080000.0,,3.3348314207308003
2026-10-01T01:18:06+00:00,area_trajectory,grain,,1790812200000.0,,3.3348314207308003
2026-10-01T01:18:06+00:00,area_trajectory,grain,,1790812320000.0,,3.2817656248323597
2026-10-01T01:18:06+00:00,area_trajectory,grain,,1790812440000.0,,3.2817656248323597
2026-10-01T01:18:06+00:00,area_trajectory,grain,,1790812560000.0,,3.2817656248323597
2026-10-01T01:18:06+00:00,area_trajectory,grain,,1790812680000.0,,3.30318969709799
2026-10-01T01:18:06+00:00,area_trajectory,grain,,1790812800000.0,,3.32395458967611
2026-10-01T01:18:06+00:00,area_trajectory,grain,,1790812920000.0,,3.32395458967611
2026-10-01T01:18:06+00:00,area_trajectory,grain,,1790813040000.0,,3.32395458967611
2026-10-01T01:18:06+00:00,area_trajectory,grain,,1790813160000.0,,3.2695704344026697
2026-10-01T01:18:06+00:00,area_trajectory,grain,,1790813280000.0,,3.2695704344026697
2026-10-01T01:18:06+00:00,area_trajectory,grain,,1790813400000.0,,3.2695704344026697
2026-10-01T01:18:06+00:00,area_trajectory,grain,,1790813520000.0,,3.2695704344026697
2026-10-01T01:18:06+00:00,area_trajectory,grain,,1790813640000.0,,3.31175939924642
2026-10-01T01:18:06+00:00,area_trajectory,grain,,1790813760000.0,,3.31175939924642
2026-10-01T01:18:06+00:00,area_trajectory,grain,,1790813880000.0,,3.31175939924642
2026-10-01T01:18:06+00:00,area_trajectory,grain,,1790814000000.0,,3.31175939924642
2026-10-01T01:18:06+00:00,area_trajectory,grain,,1790814120000.0,,3.31175939924642
2026-10-01T01:18:06+00:00,area_trajectory,grain,,1790814240000.0,,3.31175939924642
2026-10-01T01:18:06+00:00,area_trajectory,grain,,1790814360000.0,,3.31175939924642
2026-10-01T01:18:06+00:00,area_trajectory,grain,,1790814480000.0,,3.31175939924642
2026-10-01T01:18:06+00:00,area_trajectory,grain,,1790814600000.0,,3.3022009275667403
2026-10-01T01:18:06+00:00,area_trajectory,grain,,1790814720000.0,,3.3022009275667403
2026-10-01T01:18:06+00:00,area_trajectory,grain,,1790814840000.0,,3.3022009275667403
2026-10-01T01:18:06+00:00,area_trajectory,grain,,1790814960000.0,,3.3022009275667403
2026-10-01T01:18:06+00:00,area_trajectory,grain,,1790815080000.0,,3.28670983869955
2026-10-01T01:18:06+00:00,area_trajectory,grain,,1790815200000.0,,3.3269208982698597
2026-10-01T01:18:06+00:00,area_trajectory,grain,,1790815320000.0,,3.3269208982698597
2026-10-01T01:18:06+00:00,area_trajectory,grain,,1790815440000.0,,3.3269208982698597
2026-10-01T01:18:06+00:00,area_trajectory,grain,,1790815560000.0,,3.3269208982698597
2026-10-01T01:18:06+00:00,area_trajectory,grain,,1790815680000.0,,3.3269208982698597
2026-10-01T01:18:06+00:00,area_trajectory,grain,,1790815800000.0,,3.3269208982698597
2026-10-01T01:18:06+00:00,area_trajectory,grain,,1790815920000.0,,3.3269208982698597
2026-10-01T01:18:06+00:00,area_trajectory,grain,,1790816040000.0,,3.31472570784017
2026-10-01T01:18:06+00:00,area_trajectory,grain,,1790816160000.0,,3.3552667234651703
2026-10-01T01:18:06+00:00,area_trajectory,grain,,1790816280000.0,,3.3552667234651703
2026-10-01T01:18:06+00:00,area_trajectory,grain,,1790816400000.0,,3.3552667234651703
2026-10-01T01:18:06+00:00,area_trajectory,grain,,1790816520000.0,,3.3552667234651703
2026-10-01T01:18:06+00:00,area_trajectory,grain,,1790816640000.0,,3.33977526838705
2026-10-01T01:18:06+00:00,area_trajectory,grain,,1790816760000.0,,3.33977526838705
2026-10-01T01:18:06+00:00,area_trajectory,grain,,1790816880000.0,,3.33977526838705
2026-10-01T01:18:06+00:00,area_trajectory,grain,,1790817000000.0,,3.36251770002767
2026-10-01T01:18:06+00:00,area_trajectory,grain,,1790817120000.0,,3.30714514143392
2026-10-01T01:18:06+00:00,area_trajectory,grain,,1790817240000.0,,3.30714514143392
2026-10-01T01:18:06+00:00,area_trajectory,grain,,1790817360000.0,,3.30714514143392
2026-10-01T01:18:06+00:00,area_trajectory,grain,,1790817480000.0,,3.3279096678011104
2026-10-01T01:18:06+00:00,area_trajectory,grain,,1790817600000.0,,3.2916536863558004
2026-10-01T01:18:06+00:00,area_trajectory,grain,,1790817720000.0,,3.2916536863558004
2026-10-01T01:18:06+00:00,area_trajectory,grain,,1790817840000.0,,3.2916536863558004
2026-10-01T01:18:06+00:00,area_trajectory,grain,,1790817960000.0,,3.27517382795736
2026-10-01T01:18:06+00:00,area_trajectory,grain,,1790818080000.0,,3.35427795393392
2026-10-01T01:18:06+00:00,area_trajectory,grain,,1790818200000.0,,3.35427795393392
2026-10-01T01:18:06+00:00,area_trajectory,grain,,1790818320000.0,,3.35427795393392
2026-10-01T01:18:06+00:00,area_trajectory,grain,,1790818440000.0,,3.28077685530111
2026-10-01T01:18:06+00:00,area_trajectory,grain,,1790818560000.0,,3.3206586912386102
2026-10-01T01:18:06+00:00,area_trajectory,grain,,1790818680000.0,,3.3206586912386102
2026-10-01T01:18:06+00:00,area_trajectory,grain,,1790818800000.0,,3.3206586912386102
2026-10-01T01:18:06+00:00,area_trajectory,grain,,1790818920000.0,,3.28473229963705
2026-10-01T01:18:06+00:00,area_trajectory,grain,,1790819040000.0,,3.26726330549642
2026-10-01T01:18:06+00:00,area_trajectory,grain,,1790819160000.0,,3.26726330549642
2026-10-01T01:18:06+00:00,area_trajectory,grain,,1790819280000.0,,3.26726330549642
2026-10-01T01:18:06+00:00,area_trajectory,grain,,1790819400000.0,,3.3272504881136102
2026-10-01T01:18:06+00:00,area_trajectory,grain,,1790819520000.0,,3.34768579084799
2026-10-01T01:18:06+00:00,area_trajectory,grain,,1790819640000.0,,3.34768579084799
2026-10-01T01:18:06+00:00,area_trajectory,grain,,1790819760000.0,,3.34768579084799
2026-10-01T01:18:06+00:00,area_trajectory,grain,,1790819880000.0,,3.31241857893392
2026-10-01T01:18:06+00:00,area_trajectory,grain,,1790820000000.0,,3.3526296385042405
2026-10-01T01:18:06+00:00,area_trajectory,grain,,1790820120000.0,,3.3526296385042405
2026-10-01T01:18:06+00:00,area_trajectory,grain,,1790820240000.0,,3.3368089597933
2026-10-01T01:18:06+00:00,area_trajectory,grain,,1790820360000.0,,3.3368089597933
2026-10-01T01:18:06+00:00,area_trajectory,grain,,1790820480000.0,,3.3559259031526705
2026-10-01T01:18:06+00:00,area_trajectory,grain,,1790820600000.0,,3.3559259031526705
2026-10-01T01:18:06+00:00,area_trajectory,milford_haven,,1790744400000.0,,5.139317035675051
2026-10-01T01:18:06+00:00,area_trajectory,milford_haven,,1790744520000.0,,5.139317035675051
2026-10-01T01:18:06+00:00,area_trajectory,milford_haven,,1790744640000.0,,5.16861486434936
2026-10-01T01:18:06+00:00,area_trajectory,milford_haven,,1790744760000.0,,5.16861486434936
2026-10-01T01:18:06+00:00,area_trajectory,milford_haven,,1790744880000.0,,5.15396595001221
2026-10-01T01:18:06+00:00,area_trajectory,milford_haven,,1790745000000.0,,5.15396595001221
2026-10-01T01:18:06+00:00,area_trajectory,milford_haven,,1790745120000.0,,5.0709557533264205
2026-10-01T01:18:06+00:00,area_trajectory,milford_haven,,1790745240000.0,,5.0709557533264205
2026-10-01T01:18:06+00:00,area_trajectory,milford_haven,,1790745360000.0,,5.0709557533264205
2026-10-01T01:18:06+00:00,area_trajectory,milford_haven,,1790745480000.0,,5.0709557533264205
2026-10-01T01:18:06+00:00,area_trajectory,milford_haven,,1790745600000.0,,5.0709557533264205
2026-10-01T01:18:06+00:00,area_trajectory,milford_haven,,1790745720000.0,,5.0709557533264205
2026-10-01T01:18:06+00:00,area_trajectory,milford_haven,,1790745840000.0,,5.0709557533264205
2026-10-01T01:18:06+00:00,area_trajectory,milford_haven,,1790745960000.0,,5.07583856582642
2026-10-01T01:18:06+00:00,area_trajectory,milford_haven,,1790746080000.0,,5.07583856582642
2026-10-01T01:18:06+00:00,area_trajectory,milford_haven,,1790746200000.0,,5.07583856582642
2026-10-01T01:18:06+00:00,area_trajectory,milford_haven,,1790746320000.0,,5.0416579246521
2026-10-01T01:18:06+00:00,area_trajectory,milford_haven,,1790746440000.0,,5.0416579246521
2026-10-01T01:18:06+00:00,area_trajectory,milford_haven,,1790746560000.0,,5.0416579246521
2026-10-01T01:18:06+00:00,area_trajectory,milford_haven,,1790746680000.0,,5.0416579246521
2026-10-01T01:18:06+00:00,area_trajectory,milford_haven,,1790746800000.0,,5.0416579246521
2026-10-01T01:18:06+00:00,area_trajectory,milford_haven,,1790746920000.0,,5.0416579246521
2026-10-01T01:18:06+00:00,area_trajectory,milford_haven,,1790747040000.0,,5.0416579246521
2026-10-01T01:18:06+00:00,area_trajectory,milford_haven,,1790747160000.0,,5.0416579246521
2026-10-01T01:18:06+00:00,area_trajectory,milford_haven,,1790747280000.0,,5.0416579246521
2026-10-01T01:18:06+00:00,area_trajectory,milford_haven,,1790747400000.0,,5.0416579246521
2026-10-01T01:18:06+00:00,area_trajectory,milford_haven,,1790747520000.0,,5.0416579246521
2026-10-01T01:18:06+00:00,area_trajectory,milford_haven,,1790747640000.0,,5.0416579246521
2026-10-01T01:18:06+00:00,area_trajectory,milford_haven,,1790747760000.0,,5.0416579246521
2026-10-01T01:18:06+00:00,area_trajectory,milford_haven,,1790747880000.0,,5.0416579246521
2026-10-01T01:18:06+00:00,area_trajectory,milford_haven,,1790748000000.0,,5.0416579246521
2026-10-01T01:18:06+00:00,area_trajectory,milford_haven,,1790748120000.0,,5.0416579246521
2026-10-01T01:18:06+00:00,area_trajectory,milford_haven,,1790748240000.0,,5.03921604156494
2026-10-01T01:18:06+00:00,area_trajectory,milford_haven,,1790748360000.0,,5.03921604156494
2026-10-01T01:18:06+00:00,area_trajectory,milford_haven,,1790748480000.0,,5.03921604156494
2026-10-01T01:18:06+00:00,area_trajectory,milford_haven,,1790748600000.0,,5.03921604156494
2026-10-01T01:18:06+00:00,area_trajectory,milford_haven,,1790748720000.0,,5.03921604156494
2026-10-01T01:18:06+00:00,area_trajectory,milford_haven,,1790748840000.0,,5.03921604156494
2026-10-01T01:18:06+00:00,area_trajectory,milford_haven,,1790748960000.0,,5.03921604156494
2026-10-01T01:18:06+00:00,area_trajectory,milford_haven,,1790749080000.0,,5.03921604156494
2026-10-01T01:18:06+00:00,area_trajectory,milford_haven,,1790749200000.0,,5.03921604156494
2026-10-01T01:18:06+00:00,area_trajectory,milford_haven,,1790749320000.0,,5.03921604156494
2026-10-01T01:18:06+00:00,area_trajectory,milford_haven,,1790749440000.0,,5.03921604156494
2026-10-01T01:18:06+00:00,area_trajectory,milford_haven,,1790749560000.0,,5.03921604156494
2026-10-01T01:18:06+00:00,area_trajectory,milford_haven,,1790749680000.0,,5.07827997207642
2026-10-01T01:18:06+00:00,area_trajectory,milford_haven,,1790749800000.0,,5.07827997207642
2026-10-01T01:18:06+00:00,area_trajectory,milford_haven,,1790749920000.0,,5.07827997207642
2026-10-01T01:18:06+00:00,area_trajectory,milford_haven,,1790750040000.0,,5.0636310577392605
2026-10-01T01:18:06+00:00,area_trajectory,milford_haven,,1790750160000.0,,5.0636310577392605
2026-10-01T01:18:06+00:00,area_trajectory,milford_haven,,1790750280000.0,,5.0636310577392605
2026-10-01T01:18:06+00:00,area_trajectory,milford_haven,,1790750400000.0,,5.0636310577392605
2026-10-01T01:18:06+00:00,area_trajectory,milford_haven,,1790750520000.0,,5.0636310577392605
2026-10-01T01:18:06+00:00,area_trajectory,milford_haven,,1790750640000.0,,5.0636310577392605
2026-10-01T01:18:06+00:00,area_trajectory,milford_haven,,1790750760000.0,,5.0636310577392605
2026-10-01T01:18:06+00:00,area_trajectory,milford_haven,,1790750880000.0,,5.0440993309021
2026-10-01T01:18:06+00:00,area_trajectory,milford_haven,,1790751000000.0,,5.0440993309021
2026-10-01T01:18:06+00:00,area_trajectory,milford_haven,,1790751120000.0,,5.0440993309021
2026-10-01T01:18:06+00:00,area_trajectory,milford_haven,,1790751240000.0,,5.0440993309021
2026-10-01T01:18:06+00:00,area_trajectory,milford_haven,,1790751360000.0,,5.0440993309021
2026-10-01T01:18:06+00:00,area_trajectory,milford_haven,,1790751480000.0,,5.0440993309021
2026-10-01T01:18:06+00:00,area_trajectory,milford_haven,,1790751600000.0,,5.0440993309021
2026-10-01T01:18:06+00:00,area_trajectory,milford_haven,,1790751720000.0,,5.0538649559021005
2026-10-01T01:18:06+00:00,area_trajectory,milford_haven,,1790751840000.0,,5.0538649559021005
2026-10-01T01:18:06+00:00,area_trajectory,milford_haven,,1790751960000.0,,5.0538649559021005
2026-10-01T01:18:06+00:00,area_trajectory,milford_haven,,1790752080000.0,,5.0538649559021005
2026-10-01T01:18:06+00:00,area_trajectory,milford_haven,,1790752200000.0,,5.0538649559021005
2026-10-01T01:18:06+00:00,area_trajectory,milford_haven,,1790752320000.0,,5.0538649559021005
2026-10-01T01:18:06+00:00,area_trajectory,milford_haven,,1790752440000.0,,5.0538649559021005
2026-10-01T01:18:06+00:00,area_trajectory,milford_haven,,1790752560000.0,,5.0538649559021005
2026-10-01T01:18:06+00:00,area_trajectory,milford_haven,,1790752680000.0,,5.0440993309021
2026-10-01T01:18:06+00:00,area_trajectory,milford_haven,,1790752800000.0,,5.03433322906494
2026-10-01T01:18:06+00:00,area_trajectory,milford_haven,,1790752920000.0,,5.03433322906494
2026-10-01T01:18:06+00:00,area_trajectory,milford_haven,,1790753040000.0,,5.0489821434021
2026-10-01T01:18:06+00:00,area_trajectory,milford_haven,,1790753160000.0,,5.0489821434021
2026-10-01T01:18:06+00:00,area_trajectory,milford_haven,,1790753280000.0,,5.0489821434021
2026-10-01T01:18:06+00:00,area_trajectory,milford_haven,,1790753400000.0,,5.03921604156494
2026-10-01T01:18:06+00:00,area_trajectory,milford_haven,,1790753520000.0,,5.03921604156494
2026-10-01T01:18:06+00:00,area_trajectory,milford_haven,,1790753640000.0,,5.03921604156494
2026-10-01T01:18:06+00:00,area_trajectory,milford_haven,,1790753760000.0,,5.03921604156494
2026-10-01T01:18:06+00:00,area_trajectory,milford_haven,,1790753880000.0,,5.0489821434021
2026-10-01T01:18:06+00:00,area_trajectory,milford_haven,,1790754000000.0,,5.0489821434021
2026-10-01T01:18:06+00:00,area_trajectory,milford_haven,,1790754120000.0,,5.00991868972778
2026-10-01T01:18:06+00:00,area_trajectory,milford_haven,,1790754240000.0,,5.00991868972778
2026-10-01T01:18:06+00:00,area_trajectory,milford_haven,,1790754360000.0,,5.0416579246521
2026-10-01T01:18:06+00:00,area_trajectory,milford_haven,,1790754480000.0,,5.0416579246521
2026-10-01T01:18:06+00:00,area_trajectory,milford_haven,,1790754600000.0,,5.0416579246521
2026-10-01T01:18:06+00:00,area_trajectory,milford_haven,,1790754720000.0,,5.0416579246521
2026-10-01T01:18:06+00:00,area_trajectory,milford_haven,,1790754840000.0,,5.0416579246521
2026-10-01T01:18:06+00:00,area_trajectory,milford_haven,,1790754960000.0,,5.10269498825073
2026-10-01T01:18:06+00:00,area_trajectory,milford_haven,,1790755080000.0,,5.10269498825073
2026-10-01T01:18:06+00:00,area_trajectory,milford_haven,,1790755200000.0,,5.10269498825073
2026-10-01T01:18:06+00:00,area_trajectory,milford_haven,,1790755320000.0,,5.10269498825073
2026-10-01T01:18:06+00:00,area_trajectory,milford_haven,,1790755440000.0,,5.0563068389892605
2026-10-01T01:18:06+00:00,area_trajectory,milford_haven,,1790755560000.0,,5.0563068389892605
2026-10-01T01:18:06+00:00,area_trajectory,milford_haven,,1790755680000.0,,5.09292888641357
2026-10-01T01:18:06+00:00,area_trajectory,milford_haven,,1790755800000.0,,5.09292888641357
2026-10-01T01:18:06+00:00,area_trajectory,milford_haven,,1790755920000.0,,5.09292888641357
2026-10-01T01:18:06+00:00,area_trajectory,milford_haven,,1790756040000.0,,5.09292888641357
2026-10-01T01:18:06+00:00,area_trajectory,milford_haven,,1790756160000.0,,5.09292888641357
2026-10-01T01:18:06+00:00,area_trajectory,milford_haven,,1790756280000.0,,5.09292888641357
2026-10-01T01:18:06+00:00,area_trajectory,milford_haven,,1790756400000.0,,5.09292888641357
2026-10-01T01:18:06+00:00,area_trajectory,milford_haven,,1790756520000.0,,5.09292888641357
2026-10-01T01:18:06+00:00,area_trajectory,milford_haven,,1790756640000.0,,5.09292888641357
2026-10-01T01:18:06+00:00,area_trajectory,milford_haven,,1790756760000.0,,5.09292888641357
2026-10-01T01:18:06+00:00,area_trajectory,milford_haven,,1790756880000.0,,5.09292888641357
2026-10-01T01:18:06+00:00,area_trajectory,milford_haven,,1790757000000.0,,5.09292888641357
2026-10-01T01:18:06+00:00,area_trajectory,milford_haven,,1790757120000.0,,5.09292888641357
2026-10-01T01:18:06+00:00,area_trajectory,milford_haven,,1790757240000.0,,5.09292888641357
2026-10-01T01:18:06+00:00,area_trajectory,milford_haven,,1790757360000.0,,5.09292888641357
2026-10-01T01:18:06+00:00,area_trajectory,milford_haven,,1790757480000.0,,5.09292888641357
2026-10-01T01:18:06+00:00,area_trajectory,milford_haven,,1790757600000.0,,5.09292888641357
2026-10-01T01:18:06+00:00,area_trajectory,milford_haven,,1790757720000.0,,5.0440993309021
2026-10-01T01:18:06+00:00,area_trajectory,milford_haven,,1790757840000.0,,5.0440993309021
2026-10-01T01:18:06+00:00,area_trajectory,milford_haven,,1790757960000.0,,5.0440993309021
2026-10-01T01:18:06+00:00,area_trajectory,milford_haven,,1790758080000.0,,5.0440993309021
2026-10-01T01:18:06+00:00,area_trajectory,milford_haven,,1790758200000.0,,5.0440993309021
2026-10-01T01:18:06+00:00,area_trajectory,milford_haven,,1790758320000.0,,5.0440993309021
2026-10-01T01:18:06+00:00,area_trajectory,milford_haven,,1790758440000.0,,5.0440993309021
2026-10-01T01:18:06+00:00,area_trajectory,milford_haven,,1790758560000.0,,5.0440993309021
2026-10-01T01:18:06+00:00,area_trajectory,milford_haven,,1790758680000.0,,5.0440993309021
2026-10-01T01:18:06+00:00,area_trajectory,milford_haven,,1790758800000.0,,5.0440993309021
2026-10-01T01:18:06+00:00,area_trajectory,milford_haven,,1790758920000.0,,5.0440993309021
2026-10-01T01:18:06+00:00,area_trajectory,milford_haven,,1790759040000.0,,5.00503540039062
2026-10-01T01:18:06+00:00,area_trajectory,milford_haven,,1790759160000.0,,5.00503540039062
2026-10-01T01:18:06+00:00,area_trajectory,milford_haven,,1790759280000.0,,5.00503540039062
2026-10-01T01:18:06+00:00,area_trajectory,milford_haven,,1790759400000.0,,5.00503540039062
2026-10-01T01:18:06+00:00,area_trajectory,milford_haven,,1790759520000.0,,5.00503540039062
2026-10-01T01:18:06+00:00,area_trajectory,milford_haven,,1790759640000.0,,5.00503540039062
2026-10-01T01:18:06+00:00,area_trajectory,milford_haven,,1790759760000.0,,5.10025310516357
2026-10-01T01:18:06+00:00,area_trajectory,milford_haven,,1790759880000.0,,5.10025310516357
2026-10-01T01:18:06+00:00,area_trajectory,milford_haven,,1790760000000.0,,5.10025310516357
2026-10-01T01:18:06+00:00,area_trajectory,milford_haven,,1790760120000.0,,5.10025310516357
2026-10-01T01:18:06+00:00,area_trajectory,milford_haven,,1790760240000.0,,5.08316278457642
2026-10-01T01:18:06+00:00,area_trajectory,milford_haven,,1790760360000.0,,5.08316278457642
2026-10-01T01:18:06+00:00,area_trajectory,milford_haven,,1790760480000.0,,5.07583856582642
2026-10-01T01:18:06+00:00,area_trajectory,milford_haven,,1790760600000.0,,5.07583856582642
2026-10-01T01:18:06+00:00,area_trajectory,milford_haven,,1790760720000.0,,5.07583856582642
2026-10-01T01:18:06+00:00,area_trajectory,milford_haven,,1790760840000.0,,5.07583856582642
2026-10-01T01:18:06+00:00,area_trajectory,milford_haven,,1790760960000.0,,5.0587482452392605
2026-10-01T01:18:06+00:00,area_trajectory,milford_haven,,1790761080000.0,,5.0587482452392605
2026-10-01T01:18:06+00:00,area_trajectory,milford_haven,,1790761200000.0,,5.0587482452392605
2026-10-01T01:18:06+00:00,area_trajectory,milford_haven,,1790761320000.0,,5.0587482452392605
2026-10-01T01:18:06+00:00,area_trajectory,milford_haven,,1790761440000.0,,5.03921604156494
2026-10-01T01:18:06+00:00,area_trajectory,milford_haven,,1790761560000.0,,5.03921604156494
2026-10-01T01:18:06+00:00,area_trajectory,milford_haven,,1790761680000.0,,5.03921604156494
2026-10-01T01:18:06+00:00,area_trajectory,milford_haven,,1790761800000.0,,5.03921604156494
2026-10-01T01:18:06+00:00,area_trajectory,milford_haven,,1790761920000.0,,5.03921604156494
2026-10-01T01:18:06+00:00,area_trajectory,milford_haven,,1790762040000.0,,5.03921604156494
2026-10-01T01:18:06+00:00,area_trajectory,milford_haven,,1790762160000.0,,5.03921604156494
2026-10-01T01:18:06+00:00,area_trajectory,milford_haven,,1790762280000.0,,5.03921604156494
2026-10-01T01:18:06+00:00,area_trajectory,milford_haven,,1790762400000.0,,5.03921604156494
2026-10-01T01:18:06+00:00,area_trajectory,milford_haven,,1790762520000.0,,5.03677463531494
2026-10-01T01:18:06+00:00,area_trajectory,milford_haven,,1790762640000.0,,5.03677463531494
2026-10-01T01:18:06+00:00,area_trajectory,milford_haven,,1790762760000.0,,5.03677463531494
2026-10-01T01:18:06+00:00,area_trajectory,milford_haven,,1790762880000.0,,5.03677463531494
2026-10-01T01:18:06+00:00,area_trajectory,milford_haven,,1790763000000.0,,5.03677463531494
2026-10-01T01:18:06+00:00,area_trajectory,milford_haven,,1790763120000.0,,5.03677463531494
2026-10-01T01:18:06+00:00,area_trajectory,milford_haven,,1790763240000.0,,5.03677463531494
2026-10-01T01:18:06+00:00,area_trajectory,milford_haven,,1790763360000.0,,5.03677463531494
2026-10-01T01:18:06+00:00,area_trajectory,milford_haven,,1790763480000.0,,5.03677463531494
2026-10-01T01:18:06+00:00,area_trajectory,milford_haven,,1790763600000.0,,5.03677463531494
2026-10-01T01:18:06+00:00,area_trajectory,milford_haven,,1790763720000.0,,5.03677463531494
2026-10-01T01:18:06+00:00,area_trajectory,milford_haven,,1790763840000.0,,5.03677463531494
2026-10-01T01:18:06+00:00,area_trajectory,milford_haven,,1790763960000.0,,5.03677463531494
2026-10-01T01:18:06+00:00,area_trajectory,milford_haven,,1790764080000.0,,5.03677463531494
2026-10-01T01:18:06+00:00,area_trajectory,milford_haven,,1790764200000.0,,5.03677463531494
2026-10-01T01:18:06+00:00,area_trajectory,milford_haven,,1790764320000.0,,5.03677463531494
2026-10-01T01:18:06+00:00,area_trajectory,milford_haven,,1790764440000.0,,5.03677463531494
2026-10-01T01:18:06+00:00,area_trajectory,milford_haven,,1790764560000.0,,5.03677463531494
2026-10-01T01:18:06+00:00,area_trajectory,milford_haven,,1790764680000.0,,5.03677463531494
2026-10-01T01:18:06+00:00,area_trajectory,milford_haven,,1790764800000.0,,5.03677463531494
2026-10-01T01:18:06+00:00,area_trajectory,milford_haven,,1790764920000.0,,5.03677463531494
2026-10-01T01:18:06+00:00,area_trajectory,milford_haven,,1790765040000.0,,5.03677463531494
2026-10-01T01:18:06+00:00,area_trajectory,milford_haven,,1790765160000.0,,5.03677463531494
2026-10-01T01:18:06+00:00,area_trajectory,milford_haven,,1790765280000.0,,5.03677463531494
2026-10-01T01:18:06+00:00,area_trajectory,milford_haven,,1790765400000.0,,5.03677463531494
2026-10-01T01:18:06+00:00,area_trajectory,milford_haven,,1790765520000.0,,5.03677463531494
2026-10-01T01:18:06+00:00,area_trajectory,milford_haven,,1790765640000.0,,5.03677463531494
2026-10-01T01:18:06+00:00,area_trajectory,milford_haven,,1790765760000.0,,5.03677463531494
2026-10-01T01:18:06+00:00,area_trajectory,milford_haven,,1790765880000.0,,5.03677463531494
2026-10-01T01:18:06+00:00,area_trajectory,milford_haven,,1790766000000.0,,5.03677463531494
2026-10-01T01:18:06+00:00,area_trajectory,milford_haven,,1790766120000.0,,5.03677463531494
2026-10-01T01:18:06+00:00,area_trajectory,milford_haven,,1790766240000.0,,5.0440993309021
2026-10-01T01:18:06+00:00,area_trajectory,milford_haven,,1790766360000.0,,5.0440993309021
2026-10-01T01:18:06+00:00,area_trajectory,milford_haven,,1790766480000.0,,5.0440993309021
2026-10-01T01:18:06+00:00,area_trajectory,milford_haven,,1790766600000.0,,5.0440993309021
2026-10-01T01:18:06+00:00,area_trajectory,milford_haven,,1790766720000.0,,5.0440993309021
2026-10-01T01:18:06+00:00,area_trajectory,milford_haven,,1790766840000.0,,5.0440993309021
2026-10-01T01:18:06+00:00,area_trajectory,milford_haven,,1790766960000.0,,5.0440993309021
2026-10-01T01:18:06+00:00,area_trajectory,milford_haven,,1790767080000.0,,5.0440993309021
2026-10-01T01:18:06+00:00,area_trajectory,milford_haven,,1790767200000.0,,5.0440993309021
2026-10-01T01:18:06+00:00,area_trajectory,milford_haven,,1790767320000.0,,5.0440993309021
2026-10-01T01:18:06+00:00,area_trajectory,milford_haven,,1790767440000.0,,5.0440993309021
2026-10-01T01:18:06+00:00,area_trajectory,milford_haven,,1790767560000.0,,5.0440993309021
2026-10-01T01:18:06+00:00,area_trajectory,milford_haven,,1790767680000.0,,5.0440993309021
2026-10-01T01:18:06+00:00,area_trajectory,milford_haven,,1790767800000.0,,5.0440993309021
2026-10-01T01:18:06+00:00,area_trajectory,milford_haven,,1790767920000.0,,5.0440993309021
2026-10-01T01:18:06+00:00,area_trajectory,milford_haven,,1790768040000.0,,5.0440993309021
2026-10-01T01:18:06+00:00,area_trajectory,milford_haven,,1790768160000.0,,5.0440993309021
2026-10-01T01:18:06+00:00,area_trajectory,milford_haven,,1790768280000.0,,5.0440993309021
2026-10-01T01:18:06+00:00,area_trajectory,milford_haven,,1790768400000.0,,5.0440993309021
2026-10-01T01:18:06+00:00,area_trajectory,milford_haven,,1790768520000.0,,5.0440993309021
2026-10-01T01:18:06+00:00,area_trajectory,milford_haven,,1790768640000.0,,5.0440993309021
2026-10-01T01:18:06+00:00,area_trajectory,milford_haven,,1790768760000.0,,5.0440993309021
2026-10-01T01:18:06+00:00,area_trajectory,milford_haven,,1790768880000.0,,5.0440993309021
2026-10-01T01:18:06+00:00,area_trajectory,milford_haven,,1790769000000.0,,5.0440993309021
2026-10-01T01:18:06+00:00,area_trajectory,milford_haven,,1790769120000.0,,5.0440993309021
2026-10-01T01:18:06+00:00,area_trajectory,milford_haven,,1790769240000.0,,5.0440993309021
2026-10-01T01:18:06+00:00,area_trajectory,milford_haven,,1790769360000.0,,5.03921604156494
2026-10-01T01:18:06+00:00,area_trajectory,milford_haven,,1790769480000.0,,5.03921604156494
2026-10-01T01:18:06+00:00,area_trajectory,milford_haven,,1790769600000.0,,5.03921604156494
2026-10-01T01:18:06+00:00,area_trajectory,milford_haven,,1790769720000.0,,5.03921604156494
2026-10-01T01:18:06+00:00,area_trajectory,milford_haven,,1790769840000.0,,5.03921604156494
2026-10-01T01:18:06+00:00,area_trajectory,milford_haven,,1790769960000.0,,5.03921604156494
2026-10-01T01:18:06+00:00,area_trajectory,milford_haven,,1790770080000.0,,5.03921604156494
2026-10-01T01:18:06+00:00,area_trajectory,milford_haven,,1790770200000.0,,5.03921604156494
2026-10-01T01:18:06+00:00,area_trajectory,milford_haven,,1790770320000.0,,5.03921604156494
2026-10-01T01:18:06+00:00,area_trajectory,milford_haven,,1790770440000.0,,5.00991868972778
2026-10-01T01:18:06+00:00,area_trajectory,milford_haven,,1790770560000.0,,5.00991868972778
2026-10-01T01:18:06+00:00,area_trajectory,milford_haven,,1790770680000.0,,5.00991868972778
2026-10-01T01:18:06+00:00,area_trajectory,milford_haven,,1790770800000.0,,5.00991868972778
2026-10-01T01:18:06+00:00,area_trajectory,milford_haven,,1790770920000.0,,5.00991868972778
2026-10-01T01:18:06+00:00,area_trajectory,milford_haven,,1790771040000.0,,5.00991868972778
2026-10-01T01:18:06+00:00,area_trajectory,milford_haven,,1790771160000.0,,5.00991868972778
2026-10-01T01:18:06+00:00,area_trajectory,milford_haven,,1790771280000.0,,5.00991868972778
2026-10-01T01:18:06+00:00,area_trajectory,milford_haven,,1790771400000.0,,5.00991868972778
2026-10-01T01:18:06+00:00,area_trajectory,milford_haven,,1790771520000.0,,5.00991868972778
2026-10-01T01:18:06+00:00,area_trajectory,milford_haven,,1790771640000.0,,5.00991868972778
2026-10-01T01:18:06+00:00,area_trajectory,milford_haven,,1790771760000.0,,5.00991868972778
2026-10-01T01:18:06+00:00,area_trajectory,milford_haven,,1790771880000.0,,5.00991868972778
2026-10-01T01:18:06+00:00,area_trajectory,milford_haven,,1790772000000.0,,5.00991868972778
2026-10-01T01:18:06+00:00,area_trajectory,milford_haven,,1790772120000.0,,5.00991868972778
2026-10-01T01:18:06+00:00,area_trajectory,milford_haven,,1790772240000.0,,5.00991868972778
2026-10-01T01:18:06+00:00,area_trajectory,milford_haven,,1790772360000.0,,5.00991868972778
2026-10-01T01:18:06+00:00,area_trajectory,milford_haven,,1790772480000.0,,5.00991868972778
2026-10-01T01:18:06+00:00,area_trajectory,milford_haven,,1790772600000.0,,5.00991868972778
2026-10-01T01:18:06+00:00,area_trajectory,milford_haven,,1790772720000.0,,4.99526977539062
2026-10-01T01:18:06+00:00,area_trajectory,milford_haven,,1790772840000.0,,4.99526977539062
2026-10-01T01:18:06+00:00,area_trajectory,milford_haven,,1790772960000.0,,4.99526977539062
2026-10-01T01:18:06+00:00,area_trajectory,milford_haven,,1790773080000.0,,5.00015258789062
2026-10-01T01:18:06+00:00,area_trajectory,milford_haven,,1790773200000.0,,5.00015258789062
2026-10-01T01:18:06+00:00,area_trajectory,milford_haven,,1790773320000.0,,5.0270090103149405
2026-10-01T01:18:06+00:00,area_trajectory,milford_haven,,1790773440000.0,,5.0270090103149405
2026-10-01T01:18:06+00:00,area_trajectory,milford_haven,,1790773560000.0,,5.0270090103149405
2026-10-01T01:18:06+00:00,area_trajectory,milford_haven,,1790773680000.0,,5.0270090103149405
2026-10-01T01:18:06+00:00,area_trajectory,milford_haven,,1790773800000.0,,5.0270090103149405
2026-10-01T01:18:06+00:00,area_trajectory,milford_haven,,1790773920000.0,,5.03189182281494
2026-10-01T01:18:06+00:00,area_trajectory,milford_haven,,1790774040000.0,,5.03189182281494
2026-10-01T01:18:06+00:00,area_trajectory,milford_haven,,1790774160000.0,,5.03189182281494
2026-10-01T01:18:06+00:00,area_trajectory,milford_haven,,1790774280000.0,,5.03189182281494
2026-10-01T01:18:06+00:00,area_trajectory,milford_haven,,1790774400000.0,,5.03189182281494
2026-10-01T01:18:06+00:00,area_trajectory,milford_haven,,1790774520000.0,,5.03189182281494
2026-10-01T01:18:06+00:00,area_trajectory,milford_haven,,1790774640000.0,,5.03189182281494
2026-10-01T01:18:06+00:00,area_trajectory,milford_haven,,1790774760000.0,,5.03189182281494
2026-10-01T01:18:06+00:00,area_trajectory,milford_haven,,1790774880000.0,,5.03189182281494
2026-10-01T01:18:06+00:00,area_trajectory,milford_haven,,1790775000000.0,,5.03189182281494
2026-10-01T01:18:06+00:00,area_trajectory,milford_haven,,1790775120000.0,,5.03189182281494
2026-10-01T01:18:06+00:00,area_trajectory,milford_haven,,1790775240000.0,,5.03189182281494
2026-10-01T01:18:06+00:00,area_trajectory,milford_haven,,1790775360000.0,,5.03189182281494
2026-10-01T01:18:06+00:00,area_trajectory,milford_haven,,1790775480000.0,,5.03189182281494
2026-10-01T01:18:06+00:00,area_trajectory,milford_haven,,1790775600000.0,,5.03189182281494
2026-10-01T01:18:06+00:00,area_trajectory,milford_haven,,1790775720000.0,,5.03189182281494
2026-10-01T01:18:06+00:00,area_trajectory,milford_haven,,1790775840000.0,,5.03189182281494
2026-10-01T01:18:06+00:00,area_trajectory,milford_haven,,1790775960000.0,,5.01236009597778
2026-10-01T01:18:06+00:00,area_trajectory,milford_haven,,1790776080000.0,,5.01236009597778
2026-10-01T01:18:06+00:00,area_trajectory,milford_haven,,1790776200000.0,,5.01236009597778
2026-10-01T01:18:06+00:00,area_trajectory,milford_haven,,1790776320000.0,,5.01236009597778
2026-10-01T01:18:06+00:00,area_trajectory,milford_haven,,1790776440000.0,,5.00259399414062
2026-10-01T01:18:06+00:00,area_trajectory,milford_haven,,1790776560000.0,,5.00259399414062
2026-10-01T01:18:06+00:00,area_trajectory,milford_haven,,1790776680000.0,,5.00259399414062
2026-10-01T01:18:06+00:00,area_trajectory,milford_haven,,1790776800000.0,,5.00259399414062
2026-10-01T01:18:06+00:00,area_trajectory,milford_haven,,1790776920000.0,,5.00747680664062
2026-10-01T01:18:06+00:00,area_trajectory,milford_haven,,1790777040000.0,,5.00747680664062
2026-10-01T01:18:06+00:00,area_trajectory,milford_haven,,1790777160000.0,,5.00747680664062
2026-10-01T01:18:06+00:00,area_trajectory,milford_haven,,1790777280000.0,,5.00747680664062
2026-10-01T01:18:06+00:00,area_trajectory,milford_haven,,1790777400000.0,,5.00747680664062
2026-10-01T01:18:06+00:00,area_trajectory,milford_haven,,1790777520000.0,,5.00747680664062
2026-10-01T01:18:06+00:00,area_trajectory,milford_haven,,1790777640000.0,,5.00747680664062
2026-10-01T01:18:06+00:00,area_trajectory,milford_haven,,1790777760000.0,,5.00747680664062
2026-10-01T01:18:06+00:00,area_trajectory,milford_haven,,1790777880000.0,,5.00747680664062
2026-10-01T01:18:06+00:00,area_trajectory,milford_haven,,1790778000000.0,,5.00747680664062
2026-10-01T01:18:06+00:00,area_trajectory,milford_haven,,1790778120000.0,,5.00747680664062
2026-10-01T01:18:06+00:00,area_trajectory,milford_haven,,1790778240000.0,,5.00747680664062
2026-10-01T01:18:06+00:00,area_trajectory,milford_haven,,1790778360000.0,,5.00747680664062
2026-10-01T01:18:06+00:00,area_trajectory,milford_haven,,1790778480000.0,,5.00747680664062
2026-10-01T01:18:06+00:00,area_trajectory,milford_haven,,1790778600000.0,,5.00747680664062
2026-10-01T01:18:06+00:00,area_trajectory,milford_haven,,1790778720000.0,,5.00747680664062
2026-10-01T01:18:06+00:00,area_trajectory,milford_haven,,1790778840000.0,,5.00747680664062
2026-10-01T01:18:06+00:00,area_trajectory,milford_haven,,1790778960000.0,,5.00747680664062
2026-10-01T01:18:06+00:00,area_trajectory,milford_haven,,1790779080000.0,,4.98794507980347
2026-10-01T01:18:06+00:00,area_trajectory,milford_haven,,1790779200000.0,,4.98794507980347
2026-10-01T01:18:06+00:00,area_trajectory,milford_haven,,1790779320000.0,,4.98794507980347
2026-10-01T01:18:06+00:00,area_trajectory,milford_haven,,1790779440000.0,,4.98794507980347
2026-10-01T01:18:06+00:00,area_trajectory,milford_haven,,1790779560000.0,,4.98794507980347
2026-10-01T01:18:06+00:00,area_trajectory,milford_haven,,1790779680000.0,,5.03433322906494
2026-10-01T01:18:06+00:00,area_trajectory,milford_haven,,1790779800000.0,,5.03433322906494
2026-10-01T01:18:06+00:00,area_trajectory,milford_haven,,1790779920000.0,,5.03433322906494
2026-10-01T01:18:06+00:00,area_trajectory,milford_haven,,1790780040000.0,,5.03433322906494
2026-10-01T01:18:06+00:00,area_trajectory,milford_haven,,1790780160000.0,,5.03433322906494
2026-10-01T01:18:06+00:00,area_trajectory,milford_haven,,1790780280000.0,,5.03433322906494
2026-10-01T01:18:06+00:00,area_trajectory,milford_haven,,1790780400000.0,,5.03433322906494
2026-10-01T01:18:06+00:00,area_trajectory,milford_haven,,1790780520000.0,,5.03433322906494
2026-10-01T01:18:06+00:00,area_trajectory,milford_haven,,1790780640000.0,,5.03433322906494
2026-10-01T01:18:06+00:00,area_trajectory,milford_haven,,1790780760000.0,,5.03433322906494
2026-10-01T01:18:06+00:00,area_trajectory,milford_haven,,1790780880000.0,,5.03433322906494
2026-10-01T01:18:06+00:00,area_trajectory,milford_haven,,1790781000000.0,,5.03433322906494
2026-10-01T01:18:06+00:00,area_trajectory,milford_haven,,1790781120000.0,,5.03433322906494
2026-10-01T01:18:06+00:00,area_trajectory,milford_haven,,1790781240000.0,,5.03433322906494
2026-10-01T01:18:06+00:00,area_trajectory,milford_haven,,1790781360000.0,,4.94888162612915
2026-10-01T01:18:06+00:00,area_trajectory,milford_haven,,1790781480000.0,,4.94888162612915
2026-10-01T01:18:06+00:00,area_trajectory,milford_haven,,1790781600000.0,,4.94888162612915
2026-10-01T01:18:06+00:00,area_trajectory,milford_haven,,1790781720000.0,,4.94888162612915
2026-10-01T01:18:06+00:00,area_trajectory,milford_haven,,1790781840000.0,,4.94888162612915
2026-10-01T01:18:06+00:00,area_trajectory,milford_haven,,1790781960000.0,,4.94888162612915
2026-10-01T01:18:06+00:00,area_trajectory,milford_haven,,1790782080000.0,,5.00747680664062
2026-10-01T01:18:06+00:00,area_trajectory,milford_haven,,1790782200000.0,,5.00747680664062
2026-10-01T01:18:06+00:00,area_trajectory,milford_haven,,1790782320000.0,,5.00747680664062
2026-10-01T01:18:06+00:00,area_trajectory,milford_haven,,1790782440000.0,,5.00747680664062
2026-10-01T01:18:06+00:00,area_trajectory,milford_haven,,1790782560000.0,,5.00747680664062
2026-10-01T01:18:06+00:00,area_trajectory,milford_haven,,1790782680000.0,,5.00747680664062
2026-10-01T01:18:06+00:00,area_trajectory,milford_haven,,1790782800000.0,,5.00747680664062
2026-10-01T01:18:06+00:00,area_trajectory,milford_haven,,1790782920000.0,,5.00747680664062
2026-10-01T01:18:06+00:00,area_trajectory,milford_haven,,1790783040000.0,,5.00747680664062
2026-10-01T01:18:06+00:00,area_trajectory,milford_haven,,1790783160000.0,,5.00747680664062
2026-10-01T01:18:06+00:00,area_trajectory,milford_haven,,1790783280000.0,,5.00747680664062
2026-10-01T01:18:06+00:00,area_trajectory,milford_haven,,1790783400000.0,,4.99282836914062
2026-10-01T01:18:06+00:00,area_trajectory,milford_haven,,1790783520000.0,,4.99282836914062
2026-10-01T01:18:06+00:00,area_trajectory,milford_haven,,1790783640000.0,,4.99282836914062
2026-10-01T01:18:06+00:00,area_trajectory,milford_haven,,1790783760000.0,,4.99282836914062
2026-10-01T01:18:06+00:00,area_trajectory,milford_haven,,1790783880000.0,,4.99282836914062
2026-10-01T01:18:06+00:00,area_trajectory,milford_haven,,1790784000000.0,,4.99282836914062
2026-10-01T01:18:06+00:00,area_trajectory,milford_haven,,1790784120000.0,,4.99282836914062
2026-10-01T01:18:06+00:00,area_trajectory,milford_haven,,1790784240000.0,,5.00259399414062
2026-10-01T01:18:06+00:00,area_trajectory,milford_haven,,1790784360000.0,,5.00259399414062
2026-10-01T01:18:06+00:00,area_trajectory,milford_haven,,1790784480000.0,,5.00259399414062
2026-10-01T01:18:06+00:00,area_trajectory,milford_haven,,1790784600000.0,,5.00259399414062
2026-10-01T01:18:06+00:00,area_trajectory,milford_haven,,1790784720000.0,,5.00259399414062
2026-10-01T01:18:06+00:00,area_trajectory,milford_haven,,1790784840000.0,,5.00259399414062
2026-10-01T01:18:06+00:00,area_trajectory,milford_haven,,1790784960000.0,,5.00259399414062
2026-10-01T01:18:06+00:00,area_trajectory,milford_haven,,1790785080000.0,,5.00259399414062
2026-10-01T01:18:06+00:00,area_trajectory,milford_haven,,1790785200000.0,,5.00259399414062
2026-10-01T01:18:06+00:00,area_trajectory,milford_haven,,1790785320000.0,,4.99282836914062
2026-10-01T01:18:06+00:00,area_trajectory,milford_haven,,1790785440000.0,,4.99282836914062
2026-10-01T01:18:06+00:00,area_trajectory,milford_haven,,1790785560000.0,,4.99282836914062
2026-10-01T01:18:06+00:00,area_trajectory,milford_haven,,1790785680000.0,,4.99282836914062
2026-10-01T01:18:06+00:00,area_trajectory,milford_haven,,1790785800000.0,,4.99282836914062
2026-10-01T01:18:06+00:00,area_trajectory,milford_haven,,1790785920000.0,,4.99282836914062
2026-10-01T01:18:06+00:00,area_trajectory,milford_haven,,1790786040000.0,,4.99282836914062
2026-10-01T01:18:06+00:00,area_trajectory,milford_haven,,1790786160000.0,,4.99282836914062
2026-10-01T01:18:06+00:00,area_trajectory,milford_haven,,1790786280000.0,,4.99282836914062
2026-10-01T01:18:06+00:00,area_trajectory,milford_haven,,1790786400000.0,,4.99282836914062
2026-10-01T01:18:06+00:00,area_trajectory,milford_haven,,1790786520000.0,,4.99282836914062
2026-10-01T01:18:06+00:00,area_trajectory,milford_haven,,1790786640000.0,,4.99282836914062
2026-10-01T01:18:06+00:00,area_trajectory,milford_haven,,1790786760000.0,,4.99282836914062
2026-10-01T01:18:06+00:00,area_trajectory,milford_haven,,1790786880000.0,,4.99282836914062
2026-10-01T01:18:06+00:00,area_trajectory,milford_haven,,1790787000000.0,,4.99282836914062
2026-10-01T01:18:06+00:00,area_trajectory,milford_haven,,1790787120000.0,,4.99282836914062
2026-10-01T01:18:06+00:00,area_trajectory,milford_haven,,1790787240000.0,,4.99282836914062
2026-10-01T01:18:06+00:00,area_trajectory,milford_haven,,1790787360000.0,,4.99282836914062
2026-10-01T01:18:06+00:00,area_trajectory,milford_haven,,1790787480000.0,,4.98306226730347
2026-10-01T01:18:06+00:00,area_trajectory,milford_haven,,1790787600000.0,,4.98306226730347
2026-10-01T01:18:06+00:00,area_trajectory,milford_haven,,1790787720000.0,,4.9659719467163095
2026-10-01T01:18:06+00:00,area_trajectory,milford_haven,,1790787840000.0,,4.9659719467163095
2026-10-01T01:18:06+00:00,area_trajectory,milford_haven,,1790787960000.0,,4.9659719467163095
2026-10-01T01:18:06+00:00,area_trajectory,milford_haven,,1790788080000.0,,4.9659719467163095
2026-10-01T01:18:06+00:00,area_trajectory,milford_haven,,1790788200000.0,,4.9659719467163095
2026-10-01T01:18:06+00:00,area_trajectory,milford_haven,,1790788320000.0,,4.9659719467163095
2026-10-01T01:18:06+00:00,area_trajectory,milford_haven,,1790788440000.0,,4.9659719467163095
2026-10-01T01:18:06+00:00,area_trajectory,milford_haven,,1790788560000.0,,4.9659719467163095
2026-10-01T01:18:06+00:00,area_trajectory,milford_haven,,1790788680000.0,,4.9659719467163095
2026-10-01T01:18:06+00:00,area_trajectory,milford_haven,,1790788800000.0,,4.9659719467163095
2026-10-01T01:18:06+00:00,area_trajectory,milford_haven,,1790788920000.0,,4.9659719467163095
2026-10-01T01:18:06+00:00,area_trajectory,milford_haven,,1790789040000.0,,4.9659719467163095
2026-10-01T01:18:06+00:00,area_trajectory,milford_haven,,1790789160000.0,,4.9659719467163095
2026-10-01T01:18:06+00:00,area_trajectory,milford_haven,,1790789280000.0,,4.9659719467163095
2026-10-01T01:18:06+00:00,area_trajectory,milford_haven,,1790789400000.0,,4.9659719467163095
2026-10-01T01:18:06+00:00,area_trajectory,milford_haven,,1790789520000.0,,4.93911552429199
2026-10-01T01:18:06+00:00,area_trajectory,milford_haven,,1790789640000.0,,4.93911552429199
2026-10-01T01:18:06+00:00,area_trajectory,milford_haven,,1790789760000.0,,4.93911552429199
2026-10-01T01:18:06+00:00,area_trajectory,milford_haven,,1790789880000.0,,4.93911552429199
2026-10-01T01:18:06+00:00,area_trajectory,milford_haven,,1790790000000.0,,4.93911552429199
2026-10-01T01:18:06+00:00,area_trajectory,milford_haven,,1790790120000.0,,4.93911552429199
2026-10-01T01:18:06+00:00,area_trajectory,milford_haven,,1790790240000.0,,4.93911552429199
2026-10-01T01:18:06+00:00,area_trajectory,milford_haven,,1790790360000.0,,4.93911552429199
2026-10-01T01:18:06+00:00,area_trajectory,milford_haven,,1790790480000.0,,5.0196843147277805
2026-10-01T01:18:06+00:00,area_trajectory,milford_haven,,1790790600000.0,,5.0196843147277805
2026-10-01T01:18:06+00:00,area_trajectory,milford_haven,,1790790720000.0,,5.0196843147277805
2026-10-01T01:18:06+00:00,area_trajectory,milford_haven,,1790790840000.0,,5.0196843147277805
2026-10-01T01:18:06+00:00,area_trajectory,milford_haven,,1790790960000.0,,5.0196843147277805
2026-10-01T01:18:06+00:00,area_trajectory,milford_haven,,1790791080000.0,,5.0196843147277805
2026-10-01T01:18:06+00:00,area_trajectory,milford_haven,,1790791200000.0,,5.0196843147277805
2026-10-01T01:18:06+00:00,area_trajectory,milford_haven,,1790791320000.0,,5.0196843147277805
2026-10-01T01:18:06+00:00,area_trajectory,milford_haven,,1790791440000.0,,5.0196843147277805
2026-10-01T01:18:06+00:00,area_trajectory,milford_haven,,1790791560000.0,,5.0172429084777805
2026-10-01T01:18:06+00:00,area_trajectory,milford_haven,,1790791680000.0,,5.0172429084777805
2026-10-01T01:18:06+00:00,area_trajectory,milford_haven,,1790791800000.0,,5.0172429084777805
2026-10-01T01:18:06+00:00,area_trajectory,milford_haven,,1790791920000.0,,5.0172429084777805
2026-10-01T01:18:06+00:00,area_trajectory,milford_haven,,1790792040000.0,,5.0172429084777805
2026-10-01T01:18:06+00:00,area_trajectory,milford_haven,,1790792160000.0,,5.0172429084777805
2026-10-01T01:18:06+00:00,area_trajectory,milford_haven,,1790792280000.0,,5.0172429084777805
2026-10-01T01:18:06+00:00,area_trajectory,milford_haven,,1790792400000.0,,4.9586472511291495
2026-10-01T01:18:06+00:00,area_trajectory,milford_haven,,1790792520000.0,,4.9586472511291495
2026-10-01T01:18:06+00:00,area_trajectory,milford_haven,,1790792640000.0,,4.9586472511291495
2026-10-01T01:18:06+00:00,area_trajectory,milford_haven,,1790792760000.0,,4.94888162612915
2026-10-01T01:18:06+00:00,area_trajectory,milford_haven,,1790792880000.0,,4.94888162612915
2026-10-01T01:18:06+00:00,area_trajectory,milford_haven,,1790793000000.0,,4.94888162612915
2026-10-01T01:18:06+00:00,area_trajectory,milford_haven,,1790793120000.0,,4.94888162612915
2026-10-01T01:18:06+00:00,area_trajectory,milford_haven,,1790793240000.0,,4.94888162612915
2026-10-01T01:18:06+00:00,area_trajectory,milford_haven,,1790793360000.0,,4.94888162612915
2026-10-01T01:18:06+00:00,area_trajectory,milford_haven,,1790793480000.0,,4.94888162612915
2026-10-01T01:18:06+00:00,area_trajectory,milford_haven,,1790793600000.0,,4.94888162612915
2026-10-01T01:18:06+00:00,area_trajectory,milford_haven,,1790793720000.0,,4.94888162612915
2026-10-01T01:18:06+00:00,area_trajectory,milford_haven,,1790793840000.0,,4.94888162612915
2026-10-01T01:18:06+00:00,area_trajectory,milford_haven,,1790793960000.0,,4.94888162612915
2026-10-01T01:18:06+00:00,area_trajectory,milford_haven,,1790794080000.0,,4.94888162612915
2026-10-01T01:18:06+00:00,area_trajectory,milford_haven,,1790794200000.0,,4.94888162612915
2026-10-01T01:18:06+00:00,area_trajectory,milford_haven,,1790794320000.0,,4.98794507980347
2026-10-01T01:18:06+00:00,area_trajectory,milford_haven,,1790794440000.0,,4.98794507980347
2026-10-01T01:18:06+00:00,area_trajectory,milford_haven,,1790794560000.0,,4.98794507980347
2026-10-01T01:18:06+00:00,area_trajectory,milford_haven,,1790794680000.0,,4.98794507980347
2026-10-01T01:18:06+00:00,area_trajectory,milford_haven,,1790794800000.0,,4.95376443862915
2026-10-01T01:18:06+00:00,area_trajectory,milford_haven,,1790794920000.0,,4.95376443862915
2026-10-01T01:18:06+00:00,area_trajectory,milford_haven,,1790795040000.0,,4.95376443862915
2026-10-01T01:18:06+00:00,area_trajectory,milford_haven,,1790795160000.0,,5.03189182281494
2026-10-01T01:18:06+00:00,area_trajectory,milford_haven,,1790795280000.0,,5.03189182281494
2026-10-01T01:18:06+00:00,area_trajectory,milford_haven,,1790795400000.0,,5.03189182281494
2026-10-01T01:18:06+00:00,area_trajectory,milford_haven,,1790795520000.0,,5.00747680664062
2026-10-01T01:18:06+00:00,area_trajectory,milford_haven,,1790795640000.0,,5.00747680664062
2026-10-01T01:18:06+00:00,area_trajectory,milford_haven,,1790795760000.0,,5.00503540039062
2026-10-01T01:18:06+00:00,area_trajectory,milford_haven,,1790795880000.0,,5.00503540039062
2026-10-01T01:18:06+00:00,area_trajectory,milford_haven,,1790796000000.0,,5.00503540039062
2026-10-01T01:18:06+00:00,area_trajectory,milford_haven,,1790796120000.0,,5.00503540039062
2026-10-01T01:18:06+00:00,area_trajectory,milford_haven,,1790796240000.0,,5.00503540039062
2026-10-01T01:18:06+00:00,area_trajectory,milford_haven,,1790796360000.0,,5.00503540039062
2026-10-01T01:18:06+00:00,area_trajectory,milford_haven,,1790796480000.0,,5.00503540039062
2026-10-01T01:18:06+00:00,area_trajectory,milford_haven,,1790796600000.0,,4.98550367355347
2026-10-01T01:18:06+00:00,area_trajectory,milford_haven,,1790796720000.0,,4.98550367355347
2026-10-01T01:18:06+00:00,area_trajectory,milford_haven,,1790796840000.0,,4.98550367355347
2026-10-01T01:18:06+00:00,area_trajectory,milford_haven,,1790796960000.0,,4.98550367355347
2026-10-01T01:18:06+00:00,area_trajectory,milford_haven,,1790797080000.0,,4.98550367355347
2026-10-01T01:18:06+00:00,area_trajectory,milford_haven,,1790797200000.0,,4.98550367355347
2026-10-01T01:18:06+00:00,area_trajectory,milford_haven,,1790797320000.0,,4.98550367355347
2026-10-01T01:18:06+00:00,area_trajectory,milford_haven,,1790797440000.0,,4.97817945480347
2026-10-01T01:18:06+00:00,area_trajectory,milford_haven,,1790797560000.0,,4.97817945480347
2026-10-01T01:18:06+00:00,area_trajectory,milford_haven,,1790797680000.0,,4.97817945480347
2026-10-01T01:18:06+00:00,area_trajectory,milford_haven,,1790797800000.0,,4.97817945480347
2026-10-01T01:18:06+00:00,area_trajectory,milford_haven,,1790797920000.0,,4.97817945480347
2026-10-01T01:18:06+00:00,area_trajectory,milford_haven,,1790798040000.0,,4.97817945480347
2026-10-01T01:18:06+00:00,area_trajectory,milford_haven,,1790798160000.0,,5.03189182281494
2026-10-01T01:18:06+00:00,area_trajectory,milford_haven,,1790798280000.0,,5.03189182281494
2026-10-01T01:18:06+00:00,area_trajectory,milford_haven,,1790798400000.0,,5.03189182281494
2026-10-01T01:18:06+00:00,area_trajectory,milford_haven,,1790798520000.0,,5.03189182281494
2026-10-01T01:18:06+00:00,area_trajectory,milford_haven,,1790798640000.0,,5.0294504165649405
2026-10-01T01:18:06+00:00,area_trajectory,milford_haven,,1790798760000.0,,5.0294504165649405
2026-10-01T01:18:06+00:00,area_trajectory,milford_haven,,1790798880000.0,,5.0294504165649405
2026-10-01T01:18:06+00:00,area_trajectory,milford_haven,,1790799000000.0,,5.0294504165649405
2026-10-01T01:18:06+00:00,area_trajectory,milford_haven,,1790799120000.0,,5.0294504165649405
2026-10-01T01:18:06+00:00,area_trajectory,milford_haven,,1790799240000.0,,5.0294504165649405
2026-10-01T01:18:06+00:00,area_trajectory,milford_haven,,1790799360000.0,,5.0294504165649405
2026-10-01T01:18:06+00:00,area_trajectory,milford_haven,,1790799480000.0,,5.0294504165649405
2026-10-01T01:18:06+00:00,area_trajectory,milford_haven,,1790799600000.0,,5.0294504165649405
2026-10-01T01:18:06+00:00,area_trajectory,milford_haven,,1790799720000.0,,5.0294504165649405
2026-10-01T01:18:06+00:00,area_trajectory,milford_haven,,1790799840000.0,,5.0294504165649405
2026-10-01T01:18:06+00:00,area_trajectory,milford_haven,,1790799960000.0,,5.0294504165649405
2026-10-01T01:18:06+00:00,area_trajectory,milford_haven,,1790800080000.0,,5.0294504165649405
2026-10-01T01:18:06+00:00,area_trajectory,milford_haven,,1790800200000.0,,5.0294504165649405
2026-10-01T01:18:06+00:00,area_trajectory,milford_haven,,1790800320000.0,,5.0270090103149405
2026-10-01T01:18:06+00:00,area_trajectory,milford_haven,,1790800440000.0,,5.0270090103149405
2026-10-01T01:18:06+00:00,area_trajectory,milford_haven,,1790800560000.0,,5.0270090103149405
2026-10-01T01:18:06+00:00,area_trajectory,milford_haven,,1790800680000.0,,5.0270090103149405
2026-10-01T01:18:06+00:00,area_trajectory,milford_haven,,1790800800000.0,,5.0270090103149405
2026-10-01T01:18:06+00:00,area_trajectory,milford_haven,,1790800920000.0,,5.0270090103149405
2026-10-01T01:18:06+00:00,area_trajectory,milford_haven,,1790801040000.0,,5.0270090103149405
2026-10-01T01:18:06+00:00,area_trajectory,milford_haven,,1790801160000.0,,5.0270090103149405
2026-10-01T01:18:06+00:00,area_trajectory,milford_haven,,1790801280000.0,,5.0270090103149405
2026-10-01T01:18:06+00:00,area_trajectory,milford_haven,,1790801400000.0,,5.0270090103149405
2026-10-01T01:18:06+00:00,area_trajectory,milford_haven,,1790801520000.0,,5.0270090103149405
2026-10-01T01:18:06+00:00,area_trajectory,milford_haven,,1790801640000.0,,5.0270090103149405
2026-10-01T01:18:06+00:00,area_trajectory,milford_haven,,1790801760000.0,,5.0270090103149405
2026-10-01T01:18:06+00:00,area_trajectory,milford_haven,,1790801880000.0,,5.0270090103149405
2026-10-01T01:18:06+00:00,area_trajectory,milford_haven,,1790802000000.0,,5.0270090103149405
2026-10-01T01:18:06+00:00,area_trajectory,milford_haven,,1790802120000.0,,5.0270090103149405
2026-10-01T01:18:06+00:00,area_trajectory,milford_haven,,1790802240000.0,,5.01480150222778
2026-10-01T01:18:06+00:00,area_trajectory,milford_haven,,1790802360000.0,,5.0196843147277805
2026-10-01T01:18:06+00:00,area_trajectory,milford_haven,,1790802480000.0,,5.0196843147277805
2026-10-01T01:18:06+00:00,area_trajectory,milford_haven,,1790802600000.0,,5.0196843147277805
2026-10-01T01:18:06+00:00,area_trajectory,milford_haven,,1790802720000.0,,5.0196843147277805
2026-10-01T01:18:06+00:00,area_trajectory,milford_haven,,1790802840000.0,,5.0196843147277805
2026-10-01T01:18:06+00:00,area_trajectory,milford_haven,,1790802960000.0,,5.0196843147277805
2026-10-01T01:18:06+00:00,area_trajectory,milford_haven,,1790803080000.0,,5.0196843147277805
2026-10-01T01:18:06+00:00,area_trajectory,milford_haven,,1790803200000.0,,5.10025310516357
2026-10-01T01:18:06+00:00,area_trajectory,milford_haven,,1790803320000.0,,5.10025310516357
2026-10-01T01:18:06+00:00,area_trajectory,milford_haven,,1790803440000.0,,5.10025310516357
2026-10-01T01:18:06+00:00,area_trajectory,milford_haven,,1790803560000.0,,5.10025310516357
2026-10-01T01:18:06+00:00,area_trajectory,milford_haven,,1790803680000.0,,5.43717765808106
2026-10-01T01:18:06+00:00,area_trajectory,milford_haven,,1790803800000.0,,5.33463525772095
2026-10-01T01:18:06+00:00,area_trajectory,milford_haven,,1790803920000.0,,5.33463525772095
2026-10-01T01:18:06+00:00,area_trajectory,milford_haven,,1790804040000.0,,5.24430084228516
2026-10-01T01:18:06+00:00,area_trajectory,milford_haven,,1790804160000.0,,5.24430084228516
2026-10-01T01:18:06+00:00,area_trajectory,milford_haven,,1790804280000.0,,5.24430084228516
2026-10-01T01:18:06+00:00,area_trajectory,milford_haven,,1790804400000.0,,5.16129016876221
2026-10-01T01:18:06+00:00,area_trajectory,milford_haven,,1790804520000.0,,5.16129016876221
2026-10-01T01:18:06+00:00,area_trajectory,milford_haven,,1790804640000.0,,5.16129016876221
2026-10-01T01:18:06+00:00,area_trajectory,milford_haven,,1790804760000.0,,5.16129016876221
2026-10-01T01:18:06+00:00,area_trajectory,milford_haven,,1790804880000.0,,5.10757780075073
2026-10-01T01:18:06+00:00,area_trajectory,milford_haven,,1790805000000.0,,5.10757780075073
2026-10-01T01:18:06+00:00,area_trajectory,milford_haven,,1790805120000.0,,5.10757780075073
2026-10-01T01:18:06+00:00,area_trajectory,milford_haven,,1790805240000.0,,5.10757780075073
2026-10-01T01:18:06+00:00,area_trajectory,milford_haven,,1790805360000.0,,5.18814659118652
2026-10-01T01:18:06+00:00,area_trajectory,milford_haven,,1790805480000.0,,5.18814659118652
2026-10-01T01:18:06+00:00,area_trajectory,milford_haven,,1790805600000.0,,5.18814659118652
2026-10-01T01:18:06+00:00,area_trajectory,milford_haven,,1790805720000.0,,5.21256160736084
2026-10-01T01:18:06+00:00,area_trajectory,milford_haven,,1790805840000.0,,5.21256160736084
2026-10-01T01:18:06+00:00,area_trajectory,milford_haven,,1790805960000.0,,5.21256160736084
2026-10-01T01:18:06+00:00,area_trajectory,milford_haven,,1790806080000.0,,5.21256160736084
2026-10-01T01:18:06+00:00,area_trajectory,milford_haven,,1790806200000.0,,5.21256160736084
2026-10-01T01:18:06+00:00,area_trajectory,milford_haven,,1790806320000.0,,5.21256160736084
2026-10-01T01:18:06+00:00,area_trajectory,milford_haven,,1790806440000.0,,5.17593908309936
2026-10-01T01:18:06+00:00,area_trajectory,milford_haven,,1790806560000.0,,5.18082237243652
2026-10-01T01:18:06+00:00,area_trajectory,milford_haven,,1790806680000.0,,5.18082237243652
2026-10-01T01:18:06+00:00,area_trajectory,milford_haven,,1790806800000.0,,5.18082237243652
2026-10-01T01:18:06+00:00,area_trajectory,milford_haven,,1790806920000.0,,5.21011972427368
2026-10-01T01:18:06+00:00,area_trajectory,milford_haven,,1790807040000.0,,5.21011972427368
2026-10-01T01:18:06+00:00,area_trajectory,milford_haven,,1790807160000.0,,5.21011972427368
2026-10-01T01:18:06+00:00,area_trajectory,milford_haven,,1790807280000.0,,5.21011972427368
2026-10-01T01:18:06+00:00,area_trajectory,milford_haven,,1790807400000.0,,5.21011972427368
2026-10-01T01:18:06+00:00,area_trajectory,milford_haven,,1790807520000.0,,5.21011972427368
2026-10-01T01:18:06+00:00,area_trajectory,milford_haven,,1790807640000.0,,5.21011972427368
2026-10-01T01:18:06+00:00,area_trajectory,milford_haven,,1790807760000.0,,5.136875629425051
2026-10-01T01:18:06+00:00,area_trajectory,milford_haven,,1790807880000.0,,5.136875629425051
2026-10-01T01:18:06+00:00,area_trajectory,milford_haven,,1790808000000.0,,5.136875629425051
2026-10-01T01:18:06+00:00,area_trajectory,milford_haven,,1790808120000.0,,5.16861486434936
2026-10-01T01:18:06+00:00,area_trajectory,milford_haven,,1790808240000.0,,5.16861486434936
2026-10-01T01:18:06+00:00,area_trajectory,milford_haven,,1790808360000.0,,5.16861486434936
2026-10-01T01:18:06+00:00,area_trajectory,milford_haven,,1790808480000.0,,5.16129016876221
2026-10-01T01:18:06+00:00,area_trajectory,milford_haven,,1790808600000.0,,5.16129016876221
2026-10-01T01:18:06+00:00,area_trajectory,milford_haven,,1790808720000.0,,5.16129016876221
2026-10-01T01:18:06+00:00,area_trajectory,milford_haven,,1790808840000.0,,5.16129016876221
2026-10-01T01:18:06+00:00,area_trajectory,milford_haven,,1790808960000.0,,5.19058799743652
2026-10-01T01:18:06+00:00,area_trajectory,milford_haven,,1790809080000.0,,5.19058799743652
2026-10-01T01:18:06+00:00,area_trajectory,milford_haven,,1790809200000.0,,5.19058799743652
2026-10-01T01:18:06+00:00,area_trajectory,milford_haven,,1790809320000.0,,5.19058799743652
2026-10-01T01:18:06+00:00,area_trajectory,milford_haven,,1790809440000.0,,5.22476863861084
2026-10-01T01:18:06+00:00,area_trajectory,milford_haven,,1790809560000.0,,5.19302940368652
2026-10-01T01:18:06+00:00,area_trajectory,milford_haven,,1790809680000.0,,5.19302940368652
2026-10-01T01:18:06+00:00,area_trajectory,milford_haven,,1790809800000.0,,5.14908313751221
2026-10-01T01:18:06+00:00,area_trajectory,milford_haven,,1790809920000.0,,5.14908313751221
2026-10-01T01:18:06+00:00,area_trajectory,milford_haven,,1790810040000.0,,5.14908313751221
2026-10-01T01:18:06+00:00,area_trajectory,milford_haven,,1790810160000.0,,5.18570518493652
2026-10-01T01:18:06+00:00,area_trajectory,milford_haven,,1790810280000.0,,5.18570518493652
2026-10-01T01:18:06+00:00,area_trajectory,milford_haven,,1790810400000.0,,5.18814659118652
2026-10-01T01:18:06+00:00,area_trajectory,milford_haven,,1790810520000.0,,5.18814659118652
2026-10-01T01:18:06+00:00,area_trajectory,milford_haven,,1790810640000.0,,5.16861486434936
2026-10-01T01:18:06+00:00,area_trajectory,milford_haven,,1790810760000.0,,5.16861486434936
2026-10-01T01:18:06+00:00,area_trajectory,milford_haven,,1790810880000.0,,5.16861486434936
2026-10-01T01:18:06+00:00,area_trajectory,milford_haven,,1790811000000.0,,5.16861486434936
2026-10-01T01:18:06+00:00,area_trajectory,milford_haven,,1790811120000.0,,5.16861486434936
2026-10-01T01:18:06+00:00,area_trajectory,milford_haven,,1790811240000.0,,5.16617345809936
2026-10-01T01:18:06+00:00,area_trajectory,milford_haven,,1790811360000.0,,5.16617345809936
2026-10-01T01:18:06+00:00,area_trajectory,milford_haven,,1790811480000.0,,5.16861486434936
2026-10-01T01:18:06+00:00,area_trajectory,milford_haven,,1790811600000.0,,5.14908313751221
2026-10-01T01:18:06+00:00,area_trajectory,milford_haven,,1790811720000.0,,5.17349767684936
2026-10-01T01:18:06+00:00,area_trajectory,milford_haven,,1790811840000.0,,5.17349767684936
2026-10-01T01:18:06+00:00,area_trajectory,milford_haven,,1790811960000.0,,5.17349767684936
2026-10-01T01:18:06+00:00,area_trajectory,milford_haven,,1790812080000.0,,5.14664125442505
2026-10-01T01:18:06+00:00,area_trajectory,milford_haven,,1790812200000.0,,5.14664125442505
2026-10-01T01:18:06+00:00,area_trajectory,milford_haven,,1790812320000.0,,5.14664125442505
2026-10-01T01:18:06+00:00,area_trajectory,milford_haven,,1790812440000.0,,5.20035409927368
2026-10-01T01:18:06+00:00,area_trajectory,milford_haven,,1790812560000.0,,5.20035409927368
2026-10-01T01:18:06+00:00,area_trajectory,milford_haven,,1790812680000.0,,5.20035409927368
2026-10-01T01:18:06+00:00,area_trajectory,milford_haven,,1790812800000.0,,5.20035409927368
2026-10-01T01:18:06+00:00,area_trajectory,milford_haven,,1790812920000.0,,5.20035409927368
2026-10-01T01:18:06+00:00,area_trajectory,milford_haven,,1790813040000.0,,5.18326377868652
2026-10-01T01:18:06+00:00,area_trajectory,milford_haven,,1790813160000.0,,5.18326377868652
2026-10-01T01:18:06+00:00,area_trajectory,milford_haven,,1790813280000.0,,5.18326377868652
2026-10-01T01:18:06+00:00,area_trajectory,milford_haven,,1790813400000.0,,5.18326377868652
2026-10-01T01:18:06+00:00,area_trajectory,milford_haven,,1790813520000.0,,5.18570518493652
2026-10-01T01:18:06+00:00,area_trajectory,milford_haven,,1790813640000.0,,5.18570518493652
2026-10-01T01:18:06+00:00,area_trajectory,milford_haven,,1790813760000.0,,5.15640735626221
2026-10-01T01:18:06+00:00,area_trajectory,milford_haven,,1790813880000.0,,5.15640735626221
2026-10-01T01:18:06+00:00,area_trajectory,milford_haven,,1790814000000.0,,5.15640735626221
2026-10-01T01:18:06+00:00,area_trajectory,milford_haven,,1790814120000.0,,5.16373157501221
2026-10-01T01:18:06+00:00,area_trajectory,milford_haven,,1790814240000.0,,5.16373157501221
2026-10-01T01:18:06+00:00,area_trajectory,milford_haven,,1790814360000.0,,5.16373157501221
2026-10-01T01:18:06+00:00,area_trajectory,milford_haven,,1790814480000.0,,5.16373157501221
2026-10-01T01:18:06+00:00,area_trajectory,milford_haven,,1790814600000.0,,5.16373157501221
2026-10-01T01:18:06+00:00,area_trajectory,milford_haven,,1790814720000.0,,5.16373157501221
2026-10-01T01:18:06+00:00,area_trajectory,milford_haven,,1790814840000.0,,5.16373157501221
2026-10-01T01:18:06+00:00,area_trajectory,milford_haven,,1790814960000.0,,5.16373157501221
2026-10-01T01:18:06+00:00,area_trajectory,milford_haven,,1790815080000.0,,5.16373157501221
2026-10-01T01:18:06+00:00,area_trajectory,milford_haven,,1790815200000.0,,5.16373157501221
2026-10-01T01:18:06+00:00,area_trajectory,milford_haven,,1790815320000.0,,5.16373157501221
2026-10-01T01:18:06+00:00,area_trajectory,milford_haven,,1790815440000.0,,5.16373157501221
2026-10-01T01:18:06+00:00,area_trajectory,milford_haven,,1790815560000.0,,5.16373157501221
2026-10-01T01:18:06+00:00,area_trajectory,milford_haven,,1790815680000.0,,5.19791269302368
2026-10-01T01:18:06+00:00,area_trajectory,milford_haven,,1790815800000.0,,5.19791269302368
2026-10-01T01:18:06+00:00,area_trajectory,milford_haven,,1790815920000.0,,5.19791269302368
2026-10-01T01:18:06+00:00,area_trajectory,milford_haven,,1790816040000.0,,5.19791269302368
2026-10-01T01:18:06+00:00,area_trajectory,milford_haven,,1790816160000.0,,5.22232723236084
2026-10-01T01:18:06+00:00,area_trajectory,milford_haven,,1790816280000.0,,5.22232723236084
2026-10-01T01:18:06+00:00,area_trajectory,milford_haven,,1790816400000.0,,5.19302940368652
2026-10-01T01:18:06+00:00,area_trajectory,milford_haven,,1790816520000.0,,5.19302940368652
2026-10-01T01:18:06+00:00,area_trajectory,milford_haven,,1790816640000.0,,5.18326377868652
2026-10-01T01:18:06+00:00,area_trajectory,milford_haven,,1790816760000.0,,5.18326377868652
2026-10-01T01:18:06+00:00,area_trajectory,milford_haven,,1790816880000.0,,5.18326377868652
2026-10-01T01:18:06+00:00,area_trajectory,milford_haven,,1790817000000.0,,5.20523691177368
2026-10-01T01:18:06+00:00,area_trajectory,milford_haven,,1790817120000.0,,5.20523691177368
2026-10-01T01:18:06+00:00,area_trajectory,milford_haven,,1790817240000.0,,5.19547080993652
2026-10-01T01:18:06+00:00,area_trajectory,milford_haven,,1790817360000.0,,5.19547080993652
2026-10-01T01:18:06+00:00,area_trajectory,milford_haven,,1790817480000.0,,5.18570518493652
2026-10-01T01:18:06+00:00,area_trajectory,milford_haven,,1790817600000.0,,5.18570518493652
2026-10-01T01:18:06+00:00,area_trajectory,milford_haven,,1790817720000.0,,5.18570518493652
2026-10-01T01:18:06+00:00,area_trajectory,milford_haven,,1790817840000.0,,5.18570518493652
2026-10-01T01:18:06+00:00,area_trajectory,milford_haven,,1790817960000.0,,5.18570518493652
2026-10-01T01:18:06+00:00,area_trajectory,milford_haven,,1790818080000.0,,5.18570518493652
2026-10-01T01:18:06+00:00,area_trajectory,milford_haven,,1790818200000.0,,5.18570518493652
2026-10-01T01:18:06+00:00,area_trajectory,milford_haven,,1790818320000.0,,5.18570518493652
2026-10-01T01:18:06+00:00,area_trajectory,milford_haven,,1790818440000.0,,5.18814659118652
2026-10-01T01:18:06+00:00,area_trajectory,milford_haven,,1790818560000.0,,5.18814659118652
2026-10-01T01:18:06+00:00,area_trajectory,milford_haven,,1790818680000.0,,5.18814659118652
2026-10-01T01:18:06+00:00,area_trajectory,milford_haven,,1790818800000.0,,5.18814659118652
2026-10-01T01:18:06+00:00,area_trajectory,milford_haven,,1790818920000.0,,5.18814659118652
2026-10-01T01:18:06+00:00,area_trajectory,milford_haven,,1790819040000.0,,5.18814659118652
2026-10-01T01:18:06+00:00,area_trajectory,milford_haven,,1790819160000.0,,5.18814659118652
2026-10-01T01:18:06+00:00,area_trajectory,milford_haven,,1790819280000.0,,5.18814659118652
2026-10-01T01:18:06+00:00,area_trajectory,milford_haven,,1790819400000.0,,5.18814659118652
2026-10-01T01:18:06+00:00,area_trajectory,milford_haven,,1790819520000.0,,5.18814659118652
2026-10-01T01:18:06+00:00,area_trajectory,milford_haven,,1790819640000.0,,5.18814659118652
2026-10-01T01:18:06+00:00,area_trajectory,milford_haven,,1790819760000.0,,5.14664125442505
2026-10-01T01:18:06+00:00,area_trajectory,milford_haven,,1790819880000.0,,5.17349767684936
2026-10-01T01:18:06+00:00,area_trajectory,milford_haven,,1790820000000.0,,5.17349767684936
2026-10-01T01:18:06+00:00,area_trajectory,milford_haven,,1790820120000.0,,5.17349767684936
2026-10-01T01:18:06+00:00,area_trajectory,milford_haven,,1790820240000.0,,5.19302940368652
2026-10-01T01:18:06+00:00,area_trajectory,milford_haven,,1790820360000.0,,5.19302940368652
2026-10-01T01:18:06+00:00,area_trajectory,milford_haven,,1790820480000.0,,5.19302940368652
2026-10-01T01:18:06+00:00,area_trajectory,milford_haven,,1790820600000.0,,5.18570518493652
2026-10-01T01:18:06+00:00,subterminal_latest,grain,nts1,,02:00,0.00
2026-10-01T01:18:06+00:00,subterminal_latest,grain,nts1,,02:02,0.00
2026-10-01T01:18:06+00:00,subterminal_latest,grain,nts1,,02:04,0.00
2026-10-01T01:18:06+00:00,subterminal_latest,grain,nts1,,02:06,0.00
2026-10-01T01:18:06+00:00,subterminal_latest,grain,nts1,,02:08,0.00
2026-10-01T01:18:06+00:00,subterminal_latest,grain,nts1,,02:10,0.00
2026-10-01T01:18:06+00:00,subterminal_latest,grain,nts2,,02:00,0.00
2026-10-01T01:18:06+00:00,subterminal_latest,grain,nts2,,02:02,0.00
2026-10-01T01:18:06+00:00,subterminal_latest,grain,nts2,,02:04,0.00
2026-10-01T01:18:06+00:00,subterminal_latest,grain,nts2,,02:06,0.00
2026-10-01T01:18:06+00:00,subterminal_latest,grain,nts2,,02:08,0.00
2026-10-01T01:18:06+00:00,subterminal_latest,grain,nts2,,02:10,0.00
2026-10-01T01:18:06+00:00,subterminal_latest,dragon,,,02:00,0.00
2026-10-01T01:18:06+00:00,subterminal_latest,dragon,,,02:02,0.00
2026-10-01T01:18:06+00:00,subterminal_latest,dragon,,,02:04,0.00
2026-10-01T01:18:06+00:00,subterminal_latest,dragon,,,02:06,0.00
2026-10-01T01:18:06+00:00,subterminal_latest,dragon,,,02:08,0.00
2026-10-01T01:18:06+00:00,subterminal_latest,dragon,,,02:10,0.00
2026-10-01T01:18:06+00:00,subterminal_latest,south_hook,,,02:00,5.17
2026-10-01T01:18:06+00:00,subterminal_latest,south_hook,,,02:02,5.19
2026-10-01T01:18:06+00:00,subterminal_latest,south_hook,,,02:04,5.19
2026-10-01T01:18:06+00:00,subterminal_latest,south_hook,,,02:06,5.19
2026-10-01T01:18:06+00:00,subterminal_latest,south_hook,,,02:08,5.19
2026-10-01T01:18:06+00:00,subterminal_latest,south_hook,,,02:10,5.19
