snapshot_utc,series,terminal,sub,epoch_ms,time_label,value_mcm_d
2026-09-25T00:33:49+00:00,area_trajectory,grain,,1790226000000.0,,6.33915725691244
2026-09-25T00:33:49+00:00,area_trajectory,grain,,1790226120000.0,,6.379697906326499
2026-09-25T00:33:49+00:00,area_trajectory,grain,,1790226240000.0,,6.31938186628744
2026-09-25T00:33:49+00:00,area_trajectory,grain,,1790226360000.0,,6.31938186628744
2026-09-25T00:33:49+00:00,area_trajectory,grain,,1790226480000.0,,6.31938186628744
2026-09-25T00:33:49+00:00,area_trajectory,grain,,1790226600000.0,,6.4180752409212305
2026-09-25T00:33:49+00:00,area_trajectory,grain,,1790226720000.0,,6.497508773636071
2026-09-25T00:33:49+00:00,area_trajectory,grain,,1790226840000.0,,6.497508773636071
2026-09-25T00:33:49+00:00,area_trajectory,grain,,1790226960000.0,,6.497508773636071
2026-09-25T00:33:49+00:00,area_trajectory,grain,,1790227080000.0,,6.47707365400717
2026-09-25T00:33:49+00:00,area_trajectory,grain,,1790227200000.0,,6.52314306623861
2026-09-25T00:33:49+00:00,area_trajectory,grain,,1790227320000.0,,6.52314306623861
2026-09-25T00:33:49+00:00,area_trajectory,grain,,1790227440000.0,,6.44697119123861
2026-09-25T00:33:49+00:00,area_trajectory,grain,,1790227560000.0,,6.50662878401205
2026-09-25T00:33:49+00:00,area_trajectory,grain,,1790227680000.0,,6.48652325422689
2026-09-25T00:33:49+00:00,area_trajectory,grain,,1790227800000.0,,6.48652325422689
2026-09-25T00:33:49+00:00,area_trajectory,grain,,1790227920000.0,,6.412729842972009
2026-09-25T00:33:49+00:00,area_trajectory,grain,,1790228040000.0,,6.43283537275717
2026-09-25T00:33:49+00:00,area_trajectory,grain,,1790228160000.0,,6.4720578459017
2026-09-25T00:33:49+00:00,area_trajectory,grain,,1790228280000.0,,6.4720578459017
2026-09-25T00:33:49+00:00,area_trajectory,grain,,1790228400000.0,,6.4720578459017
2026-09-25T00:33:49+00:00,area_trajectory,grain,,1790228520000.0,,6.4720578459017
2026-09-25T00:33:49+00:00,area_trajectory,grain,,1790228640000.0,,6.4879148557893895
2026-09-25T00:33:49+00:00,area_trajectory,grain,,1790228760000.0,,6.4879148557893895
2026-09-25T00:33:49+00:00,area_trajectory,grain,,1790228880000.0,,6.4879148557893895
2026-09-25T00:33:49+00:00,area_trajectory,grain,,1790229000000.0,,6.44803320295736
2026-09-25T00:33:49+00:00,area_trajectory,grain,,1790229120000.0,,6.507690795730801
2026-09-25T00:33:49+00:00,area_trajectory,grain,,1790229240000.0,,6.507690795730801
2026-09-25T00:33:49+00:00,area_trajectory,grain,,1790229360000.0,,6.507690795730801
2026-09-25T00:33:49+00:00,area_trajectory,grain,,1790229480000.0,,6.507690795730801
2026-09-25T00:33:49+00:00,area_trajectory,grain,,1790229600000.0,,6.507690795730801
2026-09-25T00:33:49+00:00,area_trajectory,grain,,1790229720000.0,,6.46722257978842
2026-09-25T00:33:49+00:00,area_trajectory,grain,,1790229840000.0,,6.46557463056967
2026-09-25T00:33:49+00:00,area_trajectory,grain,,1790229960000.0,,6.46557463056967
2026-09-25T00:33:49+00:00,area_trajectory,grain,,1790230080000.0,,6.42800010664389
2026-09-25T00:33:49+00:00,area_trajectory,grain,,1790230200000.0,,6.42800010664389
2026-09-25T00:33:49+00:00,area_trajectory,grain,,1790230320000.0,,6.42800010664389
2026-09-25T00:33:49+00:00,area_trajectory,grain,,1790230440000.0,,6.44382096846029
2026-09-25T00:33:49+00:00,area_trajectory,grain,,1790230560000.0,,6.4622785490267
2026-09-25T00:33:49+00:00,area_trajectory,grain,,1790230680000.0,,6.4622785490267
2026-09-25T00:33:49+00:00,area_trajectory,grain,,1790230800000.0,,6.4622785490267
2026-09-25T00:33:49+00:00,area_trajectory,grain,,1790230920000.0,,6.4622785490267
2026-09-25T00:33:49+00:00,area_trajectory,grain,,1790231040000.0,,6.47711064131185
2026-09-25T00:33:49+00:00,area_trajectory,grain,,1790231160000.0,,6.47711064131185
2026-09-25T00:33:49+00:00,area_trajectory,grain,,1790231280000.0,,6.47711064131185
2026-09-25T00:33:49+00:00,area_trajectory,grain,,1790231400000.0,,6.255949081253259
2026-09-25T00:33:49+00:00,area_trajectory,grain,,1790231520000.0,,6.34922575361654
2026-09-25T00:33:49+00:00,area_trajectory,grain,,1790231640000.0,,6.34922575361654
2026-09-25T00:33:49+00:00,area_trajectory,grain,,1790231760000.0,,6.34922575361654
2026-09-25T00:33:49+00:00,area_trajectory,grain,,1790231880000.0,,6.699590560745451
2026-09-25T00:33:49+00:00,area_trajectory,grain,,1790232000000.0,,6.867356918167319
2026-09-25T00:33:49+00:00,area_trajectory,grain,,1790232120000.0,,6.867356918167319
2026-09-25T00:33:49+00:00,area_trajectory,grain,,1790232240000.0,,6.867356918167319
2026-09-25T00:33:49+00:00,area_trajectory,grain,,1790232360000.0,,6.90262413008139
2026-09-25T00:33:49+00:00,area_trajectory,grain,,1790232480000.0,,6.90262413008139
2026-09-25T00:33:49+00:00,area_trajectory,grain,,1790232600000.0,,6.90262413008139
2026-09-25T00:33:49+00:00,area_trajectory,grain,,1790232720000.0,,6.90262413008139
2026-09-25T00:33:49+00:00,area_trajectory,grain,,1790232840000.0,,6.856262557815761
2026-09-25T00:33:49+00:00,area_trajectory,grain,,1790232960000.0,,6.94433819563314
2026-09-25T00:33:49+00:00,area_trajectory,grain,,1790233080000.0,,6.94433819563314
2026-09-25T00:33:49+00:00,area_trajectory,grain,,1790233200000.0,,6.94433819563314
2026-09-25T00:33:49+00:00,area_trajectory,grain,,1790233320000.0,,6.978287048172209
2026-09-25T00:33:49+00:00,area_trajectory,grain,,1790233440000.0,,6.95210105879232
2026-09-25T00:33:49+00:00,area_trajectory,grain,,1790233560000.0,,6.9300178068392
2026-09-25T00:33:49+00:00,area_trajectory,grain,,1790233680000.0,,6.9300178068392
2026-09-25T00:33:49+00:00,area_trajectory,grain,,1790233800000.0,,6.96627378828451
2026-09-25T00:33:49+00:00,area_trajectory,grain,,1790233920000.0,,6.9250735929720095
2026-09-25T00:33:49+00:00,area_trajectory,grain,,1790234040000.0,,6.9250735929720095
2026-09-25T00:33:49+00:00,area_trajectory,grain,,1790234160000.0,,6.9250735929720095
2026-09-25T00:33:49+00:00,area_trajectory,grain,,1790234280000.0,,6.977480209182949
2026-09-25T00:33:49+00:00,area_trajectory,grain,,1790234400000.0,,6.954737777542321
2026-09-25T00:33:49+00:00,area_trajectory,grain,,1790234520000.0,,6.954737777542321
2026-09-25T00:33:49+00:00,area_trajectory,grain,,1790234640000.0,,6.954737777542321
2026-09-25T00:33:49+00:00,area_trajectory,grain,,1790234760000.0,,6.97088804609701
2026-09-25T00:33:49+00:00,area_trajectory,grain,,1790234880000.0,,6.98802745039388
2026-09-25T00:33:49+00:00,area_trajectory,grain,,1790235000000.0,,6.98802745039388
2026-09-25T00:33:49+00:00,area_trajectory,grain,,1790235120000.0,,6.98802745039388
2026-09-25T00:33:49+00:00,area_trajectory,grain,,1790235240000.0,,7.00318894941732
2026-09-25T00:33:49+00:00,area_trajectory,grain,,1790235360000.0,,6.9811056974642
2026-09-25T00:33:49+00:00,area_trajectory,grain,,1790235480000.0,,6.9811056974642
2026-09-25T00:33:49+00:00,area_trajectory,grain,,1790235600000.0,,6.9811056974642
2026-09-25T00:33:49+00:00,area_trajectory,grain,,1790235720000.0,,6.996926376175139
2026-09-25T00:33:49+00:00,area_trajectory,grain,,1790235840000.0,,6.97418431074545
2026-09-25T00:33:49+00:00,area_trajectory,grain,,1790235960000.0,,6.97418431074545
2026-09-25T00:33:49+00:00,area_trajectory,grain,,1790236080000.0,,6.97418431074545
2026-09-25T00:33:49+00:00,area_trajectory,grain,,1790236200000.0,,6.97418431074545
2026-09-25T00:33:49+00:00,area_trajectory,grain,,1790236320000.0,,6.97418431074545
2026-09-25T00:33:49+00:00,area_trajectory,grain,,1790236440000.0,,6.97418431074545
2026-09-25T00:33:49+00:00,area_trajectory,grain,,1790236560000.0,,6.97418431074545
2026-09-25T00:33:49+00:00,area_trajectory,grain,,1790236680000.0,,6.986049911331389
2026-09-25T00:33:49+00:00,area_trajectory,grain,,1790236800000.0,,6.96594419844076
2026-09-25T00:33:49+00:00,area_trajectory,grain,,1790236920000.0,,6.96594419844076
2026-09-25T00:33:49+00:00,area_trajectory,grain,,1790237040000.0,,6.9844015959017
2026-09-25T00:33:49+00:00,area_trajectory,grain,,1790237160000.0,,7.058195007156581
2026-09-25T00:33:49+00:00,area_trajectory,grain,,1790237280000.0,,7.058195007156581
2026-09-25T00:33:49+00:00,area_trajectory,grain,,1790237400000.0,,6.94876853926107
2026-09-25T00:33:49+00:00,area_trajectory,grain,,1790237520000.0,,6.94876853926107
2026-09-25T00:33:49+00:00,area_trajectory,grain,,1790237640000.0,,6.94876853926107
2026-09-25T00:33:49+00:00,area_trajectory,grain,,1790237760000.0,,6.94876853926107
2026-09-25T00:33:49+00:00,area_trajectory,grain,,1790237880000.0,,6.94876853926107
2026-09-25T00:33:49+00:00,area_trajectory,grain,,1790238000000.0,,6.94876853926107
2026-09-25T00:33:49+00:00,area_trajectory,grain,,1790238120000.0,,6.94876853926107
2026-09-25T00:33:49+00:00,area_trajectory,grain,,1790238240000.0,,6.96327122480795
2026-09-25T00:33:49+00:00,area_trajectory,grain,,1790238360000.0,,6.96327122480795
2026-09-25T00:33:49+00:00,area_trajectory,grain,,1790238480000.0,,6.96327122480795
2026-09-25T00:33:49+00:00,area_trajectory,grain,,1790238600000.0,,6.979091903518889
2026-09-25T00:33:49+00:00,area_trajectory,grain,,1790238720000.0,,6.93921043379232
2026-09-25T00:33:49+00:00,area_trajectory,grain,,1790238840000.0,,6.93921043379232
2026-09-25T00:33:49+00:00,area_trajectory,grain,,1790238960000.0,,6.93921043379232
2026-09-25T00:33:49+00:00,area_trajectory,grain,,1790239080000.0,,6.97678477461264
2026-09-25T00:33:49+00:00,area_trajectory,grain,,1790239200000.0,,7.02644415266439
2026-09-25T00:33:49+00:00,area_trajectory,grain,,1790239320000.0,,7.02644415266439
2026-09-25T00:33:49+00:00,area_trajectory,grain,,1790239440000.0,,7.02644415266439
2026-09-25T00:33:49+00:00,area_trajectory,grain,,1790239560000.0,,7.046549865555019
2026-09-25T00:33:49+00:00,area_trajectory,grain,,1790239680000.0,,7.046549865555019
2026-09-25T00:33:49+00:00,area_trajectory,grain,,1790239800000.0,,6.967995712112639
2026-09-25T00:33:49+00:00,area_trajectory,grain,,1790239920000.0,,6.967995712112639
2026-09-25T00:33:49+00:00,area_trajectory,grain,,1790240040000.0,,6.967995712112639
2026-09-25T00:33:49+00:00,area_trajectory,grain,,1790240160000.0,,7.0032629240267
2026-09-25T00:33:49+00:00,area_trajectory,grain,,1790240280000.0,,7.0032629240267
2026-09-25T00:33:49+00:00,area_trajectory,grain,,1790240400000.0,,7.0032629240267
2026-09-25T00:33:49+00:00,area_trajectory,grain,,1790240520000.0,,7.0139567259065805
2026-09-25T00:33:49+00:00,area_trajectory,grain,,1790240640000.0,,6.41804034407064
2026-09-25T00:33:49+00:00,area_trajectory,grain,,1790240760000.0,,6.41804034407064
2026-09-25T00:33:49+00:00,area_trajectory,grain,,1790240880000.0,,6.41804034407064
2026-09-25T00:33:49+00:00,area_trajectory,grain,,1790241000000.0,,7.31881246550009
2026-09-25T00:33:49+00:00,area_trajectory,grain,,1790241120000.0,,5.04957723617554
2026-09-25T00:33:49+00:00,area_trajectory,grain,,1790241240000.0,,5.20009231567383
2026-09-25T00:33:49+00:00,area_trajectory,grain,,1790241360000.0,,5.13820123672485
2026-09-25T00:33:49+00:00,area_trajectory,grain,,1790241480000.0,,5.18049907684326
2026-09-25T00:33:49+00:00,area_trajectory,grain,,1790241600000.0,,4.9378800392150906
2026-09-25T00:33:49+00:00,area_trajectory,grain,,1790241720000.0,,5.17390632629394
2026-09-25T00:33:49+00:00,area_trajectory,grain,,1790241840000.0,,5.18873929977417
2026-09-25T00:33:49+00:00,area_trajectory,grain,,1790241960000.0,,5.1797661781311
2026-09-25T00:33:49+00:00,area_trajectory,grain,,1790242080000.0,,5.06330966949463
2026-09-25T00:33:49+00:00,area_trajectory,grain,,1790242200000.0,,5.13911628723144
2026-09-25T00:33:49+00:00,area_trajectory,grain,,1790242320000.0,,5.22535991668701
2026-09-25T00:33:49+00:00,area_trajectory,grain,,1790242440000.0,,5.1770191192627
2026-09-25T00:33:49+00:00,area_trajectory,grain,,1790242560000.0,,5.0221095085144
2026-09-25T00:33:49+00:00,area_trajectory,grain,,1790242680000.0,,5.06275987625122
2026-09-25T00:33:49+00:00,area_trajectory,grain,,1790242800000.0,,5.06275987625122
2026-09-25T00:33:49+00:00,area_trajectory,grain,,1790242920000.0,,3.52538299560547
2026-09-25T00:33:49+00:00,area_trajectory,grain,,1790243040000.0,,5.42338085920736
2026-09-25T00:33:49+00:00,area_trajectory,grain,,1790243160000.0,,5.42338085920736
2026-09-25T00:33:49+00:00,area_trajectory,grain,,1790243280000.0,,5.42338085920736
2026-09-25T00:33:49+00:00,area_trajectory,grain,,1790243400000.0,,5.02588342268392
2026-09-25T00:33:49+00:00,area_trajectory,grain,,1790243520000.0,,5.65805615217611
2026-09-25T00:33:49+00:00,area_trajectory,grain,,1790243640000.0,,5.65805615217611
2026-09-25T00:33:49+00:00,area_trajectory,grain,,1790243760000.0,,5.65805615217611
2026-09-25T00:33:49+00:00,area_trajectory,grain,,1790243880000.0,,5.765505554031581
2026-09-25T00:33:49+00:00,area_trajectory,grain,,1790244000000.0,,5.72463531477377
2026-09-25T00:33:49+00:00,area_trajectory,grain,,1790244120000.0,,5.71035118086264
2026-09-25T00:33:49+00:00,area_trajectory,grain,,1790244240000.0,,5.71035118086264
2026-09-25T00:33:49+00:00,area_trajectory,grain,,1790244360000.0,,5.76012071211264
2026-09-25T00:33:49+00:00,area_trajectory,grain,,1790244480000.0,,5.77890788252279
2026-09-25T00:33:49+00:00,area_trajectory,grain,,1790244600000.0,,5.77890788252279
2026-09-25T00:33:49+00:00,area_trajectory,grain,,1790244720000.0,,5.77890788252279
2026-09-25T00:33:49+00:00,area_trajectory,grain,,1790244840000.0,,5.741003951858731
2026-09-25T00:33:49+00:00,area_trajectory,grain,,1790244960000.0,,6.133557357620449
2026-09-25T00:33:49+00:00,area_trajectory,grain,,1790245080000.0,,6.133557357620449
2026-09-25T00:33:49+00:00,area_trajectory,grain,,1790245200000.0,,6.133557357620449
2026-09-25T00:33:49+00:00,area_trajectory,grain,,1790245320000.0,,6.21727574140951
2026-09-25T00:33:49+00:00,area_trajectory,grain,,1790245440000.0,,6.26836381513998
2026-09-25T00:33:49+00:00,area_trajectory,grain,,1790245560000.0,,6.26836381513998
2026-09-25T00:33:49+00:00,area_trajectory,grain,,1790245680000.0,,6.26836381513998
2026-09-25T00:33:49+00:00,area_trajectory,grain,,1790245800000.0,,6.29670927412435
2026-09-25T00:33:49+00:00,area_trajectory,grain,,1790245920000.0,,6.313189315628261
2026-09-25T00:33:49+00:00,area_trajectory,grain,,1790246040000.0,,6.313189315628261
2026-09-25T00:33:49+00:00,area_trajectory,grain,,1790246160000.0,,6.313189315628261
2026-09-25T00:33:49+00:00,area_trajectory,grain,,1790246280000.0,,5.6632183683626405
2026-09-25T00:33:49+00:00,area_trajectory,grain,,1790246400000.0,,5.68793833906576
2026-09-25T00:33:49+00:00,area_trajectory,grain,,1790246520000.0,,5.68793833906576
2026-09-25T00:33:49+00:00,area_trajectory,grain,,1790246640000.0,,5.68793833906576
2026-09-25T00:33:49+00:00,area_trajectory,grain,,1790246760000.0,,5.68793833906576
2026-09-25T00:33:49+00:00,area_trajectory,grain,,1790246880000.0,,5.6984855802767
2026-09-25T00:33:49+00:00,area_trajectory,grain,,1790247000000.0,,5.6984855802767
2026-09-25T00:33:49+00:00,area_trajectory,grain,,1790247120000.0,,5.6984855802767
2026-09-25T00:33:49+00:00,area_trajectory,grain,,1790247240000.0,,5.679039047073569
2026-09-25T00:33:49+00:00,area_trajectory,grain,,1790247360000.0,,5.998421493362639
2026-09-25T00:33:49+00:00,area_trajectory,grain,,1790247480000.0,,5.998421493362639
2026-09-25T00:33:49+00:00,area_trajectory,grain,,1790247600000.0,,5.998421493362639
2026-09-25T00:33:49+00:00,area_trajectory,grain,,1790247720000.0,,5.73869663984701
2026-09-25T00:33:49+00:00,area_trajectory,grain,,1790247840000.0,,5.87020701582357
2026-09-25T00:33:49+00:00,area_trajectory,grain,,1790247960000.0,,5.87020701582357
2026-09-25T00:33:49+00:00,area_trajectory,grain,,1790248080000.0,,5.87020701582357
2026-09-25T00:33:49+00:00,area_trajectory,grain,,1790248200000.0,,5.8510902555696696
2026-09-25T00:33:49+00:00,area_trajectory,grain,,1790248320000.0,,5.999043578933921
2026-09-25T00:33:49+00:00,area_trajectory,grain,,1790248440000.0,,5.999043578933921
2026-09-25T00:33:49+00:00,area_trajectory,grain,,1790248560000.0,,5.999043578933921
2026-09-25T00:33:49+00:00,area_trajectory,grain,,1790248680000.0,,5.86617869551107
2026-09-25T00:33:49+00:00,area_trajectory,grain,,1790248800000.0,,5.86617869551107
2026-09-25T00:33:49+00:00,area_trajectory,grain,,1790248920000.0,,5.90408262617514
2026-09-25T00:33:49+00:00,area_trajectory,grain,,1790249040000.0,,5.90408262617514
2026-09-25T00:33:49+00:00,area_trajectory,grain,,1790249160000.0,,5.96209226972982
2026-09-25T00:33:49+00:00,area_trajectory,grain,,1790249280000.0,,5.99966661055014
2026-09-25T00:33:49+00:00,area_trajectory,grain,,1790249400000.0,,5.99966661055014
2026-09-25T00:33:49+00:00,area_trajectory,grain,,1790249520000.0,,5.99966661055014
2026-09-25T00:33:49+00:00,area_trajectory,grain,,1790249640000.0,,5.96044432051107
2026-09-25T00:33:49+00:00,area_trajectory,grain,,1790249760000.0,,5.96044432051107
2026-09-25T00:33:49+00:00,area_trajectory,grain,,1790249880000.0,,5.96044432051107
2026-09-25T00:33:49+00:00,area_trajectory,grain,,1790250000000.0,,5.96044432051107
2026-09-25T00:33:49+00:00,area_trajectory,grain,,1790250120000.0,,6.017135421585289
2026-09-25T00:33:49+00:00,area_trajectory,grain,,1790250240000.0,,6.017135421585289
2026-09-25T00:33:49+00:00,area_trajectory,grain,,1790250360000.0,,6.017135421585289
2026-09-25T00:33:49+00:00,area_trajectory,grain,,1790250480000.0,,6.017135421585289
2026-09-25T00:33:49+00:00,area_trajectory,grain,,1790250600000.0,,6.017135421585289
2026-09-25T00:33:49+00:00,area_trajectory,grain,,1790250720000.0,,5.9386906584017
2026-09-25T00:33:49+00:00,area_trajectory,grain,,1790250840000.0,,5.9386906584017
2026-09-25T00:33:49+00:00,area_trajectory,grain,,1790250960000.0,,5.9386906584017
2026-09-25T00:33:49+00:00,area_trajectory,grain,,1790251080000.0,,6.0533914030305995
2026-09-25T00:33:49+00:00,area_trajectory,grain,,1790251200000.0,,6.09129551680014
2026-09-25T00:33:49+00:00,area_trajectory,grain,,1790251320000.0,,6.09129551680014
2026-09-25T00:33:49+00:00,area_trajectory,grain,,1790251440000.0,,6.093675887893889
2026-09-25T00:33:49+00:00,area_trajectory,grain,,1790251560000.0,,6.01654948408529
2026-09-25T00:33:49+00:00,area_trajectory,grain,,1790251680000.0,,6.072581405472009
2026-09-25T00:33:49+00:00,area_trajectory,grain,,1790251800000.0,,6.072581405472009
2026-09-25T00:33:49+00:00,area_trajectory,grain,,1790251920000.0,,6.072581405472009
2026-09-25T00:33:49+00:00,area_trajectory,grain,,1790252040000.0,,5.99710295088217
2026-09-25T00:33:49+00:00,area_trajectory,grain,,1790252160000.0,,6.070933456253259
2026-09-25T00:33:49+00:00,area_trajectory,grain,,1790252280000.0,,6.070933456253259
2026-09-25T00:33:49+00:00,area_trajectory,grain,,1790252400000.0,,6.070933456253259
2026-09-25T00:33:49+00:00,area_trajectory,grain,,1790252520000.0,,6.09005021650717
2026-09-25T00:33:49+00:00,area_trajectory,grain,,1790252640000.0,,6.07027427656576
2026-09-25T00:33:49+00:00,area_trajectory,grain,,1790252760000.0,,6.07027427656576
2026-09-25T00:33:49+00:00,area_trajectory,grain,,1790252880000.0,,6.07027427656576
2026-09-25T00:33:49+00:00,area_trajectory,grain,,1790253000000.0,,6.0870837248079495
2026-09-25T00:33:49+00:00,area_trajectory,grain,,1790253120000.0,,6.0870837248079495
2026-09-25T00:33:49+00:00,area_trajectory,grain,,1790253240000.0,,6.0870837248079495
2026-09-25T00:33:49+00:00,area_trajectory,grain,,1790253360000.0,,6.0870837248079495
2026-09-25T00:33:49+00:00,area_trajectory,grain,,1790253480000.0,,6.048520614456381
2026-09-25T00:33:49+00:00,area_trajectory,grain,,1790253600000.0,,6.14113810713217
2026-09-25T00:33:49+00:00,area_trajectory,grain,,1790253720000.0,,6.14113810713217
2026-09-25T00:33:49+00:00,area_trajectory,grain,,1790253840000.0,,6.14113810713217
2026-09-25T00:33:49+00:00,area_trajectory,grain,,1790253960000.0,,6.1029045866243505
2026-09-25T00:33:49+00:00,area_trajectory,grain,,1790254080000.0,,6.06500065596029
2026-09-25T00:33:49+00:00,area_trajectory,grain,,1790254200000.0,,6.06500065596029
2026-09-25T00:33:49+00:00,area_trajectory,grain,,1790254320000.0,,6.06500065596029
2026-09-25T00:33:49+00:00,area_trajectory,grain,,1790254440000.0,,6.1029045866243505
2026-09-25T00:33:49+00:00,area_trajectory,grain,,1790254560000.0,,6.1029045866243505
2026-09-25T00:33:49+00:00,area_trajectory,grain,,1790254680000.0,,6.1029045866243505
2026-09-25T00:33:49+00:00,area_trajectory,grain,,1790254800000.0,,6.1029045866243505
2026-09-25T00:33:49+00:00,area_trajectory,grain,,1790254920000.0,,6.1029045866243505
2026-09-25T00:33:49+00:00,area_trajectory,grain,,1790255040000.0,,6.14681518537924
2026-09-25T00:33:49+00:00,area_trajectory,grain,,1790255160000.0,,6.14681518537924
2026-09-25T00:33:49+00:00,area_trajectory,grain,,1790255280000.0,,6.073021774124359
2026-09-25T00:33:49+00:00,area_trajectory,grain,,1790255400000.0,,6.073021774124359
2026-09-25T00:33:49+00:00,area_trajectory,grain,,1790255520000.0,,6.03709538252279
2026-09-25T00:33:49+00:00,area_trajectory,grain,,1790255640000.0,,6.03709538252279
2026-09-25T00:33:49+00:00,area_trajectory,grain,,1790255760000.0,,6.03709538252279
2026-09-25T00:33:49+00:00,area_trajectory,grain,,1790255880000.0,,6.055552963089201
2026-09-25T00:33:49+00:00,area_trajectory,grain,,1790256000000.0,,6.055552963089201
2026-09-25T00:33:49+00:00,area_trajectory,grain,,1790256120000.0,,6.0743401334993505
2026-09-25T00:33:49+00:00,area_trajectory,grain,,1790256240000.0,,6.0743401334993505
2026-09-25T00:33:49+00:00,area_trajectory,grain,,1790256360000.0,,6.322858383011071
2026-09-25T00:33:49+00:00,area_trajectory,grain,,1790256480000.0,,6.23617369062826
2026-09-25T00:33:49+00:00,area_trajectory,grain,,1790256600000.0,,6.23617369062826
2026-09-25T00:33:49+00:00,area_trajectory,grain,,1790256720000.0,,6.23617369062826
2026-09-25T00:33:49+00:00,area_trajectory,grain,,1790256840000.0,,6.50710496504232
2026-09-25T00:33:49+00:00,area_trajectory,grain,,1790256960000.0,,6.415146468948571
2026-09-25T00:33:49+00:00,area_trajectory,grain,,1790257080000.0,,6.415146468948571
2026-09-25T00:33:49+00:00,area_trajectory,grain,,1790257200000.0,,6.415146468948571
2026-09-25T00:33:49+00:00,area_trajectory,grain,,1790257320000.0,,6.51618652326986
2026-09-25T00:33:49+00:00,area_trajectory,grain,,1790257440000.0,,6.63088726789877
2026-09-25T00:33:49+00:00,area_trajectory,grain,,1790257560000.0,,6.63088726789877
2026-09-25T00:33:49+00:00,area_trajectory,grain,,1790257680000.0,,6.54519200117514
2026-09-25T00:33:49+00:00,area_trajectory,grain,,1790257800000.0,,6.5260754240267
2026-09-25T00:33:49+00:00,area_trajectory,grain,,1790257920000.0,,6.50860642988607
2026-09-25T00:33:49+00:00,area_trajectory,grain,,1790258040000.0,,6.50860642988607
2026-09-25T00:33:49+00:00,area_trajectory,grain,,1790258160000.0,,6.50860642988607
2026-09-25T00:33:49+00:00,area_trajectory,grain,,1790258280000.0,,6.49014903242514
2026-09-25T00:33:49+00:00,area_trajectory,grain,,1790258400000.0,,6.50893601972982
2026-09-25T00:33:49+00:00,area_trajectory,grain,,1790258520000.0,,6.50893601972982
2026-09-25T00:33:49+00:00,area_trajectory,grain,,1790258640000.0,,6.530359359573571
2026-09-25T00:33:49+00:00,area_trajectory,grain,,1790258760000.0,,7.04123936445639
2026-09-25T00:33:49+00:00,area_trajectory,grain,,1790258880000.0,,6.99542491133138
2026-09-25T00:33:49+00:00,area_trajectory,grain,,1790259000000.0,,6.99542491133138
2026-09-25T00:33:49+00:00,area_trajectory,grain,,1790259120000.0,,7.095402404617521
2026-09-25T00:33:49+00:00,area_trajectory,grain,,1790259240000.0,,7.13180743391439
2026-09-25T00:33:49+00:00,area_trajectory,grain,,1790259360000.0,,6.470629882644859
2026-09-25T00:33:49+00:00,area_trajectory,grain,,1790259480000.0,,6.470629882644859
2026-09-25T00:33:49+00:00,area_trajectory,grain,,1790259600000.0,,6.470629882644859
2026-09-25T00:33:49+00:00,area_trajectory,grain,,1790259720000.0,,6.4020731809847105
2026-09-25T00:33:49+00:00,area_trajectory,grain,,1790259840000.0,,6.46469708235189
2026-09-25T00:33:49+00:00,area_trajectory,grain,,1790259960000.0,,6.46469708235189
2026-09-25T00:33:49+00:00,area_trajectory,grain,,1790260080000.0,,6.38614292890951
2026-09-25T00:33:49+00:00,area_trajectory,grain,,1790260200000.0,,6.41152207930014
2026-09-25T00:33:49+00:00,area_trajectory,grain,,1790260320000.0,,6.456273864578461
2026-09-25T00:33:49+00:00,area_trajectory,grain,,1790260440000.0,,6.456273864578461
2026-09-25T00:33:49+00:00,area_trajectory,grain,,1790260560000.0,,6.456273864578461
2026-09-25T00:33:49+00:00,area_trajectory,grain,,1790260680000.0,,6.456273864578461
2026-09-25T00:33:49+00:00,area_trajectory,grain,,1790260800000.0,,6.49681469709799
2026-09-25T00:33:49+00:00,area_trajectory,grain,,1790260920000.0,,6.49681469709799
2026-09-25T00:33:49+00:00,area_trajectory,grain,,1790261040000.0,,6.49681469709799
2026-09-25T00:33:49+00:00,area_trajectory,grain,,1790261160000.0,,6.461217895340179
2026-09-25T00:33:49+00:00,area_trajectory,grain,,1790261280000.0,,6.461217895340179
2026-09-25T00:33:49+00:00,area_trajectory,grain,,1790261400000.0,,6.461217895340179
2026-09-25T00:33:49+00:00,area_trajectory,grain,,1790261520000.0,,6.461217895340179
2026-09-25T00:33:49+00:00,area_trajectory,grain,,1790261640000.0,,6.50044018537924
2026-09-25T00:33:49+00:00,area_trajectory,grain,,1790261760000.0,,6.50044018537924
2026-09-25T00:33:49+00:00,area_trajectory,grain,,1790261880000.0,,6.50044018537924
2026-09-25T00:33:49+00:00,area_trajectory,grain,,1790262000000.0,,6.50044018537924
2026-09-25T00:33:49+00:00,area_trajectory,grain,,1790262120000.0,,6.46689416487142
2026-09-25T00:33:49+00:00,area_trajectory,grain,,1790262240000.0,,6.39548112471029
2026-09-25T00:33:49+00:00,area_trajectory,grain,,1790262360000.0,,6.39548112471029
2026-09-25T00:33:49+00:00,area_trajectory,grain,,1790262480000.0,,6.39548112471029
2026-09-25T00:33:49+00:00,area_trajectory,grain,,1790262600000.0,,6.53149523909018
2026-09-25T00:33:49+00:00,area_trajectory,grain,,1790262720000.0,,6.47381518537924
2026-09-25T00:33:49+00:00,area_trajectory,grain,,1790262840000.0,,6.47381518537924
2026-09-25T00:33:49+00:00,area_trajectory,grain,,1790262960000.0,,6.47381518537924
2026-09-25T00:33:49+00:00,area_trajectory,grain,,1790263080000.0,,6.39050028974935
2026-09-25T00:33:49+00:00,area_trajectory,grain,,1790263200000.0,,6.41159458906576
2026-09-25T00:33:49+00:00,area_trajectory,grain,,1790263320000.0,,6.41159458906576
2026-09-25T00:33:49+00:00,area_trajectory,grain,,1790263440000.0,,6.41159458906576
2026-09-25T00:33:49+00:00,area_trajectory,grain,,1790263560000.0,,6.432359481643879
2026-09-25T00:33:49+00:00,area_trajectory,grain,,1790263680000.0,,6.3954443205110705
2026-09-25T00:33:49+00:00,area_trajectory,grain,,1790263800000.0,,6.46685736067221
2026-09-25T00:33:49+00:00,area_trajectory,grain,,1790263920000.0,,6.46685736067221
2026-09-25T00:33:49+00:00,area_trajectory,grain,,1790264040000.0,,6.46685736067221
2026-09-25T00:33:49+00:00,area_trajectory,grain,,1790264160000.0,,6.46685736067221
2026-09-25T00:33:49+00:00,area_trajectory,grain,,1790264280000.0,,6.46685736067221
2026-09-25T00:33:49+00:00,area_trajectory,grain,,1790264400000.0,,6.46685736067221
2026-09-25T00:33:49+00:00,area_trajectory,grain,,1790264520000.0,,6.40496635420248
2026-09-25T00:33:49+00:00,area_trajectory,grain,,1790264640000.0,,6.49542236311361
2026-09-25T00:33:49+00:00,area_trajectory,grain,,1790264760000.0,,6.49542236311361
2026-09-25T00:33:49+00:00,area_trajectory,grain,,1790264880000.0,,6.412107467483731
2026-09-25T00:33:49+00:00,area_trajectory,grain,,1790265000000.0,,6.433861129593099
2026-09-25T00:33:49+00:00,area_trajectory,grain,,1790265120000.0,,6.41441477949545
2026-09-25T00:33:49+00:00,area_trajectory,grain,,1790265240000.0,,6.41441477949545
2026-09-25T00:33:49+00:00,area_trajectory,grain,,1790265360000.0,,6.41441477949545
2026-09-25T00:33:49+00:00,area_trajectory,grain,,1790265480000.0,,6.46975061018392
2026-09-25T00:33:49+00:00,area_trajectory,grain,,1790265600000.0,,6.4915040891878295
2026-09-25T00:33:49+00:00,area_trajectory,grain,,1790265720000.0,,6.51292742903158
2026-09-25T00:33:49+00:00,area_trajectory,grain,,1790265840000.0,,6.51292742903158
2026-09-25T00:33:49+00:00,area_trajectory,grain,,1790265960000.0,,6.44151438887045
2026-09-25T00:33:49+00:00,area_trajectory,grain,,1790266080000.0,,6.41943132002279
2026-09-25T00:33:49+00:00,area_trajectory,grain,,1790266200000.0,,6.41943132002279
2026-09-25T00:33:49+00:00,area_trajectory,grain,,1790266320000.0,,6.490844360183919
2026-09-25T00:33:49+00:00,area_trajectory,grain,,1790266440000.0,,6.41705094892904
2026-09-25T00:33:49+00:00,area_trajectory,grain,,1790266560000.0,,6.46879801924154
2026-09-25T00:33:49+00:00,area_trajectory,grain,,1790266680000.0,,6.46879801924154
2026-09-25T00:33:49+00:00,area_trajectory,grain,,1790266800000.0,,6.46879801924154
2026-09-25T00:33:49+00:00,area_trajectory,grain,,1790266920000.0,,6.44836289961264
2026-09-25T00:33:49+00:00,area_trajectory,grain,,1790267040000.0,,6.46747965986654
2026-09-25T00:33:49+00:00,area_trajectory,grain,,1790267160000.0,,6.46747965986654
2026-09-25T00:33:49+00:00,area_trajectory,grain,,1790267280000.0,,6.46747965986654
2026-09-25T00:33:49+00:00,area_trajectory,grain,,1790267400000.0,,6.69787010176107
2026-09-25T00:33:49+00:00,area_trajectory,grain,,1790267520000.0,,6.451658798050141
2026-09-25T00:33:49+00:00,area_trajectory,grain,,1790267640000.0,,6.451658798050141
2026-09-25T00:33:49+00:00,area_trajectory,grain,,1790267760000.0,,6.556397033523769
2026-09-25T00:33:49+00:00,area_trajectory,grain,,1790267880000.0,,6.6325348509065805
2026-09-25T00:33:49+00:00,area_trajectory,grain,,1790268000000.0,,6.635611312698569
2026-09-25T00:33:49+00:00,area_trajectory,grain,,1790268120000.0,,6.635611312698569
2026-09-25T00:33:49+00:00,area_trajectory,grain,,1790268240000.0,,6.635611312698569
2026-09-25T00:33:49+00:00,area_trajectory,grain,,1790268360000.0,,6.57694248945638
2026-09-25T00:33:49+00:00,area_trajectory,grain,,1790268480000.0,,6.57694248945638
2026-09-25T00:33:49+00:00,area_trajectory,grain,,1790268600000.0,,6.57694248945638
2026-09-25T00:33:49+00:00,area_trajectory,grain,,1790268720000.0,,6.57694248945638
2026-09-25T00:33:49+00:00,area_trajectory,grain,,1790268840000.0,,6.57694248945638
2026-09-25T00:33:49+00:00,area_trajectory,grain,,1790268960000.0,,6.59210398847982
2026-09-25T00:33:49+00:00,area_trajectory,grain,,1790269080000.0,,6.59210398847982
2026-09-25T00:33:49+00:00,area_trajectory,grain,,1790269200000.0,,6.59210398847982
2026-09-25T00:33:49+00:00,area_trajectory,grain,,1790269320000.0,,6.5332531584017
2026-09-25T00:33:49+00:00,area_trajectory,grain,,1790269440000.0,,6.5332531584017
2026-09-25T00:33:49+00:00,area_trajectory,grain,,1790269560000.0,,6.574123763870451
2026-09-25T00:33:49+00:00,area_trajectory,grain,,1790269680000.0,,6.574123763870451
2026-09-25T00:33:49+00:00,area_trajectory,grain,,1790269800000.0,,6.59225157148764
2026-09-25T00:33:49+00:00,area_trajectory,grain,,1790269920000.0,,6.55171092207357
2026-09-25T00:33:49+00:00,area_trajectory,grain,,1790270040000.0,,6.55171092207357
2026-09-25T00:33:49+00:00,area_trajectory,grain,,1790270160000.0,,6.62550433332846
2026-09-25T00:33:49+00:00,area_trajectory,grain,,1790270280000.0,,6.62550433332846
2026-09-25T00:33:49+00:00,area_trajectory,grain,,1790270400000.0,,6.6587940061800195
2026-09-25T00:33:49+00:00,area_trajectory,grain,,1790270520000.0,,6.6587940061800195
2026-09-25T00:33:49+00:00,area_trajectory,grain,,1790270640000.0,,6.6587940061800195
2026-09-25T00:33:49+00:00,area_trajectory,grain,,1790270760000.0,,6.62056011946127
2026-09-25T00:33:49+00:00,area_trajectory,grain,,1790270880000.0,,6.676921813797209
2026-09-25T00:33:49+00:00,area_trajectory,grain,,1790271000000.0,,6.676921813797209
2026-09-25T00:33:49+00:00,area_trajectory,grain,,1790271120000.0,,6.603128402542319
2026-09-25T00:33:49+00:00,area_trajectory,grain,,1790271240000.0,,6.210904586624359
2026-09-25T00:33:49+00:00,area_trajectory,grain,,1790271360000.0,,6.82165306074545
2026-09-25T00:33:49+00:00,area_trajectory,grain,,1790271480000.0,,6.82165306074545
2026-09-25T00:33:49+00:00,area_trajectory,grain,,1790271600000.0,,6.82165306074545
2026-09-25T00:33:49+00:00,area_trajectory,grain,,1790271720000.0,,6.85230601484701
2026-09-25T00:33:49+00:00,area_trajectory,grain,,1790271840000.0,,6.863842025589201
2026-09-25T00:33:49+00:00,area_trajectory,grain,,1790271960000.0,,6.863842025589201
2026-09-25T00:33:49+00:00,area_trajectory,grain,,1790272080000.0,,6.863842025589201
2026-09-25T00:33:49+00:00,area_trajectory,grain,,1790272200000.0,,6.863842025589201
2026-09-25T00:33:49+00:00,area_trajectory,grain,,1790272320000.0,,6.863842025589201
2026-09-25T00:33:49+00:00,area_trajectory,grain,,1790272440000.0,,6.863842025589201
2026-09-25T00:33:49+00:00,area_trajectory,grain,,1790272560000.0,,6.863842025589201
2026-09-25T00:33:49+00:00,area_trajectory,grain,,1790272680000.0,,6.84044041426107
2026-09-25T00:33:49+00:00,area_trajectory,grain,,1790272800000.0,,6.859557357620449
2026-09-25T00:33:49+00:00,area_trajectory,grain,,1790272920000.0,,6.859557357620449
2026-09-25T00:33:49+00:00,area_trajectory,grain,,1790273040000.0,,6.859557357620449
2026-09-25T00:33:49+00:00,area_trajectory,grain,,1790273160000.0,,6.893505843948571
2026-09-25T00:33:49+00:00,area_trajectory,grain,,1790273280000.0,,6.873070907425141
2026-09-25T00:33:49+00:00,area_trajectory,grain,,1790273400000.0,,7.096829604934899
2026-09-25T00:33:49+00:00,area_trajectory,grain,,1790273520000.0,,7.11825294477865
2026-09-25T00:33:49+00:00,area_trajectory,grain,,1790273640000.0,,7.171318374466149
2026-09-25T00:33:49+00:00,area_trajectory,grain,,1790273760000.0,,7.17468678266928
2026-09-25T00:33:49+00:00,area_trajectory,grain,,1790273880000.0,,7.19611012251303
2026-09-25T00:33:49+00:00,area_trajectory,grain,,1790274000000.0,,7.19611012251303
2026-09-25T00:33:49+00:00,area_trajectory,grain,,1790274120000.0,,7.12451661665365
2026-09-25T00:33:49+00:00,area_trajectory,grain,,1790274240000.0,,7.12118153364584
2026-09-25T00:33:49+00:00,area_trajectory,grain,,1790274360000.0,,6.94979290754721
2026-09-25T00:33:49+00:00,area_trajectory,grain,,1790274480000.0,,6.94979290754721
2026-09-25T00:33:49+00:00,area_trajectory,grain,,1790274600000.0,,7.00285870344564
2026-09-25T00:33:49+00:00,area_trajectory,grain,,1790274720000.0,,7.15044361860678
2026-09-25T00:33:49+00:00,area_trajectory,grain,,1790274840000.0,,7.1312534330599
2026-09-25T00:33:49+00:00,area_trajectory,grain,,1790274960000.0,,7.1312534330599
2026-09-25T00:33:49+00:00,area_trajectory,grain,,1790275080000.0,,7.18497840864584
2026-09-25T00:33:49+00:00,area_trajectory,grain,,1790275200000.0,,7.01919024641439
2026-09-25T00:33:49+00:00,area_trajectory,grain,,1790275320000.0,,7.140591079544279
2026-09-25T00:33:49+00:00,area_trajectory,grain,,1790275440000.0,,7.140591079544279
2026-09-25T00:33:49+00:00,area_trajectory,grain,,1790275560000.0,,7.148248550247399
2026-09-25T00:33:49+00:00,area_trajectory,grain,,1790275680000.0,,7.0520053861849
2026-09-25T00:33:49+00:00,area_trajectory,grain,,1790275800000.0,,7.12579689009115
2026-09-25T00:33:49+00:00,area_trajectory,grain,,1790275920000.0,,7.00439605696127
2026-09-25T00:33:49+00:00,area_trajectory,grain,,1790276040000.0,,7.159672500442709
2026-09-25T00:33:49+00:00,area_trajectory,grain,,1790276160000.0,,7.10396998579428
2026-09-25T00:33:49+00:00,area_trajectory,grain,,1790276280000.0,,7.15634005720541
2026-09-25T00:33:49+00:00,area_trajectory,grain,,1790276400000.0,,7.15634005720541
2026-09-25T00:33:49+00:00,area_trajectory,grain,,1790276520000.0,,7.15634005720541
2026-09-25T00:33:49+00:00,area_trajectory,grain,,1790276640000.0,,7.20907589704916
2026-09-25T00:33:49+00:00,area_trajectory,grain,,1790276760000.0,,7.26382443220541
2026-09-25T00:33:49+00:00,area_trajectory,grain,,1790276880000.0,,7.26382443220541
2026-09-25T00:33:49+00:00,area_trajectory,grain,,1790277000000.0,,7.26382443220541
2026-09-25T00:33:49+00:00,area_trajectory,grain,,1790277120000.0,,7.26382443220541
2026-09-25T00:33:49+00:00,area_trajectory,grain,,1790277240000.0,,7.154325088333341
2026-09-25T00:33:49+00:00,area_trajectory,grain,,1790277360000.0,,7.154325088333341
2026-09-25T00:33:49+00:00,area_trajectory,grain,,1790277480000.0,,7.136196914505209
2026-09-25T00:33:49+00:00,area_trajectory,grain,,1790277600000.0,,7.34391740400717
2026-09-25T00:33:49+00:00,area_trajectory,grain,,1790277720000.0,,7.246320281814779
2026-09-25T00:33:49+00:00,area_trajectory,grain,,1790277840000.0,,7.1725268705599
2026-09-25T00:33:49+00:00,area_trajectory,grain,,1790277960000.0,,7.115176406692711
2026-09-25T00:33:49+00:00,area_trajectory,grain,,1790278080000.0,,7.26470407087728
2026-09-25T00:33:49+00:00,area_trajectory,grain,,1790278200000.0,,7.121879897903651
2026-09-25T00:33:49+00:00,area_trajectory,grain,,1790278320000.0,,7.29088815290853
2026-09-25T00:33:49+00:00,area_trajectory,grain,,1790278440000.0,,7.25133590681478
2026-09-25T00:33:49+00:00,area_trajectory,grain,,1790278560000.0,,7.26979367048666
2026-09-25T00:33:49+00:00,area_trajectory,grain,,1790278680000.0,,7.26979367048666
2026-09-25T00:33:49+00:00,area_trajectory,grain,,1790278800000.0,,7.172196548294281
2026-09-25T00:33:49+00:00,area_trajectory,grain,,1790278920000.0,,7.24598995954916
2026-09-25T00:33:49+00:00,area_trajectory,grain,,1790279040000.0,,7.2624698179476
2026-09-25T00:33:49+00:00,area_trajectory,grain,,1790279160000.0,,7.2624698179476
2026-09-25T00:33:49+00:00,area_trajectory,grain,,1790279280000.0,,7.2624698179476
2026-09-25T00:33:49+00:00,area_trajectory,grain,,1790279400000.0,,7.07320899946615
2026-09-25T00:33:49+00:00,area_trajectory,grain,,1790279520000.0,,7.1748709867708405
2026-09-25T00:33:49+00:00,area_trajectory,grain,,1790279640000.0,,7.1748709867708405
2026-09-25T00:33:49+00:00,area_trajectory,grain,,1790279760000.0,,7.1748709867708405
2026-09-25T00:33:49+00:00,area_trajectory,grain,,1790279880000.0,,7.13564833052084
2026-09-25T00:33:49+00:00,area_trajectory,grain,,1790280000000.0,,7.1554244535677105
2026-09-25T00:33:49+00:00,area_trajectory,grain,,1790280120000.0,,7.18636927778646
2026-09-25T00:33:49+00:00,area_trajectory,grain,,1790280240000.0,,7.18636927778646
2026-09-25T00:33:49+00:00,area_trajectory,grain,,1790280360000.0,,7.16560438520834
2026-09-25T00:33:49+00:00,area_trajectory,grain,,1790280480000.0,,7.15370252973959
2026-09-25T00:33:49+00:00,area_trajectory,grain,,1790280600000.0,,7.244158538650719
2026-09-25T00:33:49+00:00,area_trajectory,grain,,1790280720000.0,,7.10371473677084
2026-09-25T00:33:49+00:00,area_trajectory,grain,,1790280840000.0,,7.19893148786947
2026-09-25T00:33:49+00:00,area_trajectory,grain,,1790280960000.0,,7.374642501663421
2026-09-25T00:33:49+00:00,area_trajectory,grain,,1790281080000.0,,7.31989205915853
2026-09-25T00:33:49+00:00,area_trajectory,grain,,1790281200000.0,,7.31989205915853
2026-09-25T00:33:49+00:00,area_trajectory,grain,,1790281320000.0,,7.222882415603849
2026-09-25T00:33:49+00:00,area_trajectory,grain,,1790281440000.0,,7.1492358549349
2026-09-25T00:33:49+00:00,area_trajectory,grain,,1790281560000.0,,7.270636688064779
2026-09-25T00:33:49+00:00,area_trajectory,grain,,1790281680000.0,,7.270636688064779
2026-09-25T00:33:49+00:00,area_trajectory,grain,,1790281800000.0,,7.097964492630211
2026-09-25T00:33:49+00:00,area_trajectory,grain,,1790281920000.0,,7.135136367630209
2026-09-25T00:33:49+00:00,area_trajectory,grain,,1790282040000.0,,7.225592376541351
2026-09-25T00:33:49+00:00,area_trajectory,grain,,1790282160000.0,,7.225592376541351
2026-09-25T00:33:49+00:00,area_trajectory,grain,,1790282280000.0,,7.16791232283041
2026-09-25T00:33:49+00:00,area_trajectory,grain,,1790282400000.0,,7.1654956205599
2026-09-25T00:33:49+00:00,area_trajectory,grain,,1790282520000.0,,7.24166940290853
2026-09-25T00:33:49+00:00,area_trajectory,grain,,1790282640000.0,,7.24166940290853
2026-09-25T00:33:49+00:00,area_trajectory,grain,,1790282760000.0,,7.18530807478353
2026-09-25T00:33:49+00:00,area_trajectory,grain,,1790282880000.0,,7.18530807478353
2026-09-25T00:33:49+00:00,area_trajectory,grain,,1790283000000.0,,7.09723243696615
2026-09-25T00:33:49+00:00,area_trajectory,grain,,1790283120000.0,,7.22577438337728
2026-09-25T00:33:49+00:00,area_trajectory,grain,,1790283240000.0,,7.26697421247885
2026-09-25T00:33:49+00:00,area_trajectory,grain,,1790283360000.0,,7.26697421247885
2026-09-25T00:33:49+00:00,area_trajectory,grain,,1790283480000.0,,7.26697421247885
2026-09-25T00:33:49+00:00,area_trajectory,grain,,1790283600000.0,,7.23840975935385
2026-09-25T00:33:49+00:00,area_trajectory,grain,,1790283720000.0,,7.231268646072601
2026-09-25T00:33:49+00:00,area_trajectory,grain,,1790283840000.0,,7.23159823591635
2026-09-25T00:33:49+00:00,area_trajectory,grain,,1790283960000.0,,7.15644955427572
2026-09-25T00:33:49+00:00,area_trajectory,grain,,1790284080000.0,,7.15644955427572
2026-09-25T00:33:49+00:00,area_trajectory,grain,,1790284200000.0,,7.177214080642909
2026-09-25T00:33:49+00:00,area_trajectory,grain,,1790284320000.0,,7.1014062193147796
2026-09-25T00:33:49+00:00,area_trajectory,grain,,1790284440000.0,,7.1014062193147796
2026-09-25T00:33:49+00:00,area_trajectory,grain,,1790284560000.0,,7.1014062193147796
2026-09-25T00:33:49+00:00,area_trajectory,grain,,1790284680000.0,,7.1014062193147796
2026-09-25T00:33:49+00:00,area_trajectory,grain,,1790284800000.0,,7.1762253111116605
2026-09-25T00:33:49+00:00,area_trajectory,grain,,1790284920000.0,,7.1762253111116605
2026-09-25T00:33:49+00:00,area_trajectory,grain,,1790285040000.0,,7.1762253111116605
2026-09-25T00:33:49+00:00,area_trajectory,grain,,1790285160000.0,,6.94909571821615
2026-09-25T00:33:49+00:00,area_trajectory,grain,,1790285280000.0,,7.0904924009554104
2026-09-25T00:33:49+00:00,area_trajectory,grain,,1790285400000.0,,7.0904924009554104
2026-09-25T00:33:49+00:00,area_trajectory,grain,,1790285520000.0,,7.0904924009554104
2026-09-25T00:33:49+00:00,area_trajectory,grain,,1790285640000.0,,6.9593116148225995
2026-09-25T00:33:49+00:00,area_trajectory,grain,,1790285760000.0,,7.088185272049159
2026-09-25T00:33:49+00:00,area_trajectory,grain,,1790285880000.0,,7.088185272049159
2026-09-25T00:33:49+00:00,area_trajectory,grain,,1790286000000.0,,7.088185272049159
2026-09-25T00:33:49+00:00,area_trajectory,grain,,1790286120000.0,,6.939865447830409
2026-09-25T00:33:49+00:00,area_trajectory,grain,,1790286240000.0,,7.033471893142909
2026-09-25T00:33:49+00:00,area_trajectory,grain,,1790286360000.0,,7.033471893142909
2026-09-25T00:33:49+00:00,area_trajectory,grain,,1790286480000.0,,7.033471893142909
2026-09-25T00:33:49+00:00,area_trajectory,grain,,1790286600000.0,,7.01402535993978
2026-09-25T00:33:49+00:00,area_trajectory,grain,,1790286720000.0,,6.86207968122885
2026-09-25T00:33:49+00:00,area_trajectory,grain,,1790286840000.0,,6.86207968122885
2026-09-25T00:33:49+00:00,area_trajectory,grain,,1790286960000.0,,6.86207968122885
2026-09-25T00:33:49+00:00,area_trajectory,grain,,1790287080000.0,,6.73928688032553
2026-09-25T00:33:49+00:00,area_trajectory,grain,,1790287200000.0,,6.931552093338221
2026-09-25T00:33:49+00:00,area_trajectory,grain,,1790287320000.0,,6.81967274458334
2026-09-25T00:33:49+00:00,area_trajectory,grain,,1790287440000.0,,6.922030608963221
2026-09-25T00:33:49+00:00,area_trajectory,grain,,1790287560000.0,,6.86468051130697
2026-09-25T00:33:49+00:00,area_trajectory,grain,,1790287680000.0,,6.69849024946615
2026-09-25T00:33:49+00:00,area_trajectory,grain,,1790287800000.0,,6.7770424955599
2026-09-25T00:33:49+00:00,area_trajectory,grain,,1790287920000.0,,6.7770424955599
2026-09-25T00:33:49+00:00,area_trajectory,grain,,1790288040000.0,,6.772320571731781
2026-09-25T00:33:49+00:00,area_trajectory,grain,,1790288160000.0,,6.89610177595541
2026-09-25T00:33:49+00:00,area_trajectory,grain,,1790288280000.0,,6.89610177595541
2026-09-25T00:33:49+00:00,area_trajectory,grain,,1790288400000.0,,6.89610177595541
2026-09-25T00:33:49+00:00,area_trajectory,grain,,1790288520000.0,,6.857246719192711
2026-09-25T00:33:49+00:00,area_trajectory,grain,,1790288640000.0,,6.87108920271322
2026-09-25T00:33:49+00:00,area_trajectory,grain,,1790288760000.0,,6.87108920271322
2026-09-25T00:33:49+00:00,area_trajectory,grain,,1790288880000.0,,6.87108920271322
2026-09-25T00:33:49+00:00,area_trajectory,grain,,1790289000000.0,,6.96700277693197
2026-09-25T00:33:49+00:00,area_trajectory,grain,,1790289120000.0,,6.98513058454916
2026-09-25T00:33:49+00:00,area_trajectory,grain,,1790289240000.0,,6.98513058454916
2026-09-25T00:33:49+00:00,area_trajectory,grain,,1790289360000.0,,6.98513058454916
2026-09-25T00:33:49+00:00,area_trajectory,grain,,1790289480000.0,,6.87471469099447
2026-09-25T00:33:49+00:00,area_trajectory,grain,,1790289600000.0,,7.0068842466585295
2026-09-25T00:33:49+00:00,area_trajectory,grain,,1790289720000.0,,7.0068842466585295
2026-09-25T00:33:49+00:00,area_trajectory,grain,,1790289840000.0,,7.0068842466585295
2026-09-25T00:33:49+00:00,area_trajectory,grain,,1790289960000.0,,6.91525534040854
2026-09-25T00:33:49+00:00,area_trajectory,grain,,1790290080000.0,,6.84175460798666
2026-09-25T00:33:49+00:00,area_trajectory,grain,,1790290200000.0,,6.765580825638031
2026-09-25T00:33:49+00:00,area_trajectory,grain,,1790290320000.0,,6.765580825638031
2026-09-25T00:33:49+00:00,area_trajectory,grain,,1790290440000.0,,6.970590179275721
2026-09-25T00:33:49+00:00,area_trajectory,grain,,1790290560000.0,,7.02794027693197
2026-09-25T00:33:49+00:00,area_trajectory,grain,,1790290680000.0,,7.02794027693197
2026-09-25T00:33:49+00:00,area_trajectory,grain,,1790290800000.0,,6.88987684614584
2026-09-25T00:33:49+00:00,area_trajectory,grain,,1790290920000.0,,6.86933175642416
2026-09-25T00:33:49+00:00,area_trajectory,grain,,1790291040000.0,,6.9297217710726
2026-09-25T00:33:49+00:00,area_trajectory,grain,,1790291160000.0,,6.88449281294271
2026-09-25T00:33:49+00:00,area_trajectory,grain,,1790291280000.0,,6.796419082473959
2026-09-25T00:33:49+00:00,area_trajectory,grain,,1790291400000.0,,6.886873184036459
2026-09-25T00:33:49+00:00,area_trajectory,grain,,1790291520000.0,,6.8549018705599005
2026-09-25T00:33:49+00:00,area_trajectory,grain,,1790291640000.0,,6.7763496244661505
2026-09-25T00:33:49+00:00,area_trajectory,grain,,1790291760000.0,,6.7763496244661505
2026-09-25T00:33:49+00:00,area_trajectory,grain,,1790291880000.0,,6.81557191450521
2026-09-25T00:33:49+00:00,area_trajectory,grain,,1790292000000.0,,6.81557191450521
2026-09-25T00:33:49+00:00,area_trajectory,grain,,1790292120000.0,,6.76151771528646
2026-09-25T00:33:49+00:00,area_trajectory,grain,,1790292240000.0,,6.76151771528646
2026-09-25T00:33:49+00:00,area_trajectory,grain,,1790292360000.0,,6.74569667036459
2026-09-25T00:33:49+00:00,area_trajectory,grain,,1790292480000.0,,6.84124183638021
2026-09-25T00:33:49+00:00,area_trajectory,grain,,1790292600000.0,,6.84124183638021
2026-09-25T00:33:49+00:00,area_trajectory,grain,,1790292720000.0,,6.71746063215658
2026-09-25T00:33:49+00:00,area_trajectory,grain,,1790292840000.0,,6.75488812239096
2026-09-25T00:33:49+00:00,area_trajectory,grain,,1790292960000.0,,6.93455612165853
2026-09-25T00:33:49+00:00,area_trajectory,grain,,1790293080000.0,,6.93455612165853
2026-09-25T00:33:49+00:00,area_trajectory,grain,,1790293200000.0,,6.860762710403649
2026-09-25T00:33:49+00:00,area_trajectory,grain,,1790293320000.0,,6.731229873489591
2026-09-25T00:33:49+00:00,area_trajectory,grain,,1790293440000.0,,6.80901564009115
2026-09-25T00:33:49+00:00,area_trajectory,grain,,1790293560000.0,,6.80901564009115
2026-09-25T00:33:49+00:00,area_trajectory,grain,,1790293680000.0,,6.80901564009115
2026-09-25T00:33:49+00:00,area_trajectory,grain,,1790293800000.0,,6.774407607864591
2026-09-25T00:33:49+00:00,area_trajectory,grain,,1790293920000.0,,6.83241725141928
2026-09-25T00:33:49+00:00,area_trajectory,grain,,1790294040000.0,,6.83241725141928
2026-09-25T00:33:49+00:00,area_trajectory,grain,,1790294160000.0,,6.83241725141928
2026-09-25T00:33:49+00:00,area_trajectory,grain,,1790294280000.0,,6.7514827268831406
2026-09-25T00:33:49+00:00,area_trajectory,grain,,1790294400000.0,,6.8538405912630305
2026-09-25T00:33:49+00:00,area_trajectory,grain,,1790294520000.0,,6.8538405912630305
2026-09-25T00:33:49+00:00,area_trajectory,grain,,1790294640000.0,,6.87002711470053
2026-09-25T00:33:49+00:00,area_trajectory,grain,,1790294760000.0,,6.777409438919281
2026-09-25T00:33:49+00:00,area_trajectory,grain,,1790294880000.0,,6.83541908247396
2026-09-25T00:33:49+00:00,area_trajectory,grain,,1790295000000.0,,6.83541908247396
2026-09-25T00:33:49+00:00,area_trajectory,grain,,1790295120000.0,,6.83541908247396
2026-09-25T00:33:49+00:00,area_trajectory,grain,,1790295240000.0,,6.76323670942709
2026-09-25T00:33:49+00:00,area_trajectory,grain,,1790295360000.0,,6.91683033735678
2026-09-25T00:33:49+00:00,area_trajectory,grain,,1790295480000.0,,6.91683033735678
2026-09-25T00:33:49+00:00,area_trajectory,grain,,1790295600000.0,,6.91683033735678
2026-09-25T00:33:49+00:00,area_trajectory,grain,,1790295720000.0,,6.805755264114589
2026-09-25T00:33:49+00:00,area_trajectory,grain,,1790295840000.0,,6.8456367338411495
2026-09-25T00:33:49+00:00,area_trajectory,grain,,1790295960000.0,,6.8456367338411495
2026-09-25T00:33:49+00:00,area_trajectory,grain,,1790296080000.0,,6.8456367338411495
2026-09-25T00:33:49+00:00,area_trajectory,grain,,1790296200000.0,,6.8103695219270906
2026-09-25T00:33:49+00:00,area_trajectory,grain,,1790296320000.0,,6.85025135786459
2026-09-25T00:33:49+00:00,area_trajectory,grain,,1790296440000.0,,6.85025135786459
2026-09-25T00:33:49+00:00,area_trajectory,grain,,1790296560000.0,,6.85025135786459
2026-09-25T00:33:49+00:00,area_trajectory,grain,,1790296680000.0,,6.89079200727865
2026-09-25T00:33:49+00:00,area_trajectory,grain,,1790296800000.0,,6.81531373579428
2026-09-25T00:33:49+00:00,area_trajectory,grain,,1790296920000.0,,6.81531373579428
2026-09-25T00:33:49+00:00,area_trajectory,grain,,1790297040000.0,,6.81531373579428
2026-09-25T00:33:49+00:00,area_trajectory,grain,,1790297160000.0,,6.798174331497401
2026-09-25T00:33:49+00:00,area_trajectory,grain,,1790297280000.0,,6.78235365278646
2026-09-25T00:33:49+00:00,area_trajectory,grain,,1790297400000.0,,6.78235365278646
2026-09-25T00:33:49+00:00,area_trajectory,grain,,1790297520000.0,,6.78235365278646
2026-09-25T00:33:49+00:00,area_trajectory,grain,,1790297640000.0,,6.7470864408724
2026-09-25T00:33:49+00:00,area_trajectory,grain,,1790297760000.0,,6.80311854536459
2026-09-25T00:33:49+00:00,area_trajectory,grain,,1790297880000.0,,6.80311854536459
2026-09-25T00:33:49+00:00,area_trajectory,grain,,1790298000000.0,,6.80311854536459
2026-09-25T00:33:49+00:00,area_trajectory,grain,,1790298120000.0,,6.76653297407553
2026-09-25T00:33:49+00:00,area_trajectory,grain,,1790298240000.0,,6.83358729536459
2026-09-25T00:33:49+00:00,area_trajectory,grain,,1790298360000.0,,6.83358729536459
2026-09-25T00:33:49+00:00,area_trajectory,grain,,1790298480000.0,,6.712186462234699
2026-09-25T00:33:49+00:00,area_trajectory,grain,,1790298600000.0,,6.65945179731771
2026-09-25T00:33:49+00:00,area_trajectory,grain,,1790298720000.0,,6.7181206205599
2026-09-25T00:33:49+00:00,area_trajectory,grain,,1790298840000.0,,6.7942924955599
2026-09-25T00:33:49+00:00,area_trajectory,grain,,1790298960000.0,,6.7942924955599
2026-09-25T00:33:49+00:00,area_trajectory,grain,,1790299080000.0,,6.77781227095053
2026-09-25T00:33:49+00:00,area_trajectory,grain,,1790299200000.0,,6.7590252836458395
2026-09-25T00:33:49+00:00,area_trajectory,grain,,1790299320000.0,,6.7590252836458395
2026-09-25T00:33:49+00:00,area_trajectory,milford_haven,,1790226000000.0,,5.4152045249939
2026-09-25T00:33:49+00:00,area_trajectory,milford_haven,,1790226120000.0,,5.4152045249939
2026-09-25T00:33:49+00:00,area_trajectory,milford_haven,,1790226240000.0,,5.46647548675537
2026-09-25T00:33:49+00:00,area_trajectory,milford_haven,,1790226360000.0,,5.34684276580811
2026-09-25T00:33:49+00:00,area_trajectory,milford_haven,,1790226480000.0,,5.31022071838379
2026-09-25T00:33:49+00:00,area_trajectory,milford_haven,,1790226600000.0,,5.31022071838379
2026-09-25T00:33:49+00:00,area_trajectory,milford_haven,,1790226720000.0,,5.16373157501221
2026-09-25T00:33:49+00:00,area_trajectory,milford_haven,,1790226840000.0,,5.16373157501221
2026-09-25T00:33:49+00:00,area_trajectory,milford_haven,,1790226960000.0,,5.0514235496521005
2026-09-25T00:33:49+00:00,area_trajectory,milford_haven,,1790227080000.0,,4.93911552429199
2026-09-25T00:33:49+00:00,area_trajectory,milford_haven,,1790227200000.0,,4.93911552429199
2026-09-25T00:33:49+00:00,area_trajectory,milford_haven,,1790227320000.0,,4.93911552429199
2026-09-25T00:33:49+00:00,area_trajectory,milford_haven,,1790227440000.0,,4.93911552429199
2026-09-25T00:33:49+00:00,area_trajectory,milford_haven,,1790227560000.0,,5.0196843147277805
2026-09-25T00:33:49+00:00,area_trajectory,milford_haven,,1790227680000.0,,5.0196843147277805
2026-09-25T00:33:49+00:00,area_trajectory,milford_haven,,1790227800000.0,,4.99038648605347
2026-09-25T00:33:49+00:00,area_trajectory,milford_haven,,1790227920000.0,,4.99038648605347
2026-09-25T00:33:49+00:00,area_trajectory,milford_haven,,1790228040000.0,,4.99038648605347
2026-09-25T00:33:49+00:00,area_trajectory,milford_haven,,1790228160000.0,,4.99038648605347
2026-09-25T00:33:49+00:00,area_trajectory,milford_haven,,1790228280000.0,,4.99038648605347
2026-09-25T00:33:49+00:00,area_trajectory,milford_haven,,1790228400000.0,,4.99038648605347
2026-09-25T00:33:49+00:00,area_trajectory,milford_haven,,1790228520000.0,,4.94155693054199
2026-09-25T00:33:49+00:00,area_trajectory,milford_haven,,1790228640000.0,,4.94155693054199
2026-09-25T00:33:49+00:00,area_trajectory,milford_haven,,1790228760000.0,,4.94155693054199
2026-09-25T00:33:49+00:00,area_trajectory,milford_haven,,1790228880000.0,,4.94155693054199
2026-09-25T00:33:49+00:00,area_trajectory,milford_haven,,1790229000000.0,,4.94155693054199
2026-09-25T00:33:49+00:00,area_trajectory,milford_haven,,1790229120000.0,,4.94155693054199
2026-09-25T00:33:49+00:00,area_trajectory,milford_haven,,1790229240000.0,,4.94155693054199
2026-09-25T00:33:49+00:00,area_trajectory,milford_haven,,1790229360000.0,,4.99282836914062
2026-09-25T00:33:49+00:00,area_trajectory,milford_haven,,1790229480000.0,,4.99282836914062
2026-09-25T00:33:49+00:00,area_trajectory,milford_haven,,1790229600000.0,,4.99282836914062
2026-09-25T00:33:49+00:00,area_trajectory,milford_haven,,1790229720000.0,,4.99282836914062
2026-09-25T00:33:49+00:00,area_trajectory,milford_haven,,1790229840000.0,,4.95376443862915
2026-09-25T00:33:49+00:00,area_trajectory,milford_haven,,1790229960000.0,,4.95376443862915
2026-09-25T00:33:49+00:00,area_trajectory,milford_haven,,1790230080000.0,,4.95376443862915
2026-09-25T00:33:49+00:00,area_trajectory,milford_haven,,1790230200000.0,,4.95376443862915
2026-09-25T00:33:49+00:00,area_trajectory,milford_haven,,1790230320000.0,,4.95376443862915
2026-09-25T00:33:49+00:00,area_trajectory,milford_haven,,1790230440000.0,,4.95376443862915
2026-09-25T00:33:49+00:00,area_trajectory,milford_haven,,1790230560000.0,,4.95376443862915
2026-09-25T00:33:49+00:00,area_trajectory,milford_haven,,1790230680000.0,,4.95376443862915
2026-09-25T00:33:49+00:00,area_trajectory,milford_haven,,1790230800000.0,,4.95376443862915
2026-09-25T00:33:49+00:00,area_trajectory,milford_haven,,1790230920000.0,,4.95376443862915
2026-09-25T00:33:49+00:00,area_trajectory,milford_haven,,1790231040000.0,,4.95376443862915
2026-09-25T00:33:49+00:00,area_trajectory,milford_haven,,1790231160000.0,,4.95376443862915
2026-09-25T00:33:49+00:00,area_trajectory,milford_haven,,1790231280000.0,,4.95376443862915
2026-09-25T00:33:49+00:00,area_trajectory,milford_haven,,1790231400000.0,,4.95376443862915
2026-09-25T00:33:49+00:00,area_trajectory,milford_haven,,1790231520000.0,,4.95376443862915
2026-09-25T00:33:49+00:00,area_trajectory,milford_haven,,1790231640000.0,,4.95376443862915
2026-09-25T00:33:49+00:00,area_trajectory,milford_haven,,1790231760000.0,,4.95376443862915
2026-09-25T00:33:49+00:00,area_trajectory,milford_haven,,1790231880000.0,,4.95376443862915
2026-09-25T00:33:49+00:00,area_trajectory,milford_haven,,1790232000000.0,,4.95376443862915
2026-09-25T00:33:49+00:00,area_trajectory,milford_haven,,1790232120000.0,,4.95376443862915
2026-09-25T00:33:49+00:00,area_trajectory,milford_haven,,1790232240000.0,,4.95376443862915
2026-09-25T00:33:49+00:00,area_trajectory,milford_haven,,1790232360000.0,,4.95376443862915
2026-09-25T00:33:49+00:00,area_trajectory,milford_haven,,1790232480000.0,,4.95132303237915
2026-09-25T00:33:49+00:00,area_trajectory,milford_haven,,1790232600000.0,,4.95132303237915
2026-09-25T00:33:49+00:00,area_trajectory,milford_haven,,1790232720000.0,,4.95132303237915
2026-09-25T00:33:49+00:00,area_trajectory,milford_haven,,1790232840000.0,,4.95132303237915
2026-09-25T00:33:49+00:00,area_trajectory,milford_haven,,1790232960000.0,,4.95132303237915
2026-09-25T00:33:49+00:00,area_trajectory,milford_haven,,1790233080000.0,,4.95132303237915
2026-09-25T00:33:49+00:00,area_trajectory,milford_haven,,1790233200000.0,,4.95132303237915
2026-09-25T00:33:49+00:00,area_trajectory,milford_haven,,1790233320000.0,,4.95132303237915
2026-09-25T00:33:49+00:00,area_trajectory,milford_haven,,1790233440000.0,,4.9366741180419895
2026-09-25T00:33:49+00:00,area_trajectory,milford_haven,,1790233560000.0,,4.9366741180419895
2026-09-25T00:33:49+00:00,area_trajectory,milford_haven,,1790233680000.0,,4.9366741180419895
2026-09-25T00:33:49+00:00,area_trajectory,milford_haven,,1790233800000.0,,4.9366741180419895
2026-09-25T00:33:49+00:00,area_trajectory,milford_haven,,1790233920000.0,,4.9366741180419895
2026-09-25T00:33:49+00:00,area_trajectory,milford_haven,,1790234040000.0,,4.9366741180419895
2026-09-25T00:33:49+00:00,area_trajectory,milford_haven,,1790234160000.0,,4.9366741180419895
2026-09-25T00:33:49+00:00,area_trajectory,milford_haven,,1790234280000.0,,4.9366741180419895
2026-09-25T00:33:49+00:00,area_trajectory,milford_haven,,1790234400000.0,,4.9366741180419895
2026-09-25T00:33:49+00:00,area_trajectory,milford_haven,,1790234520000.0,,4.9366741180419895
2026-09-25T00:33:49+00:00,area_trajectory,milford_haven,,1790234640000.0,,4.9366741180419895
2026-09-25T00:33:49+00:00,area_trajectory,milford_haven,,1790234760000.0,,4.9366741180419895
2026-09-25T00:33:49+00:00,area_trajectory,milford_haven,,1790234880000.0,,4.9366741180419895
2026-09-25T00:33:49+00:00,area_trajectory,milford_haven,,1790235000000.0,,4.9366741180419895
2026-09-25T00:33:49+00:00,area_trajectory,milford_haven,,1790235120000.0,,4.9366741180419895
2026-09-25T00:33:49+00:00,area_trajectory,milford_haven,,1790235240000.0,,4.9366741180419895
2026-09-25T00:33:49+00:00,area_trajectory,milford_haven,,1790235360000.0,,4.9732961654663095
2026-09-25T00:33:49+00:00,area_trajectory,milford_haven,,1790235480000.0,,4.9732961654663095
2026-09-25T00:33:49+00:00,area_trajectory,milford_haven,,1790235600000.0,,4.9732961654663095
2026-09-25T00:33:49+00:00,area_trajectory,milford_haven,,1790235720000.0,,4.9732961654663095
2026-09-25T00:33:49+00:00,area_trajectory,milford_haven,,1790235840000.0,,4.9732961654663095
2026-09-25T00:33:49+00:00,area_trajectory,milford_haven,,1790235960000.0,,4.9732961654663095
2026-09-25T00:33:49+00:00,area_trajectory,milford_haven,,1790236080000.0,,4.9732961654663095
2026-09-25T00:33:49+00:00,area_trajectory,milford_haven,,1790236200000.0,,4.9732961654663095
2026-09-25T00:33:49+00:00,area_trajectory,milford_haven,,1790236320000.0,,4.9732961654663095
2026-09-25T00:33:49+00:00,area_trajectory,milford_haven,,1790236440000.0,,4.9732961654663095
2026-09-25T00:33:49+00:00,area_trajectory,milford_haven,,1790236560000.0,,4.9732961654663095
2026-09-25T00:33:49+00:00,area_trajectory,milford_haven,,1790236680000.0,,4.9732961654663095
2026-09-25T00:33:49+00:00,area_trajectory,milford_haven,,1790236800000.0,,4.9732961654663095
2026-09-25T00:33:49+00:00,area_trajectory,milford_haven,,1790236920000.0,,4.9732961654663095
2026-09-25T00:33:49+00:00,area_trajectory,milford_haven,,1790237040000.0,,5.00503540039062
2026-09-25T00:33:49+00:00,area_trajectory,milford_haven,,1790237160000.0,,5.00503540039062
2026-09-25T00:33:49+00:00,area_trajectory,milford_haven,,1790237280000.0,,5.00503540039062
2026-09-25T00:33:49+00:00,area_trajectory,milford_haven,,1790237400000.0,,5.00503540039062
2026-09-25T00:33:49+00:00,area_trajectory,milford_haven,,1790237520000.0,,5.00503540039062
2026-09-25T00:33:49+00:00,area_trajectory,milford_haven,,1790237640000.0,,5.00503540039062
2026-09-25T00:33:49+00:00,area_trajectory,milford_haven,,1790237760000.0,,5.00503540039062
2026-09-25T00:33:49+00:00,area_trajectory,milford_haven,,1790237880000.0,,5.00503540039062
2026-09-25T00:33:49+00:00,area_trajectory,milford_haven,,1790238000000.0,,5.00503540039062
2026-09-25T00:33:49+00:00,area_trajectory,milford_haven,,1790238120000.0,,5.00503540039062
2026-09-25T00:33:49+00:00,area_trajectory,milford_haven,,1790238240000.0,,5.00503540039062
2026-09-25T00:33:49+00:00,area_trajectory,milford_haven,,1790238360000.0,,5.00503540039062
2026-09-25T00:33:49+00:00,area_trajectory,milford_haven,,1790238480000.0,,5.00503540039062
2026-09-25T00:33:49+00:00,area_trajectory,milford_haven,,1790238600000.0,,4.99282836914062
2026-09-25T00:33:49+00:00,area_trajectory,milford_haven,,1790238720000.0,,4.99282836914062
2026-09-25T00:33:49+00:00,area_trajectory,milford_haven,,1790238840000.0,,4.99282836914062
2026-09-25T00:33:49+00:00,area_trajectory,milford_haven,,1790238960000.0,,4.99282836914062
2026-09-25T00:33:49+00:00,area_trajectory,milford_haven,,1790239080000.0,,4.9732961654663095
2026-09-25T00:33:49+00:00,area_trajectory,milford_haven,,1790239200000.0,,4.9732961654663095
2026-09-25T00:33:49+00:00,area_trajectory,milford_haven,,1790239320000.0,,4.9732961654663095
2026-09-25T00:33:49+00:00,area_trajectory,milford_haven,,1790239440000.0,,4.9732961654663095
2026-09-25T00:33:49+00:00,area_trajectory,milford_haven,,1790239560000.0,,4.9732961654663095
2026-09-25T00:33:49+00:00,area_trajectory,milford_haven,,1790239680000.0,,4.9732961654663095
2026-09-25T00:33:49+00:00,area_trajectory,milford_haven,,1790239800000.0,,4.9732961654663095
2026-09-25T00:33:49+00:00,area_trajectory,milford_haven,,1790239920000.0,,4.9732961654663095
2026-09-25T00:33:49+00:00,area_trajectory,milford_haven,,1790240040000.0,,4.9732961654663095
2026-09-25T00:33:49+00:00,area_trajectory,milford_haven,,1790240160000.0,,4.9732961654663095
2026-09-25T00:33:49+00:00,area_trajectory,milford_haven,,1790240280000.0,,4.9732961654663095
2026-09-25T00:33:49+00:00,area_trajectory,milford_haven,,1790240400000.0,,4.9732961654663095
2026-09-25T00:33:49+00:00,area_trajectory,milford_haven,,1790240520000.0,,4.9732961654663095
2026-09-25T00:33:49+00:00,area_trajectory,milford_haven,,1790240640000.0,,4.9659719467163095
2026-09-25T00:33:49+00:00,area_trajectory,milford_haven,,1790240760000.0,,4.9659719467163095
2026-09-25T00:33:49+00:00,area_trajectory,milford_haven,,1790240880000.0,,4.9659719467163095
2026-09-25T00:33:49+00:00,area_trajectory,milford_haven,,1790241000000.0,,4.9659719467163095
2026-09-25T00:33:49+00:00,area_trajectory,milford_haven,,1790241120000.0,,4.9659719467163095
2026-09-25T00:33:49+00:00,area_trajectory,milford_haven,,1790241240000.0,,4.9659719467163095
2026-09-25T00:33:49+00:00,area_trajectory,milford_haven,,1790241360000.0,,4.9659719467163095
2026-09-25T00:33:49+00:00,area_trajectory,milford_haven,,1790241480000.0,,4.9659719467163095
2026-09-25T00:33:49+00:00,area_trajectory,milford_haven,,1790241600000.0,,4.9659719467163095
2026-09-25T00:33:49+00:00,area_trajectory,milford_haven,,1790241720000.0,,4.9659719467163095
2026-09-25T00:33:49+00:00,area_trajectory,milford_haven,,1790241840000.0,,4.9659719467163095
2026-09-25T00:33:49+00:00,area_trajectory,milford_haven,,1790241960000.0,,4.9659719467163095
2026-09-25T00:33:49+00:00,area_trajectory,milford_haven,,1790242080000.0,,4.9659719467163095
2026-09-25T00:33:49+00:00,area_trajectory,milford_haven,,1790242200000.0,,4.9659719467163095
2026-09-25T00:33:49+00:00,area_trajectory,milford_haven,,1790242320000.0,,4.9659719467163095
2026-09-25T00:33:49+00:00,area_trajectory,milford_haven,,1790242440000.0,,4.9659719467163095
2026-09-25T00:33:49+00:00,area_trajectory,milford_haven,,1790242560000.0,,4.9659719467163095
2026-09-25T00:33:49+00:00,area_trajectory,milford_haven,,1790242680000.0,,4.9659719467163095
2026-09-25T00:33:49+00:00,area_trajectory,milford_haven,,1790242800000.0,,4.9659719467163095
2026-09-25T00:33:49+00:00,area_trajectory,milford_haven,,1790242920000.0,,4.9659719467163095
2026-09-25T00:33:49+00:00,area_trajectory,milford_haven,,1790243040000.0,,4.9659719467163095
2026-09-25T00:33:49+00:00,area_trajectory,milford_haven,,1790243160000.0,,4.9659719467163095
2026-09-25T00:33:49+00:00,area_trajectory,milford_haven,,1790243280000.0,,4.9659719467163095
2026-09-25T00:33:49+00:00,area_trajectory,milford_haven,,1790243400000.0,,4.9659719467163095
2026-09-25T00:33:49+00:00,area_trajectory,milford_haven,,1790243520000.0,,4.9659719467163095
2026-09-25T00:33:49+00:00,area_trajectory,milford_haven,,1790243640000.0,,4.9659719467163095
2026-09-25T00:33:49+00:00,area_trajectory,milford_haven,,1790243760000.0,,4.9659719467163095
2026-09-25T00:33:49+00:00,area_trajectory,milford_haven,,1790243880000.0,,4.9659719467163095
2026-09-25T00:33:49+00:00,area_trajectory,milford_haven,,1790244000000.0,,4.9659719467163095
2026-09-25T00:33:49+00:00,area_trajectory,milford_haven,,1790244120000.0,,4.9659719467163095
2026-09-25T00:33:49+00:00,area_trajectory,milford_haven,,1790244240000.0,,4.97573757171631
2026-09-25T00:33:49+00:00,area_trajectory,milford_haven,,1790244360000.0,,4.97573757171631
2026-09-25T00:33:49+00:00,area_trajectory,milford_haven,,1790244480000.0,,4.97573757171631
2026-09-25T00:33:49+00:00,area_trajectory,milford_haven,,1790244600000.0,,4.97573757171631
2026-09-25T00:33:49+00:00,area_trajectory,milford_haven,,1790244720000.0,,4.97573757171631
2026-09-25T00:33:49+00:00,area_trajectory,milford_haven,,1790244840000.0,,4.97573757171631
2026-09-25T00:33:49+00:00,area_trajectory,milford_haven,,1790244960000.0,,4.97573757171631
2026-09-25T00:33:49+00:00,area_trajectory,milford_haven,,1790245080000.0,,4.97573757171631
2026-09-25T00:33:49+00:00,area_trajectory,milford_haven,,1790245200000.0,,4.97573757171631
2026-09-25T00:33:49+00:00,area_trajectory,milford_haven,,1790245320000.0,,4.97573757171631
2026-09-25T00:33:49+00:00,area_trajectory,milford_haven,,1790245440000.0,,4.97573757171631
2026-09-25T00:33:49+00:00,area_trajectory,milford_haven,,1790245560000.0,,4.97573757171631
2026-09-25T00:33:49+00:00,area_trajectory,milford_haven,,1790245680000.0,,4.97573757171631
2026-09-25T00:33:49+00:00,area_trajectory,milford_haven,,1790245800000.0,,4.97573757171631
2026-09-25T00:33:49+00:00,area_trajectory,milford_haven,,1790245920000.0,,4.97573757171631
2026-09-25T00:33:49+00:00,area_trajectory,milford_haven,,1790246040000.0,,4.97573757171631
2026-09-25T00:33:49+00:00,area_trajectory,milford_haven,,1790246160000.0,,4.97573757171631
2026-09-25T00:33:49+00:00,area_trajectory,milford_haven,,1790246280000.0,,4.97573757171631
2026-09-25T00:33:49+00:00,area_trajectory,milford_haven,,1790246400000.0,,4.97573757171631
2026-09-25T00:33:49+00:00,area_trajectory,milford_haven,,1790246520000.0,,4.97573757171631
2026-09-25T00:33:49+00:00,area_trajectory,milford_haven,,1790246640000.0,,4.97573757171631
2026-09-25T00:33:49+00:00,area_trajectory,milford_haven,,1790246760000.0,,4.97573757171631
2026-09-25T00:33:49+00:00,area_trajectory,milford_haven,,1790246880000.0,,4.97573757171631
2026-09-25T00:33:49+00:00,area_trajectory,milford_haven,,1790247000000.0,,4.97573757171631
2026-09-25T00:33:49+00:00,area_trajectory,milford_haven,,1790247120000.0,,4.97573757171631
2026-09-25T00:33:49+00:00,area_trajectory,milford_haven,,1790247240000.0,,4.97573757171631
2026-09-25T00:33:49+00:00,area_trajectory,milford_haven,,1790247360000.0,,4.97573757171631
2026-09-25T00:33:49+00:00,area_trajectory,milford_haven,,1790247480000.0,,4.97573757171631
2026-09-25T00:33:49+00:00,area_trajectory,milford_haven,,1790247600000.0,,4.97573757171631
2026-09-25T00:33:49+00:00,area_trajectory,milford_haven,,1790247720000.0,,4.97573757171631
2026-09-25T00:33:49+00:00,area_trajectory,milford_haven,,1790247840000.0,,4.91225910186768
2026-09-25T00:33:49+00:00,area_trajectory,milford_haven,,1790247960000.0,,4.91225910186768
2026-09-25T00:33:49+00:00,area_trajectory,milford_haven,,1790248080000.0,,4.91225910186768
2026-09-25T00:33:49+00:00,area_trajectory,milford_haven,,1790248200000.0,,4.91225910186768
2026-09-25T00:33:49+00:00,area_trajectory,milford_haven,,1790248320000.0,,4.91225910186768
2026-09-25T00:33:49+00:00,area_trajectory,milford_haven,,1790248440000.0,,4.91225910186768
2026-09-25T00:33:49+00:00,area_trajectory,milford_haven,,1790248560000.0,,4.91225910186768
2026-09-25T00:33:49+00:00,area_trajectory,milford_haven,,1790248680000.0,,4.91225910186768
2026-09-25T00:33:49+00:00,area_trajectory,milford_haven,,1790248800000.0,,4.91225910186768
2026-09-25T00:33:49+00:00,area_trajectory,milford_haven,,1790248920000.0,,4.91225910186768
2026-09-25T00:33:49+00:00,area_trajectory,milford_haven,,1790249040000.0,,4.91225910186768
2026-09-25T00:33:49+00:00,area_trajectory,milford_haven,,1790249160000.0,,4.91225910186768
2026-09-25T00:33:49+00:00,area_trajectory,milford_haven,,1790249280000.0,,4.91225910186768
2026-09-25T00:33:49+00:00,area_trajectory,milford_haven,,1790249400000.0,,4.91225910186768
2026-09-25T00:33:49+00:00,area_trajectory,milford_haven,,1790249520000.0,,4.91225910186768
2026-09-25T00:33:49+00:00,area_trajectory,milford_haven,,1790249640000.0,,4.91225910186768
2026-09-25T00:33:49+00:00,area_trajectory,milford_haven,,1790249760000.0,,4.91225910186768
2026-09-25T00:33:49+00:00,area_trajectory,milford_haven,,1790249880000.0,,4.91225910186768
2026-09-25T00:33:49+00:00,area_trajectory,milford_haven,,1790250000000.0,,4.91225910186768
2026-09-25T00:33:49+00:00,area_trajectory,milford_haven,,1790250120000.0,,4.91225910186768
2026-09-25T00:33:49+00:00,area_trajectory,milford_haven,,1790250240000.0,,4.91225910186768
2026-09-25T00:33:49+00:00,area_trajectory,milford_haven,,1790250360000.0,,4.91225910186768
2026-09-25T00:33:49+00:00,area_trajectory,milford_haven,,1790250480000.0,,4.91225910186768
2026-09-25T00:33:49+00:00,area_trajectory,milford_haven,,1790250600000.0,,4.91225910186768
2026-09-25T00:33:49+00:00,area_trajectory,milford_haven,,1790250720000.0,,4.91225910186768
2026-09-25T00:33:49+00:00,area_trajectory,milford_haven,,1790250840000.0,,4.91225910186768
2026-09-25T00:33:49+00:00,area_trajectory,milford_haven,,1790250960000.0,,4.91225910186768
2026-09-25T00:33:49+00:00,area_trajectory,milford_haven,,1790251080000.0,,4.91225910186768
2026-09-25T00:33:49+00:00,area_trajectory,milford_haven,,1790251200000.0,,4.91225910186768
2026-09-25T00:33:49+00:00,area_trajectory,milford_haven,,1790251320000.0,,4.91225910186768
2026-09-25T00:33:49+00:00,area_trajectory,milford_haven,,1790251440000.0,,4.9366741180419895
2026-09-25T00:33:49+00:00,area_trajectory,milford_haven,,1790251560000.0,,4.9366741180419895
2026-09-25T00:33:49+00:00,area_trajectory,milford_haven,,1790251680000.0,,4.9366741180419895
2026-09-25T00:33:49+00:00,area_trajectory,milford_haven,,1790251800000.0,,4.9366741180419895
2026-09-25T00:33:49+00:00,area_trajectory,milford_haven,,1790251920000.0,,4.9366741180419895
2026-09-25T00:33:49+00:00,area_trajectory,milford_haven,,1790252040000.0,,4.9366741180419895
2026-09-25T00:33:49+00:00,area_trajectory,milford_haven,,1790252160000.0,,4.9366741180419895
2026-09-25T00:33:49+00:00,area_trajectory,milford_haven,,1790252280000.0,,4.9366741180419895
2026-09-25T00:33:49+00:00,area_trajectory,milford_haven,,1790252400000.0,,4.9366741180419895
2026-09-25T00:33:49+00:00,area_trajectory,milford_haven,,1790252520000.0,,4.9366741180419895
2026-09-25T00:33:49+00:00,area_trajectory,milford_haven,,1790252640000.0,,4.9366741180419895
2026-09-25T00:33:49+00:00,area_trajectory,milford_haven,,1790252760000.0,,4.9366741180419895
2026-09-25T00:33:49+00:00,area_trajectory,milford_haven,,1790252880000.0,,4.9366741180419895
2026-09-25T00:33:49+00:00,area_trajectory,milford_haven,,1790253000000.0,,4.9366741180419895
2026-09-25T00:33:49+00:00,area_trajectory,milford_haven,,1790253120000.0,,4.9366741180419895
2026-09-25T00:33:49+00:00,area_trajectory,milford_haven,,1790253240000.0,,4.9366741180419895
2026-09-25T00:33:49+00:00,area_trajectory,milford_haven,,1790253360000.0,,4.9366741180419895
2026-09-25T00:33:49+00:00,area_trajectory,milford_haven,,1790253480000.0,,4.9366741180419895
2026-09-25T00:33:49+00:00,area_trajectory,milford_haven,,1790253600000.0,,4.9366741180419895
2026-09-25T00:33:49+00:00,area_trajectory,milford_haven,,1790253720000.0,,4.9366741180419895
2026-09-25T00:33:49+00:00,area_trajectory,milford_haven,,1790253840000.0,,4.9366741180419895
2026-09-25T00:33:49+00:00,area_trajectory,milford_haven,,1790253960000.0,,4.9366741180419895
2026-09-25T00:33:49+00:00,area_trajectory,milford_haven,,1790254080000.0,,4.9366741180419895
2026-09-25T00:33:49+00:00,area_trajectory,milford_haven,,1790254200000.0,,4.9366741180419895
2026-09-25T00:33:49+00:00,area_trajectory,milford_haven,,1790254320000.0,,4.9366741180419895
2026-09-25T00:33:49+00:00,area_trajectory,milford_haven,,1790254440000.0,,4.9366741180419895
2026-09-25T00:33:49+00:00,area_trajectory,milford_haven,,1790254560000.0,,4.9366741180419895
2026-09-25T00:33:49+00:00,area_trajectory,milford_haven,,1790254680000.0,,4.9366741180419895
2026-09-25T00:33:49+00:00,area_trajectory,milford_haven,,1790254800000.0,,4.9366741180419895
2026-09-25T00:33:49+00:00,area_trajectory,milford_haven,,1790254920000.0,,4.9366741180419895
2026-09-25T00:33:49+00:00,area_trajectory,milford_haven,,1790255040000.0,,4.94399833679199
2026-09-25T00:33:49+00:00,area_trajectory,milford_haven,,1790255160000.0,,4.94399833679199
2026-09-25T00:33:49+00:00,area_trajectory,milford_haven,,1790255280000.0,,4.94399833679199
2026-09-25T00:33:49+00:00,area_trajectory,milford_haven,,1790255400000.0,,4.94399833679199
2026-09-25T00:33:49+00:00,area_trajectory,milford_haven,,1790255520000.0,,4.94399833679199
2026-09-25T00:33:49+00:00,area_trajectory,milford_haven,,1790255640000.0,,4.94399833679199
2026-09-25T00:33:49+00:00,area_trajectory,milford_haven,,1790255760000.0,,4.94399833679199
2026-09-25T00:33:49+00:00,area_trajectory,milford_haven,,1790255880000.0,,4.94399833679199
2026-09-25T00:33:49+00:00,area_trajectory,milford_haven,,1790256000000.0,,4.94399833679199
2026-09-25T00:33:49+00:00,area_trajectory,milford_haven,,1790256120000.0,,4.94399833679199
2026-09-25T00:33:49+00:00,area_trajectory,milford_haven,,1790256240000.0,,4.94399833679199
2026-09-25T00:33:49+00:00,area_trajectory,milford_haven,,1790256360000.0,,4.94399833679199
2026-09-25T00:33:49+00:00,area_trajectory,milford_haven,,1790256480000.0,,4.94399833679199
2026-09-25T00:33:49+00:00,area_trajectory,milford_haven,,1790256600000.0,,4.94399833679199
2026-09-25T00:33:49+00:00,area_trajectory,milford_haven,,1790256720000.0,,4.94399833679199
2026-09-25T00:33:49+00:00,area_trajectory,milford_haven,,1790256840000.0,,4.94399833679199
2026-09-25T00:33:49+00:00,area_trajectory,milford_haven,,1790256960000.0,,4.94399833679199
2026-09-25T00:33:49+00:00,area_trajectory,milford_haven,,1790257080000.0,,4.94399833679199
2026-09-25T00:33:49+00:00,area_trajectory,milford_haven,,1790257200000.0,,4.94399833679199
2026-09-25T00:33:49+00:00,area_trajectory,milford_haven,,1790257320000.0,,5.0440993309021
2026-09-25T00:33:49+00:00,area_trajectory,milford_haven,,1790257440000.0,,4.94155693054199
2026-09-25T00:33:49+00:00,area_trajectory,milford_haven,,1790257560000.0,,4.94155693054199
2026-09-25T00:33:49+00:00,area_trajectory,milford_haven,,1790257680000.0,,4.94155693054199
2026-09-25T00:33:49+00:00,area_trajectory,milford_haven,,1790257800000.0,,4.94155693054199
2026-09-25T00:33:49+00:00,area_trajectory,milford_haven,,1790257920000.0,,4.94155693054199
2026-09-25T00:33:49+00:00,area_trajectory,milford_haven,,1790258040000.0,,4.94155693054199
2026-09-25T00:33:49+00:00,area_trajectory,milford_haven,,1790258160000.0,,4.94155693054199
2026-09-25T00:33:49+00:00,area_trajectory,milford_haven,,1790258280000.0,,4.94155693054199
2026-09-25T00:33:49+00:00,area_trajectory,milford_haven,,1790258400000.0,,4.94155693054199
2026-09-25T00:33:49+00:00,area_trajectory,milford_haven,,1790258520000.0,,4.94155693054199
2026-09-25T00:33:49+00:00,area_trajectory,milford_haven,,1790258640000.0,,4.96108913421631
2026-09-25T00:33:49+00:00,area_trajectory,milford_haven,,1790258760000.0,,4.96108913421631
2026-09-25T00:33:49+00:00,area_trajectory,milford_haven,,1790258880000.0,,4.96108913421631
2026-09-25T00:33:49+00:00,area_trajectory,milford_haven,,1790259000000.0,,4.96108913421631
2026-09-25T00:33:49+00:00,area_trajectory,milford_haven,,1790259120000.0,,5.10757780075073
2026-09-25T00:33:49+00:00,area_trajectory,milford_haven,,1790259240000.0,,5.0221257209777805
2026-09-25T00:33:49+00:00,area_trajectory,milford_haven,,1790259360000.0,,5.0221257209777805
2026-09-25T00:33:49+00:00,area_trajectory,milford_haven,,1790259480000.0,,4.9293494224548295
2026-09-25T00:33:49+00:00,area_trajectory,milford_haven,,1790259600000.0,,4.9293494224548295
2026-09-25T00:33:49+00:00,area_trajectory,milford_haven,,1790259720000.0,,4.9293494224548295
2026-09-25T00:33:49+00:00,area_trajectory,milford_haven,,1790259840000.0,,4.9293494224548295
2026-09-25T00:33:49+00:00,area_trajectory,milford_haven,,1790259960000.0,,4.9293494224548295
2026-09-25T00:33:49+00:00,area_trajectory,milford_haven,,1790260080000.0,,4.9293494224548295
2026-09-25T00:33:49+00:00,area_trajectory,milford_haven,,1790260200000.0,,4.9293494224548295
2026-09-25T00:33:49+00:00,area_trajectory,milford_haven,,1790260320000.0,,4.9293494224548295
2026-09-25T00:33:49+00:00,area_trajectory,milford_haven,,1790260440000.0,,4.9293494224548295
2026-09-25T00:33:49+00:00,area_trajectory,milford_haven,,1790260560000.0,,4.9293494224548295
2026-09-25T00:33:49+00:00,area_trajectory,milford_haven,,1790260680000.0,,4.9293494224548295
2026-09-25T00:33:49+00:00,area_trajectory,milford_haven,,1790260800000.0,,4.9293494224548295
2026-09-25T00:33:49+00:00,area_trajectory,milford_haven,,1790260920000.0,,4.9293494224548295
2026-09-25T00:33:49+00:00,area_trajectory,milford_haven,,1790261040000.0,,4.9293494224548295
2026-09-25T00:33:49+00:00,area_trajectory,milford_haven,,1790261160000.0,,4.9293494224548295
2026-09-25T00:33:49+00:00,area_trajectory,milford_haven,,1790261280000.0,,4.9293494224548295
2026-09-25T00:33:49+00:00,area_trajectory,milford_haven,,1790261400000.0,,5.03921604156494
2026-09-25T00:33:49+00:00,area_trajectory,milford_haven,,1790261520000.0,,4.95132303237915
2026-09-25T00:33:49+00:00,area_trajectory,milford_haven,,1790261640000.0,,4.8658709526062
2026-09-25T00:33:49+00:00,area_trajectory,milford_haven,,1790261760000.0,,4.8658709526062
2026-09-25T00:33:49+00:00,area_trajectory,milford_haven,,1790261880000.0,,5.08560419082642
2026-09-25T00:33:49+00:00,area_trajectory,milford_haven,,1790262000000.0,,5.08560419082642
2026-09-25T00:33:49+00:00,area_trajectory,milford_haven,,1790262120000.0,,5.08560419082642
2026-09-25T00:33:49+00:00,area_trajectory,milford_haven,,1790262240000.0,,5.09292888641357
2026-09-25T00:33:49+00:00,area_trajectory,milford_haven,,1790262360000.0,,4.98550367355347
2026-09-25T00:33:49+00:00,area_trajectory,milford_haven,,1790262480000.0,,4.98550367355347
2026-09-25T00:33:49+00:00,area_trajectory,milford_haven,,1790262600000.0,,4.98550367355347
2026-09-25T00:33:49+00:00,area_trajectory,milford_haven,,1790262720000.0,,4.98550367355347
2026-09-25T00:33:49+00:00,area_trajectory,milford_haven,,1790262840000.0,,5.139317035675051
2026-09-25T00:33:49+00:00,area_trajectory,milford_haven,,1790262960000.0,,5.00991868972778
2026-09-25T00:33:49+00:00,area_trajectory,milford_haven,,1790263080000.0,,5.00991868972778
2026-09-25T00:33:49+00:00,area_trajectory,milford_haven,,1790263200000.0,,4.9269080162048295
2026-09-25T00:33:49+00:00,area_trajectory,milford_haven,,1790263320000.0,,5.0660724639892605
2026-09-25T00:33:49+00:00,area_trajectory,milford_haven,,1790263440000.0,,5.0660724639892605
2026-09-25T00:33:49+00:00,area_trajectory,milford_haven,,1790263560000.0,,4.98550367355347
2026-09-25T00:33:49+00:00,area_trajectory,milford_haven,,1790263680000.0,,4.88540315628052
2026-09-25T00:33:49+00:00,area_trajectory,milford_haven,,1790263800000.0,,4.88540315628052
2026-09-25T00:33:49+00:00,area_trajectory,milford_haven,,1790263920000.0,,5.03677463531494
2026-09-25T00:33:49+00:00,area_trajectory,milford_haven,,1790264040000.0,,5.03677463531494
2026-09-25T00:33:49+00:00,area_trajectory,milford_haven,,1790264160000.0,,5.03677463531494
2026-09-25T00:33:49+00:00,area_trajectory,milford_haven,,1790264280000.0,,5.03677463531494
2026-09-25T00:33:49+00:00,area_trajectory,milford_haven,,1790264400000.0,,5.03677463531494
2026-09-25T00:33:49+00:00,area_trajectory,milford_haven,,1790264520000.0,,5.03677463531494
2026-09-25T00:33:49+00:00,area_trajectory,milford_haven,,1790264640000.0,,4.9342327117919895
2026-09-25T00:33:49+00:00,area_trajectory,milford_haven,,1790264760000.0,,4.9342327117919895
2026-09-25T00:33:49+00:00,area_trajectory,milford_haven,,1790264880000.0,,4.9342327117919895
2026-09-25T00:33:49+00:00,area_trajectory,milford_haven,,1790265000000.0,,4.9342327117919895
2026-09-25T00:33:49+00:00,area_trajectory,milford_haven,,1790265120000.0,,4.94155693054199
2026-09-25T00:33:49+00:00,area_trajectory,milford_haven,,1790265240000.0,,4.94155693054199
2026-09-25T00:33:49+00:00,area_trajectory,milford_haven,,1790265360000.0,,4.94155693054199
2026-09-25T00:33:49+00:00,area_trajectory,milford_haven,,1790265480000.0,,4.94155693054199
2026-09-25T00:33:49+00:00,area_trajectory,milford_haven,,1790265600000.0,,4.94155693054199
2026-09-25T00:33:49+00:00,area_trajectory,milford_haven,,1790265720000.0,,5.07339715957642
2026-09-25T00:33:49+00:00,area_trajectory,milford_haven,,1790265840000.0,,4.94888162612915
2026-09-25T00:33:49+00:00,area_trajectory,milford_haven,,1790265960000.0,,4.94888162612915
2026-09-25T00:33:49+00:00,area_trajectory,milford_haven,,1790266080000.0,,4.94888162612915
2026-09-25T00:33:49+00:00,area_trajectory,milford_haven,,1790266200000.0,,4.94888162612915
2026-09-25T00:33:49+00:00,area_trajectory,milford_haven,,1790266320000.0,,4.94888162612915
2026-09-25T00:33:49+00:00,area_trajectory,milford_haven,,1790266440000.0,,4.94888162612915
2026-09-25T00:33:49+00:00,area_trajectory,milford_haven,,1790266560000.0,,4.9366741180419895
2026-09-25T00:33:49+00:00,area_trajectory,milford_haven,,1790266680000.0,,4.9366741180419895
2026-09-25T00:33:49+00:00,area_trajectory,milford_haven,,1790266800000.0,,4.9366741180419895
2026-09-25T00:33:49+00:00,area_trajectory,milford_haven,,1790266920000.0,,4.9366741180419895
2026-09-25T00:33:49+00:00,area_trajectory,milford_haven,,1790267040000.0,,4.9366741180419895
2026-09-25T00:33:49+00:00,area_trajectory,milford_haven,,1790267160000.0,,4.9366741180419895
2026-09-25T00:33:49+00:00,area_trajectory,milford_haven,,1790267280000.0,,4.91225910186768
2026-09-25T00:33:49+00:00,area_trajectory,milford_haven,,1790267400000.0,,4.91470098495483
2026-09-25T00:33:49+00:00,area_trajectory,milford_haven,,1790267520000.0,,4.91470098495483
2026-09-25T00:33:49+00:00,area_trajectory,milford_haven,,1790267640000.0,,4.91470098495483
2026-09-25T00:33:49+00:00,area_trajectory,milford_haven,,1790267760000.0,,4.91470098495483
2026-09-25T00:33:49+00:00,area_trajectory,milford_haven,,1790267880000.0,,4.91470098495483
2026-09-25T00:33:49+00:00,area_trajectory,milford_haven,,1790268000000.0,,4.91470098495483
2026-09-25T00:33:49+00:00,area_trajectory,milford_haven,,1790268120000.0,,4.91470098495483
2026-09-25T00:33:49+00:00,area_trajectory,milford_haven,,1790268240000.0,,4.91470098495483
2026-09-25T00:33:49+00:00,area_trajectory,milford_haven,,1790268360000.0,,5.0489821434021
2026-09-25T00:33:49+00:00,area_trajectory,milford_haven,,1790268480000.0,,4.9317913055419895
2026-09-25T00:33:49+00:00,area_trajectory,milford_haven,,1790268600000.0,,4.9317913055419895
2026-09-25T00:33:49+00:00,area_trajectory,milford_haven,,1790268720000.0,,4.9317913055419895
2026-09-25T00:33:49+00:00,area_trajectory,milford_haven,,1790268840000.0,,4.9317913055419895
2026-09-25T00:33:49+00:00,area_trajectory,milford_haven,,1790268960000.0,,4.9317913055419895
2026-09-25T00:33:49+00:00,area_trajectory,milford_haven,,1790269080000.0,,4.9317913055419895
2026-09-25T00:33:49+00:00,area_trajectory,milford_haven,,1790269200000.0,,4.9317913055419895
2026-09-25T00:33:49+00:00,area_trajectory,milford_haven,,1790269320000.0,,4.9317913055419895
2026-09-25T00:33:49+00:00,area_trajectory,milford_haven,,1790269440000.0,,4.9244666099548295
2026-09-25T00:33:49+00:00,area_trajectory,milford_haven,,1790269560000.0,,4.9244666099548295
2026-09-25T00:33:49+00:00,area_trajectory,milford_haven,,1790269680000.0,,4.9244666099548295
2026-09-25T00:33:49+00:00,area_trajectory,milford_haven,,1790269800000.0,,4.9244666099548295
2026-09-25T00:33:49+00:00,area_trajectory,milford_haven,,1790269920000.0,,4.9244666099548295
2026-09-25T00:33:49+00:00,area_trajectory,milford_haven,,1790270040000.0,,4.9244666099548295
2026-09-25T00:33:49+00:00,area_trajectory,milford_haven,,1790270160000.0,,4.9244666099548295
2026-09-25T00:33:49+00:00,area_trajectory,milford_haven,,1790270280000.0,,4.9244666099548295
2026-09-25T00:33:49+00:00,area_trajectory,milford_haven,,1790270400000.0,,4.9244666099548295
2026-09-25T00:33:49+00:00,area_trajectory,milford_haven,,1790270520000.0,,4.9244666099548295
2026-09-25T00:33:49+00:00,area_trajectory,milford_haven,,1790270640000.0,,4.9244666099548295
2026-09-25T00:33:49+00:00,area_trajectory,milford_haven,,1790270760000.0,,4.9244666099548295
2026-09-25T00:33:49+00:00,area_trajectory,milford_haven,,1790270880000.0,,4.9244666099548295
2026-09-25T00:33:49+00:00,area_trajectory,milford_haven,,1790271000000.0,,4.9244666099548295
2026-09-25T00:33:49+00:00,area_trajectory,milford_haven,,1790271120000.0,,4.9244666099548295
2026-09-25T00:33:49+00:00,area_trajectory,milford_haven,,1790271240000.0,,4.9244666099548295
2026-09-25T00:33:49+00:00,area_trajectory,milford_haven,,1790271360000.0,,4.9244666099548295
2026-09-25T00:33:49+00:00,area_trajectory,milford_haven,,1790271480000.0,,4.9244666099548295
2026-09-25T00:33:49+00:00,area_trajectory,milford_haven,,1790271600000.0,,4.9244666099548295
2026-09-25T00:33:49+00:00,area_trajectory,milford_haven,,1790271720000.0,,4.9244666099548295
2026-09-25T00:33:49+00:00,area_trajectory,milford_haven,,1790271840000.0,,4.9244666099548295
2026-09-25T00:33:49+00:00,area_trajectory,milford_haven,,1790271960000.0,,4.9244666099548295
2026-09-25T00:33:49+00:00,area_trajectory,milford_haven,,1790272080000.0,,4.9244666099548295
2026-09-25T00:33:49+00:00,area_trajectory,milford_haven,,1790272200000.0,,4.9244666099548295
2026-09-25T00:33:49+00:00,area_trajectory,milford_haven,,1790272320000.0,,4.9244666099548295
2026-09-25T00:33:49+00:00,area_trajectory,milford_haven,,1790272440000.0,,4.9244666099548295
2026-09-25T00:33:49+00:00,area_trajectory,milford_haven,,1790272560000.0,,4.9244666099548295
2026-09-25T00:33:49+00:00,area_trajectory,milford_haven,,1790272680000.0,,4.9244666099548295
2026-09-25T00:33:49+00:00,area_trajectory,milford_haven,,1790272800000.0,,4.9244666099548295
2026-09-25T00:33:49+00:00,area_trajectory,milford_haven,,1790272920000.0,,4.9244666099548295
2026-09-25T00:33:49+00:00,area_trajectory,milford_haven,,1790273040000.0,,4.9244666099548295
2026-09-25T00:33:49+00:00,area_trajectory,milford_haven,,1790273160000.0,,4.9635305404663095
2026-09-25T00:33:49+00:00,area_trajectory,milford_haven,,1790273280000.0,,4.9635305404663095
2026-09-25T00:33:49+00:00,area_trajectory,milford_haven,,1790273400000.0,,4.9635305404663095
2026-09-25T00:33:49+00:00,area_trajectory,milford_haven,,1790273520000.0,,4.9635305404663095
2026-09-25T00:33:49+00:00,area_trajectory,milford_haven,,1790273640000.0,,4.97817945480347
2026-09-25T00:33:49+00:00,area_trajectory,milford_haven,,1790273760000.0,,4.97817945480347
2026-09-25T00:33:49+00:00,area_trajectory,milford_haven,,1790273880000.0,,4.97817945480347
2026-09-25T00:33:49+00:00,area_trajectory,milford_haven,,1790274000000.0,,4.97817945480347
2026-09-25T00:33:49+00:00,area_trajectory,milford_haven,,1790274120000.0,,4.97817945480347
2026-09-25T00:33:49+00:00,area_trajectory,milford_haven,,1790274240000.0,,4.97817945480347
2026-09-25T00:33:49+00:00,area_trajectory,milford_haven,,1790274360000.0,,4.97817945480347
2026-09-25T00:33:49+00:00,area_trajectory,milford_haven,,1790274480000.0,,4.97817945480347
2026-09-25T00:33:49+00:00,area_trajectory,milford_haven,,1790274600000.0,,4.97817945480347
2026-09-25T00:33:49+00:00,area_trajectory,milford_haven,,1790274720000.0,,4.97817945480347
2026-09-25T00:33:49+00:00,area_trajectory,milford_haven,,1790274840000.0,,4.97817945480347
2026-09-25T00:33:49+00:00,area_trajectory,milford_haven,,1790274960000.0,,4.97817945480347
2026-09-25T00:33:49+00:00,area_trajectory,milford_haven,,1790275080000.0,,4.98306226730347
2026-09-25T00:33:49+00:00,area_trajectory,milford_haven,,1790275200000.0,,4.98306226730347
2026-09-25T00:33:49+00:00,area_trajectory,milford_haven,,1790275320000.0,,4.98306226730347
2026-09-25T00:33:49+00:00,area_trajectory,milford_haven,,1790275440000.0,,4.98306226730347
2026-09-25T00:33:49+00:00,area_trajectory,milford_haven,,1790275560000.0,,4.98306226730347
2026-09-25T00:33:49+00:00,area_trajectory,milford_haven,,1790275680000.0,,4.98306226730347
2026-09-25T00:33:49+00:00,area_trajectory,milford_haven,,1790275800000.0,,4.98306226730347
2026-09-25T00:33:49+00:00,area_trajectory,milford_haven,,1790275920000.0,,4.98306226730347
2026-09-25T00:33:49+00:00,area_trajectory,milford_haven,,1790276040000.0,,4.98306226730347
2026-09-25T00:33:49+00:00,area_trajectory,milford_haven,,1790276160000.0,,4.98306226730347
2026-09-25T00:33:49+00:00,area_trajectory,milford_haven,,1790276280000.0,,4.98306226730347
2026-09-25T00:33:49+00:00,area_trajectory,milford_haven,,1790276400000.0,,4.98306226730347
2026-09-25T00:33:49+00:00,area_trajectory,milford_haven,,1790276520000.0,,4.98306226730347
2026-09-25T00:33:49+00:00,area_trajectory,milford_haven,,1790276640000.0,,4.98306226730347
2026-09-25T00:33:49+00:00,area_trajectory,milford_haven,,1790276760000.0,,5.00259399414062
2026-09-25T00:33:49+00:00,area_trajectory,milford_haven,,1790276880000.0,,5.00259399414062
2026-09-25T00:33:49+00:00,area_trajectory,milford_haven,,1790277000000.0,,5.00259399414062
2026-09-25T00:33:49+00:00,area_trajectory,milford_haven,,1790277120000.0,,5.00259399414062
2026-09-25T00:33:49+00:00,area_trajectory,milford_haven,,1790277240000.0,,5.00259399414062
2026-09-25T00:33:49+00:00,area_trajectory,milford_haven,,1790277360000.0,,5.00259399414062
2026-09-25T00:33:49+00:00,area_trajectory,milford_haven,,1790277480000.0,,5.00259399414062
2026-09-25T00:33:49+00:00,area_trajectory,milford_haven,,1790277600000.0,,5.00259399414062
2026-09-25T00:33:49+00:00,area_trajectory,milford_haven,,1790277720000.0,,5.00259399414062
2026-09-25T00:33:49+00:00,area_trajectory,milford_haven,,1790277840000.0,,5.00259399414062
2026-09-25T00:33:49+00:00,area_trajectory,milford_haven,,1790277960000.0,,5.00259399414062
2026-09-25T00:33:49+00:00,area_trajectory,milford_haven,,1790278080000.0,,5.00259399414062
2026-09-25T00:33:49+00:00,area_trajectory,milford_haven,,1790278200000.0,,5.00259399414062
2026-09-25T00:33:49+00:00,area_trajectory,milford_haven,,1790278320000.0,,5.00259399414062
2026-09-25T00:33:49+00:00,area_trajectory,milford_haven,,1790278440000.0,,5.00259399414062
2026-09-25T00:33:49+00:00,area_trajectory,milford_haven,,1790278560000.0,,5.00259399414062
2026-09-25T00:33:49+00:00,area_trajectory,milford_haven,,1790278680000.0,,5.00259399414062
2026-09-25T00:33:49+00:00,area_trajectory,milford_haven,,1790278800000.0,,5.00259399414062
2026-09-25T00:33:49+00:00,area_trajectory,milford_haven,,1790278920000.0,,5.00259399414062
2026-09-25T00:33:49+00:00,area_trajectory,milford_haven,,1790279040000.0,,5.00259399414062
2026-09-25T00:33:49+00:00,area_trajectory,milford_haven,,1790279160000.0,,5.00259399414062
2026-09-25T00:33:49+00:00,area_trajectory,milford_haven,,1790279280000.0,,5.00259399414062
2026-09-25T00:33:49+00:00,area_trajectory,milford_haven,,1790279400000.0,,5.00259399414062
2026-09-25T00:33:49+00:00,area_trajectory,milford_haven,,1790279520000.0,,5.00259399414062
2026-09-25T00:33:49+00:00,area_trajectory,milford_haven,,1790279640000.0,,5.00259399414062
2026-09-25T00:33:49+00:00,area_trajectory,milford_haven,,1790279760000.0,,5.00259399414062
2026-09-25T00:33:49+00:00,area_trajectory,milford_haven,,1790279880000.0,,5.00259399414062
2026-09-25T00:33:49+00:00,area_trajectory,milford_haven,,1790280000000.0,,5.00259399414062
2026-09-25T00:33:49+00:00,area_trajectory,milford_haven,,1790280120000.0,,5.00259399414062
2026-09-25T00:33:49+00:00,area_trajectory,milford_haven,,1790280240000.0,,4.9269080162048295
2026-09-25T00:33:49+00:00,area_trajectory,milford_haven,,1790280360000.0,,5.00747680664062
2026-09-25T00:33:49+00:00,area_trajectory,milford_haven,,1790280480000.0,,5.00747680664062
2026-09-25T00:33:49+00:00,area_trajectory,milford_haven,,1790280600000.0,,5.00747680664062
2026-09-25T00:33:49+00:00,area_trajectory,milford_haven,,1790280720000.0,,5.00747680664062
2026-09-25T00:33:49+00:00,area_trajectory,milford_haven,,1790280840000.0,,5.00747680664062
2026-09-25T00:33:49+00:00,area_trajectory,milford_haven,,1790280960000.0,,5.00747680664062
2026-09-25T00:33:49+00:00,area_trajectory,milford_haven,,1790281080000.0,,5.00747680664062
2026-09-25T00:33:49+00:00,area_trajectory,milford_haven,,1790281200000.0,,5.00747680664062
2026-09-25T00:33:49+00:00,area_trajectory,milford_haven,,1790281320000.0,,5.00747680664062
2026-09-25T00:33:49+00:00,area_trajectory,milford_haven,,1790281440000.0,,5.00747680664062
2026-09-25T00:33:49+00:00,area_trajectory,milford_haven,,1790281560000.0,,5.00747680664062
2026-09-25T00:33:49+00:00,area_trajectory,milford_haven,,1790281680000.0,,5.00747680664062
2026-09-25T00:33:49+00:00,area_trajectory,milford_haven,,1790281800000.0,,5.00747680664062
2026-09-25T00:33:49+00:00,area_trajectory,milford_haven,,1790281920000.0,,5.00747680664062
2026-09-25T00:33:49+00:00,area_trajectory,milford_haven,,1790282040000.0,,5.00747680664062
2026-09-25T00:33:49+00:00,area_trajectory,milford_haven,,1790282160000.0,,5.00747680664062
2026-09-25T00:33:49+00:00,area_trajectory,milford_haven,,1790282280000.0,,5.00747680664062
2026-09-25T00:33:49+00:00,area_trajectory,milford_haven,,1790282400000.0,,5.00747680664062
2026-09-25T00:33:49+00:00,area_trajectory,milford_haven,,1790282520000.0,,5.00747680664062
2026-09-25T00:33:49+00:00,area_trajectory,milford_haven,,1790282640000.0,,5.00747680664062
2026-09-25T00:33:49+00:00,area_trajectory,milford_haven,,1790282760000.0,,5.00747680664062
2026-09-25T00:33:49+00:00,area_trajectory,milford_haven,,1790282880000.0,,5.00747680664062
2026-09-25T00:33:49+00:00,area_trajectory,milford_haven,,1790283000000.0,,5.00747680664062
2026-09-25T00:33:49+00:00,area_trajectory,milford_haven,,1790283120000.0,,5.00747680664062
2026-09-25T00:33:49+00:00,area_trajectory,milford_haven,,1790283240000.0,,5.00747680664062
2026-09-25T00:33:49+00:00,area_trajectory,milford_haven,,1790283360000.0,,5.00747680664062
2026-09-25T00:33:49+00:00,area_trajectory,milford_haven,,1790283480000.0,,5.00747680664062
2026-09-25T00:33:49+00:00,area_trajectory,milford_haven,,1790283600000.0,,5.00747680664062
2026-09-25T00:33:49+00:00,area_trajectory,milford_haven,,1790283720000.0,,5.00747680664062
2026-09-25T00:33:49+00:00,area_trajectory,milford_haven,,1790283840000.0,,5.0245676040649405
2026-09-25T00:33:49+00:00,area_trajectory,milford_haven,,1790283960000.0,,5.0245676040649405
2026-09-25T00:33:49+00:00,area_trajectory,milford_haven,,1790284080000.0,,5.0245676040649405
2026-09-25T00:33:49+00:00,area_trajectory,milford_haven,,1790284200000.0,,5.0245676040649405
2026-09-25T00:33:49+00:00,area_trajectory,milford_haven,,1790284320000.0,,5.0245676040649405
2026-09-25T00:33:49+00:00,area_trajectory,milford_haven,,1790284440000.0,,5.0245676040649405
2026-09-25T00:33:49+00:00,area_trajectory,milford_haven,,1790284560000.0,,5.0245676040649405
2026-09-25T00:33:49+00:00,area_trajectory,milford_haven,,1790284680000.0,,5.0245676040649405
2026-09-25T00:33:49+00:00,area_trajectory,milford_haven,,1790284800000.0,,5.0245676040649405
2026-09-25T00:33:49+00:00,area_trajectory,milford_haven,,1790284920000.0,,5.0245676040649405
2026-09-25T00:33:49+00:00,area_trajectory,milford_haven,,1790285040000.0,,5.0245676040649405
2026-09-25T00:33:49+00:00,area_trajectory,milford_haven,,1790285160000.0,,5.0611896514892605
2026-09-25T00:33:49+00:00,area_trajectory,milford_haven,,1790285280000.0,,5.0611896514892605
2026-09-25T00:33:49+00:00,area_trajectory,milford_haven,,1790285400000.0,,5.0660724639892605
2026-09-25T00:33:49+00:00,area_trajectory,milford_haven,,1790285520000.0,,5.0660724639892605
2026-09-25T00:33:49+00:00,area_trajectory,milford_haven,,1790285640000.0,,5.0660724639892605
2026-09-25T00:33:49+00:00,area_trajectory,milford_haven,,1790285760000.0,,5.0660724639892605
2026-09-25T00:33:49+00:00,area_trajectory,milford_haven,,1790285880000.0,,5.0660724639892605
2026-09-25T00:33:49+00:00,area_trajectory,milford_haven,,1790286000000.0,,5.0660724639892605
2026-09-25T00:33:49+00:00,area_trajectory,milford_haven,,1790286120000.0,,5.0660724639892605
2026-09-25T00:33:49+00:00,area_trajectory,milford_haven,,1790286240000.0,,5.0660724639892605
2026-09-25T00:33:49+00:00,area_trajectory,milford_haven,,1790286360000.0,,5.0660724639892605
2026-09-25T00:33:49+00:00,area_trajectory,milford_haven,,1790286480000.0,,5.0660724639892605
2026-09-25T00:33:49+00:00,area_trajectory,milford_haven,,1790286600000.0,,5.0660724639892605
2026-09-25T00:33:49+00:00,area_trajectory,milford_haven,,1790286720000.0,,5.0660724639892605
2026-09-25T00:33:49+00:00,area_trajectory,milford_haven,,1790286840000.0,,5.0660724639892605
2026-09-25T00:33:49+00:00,area_trajectory,milford_haven,,1790286960000.0,,5.0660724639892605
2026-09-25T00:33:49+00:00,area_trajectory,milford_haven,,1790287080000.0,,5.0660724639892605
2026-09-25T00:33:49+00:00,area_trajectory,milford_haven,,1790287200000.0,,5.0660724639892605
2026-09-25T00:33:49+00:00,area_trajectory,milford_haven,,1790287320000.0,,5.0660724639892605
2026-09-25T00:33:49+00:00,area_trajectory,milford_haven,,1790287440000.0,,5.03677463531494
2026-09-25T00:33:49+00:00,area_trajectory,milford_haven,,1790287560000.0,,5.03677463531494
2026-09-25T00:33:49+00:00,area_trajectory,milford_haven,,1790287680000.0,,5.03677463531494
2026-09-25T00:33:49+00:00,area_trajectory,milford_haven,,1790287800000.0,,5.03677463531494
2026-09-25T00:33:49+00:00,area_trajectory,milford_haven,,1790287920000.0,,5.03677463531494
2026-09-25T00:33:49+00:00,area_trajectory,milford_haven,,1790288040000.0,,5.03677463531494
2026-09-25T00:33:49+00:00,area_trajectory,milford_haven,,1790288160000.0,,5.03677463531494
2026-09-25T00:33:49+00:00,area_trajectory,milford_haven,,1790288280000.0,,5.03677463531494
2026-09-25T00:33:49+00:00,area_trajectory,milford_haven,,1790288400000.0,,5.03677463531494
2026-09-25T00:33:49+00:00,area_trajectory,milford_haven,,1790288520000.0,,5.03677463531494
2026-09-25T00:33:49+00:00,area_trajectory,milford_haven,,1790288640000.0,,5.03677463531494
2026-09-25T00:33:49+00:00,area_trajectory,milford_haven,,1790288760000.0,,5.03677463531494
2026-09-25T00:33:49+00:00,area_trajectory,milford_haven,,1790288880000.0,,5.03677463531494
2026-09-25T00:33:49+00:00,area_trajectory,milford_haven,,1790289000000.0,,5.03677463531494
2026-09-25T00:33:49+00:00,area_trajectory,milford_haven,,1790289120000.0,,5.03677463531494
2026-09-25T00:33:49+00:00,area_trajectory,milford_haven,,1790289240000.0,,5.03677463531494
2026-09-25T00:33:49+00:00,area_trajectory,milford_haven,,1790289360000.0,,5.03677463531494
2026-09-25T00:33:49+00:00,area_trajectory,milford_haven,,1790289480000.0,,5.03677463531494
2026-09-25T00:33:49+00:00,area_trajectory,milford_haven,,1790289600000.0,,5.03677463531494
2026-09-25T00:33:49+00:00,area_trajectory,milford_haven,,1790289720000.0,,5.03677463531494
2026-09-25T00:33:49+00:00,area_trajectory,milford_haven,,1790289840000.0,,5.03677463531494
2026-09-25T00:33:49+00:00,area_trajectory,milford_haven,,1790289960000.0,,5.03677463531494
2026-09-25T00:33:49+00:00,area_trajectory,milford_haven,,1790290080000.0,,5.03677463531494
2026-09-25T00:33:49+00:00,area_trajectory,milford_haven,,1790290200000.0,,5.03677463531494
2026-09-25T00:33:49+00:00,area_trajectory,milford_haven,,1790290320000.0,,5.03677463531494
2026-09-25T00:33:49+00:00,area_trajectory,milford_haven,,1790290440000.0,,5.03677463531494
2026-09-25T00:33:49+00:00,area_trajectory,milford_haven,,1790290560000.0,,5.03677463531494
2026-09-25T00:33:49+00:00,area_trajectory,milford_haven,,1790290680000.0,,5.03677463531494
2026-09-25T00:33:49+00:00,area_trajectory,milford_haven,,1790290800000.0,,5.03677463531494
2026-09-25T00:33:49+00:00,area_trajectory,milford_haven,,1790290920000.0,,5.03677463531494
2026-09-25T00:33:49+00:00,area_trajectory,milford_haven,,1790291040000.0,,5.0245676040649405
2026-09-25T00:33:49+00:00,area_trajectory,milford_haven,,1790291160000.0,,5.0245676040649405
2026-09-25T00:33:49+00:00,area_trajectory,milford_haven,,1790291280000.0,,5.0245676040649405
2026-09-25T00:33:49+00:00,area_trajectory,milford_haven,,1790291400000.0,,5.0245676040649405
2026-09-25T00:33:49+00:00,area_trajectory,milford_haven,,1790291520000.0,,5.0245676040649405
2026-09-25T00:33:49+00:00,area_trajectory,milford_haven,,1790291640000.0,,5.0245676040649405
2026-09-25T00:33:49+00:00,area_trajectory,milford_haven,,1790291760000.0,,5.0245676040649405
2026-09-25T00:33:49+00:00,area_trajectory,milford_haven,,1790291880000.0,,5.0245676040649405
2026-09-25T00:33:49+00:00,area_trajectory,milford_haven,,1790292000000.0,,5.0245676040649405
2026-09-25T00:33:49+00:00,area_trajectory,milford_haven,,1790292120000.0,,5.0245676040649405
2026-09-25T00:33:49+00:00,area_trajectory,milford_haven,,1790292240000.0,,5.0245676040649405
2026-09-25T00:33:49+00:00,area_trajectory,milford_haven,,1790292360000.0,,5.0245676040649405
2026-09-25T00:33:49+00:00,area_trajectory,milford_haven,,1790292480000.0,,5.0245676040649405
2026-09-25T00:33:49+00:00,area_trajectory,milford_haven,,1790292600000.0,,5.0245676040649405
2026-09-25T00:33:49+00:00,area_trajectory,milford_haven,,1790292720000.0,,5.0245676040649405
2026-09-25T00:33:49+00:00,area_trajectory,milford_haven,,1790292840000.0,,5.0245676040649405
2026-09-25T00:33:49+00:00,area_trajectory,milford_haven,,1790292960000.0,,5.0245676040649405
2026-09-25T00:33:49+00:00,area_trajectory,milford_haven,,1790293080000.0,,5.0245676040649405
2026-09-25T00:33:49+00:00,area_trajectory,milford_haven,,1790293200000.0,,5.0245676040649405
2026-09-25T00:33:49+00:00,area_trajectory,milford_haven,,1790293320000.0,,5.0245676040649405
2026-09-25T00:33:49+00:00,area_trajectory,milford_haven,,1790293440000.0,,5.0245676040649405
2026-09-25T00:33:49+00:00,area_trajectory,milford_haven,,1790293560000.0,,5.0245676040649405
2026-09-25T00:33:49+00:00,area_trajectory,milford_haven,,1790293680000.0,,5.0245676040649405
2026-09-25T00:33:49+00:00,area_trajectory,milford_haven,,1790293800000.0,,5.0245676040649405
2026-09-25T00:33:49+00:00,area_trajectory,milford_haven,,1790293920000.0,,5.0245676040649405
2026-09-25T00:33:49+00:00,area_trajectory,milford_haven,,1790294040000.0,,5.0245676040649405
2026-09-25T00:33:49+00:00,area_trajectory,milford_haven,,1790294160000.0,,5.0245676040649405
2026-09-25T00:33:49+00:00,area_trajectory,milford_haven,,1790294280000.0,,5.0245676040649405
2026-09-25T00:33:49+00:00,area_trajectory,milford_haven,,1790294400000.0,,5.0245676040649405
2026-09-25T00:33:49+00:00,area_trajectory,milford_haven,,1790294520000.0,,5.0245676040649405
2026-09-25T00:33:49+00:00,area_trajectory,milford_haven,,1790294640000.0,,5.0489821434021
2026-09-25T00:33:49+00:00,area_trajectory,milford_haven,,1790294760000.0,,5.0489821434021
2026-09-25T00:33:49+00:00,area_trajectory,milford_haven,,1790294880000.0,,5.0489821434021
2026-09-25T00:33:49+00:00,area_trajectory,milford_haven,,1790295000000.0,,5.0489821434021
2026-09-25T00:33:49+00:00,area_trajectory,milford_haven,,1790295120000.0,,5.0489821434021
2026-09-25T00:33:49+00:00,area_trajectory,milford_haven,,1790295240000.0,,5.0489821434021
2026-09-25T00:33:49+00:00,area_trajectory,milford_haven,,1790295360000.0,,5.0489821434021
2026-09-25T00:33:49+00:00,area_trajectory,milford_haven,,1790295480000.0,,5.0489821434021
2026-09-25T00:33:49+00:00,area_trajectory,milford_haven,,1790295600000.0,,5.0489821434021
2026-09-25T00:33:49+00:00,area_trajectory,milford_haven,,1790295720000.0,,5.0489821434021
2026-09-25T00:33:49+00:00,area_trajectory,milford_haven,,1790295840000.0,,5.0489821434021
2026-09-25T00:33:49+00:00,area_trajectory,milford_haven,,1790295960000.0,,5.0489821434021
2026-09-25T00:33:49+00:00,area_trajectory,milford_haven,,1790296080000.0,,5.0489821434021
2026-09-25T00:33:49+00:00,area_trajectory,milford_haven,,1790296200000.0,,5.0489821434021
2026-09-25T00:33:49+00:00,area_trajectory,milford_haven,,1790296320000.0,,5.0489821434021
2026-09-25T00:33:49+00:00,area_trajectory,milford_haven,,1790296440000.0,,5.0489821434021
2026-09-25T00:33:49+00:00,area_trajectory,milford_haven,,1790296560000.0,,5.0489821434021
2026-09-25T00:33:49+00:00,area_trajectory,milford_haven,,1790296680000.0,,5.0489821434021
2026-09-25T00:33:49+00:00,area_trajectory,milford_haven,,1790296800000.0,,5.0489821434021
2026-09-25T00:33:49+00:00,area_trajectory,milford_haven,,1790296920000.0,,5.0489821434021
2026-09-25T00:33:49+00:00,area_trajectory,milford_haven,,1790297040000.0,,5.0489821434021
2026-09-25T00:33:49+00:00,area_trajectory,milford_haven,,1790297160000.0,,5.0489821434021
2026-09-25T00:33:49+00:00,area_trajectory,milford_haven,,1790297280000.0,,5.0489821434021
2026-09-25T00:33:49+00:00,area_trajectory,milford_haven,,1790297400000.0,,5.0489821434021
2026-09-25T00:33:49+00:00,area_trajectory,milford_haven,,1790297520000.0,,5.0489821434021
2026-09-25T00:33:49+00:00,area_trajectory,milford_haven,,1790297640000.0,,5.0489821434021
2026-09-25T00:33:49+00:00,area_trajectory,milford_haven,,1790297760000.0,,5.0489821434021
2026-09-25T00:33:49+00:00,area_trajectory,milford_haven,,1790297880000.0,,5.0489821434021
2026-09-25T00:33:49+00:00,area_trajectory,milford_haven,,1790298000000.0,,5.0489821434021
2026-09-25T00:33:49+00:00,area_trajectory,milford_haven,,1790298120000.0,,5.0489821434021
2026-09-25T00:33:49+00:00,area_trajectory,milford_haven,,1790298240000.0,,5.0587482452392605
2026-09-25T00:33:49+00:00,area_trajectory,milford_haven,,1790298360000.0,,5.0587482452392605
2026-09-25T00:33:49+00:00,area_trajectory,milford_haven,,1790298480000.0,,5.0587482452392605
2026-09-25T00:33:49+00:00,area_trajectory,milford_haven,,1790298600000.0,,5.0587482452392605
2026-09-25T00:33:49+00:00,area_trajectory,milford_haven,,1790298720000.0,,5.0587482452392605
2026-09-25T00:33:49+00:00,area_trajectory,milford_haven,,1790298840000.0,,5.0587482452392605
2026-09-25T00:33:49+00:00,area_trajectory,milford_haven,,1790298960000.0,,5.0587482452392605
2026-09-25T00:33:49+00:00,area_trajectory,milford_haven,,1790299080000.0,,5.0587482452392605
2026-09-25T00:33:49+00:00,area_trajectory,milford_haven,,1790299200000.0,,5.0587482452392605
2026-09-25T00:33:49+00:00,area_trajectory,milford_haven,,1790299320000.0,,5.0587482452392605
2026-09-25T00:33:49+00:00,subterminal_latest,grain,nts1,,01:12,0.00
2026-09-25T00:33:49+00:00,subterminal_latest,grain,nts1,,01:14,0.00
2026-09-25T00:33:49+00:00,subterminal_latest,grain,nts1,,01:16,0.00
2026-09-25T00:33:49+00:00,subterminal_latest,grain,nts1,,01:18,0.00
2026-09-25T00:33:49+00:00,subterminal_latest,grain,nts1,,01:20,0.00
2026-09-25T00:33:49+00:00,subterminal_latest,grain,nts1,,01:22,0.00
2026-09-25T00:33:49+00:00,subterminal_latest,grain,nts2,,01:12,3.58
2026-09-25T00:33:49+00:00,subterminal_latest,grain,nts2,,01:14,3.65
2026-09-25T00:33:49+00:00,subterminal_latest,grain,nts2,,01:16,3.65
2026-09-25T00:33:49+00:00,subterminal_latest,grain,nts2,,01:18,3.65
2026-09-25T00:33:49+00:00,subterminal_latest,grain,nts2,,01:20,3.65
2026-09-25T00:33:49+00:00,subterminal_latest,grain,nts2,,01:22,3.65
2026-09-25T00:33:49+00:00,subterminal_latest,dragon,,,01:12,0.00
2026-09-25T00:33:49+00:00,subterminal_latest,dragon,,,01:14,0.00
2026-09-25T00:33:49+00:00,subterminal_latest,dragon,,,01:16,0.00
2026-09-25T00:33:49+00:00,subterminal_latest,dragon,,,01:18,0.00
2026-09-25T00:33:49+00:00,subterminal_latest,dragon,,,01:20,0.00
2026-09-25T00:33:49+00:00,subterminal_latest,dragon,,,01:22,0.00
2026-09-25T00:33:49+00:00,subterminal_latest,south_hook,,,01:12,5.06
2026-09-25T00:33:49+00:00,subterminal_latest,south_hook,,,01:14,5.06
2026-09-25T00:33:49+00:00,subterminal_latest,south_hook,,,01:16,5.06
2026-09-25T00:33:49+00:00,subterminal_latest,south_hook,,,01:18,5.06
2026-09-25T00:33:49+00:00,subterminal_latest,south_hook,,,01:20,5.06
2026-09-25T00:33:49+00:00,subterminal_latest,south_hook,,,01:22,5.06
