snapshot_utc,series,terminal,sub,epoch_ms,time_label,value_mcm_d
2026-09-16T00:21:15+00:00,area_trajectory,grain,,1789448400000.0,,3.27978808576986
2026-09-16T00:21:15+00:00,area_trajectory,grain,,1789448520000.0,,3.2616602781526702
2026-09-16T00:21:15+00:00,area_trajectory,grain,,1789448640000.0,,3.2616602781526702
2026-09-16T00:21:15+00:00,area_trajectory,grain,,1789448760000.0,,3.20365063459799
2026-09-16T00:21:15+00:00,area_trajectory,grain,,1789448880000.0,,3.20365063459799
2026-09-16T00:21:15+00:00,area_trajectory,grain,,1789449000000.0,,3.1657467039339195
2026-09-16T00:21:15+00:00,area_trajectory,grain,,1789449120000.0,,3.1657467039339195
2026-09-16T00:21:15+00:00,area_trajectory,grain,,1789449240000.0,,3.20332104475424
2026-09-16T00:21:15+00:00,area_trajectory,grain,,1789449360000.0,,3.20332104475424
2026-09-16T00:21:15+00:00,area_trajectory,grain,,1789449480000.0,,3.14597058088705
2026-09-16T00:21:15+00:00,area_trajectory,grain,,1789449600000.0,,3.14597058088705
2026-09-16T00:21:15+00:00,area_trajectory,grain,,1789449720000.0,,3.20595776350424
2026-09-16T00:21:15+00:00,area_trajectory,grain,,1789449840000.0,,3.20595776350424
2026-09-16T00:21:15+00:00,area_trajectory,grain,,1789449960000.0,,3.20595776350424
2026-09-16T00:21:15+00:00,area_trajectory,grain,,1789450080000.0,,3.20595776350424
2026-09-16T00:21:15+00:00,area_trajectory,grain,,1789450200000.0,,3.2488059080354903
2026-09-16T00:21:15+00:00,area_trajectory,grain,,1789450320000.0,,3.2488059080354903
2026-09-16T00:21:15+00:00,area_trajectory,grain,,1789450440000.0,,3.17200891096517
2026-09-16T00:21:15+00:00,area_trajectory,grain,,1789450560000.0,,3.17200891096517
2026-09-16T00:21:15+00:00,area_trajectory,grain,,1789450680000.0,,3.24814672834799
2026-09-16T00:21:15+00:00,area_trajectory,grain,,1789450800000.0,,3.24814672834799
2026-09-16T00:21:15+00:00,area_trajectory,grain,,1789450920000.0,,3.1904666746370496
2026-09-16T00:21:15+00:00,area_trajectory,grain,,1789451040000.0,,3.1904666746370496
2026-09-16T00:21:15+00:00,area_trajectory,grain,,1789451160000.0,,3.17200891096517
2026-09-16T00:21:15+00:00,area_trajectory,grain,,1789451280000.0,,3.17200891096517
2026-09-16T00:21:15+00:00,area_trajectory,grain,,1789451400000.0,,3.2306777342073603
2026-09-16T00:21:15+00:00,area_trajectory,grain,,1789451520000.0,,3.2306777342073603
2026-09-16T00:21:15+00:00,area_trajectory,grain,,1789451640000.0,,3.1927738035433
2026-09-16T00:21:15+00:00,area_trajectory,grain,,1789451760000.0,,3.1927738035433
2026-09-16T00:21:15+00:00,area_trajectory,grain,,1789451880000.0,,3.2313369138948596
2026-09-16T00:21:15+00:00,area_trajectory,grain,,1789452000000.0,,3.2313369138948596
2026-09-16T00:21:15+00:00,area_trajectory,grain,,1789452120000.0,,3.1940921629182997
2026-09-16T00:21:15+00:00,area_trajectory,grain,,1789452240000.0,,3.1940921629182997
2026-09-16T00:21:15+00:00,area_trajectory,grain,,1789452360000.0,,3.2343035886995497
2026-09-16T00:21:15+00:00,area_trajectory,grain,,1789452480000.0,,3.2343035886995497
2026-09-16T00:21:15+00:00,area_trajectory,grain,,1789452600000.0,,3.19310339338705
2026-09-16T00:21:15+00:00,area_trajectory,grain,,1789452720000.0,,3.19310339338705
2026-09-16T00:21:15+00:00,area_trajectory,grain,,1789452840000.0,,3.1532219236604897
2026-09-16T00:21:15+00:00,area_trajectory,grain,,1789452960000.0,,3.1532219236604897
2026-09-16T00:21:15+00:00,area_trajectory,grain,,1789453080000.0,,3.23001855451986
2026-09-16T00:21:15+00:00,area_trajectory,grain,,1789453200000.0,,3.23001855451986
2026-09-16T00:21:15+00:00,area_trajectory,grain,,1789453320000.0,,3.18914831526205
2026-09-16T00:21:15+00:00,area_trajectory,grain,,1789453440000.0,,3.18914831526205
2026-09-16T00:21:15+00:00,area_trajectory,grain,,1789453560000.0,,3.22935937483236
2026-09-16T00:21:15+00:00,area_trajectory,grain,,1789453680000.0,,3.22935937483236
2026-09-16T00:21:15+00:00,area_trajectory,grain,,1789453800000.0,,3.1898074949495503
2026-09-16T00:21:15+00:00,area_trajectory,grain,,1789453920000.0,,3.1898074949495503
2026-09-16T00:21:15+00:00,area_trajectory,grain,,1789454040000.0,,3.20595776350424
2026-09-16T00:21:15+00:00,area_trajectory,grain,,1789454160000.0,,3.20595776350424
2026-09-16T00:21:15+00:00,area_trajectory,grain,,1789454280000.0,,3.2616602781526702
2026-09-16T00:21:15+00:00,area_trajectory,grain,,1789454400000.0,,3.2616602781526702
2026-09-16T00:21:15+00:00,area_trajectory,grain,,1789454520000.0,,3.18321533186361
2026-09-16T00:21:15+00:00,area_trajectory,grain,,1789454640000.0,,3.18321533186361
2026-09-16T00:21:15+00:00,area_trajectory,grain,,1789454760000.0,,3.16080249006674
2026-09-16T00:21:15+00:00,area_trajectory,grain,,1789454880000.0,,3.16080249006674
2026-09-16T00:21:15+00:00,area_trajectory,grain,,1789455000000.0,,3.1954105222933
2026-09-16T00:21:15+00:00,area_trajectory,grain,,1789455120000.0,,3.1954105222933
2026-09-16T00:21:15+00:00,area_trajectory,grain,,1789455240000.0,,3.1954105222933
2026-09-16T00:21:15+00:00,area_trajectory,grain,,1789455360000.0,,3.1954105222933
2026-09-16T00:21:15+00:00,area_trajectory,grain,,1789455480000.0,,3.1954105222933
2026-09-16T00:21:15+00:00,area_trajectory,grain,,1789455600000.0,,3.1954105222933
2026-09-16T00:21:15+00:00,area_trajectory,grain,,1789455720000.0,,3.2471579588167403
2026-09-16T00:21:15+00:00,area_trajectory,grain,,1789455840000.0,,3.2471579588167403
2026-09-16T00:21:15+00:00,area_trajectory,grain,,1789455960000.0,,3.18717077619955
2026-09-16T00:21:15+00:00,area_trajectory,grain,,1789456080000.0,,3.18717077619955
2026-09-16T00:21:15+00:00,area_trajectory,grain,,1789456200000.0,,3.18717077619955
2026-09-16T00:21:15+00:00,area_trajectory,grain,,1789456320000.0,,3.18717077619955
2026-09-16T00:21:15+00:00,area_trajectory,grain,,1789456440000.0,,3.18717077619955
2026-09-16T00:21:15+00:00,area_trajectory,grain,,1789456560000.0,,3.18717077619955
2026-09-16T00:21:15+00:00,area_trajectory,grain,,1789456680000.0,,3.19936596662924
2026-09-16T00:21:15+00:00,area_trajectory,grain,,1789456800000.0,,3.19936596662924
2026-09-16T00:21:15+00:00,area_trajectory,grain,,1789456920000.0,,3.23562194807455
2026-09-16T00:21:15+00:00,area_trajectory,grain,,1789457040000.0,,3.23562194807455
2026-09-16T00:21:15+00:00,area_trajectory,grain,,1789457160000.0,,3.25276098616049
2026-09-16T00:21:15+00:00,area_trajectory,grain,,1789457280000.0,,3.25276098616049
2026-09-16T00:21:15+00:00,area_trajectory,grain,,1789457400000.0,,3.19244421369955
2026-09-16T00:21:15+00:00,area_trajectory,grain,,1789457520000.0,,3.19244421369955
2026-09-16T00:21:15+00:00,area_trajectory,grain,,1789457640000.0,,3.24814672834799
2026-09-16T00:21:15+00:00,area_trajectory,grain,,1789457760000.0,,3.24814672834799
2026-09-16T00:21:15+00:00,area_trajectory,grain,,1789457880000.0,,3.18914831526205
2026-09-16T00:21:15+00:00,area_trajectory,grain,,1789458000000.0,,3.18914831526205
2026-09-16T00:21:15+00:00,area_trajectory,grain,,1789458120000.0,,3.2445208738558
2026-09-16T00:21:15+00:00,area_trajectory,grain,,1789458240000.0,,3.2445208738558
2026-09-16T00:21:15+00:00,area_trajectory,grain,,1789458360000.0,,3.20365063459799
2026-09-16T00:21:15+00:00,area_trajectory,grain,,1789458480000.0,,3.20365063459799
2026-09-16T00:21:15+00:00,area_trajectory,grain,,1789458600000.0,,3.18156738264486
2026-09-16T00:21:15+00:00,area_trajectory,grain,,1789458720000.0,,3.18156738264486
2026-09-16T00:21:15+00:00,area_trajectory,grain,,1789458840000.0,,3.19936596662924
2026-09-16T00:21:15+00:00,area_trajectory,grain,,1789458960000.0,,3.19936596662924
2026-09-16T00:21:15+00:00,area_trajectory,grain,,1789459080000.0,,3.23628112776205
2026-09-16T00:21:15+00:00,area_trajectory,grain,,1789459200000.0,,3.23628112776205
2026-09-16T00:21:15+00:00,area_trajectory,grain,,1789459320000.0,,3.19639929182455
2026-09-16T00:21:15+00:00,area_trajectory,grain,,1789459440000.0,,3.21518664534017
2026-09-16T00:21:15+00:00,area_trajectory,grain,,1789459560000.0,,3.21518664534017
2026-09-16T00:21:15+00:00,area_trajectory,grain,,1789459680000.0,,3.21518664534017
2026-09-16T00:21:15+00:00,area_trajectory,grain,,1789459800000.0,,3.21518664534017
2026-09-16T00:21:15+00:00,area_trajectory,grain,,1789459920000.0,,3.19376257307455
2026-09-16T00:21:15+00:00,area_trajectory,grain,,1789460040000.0,,3.19376257307455
2026-09-16T00:21:15+00:00,area_trajectory,grain,,1789460160000.0,,3.19376257307455
2026-09-16T00:21:15+00:00,area_trajectory,grain,,1789460280000.0,,3.19376257307455
2026-09-16T00:21:15+00:00,area_trajectory,grain,,1789460400000.0,,3.17200891096517
2026-09-16T00:21:15+00:00,area_trajectory,grain,,1789460520000.0,,3.17200891096517
2026-09-16T00:21:15+00:00,area_trajectory,grain,,1789460640000.0,,3.17200891096517
2026-09-16T00:21:15+00:00,area_trajectory,grain,,1789460760000.0,,3.14992565901205
2026-09-16T00:21:15+00:00,area_trajectory,grain,,1789460880000.0,,3.14992565901205
2026-09-16T00:21:15+00:00,area_trajectory,grain,,1789461000000.0,,3.18848913557455
2026-09-16T00:21:15+00:00,area_trajectory,grain,,1789461120000.0,,3.18848913557455
2026-09-16T00:21:15+00:00,area_trajectory,grain,,1789461240000.0,,3.16838342268392
2026-09-16T00:21:15+00:00,area_trajectory,grain,,1789461360000.0,,3.16838342268392
2026-09-16T00:21:15+00:00,area_trajectory,grain,,1789461480000.0,,3.2056281736604904
2026-09-16T00:21:15+00:00,area_trajectory,grain,,1789461600000.0,,3.2056281736604904
2026-09-16T00:21:15+00:00,area_trajectory,grain,,1789461720000.0,,3.18585205061361
2026-09-16T00:21:15+00:00,area_trajectory,grain,,1789461840000.0,,3.18585205061361
2026-09-16T00:21:15+00:00,area_trajectory,grain,,1789461960000.0,,3.18585205061361
2026-09-16T00:21:15+00:00,area_trajectory,grain,,1789462080000.0,,3.18585205061361
2026-09-16T00:21:15+00:00,area_trajectory,grain,,1789462200000.0,,3.18585205061361
2026-09-16T00:21:15+00:00,area_trajectory,grain,,1789462320000.0,,3.18585205061361
2026-09-16T00:21:15+00:00,area_trajectory,grain,,1789462440000.0,,3.18585205061361
2026-09-16T00:21:15+00:00,area_trajectory,grain,,1789462560000.0,,3.18585205061361
2026-09-16T00:21:15+00:00,area_trajectory,grain,,1789462680000.0,,3.2425433347932997
2026-09-16T00:21:15+00:00,area_trajectory,grain,,1789462800000.0,,3.2425433347932997
2026-09-16T00:21:15+00:00,area_trajectory,grain,,1789462920000.0,,2.9511771238558
2026-09-16T00:21:15+00:00,area_trajectory,grain,,1789463040000.0,,2.9511771238558
2026-09-16T00:21:15+00:00,area_trajectory,grain,,1789463160000.0,,3.07840283186361
2026-09-16T00:21:15+00:00,area_trajectory,grain,,1789463280000.0,,3.07840283186361
2026-09-16T00:21:15+00:00,area_trajectory,grain,,1789463400000.0,,2.99995788557455
2026-09-16T00:21:15+00:00,area_trajectory,grain,,1789463520000.0,,2.99995788557455
2026-09-16T00:21:15+00:00,area_trajectory,grain,,1789463640000.0,,3.05566021711752
2026-09-16T00:21:15+00:00,area_trajectory,grain,,1789463760000.0,,3.05566021711752
2026-09-16T00:21:15+00:00,area_trajectory,grain,,1789463880000.0,,3.0747769773714198
2026-09-16T00:21:15+00:00,area_trajectory,grain,,1789464000000.0,,3.0747769773714198
2026-09-16T00:21:15+00:00,area_trajectory,grain,,1789464120000.0,,2.9986395261995504
2026-09-16T00:21:15+00:00,area_trajectory,grain,,1789464240000.0,,2.9986395261995504
2026-09-16T00:21:15+00:00,area_trajectory,grain,,1789464360000.0,,3.0757657469026696
2026-09-16T00:21:15+00:00,area_trajectory,grain,,1789464480000.0,,3.0757657469026696
2026-09-16T00:21:15+00:00,area_trajectory,grain,,1789464600000.0,,3.29066491682455
2026-09-16T00:21:15+00:00,area_trajectory,grain,,1789464720000.0,,3.29066491682455
2026-09-16T00:21:15+00:00,area_trajectory,grain,,1789464840000.0,,3.18024902326986
2026-09-16T00:21:15+00:00,area_trajectory,grain,,1789464960000.0,,3.18024902326986
2026-09-16T00:21:15+00:00,area_trajectory,grain,,1789465080000.0,,3.29593872053549
2026-09-16T00:21:15+00:00,area_trajectory,grain,,1789465200000.0,,3.29593872053549
2026-09-16T00:21:15+00:00,area_trajectory,grain,,1789465320000.0,,3.27846972639486
2026-09-16T00:21:15+00:00,area_trajectory,grain,,1789465440000.0,,3.27846972639486
2026-09-16T00:21:15+00:00,area_trajectory,grain,,1789465560000.0,,3.25836437971517
2026-09-16T00:21:15+00:00,area_trajectory,grain,,1789465680000.0,,3.25836437971517
2026-09-16T00:21:15+00:00,area_trajectory,grain,,1789465800000.0,,3.2198009031526698
2026-09-16T00:21:15+00:00,area_trajectory,grain,,1789465920000.0,,3.2198009031526698
2026-09-16T00:21:15+00:00,area_trajectory,grain,,1789466040000.0,,3.2982458494417397
2026-09-16T00:21:15+00:00,area_trajectory,grain,,1789466160000.0,,3.2982458494417397
2026-09-16T00:21:15+00:00,area_trajectory,grain,,1789466280000.0,,3.28011767561361
2026-09-16T00:21:15+00:00,area_trajectory,grain,,1789466400000.0,,3.28011767561361
2026-09-16T00:21:15+00:00,area_trajectory,grain,,1789466520000.0,,3.2982458494417397
2026-09-16T00:21:15+00:00,area_trajectory,grain,,1789466640000.0,,3.2982458494417397
2026-09-16T00:21:15+00:00,area_trajectory,grain,,1789466760000.0,,3.27978808576986
2026-09-16T00:21:15+00:00,area_trajectory,grain,,1789466880000.0,,3.27978808576986
2026-09-16T00:21:15+00:00,area_trajectory,grain,,1789467000000.0,,3.31934033186361
2026-09-16T00:21:15+00:00,area_trajectory,grain,,1789467120000.0,,3.31934033186361
2026-09-16T00:21:15+00:00,area_trajectory,grain,,1789467240000.0,,3.2998937986604897
2026-09-16T00:21:15+00:00,area_trajectory,grain,,1789467360000.0,,3.2998937986604897
2026-09-16T00:21:15+00:00,area_trajectory,grain,,1789467480000.0,,3.3163736570589197
2026-09-16T00:21:15+00:00,area_trajectory,grain,,1789467600000.0,,3.3163736570589197
2026-09-16T00:21:15+00:00,area_trajectory,grain,,1789467720000.0,,3.33516101057455
2026-09-16T00:21:15+00:00,area_trajectory,grain,,1789467840000.0,,3.33516101057455
2026-09-16T00:21:15+00:00,area_trajectory,grain,,1789467960000.0,,3.26067150862142
2026-09-16T00:21:15+00:00,area_trajectory,grain,,1789468080000.0,,3.26067150862142
2026-09-16T00:21:15+00:00,area_trajectory,grain,,1789468200000.0,,3.2781401365511096
2026-09-16T00:21:15+00:00,area_trajectory,grain,,1789468320000.0,,3.2781401365511096
2026-09-16T00:21:15+00:00,area_trajectory,grain,,1789468440000.0,,2.64135314924642
2026-09-16T00:21:15+00:00,area_trajectory,grain,,1789468560000.0,,2.64135314924642
2026-09-16T00:21:15+00:00,area_trajectory,grain,,1789468680000.0,,2.73100433332846
2026-09-16T00:21:15+00:00,area_trajectory,grain,,1789468800000.0,,2.73100433332846
2026-09-16T00:21:15+00:00,area_trajectory,grain,,1789468920000.0,,2.85295623762533
2026-09-16T00:21:15+00:00,area_trajectory,grain,,1789469040000.0,,2.85295623762533
2026-09-16T00:21:15+00:00,area_trajectory,grain,,1789469160000.0,,2.96502026350424
2026-09-16T00:21:15+00:00,area_trajectory,grain,,1789469280000.0,,2.96502026350424
2026-09-16T00:21:15+00:00,area_trajectory,grain,,1789469400000.0,,3.0253370359651703
2026-09-16T00:21:15+00:00,area_trajectory,grain,,1789469520000.0,,3.0253370359651703
2026-09-16T00:21:15+00:00,area_trajectory,grain,,1789469640000.0,,3.06225219709799
2026-09-16T00:21:15+00:00,area_trajectory,grain,,1789469760000.0,,3.06225219709799
2026-09-16T00:21:15+00:00,area_trajectory,grain,,1789469880000.0,,3.12289855940267
2026-09-16T00:21:15+00:00,area_trajectory,grain,,1789470000000.0,,3.12289855940267
2026-09-16T00:21:15+00:00,area_trajectory,grain,,1789470120000.0,,3.05038659651205
2026-09-16T00:21:15+00:00,area_trajectory,grain,,1789470240000.0,,3.05038659651205
2026-09-16T00:21:15+00:00,area_trajectory,grain,,1789470360000.0,,3.0853242185823597
2026-09-16T00:21:15+00:00,area_trajectory,grain,,1789470480000.0,,3.0853242185823597
2026-09-16T00:21:15+00:00,area_trajectory,grain,,1789470600000.0,,3.0853242185823597
2026-09-16T00:21:15+00:00,area_trajectory,grain,,1789470720000.0,,3.0853242185823597
2026-09-16T00:21:15+00:00,area_trajectory,grain,,1789470840000.0,,3.10641870100424
2026-09-16T00:21:15+00:00,area_trajectory,grain,,1789470960000.0,,3.10641870100424
2026-09-16T00:21:15+00:00,area_trajectory,grain,,1789471080000.0,,3.10641870100424
2026-09-16T00:21:15+00:00,area_trajectory,grain,,1789471200000.0,,3.10641870100424
2026-09-16T00:21:15+00:00,area_trajectory,grain,,1789471320000.0,,3.10641870100424
2026-09-16T00:21:15+00:00,area_trajectory,grain,,1789471440000.0,,3.10641870100424
2026-09-16T00:21:15+00:00,area_trajectory,grain,,1789471560000.0,,3.10641870100424
2026-09-16T00:21:15+00:00,area_trajectory,grain,,1789471680000.0,,3.10641870100424
2026-09-16T00:21:15+00:00,area_trajectory,grain,,1789471800000.0,,3.0869721678011097
2026-09-16T00:21:15+00:00,area_trajectory,grain,,1789471920000.0,,3.0869721678011097
2026-09-16T00:21:15+00:00,area_trajectory,grain,,1789472040000.0,,3.07016271955892
2026-09-16T00:21:15+00:00,area_trajectory,grain,,1789472160000.0,,3.07016271955892
2026-09-16T00:21:15+00:00,area_trajectory,grain,,1789472280000.0,,3.1080666502229897
2026-09-16T00:21:15+00:00,area_trajectory,grain,,1789472400000.0,,3.1080666502229897
2026-09-16T00:21:15+00:00,area_trajectory,grain,,1789472520000.0,,3.0853242185823597
2026-09-16T00:21:15+00:00,area_trajectory,grain,,1789472640000.0,,3.0853242185823597
2026-09-16T00:21:15+00:00,area_trajectory,grain,,1789472760000.0,,3.0853242185823597
2026-09-16T00:21:15+00:00,area_trajectory,grain,,1789472880000.0,,3.0853242185823597
2026-09-16T00:21:15+00:00,area_trajectory,grain,,1789473000000.0,,3.06422991926596
2026-09-16T00:21:15+00:00,area_trajectory,grain,,1789473120000.0,,3.06422991926596
2026-09-16T00:21:15+00:00,area_trajectory,grain,,1789473240000.0,,3.10477075178549
2026-09-16T00:21:15+00:00,area_trajectory,grain,,1789473360000.0,,3.10477075178549
2026-09-16T00:21:15+00:00,area_trajectory,grain,,1789473480000.0,,2.59652764875814
2026-09-16T00:21:15+00:00,area_trajectory,grain,,1789473600000.0,,2.59652764875814
2026-09-16T00:21:15+00:00,area_trajectory,grain,,1789473720000.0,,3.31472570784017
2026-09-16T00:21:15+00:00,area_trajectory,grain,,1789473840000.0,,3.31472570784017
2026-09-16T00:21:15+00:00,area_trajectory,grain,,1789473960000.0,,3.1739864500276695
2026-09-16T00:21:15+00:00,area_trajectory,grain,,1789474080000.0,,3.1739864500276695
2026-09-16T00:21:15+00:00,area_trajectory,grain,,1789474200000.0,,3.26561535627767
2026-09-16T00:21:15+00:00,area_trajectory,grain,,1789474320000.0,,3.26561535627767
2026-09-16T00:21:15+00:00,area_trajectory,grain,,1789474440000.0,,3.20332104475424
2026-09-16T00:21:15+00:00,area_trajectory,grain,,1789474560000.0,,3.20332104475424
2026-09-16T00:21:15+00:00,area_trajectory,grain,,1789474680000.0,,3.22111926252767
2026-09-16T00:21:15+00:00,area_trajectory,grain,,1789474800000.0,,3.22111926252767
2026-09-16T00:21:15+00:00,area_trajectory,grain,,1789474920000.0,,3.2774809568636103
2026-09-16T00:21:15+00:00,area_trajectory,grain,,1789475040000.0,,3.2774809568636103
2026-09-16T00:21:15+00:00,area_trajectory,grain,,1789475160000.0,,3.2586939695589203
2026-09-16T00:21:15+00:00,area_trajectory,grain,,1789475280000.0,,3.2586939695589203
2026-09-16T00:21:15+00:00,area_trajectory,grain,,1789475400000.0,,3.2425433347932997
2026-09-16T00:21:15+00:00,area_trajectory,grain,,1789475520000.0,,3.2425433347932997
2026-09-16T00:21:15+00:00,area_trajectory,grain,,1789475640000.0,,3.2425433347932997
2026-09-16T00:21:15+00:00,area_trajectory,grain,,1789475760000.0,,3.2425433347932997
2026-09-16T00:21:15+00:00,area_trajectory,grain,,1789475880000.0,,3.32164746076986
2026-09-16T00:21:15+00:00,area_trajectory,grain,,1789476000000.0,,3.32164746076986
2026-09-16T00:21:15+00:00,area_trajectory,grain,,1789476120000.0,,3.32164746076986
2026-09-16T00:21:15+00:00,area_trajectory,grain,,1789476240000.0,,3.32164746076986
2026-09-16T00:21:15+00:00,area_trajectory,grain,,1789476360000.0,,3.26561535627767
2026-09-16T00:21:15+00:00,area_trajectory,grain,,1789476480000.0,,3.26561535627767
2026-09-16T00:21:15+00:00,area_trajectory,grain,,1789476600000.0,,3.28539147932455
2026-09-16T00:21:15+00:00,area_trajectory,grain,,1789476720000.0,,3.28539147932455
2026-09-16T00:21:15+00:00,area_trajectory,grain,,1789476840000.0,,3.1911258543245498
2026-09-16T00:21:15+00:00,area_trajectory,grain,,1789476960000.0,,3.1911258543245498
2026-09-16T00:21:15+00:00,area_trajectory,grain,,1789477080000.0,,3.28539147932455
2026-09-16T00:21:15+00:00,area_trajectory,grain,,1789477200000.0,,3.28539147932455
2026-09-16T00:21:15+00:00,area_trajectory,grain,,1789477320000.0,,3.28539147932455
2026-09-16T00:21:15+00:00,area_trajectory,grain,,1789477440000.0,,3.28539147932455
2026-09-16T00:21:15+00:00,area_trajectory,grain,,1789477560000.0,,3.3058264158479904
2026-09-16T00:21:15+00:00,area_trajectory,grain,,1789477680000.0,,3.3058264158479904
2026-09-16T00:21:15+00:00,area_trajectory,grain,,1789477800000.0,,3.28670983869955
2026-09-16T00:21:15+00:00,area_trajectory,grain,,1789477920000.0,,3.28670983869955
2026-09-16T00:21:15+00:00,area_trajectory,grain,,1789478040000.0,,3.3058264158479904
2026-09-16T00:21:15+00:00,area_trajectory,grain,,1789478160000.0,,3.3058264158479904
2026-09-16T00:21:15+00:00,area_trajectory,grain,,1789478280000.0,,3.2834139402620504
2026-09-16T00:21:15+00:00,area_trajectory,grain,,1789478400000.0,,3.2834139402620504
2026-09-16T00:21:15+00:00,area_trajectory,grain,,1789478520000.0,,3.30187133772299
2026-09-16T00:21:15+00:00,area_trajectory,grain,,1789478640000.0,,3.30187133772299
2026-09-16T00:21:15+00:00,area_trajectory,grain,,1789478760000.0,,3.31769201643392
2026-09-16T00:21:15+00:00,area_trajectory,grain,,1789478880000.0,,3.31769201643392
2026-09-16T00:21:15+00:00,area_trajectory,grain,,1789479000000.0,,3.2399066160433
2026-09-16T00:21:15+00:00,area_trajectory,grain,,1789479120000.0,,3.2399066160433
2026-09-16T00:21:15+00:00,area_trajectory,grain,,1789479240000.0,,3.29494995100424
2026-09-16T00:21:15+00:00,area_trajectory,grain,,1789479360000.0,,3.29494995100424
2026-09-16T00:21:15+00:00,area_trajectory,grain,,1789479480000.0,,3.29494995100424
2026-09-16T00:21:15+00:00,area_trajectory,grain,,1789479600000.0,,3.29494995100424
2026-09-16T00:21:15+00:00,area_trajectory,grain,,1789479720000.0,,3.3302171629183004
2026-09-16T00:21:15+00:00,area_trajectory,grain,,1789479840000.0,,3.3302171629183004
2026-09-16T00:21:15+00:00,area_trajectory,grain,,1789479960000.0,,3.2936312254183
2026-09-16T00:21:15+00:00,area_trajectory,grain,,1789480080000.0,,3.2936312254183
2026-09-16T00:21:15+00:00,area_trajectory,grain,,1789480200000.0,,3.2735258787386097
2026-09-16T00:21:15+00:00,area_trajectory,grain,,1789480320000.0,,3.2735258787386097
2026-09-16T00:21:15+00:00,area_trajectory,grain,,1789480440000.0,,3.31110021955892
2026-09-16T00:21:15+00:00,area_trajectory,grain,,1789480560000.0,,3.29264245588705
2026-09-16T00:21:15+00:00,area_trajectory,grain,,1789480680000.0,,3.29264245588705
2026-09-16T00:21:15+00:00,area_trajectory,grain,,1789480800000.0,,3.29264245588705
2026-09-16T00:21:15+00:00,area_trajectory,grain,,1789480920000.0,,3.29264245588705
2026-09-16T00:21:15+00:00,area_trajectory,grain,,1789481040000.0,,3.29330163557455
2026-09-16T00:21:15+00:00,area_trajectory,grain,,1789481160000.0,,3.3120889890901704
2026-09-16T00:21:15+00:00,area_trajectory,grain,,1789481280000.0,,3.3120889890901704
2026-09-16T00:21:15+00:00,area_trajectory,grain,,1789481400000.0,,3.2936312254183
2026-09-16T00:21:15+00:00,area_trajectory,grain,,1789481520000.0,,3.2936312254183
2026-09-16T00:21:15+00:00,area_trajectory,grain,,1789481640000.0,,3.27484423811361
2026-09-16T00:21:15+00:00,area_trajectory,grain,,1789481760000.0,,3.27484423811361
2026-09-16T00:21:15+00:00,area_trajectory,grain,,1789481880000.0,,3.29396081526205
2026-09-16T00:21:15+00:00,area_trajectory,grain,,1789482000000.0,,3.29396081526205
2026-09-16T00:21:15+00:00,area_trajectory,grain,,1789482120000.0,,3.2735258787386097
2026-09-16T00:21:15+00:00,area_trajectory,grain,,1789482240000.0,,3.2735258787386097
2026-09-16T00:21:15+00:00,area_trajectory,grain,,1789482360000.0,,3.29330163557455
2026-09-16T00:21:15+00:00,area_trajectory,grain,,1789482480000.0,,3.29330163557455
2026-09-16T00:21:15+00:00,area_trajectory,grain,,1789482600000.0,,3.27418505842611
2026-09-16T00:21:15+00:00,area_trajectory,grain,,1789482720000.0,,3.27418505842611
2026-09-16T00:21:15+00:00,area_trajectory,grain,,1789482840000.0,,3.2929720457308
2026-09-16T00:21:15+00:00,area_trajectory,grain,,1789482960000.0,,3.2929720457308
2026-09-16T00:21:15+00:00,area_trajectory,grain,,1789483080000.0,,3.2755034178011098
2026-09-16T00:21:15+00:00,area_trajectory,grain,,1789483200000.0,,3.2755034178011098
2026-09-16T00:21:15+00:00,area_trajectory,grain,,1789483320000.0,,3.2755034178011098
2026-09-16T00:21:15+00:00,area_trajectory,grain,,1789483440000.0,,3.2755034178011098
2026-09-16T00:21:15+00:00,area_trajectory,grain,,1789483560000.0,,3.2755034178011098
2026-09-16T00:21:15+00:00,area_trajectory,grain,,1789483680000.0,,3.2755034178011098
2026-09-16T00:21:15+00:00,area_trajectory,grain,,1789483800000.0,,3.2755034178011098
2026-09-16T00:21:15+00:00,area_trajectory,grain,,1789483920000.0,,3.2755034178011098
2026-09-16T00:21:15+00:00,area_trajectory,grain,,1789484040000.0,,3.2755034178011098
2026-09-16T00:21:15+00:00,area_trajectory,grain,,1789484160000.0,,3.2755034178011098
2026-09-16T00:21:15+00:00,area_trajectory,grain,,1789484280000.0,,3.29396081526205
2026-09-16T00:21:15+00:00,area_trajectory,grain,,1789484400000.0,,3.29396081526205
2026-09-16T00:21:15+00:00,area_trajectory,grain,,1789484520000.0,,3.31110021955892
2026-09-16T00:21:15+00:00,area_trajectory,grain,,1789484640000.0,,3.31110021955892
2026-09-16T00:21:15+00:00,area_trajectory,grain,,1789484760000.0,,3.2903353269808
2026-09-16T00:21:15+00:00,area_trajectory,grain,,1789484880000.0,,3.2903353269808
2026-09-16T00:21:15+00:00,area_trajectory,grain,,1789485000000.0,,3.2903353269808
2026-09-16T00:21:15+00:00,area_trajectory,grain,,1789485120000.0,,3.2903353269808
2026-09-16T00:21:15+00:00,area_trajectory,grain,,1789485240000.0,,3.2903353269808
2026-09-16T00:21:15+00:00,area_trajectory,grain,,1789485360000.0,,3.2903353269808
2026-09-16T00:21:15+00:00,area_trajectory,grain,,1789485480000.0,,3.2903353269808
2026-09-16T00:21:15+00:00,area_trajectory,grain,,1789485600000.0,,3.2903353269808
2026-09-16T00:21:15+00:00,area_trajectory,grain,,1789485720000.0,,3.2652857664339203
2026-09-16T00:21:15+00:00,area_trajectory,grain,,1789485840000.0,,3.2652857664339203
2026-09-16T00:21:15+00:00,area_trajectory,grain,,1789485960000.0,,3.30121215803549
2026-09-16T00:21:15+00:00,area_trajectory,grain,,1789486080000.0,,3.30121215803549
2026-09-16T00:21:15+00:00,area_trajectory,grain,,1789486200000.0,,3.26001232893392
2026-09-16T00:21:15+00:00,area_trajectory,grain,,1789486320000.0,,3.26001232893392
2026-09-16T00:21:15+00:00,area_trajectory,grain,,1789486440000.0,,3.3137369383089204
2026-09-16T00:21:15+00:00,area_trajectory,grain,,1789486560000.0,,3.3137369383089204
2026-09-16T00:21:15+00:00,area_trajectory,grain,,1789486680000.0,,3.29593872053549
2026-09-16T00:21:15+00:00,area_trajectory,grain,,1789486800000.0,,3.29593872053549
2026-09-16T00:21:15+00:00,area_trajectory,grain,,1789486920000.0,,3.29593872053549
2026-09-16T00:21:15+00:00,area_trajectory,grain,,1789487040000.0,,3.29593872053549
2026-09-16T00:21:15+00:00,area_trajectory,grain,,1789487160000.0,,3.22177844221517
2026-09-16T00:21:15+00:00,area_trajectory,grain,,1789487280000.0,,3.22177844221517
2026-09-16T00:21:15+00:00,area_trajectory,grain,,1789487400000.0,,3.31505529768392
2026-09-16T00:21:15+00:00,area_trajectory,grain,,1789487520000.0,,3.31505529768392
2026-09-16T00:21:15+00:00,area_trajectory,grain,,1789487640000.0,,3.22177844221517
2026-09-16T00:21:15+00:00,area_trajectory,grain,,1789487760000.0,,3.22177844221517
2026-09-16T00:21:15+00:00,area_trajectory,grain,,1789487880000.0,,3.3173624265901704
2026-09-16T00:21:15+00:00,area_trajectory,grain,,1789488000000.0,,3.3173624265901704
2026-09-16T00:21:15+00:00,area_trajectory,grain,,1789488120000.0,,3.3173624265901704
2026-09-16T00:21:15+00:00,area_trajectory,grain,,1789488240000.0,,3.28044726545736
2026-09-16T00:21:15+00:00,area_trajectory,grain,,1789488360000.0,,3.2998937986604897
2026-09-16T00:21:15+00:00,area_trajectory,grain,,1789488480000.0,,3.2998937986604897
2026-09-16T00:21:15+00:00,area_trajectory,grain,,1789488600000.0,,3.2418841551057995
2026-09-16T00:21:15+00:00,area_trajectory,grain,,1789488720000.0,,3.2418841551057995
2026-09-16T00:21:15+00:00,area_trajectory,grain,,1789488840000.0,,3.3335130613558
2026-09-16T00:21:15+00:00,area_trajectory,grain,,1789488960000.0,,3.3335130613558
2026-09-16T00:21:15+00:00,area_trajectory,grain,,1789489080000.0,,3.29264245588705
2026-09-16T00:21:15+00:00,area_trajectory,grain,,1789489200000.0,,3.29264245588705
2026-09-16T00:21:15+00:00,area_trajectory,grain,,1789489320000.0,,3.3288984373323602
2026-09-16T00:21:15+00:00,area_trajectory,grain,,1789489440000.0,,3.3288984373323602
2026-09-16T00:21:15+00:00,area_trajectory,grain,,1789489560000.0,,3.23298486311361
2026-09-16T00:21:15+00:00,area_trajectory,grain,,1789489680000.0,,3.23298486311361
2026-09-16T00:21:15+00:00,area_trajectory,grain,,1789489800000.0,,3.32461376936361
2026-09-16T00:21:15+00:00,area_trajectory,grain,,1789489920000.0,,3.32461376936361
2026-09-16T00:21:15+00:00,area_trajectory,grain,,1789490040000.0,,3.2659449461214205
2026-09-16T00:21:15+00:00,area_trajectory,grain,,1789490160000.0,,3.2659449461214205
2026-09-16T00:21:15+00:00,area_trajectory,grain,,1789490280000.0,,3.29956420881674
2026-09-16T00:21:15+00:00,area_trajectory,grain,,1789490400000.0,,3.29956420881674
2026-09-16T00:21:15+00:00,area_trajectory,grain,,1789490520000.0,,3.23891784651205
2026-09-16T00:21:15+00:00,area_trajectory,grain,,1789490640000.0,,3.23891784651205
2026-09-16T00:21:15+00:00,area_trajectory,grain,,1789490760000.0,,3.2936312254183
2026-09-16T00:21:15+00:00,area_trajectory,grain,,1789490880000.0,,3.2936312254183
2026-09-16T00:21:15+00:00,area_trajectory,grain,,1789491000000.0,,3.25111303694174
2026-09-16T00:21:15+00:00,area_trajectory,grain,,1789491120000.0,,3.25111303694174
2026-09-16T00:21:15+00:00,area_trajectory,grain,,1789491240000.0,,3.2296889646761104
2026-09-16T00:21:15+00:00,area_trajectory,grain,,1789491360000.0,,3.2296889646761104
2026-09-16T00:21:15+00:00,area_trajectory,grain,,1789491480000.0,,3.26363781721517
2026-09-16T00:21:15+00:00,area_trajectory,grain,,1789491600000.0,,3.26363781721517
2026-09-16T00:21:15+00:00,area_trajectory,grain,,1789491720000.0,,3.26363781721517
2026-09-16T00:21:15+00:00,area_trajectory,grain,,1789491840000.0,,3.28077685530111
2026-09-16T00:21:15+00:00,area_trajectory,grain,,1789491960000.0,,3.28077685530111
2026-09-16T00:21:15+00:00,area_trajectory,grain,,1789492080000.0,,3.28077685530111
2026-09-16T00:21:15+00:00,area_trajectory,grain,,1789492200000.0,,3.29396081526205
2026-09-16T00:21:15+00:00,area_trajectory,grain,,1789492320000.0,,3.29396081526205
2026-09-16T00:21:15+00:00,area_trajectory,grain,,1789492440000.0,,3.27154833967611
2026-09-16T00:21:15+00:00,area_trajectory,grain,,1789492560000.0,,3.27154833967611
2026-09-16T00:21:15+00:00,area_trajectory,grain,,1789492680000.0,,3.28670983869955
2026-09-16T00:21:15+00:00,area_trajectory,grain,,1789492800000.0,,3.28670983869955
2026-09-16T00:21:15+00:00,area_trajectory,grain,,1789492920000.0,,3.3022009275667403
2026-09-16T00:21:15+00:00,area_trajectory,grain,,1789493040000.0,,3.3022009275667403
2026-09-16T00:21:15+00:00,area_trajectory,grain,,1789493160000.0,,3.3022009275667403
2026-09-16T00:21:15+00:00,area_trajectory,grain,,1789493280000.0,,3.3022009275667403
2026-09-16T00:21:15+00:00,area_trajectory,grain,,1789493400000.0,,3.2385882566683
2026-09-16T00:21:15+00:00,area_trajectory,grain,,1789493520000.0,,3.2385882566683
2026-09-16T00:21:15+00:00,area_trajectory,grain,,1789493640000.0,,3.31307775862142
2026-09-16T00:21:15+00:00,area_trajectory,grain,,1789493760000.0,,3.31307775862142
2026-09-16T00:21:15+00:00,area_trajectory,grain,,1789493880000.0,,3.2352923582308
2026-09-16T00:21:15+00:00,area_trajectory,grain,,1789494000000.0,,3.2352923582308
2026-09-16T00:21:15+00:00,area_trajectory,grain,,1789494120000.0,,3.2125499265901696
2026-09-16T00:21:15+00:00,area_trajectory,grain,,1789494240000.0,,3.2125499265901696
2026-09-16T00:21:15+00:00,area_trajectory,grain,,1789494360000.0,,3.2844027097933
2026-09-16T00:21:15+00:00,area_trajectory,grain,,1789494480000.0,,3.2844027097933
2026-09-16T00:21:15+00:00,area_trajectory,grain,,1789494600000.0,,3.20496899397299
2026-09-16T00:21:15+00:00,area_trajectory,grain,,1789494720000.0,,3.20496899397299
2026-09-16T00:21:15+00:00,area_trajectory,grain,,1789494840000.0,,3.31472570784017
2026-09-16T00:21:15+00:00,area_trajectory,grain,,1789494960000.0,,3.31472570784017
2026-09-16T00:21:15+00:00,area_trajectory,grain,,1789495080000.0,,3.2405657957308
2026-09-16T00:21:15+00:00,area_trajectory,grain,,1789495200000.0,,3.2405657957308
2026-09-16T00:21:15+00:00,area_trajectory,grain,,1789495320000.0,,3.2405657957308
2026-09-16T00:21:15+00:00,area_trajectory,grain,,1789495440000.0,,3.2405657957308
2026-09-16T00:21:15+00:00,area_trajectory,grain,,1789495560000.0,,3.2405657957308
2026-09-16T00:21:15+00:00,area_trajectory,grain,,1789495680000.0,,3.2408953855745497
2026-09-16T00:21:15+00:00,area_trajectory,grain,,1789495800000.0,,3.2408953855745497
2026-09-16T00:21:15+00:00,area_trajectory,grain,,1789495920000.0,,3.31472570784017
2026-09-16T00:21:15+00:00,area_trajectory,grain,,1789496040000.0,,3.29527954084799
2026-09-16T00:21:15+00:00,area_trajectory,grain,,1789496160000.0,,3.29527954084799
2026-09-16T00:21:15+00:00,area_trajectory,grain,,1789496280000.0,,3.2191417234651705
2026-09-16T00:21:15+00:00,area_trajectory,grain,,1789496400000.0,,3.2191417234651705
2026-09-16T00:21:15+00:00,area_trajectory,grain,,1789496520000.0,,3.2936312254183
2026-09-16T00:21:15+00:00,area_trajectory,grain,,1789496640000.0,,3.2936312254183
2026-09-16T00:21:15+00:00,area_trajectory,grain,,1789496760000.0,,3.2728666990511104
2026-09-16T00:21:15+00:00,area_trajectory,grain,,1789496880000.0,,3.2728666990511104
2026-09-16T00:21:15+00:00,area_trajectory,grain,,1789497000000.0,,3.2728666990511104
2026-09-16T00:21:15+00:00,area_trajectory,grain,,1789497120000.0,,3.2728666990511104
2026-09-16T00:21:15+00:00,area_trajectory,grain,,1789497240000.0,,3.2728666990511104
2026-09-16T00:21:15+00:00,area_trajectory,grain,,1789497360000.0,,3.2728666990511104
2026-09-16T00:21:15+00:00,area_trajectory,grain,,1789497480000.0,,3.30384887678549
2026-09-16T00:21:15+00:00,area_trajectory,grain,,1789497600000.0,,3.30384887678549
2026-09-16T00:21:15+00:00,area_trajectory,grain,,1789497720000.0,,3.30384887678549
2026-09-16T00:21:15+00:00,area_trajectory,grain,,1789497840000.0,,3.30384887678549
2026-09-16T00:21:15+00:00,area_trajectory,grain,,1789497960000.0,,3.28209558088705
2026-09-16T00:21:15+00:00,area_trajectory,grain,,1789498080000.0,,3.28209558088705
2026-09-16T00:21:15+00:00,area_trajectory,grain,,1789498200000.0,,3.26198986799642
2026-09-16T00:21:15+00:00,area_trajectory,grain,,1789498320000.0,,3.26198986799642
2026-09-16T00:21:15+00:00,area_trajectory,grain,,1789498440000.0,,3.2982458494417397
2026-09-16T00:21:15+00:00,area_trajectory,grain,,1789498560000.0,,3.2982458494417397
2026-09-16T00:21:15+00:00,area_trajectory,grain,,1789498680000.0,,3.22276757795736
2026-09-16T00:21:15+00:00,area_trajectory,grain,,1789498800000.0,,3.22276757795736
2026-09-16T00:21:15+00:00,area_trajectory,grain,,1789498920000.0,,3.22276757795736
2026-09-16T00:21:15+00:00,area_trajectory,grain,,1789499040000.0,,3.29494995100424
2026-09-16T00:21:15+00:00,area_trajectory,grain,,1789499160000.0,,3.29494995100424
2026-09-16T00:21:15+00:00,area_trajectory,grain,,1789499280000.0,,3.29494995100424
2026-09-16T00:21:15+00:00,area_trajectory,grain,,1789499400000.0,,3.2366107176058003
2026-09-16T00:21:15+00:00,area_trajectory,grain,,1789499520000.0,,3.2366107176058003
2026-09-16T00:21:15+00:00,area_trajectory,grain,,1789499640000.0,,3.27220751936361
2026-09-16T00:21:15+00:00,area_trajectory,grain,,1789499760000.0,,3.27220751936361
2026-09-16T00:21:15+00:00,area_trajectory,grain,,1789499880000.0,,3.30714514143392
2026-09-16T00:21:15+00:00,area_trajectory,grain,,1789500000000.0,,3.30714514143392
2026-09-16T00:21:15+00:00,area_trajectory,grain,,1789500120000.0,,3.24979467756674
2026-09-16T00:21:15+00:00,area_trajectory,grain,,1789500240000.0,,3.24979467756674
2026-09-16T00:21:15+00:00,area_trajectory,grain,,1789500360000.0,,3.2857210691682996
2026-09-16T00:21:15+00:00,area_trajectory,grain,,1789500480000.0,,3.2857210691682996
2026-09-16T00:21:15+00:00,area_trajectory,grain,,1789500600000.0,,3.26627453596517
2026-09-16T00:21:15+00:00,area_trajectory,grain,,1789500720000.0,,3.26627453596517
2026-09-16T00:21:15+00:00,area_trajectory,grain,,1789500840000.0,,3.28209558088705
2026-09-16T00:21:15+00:00,area_trajectory,grain,,1789500960000.0,,3.28209558088705
2026-09-16T00:21:15+00:00,area_trajectory,grain,,1789501080000.0,,3.28209558088705
2026-09-16T00:21:15+00:00,area_trajectory,grain,,1789501200000.0,,3.28209558088705
2026-09-16T00:21:15+00:00,area_trajectory,grain,,1789501320000.0,,3.28209558088705
2026-09-16T00:21:15+00:00,area_trajectory,grain,,1789501440000.0,,3.28209558088705
2026-09-16T00:21:15+00:00,area_trajectory,grain,,1789501560000.0,,3.22111926252767
2026-09-16T00:21:15+00:00,area_trajectory,grain,,1789501680000.0,,3.22111926252767
2026-09-16T00:21:15+00:00,area_trajectory,grain,,1789501800000.0,,3.31307775862142
2026-09-16T00:21:15+00:00,area_trajectory,grain,,1789501920000.0,,3.31307775862142
2026-09-16T00:21:15+00:00,area_trajectory,grain,,1789502040000.0,,3.19903637678549
2026-09-16T00:21:15+00:00,area_trajectory,grain,,1789502160000.0,,3.19903637678549
2026-09-16T00:21:15+00:00,area_trajectory,grain,,1789502280000.0,,3.21485705549642
2026-09-16T00:21:15+00:00,area_trajectory,grain,,1789502400000.0,,3.21485705549642
2026-09-16T00:21:15+00:00,area_trajectory,grain,,1789502520000.0,,3.21485705549642
2026-09-16T00:21:15+00:00,area_trajectory,grain,,1789502640000.0,,3.1772827146761102
2026-09-16T00:21:15+00:00,area_trajectory,grain,,1789502760000.0,,3.26660412580892
2026-09-16T00:21:15+00:00,area_trajectory,grain,,1789502880000.0,,3.26660412580892
2026-09-16T00:21:15+00:00,area_trajectory,grain,,1789503000000.0,,3.22870019514486
2026-09-16T00:21:15+00:00,area_trajectory,grain,,1789503120000.0,,3.22870019514486
2026-09-16T00:21:15+00:00,area_trajectory,grain,,1789503240000.0,,3.20793530256674
2026-09-16T00:21:15+00:00,area_trajectory,grain,,1789503360000.0,,3.20793530256674
2026-09-16T00:21:15+00:00,area_trajectory,grain,,1789503480000.0,,3.28011767561361
2026-09-16T00:21:15+00:00,area_trajectory,grain,,1789503600000.0,,3.28011767561361
2026-09-16T00:21:15+00:00,area_trajectory,grain,,1789503720000.0,,3.2425433347932997
2026-09-16T00:21:15+00:00,area_trajectory,grain,,1789503840000.0,,3.2425433347932997
2026-09-16T00:21:15+00:00,area_trajectory,grain,,1789503960000.0,,3.22342675764486
2026-09-16T00:21:15+00:00,area_trajectory,grain,,1789504080000.0,,3.22342675764486
2026-09-16T00:21:15+00:00,area_trajectory,grain,,1789504200000.0,,3.2402362058870504
2026-09-16T00:21:15+00:00,area_trajectory,grain,,1789504320000.0,,3.2402362058870504
2026-09-16T00:21:15+00:00,area_trajectory,grain,,1789504440000.0,,3.20430981428549
2026-09-16T00:21:15+00:00,area_trajectory,grain,,1789504560000.0,,3.20430981428549
2026-09-16T00:21:15+00:00,area_trajectory,grain,,1789504680000.0,,3.22276757795736
2026-09-16T00:21:15+00:00,area_trajectory,grain,,1789504800000.0,,3.22276757795736
2026-09-16T00:21:15+00:00,area_trajectory,grain,,1789504920000.0,,3.24155456526205
2026-09-16T00:21:15+00:00,area_trajectory,grain,,1789505040000.0,,3.24155456526205
2026-09-16T00:21:15+00:00,area_trajectory,grain,,1789505160000.0,,3.22441552717611
2026-09-16T00:21:15+00:00,area_trajectory,grain,,1789505280000.0,,3.22441552717611
2026-09-16T00:21:15+00:00,area_trajectory,grain,,1789505400000.0,,3.27781054670736
2026-09-16T00:21:15+00:00,area_trajectory,grain,,1789505520000.0,,3.27781054670736
2026-09-16T00:21:15+00:00,area_trajectory,grain,,1789505640000.0,,3.20529858381674
2026-09-16T00:21:15+00:00,area_trajectory,grain,,1789505760000.0,,3.20529858381674
2026-09-16T00:21:15+00:00,area_trajectory,grain,,1789505880000.0,,3.2237563474886097
2026-09-16T00:21:15+00:00,area_trajectory,grain,,1789506000000.0,,3.2237563474886097
2026-09-16T00:21:15+00:00,area_trajectory,grain,,1789506120000.0,,3.2237563474886097
2026-09-16T00:21:15+00:00,area_trajectory,grain,,1789506240000.0,,3.2962683103792396
2026-09-16T00:21:15+00:00,area_trajectory,grain,,1789506360000.0,,3.2425433347932997
2026-09-16T00:21:15+00:00,area_trajectory,grain,,1789506480000.0,,3.2425433347932997
2026-09-16T00:21:15+00:00,area_trajectory,grain,,1789506600000.0,,3.2781401365511096
2026-09-16T00:21:15+00:00,area_trajectory,grain,,1789506720000.0,,3.2781401365511096
2026-09-16T00:21:15+00:00,area_trajectory,grain,,1789506840000.0,,3.2781401365511096
2026-09-16T00:21:15+00:00,area_trajectory,grain,,1789506960000.0,,3.2781401365511096
2026-09-16T00:21:15+00:00,area_trajectory,grain,,1789507080000.0,,3.2969274900667402
2026-09-16T00:21:15+00:00,area_trajectory,grain,,1789507200000.0,,3.2969274900667402
2026-09-16T00:21:15+00:00,area_trajectory,grain,,1789507320000.0,,3.2224379881136103
2026-09-16T00:21:15+00:00,area_trajectory,grain,,1789507440000.0,,3.2224379881136103
2026-09-16T00:21:15+00:00,area_trajectory,grain,,1789507560000.0,,3.2224379881136103
2026-09-16T00:21:15+00:00,area_trajectory,grain,,1789507680000.0,,3.2224379881136103
2026-09-16T00:21:15+00:00,area_trajectory,grain,,1789507800000.0,,3.29725707991049
2026-09-16T00:21:15+00:00,area_trajectory,grain,,1789507920000.0,,3.29725707991049
2026-09-16T00:21:15+00:00,area_trajectory,grain,,1789508040000.0,,3.2418841551057995
2026-09-16T00:21:15+00:00,area_trajectory,grain,,1789508160000.0,,3.2418841551057995
2026-09-16T00:21:15+00:00,area_trajectory,grain,,1789508280000.0,,3.18420410139486
2026-09-16T00:21:15+00:00,area_trajectory,grain,,1789508400000.0,,3.18420410139486
2026-09-16T00:21:15+00:00,area_trajectory,grain,,1789508520000.0,,3.22046008284017
2026-09-16T00:21:15+00:00,area_trajectory,grain,,1789508640000.0,,3.22046008284017
2026-09-16T00:21:15+00:00,area_trajectory,grain,,1789508760000.0,,3.18420410139486
2026-09-16T00:21:15+00:00,area_trajectory,grain,,1789508880000.0,,3.18420410139486
2026-09-16T00:21:15+00:00,area_trajectory,grain,,1789509000000.0,,3.20299145491049
2026-09-16T00:21:15+00:00,area_trajectory,grain,,1789509120000.0,,3.20299145491049
2026-09-16T00:21:15+00:00,area_trajectory,grain,,1789509240000.0,,3.16805383284017
2026-09-16T00:21:15+00:00,area_trajectory,grain,,1789509360000.0,,3.16805383284017
2026-09-16T00:21:15+00:00,area_trajectory,grain,,1789509480000.0,,3.2438616941683
2026-09-16T00:21:15+00:00,area_trajectory,grain,,1789509600000.0,,3.2438616941683
2026-09-16T00:21:15+00:00,area_trajectory,grain,,1789509720000.0,,3.2438616941683
2026-09-16T00:21:15+00:00,area_trajectory,grain,,1789509840000.0,,3.22507470686361
2026-09-16T00:21:15+00:00,area_trajectory,grain,,1789509960000.0,,3.15157397444174
2026-09-16T00:21:15+00:00,area_trajectory,grain,,1789510080000.0,,3.15157397444174
2026-09-16T00:21:15+00:00,area_trajectory,grain,,1789510200000.0,,3.2085944822542403
2026-09-16T00:21:15+00:00,area_trajectory,grain,,1789510320000.0,,3.2085944822542403
2026-09-16T00:21:15+00:00,area_trajectory,grain,,1789510440000.0,,3.2458392332308
2026-09-16T00:21:15+00:00,area_trajectory,grain,,1789510560000.0,,3.2458392332308
2026-09-16T00:21:15+00:00,area_trajectory,grain,,1789510680000.0,,3.1911258543245498
2026-09-16T00:21:15+00:00,area_trajectory,grain,,1789510800000.0,,3.1911258543245498
2026-09-16T00:21:15+00:00,area_trajectory,grain,,1789510920000.0,,3.1911258543245498
2026-09-16T00:21:15+00:00,area_trajectory,grain,,1789511040000.0,,3.1911258543245498
2026-09-16T00:21:15+00:00,area_trajectory,grain,,1789511160000.0,,3.21222033674642
2026-09-16T00:21:15+00:00,area_trajectory,grain,,1789511280000.0,,3.21222033674642
2026-09-16T00:21:15+00:00,area_trajectory,grain,,1789511400000.0,,3.21222033674642
2026-09-16T00:21:15+00:00,area_trajectory,grain,,1789511520000.0,,3.21222033674642
2026-09-16T00:21:15+00:00,area_trajectory,grain,,1789511640000.0,,3.1588249510042403
2026-09-16T00:21:15+00:00,area_trajectory,grain,,1789511760000.0,,3.1588249510042403
2026-09-16T00:21:15+00:00,area_trajectory,grain,,1789511880000.0,,3.23397363264486
2026-09-16T00:21:15+00:00,area_trajectory,grain,,1789512000000.0,,3.23397363264486
2026-09-16T00:21:15+00:00,area_trajectory,grain,,1789512120000.0,,3.2181529539339198
2026-09-16T00:21:15+00:00,area_trajectory,grain,,1789512240000.0,,3.2181529539339198
2026-09-16T00:21:15+00:00,area_trajectory,grain,,1789512360000.0,,3.16310998518392
2026-09-16T00:21:15+00:00,area_trajectory,grain,,1789512480000.0,,3.16310998518392
2026-09-16T00:21:15+00:00,area_trajectory,grain,,1789512600000.0,,3.1835449217073597
2026-09-16T00:21:15+00:00,area_trajectory,grain,,1789512720000.0,,3.1835449217073597
2026-09-16T00:21:15+00:00,area_trajectory,grain,,1789512840000.0,,3.2418841551057995
2026-09-16T00:21:15+00:00,area_trajectory,grain,,1789512960000.0,,3.2418841551057995
2026-09-16T00:21:15+00:00,area_trajectory,grain,,1789513080000.0,,3.1495960691683
2026-09-16T00:21:15+00:00,area_trajectory,grain,,1789513200000.0,,3.1495960691683
2026-09-16T00:21:15+00:00,area_trajectory,grain,,1789513320000.0,,3.1495960691683
2026-09-16T00:21:15+00:00,area_trajectory,grain,,1789513440000.0,,3.1881595457308
2026-09-16T00:21:15+00:00,area_trajectory,grain,,1789513560000.0,,3.26429699690267
2026-09-16T00:21:15+00:00,area_trajectory,grain,,1789513680000.0,,3.26429699690267
2026-09-16T00:21:15+00:00,area_trajectory,grain,,1789513800000.0,,3.2471579588167403
2026-09-16T00:21:15+00:00,area_trajectory,grain,,1789513920000.0,,3.2471579588167403
2026-09-16T00:21:15+00:00,area_trajectory,grain,,1789514040000.0,,3.17497558576986
2026-09-16T00:21:15+00:00,area_trajectory,grain,,1789514160000.0,,3.17497558576986
2026-09-16T00:21:15+00:00,area_trajectory,grain,,1789514280000.0,,3.17497558576986
2026-09-16T00:21:15+00:00,area_trajectory,grain,,1789514400000.0,,3.17497558576986
2026-09-16T00:21:15+00:00,area_trajectory,grain,,1789514520000.0,,3.2876986082307997
2026-09-16T00:21:15+00:00,area_trajectory,grain,,1789514640000.0,,3.2876986082307997
2026-09-16T00:21:15+00:00,area_trajectory,grain,,1789514760000.0,,3.12454650862142
2026-09-16T00:21:15+00:00,area_trajectory,grain,,1789514880000.0,,3.12454650862142
2026-09-16T00:21:15+00:00,area_trajectory,grain,,1789515000000.0,,3.2382586668245503
2026-09-16T00:21:15+00:00,area_trajectory,grain,,1789515120000.0,,3.2382586668245503
2026-09-16T00:21:15+00:00,area_trajectory,grain,,1789515240000.0,,3.2382586668245503
2026-09-16T00:21:15+00:00,area_trajectory,grain,,1789515360000.0,,3.2382586668245503
2026-09-16T00:21:15+00:00,area_trajectory,grain,,1789515480000.0,,3.20661694319174
2026-09-16T00:21:15+00:00,area_trajectory,grain,,1789515600000.0,,3.20661694319174
2026-09-16T00:21:15+00:00,area_trajectory,grain,,1789515720000.0,,3.18848913557455
2026-09-16T00:21:15+00:00,area_trajectory,grain,,1789515840000.0,,3.18848913557455
2026-09-16T00:21:15+00:00,area_trajectory,grain,,1789515960000.0,,3.1716793211214203
2026-09-16T00:21:15+00:00,area_trajectory,grain,,1789516080000.0,,3.1716793211214203
2026-09-16T00:21:15+00:00,area_trajectory,grain,,1789516200000.0,,3.1940921629182997
2026-09-16T00:21:15+00:00,area_trajectory,grain,,1789516320000.0,,3.1940921629182997
2026-09-16T00:21:15+00:00,area_trajectory,grain,,1789516440000.0,,3.1753051756136097
2026-09-16T00:21:15+00:00,area_trajectory,grain,,1789516560000.0,,3.1753051756136097
2026-09-16T00:21:15+00:00,area_trajectory,grain,,1789516680000.0,,3.1753051756136097
2026-09-16T00:21:15+00:00,area_trajectory,grain,,1789516800000.0,,3.1753051756136097
2026-09-16T00:21:15+00:00,area_trajectory,grain,,1789516920000.0,,3.1753051756136097
2026-09-16T00:21:15+00:00,area_trajectory,grain,,1789517040000.0,,3.19936596662924
2026-09-16T00:21:15+00:00,area_trajectory,grain,,1789517160000.0,,3.19936596662924
2026-09-16T00:21:15+00:00,area_trajectory,grain,,1789517280000.0,,3.19936596662924
2026-09-16T00:21:15+00:00,area_trajectory,grain,,1789517400000.0,,3.1851928709261097
2026-09-16T00:21:15+00:00,area_trajectory,grain,,1789517520000.0,,3.1851928709261097
2026-09-16T00:21:15+00:00,area_trajectory,grain,,1789517640000.0,,3.16904260237142
2026-09-16T00:21:15+00:00,area_trajectory,grain,,1789517760000.0,,3.16904260237142
2026-09-16T00:21:15+00:00,area_trajectory,grain,,1789517880000.0,,3.2445208738558
2026-09-16T00:21:15+00:00,area_trajectory,grain,,1789518000000.0,,3.2445208738558
2026-09-16T00:21:15+00:00,area_trajectory,grain,,1789518120000.0,,3.2290297849886103
2026-09-16T00:21:15+00:00,area_trajectory,grain,,1789518240000.0,,3.2290297849886103
2026-09-16T00:21:15+00:00,area_trajectory,grain,,1789518360000.0,,3.2125499265901696
2026-09-16T00:21:15+00:00,area_trajectory,grain,,1789518480000.0,,3.2125499265901696
2026-09-16T00:21:15+00:00,area_trajectory,grain,,1789518600000.0,,3.1954105222933
2026-09-16T00:21:15+00:00,area_trajectory,grain,,1789518720000.0,,3.1954105222933
2026-09-16T00:21:15+00:00,area_trajectory,grain,,1789518840000.0,,3.21518664534017
2026-09-16T00:21:15+00:00,area_trajectory,grain,,1789518960000.0,,3.21518664534017
2026-09-16T00:21:15+00:00,area_trajectory,grain,,1789519080000.0,,3.2343035886995497
2026-09-16T00:21:15+00:00,area_trajectory,grain,,1789519200000.0,,3.2343035886995497
2026-09-16T00:21:15+00:00,area_trajectory,grain,,1789519320000.0,,3.18156738264486
2026-09-16T00:21:15+00:00,area_trajectory,grain,,1789519440000.0,,3.18156738264486
2026-09-16T00:21:15+00:00,area_trajectory,grain,,1789519560000.0,,3.2613306883089197
2026-09-16T00:21:15+00:00,area_trajectory,grain,,1789519680000.0,,3.2613306883089197
2026-09-16T00:21:15+00:00,area_trajectory,grain,,1789519800000.0,,3.20595776350424
2026-09-16T00:21:15+00:00,area_trajectory,grain,,1789519920000.0,,3.20595776350424
2026-09-16T00:21:15+00:00,area_trajectory,grain,,1789520040000.0,,3.20595776350424
2026-09-16T00:21:15+00:00,area_trajectory,grain,,1789520160000.0,,3.20595776350424
2026-09-16T00:21:15+00:00,area_trajectory,grain,,1789520280000.0,,3.1898074949495503
2026-09-16T00:21:15+00:00,area_trajectory,grain,,1789520400000.0,,3.1898074949495503
2026-09-16T00:21:15+00:00,area_trajectory,grain,,1789520520000.0,,3.1898074949495503
2026-09-16T00:21:15+00:00,area_trajectory,grain,,1789520640000.0,,3.2115611570589198
2026-09-16T00:21:15+00:00,area_trajectory,grain,,1789520760000.0,,3.23232568342611
2026-09-16T00:21:15+00:00,area_trajectory,grain,,1789520880000.0,,3.23232568342611
2026-09-16T00:21:15+00:00,area_trajectory,grain,,1789521000000.0,,3.1977176511995498
2026-09-16T00:21:15+00:00,area_trajectory,milford_haven,,1789448400000.0,,7.0143742561340305
2026-09-16T00:21:15+00:00,area_trajectory,milford_haven,,1789448520000.0,,7.0143742561340305
2026-09-16T00:21:15+00:00,area_trajectory,milford_haven,,1789448640000.0,,6.98263502120972
2026-09-16T00:21:15+00:00,area_trajectory,milford_haven,,1789448760000.0,,7.02169847488403
2026-09-16T00:21:15+00:00,area_trajectory,milford_haven,,1789448880000.0,,7.02169847488403
2026-09-16T00:21:15+00:00,area_trajectory,milford_haven,,1789449000000.0,,7.114474773406981
2026-09-16T00:21:15+00:00,area_trajectory,milford_haven,,1789449120000.0,,7.114474773406981
2026-09-16T00:21:15+00:00,area_trajectory,milford_haven,,1789449240000.0,,7.114474773406981
2026-09-16T00:21:15+00:00,area_trajectory,milford_haven,,1789449360000.0,,7.270729541778559
2026-09-16T00:21:15+00:00,area_trajectory,milford_haven,,1789449480000.0,,7.270729541778559
2026-09-16T00:21:15+00:00,area_trajectory,milford_haven,,1789449600000.0,,7.6052126884460405
2026-09-16T00:21:15+00:00,area_trajectory,milford_haven,,1789449720000.0,,7.492904663085939
2026-09-16T00:21:15+00:00,area_trajectory,milford_haven,,1789449840000.0,,7.3268837928772
2026-09-16T00:21:15+00:00,area_trajectory,milford_haven,,1789449960000.0,,7.3268837928772
2026-09-16T00:21:15+00:00,area_trajectory,milford_haven,,1789450080000.0,,7.3268837928772
2026-09-16T00:21:15+00:00,area_trajectory,milford_haven,,1789450200000.0,,7.3268837928772
2026-09-16T00:21:15+00:00,area_trajectory,milford_haven,,1789450320000.0,,7.343974113464361
2026-09-16T00:21:15+00:00,area_trajectory,milford_haven,,1789450440000.0,,7.343974113464361
2026-09-16T00:21:15+00:00,area_trajectory,milford_haven,,1789450560000.0,,7.343974113464361
2026-09-16T00:21:15+00:00,area_trajectory,milford_haven,,1789450680000.0,,7.23899030685425
2026-09-16T00:21:15+00:00,area_trajectory,milford_haven,,1789450800000.0,,7.36106443405151
2026-09-16T00:21:15+00:00,area_trajectory,milford_haven,,1789450920000.0,,7.36106443405151
2026-09-16T00:21:15+00:00,area_trajectory,milford_haven,,1789451040000.0,,7.36106443405151
2026-09-16T00:21:15+00:00,area_trajectory,milford_haven,,1789451160000.0,,7.378154754638669
2026-09-16T00:21:15+00:00,area_trajectory,milford_haven,,1789451280000.0,,7.378154754638669
2026-09-16T00:21:15+00:00,area_trajectory,milford_haven,,1789451400000.0,,7.378154754638669
2026-09-16T00:21:15+00:00,area_trajectory,milford_haven,,1789451520000.0,,7.30491065979004
2026-09-16T00:21:15+00:00,area_trajectory,milford_haven,,1789451640000.0,,7.30491065979004
2026-09-16T00:21:15+00:00,area_trajectory,milford_haven,,1789451760000.0,,7.30491065979004
2026-09-16T00:21:15+00:00,area_trajectory,milford_haven,,1789451880000.0,,7.273170948028559
2026-09-16T00:21:15+00:00,area_trajectory,milford_haven,,1789452000000.0,,7.273170948028559
2026-09-16T00:21:15+00:00,area_trajectory,milford_haven,,1789452120000.0,,7.273170948028559
2026-09-16T00:21:15+00:00,area_trajectory,milford_haven,,1789452240000.0,,7.273170948028559
2026-09-16T00:21:15+00:00,area_trajectory,milford_haven,,1789452360000.0,,7.31955909729004
2026-09-16T00:21:15+00:00,area_trajectory,milford_haven,,1789452480000.0,,7.31955909729004
2026-09-16T00:21:15+00:00,area_trajectory,milford_haven,,1789452600000.0,,7.29026174545288
2026-09-16T00:21:15+00:00,area_trajectory,milford_haven,,1789452720000.0,,7.31467628479004
2026-09-16T00:21:15+00:00,area_trajectory,milford_haven,,1789452840000.0,,7.31467628479004
2026-09-16T00:21:15+00:00,area_trajectory,milford_haven,,1789452960000.0,,7.31467628479004
2026-09-16T00:21:15+00:00,area_trajectory,milford_haven,,1789453080000.0,,7.40012836456299
2026-09-16T00:21:15+00:00,area_trajectory,milford_haven,,1789453200000.0,,7.40012836456299
2026-09-16T00:21:15+00:00,area_trajectory,milford_haven,,1789453320000.0,,7.278054237365719
2026-09-16T00:21:15+00:00,area_trajectory,milford_haven,,1789453440000.0,,7.278054237365719
2026-09-16T00:21:15+00:00,area_trajectory,milford_haven,,1789453560000.0,,7.278054237365719
2026-09-16T00:21:15+00:00,area_trajectory,milford_haven,,1789453680000.0,,7.334208011627201
2026-09-16T00:21:15+00:00,area_trajectory,milford_haven,,1789453800000.0,,7.334208011627201
2026-09-16T00:21:15+00:00,area_trajectory,milford_haven,,1789453920000.0,,7.29758596420288
2026-09-16T00:21:15+00:00,area_trajectory,milford_haven,,1789454040000.0,,7.29758596420288
2026-09-16T00:21:15+00:00,area_trajectory,milford_haven,,1789454160000.0,,7.29758596420288
2026-09-16T00:21:15+00:00,area_trajectory,milford_haven,,1789454280000.0,,6.82393884658814
2026-09-16T00:21:15+00:00,area_trajectory,milford_haven,,1789454400000.0,,7.004608154296879
2026-09-16T00:21:15+00:00,area_trajectory,milford_haven,,1789454520000.0,,7.004608154296879
2026-09-16T00:21:15+00:00,area_trajectory,milford_haven,,1789454640000.0,,7.004608154296879
2026-09-16T00:21:15+00:00,area_trajectory,milford_haven,,1789454760000.0,,7.03146457672119
2026-09-16T00:21:15+00:00,area_trajectory,milford_haven,,1789454880000.0,,7.03146457672119
2026-09-16T00:21:15+00:00,area_trajectory,milford_haven,,1789455000000.0,,7.03146457672119
2026-09-16T00:21:15+00:00,area_trajectory,milford_haven,,1789455120000.0,,7.0778527259826705
2026-09-16T00:21:15+00:00,area_trajectory,milford_haven,,1789455240000.0,,7.0778527259826705
2026-09-16T00:21:15+00:00,area_trajectory,milford_haven,,1789455360000.0,,7.0680866241455105
2026-09-16T00:21:15+00:00,area_trajectory,milford_haven,,1789455480000.0,,7.0680866241455105
2026-09-16T00:21:15+00:00,area_trajectory,milford_haven,,1789455600000.0,,7.0680866241455105
2026-09-16T00:21:15+00:00,area_trajectory,milford_haven,,1789455720000.0,,7.0680866241455105
2026-09-16T00:21:15+00:00,area_trajectory,milford_haven,,1789455840000.0,,7.0656452178955105
2026-09-16T00:21:15+00:00,area_trajectory,milford_haven,,1789455960000.0,,7.0656452178955105
2026-09-16T00:21:15+00:00,area_trajectory,milford_haven,,1789456080000.0,,7.0656452178955105
2026-09-16T00:21:15+00:00,area_trajectory,milford_haven,,1789456200000.0,,7.03878879547119
2026-09-16T00:21:15+00:00,area_trajectory,milford_haven,,1789456320000.0,,7.03878879547119
2026-09-16T00:21:15+00:00,area_trajectory,milford_haven,,1789456440000.0,,7.03878879547119
2026-09-16T00:21:15+00:00,area_trajectory,milford_haven,,1789456560000.0,,7.03878879547119
2026-09-16T00:21:15+00:00,area_trajectory,milford_haven,,1789456680000.0,,7.03878879547119
2026-09-16T00:21:15+00:00,area_trajectory,milford_haven,,1789456800000.0,,7.03878879547119
2026-09-16T00:21:15+00:00,area_trajectory,milford_haven,,1789456920000.0,,7.0607624053955105
2026-09-16T00:21:15+00:00,area_trajectory,milford_haven,,1789457040000.0,,7.0607624053955105
2026-09-16T00:21:15+00:00,area_trajectory,milford_haven,,1789457160000.0,,7.09006023406982
2026-09-16T00:21:15+00:00,area_trajectory,milford_haven,,1789457280000.0,,7.09006023406982
2026-09-16T00:21:15+00:00,area_trajectory,milford_haven,,1789457400000.0,,7.12912368774414
2026-09-16T00:21:15+00:00,area_trajectory,milford_haven,,1789457520000.0,,7.12912368774414
2026-09-16T00:21:15+00:00,area_trajectory,milford_haven,,1789457640000.0,,7.12912368774414
2026-09-16T00:21:15+00:00,area_trajectory,milford_haven,,1789457760000.0,,7.12912368774414
2026-09-16T00:21:15+00:00,area_trajectory,milford_haven,,1789457880000.0,,7.12912368774414
2026-09-16T00:21:15+00:00,area_trajectory,milford_haven,,1789458000000.0,,7.114474773406981
2026-09-16T00:21:15+00:00,area_trajectory,milford_haven,,1789458120000.0,,7.114474773406981
2026-09-16T00:21:15+00:00,area_trajectory,milford_haven,,1789458240000.0,,7.0754113197326705
2026-09-16T00:21:15+00:00,area_trajectory,milford_haven,,1789458360000.0,,7.0754113197326705
2026-09-16T00:21:15+00:00,area_trajectory,milford_haven,,1789458480000.0,,7.04123067855835
2026-09-16T00:21:15+00:00,area_trajectory,milford_haven,,1789458600000.0,,7.04123067855835
2026-09-16T00:21:15+00:00,area_trajectory,milford_haven,,1789458720000.0,,7.04123067855835
2026-09-16T00:21:15+00:00,area_trajectory,milford_haven,,1789458840000.0,,7.04123067855835
2026-09-16T00:21:15+00:00,area_trajectory,milford_haven,,1789458960000.0,,7.04123067855835
2026-09-16T00:21:15+00:00,area_trajectory,milford_haven,,1789459080000.0,,7.05587959289551
2026-09-16T00:21:15+00:00,area_trajectory,milford_haven,,1789459200000.0,,7.0754113197326705
2026-09-16T00:21:15+00:00,area_trajectory,milford_haven,,1789459320000.0,,7.0754113197326705
2026-09-16T00:21:15+00:00,area_trajectory,milford_haven,,1789459440000.0,,7.0778527259826705
2026-09-16T00:21:15+00:00,area_trajectory,milford_haven,,1789459560000.0,,7.0778527259826705
2026-09-16T00:21:15+00:00,area_trajectory,milford_haven,,1789459680000.0,,7.0778527259826705
2026-09-16T00:21:15+00:00,area_trajectory,milford_haven,,1789459800000.0,,7.0778527259826705
2026-09-16T00:21:15+00:00,area_trajectory,milford_haven,,1789459920000.0,,7.0778527259826705
2026-09-16T00:21:15+00:00,area_trajectory,milford_haven,,1789460040000.0,,7.0778527259826705
2026-09-16T00:21:15+00:00,area_trajectory,milford_haven,,1789460160000.0,,7.0778527259826705
2026-09-16T00:21:15+00:00,area_trajectory,milford_haven,,1789460280000.0,,7.0778527259826705
2026-09-16T00:21:15+00:00,area_trajectory,milford_haven,,1789460400000.0,,7.01681566238403
2026-09-16T00:21:15+00:00,area_trajectory,milford_haven,,1789460520000.0,,7.01681566238403
2026-09-16T00:21:15+00:00,area_trajectory,milford_haven,,1789460640000.0,,7.01681566238403
2026-09-16T00:21:15+00:00,area_trajectory,milford_haven,,1789460760000.0,,7.01681566238403
2026-09-16T00:21:15+00:00,area_trajectory,milford_haven,,1789460880000.0,,7.04855489730835
2026-09-16T00:21:15+00:00,area_trajectory,milford_haven,,1789461000000.0,,7.03390598297119
2026-09-16T00:21:15+00:00,area_trajectory,milford_haven,,1789461120000.0,,7.03390598297119
2026-09-16T00:21:15+00:00,area_trajectory,milford_haven,,1789461240000.0,,7.03390598297119
2026-09-16T00:21:15+00:00,area_trajectory,milford_haven,,1789461360000.0,,7.03390598297119
2026-09-16T00:21:15+00:00,area_trajectory,milford_haven,,1789461480000.0,,7.03390598297119
2026-09-16T00:21:15+00:00,area_trajectory,milford_haven,,1789461600000.0,,7.03390598297119
2026-09-16T00:21:15+00:00,area_trajectory,milford_haven,,1789461720000.0,,7.03390598297119
2026-09-16T00:21:15+00:00,area_trajectory,milford_haven,,1789461840000.0,,7.03390598297119
2026-09-16T00:21:15+00:00,area_trajectory,milford_haven,,1789461960000.0,,7.0754113197326705
2026-09-16T00:21:15+00:00,area_trajectory,milford_haven,,1789462080000.0,,7.0754113197326705
2026-09-16T00:21:15+00:00,area_trajectory,milford_haven,,1789462200000.0,,7.0754113197326705
2026-09-16T00:21:15+00:00,area_trajectory,milford_haven,,1789462320000.0,,7.0754113197326705
2026-09-16T00:21:15+00:00,area_trajectory,milford_haven,,1789462440000.0,,7.0754113197326705
2026-09-16T00:21:15+00:00,area_trajectory,milford_haven,,1789462560000.0,,7.0754113197326705
2026-09-16T00:21:15+00:00,area_trajectory,milford_haven,,1789462680000.0,,7.0754113197326705
2026-09-16T00:21:15+00:00,area_trajectory,milford_haven,,1789462800000.0,,7.0754113197326705
2026-09-16T00:21:15+00:00,area_trajectory,milford_haven,,1789462920000.0,,7.0754113197326705
2026-09-16T00:21:15+00:00,area_trajectory,milford_haven,,1789463040000.0,,7.03146457672119
2026-09-16T00:21:15+00:00,area_trajectory,milford_haven,,1789463160000.0,,7.03146457672119
2026-09-16T00:21:15+00:00,area_trajectory,milford_haven,,1789463280000.0,,7.03146457672119
2026-09-16T00:21:15+00:00,area_trajectory,milford_haven,,1789463400000.0,,7.03146457672119
2026-09-16T00:21:15+00:00,area_trajectory,milford_haven,,1789463520000.0,,7.03146457672119
2026-09-16T00:21:15+00:00,area_trajectory,milford_haven,,1789463640000.0,,7.03146457672119
2026-09-16T00:21:15+00:00,area_trajectory,milford_haven,,1789463760000.0,,7.03146457672119
2026-09-16T00:21:15+00:00,area_trajectory,milford_haven,,1789463880000.0,,7.03146457672119
2026-09-16T00:21:15+00:00,area_trajectory,milford_haven,,1789464000000.0,,7.03146457672119
2026-09-16T00:21:15+00:00,area_trajectory,milford_haven,,1789464120000.0,,7.03146457672119
2026-09-16T00:21:15+00:00,area_trajectory,milford_haven,,1789464240000.0,,7.03146457672119
2026-09-16T00:21:15+00:00,area_trajectory,milford_haven,,1789464360000.0,,7.03146457672119
2026-09-16T00:21:15+00:00,area_trajectory,milford_haven,,1789464480000.0,,7.03146457672119
2026-09-16T00:21:15+00:00,area_trajectory,milford_haven,,1789464600000.0,,7.03634738922119
2026-09-16T00:21:15+00:00,area_trajectory,milford_haven,,1789464720000.0,,7.03634738922119
2026-09-16T00:21:15+00:00,area_trajectory,milford_haven,,1789464840000.0,,7.03634738922119
2026-09-16T00:21:15+00:00,area_trajectory,milford_haven,,1789464960000.0,,7.03634738922119
2026-09-16T00:21:15+00:00,area_trajectory,milford_haven,,1789465080000.0,,7.03634738922119
2026-09-16T00:21:15+00:00,area_trajectory,milford_haven,,1789465200000.0,,7.03634738922119
2026-09-16T00:21:15+00:00,area_trajectory,milford_haven,,1789465320000.0,,7.03634738922119
2026-09-16T00:21:15+00:00,area_trajectory,milford_haven,,1789465440000.0,,7.0827355384826705
2026-09-16T00:21:15+00:00,area_trajectory,milford_haven,,1789465560000.0,,7.0827355384826705
2026-09-16T00:21:15+00:00,area_trajectory,milford_haven,,1789465680000.0,,7.0827355384826705
2026-09-16T00:21:15+00:00,area_trajectory,milford_haven,,1789465800000.0,,7.0827355384826705
2026-09-16T00:21:15+00:00,area_trajectory,milford_haven,,1789465920000.0,,6.997283935546879
2026-09-16T00:21:15+00:00,area_trajectory,milford_haven,,1789466040000.0,,6.997283935546879
2026-09-16T00:21:15+00:00,area_trajectory,milford_haven,,1789466160000.0,,6.997283935546879
2026-09-16T00:21:15+00:00,area_trajectory,milford_haven,,1789466280000.0,,6.897182941436769
2026-09-16T00:21:15+00:00,area_trajectory,milford_haven,,1789466400000.0,,6.994842529296879
2026-09-16T00:21:15+00:00,area_trajectory,milford_haven,,1789466520000.0,,6.90450763702393
2026-09-16T00:21:15+00:00,area_trajectory,milford_haven,,1789466640000.0,,6.884975910186769
2026-09-16T00:21:15+00:00,area_trajectory,milford_haven,,1789466760000.0,,6.884975910186769
2026-09-16T00:21:15+00:00,area_trajectory,milford_haven,,1789466880000.0,,6.79219961166382
2026-09-16T00:21:15+00:00,area_trajectory,milford_haven,,1789467000000.0,,6.67500829696655
2026-09-16T00:21:15+00:00,area_trajectory,milford_haven,,1789467120000.0,,6.53096103668213
2026-09-16T00:21:15+00:00,area_trajectory,milford_haven,,1789467240000.0,,6.53096103668213
2026-09-16T00:21:15+00:00,area_trajectory,milford_haven,,1789467360000.0,,6.44062614440918
2026-09-16T00:21:15+00:00,area_trajectory,milford_haven,,1789467480000.0,,6.44062614440918
2026-09-16T00:21:15+00:00,area_trajectory,milford_haven,,1789467600000.0,,6.44062614440918
2026-09-16T00:21:15+00:00,area_trajectory,milford_haven,,1789467720000.0,,6.24286651611328
2026-09-16T00:21:15+00:00,area_trajectory,milford_haven,,1789467840000.0,,6.24286651611328
2026-09-16T00:21:15+00:00,area_trajectory,milford_haven,,1789467960000.0,,6.24286651611328
2026-09-16T00:21:15+00:00,area_trajectory,milford_haven,,1789468080000.0,,6.159855842590329
2026-09-16T00:21:15+00:00,area_trajectory,milford_haven,,1789468200000.0,,6.159855842590329
2026-09-16T00:21:15+00:00,area_trajectory,milford_haven,,1789468320000.0,,6.057313919067379
2026-09-16T00:21:15+00:00,area_trajectory,milford_haven,,1789468440000.0,,5.93279838562012
2026-09-16T00:21:15+00:00,area_trajectory,milford_haven,,1789468560000.0,,5.93279838562012
2026-09-16T00:21:15+00:00,area_trajectory,milford_haven,,1789468680000.0,,5.93279838562012
2026-09-16T00:21:15+00:00,area_trajectory,milford_haven,,1789468800000.0,,5.93279838562012
2026-09-16T00:21:15+00:00,area_trajectory,milford_haven,,1789468920000.0,,5.93279838562012
2026-09-16T00:21:15+00:00,area_trajectory,milford_haven,,1789469040000.0,,5.6886501312255895
2026-09-16T00:21:15+00:00,area_trajectory,milford_haven,,1789469160000.0,,5.6886501312255895
2026-09-16T00:21:15+00:00,area_trajectory,milford_haven,,1789469280000.0,,5.6886501312255895
2026-09-16T00:21:15+00:00,area_trajectory,milford_haven,,1789469400000.0,,5.6886501312255895
2026-09-16T00:21:15+00:00,area_trajectory,milford_haven,,1789469520000.0,,5.6886501312255895
2026-09-16T00:21:15+00:00,area_trajectory,milford_haven,,1789469640000.0,,5.78875064849854
2026-09-16T00:21:15+00:00,area_trajectory,milford_haven,,1789469760000.0,,5.78875064849854
2026-09-16T00:21:15+00:00,area_trajectory,milford_haven,,1789469880000.0,,5.700857639312741
2026-09-16T00:21:15+00:00,area_trajectory,milford_haven,,1789470000000.0,,5.700857639312741
2026-09-16T00:21:15+00:00,area_trajectory,milford_haven,,1789470120000.0,,5.700857639312741
2026-09-16T00:21:15+00:00,area_trajectory,milford_haven,,1789470240000.0,,5.76921892166138
2026-09-16T00:21:15+00:00,area_trajectory,milford_haven,,1789470360000.0,,5.76921892166138
2026-09-16T00:21:15+00:00,area_trajectory,milford_haven,,1789470480000.0,,5.76921892166138
2026-09-16T00:21:15+00:00,area_trajectory,milford_haven,,1789470600000.0,,5.6788840293884295
2026-09-16T00:21:15+00:00,area_trajectory,milford_haven,,1789470720000.0,,5.6788840293884295
2026-09-16T00:21:15+00:00,area_trajectory,milford_haven,,1789470840000.0,,5.7448043823242205
2026-09-16T00:21:15+00:00,area_trajectory,milford_haven,,1789470960000.0,,5.7448043823242205
2026-09-16T00:21:15+00:00,area_trajectory,milford_haven,,1789471080000.0,,5.66179370880127
2026-09-16T00:21:15+00:00,area_trajectory,milford_haven,,1789471200000.0,,5.66179370880127
2026-09-16T00:21:15+00:00,area_trajectory,milford_haven,,1789471320000.0,,5.6276130676269505
2026-09-16T00:21:15+00:00,area_trajectory,milford_haven,,1789471440000.0,,5.6862087249755895
2026-09-16T00:21:15+00:00,area_trajectory,milford_haven,,1789471560000.0,,5.6862087249755895
2026-09-16T00:21:15+00:00,area_trajectory,milford_haven,,1789471680000.0,,5.6862087249755895
2026-09-16T00:21:15+00:00,area_trajectory,milford_haven,,1789471800000.0,,5.6862087249755895
2026-09-16T00:21:15+00:00,area_trajectory,milford_haven,,1789471920000.0,,5.6862087249755895
2026-09-16T00:21:15+00:00,area_trajectory,milford_haven,,1789472040000.0,,5.6862087249755895
2026-09-16T00:21:15+00:00,area_trajectory,milford_haven,,1789472160000.0,,5.6862087249755895
2026-09-16T00:21:15+00:00,area_trajectory,milford_haven,,1789472280000.0,,5.703299045562741
2026-09-16T00:21:15+00:00,area_trajectory,milford_haven,,1789472400000.0,,5.703299045562741
2026-09-16T00:21:15+00:00,area_trajectory,milford_haven,,1789472520000.0,,5.703299045562741
2026-09-16T00:21:15+00:00,area_trajectory,milford_haven,,1789472640000.0,,5.703299045562741
2026-09-16T00:21:15+00:00,area_trajectory,milford_haven,,1789472760000.0,,5.703299045562741
2026-09-16T00:21:15+00:00,area_trajectory,milford_haven,,1789472880000.0,,5.703299045562741
2026-09-16T00:21:15+00:00,area_trajectory,milford_haven,,1789473000000.0,,5.703299045562741
2026-09-16T00:21:15+00:00,area_trajectory,milford_haven,,1789473120000.0,,5.703299045562741
2026-09-16T00:21:15+00:00,area_trajectory,milford_haven,,1789473240000.0,,5.703299045562741
2026-09-16T00:21:15+00:00,area_trajectory,milford_haven,,1789473360000.0,,5.703299045562741
2026-09-16T00:21:15+00:00,area_trajectory,milford_haven,,1789473480000.0,,5.703299045562741
2026-09-16T00:21:15+00:00,area_trajectory,milford_haven,,1789473600000.0,,5.703299045562741
2026-09-16T00:21:15+00:00,area_trajectory,milford_haven,,1789473720000.0,,5.703299045562741
2026-09-16T00:21:15+00:00,area_trajectory,milford_haven,,1789473840000.0,,5.6813259124755895
2026-09-16T00:21:15+00:00,area_trajectory,milford_haven,,1789473960000.0,,5.6813259124755895
2026-09-16T00:21:15+00:00,area_trajectory,milford_haven,,1789474080000.0,,5.6813259124755895
2026-09-16T00:21:15+00:00,area_trajectory,milford_haven,,1789474200000.0,,5.6813259124755895
2026-09-16T00:21:15+00:00,area_trajectory,milford_haven,,1789474320000.0,,5.6813259124755895
2026-09-16T00:21:15+00:00,area_trajectory,milford_haven,,1789474440000.0,,5.6813259124755895
2026-09-16T00:21:15+00:00,area_trajectory,milford_haven,,1789474560000.0,,5.6813259124755895
2026-09-16T00:21:15+00:00,area_trajectory,milford_haven,,1789474680000.0,,5.6813259124755895
2026-09-16T00:21:15+00:00,area_trajectory,milford_haven,,1789474800000.0,,5.6813259124755895
2026-09-16T00:21:15+00:00,area_trajectory,milford_haven,,1789474920000.0,,5.6813259124755895
2026-09-16T00:21:15+00:00,area_trajectory,milford_haven,,1789475040000.0,,5.6813259124755895
2026-09-16T00:21:15+00:00,area_trajectory,milford_haven,,1789475160000.0,,5.6813259124755895
2026-09-16T00:21:15+00:00,area_trajectory,milford_haven,,1789475280000.0,,5.6813259124755895
2026-09-16T00:21:15+00:00,area_trajectory,milford_haven,,1789475400000.0,,5.703299045562741
2026-09-16T00:21:15+00:00,area_trajectory,milford_haven,,1789475520000.0,,5.703299045562741
2026-09-16T00:21:15+00:00,area_trajectory,milford_haven,,1789475640000.0,,5.703299045562741
2026-09-16T00:21:15+00:00,area_trajectory,milford_haven,,1789475760000.0,,5.703299045562741
2026-09-16T00:21:15+00:00,area_trajectory,milford_haven,,1789475880000.0,,5.703299045562741
2026-09-16T00:21:15+00:00,area_trajectory,milford_haven,,1789476000000.0,,5.703299045562741
2026-09-16T00:21:15+00:00,area_trajectory,milford_haven,,1789476120000.0,,5.703299045562741
2026-09-16T00:21:15+00:00,area_trajectory,milford_haven,,1789476240000.0,,5.703299045562741
2026-09-16T00:21:15+00:00,area_trajectory,milford_haven,,1789476360000.0,,5.703299045562741
2026-09-16T00:21:15+00:00,area_trajectory,milford_haven,,1789476480000.0,,5.703299045562741
2026-09-16T00:21:15+00:00,area_trajectory,milford_haven,,1789476600000.0,,5.703299045562741
2026-09-16T00:21:15+00:00,area_trajectory,milford_haven,,1789476720000.0,,5.703299045562741
2026-09-16T00:21:15+00:00,area_trajectory,milford_haven,,1789476840000.0,,5.612964153289799
2026-09-16T00:21:15+00:00,area_trajectory,milford_haven,,1789476960000.0,,5.69353294372559
2026-09-16T00:21:15+00:00,area_trajectory,milford_haven,,1789477080000.0,,5.69353294372559
2026-09-16T00:21:15+00:00,area_trajectory,milford_haven,,1789477200000.0,,5.59831523895264
2026-09-16T00:21:15+00:00,area_trajectory,milford_haven,,1789477320000.0,,5.7399210929870605
2026-09-16T00:21:15+00:00,area_trajectory,milford_haven,,1789477440000.0,,5.6569108963012695
2026-09-16T00:21:15+00:00,area_trajectory,milford_haven,,1789477560000.0,,5.6569108963012695
2026-09-16T00:21:15+00:00,area_trajectory,milford_haven,,1789477680000.0,,5.6569108963012695
2026-09-16T00:21:15+00:00,area_trajectory,milford_haven,,1789477800000.0,,5.6324958801269505
2026-09-16T00:21:15+00:00,area_trajectory,milford_haven,,1789477920000.0,,5.7350382804870605
2026-09-16T00:21:15+00:00,area_trajectory,milford_haven,,1789478040000.0,,5.6300544738769505
2026-09-16T00:21:15+00:00,area_trajectory,milford_haven,,1789478160000.0,,5.7130651473999
2026-09-16T00:21:15+00:00,area_trajectory,milford_haven,,1789478280000.0,,5.63737916946411
2026-09-16T00:21:15+00:00,area_trajectory,milford_haven,,1789478400000.0,,5.7203893661499
2026-09-16T00:21:15+00:00,area_trajectory,milford_haven,,1789478520000.0,,5.7203893661499
2026-09-16T00:21:15+00:00,area_trajectory,milford_haven,,1789478640000.0,,5.69597482681274
2026-09-16T00:21:15+00:00,area_trajectory,milford_haven,,1789478760000.0,,5.69597482681274
2026-09-16T00:21:15+00:00,area_trajectory,milford_haven,,1789478880000.0,,5.69597482681274
2026-09-16T00:21:15+00:00,area_trajectory,milford_haven,,1789479000000.0,,5.6154055595398
2026-09-16T00:21:15+00:00,area_trajectory,milford_haven,,1789479120000.0,,5.6154055595398
2026-09-16T00:21:15+00:00,area_trajectory,milford_haven,,1789479240000.0,,5.6154055595398
2026-09-16T00:21:15+00:00,area_trajectory,milford_haven,,1789479360000.0,,5.6154055595398
2026-09-16T00:21:15+00:00,area_trajectory,milford_haven,,1789479480000.0,,5.6154055595398
2026-09-16T00:21:15+00:00,area_trajectory,milford_haven,,1789479600000.0,,5.69841623306274
2026-09-16T00:21:15+00:00,area_trajectory,milford_haven,,1789479720000.0,,5.69841623306274
2026-09-16T00:21:15+00:00,area_trajectory,milford_haven,,1789479840000.0,,5.69841623306274
2026-09-16T00:21:15+00:00,area_trajectory,milford_haven,,1789479960000.0,,5.612964153289799
2026-09-16T00:21:15+00:00,area_trajectory,milford_haven,,1789480080000.0,,5.612964153289799
2026-09-16T00:21:15+00:00,area_trajectory,milford_haven,,1789480200000.0,,5.612964153289799
2026-09-16T00:21:15+00:00,area_trajectory,milford_haven,,1789480320000.0,,5.576342105865479
2026-09-16T00:21:15+00:00,area_trajectory,milford_haven,,1789480440000.0,,5.6154055595398
2026-09-16T00:21:15+00:00,area_trajectory,milford_haven,,1789480560000.0,,5.7399210929870605
2026-09-16T00:21:15+00:00,area_trajectory,milford_haven,,1789480680000.0,,5.7399210929870605
2026-09-16T00:21:15+00:00,area_trajectory,milford_haven,,1789480800000.0,,5.54460287094116
2026-09-16T00:21:15+00:00,area_trajectory,milford_haven,,1789480920000.0,,5.6495866775512695
2026-09-16T00:21:15+00:00,area_trajectory,milford_haven,,1789481040000.0,,5.578783512115479
2026-09-16T00:21:15+00:00,area_trajectory,milford_haven,,1789481160000.0,,5.6300544738769505
2026-09-16T00:21:15+00:00,area_trajectory,milford_haven,,1789481280000.0,,5.6300544738769505
2026-09-16T00:21:15+00:00,area_trajectory,milford_haven,,1789481400000.0,,5.6300544738769505
2026-09-16T00:21:15+00:00,area_trajectory,milford_haven,,1789481520000.0,,5.6300544738769505
2026-09-16T00:21:15+00:00,area_trajectory,milford_haven,,1789481640000.0,,5.55925178527832
2026-09-16T00:21:15+00:00,area_trajectory,milford_haven,,1789481760000.0,,5.73259687423706
2026-09-16T00:21:15+00:00,area_trajectory,milford_haven,,1789481880000.0,,5.6471447944641096
2026-09-16T00:21:15+00:00,area_trajectory,milford_haven,,1789482000000.0,,5.72771406173706
2026-09-16T00:21:15+00:00,area_trajectory,milford_haven,,1789482120000.0,,5.72771406173706
2026-09-16T00:21:15+00:00,area_trajectory,milford_haven,,1789482240000.0,,5.7350382804870605
2026-09-16T00:21:15+00:00,area_trajectory,milford_haven,,1789482360000.0,,5.6422619819641096
2026-09-16T00:21:15+00:00,area_trajectory,milford_haven,,1789482480000.0,,5.6422619819641096
2026-09-16T00:21:15+00:00,area_trajectory,milford_haven,,1789482600000.0,,5.66667699813843
2026-09-16T00:21:15+00:00,area_trajectory,milford_haven,,1789482720000.0,,5.66667699813843
2026-09-16T00:21:15+00:00,area_trajectory,milford_haven,,1789482840000.0,,5.66667699813843
2026-09-16T00:21:15+00:00,area_trajectory,milford_haven,,1789482960000.0,,5.66667699813843
2026-09-16T00:21:15+00:00,area_trajectory,milford_haven,,1789483080000.0,,5.66667699813843
2026-09-16T00:21:15+00:00,area_trajectory,milford_haven,,1789483200000.0,,5.66667699813843
2026-09-16T00:21:15+00:00,area_trajectory,milford_haven,,1789483320000.0,,5.66667699813843
2026-09-16T00:21:15+00:00,area_trajectory,milford_haven,,1789483440000.0,,5.573900699615479
2026-09-16T00:21:15+00:00,area_trajectory,milford_haven,,1789483560000.0,,5.65935230255127
2026-09-16T00:21:15+00:00,area_trajectory,milford_haven,,1789483680000.0,,5.576342105865479
2026-09-16T00:21:15+00:00,area_trajectory,milford_haven,,1789483800000.0,,5.66423511505127
2026-09-16T00:21:15+00:00,area_trajectory,milford_haven,,1789483920000.0,,5.56413459777832
2026-09-16T00:21:15+00:00,area_trajectory,milford_haven,,1789484040000.0,,5.6862087249755895
2026-09-16T00:21:15+00:00,area_trajectory,milford_haven,,1789484160000.0,,5.60075664520264
2026-09-16T00:21:15+00:00,area_trajectory,milford_haven,,1789484280000.0,,5.6862087249755895
2026-09-16T00:21:15+00:00,area_trajectory,milford_haven,,1789484400000.0,,5.6862087249755895
2026-09-16T00:21:15+00:00,area_trajectory,milford_haven,,1789484520000.0,,5.6862087249755895
2026-09-16T00:21:15+00:00,area_trajectory,milford_haven,,1789484640000.0,,5.56657600402832
2026-09-16T00:21:15+00:00,area_trajectory,milford_haven,,1789484760000.0,,5.6862087249755895
2026-09-16T00:21:15+00:00,area_trajectory,milford_haven,,1789484880000.0,,5.58122491836548
2026-09-16T00:21:15+00:00,area_trajectory,milford_haven,,1789485000000.0,,5.6813259124755895
2026-09-16T00:21:15+00:00,area_trajectory,milford_haven,,1789485120000.0,,5.6813259124755895
2026-09-16T00:21:15+00:00,area_trajectory,milford_haven,,1789485240000.0,,5.6813259124755895
2026-09-16T00:21:15+00:00,area_trajectory,milford_haven,,1789485360000.0,,5.59831523895264
2026-09-16T00:21:15+00:00,area_trajectory,milford_haven,,1789485480000.0,,5.6910915374755895
2026-09-16T00:21:15+00:00,area_trajectory,milford_haven,,1789485600000.0,,5.58854961395264
2026-09-16T00:21:15+00:00,area_trajectory,milford_haven,,1789485720000.0,,5.612964153289799
2026-09-16T00:21:15+00:00,area_trajectory,milford_haven,,1789485840000.0,,5.612964153289799
2026-09-16T00:21:15+00:00,area_trajectory,milford_haven,,1789485960000.0,,5.612964153289799
2026-09-16T00:21:15+00:00,area_trajectory,milford_haven,,1789486080000.0,,5.612964153289799
2026-09-16T00:21:15+00:00,area_trajectory,milford_haven,,1789486200000.0,,5.612964153289799
2026-09-16T00:21:15+00:00,area_trajectory,milford_haven,,1789486320000.0,,5.612964153289799
2026-09-16T00:21:15+00:00,area_trajectory,milford_haven,,1789486440000.0,,5.612964153289799
2026-09-16T00:21:15+00:00,area_trajectory,milford_haven,,1789486560000.0,,5.612964153289799
2026-09-16T00:21:15+00:00,area_trajectory,milford_haven,,1789486680000.0,,5.612964153289799
2026-09-16T00:21:15+00:00,area_trajectory,milford_haven,,1789486800000.0,,5.5323953628539995
2026-09-16T00:21:15+00:00,area_trajectory,milford_haven,,1789486920000.0,,5.6520280838012695
2026-09-16T00:21:15+00:00,area_trajectory,milford_haven,,1789487040000.0,,5.55681037902832
2026-09-16T00:21:15+00:00,area_trajectory,milford_haven,,1789487160000.0,,5.6447033882141096
2026-09-16T00:21:15+00:00,area_trajectory,milford_haven,,1789487280000.0,,5.55436849594116
2026-09-16T00:21:15+00:00,area_trajectory,milford_haven,,1789487400000.0,,5.67400121688843
2026-09-16T00:21:15+00:00,area_trajectory,milford_haven,,1789487520000.0,,5.67400121688843
2026-09-16T00:21:15+00:00,area_trajectory,milford_haven,,1789487640000.0,,5.67400121688843
2026-09-16T00:21:15+00:00,area_trajectory,milford_haven,,1789487760000.0,,5.55681037902832
2026-09-16T00:21:15+00:00,area_trajectory,milford_haven,,1789487880000.0,,5.55681037902832
2026-09-16T00:21:15+00:00,area_trajectory,milford_haven,,1789488000000.0,,5.6569108963012695
2026-09-16T00:21:15+00:00,area_trajectory,milford_haven,,1789488120000.0,,5.6569108963012695
2026-09-16T00:21:15+00:00,area_trajectory,milford_haven,,1789488240000.0,,5.59099102020264
2026-09-16T00:21:15+00:00,area_trajectory,milford_haven,,1789488360000.0,,5.59099102020264
2026-09-16T00:21:15+00:00,area_trajectory,milford_haven,,1789488480000.0,,5.58610820770264
2026-09-16T00:21:15+00:00,area_trajectory,milford_haven,,1789488600000.0,,5.58610820770264
2026-09-16T00:21:15+00:00,area_trajectory,milford_haven,,1789488720000.0,,5.60075664520264
2026-09-16T00:21:15+00:00,area_trajectory,milford_haven,,1789488840000.0,,5.71062326431274
2026-09-16T00:21:15+00:00,area_trajectory,milford_haven,,1789488960000.0,,5.610522747039799
2026-09-16T00:21:15+00:00,area_trajectory,milford_haven,,1789489080000.0,,5.7374796867370605
2026-09-16T00:21:15+00:00,area_trajectory,milford_haven,,1789489200000.0,,5.58854961395264
2026-09-16T00:21:15+00:00,area_trajectory,milford_haven,,1789489320000.0,,5.69353294372559
2026-09-16T00:21:15+00:00,area_trajectory,milford_haven,,1789489440000.0,,5.6080813407898
2026-09-16T00:21:15+00:00,area_trajectory,milford_haven,,1789489560000.0,,5.6080813407898
2026-09-16T00:21:15+00:00,area_trajectory,milford_haven,,1789489680000.0,,5.612964153289799
2026-09-16T00:21:15+00:00,area_trajectory,milford_haven,,1789489800000.0,,5.71062326431274
2026-09-16T00:21:15+00:00,area_trajectory,milford_haven,,1789489920000.0,,5.612964153289799
2026-09-16T00:21:15+00:00,area_trajectory,milford_haven,,1789490040000.0,,5.71062326431274
2026-09-16T00:21:15+00:00,area_trajectory,milford_haven,,1789490160000.0,,5.59343242645264
2026-09-16T00:21:15+00:00,area_trajectory,milford_haven,,1789490280000.0,,5.70818185806274
2026-09-16T00:21:15+00:00,area_trajectory,milford_haven,,1789490400000.0,,5.61784744262695
2026-09-16T00:21:15+00:00,area_trajectory,milford_haven,,1789490520000.0,,5.70818185806274
2026-09-16T00:21:15+00:00,area_trajectory,milford_haven,,1789490640000.0,,5.70818185806274
2026-09-16T00:21:15+00:00,area_trajectory,milford_haven,,1789490760000.0,,5.70818185806274
2026-09-16T00:21:15+00:00,area_trajectory,milford_haven,,1789490880000.0,,5.6813259124755895
2026-09-16T00:21:15+00:00,area_trajectory,milford_haven,,1789491000000.0,,5.6813259124755895
2026-09-16T00:21:15+00:00,area_trajectory,milford_haven,,1789491120000.0,,5.6813259124755895
2026-09-16T00:21:15+00:00,area_trajectory,milford_haven,,1789491240000.0,,5.6813259124755895
2026-09-16T00:21:15+00:00,area_trajectory,milford_haven,,1789491360000.0,,5.79119253158569
2026-09-16T00:21:15+00:00,area_trajectory,milford_haven,,1789491480000.0,,5.69597482681274
2026-09-16T00:21:15+00:00,area_trajectory,milford_haven,,1789491600000.0,,5.69597482681274
2026-09-16T00:21:15+00:00,area_trajectory,milford_haven,,1789491720000.0,,5.69597482681274
2026-09-16T00:21:15+00:00,area_trajectory,milford_haven,,1789491840000.0,,5.75212860107422
2026-09-16T00:21:15+00:00,area_trajectory,milford_haven,,1789491960000.0,,5.6422619819641096
2026-09-16T00:21:15+00:00,area_trajectory,milford_haven,,1789492080000.0,,5.73259687423706
2026-09-16T00:21:15+00:00,area_trajectory,milford_haven,,1789492200000.0,,5.73259687423706
2026-09-16T00:21:15+00:00,area_trajectory,milford_haven,,1789492320000.0,,5.73259687423706
2026-09-16T00:21:15+00:00,area_trajectory,milford_haven,,1789492440000.0,,5.73259687423706
2026-09-16T00:21:15+00:00,area_trajectory,milford_haven,,1789492560000.0,,5.83269739151001
2026-09-16T00:21:15+00:00,area_trajectory,milford_haven,,1789492680000.0,,5.705740451812741
2026-09-16T00:21:15+00:00,area_trajectory,milford_haven,,1789492800000.0,,5.705740451812741
2026-09-16T00:21:15+00:00,area_trajectory,milford_haven,,1789492920000.0,,5.705740451812741
2026-09-16T00:21:15+00:00,area_trajectory,milford_haven,,1789493040000.0,,5.7252721786499
2026-09-16T00:21:15+00:00,area_trajectory,milford_haven,,1789493160000.0,,5.6300544738769505
2026-09-16T00:21:15+00:00,area_trajectory,milford_haven,,1789493280000.0,,5.79851675033569
2026-09-16T00:21:15+00:00,area_trajectory,milford_haven,,1789493400000.0,,5.6520280838012695
2026-09-16T00:21:15+00:00,area_trajectory,milford_haven,,1789493520000.0,,5.7472457885742205
2026-09-16T00:21:15+00:00,area_trajectory,milford_haven,,1789493640000.0,,5.63737916946411
2026-09-16T00:21:15+00:00,area_trajectory,milford_haven,,1789493760000.0,,5.75457000732422
2026-09-16T00:21:15+00:00,area_trajectory,milford_haven,,1789493880000.0,,5.6276130676269505
2026-09-16T00:21:15+00:00,area_trajectory,milford_haven,,1789494000000.0,,5.72771406173706
2026-09-16T00:21:15+00:00,area_trajectory,milford_haven,,1789494120000.0,,5.6447033882141096
2026-09-16T00:21:15+00:00,area_trajectory,milford_haven,,1789494240000.0,,5.80828285217285
2026-09-16T00:21:15+00:00,area_trajectory,milford_haven,,1789494360000.0,,5.6764426231384295
2026-09-16T00:21:15+00:00,area_trajectory,milford_haven,,1789494480000.0,,5.79851675033569
2026-09-16T00:21:15+00:00,area_trajectory,milford_haven,,1789494600000.0,,5.6569108963012695
2026-09-16T00:21:15+00:00,area_trajectory,milford_haven,,1789494720000.0,,5.81072425842285
2026-09-16T00:21:15+00:00,area_trajectory,milford_haven,,1789494840000.0,,5.6764426231384295
2026-09-16T00:21:15+00:00,area_trajectory,milford_haven,,1789494960000.0,,5.80828285217285
2026-09-16T00:21:15+00:00,area_trajectory,milford_haven,,1789495080000.0,,5.6764426231384295
2026-09-16T00:21:15+00:00,area_trajectory,milford_haven,,1789495200000.0,,5.6398205757141096
2026-09-16T00:21:15+00:00,area_trajectory,milford_haven,,1789495320000.0,,5.6398205757141096
2026-09-16T00:21:15+00:00,area_trajectory,milford_haven,,1789495440000.0,,5.6398205757141096
2026-09-16T00:21:15+00:00,area_trajectory,milford_haven,,1789495560000.0,,5.6398205757141096
2026-09-16T00:21:15+00:00,area_trajectory,milford_haven,,1789495680000.0,,5.73015546798706
2026-09-16T00:21:15+00:00,area_trajectory,milford_haven,,1789495800000.0,,5.69597482681274
2026-09-16T00:21:15+00:00,area_trajectory,milford_haven,,1789495920000.0,,5.69597482681274
2026-09-16T00:21:15+00:00,area_trajectory,milford_haven,,1789496040000.0,,5.7814264297485405
2026-09-16T00:21:15+00:00,area_trajectory,milford_haven,,1789496160000.0,,5.78630924224854
2026-09-16T00:21:15+00:00,area_trajectory,milford_haven,,1789496280000.0,,5.78630924224854
2026-09-16T00:21:15+00:00,area_trajectory,milford_haven,,1789496400000.0,,5.705740451812741
2026-09-16T00:21:15+00:00,area_trajectory,milford_haven,,1789496520000.0,,5.705740451812741
2026-09-16T00:21:15+00:00,area_trajectory,milford_haven,,1789496640000.0,,5.705740451812741
2026-09-16T00:21:15+00:00,area_trajectory,milford_haven,,1789496760000.0,,5.84246349334717
2026-09-16T00:21:15+00:00,area_trajectory,milford_haven,,1789496880000.0,,5.75701141357422
2026-09-16T00:21:15+00:00,area_trajectory,milford_haven,,1789497000000.0,,5.75701141357422
2026-09-16T00:21:15+00:00,area_trajectory,milford_haven,,1789497120000.0,,5.75701141357422
2026-09-16T00:21:15+00:00,area_trajectory,milford_haven,,1789497240000.0,,5.75701141357422
2026-09-16T00:21:15+00:00,area_trajectory,milford_haven,,1789497360000.0,,5.6764426231384295
2026-09-16T00:21:15+00:00,area_trajectory,milford_haven,,1789497480000.0,,5.6764426231384295
2026-09-16T00:21:15+00:00,area_trajectory,milford_haven,,1789497600000.0,,5.76677751541138
2026-09-16T00:21:15+00:00,area_trajectory,milford_haven,,1789497720000.0,,5.75701141357422
2026-09-16T00:21:15+00:00,area_trajectory,milford_haven,,1789497840000.0,,5.75701141357422
2026-09-16T00:21:15+00:00,area_trajectory,milford_haven,,1789497960000.0,,5.66911840438843
2026-09-16T00:21:15+00:00,area_trajectory,milford_haven,,1789498080000.0,,5.63493776321411
2026-09-16T00:21:15+00:00,area_trajectory,milford_haven,,1789498200000.0,,5.74968719482422
2026-09-16T00:21:15+00:00,area_trajectory,milford_haven,,1789498320000.0,,5.74968719482422
2026-09-16T00:21:15+00:00,area_trajectory,milford_haven,,1789498440000.0,,5.74968719482422
2026-09-16T00:21:15+00:00,area_trajectory,milford_haven,,1789498560000.0,,5.74968719482422
2026-09-16T00:21:15+00:00,area_trajectory,milford_haven,,1789498680000.0,,5.74968719482422
2026-09-16T00:21:15+00:00,area_trajectory,milford_haven,,1789498800000.0,,5.7350382804870605
2026-09-16T00:21:15+00:00,area_trajectory,milford_haven,,1789498920000.0,,5.7350382804870605
2026-09-16T00:21:15+00:00,area_trajectory,milford_haven,,1789499040000.0,,5.7228307723999
2026-09-16T00:21:15+00:00,area_trajectory,milford_haven,,1789499160000.0,,5.7228307723999
2026-09-16T00:21:15+00:00,area_trajectory,milford_haven,,1789499280000.0,,5.857112407684331
2026-09-16T00:21:15+00:00,area_trajectory,milford_haven,,1789499400000.0,,5.857112407684331
2026-09-16T00:21:15+00:00,area_trajectory,milford_haven,,1789499520000.0,,5.76433610916138
2026-09-16T00:21:15+00:00,area_trajectory,milford_haven,,1789499640000.0,,5.95233011245728
2026-09-16T00:21:15+00:00,area_trajectory,milford_haven,,1789499760000.0,,5.95233011245728
2026-09-16T00:21:15+00:00,area_trajectory,milford_haven,,1789499880000.0,,5.95233011245728
2026-09-16T00:21:15+00:00,area_trajectory,milford_haven,,1789500000000.0,,5.95233011245728
2026-09-16T00:21:15+00:00,area_trajectory,milford_haven,,1789500120000.0,,5.95233011245728
2026-09-16T00:21:15+00:00,area_trajectory,milford_haven,,1789500240000.0,,5.95233011245728
2026-09-16T00:21:15+00:00,area_trajectory,milford_haven,,1789500360000.0,,6.03289890289307
2026-09-16T00:21:15+00:00,area_trajectory,milford_haven,,1789500480000.0,,6.03289890289307
2026-09-16T00:21:15+00:00,area_trajectory,milford_haven,,1789500600000.0,,6.03289890289307
2026-09-16T00:21:15+00:00,area_trajectory,milford_haven,,1789500720000.0,,6.03289890289307
2026-09-16T00:21:15+00:00,area_trajectory,milford_haven,,1789500840000.0,,6.03289890289307
2026-09-16T00:21:15+00:00,area_trajectory,milford_haven,,1789500960000.0,,6.057313919067379
2026-09-16T00:21:15+00:00,area_trajectory,milford_haven,,1789501080000.0,,6.15009021759033
2026-09-16T00:21:15+00:00,area_trajectory,milford_haven,,1789501200000.0,,6.15009021759033
2026-09-16T00:21:15+00:00,area_trajectory,milford_haven,,1789501320000.0,,6.386913776397701
2026-09-16T00:21:15+00:00,area_trajectory,milford_haven,,1789501440000.0,,6.386913776397701
2026-09-16T00:21:15+00:00,area_trajectory,milford_haven,,1789501560000.0,,6.386913776397701
2026-09-16T00:21:15+00:00,area_trajectory,milford_haven,,1789501680000.0,,6.386913776397701
2026-09-16T00:21:15+00:00,area_trajectory,milford_haven,,1789501800000.0,,6.504104614257811
2026-09-16T00:21:15+00:00,area_trajectory,milford_haven,,1789501920000.0,,6.504104614257811
2026-09-16T00:21:15+00:00,area_trajectory,milford_haven,,1789502040000.0,,6.504104614257811
2026-09-16T00:21:15+00:00,area_trajectory,milford_haven,,1789502160000.0,,6.504104614257811
2026-09-16T00:21:15+00:00,area_trajectory,milford_haven,,1789502280000.0,,6.504104614257811
2026-09-16T00:21:15+00:00,area_trajectory,milford_haven,,1789502400000.0,,6.82393884658814
2026-09-16T00:21:15+00:00,area_trajectory,milford_haven,,1789502520000.0,,6.82393884658814
2026-09-16T00:21:15+00:00,area_trajectory,milford_haven,,1789502640000.0,,6.78731632232666
2026-09-16T00:21:15+00:00,area_trajectory,milford_haven,,1789502760000.0,,6.899624824523929
2026-09-16T00:21:15+00:00,area_trajectory,milford_haven,,1789502880000.0,,6.899624824523929
2026-09-16T00:21:15+00:00,area_trajectory,milford_haven,,1789503000000.0,,7.0705280303955105
2026-09-16T00:21:15+00:00,area_trajectory,milford_haven,,1789503120000.0,,7.15598011016846
2026-09-16T00:21:15+00:00,area_trajectory,milford_haven,,1789503240000.0,,7.15598011016846
2026-09-16T00:21:15+00:00,area_trajectory,milford_haven,,1789503360000.0,,7.236548900604249
2026-09-16T00:21:15+00:00,area_trajectory,milford_haven,,1789503480000.0,,7.260963916778561
2026-09-16T00:21:15+00:00,area_trajectory,milford_haven,,1789503600000.0,,7.6345105171203596
2026-09-16T00:21:15+00:00,area_trajectory,milford_haven,,1789503720000.0,,7.5368509292602495
2026-09-16T00:21:15+00:00,area_trajectory,milford_haven,,1789503840000.0,,7.5368509292602495
2026-09-16T00:21:15+00:00,area_trajectory,milford_haven,,1789503960000.0,,7.4367504119873
2026-09-16T00:21:15+00:00,area_trajectory,milford_haven,,1789504080000.0,,7.4367504119873
2026-09-16T00:21:15+00:00,area_trajectory,milford_haven,,1789504200000.0,,7.4367504119873
2026-09-16T00:21:15+00:00,area_trajectory,milford_haven,,1789504320000.0,,7.47093105316162
2026-09-16T00:21:15+00:00,area_trajectory,milford_haven,,1789504440000.0,,7.45139932632446
2026-09-16T00:21:15+00:00,area_trajectory,milford_haven,,1789504560000.0,,7.45139932632446
2026-09-16T00:21:15+00:00,area_trajectory,milford_haven,,1789504680000.0,,7.45139932632446
2026-09-16T00:21:15+00:00,area_trajectory,milford_haven,,1789504800000.0,,7.45139932632446
2026-09-16T00:21:15+00:00,area_trajectory,milford_haven,,1789504920000.0,,7.45139932632446
2026-09-16T00:21:15+00:00,area_trajectory,milford_haven,,1789505040000.0,,7.45139932632446
2026-09-16T00:21:15+00:00,area_trajectory,milford_haven,,1789505160000.0,,7.45139932632446
2026-09-16T00:21:15+00:00,area_trajectory,milford_haven,,1789505280000.0,,7.45139932632446
2026-09-16T00:21:15+00:00,area_trajectory,milford_haven,,1789505400000.0,,7.42454290390015
2026-09-16T00:21:15+00:00,area_trajectory,milford_haven,,1789505520000.0,,7.46116542816162
2026-09-16T00:21:15+00:00,area_trajectory,milford_haven,,1789505640000.0,,7.46116542816162
2026-09-16T00:21:15+00:00,area_trajectory,milford_haven,,1789505760000.0,,7.46116542816162
2026-09-16T00:21:15+00:00,area_trajectory,milford_haven,,1789505880000.0,,7.46116542816162
2026-09-16T00:21:15+00:00,area_trajectory,milford_haven,,1789506000000.0,,7.46116542816162
2026-09-16T00:21:15+00:00,area_trajectory,milford_haven,,1789506120000.0,,7.41966009140015
2026-09-16T00:21:15+00:00,area_trajectory,milford_haven,,1789506240000.0,,7.47093105316162
2026-09-16T00:21:15+00:00,area_trajectory,milford_haven,,1789506360000.0,,7.47093105316162
2026-09-16T00:21:15+00:00,area_trajectory,milford_haven,,1789506480000.0,,7.41477727890015
2026-09-16T00:21:15+00:00,area_trajectory,milford_haven,,1789506600000.0,,7.41477727890015
2026-09-16T00:21:15+00:00,area_trajectory,milford_haven,,1789506720000.0,,7.41477727890015
2026-09-16T00:21:15+00:00,area_trajectory,milford_haven,,1789506840000.0,,7.41477727890015
2026-09-16T00:21:15+00:00,area_trajectory,milford_haven,,1789506960000.0,,7.41477727890015
2026-09-16T00:21:15+00:00,area_trajectory,milford_haven,,1789507080000.0,,7.41477727890015
2026-09-16T00:21:15+00:00,area_trajectory,milford_haven,,1789507200000.0,,7.41477727890015
2026-09-16T00:21:15+00:00,area_trajectory,milford_haven,,1789507320000.0,,7.29758596420288
2026-09-16T00:21:15+00:00,area_trajectory,milford_haven,,1789507440000.0,,7.41966009140015
2026-09-16T00:21:15+00:00,area_trajectory,milford_haven,,1789507560000.0,,7.30491065979004
2026-09-16T00:21:15+00:00,area_trajectory,milford_haven,,1789507680000.0,,7.30491065979004
2026-09-16T00:21:15+00:00,area_trajectory,milford_haven,,1789507800000.0,,7.30491065979004
2026-09-16T00:21:15+00:00,area_trajectory,milford_haven,,1789507920000.0,,7.387920856475829
2026-09-16T00:21:15+00:00,area_trajectory,milford_haven,,1789508040000.0,,7.387920856475829
2026-09-16T00:21:15+00:00,area_trajectory,milford_haven,,1789508160000.0,,7.387920856475829
2026-09-16T00:21:15+00:00,area_trajectory,milford_haven,,1789508280000.0,,7.431867599487299
2026-09-16T00:21:15+00:00,area_trajectory,milford_haven,,1789508400000.0,,7.348856925964359
2026-09-16T00:21:15+00:00,area_trajectory,milford_haven,,1789508520000.0,,7.4343090057373
2026-09-16T00:21:15+00:00,area_trajectory,milford_haven,,1789508640000.0,,7.4343090057373
2026-09-16T00:21:15+00:00,area_trajectory,milford_haven,,1789508760000.0,,7.40501117706299
2026-09-16T00:21:15+00:00,area_trajectory,milford_haven,,1789508880000.0,,7.40501117706299
2026-09-16T00:21:15+00:00,area_trajectory,milford_haven,,1789509000000.0,,7.50755310058594
2026-09-16T00:21:15+00:00,area_trajectory,milford_haven,,1789509120000.0,,7.40501117706299
2026-09-16T00:21:15+00:00,area_trajectory,milford_haven,,1789509240000.0,,7.40501117706299
2026-09-16T00:21:15+00:00,area_trajectory,milford_haven,,1789509360000.0,,7.40501117706299
2026-09-16T00:21:15+00:00,area_trajectory,milford_haven,,1789509480000.0,,7.40501117706299
2026-09-16T00:21:15+00:00,area_trajectory,milford_haven,,1789509600000.0,,7.40501117706299
2026-09-16T00:21:15+00:00,area_trajectory,milford_haven,,1789509720000.0,,7.40501117706299
2026-09-16T00:21:15+00:00,area_trajectory,milford_haven,,1789509840000.0,,7.40012836456299
2026-09-16T00:21:15+00:00,area_trajectory,milford_haven,,1789509960000.0,,7.40012836456299
2026-09-16T00:21:15+00:00,area_trajectory,milford_haven,,1789510080000.0,,7.40012836456299
2026-09-16T00:21:15+00:00,area_trajectory,milford_haven,,1789510200000.0,,7.40012836456299
2026-09-16T00:21:15+00:00,area_trajectory,milford_haven,,1789510320000.0,,7.40012836456299
2026-09-16T00:21:15+00:00,area_trajectory,milford_haven,,1789510440000.0,,7.40012836456299
2026-09-16T00:21:15+00:00,area_trajectory,milford_haven,,1789510560000.0,,7.40012836456299
2026-09-16T00:21:15+00:00,area_trajectory,milford_haven,,1789510680000.0,,7.40012836456299
2026-09-16T00:21:15+00:00,area_trajectory,milford_haven,,1789510800000.0,,7.40012836456299
2026-09-16T00:21:15+00:00,area_trajectory,milford_haven,,1789510920000.0,,7.40012836456299
2026-09-16T00:21:15+00:00,area_trajectory,milford_haven,,1789511040000.0,,7.40012836456299
2026-09-16T00:21:15+00:00,area_trajectory,milford_haven,,1789511160000.0,,7.40012836456299
2026-09-16T00:21:15+00:00,area_trajectory,milford_haven,,1789511280000.0,,7.380596160888669
2026-09-16T00:21:15+00:00,area_trajectory,milford_haven,,1789511400000.0,,7.380596160888669
2026-09-16T00:21:15+00:00,area_trajectory,milford_haven,,1789511520000.0,,7.380596160888669
2026-09-16T00:21:15+00:00,area_trajectory,milford_haven,,1789511640000.0,,7.380596160888669
2026-09-16T00:21:15+00:00,area_trajectory,milford_haven,,1789511760000.0,,7.380596160888669
2026-09-16T00:21:15+00:00,area_trajectory,milford_haven,,1789511880000.0,,7.380596160888669
2026-09-16T00:21:15+00:00,area_trajectory,milford_haven,,1789512000000.0,,7.380596160888669
2026-09-16T00:21:15+00:00,area_trajectory,milford_haven,,1789512120000.0,,7.28293704986572
2026-09-16T00:21:15+00:00,area_trajectory,milford_haven,,1789512240000.0,,7.383037567138669
2026-09-16T00:21:15+00:00,area_trajectory,milford_haven,,1789512360000.0,,7.383037567138669
2026-09-16T00:21:15+00:00,area_trajectory,milford_haven,,1789512480000.0,,7.24875640869141
2026-09-16T00:21:15+00:00,area_trajectory,milford_haven,,1789512600000.0,,7.24875640869141
2026-09-16T00:21:15+00:00,area_trajectory,milford_haven,,1789512720000.0,,7.329325199127201
2026-09-16T00:21:15+00:00,area_trajectory,milford_haven,,1789512840000.0,,7.19748544692993
2026-09-16T00:21:15+00:00,area_trajectory,milford_haven,,1789512960000.0,,7.30246877670288
2026-09-16T00:21:15+00:00,area_trajectory,milford_haven,,1789513080000.0,,7.21213436126709
2026-09-16T00:21:15+00:00,area_trajectory,milford_haven,,1789513200000.0,,7.21213436126709
2026-09-16T00:21:15+00:00,area_trajectory,milford_haven,,1789513320000.0,,7.21213436126709
2026-09-16T00:21:15+00:00,area_trajectory,milford_haven,,1789513440000.0,,7.3244423866272
2026-09-16T00:21:15+00:00,area_trajectory,milford_haven,,1789513560000.0,,7.24387359619141
2026-09-16T00:21:15+00:00,area_trajectory,milford_haven,,1789513680000.0,,7.24387359619141
2026-09-16T00:21:15+00:00,area_trajectory,milford_haven,,1789513800000.0,,7.24387359619141
2026-09-16T00:21:15+00:00,area_trajectory,milford_haven,,1789513920000.0,,7.24387359619141
2026-09-16T00:21:15+00:00,area_trajectory,milford_haven,,1789514040000.0,,7.217017173767091
2026-09-16T00:21:15+00:00,area_trajectory,milford_haven,,1789514160000.0,,7.217017173767091
2026-09-16T00:21:15+00:00,area_trajectory,milford_haven,,1789514280000.0,,7.217017173767091
2026-09-16T00:21:15+00:00,area_trajectory,milford_haven,,1789514400000.0,,7.380596160888669
2026-09-16T00:21:15+00:00,area_trajectory,milford_haven,,1789514520000.0,,7.20236825942993
2026-09-16T00:21:15+00:00,area_trajectory,milford_haven,,1789514640000.0,,7.3268837928772
2026-09-16T00:21:15+00:00,area_trajectory,milford_haven,,1789514760000.0,,7.3268837928772
2026-09-16T00:21:15+00:00,area_trajectory,milford_haven,,1789514880000.0,,7.24143171310425
2026-09-16T00:21:15+00:00,area_trajectory,milford_haven,,1789515000000.0,,7.339091300964361
2026-09-16T00:21:15+00:00,area_trajectory,milford_haven,,1789515120000.0,,7.339091300964361
2026-09-16T00:21:15+00:00,area_trajectory,milford_haven,,1789515240000.0,,7.346415519714359
2026-09-16T00:21:15+00:00,area_trajectory,milford_haven,,1789515360000.0,,7.346415519714359
2026-09-16T00:21:15+00:00,area_trajectory,milford_haven,,1789515480000.0,,7.30979347229004
2026-09-16T00:21:15+00:00,area_trajectory,milford_haven,,1789515600000.0,,7.30979347229004
2026-09-16T00:21:15+00:00,area_trajectory,milford_haven,,1789515720000.0,,7.339091300964361
2026-09-16T00:21:15+00:00,area_trajectory,milford_haven,,1789515840000.0,,7.25363922119141
2026-09-16T00:21:15+00:00,area_trajectory,milford_haven,,1789515960000.0,,7.25363922119141
2026-09-16T00:21:15+00:00,area_trajectory,milford_haven,,1789516080000.0,,7.25363922119141
2026-09-16T00:21:15+00:00,area_trajectory,milford_haven,,1789516200000.0,,7.25363922119141
2026-09-16T00:21:15+00:00,area_trajectory,milford_haven,,1789516320000.0,,7.35129833221436
2026-09-16T00:21:15+00:00,area_trajectory,milford_haven,,1789516440000.0,,7.341532707214361
2026-09-16T00:21:15+00:00,area_trajectory,milford_haven,,1789516560000.0,,7.24387359619141
2026-09-16T00:21:15+00:00,area_trajectory,milford_haven,,1789516680000.0,,7.343974113464361
2026-09-16T00:21:15+00:00,area_trajectory,milford_haven,,1789516800000.0,,7.343974113464361
2026-09-16T00:21:15+00:00,area_trajectory,milford_haven,,1789516920000.0,,7.24631500244141
2026-09-16T00:21:15+00:00,area_trajectory,milford_haven,,1789517040000.0,,7.231666088104251
2026-09-16T00:21:15+00:00,area_trajectory,milford_haven,,1789517160000.0,,7.231666088104251
2026-09-16T00:21:15+00:00,area_trajectory,milford_haven,,1789517280000.0,,7.231666088104251
2026-09-16T00:21:15+00:00,area_trajectory,milford_haven,,1789517400000.0,,7.217017173767091
2026-09-16T00:21:15+00:00,area_trajectory,milford_haven,,1789517520000.0,,7.217017173767091
2026-09-16T00:21:15+00:00,area_trajectory,milford_haven,,1789517640000.0,,7.336649894714361
2026-09-16T00:21:15+00:00,area_trajectory,milford_haven,,1789517760000.0,,7.226782798767091
2026-09-16T00:21:15+00:00,area_trajectory,milford_haven,,1789517880000.0,,7.31955909729004
2026-09-16T00:21:15+00:00,area_trajectory,milford_haven,,1789518000000.0,,7.20480966567993
2026-09-16T00:21:15+00:00,area_trajectory,milford_haven,,1789518120000.0,,7.25363922119141
2026-09-16T00:21:15+00:00,area_trajectory,milford_haven,,1789518240000.0,,7.25363922119141
2026-09-16T00:21:15+00:00,area_trajectory,milford_haven,,1789518360000.0,,7.25363922119141
2026-09-16T00:21:15+00:00,area_trajectory,milford_haven,,1789518480000.0,,7.36350584030151
2026-09-16T00:21:15+00:00,area_trajectory,milford_haven,,1789518600000.0,,7.236548900604249
2026-09-16T00:21:15+00:00,area_trajectory,milford_haven,,1789518720000.0,,7.236548900604249
2026-09-16T00:21:15+00:00,area_trajectory,milford_haven,,1789518840000.0,,7.236548900604249
2026-09-16T00:21:15+00:00,area_trajectory,milford_haven,,1789518960000.0,,7.31711769104004
2026-09-16T00:21:15+00:00,area_trajectory,milford_haven,,1789519080000.0,,7.31711769104004
2026-09-16T00:21:15+00:00,area_trajectory,milford_haven,,1789519200000.0,,7.31711769104004
2026-09-16T00:21:15+00:00,area_trajectory,milford_haven,,1789519320000.0,,7.231666088104251
2026-09-16T00:21:15+00:00,area_trajectory,milford_haven,,1789519440000.0,,7.231666088104251
2026-09-16T00:21:15+00:00,area_trajectory,milford_haven,,1789519560000.0,,7.231666088104251
2026-09-16T00:21:15+00:00,area_trajectory,milford_haven,,1789519680000.0,,7.385479450225829
2026-09-16T00:21:15+00:00,area_trajectory,milford_haven,,1789519800000.0,,7.265846729278559
2026-09-16T00:21:15+00:00,area_trajectory,milford_haven,,1789519920000.0,,7.348856925964359
2026-09-16T00:21:15+00:00,area_trajectory,milford_haven,,1789520040000.0,,7.268288135528559
2026-09-16T00:21:15+00:00,area_trajectory,milford_haven,,1789520160000.0,,7.268288135528559
2026-09-16T00:21:15+00:00,area_trajectory,milford_haven,,1789520280000.0,,7.268288135528559
2026-09-16T00:21:15+00:00,area_trajectory,milford_haven,,1789520400000.0,,7.268288135528559
2026-09-16T00:21:15+00:00,area_trajectory,milford_haven,,1789520520000.0,,7.268288135528559
2026-09-16T00:21:15+00:00,area_trajectory,milford_haven,,1789520640000.0,,7.30491065979004
2026-09-16T00:21:15+00:00,area_trajectory,milford_haven,,1789520760000.0,,7.30491065979004
2026-09-16T00:21:15+00:00,area_trajectory,milford_haven,,1789520880000.0,,7.30491065979004
2026-09-16T00:21:15+00:00,area_trajectory,milford_haven,,1789521000000.0,,7.177953243255621
2026-09-16T00:21:15+00:00,subterminal_latest,grain,nts1,,01:00,0.00
2026-09-16T00:21:15+00:00,subterminal_latest,grain,nts1,,01:02,0.00
2026-09-16T00:21:15+00:00,subterminal_latest,grain,nts1,,01:04,0.00
2026-09-16T00:21:15+00:00,subterminal_latest,grain,nts1,,01:06,0.00
2026-09-16T00:21:15+00:00,subterminal_latest,grain,nts1,,01:08,0.00
2026-09-16T00:21:15+00:00,subterminal_latest,grain,nts1,,01:10,0.00
2026-09-16T00:21:15+00:00,subterminal_latest,grain,nts2,,01:00,0.00
2026-09-16T00:21:15+00:00,subterminal_latest,grain,nts2,,01:02,0.00
2026-09-16T00:21:15+00:00,subterminal_latest,grain,nts2,,01:04,0.00
2026-09-16T00:21:15+00:00,subterminal_latest,grain,nts2,,01:06,0.00
2026-09-16T00:21:15+00:00,subterminal_latest,grain,nts2,,01:08,0.00
2026-09-16T00:21:15+00:00,subterminal_latest,grain,nts2,,01:10,0.00
2026-09-16T00:21:15+00:00,subterminal_latest,dragon,,,01:00,0.00
2026-09-16T00:21:15+00:00,subterminal_latest,dragon,,,01:02,0.00
2026-09-16T00:21:15+00:00,subterminal_latest,dragon,,,01:04,0.00
2026-09-16T00:21:15+00:00,subterminal_latest,dragon,,,01:06,0.00
2026-09-16T00:21:15+00:00,subterminal_latest,dragon,,,01:08,0.00
2026-09-16T00:21:15+00:00,subterminal_latest,dragon,,,01:10,0.00
2026-09-16T00:21:15+00:00,subterminal_latest,south_hook,,,01:00,7.27
2026-09-16T00:21:15+00:00,subterminal_latest,south_hook,,,01:02,7.22
2026-09-16T00:21:15+00:00,subterminal_latest,south_hook,,,01:04,7.30
2026-09-16T00:21:15+00:00,subterminal_latest,south_hook,,,01:06,7.30
2026-09-16T00:21:15+00:00,subterminal_latest,south_hook,,,01:08,7.30
2026-09-16T00:21:15+00:00,subterminal_latest,south_hook,,,01:10,7.35
