snapshot_utc,series,terminal,sub,epoch_ms,time_label,value_mcm_d
2026-09-06T23:55:03+00:00,area_trajectory,grain,,1788670800000.0,,3.28736901838705
2026-09-06T23:55:03+00:00,area_trajectory,grain,,1788670920000.0,,3.28736901838705
2026-09-06T23:55:03+00:00,area_trajectory,grain,,1788671040000.0,,3.29000573713705
2026-09-06T23:55:03+00:00,area_trajectory,grain,,1788671160000.0,,3.27121874983236
2026-09-06T23:55:03+00:00,area_trajectory,grain,,1788671280000.0,,3.27121874983236
2026-09-06T23:55:03+00:00,area_trajectory,grain,,1788671400000.0,,3.21452746565267
2026-09-06T23:55:03+00:00,area_trajectory,grain,,1788671520000.0,,3.21452746565267
2026-09-06T23:55:03+00:00,area_trajectory,grain,,1788671640000.0,,3.27253710920736
2026-09-06T23:55:03+00:00,area_trajectory,grain,,1788671760000.0,,3.27253710920736
2026-09-06T23:55:03+00:00,area_trajectory,grain,,1788671880000.0,,3.21518664534017
2026-09-06T23:55:03+00:00,area_trajectory,grain,,1788672000000.0,,3.21518664534017
2026-09-06T23:55:03+00:00,area_trajectory,grain,,1788672120000.0,,3.25638647444174
2026-09-06T23:55:03+00:00,area_trajectory,grain,,1788672240000.0,,3.25638647444174
2026-09-06T23:55:03+00:00,area_trajectory,grain,,1788672360000.0,,3.19705847151205
2026-09-06T23:55:03+00:00,area_trajectory,grain,,1788672480000.0,,3.19705847151205
2026-09-06T23:55:03+00:00,area_trajectory,grain,,1788672600000.0,,3.21881213362142
2026-09-06T23:55:03+00:00,area_trajectory,grain,,1788672720000.0,,3.21881213362142
2026-09-06T23:55:03+00:00,area_trajectory,grain,,1788672840000.0,,3.24221374494955
2026-09-06T23:55:03+00:00,area_trajectory,grain,,1788672960000.0,,3.24221374494955
2026-09-06T23:55:03+00:00,area_trajectory,grain,,1788673080000.0,,3.26001232893392
2026-09-06T23:55:03+00:00,area_trajectory,grain,,1788673200000.0,,3.26001232893392
2026-09-06T23:55:03+00:00,area_trajectory,grain,,1788673320000.0,,3.28011767561361
2026-09-06T23:55:03+00:00,area_trajectory,grain,,1788673440000.0,,3.28011767561361
2026-09-06T23:55:03+00:00,area_trajectory,grain,,1788673560000.0,,3.2237563474886097
2026-09-06T23:55:03+00:00,area_trajectory,grain,,1788673680000.0,,3.2237563474886097
2026-09-06T23:55:03+00:00,area_trajectory,grain,,1788673800000.0,,3.1851928709261097
2026-09-06T23:55:03+00:00,area_trajectory,grain,,1788673920000.0,,3.1851928709261097
2026-09-06T23:55:03+00:00,area_trajectory,grain,,1788674040000.0,,3.26495617659017
2026-09-06T23:55:03+00:00,area_trajectory,grain,,1788674160000.0,,3.26495617659017
2026-09-06T23:55:03+00:00,area_trajectory,grain,,1788674280000.0,,3.2857210691682996
2026-09-06T23:55:03+00:00,area_trajectory,grain,,1788674400000.0,,3.2857210691682996
2026-09-06T23:55:03+00:00,area_trajectory,grain,,1788674520000.0,,3.2857210691682996
2026-09-06T23:55:03+00:00,area_trajectory,grain,,1788674640000.0,,3.22639306623861
2026-09-06T23:55:03+00:00,area_trajectory,grain,,1788674760000.0,,3.26891125471517
2026-09-06T23:55:03+00:00,area_trajectory,grain,,1788674880000.0,,3.26891125471517
2026-09-06T23:55:03+00:00,area_trajectory,grain,,1788675000000.0,,3.26891125471517
2026-09-06T23:55:03+00:00,area_trajectory,grain,,1788675120000.0,,3.26891125471517
2026-09-06T23:55:03+00:00,area_trajectory,grain,,1788675240000.0,,3.2099128416292397
2026-09-06T23:55:03+00:00,area_trajectory,grain,,1788675360000.0,,3.2099128416292397
2026-09-06T23:55:03+00:00,area_trajectory,grain,,1788675480000.0,,3.19178503401205
2026-09-06T23:55:03+00:00,area_trajectory,grain,,1788675600000.0,,3.19178503401205
2026-09-06T23:55:03+00:00,area_trajectory,grain,,1788675720000.0,,3.22837060530111
2026-09-06T23:55:03+00:00,area_trajectory,grain,,1788675840000.0,,3.22837060530111
2026-09-06T23:55:03+00:00,area_trajectory,grain,,1788675960000.0,,3.21057238752767
2026-09-06T23:55:03+00:00,area_trajectory,grain,,1788676080000.0,,3.21057238752767
2026-09-06T23:55:03+00:00,area_trajectory,grain,,1788676200000.0,,3.25012426741049
2026-09-06T23:55:03+00:00,area_trajectory,grain,,1788676320000.0,,3.25012426741049
2026-09-06T23:55:03+00:00,area_trajectory,grain,,1788676440000.0,,3.2290297849886103
2026-09-06T23:55:03+00:00,area_trajectory,grain,,1788676560000.0,,3.2290297849886103
2026-09-06T23:55:03+00:00,area_trajectory,grain,,1788676680000.0,,3.2471579588167403
2026-09-06T23:55:03+00:00,area_trajectory,grain,,1788676800000.0,,3.2471579588167403
2026-09-06T23:55:03+00:00,area_trajectory,grain,,1788676920000.0,,3.28605065901205
2026-09-06T23:55:03+00:00,area_trajectory,grain,,1788677040000.0,,3.28605065901205
2026-09-06T23:55:03+00:00,area_trajectory,grain,,1788677160000.0,,3.22870019514486
2026-09-06T23:55:03+00:00,area_trajectory,grain,,1788677280000.0,,3.22870019514486
2026-09-06T23:55:03+00:00,area_trajectory,grain,,1788677400000.0,,3.2468283689729898
2026-09-06T23:55:03+00:00,area_trajectory,grain,,1788677520000.0,,3.2468283689729898
2026-09-06T23:55:03+00:00,area_trajectory,grain,,1788677640000.0,,3.22474511701986
2026-09-06T23:55:03+00:00,area_trajectory,grain,,1788677760000.0,,3.22474511701986
2026-09-06T23:55:03+00:00,area_trajectory,grain,,1788677880000.0,,3.2046394041292396
2026-09-06T23:55:03+00:00,area_trajectory,grain,,1788678000000.0,,3.2046394041292396
2026-09-06T23:55:03+00:00,area_trajectory,grain,,1788678120000.0,,3.2046394041292396
2026-09-06T23:55:03+00:00,area_trajectory,grain,,1788678240000.0,,3.2629786375276697
2026-09-06T23:55:03+00:00,area_trajectory,grain,,1788678360000.0,,3.2445208738558
2026-09-06T23:55:03+00:00,area_trajectory,grain,,1788678480000.0,,3.2445208738558
2026-09-06T23:55:03+00:00,area_trajectory,grain,,1788678600000.0,,3.2445208738558
2026-09-06T23:55:03+00:00,area_trajectory,grain,,1788678720000.0,,3.2445208738558
2026-09-06T23:55:03+00:00,area_trajectory,grain,,1788678840000.0,,3.26034191877767
2026-09-06T23:55:03+00:00,area_trajectory,grain,,1788678960000.0,,3.26034191877767
2026-09-06T23:55:03+00:00,area_trajectory,grain,,1788679080000.0,,3.20299145491049
2026-09-06T23:55:03+00:00,area_trajectory,grain,,1788679200000.0,,3.20299145491049
2026-09-06T23:55:03+00:00,area_trajectory,grain,,1788679320000.0,,3.27978808576986
2026-09-06T23:55:03+00:00,area_trajectory,grain,,1788679440000.0,,3.27978808576986
2026-09-06T23:55:03+00:00,area_trajectory,grain,,1788679560000.0,,3.2184825437776703
2026-09-06T23:55:03+00:00,area_trajectory,grain,,1788679680000.0,,3.2184825437776703
2026-09-06T23:55:03+00:00,area_trajectory,grain,,1788679800000.0,,3.2184825437776703
2026-09-06T23:55:03+00:00,area_trajectory,grain,,1788679920000.0,,3.2184825437776703
2026-09-06T23:55:03+00:00,area_trajectory,grain,,1788680040000.0,,3.19903637678549
2026-09-06T23:55:03+00:00,area_trajectory,grain,,1788680160000.0,,3.19903637678549
2026-09-06T23:55:03+00:00,area_trajectory,grain,,1788680280000.0,,3.2399066160433
2026-09-06T23:55:03+00:00,area_trajectory,grain,,1788680400000.0,,3.2399066160433
2026-09-06T23:55:03+00:00,area_trajectory,grain,,1788680520000.0,,3.20068432600424
2026-09-06T23:55:03+00:00,area_trajectory,grain,,1788680640000.0,,3.20068432600424
2026-09-06T23:55:03+00:00,area_trajectory,grain,,1788680760000.0,,3.2567160642854898
2026-09-06T23:55:03+00:00,area_trajectory,grain,,1788680880000.0,,3.2567160642854898
2026-09-06T23:55:03+00:00,area_trajectory,grain,,1788681000000.0,,3.2745146482698595
2026-09-06T23:55:03+00:00,area_trajectory,grain,,1788681120000.0,,3.2745146482698595
2026-09-06T23:55:03+00:00,area_trajectory,grain,,1788681240000.0,,3.1960697019808
2026-09-06T23:55:03+00:00,area_trajectory,grain,,1788681360000.0,,3.1960697019808
2026-09-06T23:55:03+00:00,area_trajectory,grain,,1788681480000.0,,3.25638647444174
2026-09-06T23:55:03+00:00,area_trajectory,grain,,1788681600000.0,,3.25638647444174
2026-09-06T23:55:03+00:00,area_trajectory,grain,,1788681720000.0,,3.25638647444174
2026-09-06T23:55:03+00:00,area_trajectory,grain,,1788681840000.0,,3.2916536863558004
2026-09-06T23:55:03+00:00,area_trajectory,grain,,1788681960000.0,,3.2916536863558004
2026-09-06T23:55:03+00:00,area_trajectory,grain,,1788682080000.0,,3.2916536863558004
2026-09-06T23:55:03+00:00,area_trajectory,grain,,1788682200000.0,,3.2916536863558004
2026-09-06T23:55:03+00:00,area_trajectory,grain,,1788682320000.0,,3.2916536863558004
2026-09-06T23:55:03+00:00,area_trajectory,grain,,1788682440000.0,,3.2916536863558004
2026-09-06T23:55:03+00:00,area_trajectory,grain,,1788682560000.0,,3.2916536863558004
2026-09-06T23:55:03+00:00,area_trajectory,grain,,1788682680000.0,,3.2916536863558004
2026-09-06T23:55:03+00:00,area_trajectory,grain,,1788682800000.0,,3.20958325178549
2026-09-06T23:55:03+00:00,area_trajectory,grain,,1788682920000.0,,3.20958325178549
2026-09-06T23:55:03+00:00,area_trajectory,grain,,1788683040000.0,,3.20958325178549
2026-09-06T23:55:03+00:00,area_trajectory,grain,,1788683160000.0,,3.20958325178549
2026-09-06T23:55:03+00:00,area_trajectory,grain,,1788683280000.0,,3.20958325178549
2026-09-06T23:55:03+00:00,area_trajectory,grain,,1788683400000.0,,3.2616602781526702
2026-09-06T23:55:03+00:00,area_trajectory,grain,,1788683520000.0,,3.2616602781526702
2026-09-06T23:55:03+00:00,area_trajectory,grain,,1788683640000.0,,3.22441552717611
2026-09-06T23:55:03+00:00,area_trajectory,grain,,1788683760000.0,,3.22441552717611
2026-09-06T23:55:03+00:00,area_trajectory,grain,,1788683880000.0,,3.1614616697542397
2026-09-06T23:55:03+00:00,area_trajectory,grain,,1788684000000.0,,3.1614616697542397
2026-09-06T23:55:03+00:00,area_trajectory,grain,,1788684120000.0,,3.21782336409017
2026-09-06T23:55:03+00:00,area_trajectory,grain,,1788684240000.0,,3.21782336409017
2026-09-06T23:55:03+00:00,area_trajectory,grain,,1788684360000.0,,3.14531140119955
2026-09-06T23:55:03+00:00,area_trajectory,grain,,1788684480000.0,,3.14531140119955
2026-09-06T23:55:03+00:00,area_trajectory,grain,,1788684600000.0,,3.1861820066683
2026-09-06T23:55:03+00:00,area_trajectory,grain,,1788684720000.0,,3.1861820066683
2026-09-06T23:55:03+00:00,area_trajectory,grain,,1788684840000.0,,3.1456409910433
2026-09-06T23:55:03+00:00,area_trajectory,grain,,1788684960000.0,,3.1456409910433
2026-09-06T23:55:03+00:00,area_trajectory,grain,,1788685080000.0,,3.1456409910433
2026-09-06T23:55:03+00:00,area_trajectory,grain,,1788685200000.0,,3.1456409910433
2026-09-06T23:55:03+00:00,area_trajectory,grain,,1788685320000.0,,3.1456409910433
2026-09-06T23:55:03+00:00,area_trajectory,grain,,1788685440000.0,,3.19969555647299
2026-09-06T23:55:03+00:00,area_trajectory,grain,,1788685560000.0,,3.21683459455892
2026-09-06T23:55:03+00:00,area_trajectory,grain,,1788685680000.0,,3.21683459455892
2026-09-06T23:55:03+00:00,area_trajectory,grain,,1788685800000.0,,3.23364404280111
2026-09-06T23:55:03+00:00,area_trajectory,grain,,1788685920000.0,,3.23364404280111
2026-09-06T23:55:03+00:00,area_trajectory,grain,,1788686040000.0,,3.2530905760042397
2026-09-06T23:55:03+00:00,area_trajectory,grain,,1788686160000.0,,3.2530905760042397
2026-09-06T23:55:03+00:00,area_trajectory,grain,,1788686280000.0,,3.1733272703401703
2026-09-06T23:55:03+00:00,area_trajectory,grain,,1788686400000.0,,3.1733272703401703
2026-09-06T23:55:03+00:00,area_trajectory,grain,,1788686520000.0,,3.26858166487142
2026-09-06T23:55:03+00:00,area_trajectory,grain,,1788686640000.0,,3.26858166487142
2026-09-06T23:55:03+00:00,area_trajectory,grain,,1788686760000.0,,3.24649877912924
2026-09-06T23:55:03+00:00,area_trajectory,grain,,1788686880000.0,,3.24649877912924
2026-09-06T23:55:03+00:00,area_trajectory,grain,,1788687000000.0,,3.24649877912924
2026-09-06T23:55:03+00:00,area_trajectory,grain,,1788687120000.0,,3.24649877912924
2026-09-06T23:55:03+00:00,area_trajectory,grain,,1788687240000.0,,3.2224379881136103
2026-09-06T23:55:03+00:00,area_trajectory,grain,,1788687360000.0,,3.2224379881136103
2026-09-06T23:55:03+00:00,area_trajectory,grain,,1788687480000.0,,3.29890502912924
2026-09-06T23:55:03+00:00,area_trajectory,grain,,1788687600000.0,,3.29890502912924
2026-09-06T23:55:03+00:00,area_trajectory,grain,,1788687720000.0,,3.2402362058870504
2026-09-06T23:55:03+00:00,area_trajectory,grain,,1788687840000.0,,3.2402362058870504
2026-09-06T23:55:03+00:00,area_trajectory,grain,,1788687960000.0,,3.2207896726839196
2026-09-06T23:55:03+00:00,area_trajectory,grain,,1788688080000.0,,3.2207896726839196
2026-09-06T23:55:03+00:00,area_trajectory,grain,,1788688200000.0,,3.28011767561361
2026-09-06T23:55:03+00:00,area_trajectory,grain,,1788688320000.0,,3.28011767561361
2026-09-06T23:55:03+00:00,area_trajectory,grain,,1788688440000.0,,3.2593531492464196
2026-09-06T23:55:03+00:00,area_trajectory,grain,,1788688560000.0,,3.2593531492464196
2026-09-06T23:55:03+00:00,area_trajectory,grain,,1788688680000.0,,3.21947131330892
2026-09-06T23:55:03+00:00,area_trajectory,grain,,1788688800000.0,,3.21947131330892
2026-09-06T23:55:03+00:00,area_trajectory,grain,,1788688920000.0,,3.21947131330892
2026-09-06T23:55:03+00:00,area_trajectory,grain,,1788689040000.0,,3.27781054670736
2026-09-06T23:55:03+00:00,area_trajectory,grain,,1788689160000.0,,3.2382586668245503
2026-09-06T23:55:03+00:00,area_trajectory,grain,,1788689280000.0,,3.2382586668245503
2026-09-06T23:55:03+00:00,area_trajectory,grain,,1788689400000.0,,3.2764921873323605
2026-09-06T23:55:03+00:00,area_trajectory,grain,,1788689520000.0,,3.2764921873323605
2026-09-06T23:55:03+00:00,area_trajectory,grain,,1788689640000.0,,3.2764921873323605
2026-09-06T23:55:03+00:00,area_trajectory,grain,,1788689760000.0,,3.2764921873323605
2026-09-06T23:55:03+00:00,area_trajectory,grain,,1788689880000.0,,3.2764921873323605
2026-09-06T23:55:03+00:00,area_trajectory,grain,,1788690000000.0,,3.2764921873323605
2026-09-06T23:55:03+00:00,area_trajectory,grain,,1788690120000.0,,3.21386828596517
2026-09-06T23:55:03+00:00,area_trajectory,grain,,1788690240000.0,,3.21386828596517
2026-09-06T23:55:03+00:00,area_trajectory,grain,,1788690360000.0,,3.23364404280111
2026-09-06T23:55:03+00:00,area_trajectory,grain,,1788690480000.0,,3.23364404280111
2026-09-06T23:55:03+00:00,area_trajectory,grain,,1788690600000.0,,3.1927738035433
2026-09-06T23:55:03+00:00,area_trajectory,grain,,1788690720000.0,,3.1927738035433
2026-09-06T23:55:03+00:00,area_trajectory,grain,,1788690840000.0,,3.1927738035433
2026-09-06T23:55:03+00:00,area_trajectory,grain,,1788690960000.0,,3.1927738035433
2026-09-06T23:55:03+00:00,area_trajectory,grain,,1788691080000.0,,3.25111303694174
2026-09-06T23:55:03+00:00,area_trajectory,grain,,1788691200000.0,,3.25111303694174
2026-09-06T23:55:03+00:00,area_trajectory,grain,,1788691320000.0,,3.1904666746370496
2026-09-06T23:55:03+00:00,area_trajectory,grain,,1788691440000.0,,3.1904666746370496
2026-09-06T23:55:03+00:00,area_trajectory,grain,,1788691560000.0,,3.2221083982698597
2026-09-06T23:55:03+00:00,area_trajectory,grain,,1788691680000.0,,3.2221083982698597
2026-09-06T23:55:03+00:00,area_trajectory,grain,,1788691800000.0,,3.2412249754183002
2026-09-06T23:55:03+00:00,area_trajectory,grain,,1788691920000.0,,3.2412249754183002
2026-09-06T23:55:03+00:00,area_trajectory,grain,,1788692040000.0,,3.1657467039339195
2026-09-06T23:55:03+00:00,area_trajectory,grain,,1788692160000.0,,3.1657467039339195
2026-09-06T23:55:03+00:00,area_trajectory,grain,,1788692280000.0,,3.2214488523714198
2026-09-06T23:55:03+00:00,area_trajectory,grain,,1788692400000.0,,3.2214488523714198
2026-09-06T23:55:03+00:00,area_trajectory,grain,,1788692520000.0,,3.2214488523714198
2026-09-06T23:55:03+00:00,area_trajectory,grain,,1788692640000.0,,3.16212121565267
2026-09-06T23:55:03+00:00,area_trajectory,grain,,1788692760000.0,,3.18090820295736
2026-09-06T23:55:03+00:00,area_trajectory,grain,,1788692880000.0,,3.18090820295736
2026-09-06T23:55:03+00:00,area_trajectory,grain,,1788693000000.0,,3.19903637678549
2026-09-06T23:55:03+00:00,area_trajectory,grain,,1788693120000.0,,3.19903637678549
2026-09-06T23:55:03+00:00,area_trajectory,grain,,1788693240000.0,,3.1614616697542397
2026-09-06T23:55:03+00:00,area_trajectory,grain,,1788693360000.0,,3.1614616697542397
2026-09-06T23:55:03+00:00,area_trajectory,grain,,1788693480000.0,,3.17958984358236
2026-09-06T23:55:03+00:00,area_trajectory,grain,,1788693600000.0,,3.17958984358236
2026-09-06T23:55:03+00:00,area_trajectory,grain,,1788693720000.0,,3.23759948713705
2026-09-06T23:55:03+00:00,area_trajectory,grain,,1788693840000.0,,3.23759948713705
2026-09-06T23:55:03+00:00,area_trajectory,grain,,1788693960000.0,,3.17958984358236
2026-09-06T23:55:03+00:00,area_trajectory,grain,,1788694080000.0,,3.17958984358236
2026-09-06T23:55:03+00:00,area_trajectory,grain,,1788694200000.0,,3.17958984358236
2026-09-06T23:55:03+00:00,area_trajectory,grain,,1788694320000.0,,3.17958984358236
2026-09-06T23:55:03+00:00,area_trajectory,grain,,1788694440000.0,,3.25638647444174
2026-09-06T23:55:03+00:00,area_trajectory,grain,,1788694560000.0,,3.25638647444174
2026-09-06T23:55:03+00:00,area_trajectory,grain,,1788694680000.0,,3.1973880613558
2026-09-06T23:55:03+00:00,area_trajectory,grain,,1788694800000.0,,3.1973880613558
2026-09-06T23:55:03+00:00,area_trajectory,grain,,1788694920000.0,,3.21452746565267
2026-09-06T23:55:03+00:00,area_trajectory,grain,,1788695040000.0,,3.21452746565267
2026-09-06T23:55:03+00:00,area_trajectory,grain,,1788695160000.0,,3.2346331785433002
2026-09-06T23:55:03+00:00,area_trajectory,grain,,1788695280000.0,,3.2346331785433002
2026-09-06T23:55:03+00:00,area_trajectory,grain,,1788695400000.0,,3.2346331785433002
2026-09-06T23:55:03+00:00,area_trajectory,grain,,1788695520000.0,,3.2346331785433002
2026-09-06T23:55:03+00:00,area_trajectory,grain,,1788695640000.0,,3.1383900144808003
2026-09-06T23:55:03+00:00,area_trajectory,grain,,1788695760000.0,,3.1383900144808003
2026-09-06T23:55:03+00:00,area_trajectory,grain,,1788695880000.0,,3.23364404280111
2026-09-06T23:55:03+00:00,area_trajectory,grain,,1788696000000.0,,3.23364404280111
2026-09-06T23:55:03+00:00,area_trajectory,grain,,1788696120000.0,,3.23364404280111
2026-09-06T23:55:03+00:00,area_trajectory,grain,,1788696240000.0,,3.1947513426058
2026-09-06T23:55:03+00:00,area_trajectory,grain,,1788696360000.0,,3.17431640608236
2026-09-06T23:55:03+00:00,area_trajectory,grain,,1788696480000.0,,3.17431640608236
2026-09-06T23:55:03+00:00,area_trajectory,grain,,1788696600000.0,,3.19178503401205
2026-09-06T23:55:03+00:00,area_trajectory,grain,,1788696720000.0,,3.19178503401205
2026-09-06T23:55:03+00:00,area_trajectory,grain,,1788696840000.0,,3.26726330549642
2026-09-06T23:55:03+00:00,area_trajectory,grain,,1788696960000.0,,3.26726330549642
2026-09-06T23:55:03+00:00,area_trajectory,grain,,1788697080000.0,,3.18848913557455
2026-09-06T23:55:03+00:00,area_trajectory,grain,,1788697200000.0,,3.18848913557455
2026-09-06T23:55:03+00:00,area_trajectory,grain,,1788697320000.0,,3.16970178205892
2026-09-06T23:55:03+00:00,area_trajectory,grain,,1788697440000.0,,3.16970178205892
2026-09-06T23:55:03+00:00,area_trajectory,grain,,1788697560000.0,,3.26726330549642
2026-09-06T23:55:03+00:00,area_trajectory,grain,,1788697680000.0,,3.26726330549642
2026-09-06T23:55:03+00:00,area_trajectory,grain,,1788697800000.0,,3.2082648924104897
2026-09-06T23:55:03+00:00,area_trajectory,grain,,1788697920000.0,,3.2082648924104897
2026-09-06T23:55:03+00:00,area_trajectory,grain,,1788698040000.0,,3.2260634763948604
2026-09-06T23:55:03+00:00,area_trajectory,grain,,1788698160000.0,,3.2260634763948604
2026-09-06T23:55:03+00:00,area_trajectory,grain,,1788698280000.0,,3.26462658674642
2026-09-06T23:55:03+00:00,area_trajectory,grain,,1788698400000.0,,3.26462658674642
2026-09-06T23:55:03+00:00,area_trajectory,grain,,1788698520000.0,,3.1881595457308
2026-09-06T23:55:03+00:00,area_trajectory,grain,,1788698640000.0,,3.1881595457308
2026-09-06T23:55:03+00:00,area_trajectory,grain,,1788698760000.0,,3.22573388655111
2026-09-06T23:55:03+00:00,area_trajectory,grain,,1788698880000.0,,3.22573388655111
2026-09-06T23:55:03+00:00,area_trajectory,grain,,1788699000000.0,,3.20496899397299
2026-09-06T23:55:03+00:00,area_trajectory,grain,,1788699120000.0,,3.20496899397299
2026-09-06T23:55:03+00:00,area_trajectory,grain,,1788699240000.0,,3.20496899397299
2026-09-06T23:55:03+00:00,area_trajectory,grain,,1788699360000.0,,3.20496899397299
2026-09-06T23:55:03+00:00,area_trajectory,grain,,1788699480000.0,,3.20496899397299
2026-09-06T23:55:03+00:00,area_trajectory,grain,,1788699600000.0,,3.20496899397299
2026-09-06T23:55:03+00:00,area_trajectory,grain,,1788699720000.0,,3.20496899397299
2026-09-06T23:55:03+00:00,area_trajectory,grain,,1788699840000.0,,3.22474511701986
2026-09-06T23:55:03+00:00,area_trajectory,grain,,1788699960000.0,,3.22474511701986
2026-09-06T23:55:03+00:00,area_trajectory,grain,,1788700080000.0,,3.22474511701986
2026-09-06T23:55:03+00:00,area_trajectory,grain,,1788700200000.0,,3.22474511701986
2026-09-06T23:55:03+00:00,area_trajectory,grain,,1788700320000.0,,3.22474511701986
2026-09-06T23:55:03+00:00,area_trajectory,grain,,1788700440000.0,,3.22474511701986
2026-09-06T23:55:03+00:00,area_trajectory,grain,,1788700560000.0,,3.22474511701986
2026-09-06T23:55:03+00:00,area_trajectory,grain,,1788700680000.0,,3.26363781721517
2026-09-06T23:55:03+00:00,area_trajectory,grain,,1788700800000.0,,3.26363781721517
2026-09-06T23:55:03+00:00,area_trajectory,grain,,1788700920000.0,,3.2056281736604904
2026-09-06T23:55:03+00:00,area_trajectory,grain,,1788701040000.0,,3.2056281736604904
2026-09-06T23:55:03+00:00,area_trajectory,grain,,1788701160000.0,,3.2056281736604904
2026-09-06T23:55:03+00:00,area_trajectory,grain,,1788701280000.0,,3.2056281736604904
2026-09-06T23:55:03+00:00,area_trajectory,grain,,1788701400000.0,,3.22804101545736
2026-09-06T23:55:03+00:00,area_trajectory,grain,,1788701520000.0,,3.22804101545736
2026-09-06T23:55:03+00:00,area_trajectory,grain,,1788701640000.0,,3.22804101545736
2026-09-06T23:55:03+00:00,area_trajectory,grain,,1788701760000.0,,3.22804101545736
2026-09-06T23:55:03+00:00,area_trajectory,grain,,1788701880000.0,,3.2468283689729898
2026-09-06T23:55:03+00:00,area_trajectory,grain,,1788702000000.0,,3.2468283689729898
2026-09-06T23:55:03+00:00,area_trajectory,grain,,1788702120000.0,,3.2062873533479896
2026-09-06T23:55:03+00:00,area_trajectory,grain,,1788702240000.0,,3.2062873533479896
2026-09-06T23:55:03+00:00,area_trajectory,grain,,1788702360000.0,,3.22474511701986
2026-09-06T23:55:03+00:00,area_trajectory,grain,,1788702480000.0,,3.22474511701986
2026-09-06T23:55:03+00:00,area_trajectory,grain,,1788702600000.0,,3.18717077619955
2026-09-06T23:55:03+00:00,area_trajectory,grain,,1788702720000.0,,3.18717077619955
2026-09-06T23:55:03+00:00,area_trajectory,grain,,1788702840000.0,,3.26264904768392
2026-09-06T23:55:03+00:00,area_trajectory,grain,,1788702960000.0,,3.26264904768392
2026-09-06T23:55:03+00:00,area_trajectory,grain,,1788703080000.0,,3.2056281736604904
2026-09-06T23:55:03+00:00,area_trajectory,grain,,1788703200000.0,,3.2056281736604904
2026-09-06T23:55:03+00:00,area_trajectory,grain,,1788703320000.0,,3.2056281736604904
2026-09-06T23:55:03+00:00,area_trajectory,grain,,1788703440000.0,,3.2230971678011096
2026-09-06T23:55:03+00:00,area_trajectory,grain,,1788703560000.0,,3.20332104475424
2026-09-06T23:55:03+00:00,area_trajectory,grain,,1788703680000.0,,3.20332104475424
2026-09-06T23:55:03+00:00,area_trajectory,grain,,1788703800000.0,,3.22177844221517
2026-09-06T23:55:03+00:00,area_trajectory,grain,,1788703920000.0,,3.22177844221517
2026-09-06T23:55:03+00:00,area_trajectory,grain,,1788704040000.0,,3.20332104475424
2026-09-06T23:55:03+00:00,area_trajectory,grain,,1788704160000.0,,3.20332104475424
2026-09-06T23:55:03+00:00,area_trajectory,grain,,1788704280000.0,,3.2412249754183002
2026-09-06T23:55:03+00:00,area_trajectory,grain,,1788704400000.0,,3.2412249754183002
2026-09-06T23:55:03+00:00,area_trajectory,grain,,1788704520000.0,,3.28077685530111
2026-09-06T23:55:03+00:00,area_trajectory,grain,,1788704640000.0,,3.28077685530111
2026-09-06T23:55:03+00:00,area_trajectory,grain,,1788704760000.0,,3.2230971678011096
2026-09-06T23:55:03+00:00,area_trajectory,grain,,1788704880000.0,,3.2230971678011096
2026-09-06T23:55:03+00:00,area_trajectory,grain,,1788705000000.0,,3.2428729246370502
2026-09-06T23:55:03+00:00,area_trajectory,grain,,1788705120000.0,,3.2428729246370502
2026-09-06T23:55:03+00:00,area_trajectory,grain,,1788705240000.0,,3.2039802244417404
2026-09-06T23:55:03+00:00,area_trajectory,grain,,1788705360000.0,,3.2039802244417404
2026-09-06T23:55:03+00:00,area_trajectory,grain,,1788705480000.0,,3.2039802244417404
2026-09-06T23:55:03+00:00,area_trajectory,grain,,1788705600000.0,,3.2039802244417404
2026-09-06T23:55:03+00:00,area_trajectory,grain,,1788705720000.0,,3.24353210432455
2026-09-06T23:55:03+00:00,area_trajectory,grain,,1788705840000.0,,3.24353210432455
2026-09-06T23:55:03+00:00,area_trajectory,grain,,1788705960000.0,,3.2629786375276697
2026-09-06T23:55:03+00:00,area_trajectory,grain,,1788706080000.0,,3.2629786375276697
2026-09-06T23:55:03+00:00,area_trajectory,grain,,1788706200000.0,,3.2629786375276697
2026-09-06T23:55:03+00:00,area_trajectory,grain,,1788706320000.0,,3.2629786375276697
2026-09-06T23:55:03+00:00,area_trajectory,grain,,1788706440000.0,,3.22540429670736
2026-09-06T23:55:03+00:00,area_trajectory,grain,,1788706560000.0,,3.22540429670736
2026-09-06T23:55:03+00:00,area_trajectory,grain,,1788706680000.0,,3.20793530256674
2026-09-06T23:55:03+00:00,area_trajectory,grain,,1788706800000.0,,3.20793530256674
2026-09-06T23:55:03+00:00,area_trajectory,grain,,1788706920000.0,,3.20793530256674
2026-09-06T23:55:03+00:00,area_trajectory,grain,,1788707040000.0,,3.20727612287924
2026-09-06T23:55:03+00:00,area_trajectory,grain,,1788707160000.0,,3.20727612287924
2026-09-06T23:55:03+00:00,area_trajectory,grain,,1788707280000.0,,3.20727612287924
2026-09-06T23:55:03+00:00,area_trajectory,grain,,1788707400000.0,,3.22507470686361
2026-09-06T23:55:03+00:00,area_trajectory,grain,,1788707520000.0,,3.22507470686361
2026-09-06T23:55:03+00:00,area_trajectory,grain,,1788707640000.0,,3.22507470686361
2026-09-06T23:55:03+00:00,area_trajectory,grain,,1788707760000.0,,3.22507470686361
2026-09-06T23:55:03+00:00,area_trajectory,grain,,1788707880000.0,,3.2629786375276697
2026-09-06T23:55:03+00:00,area_trajectory,grain,,1788708000000.0,,3.2629786375276697
2026-09-06T23:55:03+00:00,area_trajectory,grain,,1788708120000.0,,3.2817656248323597
2026-09-06T23:55:03+00:00,area_trajectory,grain,,1788708240000.0,,3.2817656248323597
2026-09-06T23:55:03+00:00,area_trajectory,grain,,1788708360000.0,,3.18651159651205
2026-09-06T23:55:03+00:00,area_trajectory,grain,,1788708480000.0,,3.18651159651205
2026-09-06T23:55:03+00:00,area_trajectory,grain,,1788708600000.0,,3.24221374494955
2026-09-06T23:55:03+00:00,area_trajectory,grain,,1788708720000.0,,3.24221374494955
2026-09-06T23:55:03+00:00,area_trajectory,grain,,1788708840000.0,,3.26067150862142
2026-09-06T23:55:03+00:00,area_trajectory,grain,,1788708960000.0,,3.26067150862142
2026-09-06T23:55:03+00:00,area_trajectory,grain,,1788709080000.0,,3.26067150862142
2026-09-06T23:55:03+00:00,area_trajectory,grain,,1788709200000.0,,3.26067150862142
2026-09-06T23:55:03+00:00,area_trajectory,grain,,1788709320000.0,,3.20332104475424
2026-09-06T23:55:03+00:00,area_trajectory,grain,,1788709440000.0,,3.20332104475424
2026-09-06T23:55:03+00:00,area_trajectory,grain,,1788709560000.0,,3.2230971678011096
2026-09-06T23:55:03+00:00,area_trajectory,grain,,1788709680000.0,,3.2230971678011096
2026-09-06T23:55:03+00:00,area_trajectory,grain,,1788709800000.0,,3.2230971678011096
2026-09-06T23:55:03+00:00,area_trajectory,grain,,1788709920000.0,,3.2230971678011096
2026-09-06T23:55:03+00:00,area_trajectory,grain,,1788710040000.0,,3.2771513670198598
2026-09-06T23:55:03+00:00,area_trajectory,grain,,1788710160000.0,,3.2771513670198598
2026-09-06T23:55:03+00:00,area_trajectory,grain,,1788710280000.0,,3.21947131330892
2026-09-06T23:55:03+00:00,area_trajectory,grain,,1788710400000.0,,3.21947131330892
2026-09-06T23:55:03+00:00,area_trajectory,grain,,1788710520000.0,,3.21947131330892
2026-09-06T23:55:03+00:00,area_trajectory,grain,,1788710640000.0,,3.2184825437776703
2026-09-06T23:55:03+00:00,area_trajectory,grain,,1788710760000.0,,3.2570456541292403
2026-09-06T23:55:03+00:00,area_trajectory,grain,,1788710880000.0,,3.2570456541292403
2026-09-06T23:55:03+00:00,area_trajectory,grain,,1788711000000.0,,3.2352923582308
2026-09-06T23:55:03+00:00,area_trajectory,grain,,1788711120000.0,,3.2352923582308
2026-09-06T23:55:03+00:00,area_trajectory,grain,,1788711240000.0,,3.2132091062776698
2026-09-06T23:55:03+00:00,area_trajectory,grain,,1788711360000.0,,3.2132091062776698
2026-09-06T23:55:03+00:00,area_trajectory,grain,,1788711480000.0,,3.24979467756674
2026-09-06T23:55:03+00:00,area_trajectory,grain,,1788711600000.0,,3.24979467756674
2026-09-06T23:55:03+00:00,area_trajectory,grain,,1788711720000.0,,3.20892407209799
2026-09-06T23:55:03+00:00,area_trajectory,grain,,1788711840000.0,,3.20892407209799
2026-09-06T23:55:03+00:00,area_trajectory,grain,,1788711960000.0,,3.20892407209799
2026-09-06T23:55:03+00:00,area_trajectory,grain,,1788712080000.0,,3.20892407209799
2026-09-06T23:55:03+00:00,area_trajectory,grain,,1788712200000.0,,3.20892407209799
2026-09-06T23:55:03+00:00,area_trajectory,grain,,1788712320000.0,,3.20892407209799
2026-09-06T23:55:03+00:00,area_trajectory,grain,,1788712440000.0,,3.26100109846517
2026-09-06T23:55:03+00:00,area_trajectory,grain,,1788712560000.0,,3.26100109846517
2026-09-06T23:55:03+00:00,area_trajectory,grain,,1788712680000.0,,3.23891784651205
2026-09-06T23:55:03+00:00,area_trajectory,grain,,1788712800000.0,,3.23891784651205
2026-09-06T23:55:03+00:00,area_trajectory,grain,,1788712920000.0,,3.2570456541292403
2026-09-06T23:55:03+00:00,area_trajectory,grain,,1788713040000.0,,3.2570456541292403
2026-09-06T23:55:03+00:00,area_trajectory,grain,,1788713160000.0,,3.23562194807455
2026-09-06T23:55:03+00:00,area_trajectory,grain,,1788713280000.0,,3.23562194807455
2026-09-06T23:55:03+00:00,area_trajectory,grain,,1788713400000.0,,3.23562194807455
2026-09-06T23:55:03+00:00,area_trajectory,grain,,1788713520000.0,,3.23562194807455
2026-09-06T23:55:03+00:00,area_trajectory,grain,,1788713640000.0,,3.23562194807455
2026-09-06T23:55:03+00:00,area_trajectory,grain,,1788713760000.0,,3.23562194807455
2026-09-06T23:55:03+00:00,area_trajectory,grain,,1788713880000.0,,3.2514426267854897
2026-09-06T23:55:03+00:00,area_trajectory,grain,,1788714000000.0,,3.2514426267854897
2026-09-06T23:55:03+00:00,area_trajectory,grain,,1788714120000.0,,3.2514426267854897
2026-09-06T23:55:03+00:00,area_trajectory,grain,,1788714240000.0,,3.2125499265901696
2026-09-06T23:55:03+00:00,area_trajectory,grain,,1788714360000.0,,3.2125499265901696
2026-09-06T23:55:03+00:00,area_trajectory,grain,,1788714480000.0,,3.2125499265901696
2026-09-06T23:55:03+00:00,area_trajectory,grain,,1788714600000.0,,3.22705224592611
2026-09-06T23:55:03+00:00,area_trajectory,grain,,1788714720000.0,,3.22705224592611
2026-09-06T23:55:03+00:00,area_trajectory,grain,,1788714840000.0,,3.22705224592611
2026-09-06T23:55:03+00:00,area_trajectory,grain,,1788714960000.0,,3.22705224592611
2026-09-06T23:55:03+00:00,area_trajectory,grain,,1788715080000.0,,3.22705224592611
2026-09-06T23:55:03+00:00,area_trajectory,grain,,1788715200000.0,,3.22705224592611
2026-09-06T23:55:03+00:00,area_trajectory,grain,,1788715320000.0,,3.21650500471517
2026-09-06T23:55:03+00:00,area_trajectory,grain,,1788715440000.0,,3.21650500471517
2026-09-06T23:55:03+00:00,area_trajectory,grain,,1788715560000.0,,3.21650500471517
2026-09-06T23:55:03+00:00,area_trajectory,grain,,1788715680000.0,,3.21650500471517
2026-09-06T23:55:03+00:00,area_trajectory,grain,,1788715800000.0,,3.2705595701448598
2026-09-06T23:55:03+00:00,area_trajectory,grain,,1788715920000.0,,3.2705595701448598
2026-09-06T23:55:03+00:00,area_trajectory,grain,,1788716040000.0,,3.2837435301058
2026-09-06T23:55:03+00:00,area_trajectory,grain,,1788716160000.0,,3.2837435301058
2026-09-06T23:55:03+00:00,area_trajectory,grain,,1788716280000.0,,3.22474511701986
2026-09-06T23:55:03+00:00,area_trajectory,grain,,1788716400000.0,,3.22474511701986
2026-09-06T23:55:03+00:00,area_trajectory,grain,,1788716520000.0,,3.22474511701986
2026-09-06T23:55:03+00:00,area_trajectory,grain,,1788716640000.0,,3.22474511701986
2026-09-06T23:55:03+00:00,area_trajectory,grain,,1788716760000.0,,3.25737524397299
2026-09-06T23:55:03+00:00,area_trajectory,grain,,1788716880000.0,,3.25737524397299
2026-09-06T23:55:03+00:00,area_trajectory,grain,,1788717000000.0,,3.2161754148714197
2026-09-06T23:55:03+00:00,area_trajectory,grain,,1788717120000.0,,3.2161754148714197
2026-09-06T23:55:03+00:00,area_trajectory,grain,,1788717240000.0,,3.2313369138948596
2026-09-06T23:55:03+00:00,area_trajectory,grain,,1788717360000.0,,3.2313369138948596
2026-09-06T23:55:03+00:00,area_trajectory,grain,,1788717480000.0,,3.21057238752767
2026-09-06T23:55:03+00:00,area_trajectory,grain,,1788717600000.0,,3.21057238752767
2026-09-06T23:55:03+00:00,area_trajectory,grain,,1788717720000.0,,3.21057238752767
2026-09-06T23:55:03+00:00,area_trajectory,grain,,1788717840000.0,,3.30154174787924
2026-09-06T23:55:03+00:00,area_trajectory,grain,,1788717960000.0,,3.1861820066683
2026-09-06T23:55:03+00:00,area_trajectory,grain,,1788718080000.0,,3.1861820066683
2026-09-06T23:55:03+00:00,area_trajectory,grain,,1788718200000.0,,3.2586939695589203
2026-09-06T23:55:03+00:00,area_trajectory,grain,,1788718320000.0,,3.2586939695589203
2026-09-06T23:55:03+00:00,area_trajectory,grain,,1788718440000.0,,3.27385546858236
2026-09-06T23:55:03+00:00,area_trajectory,grain,,1788718560000.0,,3.27385546858236
2026-09-06T23:55:03+00:00,area_trajectory,grain,,1788718680000.0,,3.1954105222933
2026-09-06T23:55:03+00:00,area_trajectory,grain,,1788718800000.0,,3.1954105222933
2026-09-06T23:55:03+00:00,area_trajectory,grain,,1788718920000.0,,3.2109019773714205
2026-09-06T23:55:03+00:00,area_trajectory,grain,,1788719040000.0,,3.2109019773714205
2026-09-06T23:55:03+00:00,area_trajectory,grain,,1788719160000.0,,3.2109019773714205
2026-09-06T23:55:03+00:00,area_trajectory,grain,,1788719280000.0,,3.2109019773714205
2026-09-06T23:55:03+00:00,area_trajectory,grain,,1788719400000.0,,3.18651159651205
2026-09-06T23:55:03+00:00,area_trajectory,grain,,1788719520000.0,,3.18651159651205
2026-09-06T23:55:03+00:00,area_trajectory,grain,,1788719640000.0,,3.2382586668245503
2026-09-06T23:55:03+00:00,area_trajectory,grain,,1788719760000.0,,3.2382586668245503
2026-09-06T23:55:03+00:00,area_trajectory,grain,,1788719880000.0,,3.2184825437776703
2026-09-06T23:55:03+00:00,area_trajectory,grain,,1788720000000.0,,3.2184825437776703
2026-09-06T23:55:03+00:00,area_trajectory,grain,,1788720120000.0,,3.27121874983236
2026-09-06T23:55:03+00:00,area_trajectory,grain,,1788720240000.0,,3.27121874983236
2026-09-06T23:55:03+00:00,area_trajectory,grain,,1788720360000.0,,3.2850618894808004
2026-09-06T23:55:03+00:00,area_trajectory,grain,,1788720480000.0,,3.2850618894808004
2026-09-06T23:55:03+00:00,area_trajectory,grain,,1788720600000.0,,3.20793530256674
2026-09-06T23:55:03+00:00,area_trajectory,grain,,1788720720000.0,,3.20793530256674
2026-09-06T23:55:03+00:00,area_trajectory,grain,,1788720840000.0,,3.29725707991049
2026-09-06T23:55:03+00:00,area_trajectory,grain,,1788720960000.0,,3.29725707991049
2026-09-06T23:55:03+00:00,area_trajectory,grain,,1788721080000.0,,3.2016730955354897
2026-09-06T23:55:03+00:00,area_trajectory,grain,,1788721200000.0,,3.2016730955354897
2026-09-06T23:55:03+00:00,area_trajectory,grain,,1788721320000.0,,3.2016730955354897
2026-09-06T23:55:03+00:00,area_trajectory,grain,,1788721440000.0,,3.25638647444174
2026-09-06T23:55:03+00:00,area_trajectory,grain,,1788721560000.0,,3.2352923582308
2026-09-06T23:55:03+00:00,area_trajectory,grain,,1788721680000.0,,3.2352923582308
2026-09-06T23:55:03+00:00,area_trajectory,grain,,1788721800000.0,,3.21222033674642
2026-09-06T23:55:03+00:00,area_trajectory,grain,,1788721920000.0,,3.21222033674642
2026-09-06T23:55:03+00:00,area_trajectory,grain,,1788722040000.0,,3.21222033674642
2026-09-06T23:55:03+00:00,area_trajectory,grain,,1788722160000.0,,3.21222033674642
2026-09-06T23:55:03+00:00,area_trajectory,grain,,1788722280000.0,,3.21222033674642
2026-09-06T23:55:03+00:00,area_trajectory,grain,,1788722400000.0,,3.21222033674642
2026-09-06T23:55:03+00:00,area_trajectory,grain,,1788722520000.0,,3.2214488523714198
2026-09-06T23:55:03+00:00,area_trajectory,grain,,1788722640000.0,,3.2214488523714198
2026-09-06T23:55:03+00:00,area_trajectory,grain,,1788722760000.0,,3.19936596662924
2026-09-06T23:55:03+00:00,area_trajectory,grain,,1788722880000.0,,3.19936596662924
2026-09-06T23:55:03+00:00,area_trajectory,grain,,1788723000000.0,,3.2890169676058
2026-09-06T23:55:03+00:00,area_trajectory,grain,,1788723120000.0,,3.2890169676058
2026-09-06T23:55:03+00:00,area_trajectory,grain,,1788723240000.0,,3.23001855451986
2026-09-06T23:55:03+00:00,area_trajectory,grain,,1788723360000.0,,3.23001855451986
2026-09-06T23:55:03+00:00,area_trajectory,grain,,1788723480000.0,,3.30351928694174
2026-09-06T23:55:03+00:00,area_trajectory,grain,,1788723600000.0,,3.30351928694174
2026-09-06T23:55:03+00:00,area_trajectory,grain,,1788723720000.0,,3.26034191877767
2026-09-06T23:55:03+00:00,area_trajectory,grain,,1788723840000.0,,3.26034191877767
2026-09-06T23:55:03+00:00,area_trajectory,grain,,1788723960000.0,,3.2385882566683
2026-09-06T23:55:03+00:00,area_trajectory,grain,,1788724080000.0,,3.2385882566683
2026-09-06T23:55:03+00:00,area_trajectory,grain,,1788724200000.0,,3.21947131330892
2026-09-06T23:55:03+00:00,area_trajectory,grain,,1788724320000.0,,3.21947131330892
2026-09-06T23:55:03+00:00,area_trajectory,grain,,1788724440000.0,,3.21947131330892
2026-09-06T23:55:03+00:00,area_trajectory,grain,,1788724560000.0,,3.21947131330892
2026-09-06T23:55:03+00:00,area_trajectory,grain,,1788724680000.0,,3.21947131330892
2026-09-06T23:55:03+00:00,area_trajectory,grain,,1788724800000.0,,3.21947131330892
2026-09-06T23:55:03+00:00,area_trajectory,grain,,1788724920000.0,,3.21947131330892
2026-09-06T23:55:03+00:00,area_trajectory,grain,,1788725040000.0,,3.2675928953401696
2026-09-06T23:55:03+00:00,area_trajectory,grain,,1788725160000.0,,3.2675928953401696
2026-09-06T23:55:03+00:00,area_trajectory,grain,,1788725280000.0,,3.2675928953401696
2026-09-06T23:55:03+00:00,area_trajectory,grain,,1788725400000.0,,3.22540429670736
2026-09-06T23:55:03+00:00,area_trajectory,grain,,1788725520000.0,,3.22540429670736
2026-09-06T23:55:03+00:00,area_trajectory,grain,,1788725640000.0,,3.22540429670736
2026-09-06T23:55:03+00:00,area_trajectory,grain,,1788725760000.0,,3.22540429670736
2026-09-06T23:55:03+00:00,area_trajectory,grain,,1788725880000.0,,3.2755034178011098
2026-09-06T23:55:03+00:00,area_trajectory,grain,,1788726000000.0,,3.2755034178011098
2026-09-06T23:55:03+00:00,area_trajectory,grain,,1788726120000.0,,3.2372698972932996
2026-09-06T23:55:03+00:00,area_trajectory,grain,,1788726240000.0,,3.2372698972932996
2026-09-06T23:55:03+00:00,area_trajectory,grain,,1788726360000.0,,3.1799194334261096
2026-09-06T23:55:03+00:00,area_trajectory,grain,,1788726480000.0,,3.1799194334261096
2026-09-06T23:55:03+00:00,area_trajectory,grain,,1788726600000.0,,3.21353869612142
2026-09-06T23:55:03+00:00,area_trajectory,grain,,1788726720000.0,,3.21353869612142
2026-09-06T23:55:03+00:00,area_trajectory,grain,,1788726840000.0,,3.2290297849886103
2026-09-06T23:55:03+00:00,area_trajectory,grain,,1788726960000.0,,3.2290297849886103
2026-09-06T23:55:03+00:00,area_trajectory,grain,,1788727080000.0,,3.2290297849886103
2026-09-06T23:55:03+00:00,area_trajectory,grain,,1788727200000.0,,3.2290297849886103
2026-09-06T23:55:03+00:00,area_trajectory,grain,,1788727320000.0,,3.2062873533479896
2026-09-06T23:55:03+00:00,area_trajectory,grain,,1788727440000.0,,3.2062873533479896
2026-09-06T23:55:03+00:00,area_trajectory,grain,,1788727560000.0,,3.2062873533479896
2026-09-06T23:55:03+00:00,area_trajectory,grain,,1788727680000.0,,3.2062873533479896
2026-09-06T23:55:03+00:00,area_trajectory,grain,,1788727800000.0,,3.2764921873323605
2026-09-06T23:55:03+00:00,area_trajectory,grain,,1788727920000.0,,3.2764921873323605
2026-09-06T23:55:03+00:00,area_trajectory,grain,,1788728040000.0,,3.2003547361604903
2026-09-06T23:55:03+00:00,area_trajectory,grain,,1788728160000.0,,3.2003547361604903
2026-09-06T23:55:03+00:00,area_trajectory,grain,,1788728280000.0,,3.23562194807455
2026-09-06T23:55:03+00:00,area_trajectory,grain,,1788728400000.0,,3.23562194807455
2026-09-06T23:55:03+00:00,area_trajectory,grain,,1788728520000.0,,3.23562194807455
2026-09-06T23:55:03+00:00,area_trajectory,grain,,1788728640000.0,,3.19903637678549
2026-09-06T23:55:03+00:00,area_trajectory,grain,,1788728760000.0,,3.23397363264486
2026-09-06T23:55:03+00:00,area_trajectory,grain,,1788728880000.0,,3.23397363264486
2026-09-06T23:55:03+00:00,area_trajectory,grain,,1788729000000.0,,3.16245080549642
2026-09-06T23:55:03+00:00,area_trajectory,grain,,1788729120000.0,,3.16245080549642
2026-09-06T23:55:03+00:00,area_trajectory,grain,,1788729240000.0,,3.26891125471517
2026-09-06T23:55:03+00:00,area_trajectory,grain,,1788729360000.0,,3.26891125471517
2026-09-06T23:55:03+00:00,area_trajectory,grain,,1788729480000.0,,3.19705847151205
2026-09-06T23:55:03+00:00,area_trajectory,grain,,1788729600000.0,,3.19705847151205
2026-09-06T23:55:03+00:00,area_trajectory,grain,,1788729720000.0,,3.2705595701448598
2026-09-06T23:55:03+00:00,area_trajectory,grain,,1788729840000.0,,3.2705595701448598
2026-09-06T23:55:03+00:00,area_trajectory,grain,,1788729960000.0,,3.2161754148714197
2026-09-06T23:55:03+00:00,area_trajectory,grain,,1788730080000.0,,3.2161754148714197
2026-09-06T23:55:03+00:00,area_trajectory,grain,,1788730200000.0,,3.23496276838705
2026-09-06T23:55:03+00:00,area_trajectory,grain,,1788730320000.0,,3.23496276838705
2026-09-06T23:55:03+00:00,area_trajectory,grain,,1788730440000.0,,3.27187792951986
2026-09-06T23:55:03+00:00,area_trajectory,grain,,1788730560000.0,,3.27187792951986
2026-09-06T23:55:03+00:00,area_trajectory,grain,,1788730680000.0,,3.21749377424642
2026-09-06T23:55:03+00:00,area_trajectory,grain,,1788730800000.0,,3.21749377424642
2026-09-06T23:55:03+00:00,area_trajectory,grain,,1788730920000.0,,3.21749377424642
2026-09-06T23:55:03+00:00,area_trajectory,grain,,1788731040000.0,,3.21749377424642
2026-09-06T23:55:03+00:00,area_trajectory,grain,,1788731160000.0,,3.27484423811361
2026-09-06T23:55:03+00:00,area_trajectory,grain,,1788731280000.0,,3.27484423811361
2026-09-06T23:55:03+00:00,area_trajectory,grain,,1788731400000.0,,3.18486328108236
2026-09-06T23:55:03+00:00,area_trajectory,grain,,1788731520000.0,,3.18486328108236
2026-09-06T23:55:03+00:00,area_trajectory,grain,,1788731640000.0,,3.2046394041292396
2026-09-06T23:55:03+00:00,area_trajectory,grain,,1788731760000.0,,3.2046394041292396
2026-09-06T23:55:03+00:00,area_trajectory,grain,,1788731880000.0,,3.27912890608236
2026-09-06T23:55:03+00:00,area_trajectory,grain,,1788732000000.0,,3.27912890608236
2026-09-06T23:55:03+00:00,area_trajectory,grain,,1788732120000.0,,3.27912890608236
2026-09-06T23:55:03+00:00,area_trajectory,grain,,1788732240000.0,,3.1881595457308
2026-09-06T23:55:03+00:00,area_trajectory,grain,,1788732360000.0,,3.1881595457308
2026-09-06T23:55:03+00:00,area_trajectory,grain,,1788732480000.0,,3.1881595457308
2026-09-06T23:55:03+00:00,area_trajectory,grain,,1788732600000.0,,3.1881595457308
2026-09-06T23:55:03+00:00,area_trajectory,grain,,1788732720000.0,,3.1881595457308
2026-09-06T23:55:03+00:00,area_trajectory,grain,,1788732840000.0,,3.2659449461214205
2026-09-06T23:55:03+00:00,area_trajectory,grain,,1788732960000.0,,3.2659449461214205
2026-09-06T23:55:03+00:00,area_trajectory,grain,,1788733080000.0,,3.25012426741049
2026-09-06T23:55:03+00:00,area_trajectory,grain,,1788733200000.0,,3.25012426741049
2026-09-06T23:55:03+00:00,area_trajectory,grain,,1788733320000.0,,3.1950809324495495
2026-09-06T23:55:03+00:00,area_trajectory,grain,,1788733440000.0,,3.1950809324495495
2026-09-06T23:55:03+00:00,area_trajectory,grain,,1788733560000.0,,3.2695704344026697
2026-09-06T23:55:03+00:00,area_trajectory,grain,,1788733680000.0,,3.2695704344026697
2026-09-06T23:55:03+00:00,area_trajectory,grain,,1788733800000.0,,3.2003547361604903
2026-09-06T23:55:03+00:00,area_trajectory,grain,,1788733920000.0,,3.2003547361604903
2026-09-06T23:55:03+00:00,area_trajectory,grain,,1788734040000.0,,3.2553977049104903
2026-09-06T23:55:03+00:00,area_trajectory,grain,,1788734160000.0,,3.2553977049104903
2026-09-06T23:55:03+00:00,area_trajectory,grain,,1788734280000.0,,3.2198009031526698
2026-09-06T23:55:03+00:00,area_trajectory,grain,,1788734400000.0,,3.2198009031526698
2026-09-06T23:55:03+00:00,area_trajectory,grain,,1788734520000.0,,3.2412249754183002
2026-09-06T23:55:03+00:00,area_trajectory,grain,,1788734640000.0,,3.2412249754183002
2026-09-06T23:55:03+00:00,area_trajectory,grain,,1788734760000.0,,3.22474511701986
2026-09-06T23:55:03+00:00,area_trajectory,grain,,1788734880000.0,,3.22474511701986
2026-09-06T23:55:03+00:00,area_trajectory,grain,,1788735000000.0,,3.2455096433870496
2026-09-06T23:55:03+00:00,area_trajectory,grain,,1788735120000.0,,3.2455096433870496
2026-09-06T23:55:03+00:00,area_trajectory,grain,,1788735240000.0,,3.2092536619417396
2026-09-06T23:55:03+00:00,area_trajectory,grain,,1788735360000.0,,3.2092536619417396
2026-09-06T23:55:03+00:00,area_trajectory,grain,,1788735480000.0,,3.1746459959261104
2026-09-06T23:55:03+00:00,area_trajectory,grain,,1788735600000.0,,3.1746459959261104
2026-09-06T23:55:03+00:00,area_trajectory,grain,,1788735720000.0,,3.1746459959261104
2026-09-06T23:55:03+00:00,area_trajectory,grain,,1788735840000.0,,3.27022998030111
2026-09-06T23:55:03+00:00,area_trajectory,grain,,1788735960000.0,,3.12454650862142
2026-09-06T23:55:03+00:00,area_trajectory,grain,,1788736080000.0,,3.12454650862142
2026-09-06T23:55:03+00:00,area_trajectory,grain,,1788736200000.0,,3.2553977049104903
2026-09-06T23:55:03+00:00,area_trajectory,grain,,1788736320000.0,,3.2553977049104903
2026-09-06T23:55:03+00:00,area_trajectory,grain,,1788736440000.0,,3.20365063459799
2026-09-06T23:55:03+00:00,area_trajectory,grain,,1788736560000.0,,3.20365063459799
2026-09-06T23:55:03+00:00,area_trajectory,grain,,1788736680000.0,,3.2428729246370502
2026-09-06T23:55:03+00:00,area_trajectory,grain,,1788736800000.0,,3.2428729246370502
2026-09-06T23:55:03+00:00,area_trajectory,grain,,1788736920000.0,,3.20892407209799
2026-09-06T23:55:03+00:00,area_trajectory,grain,,1788737040000.0,,3.20892407209799
2026-09-06T23:55:03+00:00,area_trajectory,grain,,1788737160000.0,,3.1940921629182997
2026-09-06T23:55:03+00:00,area_trajectory,grain,,1788737280000.0,,3.1940921629182997
2026-09-06T23:55:03+00:00,area_trajectory,grain,,1788737400000.0,,3.21419787580892
2026-09-06T23:55:03+00:00,area_trajectory,grain,,1788737520000.0,,3.21419787580892
2026-09-06T23:55:03+00:00,area_trajectory,grain,,1788737640000.0,,3.19837719709799
2026-09-06T23:55:03+00:00,area_trajectory,grain,,1788737760000.0,,3.19837719709799
2026-09-06T23:55:03+00:00,area_trajectory,grain,,1788737880000.0,,3.23562194807455
2026-09-06T23:55:03+00:00,area_trajectory,grain,,1788738000000.0,,3.23562194807455
2026-09-06T23:55:03+00:00,area_trajectory,grain,,1788738120000.0,,3.1855224607698602
2026-09-06T23:55:03+00:00,area_trajectory,grain,,1788738240000.0,,3.1855224607698602
2026-09-06T23:55:03+00:00,area_trajectory,grain,,1788738360000.0,,3.20694653303549
2026-09-06T23:55:03+00:00,area_trajectory,grain,,1788738480000.0,,3.20694653303549
2026-09-06T23:55:03+00:00,area_trajectory,grain,,1788738600000.0,,3.2438616941683
2026-09-06T23:55:03+00:00,area_trajectory,grain,,1788738720000.0,,3.2438616941683
2026-09-06T23:55:03+00:00,area_trajectory,grain,,1788738840000.0,,3.2099128416292397
2026-09-06T23:55:03+00:00,area_trajectory,grain,,1788738960000.0,,3.2099128416292397
2026-09-06T23:55:03+00:00,area_trajectory,grain,,1788739080000.0,,3.2099128416292397
2026-09-06T23:55:03+00:00,area_trajectory,grain,,1788739200000.0,,3.2099128416292397
2026-09-06T23:55:03+00:00,area_trajectory,grain,,1788739320000.0,,3.2099128416292397
2026-09-06T23:55:03+00:00,area_trajectory,grain,,1788739440000.0,,3.1960697019808
2026-09-06T23:55:03+00:00,area_trajectory,grain,,1788739560000.0,,3.16212121565267
2026-09-06T23:55:03+00:00,area_trajectory,grain,,1788739680000.0,,3.16212121565267
2026-09-06T23:55:03+00:00,area_trajectory,grain,,1788739800000.0,,3.25770483381674
2026-09-06T23:55:03+00:00,area_trajectory,grain,,1788739920000.0,,3.25770483381674
2026-09-06T23:55:03+00:00,area_trajectory,grain,,1788740040000.0,,3.20430981428549
2026-09-06T23:55:03+00:00,area_trajectory,grain,,1788740160000.0,,3.20430981428549
2026-09-06T23:55:03+00:00,area_trajectory,grain,,1788740280000.0,,3.1888187254183
2026-09-06T23:55:03+00:00,area_trajectory,grain,,1788740400000.0,,3.1888187254183
2026-09-06T23:55:03+00:00,area_trajectory,grain,,1788740520000.0,,3.2484763181917398
2026-09-06T23:55:03+00:00,area_trajectory,grain,,1788740640000.0,,3.2484763181917398
2026-09-06T23:55:03+00:00,area_trajectory,grain,,1788740760000.0,,3.19376257307455
2026-09-06T23:55:03+00:00,area_trajectory,grain,,1788740880000.0,,3.19376257307455
2026-09-06T23:55:03+00:00,area_trajectory,grain,,1788741000000.0,,3.2343035886995497
2026-09-06T23:55:03+00:00,area_trajectory,grain,,1788741120000.0,,3.2343035886995497
2026-09-06T23:55:03+00:00,area_trajectory,grain,,1788741240000.0,,3.19870678694174
2026-09-06T23:55:03+00:00,area_trajectory,grain,,1788741360000.0,,3.19870678694174
2026-09-06T23:55:03+00:00,area_trajectory,grain,,1788741480000.0,,3.19870678694174
2026-09-06T23:55:03+00:00,area_trajectory,grain,,1788741600000.0,,3.19870678694174
2026-09-06T23:55:03+00:00,area_trajectory,grain,,1788741720000.0,,3.25968273909017
2026-09-06T23:55:03+00:00,area_trajectory,grain,,1788741840000.0,,3.25968273909017
2026-09-06T23:55:03+00:00,area_trajectory,grain,,1788741960000.0,,3.25968273909017
2026-09-06T23:55:03+00:00,area_trajectory,milford_haven,,1788670800000.0,,4.9684133529663095
2026-09-06T23:55:03+00:00,area_trajectory,milford_haven,,1788670920000.0,,4.9684133529663095
2026-09-06T23:55:03+00:00,area_trajectory,milford_haven,,1788671040000.0,,4.99526977539062
2026-09-06T23:55:03+00:00,area_trajectory,milford_haven,,1788671160000.0,,4.99526977539062
2026-09-06T23:55:03+00:00,area_trajectory,milford_haven,,1788671280000.0,,4.99526977539062
2026-09-06T23:55:03+00:00,area_trajectory,milford_haven,,1788671400000.0,,4.99526977539062
2026-09-06T23:55:03+00:00,area_trajectory,milford_haven,,1788671520000.0,,4.99526977539062
2026-09-06T23:55:03+00:00,area_trajectory,milford_haven,,1788671640000.0,,4.99526977539062
2026-09-06T23:55:03+00:00,area_trajectory,milford_haven,,1788671760000.0,,4.99526977539062
2026-09-06T23:55:03+00:00,area_trajectory,milford_haven,,1788671880000.0,,4.99526977539062
2026-09-06T23:55:03+00:00,area_trajectory,milford_haven,,1788672000000.0,,4.99526977539062
2026-09-06T23:55:03+00:00,area_trajectory,milford_haven,,1788672120000.0,,4.99526977539062
2026-09-06T23:55:03+00:00,area_trajectory,milford_haven,,1788672240000.0,,4.99526977539062
2026-09-06T23:55:03+00:00,area_trajectory,milford_haven,,1788672360000.0,,4.99526977539062
2026-09-06T23:55:03+00:00,area_trajectory,milford_haven,,1788672480000.0,,4.99526977539062
2026-09-06T23:55:03+00:00,area_trajectory,milford_haven,,1788672600000.0,,4.99526977539062
2026-09-06T23:55:03+00:00,area_trajectory,milford_haven,,1788672720000.0,,4.99526977539062
2026-09-06T23:55:03+00:00,area_trajectory,milford_haven,,1788672840000.0,,4.99526977539062
2026-09-06T23:55:03+00:00,area_trajectory,milford_haven,,1788672960000.0,,4.99526977539062
2026-09-06T23:55:03+00:00,area_trajectory,milford_haven,,1788673080000.0,,4.99526977539062
2026-09-06T23:55:03+00:00,area_trajectory,milford_haven,,1788673200000.0,,4.99526977539062
2026-09-06T23:55:03+00:00,area_trajectory,milford_haven,,1788673320000.0,,4.99526977539062
2026-09-06T23:55:03+00:00,area_trajectory,milford_haven,,1788673440000.0,,4.99526977539062
2026-09-06T23:55:03+00:00,area_trajectory,milford_haven,,1788673560000.0,,4.99526977539062
2026-09-06T23:55:03+00:00,area_trajectory,milford_haven,,1788673680000.0,,4.99526977539062
2026-09-06T23:55:03+00:00,area_trajectory,milford_haven,,1788673800000.0,,4.99526977539062
2026-09-06T23:55:03+00:00,area_trajectory,milford_haven,,1788673920000.0,,4.99526977539062
2026-09-06T23:55:03+00:00,area_trajectory,milford_haven,,1788674040000.0,,4.99526977539062
2026-09-06T23:55:03+00:00,area_trajectory,milford_haven,,1788674160000.0,,4.99526977539062
2026-09-06T23:55:03+00:00,area_trajectory,milford_haven,,1788674280000.0,,4.99526977539062
2026-09-06T23:55:03+00:00,area_trajectory,milford_haven,,1788674400000.0,,4.99526977539062
2026-09-06T23:55:03+00:00,area_trajectory,milford_haven,,1788674520000.0,,4.99526977539062
2026-09-06T23:55:03+00:00,area_trajectory,milford_haven,,1788674640000.0,,4.99771118164062
2026-09-06T23:55:03+00:00,area_trajectory,milford_haven,,1788674760000.0,,4.99771118164062
2026-09-06T23:55:03+00:00,area_trajectory,milford_haven,,1788674880000.0,,4.99771118164062
2026-09-06T23:55:03+00:00,area_trajectory,milford_haven,,1788675000000.0,,4.99771118164062
2026-09-06T23:55:03+00:00,area_trajectory,milford_haven,,1788675120000.0,,4.99771118164062
2026-09-06T23:55:03+00:00,area_trajectory,milford_haven,,1788675240000.0,,4.99771118164062
2026-09-06T23:55:03+00:00,area_trajectory,milford_haven,,1788675360000.0,,4.99771118164062
2026-09-06T23:55:03+00:00,area_trajectory,milford_haven,,1788675480000.0,,4.99771118164062
2026-09-06T23:55:03+00:00,area_trajectory,milford_haven,,1788675600000.0,,4.99771118164062
2026-09-06T23:55:03+00:00,area_trajectory,milford_haven,,1788675720000.0,,4.99771118164062
2026-09-06T23:55:03+00:00,area_trajectory,milford_haven,,1788675840000.0,,4.99771118164062
2026-09-06T23:55:03+00:00,area_trajectory,milford_haven,,1788675960000.0,,4.99771118164062
2026-09-06T23:55:03+00:00,area_trajectory,milford_haven,,1788676080000.0,,4.99771118164062
2026-09-06T23:55:03+00:00,area_trajectory,milford_haven,,1788676200000.0,,4.99771118164062
2026-09-06T23:55:03+00:00,area_trajectory,milford_haven,,1788676320000.0,,4.99771118164062
2026-09-06T23:55:03+00:00,area_trajectory,milford_haven,,1788676440000.0,,4.99771118164062
2026-09-06T23:55:03+00:00,area_trajectory,milford_haven,,1788676560000.0,,4.99771118164062
2026-09-06T23:55:03+00:00,area_trajectory,milford_haven,,1788676680000.0,,4.99771118164062
2026-09-06T23:55:03+00:00,area_trajectory,milford_haven,,1788676800000.0,,4.99771118164062
2026-09-06T23:55:03+00:00,area_trajectory,milford_haven,,1788676920000.0,,4.99771118164062
2026-09-06T23:55:03+00:00,area_trajectory,milford_haven,,1788677040000.0,,4.99771118164062
2026-09-06T23:55:03+00:00,area_trajectory,milford_haven,,1788677160000.0,,4.99771118164062
2026-09-06T23:55:03+00:00,area_trajectory,milford_haven,,1788677280000.0,,4.99771118164062
2026-09-06T23:55:03+00:00,area_trajectory,milford_haven,,1788677400000.0,,4.99771118164062
2026-09-06T23:55:03+00:00,area_trajectory,milford_haven,,1788677520000.0,,4.99771118164062
2026-09-06T23:55:03+00:00,area_trajectory,milford_haven,,1788677640000.0,,4.99771118164062
2026-09-06T23:55:03+00:00,area_trajectory,milford_haven,,1788677760000.0,,4.99771118164062
2026-09-06T23:55:03+00:00,area_trajectory,milford_haven,,1788677880000.0,,4.99771118164062
2026-09-06T23:55:03+00:00,area_trajectory,milford_haven,,1788678000000.0,,4.99771118164062
2026-09-06T23:55:03+00:00,area_trajectory,milford_haven,,1788678120000.0,,4.99771118164062
2026-09-06T23:55:03+00:00,area_trajectory,milford_haven,,1788678240000.0,,4.9635305404663095
2026-09-06T23:55:03+00:00,area_trajectory,milford_haven,,1788678360000.0,,4.9635305404663095
2026-09-06T23:55:03+00:00,area_trajectory,milford_haven,,1788678480000.0,,4.9635305404663095
2026-09-06T23:55:03+00:00,area_trajectory,milford_haven,,1788678600000.0,,4.9635305404663095
2026-09-06T23:55:03+00:00,area_trajectory,milford_haven,,1788678720000.0,,4.9635305404663095
2026-09-06T23:55:03+00:00,area_trajectory,milford_haven,,1788678840000.0,,4.9635305404663095
2026-09-06T23:55:03+00:00,area_trajectory,milford_haven,,1788678960000.0,,4.9635305404663095
2026-09-06T23:55:03+00:00,area_trajectory,milford_haven,,1788679080000.0,,4.9635305404663095
2026-09-06T23:55:03+00:00,area_trajectory,milford_haven,,1788679200000.0,,4.9635305404663095
2026-09-06T23:55:03+00:00,area_trajectory,milford_haven,,1788679320000.0,,4.9635305404663095
2026-09-06T23:55:03+00:00,area_trajectory,milford_haven,,1788679440000.0,,4.9635305404663095
2026-09-06T23:55:03+00:00,area_trajectory,milford_haven,,1788679560000.0,,4.9635305404663095
2026-09-06T23:55:03+00:00,area_trajectory,milford_haven,,1788679680000.0,,4.9635305404663095
2026-09-06T23:55:03+00:00,area_trajectory,milford_haven,,1788679800000.0,,4.9635305404663095
2026-09-06T23:55:03+00:00,area_trajectory,milford_haven,,1788679920000.0,,4.9635305404663095
2026-09-06T23:55:03+00:00,area_trajectory,milford_haven,,1788680040000.0,,4.9635305404663095
2026-09-06T23:55:03+00:00,area_trajectory,milford_haven,,1788680160000.0,,4.9635305404663095
2026-09-06T23:55:03+00:00,area_trajectory,milford_haven,,1788680280000.0,,4.9635305404663095
2026-09-06T23:55:03+00:00,area_trajectory,milford_haven,,1788680400000.0,,4.9635305404663095
2026-09-06T23:55:03+00:00,area_trajectory,milford_haven,,1788680520000.0,,4.9635305404663095
2026-09-06T23:55:03+00:00,area_trajectory,milford_haven,,1788680640000.0,,4.9635305404663095
2026-09-06T23:55:03+00:00,area_trajectory,milford_haven,,1788680760000.0,,4.9635305404663095
2026-09-06T23:55:03+00:00,area_trajectory,milford_haven,,1788680880000.0,,4.9635305404663095
2026-09-06T23:55:03+00:00,area_trajectory,milford_haven,,1788681000000.0,,4.9635305404663095
2026-09-06T23:55:03+00:00,area_trajectory,milford_haven,,1788681120000.0,,4.9635305404663095
2026-09-06T23:55:03+00:00,area_trajectory,milford_haven,,1788681240000.0,,4.9635305404663095
2026-09-06T23:55:03+00:00,area_trajectory,milford_haven,,1788681360000.0,,4.9635305404663095
2026-09-06T23:55:03+00:00,area_trajectory,milford_haven,,1788681480000.0,,4.9635305404663095
2026-09-06T23:55:03+00:00,area_trajectory,milford_haven,,1788681600000.0,,4.9635305404663095
2026-09-06T23:55:03+00:00,area_trajectory,milford_haven,,1788681720000.0,,4.9635305404663095
2026-09-06T23:55:03+00:00,area_trajectory,milford_haven,,1788681840000.0,,4.9659719467163095
2026-09-06T23:55:03+00:00,area_trajectory,milford_haven,,1788681960000.0,,4.9659719467163095
2026-09-06T23:55:03+00:00,area_trajectory,milford_haven,,1788682080000.0,,4.9659719467163095
2026-09-06T23:55:03+00:00,area_trajectory,milford_haven,,1788682200000.0,,4.9659719467163095
2026-09-06T23:55:03+00:00,area_trajectory,milford_haven,,1788682320000.0,,4.9659719467163095
2026-09-06T23:55:03+00:00,area_trajectory,milford_haven,,1788682440000.0,,4.9659719467163095
2026-09-06T23:55:03+00:00,area_trajectory,milford_haven,,1788682560000.0,,4.9659719467163095
2026-09-06T23:55:03+00:00,area_trajectory,milford_haven,,1788682680000.0,,4.9659719467163095
2026-09-06T23:55:03+00:00,area_trajectory,milford_haven,,1788682800000.0,,4.9659719467163095
2026-09-06T23:55:03+00:00,area_trajectory,milford_haven,,1788682920000.0,,4.9659719467163095
2026-09-06T23:55:03+00:00,area_trajectory,milford_haven,,1788683040000.0,,4.9659719467163095
2026-09-06T23:55:03+00:00,area_trajectory,milford_haven,,1788683160000.0,,4.9659719467163095
2026-09-06T23:55:03+00:00,area_trajectory,milford_haven,,1788683280000.0,,4.9659719467163095
2026-09-06T23:55:03+00:00,area_trajectory,milford_haven,,1788683400000.0,,4.9659719467163095
2026-09-06T23:55:03+00:00,area_trajectory,milford_haven,,1788683520000.0,,4.9659719467163095
2026-09-06T23:55:03+00:00,area_trajectory,milford_haven,,1788683640000.0,,4.9659719467163095
2026-09-06T23:55:03+00:00,area_trajectory,milford_haven,,1788683760000.0,,4.9659719467163095
2026-09-06T23:55:03+00:00,area_trajectory,milford_haven,,1788683880000.0,,4.9659719467163095
2026-09-06T23:55:03+00:00,area_trajectory,milford_haven,,1788684000000.0,,4.9659719467163095
2026-09-06T23:55:03+00:00,area_trajectory,milford_haven,,1788684120000.0,,4.9659719467163095
2026-09-06T23:55:03+00:00,area_trajectory,milford_haven,,1788684240000.0,,4.9659719467163095
2026-09-06T23:55:03+00:00,area_trajectory,milford_haven,,1788684360000.0,,4.88051986694336
2026-09-06T23:55:03+00:00,area_trajectory,milford_haven,,1788684480000.0,,4.88051986694336
2026-09-06T23:55:03+00:00,area_trajectory,milford_haven,,1788684600000.0,,4.88051986694336
2026-09-06T23:55:03+00:00,area_trajectory,milford_haven,,1788684720000.0,,5.03433322906494
2026-09-06T23:55:03+00:00,area_trajectory,milford_haven,,1788684840000.0,,5.03433322906494
2026-09-06T23:55:03+00:00,area_trajectory,milford_haven,,1788684960000.0,,5.03433322906494
2026-09-06T23:55:03+00:00,area_trajectory,milford_haven,,1788685080000.0,,5.03433322906494
2026-09-06T23:55:03+00:00,area_trajectory,milford_haven,,1788685200000.0,,5.03433322906494
2026-09-06T23:55:03+00:00,area_trajectory,milford_haven,,1788685320000.0,,5.03433322906494
2026-09-06T23:55:03+00:00,area_trajectory,milford_haven,,1788685440000.0,,4.90249347686768
2026-09-06T23:55:03+00:00,area_trajectory,milford_haven,,1788685560000.0,,4.90249347686768
2026-09-06T23:55:03+00:00,area_trajectory,milford_haven,,1788685680000.0,,4.90249347686768
2026-09-06T23:55:03+00:00,area_trajectory,milford_haven,,1788685800000.0,,4.90249347686768
2026-09-06T23:55:03+00:00,area_trajectory,milford_haven,,1788685920000.0,,4.90249347686768
2026-09-06T23:55:03+00:00,area_trajectory,milford_haven,,1788686040000.0,,4.90249347686768
2026-09-06T23:55:03+00:00,area_trajectory,milford_haven,,1788686160000.0,,4.90249347686768
2026-09-06T23:55:03+00:00,area_trajectory,milford_haven,,1788686280000.0,,4.90249347686768
2026-09-06T23:55:03+00:00,area_trajectory,milford_haven,,1788686400000.0,,4.90249347686768
2026-09-06T23:55:03+00:00,area_trajectory,milford_haven,,1788686520000.0,,4.90249347686768
2026-09-06T23:55:03+00:00,area_trajectory,milford_haven,,1788686640000.0,,4.90249347686768
2026-09-06T23:55:03+00:00,area_trajectory,milford_haven,,1788686760000.0,,4.90249347686768
2026-09-06T23:55:03+00:00,area_trajectory,milford_haven,,1788686880000.0,,4.90249347686768
2026-09-06T23:55:03+00:00,area_trajectory,milford_haven,,1788687000000.0,,4.90249347686768
2026-09-06T23:55:03+00:00,area_trajectory,milford_haven,,1788687120000.0,,4.90249347686768
2026-09-06T23:55:03+00:00,area_trajectory,milford_haven,,1788687240000.0,,4.90249347686768
2026-09-06T23:55:03+00:00,area_trajectory,milford_haven,,1788687360000.0,,4.90249347686768
2026-09-06T23:55:03+00:00,area_trajectory,milford_haven,,1788687480000.0,,4.90249347686768
2026-09-06T23:55:03+00:00,area_trajectory,milford_haven,,1788687600000.0,,4.90249347686768
2026-09-06T23:55:03+00:00,area_trajectory,milford_haven,,1788687720000.0,,4.90249347686768
2026-09-06T23:55:03+00:00,area_trajectory,milford_haven,,1788687840000.0,,4.90249347686768
2026-09-06T23:55:03+00:00,area_trajectory,milford_haven,,1788687960000.0,,4.90249347686768
2026-09-06T23:55:03+00:00,area_trajectory,milford_haven,,1788688080000.0,,5.0709557533264205
2026-09-06T23:55:03+00:00,area_trajectory,milford_haven,,1788688200000.0,,5.0709557533264205
2026-09-06T23:55:03+00:00,area_trajectory,milford_haven,,1788688320000.0,,5.0709557533264205
2026-09-06T23:55:03+00:00,area_trajectory,milford_haven,,1788688440000.0,,4.88540315628052
2026-09-06T23:55:03+00:00,area_trajectory,milford_haven,,1788688560000.0,,4.88540315628052
2026-09-06T23:55:03+00:00,area_trajectory,milford_haven,,1788688680000.0,,4.88540315628052
2026-09-06T23:55:03+00:00,area_trajectory,milford_haven,,1788688800000.0,,4.88540315628052
2026-09-06T23:55:03+00:00,area_trajectory,milford_haven,,1788688920000.0,,4.88540315628052
2026-09-06T23:55:03+00:00,area_trajectory,milford_haven,,1788689040000.0,,5.01480150222778
2026-09-06T23:55:03+00:00,area_trajectory,milford_haven,,1788689160000.0,,5.01480150222778
2026-09-06T23:55:03+00:00,area_trajectory,milford_haven,,1788689280000.0,,5.134434223175051
2026-09-06T23:55:03+00:00,area_trajectory,milford_haven,,1788689400000.0,,5.0221257209777805
2026-09-06T23:55:03+00:00,area_trajectory,milford_haven,,1788689520000.0,,4.9244666099548295
2026-09-06T23:55:03+00:00,area_trajectory,milford_haven,,1788689640000.0,,4.9244666099548295
2026-09-06T23:55:03+00:00,area_trajectory,milford_haven,,1788689760000.0,,4.9244666099548295
2026-09-06T23:55:03+00:00,area_trajectory,milford_haven,,1788689880000.0,,4.9244666099548295
2026-09-06T23:55:03+00:00,area_trajectory,milford_haven,,1788690000000.0,,4.9244666099548295
2026-09-06T23:55:03+00:00,area_trajectory,milford_haven,,1788690120000.0,,4.9244666099548295
2026-09-06T23:55:03+00:00,area_trajectory,milford_haven,,1788690240000.0,,4.9244666099548295
2026-09-06T23:55:03+00:00,area_trajectory,milford_haven,,1788690360000.0,,4.9244666099548295
2026-09-06T23:55:03+00:00,area_trajectory,milford_haven,,1788690480000.0,,4.9244666099548295
2026-09-06T23:55:03+00:00,area_trajectory,milford_haven,,1788690600000.0,,4.9244666099548295
2026-09-06T23:55:03+00:00,area_trajectory,milford_haven,,1788690720000.0,,4.9244666099548295
2026-09-06T23:55:03+00:00,area_trajectory,milford_haven,,1788690840000.0,,4.9244666099548295
2026-09-06T23:55:03+00:00,area_trajectory,milford_haven,,1788690960000.0,,4.9244666099548295
2026-09-06T23:55:03+00:00,area_trajectory,milford_haven,,1788691080000.0,,4.9244666099548295
2026-09-06T23:55:03+00:00,area_trajectory,milford_haven,,1788691200000.0,,4.9244666099548295
2026-09-06T23:55:03+00:00,area_trajectory,milford_haven,,1788691320000.0,,4.9244666099548295
2026-09-06T23:55:03+00:00,area_trajectory,milford_haven,,1788691440000.0,,4.9244666099548295
2026-09-06T23:55:03+00:00,area_trajectory,milford_haven,,1788691560000.0,,4.9244666099548295
2026-09-06T23:55:03+00:00,area_trajectory,milford_haven,,1788691680000.0,,4.9244666099548295
2026-09-06T23:55:03+00:00,area_trajectory,milford_haven,,1788691800000.0,,4.9244666099548295
2026-09-06T23:55:03+00:00,area_trajectory,milford_haven,,1788691920000.0,,4.9244666099548295
2026-09-06T23:55:03+00:00,area_trajectory,milford_haven,,1788692040000.0,,4.9244666099548295
2026-09-06T23:55:03+00:00,area_trajectory,milford_haven,,1788692160000.0,,4.9244666099548295
2026-09-06T23:55:03+00:00,area_trajectory,milford_haven,,1788692280000.0,,4.9244666099548295
2026-09-06T23:55:03+00:00,area_trajectory,milford_haven,,1788692400000.0,,4.9244666099548295
2026-09-06T23:55:03+00:00,area_trajectory,milford_haven,,1788692520000.0,,4.9366741180419895
2026-09-06T23:55:03+00:00,area_trajectory,milford_haven,,1788692640000.0,,4.9366741180419895
2026-09-06T23:55:03+00:00,area_trajectory,milford_haven,,1788692760000.0,,4.9366741180419895
2026-09-06T23:55:03+00:00,area_trajectory,milford_haven,,1788692880000.0,,4.9366741180419895
2026-09-06T23:55:03+00:00,area_trajectory,milford_haven,,1788693000000.0,,4.9366741180419895
2026-09-06T23:55:03+00:00,area_trajectory,milford_haven,,1788693120000.0,,4.9366741180419895
2026-09-06T23:55:03+00:00,area_trajectory,milford_haven,,1788693240000.0,,4.9366741180419895
2026-09-06T23:55:03+00:00,area_trajectory,milford_haven,,1788693360000.0,,4.9366741180419895
2026-09-06T23:55:03+00:00,area_trajectory,milford_haven,,1788693480000.0,,4.9366741180419895
2026-09-06T23:55:03+00:00,area_trajectory,milford_haven,,1788693600000.0,,4.9366741180419895
2026-09-06T23:55:03+00:00,area_trajectory,milford_haven,,1788693720000.0,,4.9366741180419895
2026-09-06T23:55:03+00:00,area_trajectory,milford_haven,,1788693840000.0,,4.9366741180419895
2026-09-06T23:55:03+00:00,area_trajectory,milford_haven,,1788693960000.0,,4.9366741180419895
2026-09-06T23:55:03+00:00,area_trajectory,milford_haven,,1788694080000.0,,4.9366741180419895
2026-09-06T23:55:03+00:00,area_trajectory,milford_haven,,1788694200000.0,,4.9366741180419895
2026-09-06T23:55:03+00:00,area_trajectory,milford_haven,,1788694320000.0,,4.9366741180419895
2026-09-06T23:55:03+00:00,area_trajectory,milford_haven,,1788694440000.0,,4.848780632019039
2026-09-06T23:55:03+00:00,area_trajectory,milford_haven,,1788694560000.0,,4.848780632019039
2026-09-06T23:55:03+00:00,area_trajectory,milford_haven,,1788694680000.0,,5.0294504165649405
2026-09-06T23:55:03+00:00,area_trajectory,milford_haven,,1788694800000.0,,5.0294504165649405
2026-09-06T23:55:03+00:00,area_trajectory,milford_haven,,1788694920000.0,,4.90249347686768
2026-09-06T23:55:03+00:00,area_trajectory,milford_haven,,1788695040000.0,,4.90249347686768
2026-09-06T23:55:03+00:00,area_trajectory,milford_haven,,1788695160000.0,,4.90249347686768
2026-09-06T23:55:03+00:00,area_trajectory,milford_haven,,1788695280000.0,,4.90249347686768
2026-09-06T23:55:03+00:00,area_trajectory,milford_haven,,1788695400000.0,,4.90249347686768
2026-09-06T23:55:03+00:00,area_trajectory,milford_haven,,1788695520000.0,,4.90249347686768
2026-09-06T23:55:03+00:00,area_trajectory,milford_haven,,1788695640000.0,,4.90249347686768
2026-09-06T23:55:03+00:00,area_trajectory,milford_haven,,1788695760000.0,,4.90249347686768
2026-09-06T23:55:03+00:00,area_trajectory,milford_haven,,1788695880000.0,,4.90249347686768
2026-09-06T23:55:03+00:00,area_trajectory,milford_haven,,1788696000000.0,,4.90249347686768
2026-09-06T23:55:03+00:00,area_trajectory,milford_haven,,1788696120000.0,,4.90249347686768
2026-09-06T23:55:03+00:00,area_trajectory,milford_haven,,1788696240000.0,,4.89761018753052
2026-09-06T23:55:03+00:00,area_trajectory,milford_haven,,1788696360000.0,,4.89761018753052
2026-09-06T23:55:03+00:00,area_trajectory,milford_haven,,1788696480000.0,,4.89761018753052
2026-09-06T23:55:03+00:00,area_trajectory,milford_haven,,1788696600000.0,,5.0489821434021
2026-09-06T23:55:03+00:00,area_trajectory,milford_haven,,1788696720000.0,,5.0489821434021
2026-09-06T23:55:03+00:00,area_trajectory,milford_haven,,1788696840000.0,,5.0489821434021
2026-09-06T23:55:03+00:00,area_trajectory,milford_haven,,1788696960000.0,,5.0489821434021
2026-09-06T23:55:03+00:00,area_trajectory,milford_haven,,1788697080000.0,,4.91958379745483
2026-09-06T23:55:03+00:00,area_trajectory,milford_haven,,1788697200000.0,,4.91958379745483
2026-09-06T23:55:03+00:00,area_trajectory,milford_haven,,1788697320000.0,,4.91958379745483
2026-09-06T23:55:03+00:00,area_trajectory,milford_haven,,1788697440000.0,,4.91958379745483
2026-09-06T23:55:03+00:00,area_trajectory,milford_haven,,1788697560000.0,,4.91958379745483
2026-09-06T23:55:03+00:00,area_trajectory,milford_haven,,1788697680000.0,,4.91958379745483
2026-09-06T23:55:03+00:00,area_trajectory,milford_haven,,1788697800000.0,,4.91958379745483
2026-09-06T23:55:03+00:00,area_trajectory,milford_haven,,1788697920000.0,,4.91958379745483
2026-09-06T23:55:03+00:00,area_trajectory,milford_haven,,1788698040000.0,,4.91958379745483
2026-09-06T23:55:03+00:00,area_trajectory,milford_haven,,1788698160000.0,,4.91958379745483
2026-09-06T23:55:03+00:00,area_trajectory,milford_haven,,1788698280000.0,,4.91958379745483
2026-09-06T23:55:03+00:00,area_trajectory,milford_haven,,1788698400000.0,,5.00259399414062
2026-09-06T23:55:03+00:00,area_trajectory,milford_haven,,1788698520000.0,,5.095370292663571
2026-09-06T23:55:03+00:00,area_trajectory,milford_haven,,1788698640000.0,,5.095370292663571
2026-09-06T23:55:03+00:00,area_trajectory,milford_haven,,1788698760000.0,,5.095370292663571
2026-09-06T23:55:03+00:00,area_trajectory,milford_haven,,1788698880000.0,,5.095370292663571
2026-09-06T23:55:03+00:00,area_trajectory,milford_haven,,1788699000000.0,,5.095370292663571
2026-09-06T23:55:03+00:00,area_trajectory,milford_haven,,1788699120000.0,,4.98306226730347
2026-09-06T23:55:03+00:00,area_trajectory,milford_haven,,1788699240000.0,,4.98306226730347
2026-09-06T23:55:03+00:00,area_trajectory,milford_haven,,1788699360000.0,,4.88784456253052
2026-09-06T23:55:03+00:00,area_trajectory,milford_haven,,1788699480000.0,,4.88784456253052
2026-09-06T23:55:03+00:00,area_trajectory,milford_haven,,1788699600000.0,,5.01236009597778
2026-09-06T23:55:03+00:00,area_trajectory,milford_haven,,1788699720000.0,,5.11246061325073
2026-09-06T23:55:03+00:00,area_trajectory,milford_haven,,1788699840000.0,,5.10513639450073
2026-09-06T23:55:03+00:00,area_trajectory,milford_haven,,1788699960000.0,,5.10513639450073
2026-09-06T23:55:03+00:00,area_trajectory,milford_haven,,1788700080000.0,,5.10513639450073
2026-09-06T23:55:03+00:00,area_trajectory,milford_haven,,1788700200000.0,,4.9708547592163095
2026-09-06T23:55:03+00:00,area_trajectory,milford_haven,,1788700320000.0,,4.9708547592163095
2026-09-06T23:55:03+00:00,area_trajectory,milford_haven,,1788700440000.0,,4.8658709526062
2026-09-06T23:55:03+00:00,area_trajectory,milford_haven,,1788700560000.0,,4.8658709526062
2026-09-06T23:55:03+00:00,area_trajectory,milford_haven,,1788700680000.0,,4.8658709526062
2026-09-06T23:55:03+00:00,area_trajectory,milford_haven,,1788700800000.0,,4.8658709526062
2026-09-06T23:55:03+00:00,area_trajectory,milford_haven,,1788700920000.0,,4.8658709526062
2026-09-06T23:55:03+00:00,area_trajectory,milford_haven,,1788701040000.0,,4.8658709526062
2026-09-06T23:55:03+00:00,area_trajectory,milford_haven,,1788701160000.0,,4.8658709526062
2026-09-06T23:55:03+00:00,area_trajectory,milford_haven,,1788701280000.0,,4.8658709526062
2026-09-06T23:55:03+00:00,area_trajectory,milford_haven,,1788701400000.0,,4.8658709526062
2026-09-06T23:55:03+00:00,area_trajectory,milford_haven,,1788701520000.0,,4.8658709526062
2026-09-06T23:55:03+00:00,area_trajectory,milford_haven,,1788701640000.0,,5.18814659118652
2026-09-06T23:55:03+00:00,area_trajectory,milford_haven,,1788701760000.0,,4.9220252037048295
2026-09-06T23:55:03+00:00,area_trajectory,milford_haven,,1788701880000.0,,4.9220252037048295
2026-09-06T23:55:03+00:00,area_trajectory,milford_haven,,1788702000000.0,,4.9220252037048295
2026-09-06T23:55:03+00:00,area_trajectory,milford_haven,,1788702120000.0,,4.9220252037048295
2026-09-06T23:55:03+00:00,area_trajectory,milford_haven,,1788702240000.0,,4.82680749893188
2026-09-06T23:55:03+00:00,area_trajectory,milford_haven,,1788702360000.0,,4.82680749893188
2026-09-06T23:55:03+00:00,area_trajectory,milford_haven,,1788702480000.0,,4.91714239120483
2026-09-06T23:55:03+00:00,area_trajectory,milford_haven,,1788702600000.0,,4.91714239120483
2026-09-06T23:55:03+00:00,area_trajectory,milford_haven,,1788702720000.0,,4.91714239120483
2026-09-06T23:55:03+00:00,area_trajectory,milford_haven,,1788702840000.0,,4.91714239120483
2026-09-06T23:55:03+00:00,area_trajectory,milford_haven,,1788702960000.0,,4.91714239120483
2026-09-06T23:55:03+00:00,area_trajectory,milford_haven,,1788703080000.0,,4.91714239120483
2026-09-06T23:55:03+00:00,area_trajectory,milford_haven,,1788703200000.0,,4.91714239120483
2026-09-06T23:55:03+00:00,area_trajectory,milford_haven,,1788703320000.0,,4.91714239120483
2026-09-06T23:55:03+00:00,area_trajectory,milford_haven,,1788703440000.0,,4.88540315628052
2026-09-06T23:55:03+00:00,area_trajectory,milford_haven,,1788703560000.0,,4.88540315628052
2026-09-06T23:55:03+00:00,area_trajectory,milford_haven,,1788703680000.0,,4.88540315628052
2026-09-06T23:55:03+00:00,area_trajectory,milford_haven,,1788703800000.0,,4.88540315628052
2026-09-06T23:55:03+00:00,area_trajectory,milford_haven,,1788703920000.0,,4.88540315628052
2026-09-06T23:55:03+00:00,area_trajectory,milford_haven,,1788704040000.0,,4.88540315628052
2026-09-06T23:55:03+00:00,area_trajectory,milford_haven,,1788704160000.0,,4.88540315628052
2026-09-06T23:55:03+00:00,area_trajectory,milford_haven,,1788704280000.0,,4.88540315628052
2026-09-06T23:55:03+00:00,area_trajectory,milford_haven,,1788704400000.0,,4.88540315628052
2026-09-06T23:55:03+00:00,area_trajectory,milford_haven,,1788704520000.0,,4.88540315628052
2026-09-06T23:55:03+00:00,area_trajectory,milford_haven,,1788704640000.0,,5.10757780075073
2026-09-06T23:55:03+00:00,area_trajectory,milford_haven,,1788704760000.0,,5.10757780075073
2026-09-06T23:55:03+00:00,area_trajectory,milford_haven,,1788704880000.0,,4.99771118164062
2026-09-06T23:55:03+00:00,area_trajectory,milford_haven,,1788705000000.0,,4.90005207061768
2026-09-06T23:55:03+00:00,area_trajectory,milford_haven,,1788705120000.0,,4.90005207061768
2026-09-06T23:55:03+00:00,area_trajectory,milford_haven,,1788705240000.0,,5.15640735626221
2026-09-06T23:55:03+00:00,area_trajectory,milford_haven,,1788705360000.0,,5.15640735626221
2026-09-06T23:55:03+00:00,area_trajectory,milford_haven,,1788705480000.0,,5.15640735626221
2026-09-06T23:55:03+00:00,area_trajectory,milford_haven,,1788705600000.0,,5.15640735626221
2026-09-06T23:55:03+00:00,area_trajectory,milford_haven,,1788705720000.0,,5.03189182281494
2026-09-06T23:55:03+00:00,area_trajectory,milford_haven,,1788705840000.0,,5.03189182281494
2026-09-06T23:55:03+00:00,area_trajectory,milford_haven,,1788705960000.0,,5.03189182281494
2026-09-06T23:55:03+00:00,area_trajectory,milford_haven,,1788706080000.0,,4.9244666099548295
2026-09-06T23:55:03+00:00,area_trajectory,milford_haven,,1788706200000.0,,4.9244666099548295
2026-09-06T23:55:03+00:00,area_trajectory,milford_haven,,1788706320000.0,,5.12710952758789
2026-09-06T23:55:03+00:00,area_trajectory,milford_haven,,1788706440000.0,,5.12710952758789
2026-09-06T23:55:03+00:00,area_trajectory,milford_haven,,1788706560000.0,,5.12710952758789
2026-09-06T23:55:03+00:00,area_trajectory,milford_haven,,1788706680000.0,,5.21011972427368
2026-09-06T23:55:03+00:00,area_trajectory,milford_haven,,1788706800000.0,,5.21011972427368
2026-09-06T23:55:03+00:00,area_trajectory,milford_haven,,1788706920000.0,,5.21011972427368
2026-09-06T23:55:03+00:00,area_trajectory,milford_haven,,1788707040000.0,,5.236976146698
2026-09-06T23:55:03+00:00,area_trajectory,milford_haven,,1788707160000.0,,5.236976146698
2026-09-06T23:55:03+00:00,area_trajectory,milford_haven,,1788707280000.0,,5.03433322906494
2026-09-06T23:55:03+00:00,area_trajectory,milford_haven,,1788707400000.0,,5.03433322906494
2026-09-06T23:55:03+00:00,area_trajectory,milford_haven,,1788707520000.0,,5.19058799743652
2026-09-06T23:55:03+00:00,area_trajectory,milford_haven,,1788707640000.0,,5.19058799743652
2026-09-06T23:55:03+00:00,area_trajectory,milford_haven,,1788707760000.0,,5.19058799743652
2026-09-06T23:55:03+00:00,area_trajectory,milford_haven,,1788707880000.0,,5.19058799743652
2026-09-06T23:55:03+00:00,area_trajectory,milford_haven,,1788708000000.0,,5.19058799743652
2026-09-06T23:55:03+00:00,area_trajectory,milford_haven,,1788708120000.0,,5.27604007720947
2026-09-06T23:55:03+00:00,area_trajectory,milford_haven,,1788708240000.0,,5.095370292663571
2026-09-06T23:55:03+00:00,area_trajectory,milford_haven,,1788708360000.0,,5.095370292663571
2026-09-06T23:55:03+00:00,area_trajectory,milford_haven,,1788708480000.0,,5.095370292663571
2026-09-06T23:55:03+00:00,area_trajectory,milford_haven,,1788708600000.0,,5.095370292663571
2026-09-06T23:55:03+00:00,area_trajectory,milford_haven,,1788708720000.0,,4.99282836914062
2026-09-06T23:55:03+00:00,area_trajectory,milford_haven,,1788708840000.0,,4.99282836914062
2026-09-06T23:55:03+00:00,area_trajectory,milford_haven,,1788708960000.0,,4.99282836914062
2026-09-06T23:55:03+00:00,area_trajectory,milford_haven,,1788709080000.0,,4.99282836914062
2026-09-06T23:55:03+00:00,area_trajectory,milford_haven,,1788709200000.0,,4.99282836914062
2026-09-06T23:55:03+00:00,area_trajectory,milford_haven,,1788709320000.0,,4.99282836914062
2026-09-06T23:55:03+00:00,area_trajectory,milford_haven,,1788709440000.0,,4.99282836914062
2026-09-06T23:55:03+00:00,area_trajectory,milford_haven,,1788709560000.0,,4.99282836914062
2026-09-06T23:55:03+00:00,area_trajectory,milford_haven,,1788709680000.0,,4.99282836914062
2026-09-06T23:55:03+00:00,area_trajectory,milford_haven,,1788709800000.0,,4.99282836914062
2026-09-06T23:55:03+00:00,area_trajectory,milford_haven,,1788709920000.0,,4.99282836914062
2026-09-06T23:55:03+00:00,area_trajectory,milford_haven,,1788710040000.0,,4.99282836914062
2026-09-06T23:55:03+00:00,area_trajectory,milford_haven,,1788710160000.0,,4.99282836914062
2026-09-06T23:55:03+00:00,area_trajectory,milford_haven,,1788710280000.0,,4.99282836914062
2026-09-06T23:55:03+00:00,area_trajectory,milford_haven,,1788710400000.0,,4.99282836914062
2026-09-06T23:55:03+00:00,area_trajectory,milford_haven,,1788710520000.0,,4.99282836914062
2026-09-06T23:55:03+00:00,area_trajectory,milford_haven,,1788710640000.0,,5.00503540039062
2026-09-06T23:55:03+00:00,area_trajectory,milford_haven,,1788710760000.0,,5.00503540039062
2026-09-06T23:55:03+00:00,area_trajectory,milford_haven,,1788710880000.0,,5.00503540039062
2026-09-06T23:55:03+00:00,area_trajectory,milford_haven,,1788711000000.0,,5.00503540039062
2026-09-06T23:55:03+00:00,area_trajectory,milford_haven,,1788711120000.0,,5.00503540039062
2026-09-06T23:55:03+00:00,area_trajectory,milford_haven,,1788711240000.0,,5.00503540039062
2026-09-06T23:55:03+00:00,area_trajectory,milford_haven,,1788711360000.0,,5.00503540039062
2026-09-06T23:55:03+00:00,area_trajectory,milford_haven,,1788711480000.0,,5.00503540039062
2026-09-06T23:55:03+00:00,area_trajectory,milford_haven,,1788711600000.0,,5.00503540039062
2026-09-06T23:55:03+00:00,area_trajectory,milford_haven,,1788711720000.0,,5.00503540039062
2026-09-06T23:55:03+00:00,area_trajectory,milford_haven,,1788711840000.0,,5.00503540039062
2026-09-06T23:55:03+00:00,area_trajectory,milford_haven,,1788711960000.0,,5.00503540039062
2026-09-06T23:55:03+00:00,area_trajectory,milford_haven,,1788712080000.0,,5.00503540039062
2026-09-06T23:55:03+00:00,area_trajectory,milford_haven,,1788712200000.0,,5.00503540039062
2026-09-06T23:55:03+00:00,area_trajectory,milford_haven,,1788712320000.0,,5.00503540039062
2026-09-06T23:55:03+00:00,area_trajectory,milford_haven,,1788712440000.0,,5.00503540039062
2026-09-06T23:55:03+00:00,area_trajectory,milford_haven,,1788712560000.0,,5.00503540039062
2026-09-06T23:55:03+00:00,area_trajectory,milford_haven,,1788712680000.0,,5.00503540039062
2026-09-06T23:55:03+00:00,area_trajectory,milford_haven,,1788712800000.0,,5.00503540039062
2026-09-06T23:55:03+00:00,area_trajectory,milford_haven,,1788712920000.0,,5.00503540039062
2026-09-06T23:55:03+00:00,area_trajectory,milford_haven,,1788713040000.0,,5.00503540039062
2026-09-06T23:55:03+00:00,area_trajectory,milford_haven,,1788713160000.0,,5.00503540039062
2026-09-06T23:55:03+00:00,area_trajectory,milford_haven,,1788713280000.0,,5.00503540039062
2026-09-06T23:55:03+00:00,area_trajectory,milford_haven,,1788713400000.0,,5.16617345809936
2026-09-06T23:55:03+00:00,area_trajectory,milford_haven,,1788713520000.0,,5.16617345809936
2026-09-06T23:55:03+00:00,area_trajectory,milford_haven,,1788713640000.0,,5.00259399414062
2026-09-06T23:55:03+00:00,area_trajectory,milford_haven,,1788713760000.0,,5.00259399414062
2026-09-06T23:55:03+00:00,area_trajectory,milford_haven,,1788713880000.0,,5.00259399414062
2026-09-06T23:55:03+00:00,area_trajectory,milford_haven,,1788714000000.0,,5.00259399414062
2026-09-06T23:55:03+00:00,area_trajectory,milford_haven,,1788714120000.0,,5.00259399414062
2026-09-06T23:55:03+00:00,area_trajectory,milford_haven,,1788714240000.0,,5.0221257209777805
2026-09-06T23:55:03+00:00,area_trajectory,milford_haven,,1788714360000.0,,5.0221257209777805
2026-09-06T23:55:03+00:00,area_trajectory,milford_haven,,1788714480000.0,,5.0221257209777805
2026-09-06T23:55:03+00:00,area_trajectory,milford_haven,,1788714600000.0,,5.0221257209777805
2026-09-06T23:55:03+00:00,area_trajectory,milford_haven,,1788714720000.0,,5.0221257209777805
2026-09-06T23:55:03+00:00,area_trajectory,milford_haven,,1788714840000.0,,5.0221257209777805
2026-09-06T23:55:03+00:00,area_trajectory,milford_haven,,1788714960000.0,,5.0221257209777805
2026-09-06T23:55:03+00:00,area_trajectory,milford_haven,,1788715080000.0,,5.0221257209777805
2026-09-06T23:55:03+00:00,area_trajectory,milford_haven,,1788715200000.0,,5.0221257209777805
2026-09-06T23:55:03+00:00,area_trajectory,milford_haven,,1788715320000.0,,5.0221257209777805
2026-09-06T23:55:03+00:00,area_trajectory,milford_haven,,1788715440000.0,,5.0221257209777805
2026-09-06T23:55:03+00:00,area_trajectory,milford_haven,,1788715560000.0,,5.0221257209777805
2026-09-06T23:55:03+00:00,area_trajectory,milford_haven,,1788715680000.0,,5.0221257209777805
2026-09-06T23:55:03+00:00,area_trajectory,milford_haven,,1788715800000.0,,5.0221257209777805
2026-09-06T23:55:03+00:00,area_trajectory,milford_haven,,1788715920000.0,,5.0221257209777805
2026-09-06T23:55:03+00:00,area_trajectory,milford_haven,,1788716040000.0,,5.0221257209777805
2026-09-06T23:55:03+00:00,area_trajectory,milford_haven,,1788716160000.0,,5.0221257209777805
2026-09-06T23:55:03+00:00,area_trajectory,milford_haven,,1788716280000.0,,5.0221257209777805
2026-09-06T23:55:03+00:00,area_trajectory,milford_haven,,1788716400000.0,,5.0221257209777805
2026-09-06T23:55:03+00:00,area_trajectory,milford_haven,,1788716520000.0,,5.0221257209777805
2026-09-06T23:55:03+00:00,area_trajectory,milford_haven,,1788716640000.0,,5.0221257209777805
2026-09-06T23:55:03+00:00,area_trajectory,milford_haven,,1788716760000.0,,5.0221257209777805
2026-09-06T23:55:03+00:00,area_trajectory,milford_haven,,1788716880000.0,,5.18082237243652
2026-09-06T23:55:03+00:00,area_trajectory,milford_haven,,1788717000000.0,,5.18082237243652
2026-09-06T23:55:03+00:00,area_trajectory,milford_haven,,1788717120000.0,,5.0636310577392605
2026-09-06T23:55:03+00:00,area_trajectory,milford_haven,,1788717240000.0,,5.0636310577392605
2026-09-06T23:55:03+00:00,area_trajectory,milford_haven,,1788717360000.0,,5.0636310577392605
2026-09-06T23:55:03+00:00,area_trajectory,milford_haven,,1788717480000.0,,5.0636310577392605
2026-09-06T23:55:03+00:00,area_trajectory,milford_haven,,1788717600000.0,,5.0636310577392605
2026-09-06T23:55:03+00:00,area_trajectory,milford_haven,,1788717720000.0,,5.0636310577392605
2026-09-06T23:55:03+00:00,area_trajectory,milford_haven,,1788717840000.0,,5.00747680664062
2026-09-06T23:55:03+00:00,area_trajectory,milford_haven,,1788717960000.0,,5.00747680664062
2026-09-06T23:55:03+00:00,area_trajectory,milford_haven,,1788718080000.0,,5.00747680664062
2026-09-06T23:55:03+00:00,area_trajectory,milford_haven,,1788718200000.0,,5.00747680664062
2026-09-06T23:55:03+00:00,area_trajectory,milford_haven,,1788718320000.0,,5.00747680664062
2026-09-06T23:55:03+00:00,area_trajectory,milford_haven,,1788718440000.0,,5.00747680664062
2026-09-06T23:55:03+00:00,area_trajectory,milford_haven,,1788718560000.0,,5.00747680664062
2026-09-06T23:55:03+00:00,area_trajectory,milford_haven,,1788718680000.0,,5.00747680664062
2026-09-06T23:55:03+00:00,area_trajectory,milford_haven,,1788718800000.0,,5.00747680664062
2026-09-06T23:55:03+00:00,area_trajectory,milford_haven,,1788718920000.0,,5.00747680664062
2026-09-06T23:55:03+00:00,area_trajectory,milford_haven,,1788719040000.0,,5.00747680664062
2026-09-06T23:55:03+00:00,area_trajectory,milford_haven,,1788719160000.0,,5.00747680664062
2026-09-06T23:55:03+00:00,area_trajectory,milford_haven,,1788719280000.0,,5.00747680664062
2026-09-06T23:55:03+00:00,area_trajectory,milford_haven,,1788719400000.0,,5.00747680664062
2026-09-06T23:55:03+00:00,area_trajectory,milford_haven,,1788719520000.0,,5.00747680664062
2026-09-06T23:55:03+00:00,area_trajectory,milford_haven,,1788719640000.0,,5.00747680664062
2026-09-06T23:55:03+00:00,area_trajectory,milford_haven,,1788719760000.0,,5.00747680664062
2026-09-06T23:55:03+00:00,area_trajectory,milford_haven,,1788719880000.0,,5.00747680664062
2026-09-06T23:55:03+00:00,area_trajectory,milford_haven,,1788720000000.0,,5.00747680664062
2026-09-06T23:55:03+00:00,area_trajectory,milford_haven,,1788720120000.0,,5.00747680664062
2026-09-06T23:55:03+00:00,area_trajectory,milford_haven,,1788720240000.0,,5.00747680664062
2026-09-06T23:55:03+00:00,area_trajectory,milford_haven,,1788720360000.0,,5.00747680664062
2026-09-06T23:55:03+00:00,area_trajectory,milford_haven,,1788720480000.0,,5.00747680664062
2026-09-06T23:55:03+00:00,area_trajectory,milford_haven,,1788720600000.0,,5.00747680664062
2026-09-06T23:55:03+00:00,area_trajectory,milford_haven,,1788720720000.0,,5.00747680664062
2026-09-06T23:55:03+00:00,area_trajectory,milford_haven,,1788720840000.0,,5.00747680664062
2026-09-06T23:55:03+00:00,area_trajectory,milford_haven,,1788720960000.0,,5.00747680664062
2026-09-06T23:55:03+00:00,area_trajectory,milford_haven,,1788721080000.0,,5.00747680664062
2026-09-06T23:55:03+00:00,area_trajectory,milford_haven,,1788721200000.0,,5.00747680664062
2026-09-06T23:55:03+00:00,area_trajectory,milford_haven,,1788721320000.0,,5.00747680664062
2026-09-06T23:55:03+00:00,area_trajectory,milford_haven,,1788721440000.0,,5.0514235496521005
2026-09-06T23:55:03+00:00,area_trajectory,milford_haven,,1788721560000.0,,5.0514235496521005
2026-09-06T23:55:03+00:00,area_trajectory,milford_haven,,1788721680000.0,,5.0514235496521005
2026-09-06T23:55:03+00:00,area_trajectory,milford_haven,,1788721800000.0,,5.0514235496521005
2026-09-06T23:55:03+00:00,area_trajectory,milford_haven,,1788721920000.0,,5.0514235496521005
2026-09-06T23:55:03+00:00,area_trajectory,milford_haven,,1788722040000.0,,5.0514235496521005
2026-09-06T23:55:03+00:00,area_trajectory,milford_haven,,1788722160000.0,,5.0514235496521005
2026-09-06T23:55:03+00:00,area_trajectory,milford_haven,,1788722280000.0,,5.0514235496521005
2026-09-06T23:55:03+00:00,area_trajectory,milford_haven,,1788722400000.0,,5.0514235496521005
2026-09-06T23:55:03+00:00,area_trajectory,milford_haven,,1788722520000.0,,5.0514235496521005
2026-09-06T23:55:03+00:00,area_trajectory,milford_haven,,1788722640000.0,,5.0514235496521005
2026-09-06T23:55:03+00:00,area_trajectory,milford_haven,,1788722760000.0,,5.0514235496521005
2026-09-06T23:55:03+00:00,area_trajectory,milford_haven,,1788722880000.0,,5.0514235496521005
2026-09-06T23:55:03+00:00,area_trajectory,milford_haven,,1788723000000.0,,5.0514235496521005
2026-09-06T23:55:03+00:00,area_trajectory,milford_haven,,1788723120000.0,,5.0514235496521005
2026-09-06T23:55:03+00:00,area_trajectory,milford_haven,,1788723240000.0,,5.0514235496521005
2026-09-06T23:55:03+00:00,area_trajectory,milford_haven,,1788723360000.0,,5.0514235496521005
2026-09-06T23:55:03+00:00,area_trajectory,milford_haven,,1788723480000.0,,5.0514235496521005
2026-09-06T23:55:03+00:00,area_trajectory,milford_haven,,1788723600000.0,,5.0514235496521005
2026-09-06T23:55:03+00:00,area_trajectory,milford_haven,,1788723720000.0,,5.0514235496521005
2026-09-06T23:55:03+00:00,area_trajectory,milford_haven,,1788723840000.0,,5.0514235496521005
2026-09-06T23:55:03+00:00,area_trajectory,milford_haven,,1788723960000.0,,5.0514235496521005
2026-09-06T23:55:03+00:00,area_trajectory,milford_haven,,1788724080000.0,,5.0514235496521005
2026-09-06T23:55:03+00:00,area_trajectory,milford_haven,,1788724200000.0,,5.0514235496521005
2026-09-06T23:55:03+00:00,area_trajectory,milford_haven,,1788724320000.0,,5.0514235496521005
2026-09-06T23:55:03+00:00,area_trajectory,milford_haven,,1788724440000.0,,5.0514235496521005
2026-09-06T23:55:03+00:00,area_trajectory,milford_haven,,1788724560000.0,,5.0514235496521005
2026-09-06T23:55:03+00:00,area_trajectory,milford_haven,,1788724680000.0,,5.0514235496521005
2026-09-06T23:55:03+00:00,area_trajectory,milford_haven,,1788724800000.0,,5.0514235496521005
2026-09-06T23:55:03+00:00,area_trajectory,milford_haven,,1788724920000.0,,5.0514235496521005
2026-09-06T23:55:03+00:00,area_trajectory,milford_haven,,1788725040000.0,,5.0245676040649405
2026-09-06T23:55:03+00:00,area_trajectory,milford_haven,,1788725160000.0,,5.0245676040649405
2026-09-06T23:55:03+00:00,area_trajectory,milford_haven,,1788725280000.0,,5.0245676040649405
2026-09-06T23:55:03+00:00,area_trajectory,milford_haven,,1788725400000.0,,5.0245676040649405
2026-09-06T23:55:03+00:00,area_trajectory,milford_haven,,1788725520000.0,,5.0245676040649405
2026-09-06T23:55:03+00:00,area_trajectory,milford_haven,,1788725640000.0,,5.0245676040649405
2026-09-06T23:55:03+00:00,area_trajectory,milford_haven,,1788725760000.0,,5.0245676040649405
2026-09-06T23:55:03+00:00,area_trajectory,milford_haven,,1788725880000.0,,5.0245676040649405
2026-09-06T23:55:03+00:00,area_trajectory,milford_haven,,1788726000000.0,,5.0245676040649405
2026-09-06T23:55:03+00:00,area_trajectory,milford_haven,,1788726120000.0,,5.0245676040649405
2026-09-06T23:55:03+00:00,area_trajectory,milford_haven,,1788726240000.0,,5.0245676040649405
2026-09-06T23:55:03+00:00,area_trajectory,milford_haven,,1788726360000.0,,5.0245676040649405
2026-09-06T23:55:03+00:00,area_trajectory,milford_haven,,1788726480000.0,,5.0245676040649405
2026-09-06T23:55:03+00:00,area_trajectory,milford_haven,,1788726600000.0,,5.0245676040649405
2026-09-06T23:55:03+00:00,area_trajectory,milford_haven,,1788726720000.0,,5.0245676040649405
2026-09-06T23:55:03+00:00,area_trajectory,milford_haven,,1788726840000.0,,5.0245676040649405
2026-09-06T23:55:03+00:00,area_trajectory,milford_haven,,1788726960000.0,,5.0245676040649405
2026-09-06T23:55:03+00:00,area_trajectory,milford_haven,,1788727080000.0,,5.0245676040649405
2026-09-06T23:55:03+00:00,area_trajectory,milford_haven,,1788727200000.0,,5.0245676040649405
2026-09-06T23:55:03+00:00,area_trajectory,milford_haven,,1788727320000.0,,5.0245676040649405
2026-09-06T23:55:03+00:00,area_trajectory,milford_haven,,1788727440000.0,,5.0245676040649405
2026-09-06T23:55:03+00:00,area_trajectory,milford_haven,,1788727560000.0,,5.0245676040649405
2026-09-06T23:55:03+00:00,area_trajectory,milford_haven,,1788727680000.0,,5.0245676040649405
2026-09-06T23:55:03+00:00,area_trajectory,milford_haven,,1788727800000.0,,5.0245676040649405
2026-09-06T23:55:03+00:00,area_trajectory,milford_haven,,1788727920000.0,,5.0245676040649405
2026-09-06T23:55:03+00:00,area_trajectory,milford_haven,,1788728040000.0,,5.0245676040649405
2026-09-06T23:55:03+00:00,area_trajectory,milford_haven,,1788728160000.0,,5.0245676040649405
2026-09-06T23:55:03+00:00,area_trajectory,milford_haven,,1788728280000.0,,5.0245676040649405
2026-09-06T23:55:03+00:00,area_trajectory,milford_haven,,1788728400000.0,,5.0245676040649405
2026-09-06T23:55:03+00:00,area_trajectory,milford_haven,,1788728520000.0,,5.0245676040649405
2026-09-06T23:55:03+00:00,area_trajectory,milford_haven,,1788728640000.0,,5.0709557533264205
2026-09-06T23:55:03+00:00,area_trajectory,milford_haven,,1788728760000.0,,5.0709557533264205
2026-09-06T23:55:03+00:00,area_trajectory,milford_haven,,1788728880000.0,,5.0709557533264205
2026-09-06T23:55:03+00:00,area_trajectory,milford_haven,,1788729000000.0,,5.0709557533264205
2026-09-06T23:55:03+00:00,area_trajectory,milford_haven,,1788729120000.0,,5.0709557533264205
2026-09-06T23:55:03+00:00,area_trajectory,milford_haven,,1788729240000.0,,5.0709557533264205
2026-09-06T23:55:03+00:00,area_trajectory,milford_haven,,1788729360000.0,,5.0709557533264205
2026-09-06T23:55:03+00:00,area_trajectory,milford_haven,,1788729480000.0,,5.0709557533264205
2026-09-06T23:55:03+00:00,area_trajectory,milford_haven,,1788729600000.0,,5.0709557533264205
2026-09-06T23:55:03+00:00,area_trajectory,milford_haven,,1788729720000.0,,5.0709557533264205
2026-09-06T23:55:03+00:00,area_trajectory,milford_haven,,1788729840000.0,,5.0709557533264205
2026-09-06T23:55:03+00:00,area_trajectory,milford_haven,,1788729960000.0,,5.0709557533264205
2026-09-06T23:55:03+00:00,area_trajectory,milford_haven,,1788730080000.0,,5.0709557533264205
2026-09-06T23:55:03+00:00,area_trajectory,milford_haven,,1788730200000.0,,5.0709557533264205
2026-09-06T23:55:03+00:00,area_trajectory,milford_haven,,1788730320000.0,,5.0709557533264205
2026-09-06T23:55:03+00:00,area_trajectory,milford_haven,,1788730440000.0,,5.0709557533264205
2026-09-06T23:55:03+00:00,area_trajectory,milford_haven,,1788730560000.0,,5.0709557533264205
2026-09-06T23:55:03+00:00,area_trajectory,milford_haven,,1788730680000.0,,5.0709557533264205
2026-09-06T23:55:03+00:00,area_trajectory,milford_haven,,1788730800000.0,,5.0709557533264205
2026-09-06T23:55:03+00:00,area_trajectory,milford_haven,,1788730920000.0,,5.0709557533264205
2026-09-06T23:55:03+00:00,area_trajectory,milford_haven,,1788731040000.0,,5.0709557533264205
2026-09-06T23:55:03+00:00,area_trajectory,milford_haven,,1788731160000.0,,5.0709557533264205
2026-09-06T23:55:03+00:00,area_trajectory,milford_haven,,1788731280000.0,,5.0709557533264205
2026-09-06T23:55:03+00:00,area_trajectory,milford_haven,,1788731400000.0,,5.0709557533264205
2026-09-06T23:55:03+00:00,area_trajectory,milford_haven,,1788731520000.0,,5.0709557533264205
2026-09-06T23:55:03+00:00,area_trajectory,milford_haven,,1788731640000.0,,5.0709557533264205
2026-09-06T23:55:03+00:00,area_trajectory,milford_haven,,1788731760000.0,,5.0709557533264205
2026-09-06T23:55:03+00:00,area_trajectory,milford_haven,,1788731880000.0,,5.0709557533264205
2026-09-06T23:55:03+00:00,area_trajectory,milford_haven,,1788732000000.0,,5.0709557533264205
2026-09-06T23:55:03+00:00,area_trajectory,milford_haven,,1788732120000.0,,5.0709557533264205
2026-09-06T23:55:03+00:00,area_trajectory,milford_haven,,1788732240000.0,,5.0538649559021005
2026-09-06T23:55:03+00:00,area_trajectory,milford_haven,,1788732360000.0,,5.0538649559021005
2026-09-06T23:55:03+00:00,area_trajectory,milford_haven,,1788732480000.0,,5.0538649559021005
2026-09-06T23:55:03+00:00,area_trajectory,milford_haven,,1788732600000.0,,5.0538649559021005
2026-09-06T23:55:03+00:00,area_trajectory,milford_haven,,1788732720000.0,,5.0538649559021005
2026-09-06T23:55:03+00:00,area_trajectory,milford_haven,,1788732840000.0,,5.0538649559021005
2026-09-06T23:55:03+00:00,area_trajectory,milford_haven,,1788732960000.0,,5.0538649559021005
2026-09-06T23:55:03+00:00,area_trajectory,milford_haven,,1788733080000.0,,5.0538649559021005
2026-09-06T23:55:03+00:00,area_trajectory,milford_haven,,1788733200000.0,,5.0538649559021005
2026-09-06T23:55:03+00:00,area_trajectory,milford_haven,,1788733320000.0,,5.0538649559021005
2026-09-06T23:55:03+00:00,area_trajectory,milford_haven,,1788733440000.0,,5.0538649559021005
2026-09-06T23:55:03+00:00,area_trajectory,milford_haven,,1788733560000.0,,5.0538649559021005
2026-09-06T23:55:03+00:00,area_trajectory,milford_haven,,1788733680000.0,,5.0538649559021005
2026-09-06T23:55:03+00:00,area_trajectory,milford_haven,,1788733800000.0,,5.0538649559021005
2026-09-06T23:55:03+00:00,area_trajectory,milford_haven,,1788733920000.0,,5.0538649559021005
2026-09-06T23:55:03+00:00,area_trajectory,milford_haven,,1788734040000.0,,5.0538649559021005
2026-09-06T23:55:03+00:00,area_trajectory,milford_haven,,1788734160000.0,,5.0538649559021005
2026-09-06T23:55:03+00:00,area_trajectory,milford_haven,,1788734280000.0,,5.0538649559021005
2026-09-06T23:55:03+00:00,area_trajectory,milford_haven,,1788734400000.0,,5.0538649559021005
2026-09-06T23:55:03+00:00,area_trajectory,milford_haven,,1788734520000.0,,5.0538649559021005
2026-09-06T23:55:03+00:00,area_trajectory,milford_haven,,1788734640000.0,,5.0538649559021005
2026-09-06T23:55:03+00:00,area_trajectory,milford_haven,,1788734760000.0,,5.0538649559021005
2026-09-06T23:55:03+00:00,area_trajectory,milford_haven,,1788734880000.0,,5.0538649559021005
2026-09-06T23:55:03+00:00,area_trajectory,milford_haven,,1788735000000.0,,5.0538649559021005
2026-09-06T23:55:03+00:00,area_trajectory,milford_haven,,1788735120000.0,,5.0538649559021005
2026-09-06T23:55:03+00:00,area_trajectory,milford_haven,,1788735240000.0,,5.18814659118652
2026-09-06T23:55:03+00:00,area_trajectory,milford_haven,,1788735360000.0,,5.10025310516357
2026-09-06T23:55:03+00:00,area_trajectory,milford_haven,,1788735480000.0,,5.10025310516357
2026-09-06T23:55:03+00:00,area_trajectory,milford_haven,,1788735600000.0,,5.10025310516357
2026-09-06T23:55:03+00:00,area_trajectory,milford_haven,,1788735720000.0,,5.10025310516357
2026-09-06T23:55:03+00:00,area_trajectory,milford_haven,,1788735840000.0,,5.11246061325073
2026-09-06T23:55:03+00:00,area_trajectory,milford_haven,,1788735960000.0,,5.11246061325073
2026-09-06T23:55:03+00:00,area_trajectory,milford_haven,,1788736080000.0,,5.11246061325073
2026-09-06T23:55:03+00:00,area_trajectory,milford_haven,,1788736200000.0,,5.11246061325073
2026-09-06T23:55:03+00:00,area_trajectory,milford_haven,,1788736320000.0,,5.11246061325073
2026-09-06T23:55:03+00:00,area_trajectory,milford_haven,,1788736440000.0,,5.11246061325073
2026-09-06T23:55:03+00:00,area_trajectory,milford_haven,,1788736560000.0,,5.11246061325073
2026-09-06T23:55:03+00:00,area_trajectory,milford_haven,,1788736680000.0,,5.0196843147277805
2026-09-06T23:55:03+00:00,area_trajectory,milford_haven,,1788736800000.0,,5.0196843147277805
2026-09-06T23:55:03+00:00,area_trajectory,milford_haven,,1788736920000.0,,5.0196843147277805
2026-09-06T23:55:03+00:00,area_trajectory,milford_haven,,1788737040000.0,,5.0196843147277805
2026-09-06T23:55:03+00:00,area_trajectory,milford_haven,,1788737160000.0,,5.0196843147277805
2026-09-06T23:55:03+00:00,area_trajectory,milford_haven,,1788737280000.0,,5.0196843147277805
2026-09-06T23:55:03+00:00,area_trajectory,milford_haven,,1788737400000.0,,5.0196843147277805
2026-09-06T23:55:03+00:00,area_trajectory,milford_haven,,1788737520000.0,,5.0196843147277805
2026-09-06T23:55:03+00:00,area_trajectory,milford_haven,,1788737640000.0,,5.0196843147277805
2026-09-06T23:55:03+00:00,area_trajectory,milford_haven,,1788737760000.0,,5.0196843147277805
2026-09-06T23:55:03+00:00,area_trajectory,milford_haven,,1788737880000.0,,5.0196843147277805
2026-09-06T23:55:03+00:00,area_trajectory,milford_haven,,1788738000000.0,,5.0196843147277805
2026-09-06T23:55:03+00:00,area_trajectory,milford_haven,,1788738120000.0,,5.0196843147277805
2026-09-06T23:55:03+00:00,area_trajectory,milford_haven,,1788738240000.0,,5.0196843147277805
2026-09-06T23:55:03+00:00,area_trajectory,milford_haven,,1788738360000.0,,5.0196843147277805
2026-09-06T23:55:03+00:00,area_trajectory,milford_haven,,1788738480000.0,,5.0196843147277805
2026-09-06T23:55:03+00:00,area_trajectory,milford_haven,,1788738600000.0,,5.0196843147277805
2026-09-06T23:55:03+00:00,area_trajectory,milford_haven,,1788738720000.0,,5.0196843147277805
2026-09-06T23:55:03+00:00,area_trajectory,milford_haven,,1788738840000.0,,5.0196843147277805
2026-09-06T23:55:03+00:00,area_trajectory,milford_haven,,1788738960000.0,,5.0196843147277805
2026-09-06T23:55:03+00:00,area_trajectory,milford_haven,,1788739080000.0,,5.0196843147277805
2026-09-06T23:55:03+00:00,area_trajectory,milford_haven,,1788739200000.0,,5.0196843147277805
2026-09-06T23:55:03+00:00,area_trajectory,milford_haven,,1788739320000.0,,5.0196843147277805
2026-09-06T23:55:03+00:00,area_trajectory,milford_haven,,1788739440000.0,,5.00747680664062
2026-09-06T23:55:03+00:00,area_trajectory,milford_haven,,1788739560000.0,,5.00747680664062
2026-09-06T23:55:03+00:00,area_trajectory,milford_haven,,1788739680000.0,,5.00747680664062
2026-09-06T23:55:03+00:00,area_trajectory,milford_haven,,1788739800000.0,,5.00747680664062
2026-09-06T23:55:03+00:00,area_trajectory,milford_haven,,1788739920000.0,,5.00747680664062
2026-09-06T23:55:03+00:00,area_trajectory,milford_haven,,1788740040000.0,,5.00747680664062
2026-09-06T23:55:03+00:00,area_trajectory,milford_haven,,1788740160000.0,,5.00747680664062
2026-09-06T23:55:03+00:00,area_trajectory,milford_haven,,1788740280000.0,,5.00747680664062
2026-09-06T23:55:03+00:00,area_trajectory,milford_haven,,1788740400000.0,,5.00747680664062
2026-09-06T23:55:03+00:00,area_trajectory,milford_haven,,1788740520000.0,,5.00747680664062
2026-09-06T23:55:03+00:00,area_trajectory,milford_haven,,1788740640000.0,,5.00747680664062
2026-09-06T23:55:03+00:00,area_trajectory,milford_haven,,1788740760000.0,,5.00747680664062
2026-09-06T23:55:03+00:00,area_trajectory,milford_haven,,1788740880000.0,,5.00747680664062
2026-09-06T23:55:03+00:00,area_trajectory,milford_haven,,1788741000000.0,,5.00747680664062
2026-09-06T23:55:03+00:00,area_trajectory,milford_haven,,1788741120000.0,,5.00747680664062
2026-09-06T23:55:03+00:00,area_trajectory,milford_haven,,1788741240000.0,,5.00747680664062
2026-09-06T23:55:03+00:00,area_trajectory,milford_haven,,1788741360000.0,,5.00747680664062
2026-09-06T23:55:03+00:00,area_trajectory,milford_haven,,1788741480000.0,,5.00747680664062
2026-09-06T23:55:03+00:00,area_trajectory,milford_haven,,1788741600000.0,,5.00747680664062
2026-09-06T23:55:03+00:00,area_trajectory,milford_haven,,1788741720000.0,,5.00747680664062
2026-09-06T23:55:03+00:00,area_trajectory,milford_haven,,1788741840000.0,,5.00747680664062
2026-09-06T23:55:03+00:00,area_trajectory,milford_haven,,1788741960000.0,,5.00747680664062
2026-09-06T23:55:03+00:00,subterminal_latest,grain,nts1,,00:36,0.00
2026-09-06T23:55:03+00:00,subterminal_latest,grain,nts1,,00:38,0.00
2026-09-06T23:55:03+00:00,subterminal_latest,grain,nts1,,00:40,0.00
2026-09-06T23:55:03+00:00,subterminal_latest,grain,nts1,,00:42,0.00
2026-09-06T23:55:03+00:00,subterminal_latest,grain,nts1,,00:44,0.00
2026-09-06T23:55:03+00:00,subterminal_latest,grain,nts1,,00:46,0.00
2026-09-06T23:55:03+00:00,subterminal_latest,grain,nts2,,00:36,0.00
2026-09-06T23:55:03+00:00,subterminal_latest,grain,nts2,,00:38,0.00
2026-09-06T23:55:03+00:00,subterminal_latest,grain,nts2,,00:40,0.00
2026-09-06T23:55:03+00:00,subterminal_latest,grain,nts2,,00:42,0.00
2026-09-06T23:55:03+00:00,subterminal_latest,grain,nts2,,00:44,0.00
2026-09-06T23:55:03+00:00,subterminal_latest,grain,nts2,,00:46,0.00
2026-09-06T23:55:03+00:00,subterminal_latest,dragon,,,00:36,0.00
2026-09-06T23:55:03+00:00,subterminal_latest,dragon,,,00:38,0.00
2026-09-06T23:55:03+00:00,subterminal_latest,dragon,,,00:40,0.00
2026-09-06T23:55:03+00:00,subterminal_latest,dragon,,,00:42,0.00
2026-09-06T23:55:03+00:00,subterminal_latest,dragon,,,00:44,0.00
2026-09-06T23:55:03+00:00,subterminal_latest,dragon,,,00:46,0.00
2026-09-06T23:55:03+00:00,subterminal_latest,south_hook,,,00:36,5.01
2026-09-06T23:55:03+00:00,subterminal_latest,south_hook,,,00:38,5.01
2026-09-06T23:55:03+00:00,subterminal_latest,south_hook,,,00:40,5.01
2026-09-06T23:55:03+00:00,subterminal_latest,south_hook,,,00:42,5.01
2026-09-06T23:55:03+00:00,subterminal_latest,south_hook,,,00:44,5.01
2026-09-06T23:55:03+00:00,subterminal_latest,south_hook,,,00:46,5.01
