snapshot_utc,series,terminal,sub,epoch_ms,time_label,value_mcm_d
2026-09-05T00:07:04+00:00,area_trajectory,grain,,1788498000000.0,,3.3453786619417403
2026-09-05T00:07:04+00:00,area_trajectory,grain,,1788498120000.0,,3.3453786619417403
2026-09-05T00:07:04+00:00,area_trajectory,grain,,1788498240000.0,,3.33054675276205
2026-09-05T00:07:04+00:00,area_trajectory,grain,,1788498360000.0,,3.3120889890901704
2026-09-05T00:07:04+00:00,area_trajectory,grain,,1788498480000.0,,3.3120889890901704
2026-09-05T00:07:04+00:00,area_trajectory,grain,,1788498600000.0,,3.27022998030111
2026-09-05T00:07:04+00:00,area_trajectory,grain,,1788498720000.0,,3.27022998030111
2026-09-05T00:07:04+00:00,area_trajectory,grain,,1788498840000.0,,3.22935937483236
2026-09-05T00:07:04+00:00,area_trajectory,grain,,1788498960000.0,,3.22935937483236
2026-09-05T00:07:04+00:00,area_trajectory,grain,,1788499080000.0,,3.2824251707308
2026-09-05T00:07:04+00:00,area_trajectory,grain,,1788499200000.0,,3.2824251707308
2026-09-05T00:07:04+00:00,area_trajectory,grain,,1788499320000.0,,3.30154174787924
2026-09-05T00:07:04+00:00,area_trajectory,grain,,1788499440000.0,,3.30154174787924
2026-09-05T00:07:04+00:00,area_trajectory,grain,,1788499560000.0,,3.2830843504183
2026-09-05T00:07:04+00:00,area_trajectory,grain,,1788499680000.0,,3.2830843504183
2026-09-05T00:07:04+00:00,area_trajectory,grain,,1788499800000.0,,3.2830843504183
2026-09-05T00:07:04+00:00,area_trajectory,grain,,1788499920000.0,,3.2830843504183
2026-09-05T00:07:04+00:00,area_trajectory,grain,,1788500040000.0,,3.33977526838705
2026-09-05T00:07:04+00:00,area_trajectory,grain,,1788500160000.0,,3.33977526838705
2026-09-05T00:07:04+00:00,area_trajectory,grain,,1788500280000.0,,3.22870019514486
2026-09-05T00:07:04+00:00,area_trajectory,grain,,1788500400000.0,,3.22870019514486
2026-09-05T00:07:04+00:00,area_trajectory,grain,,1788500520000.0,,3.26561535627767
2026-09-05T00:07:04+00:00,area_trajectory,grain,,1788500640000.0,,3.26561535627767
2026-09-05T00:07:04+00:00,area_trajectory,grain,,1788500760000.0,,3.2478171385042396
2026-09-05T00:07:04+00:00,area_trajectory,grain,,1788500880000.0,,3.2478171385042396
2026-09-05T00:07:04+00:00,area_trajectory,grain,,1788501000000.0,,3.30483764631674
2026-09-05T00:07:04+00:00,area_trajectory,grain,,1788501120000.0,,3.30483764631674
2026-09-05T00:07:04+00:00,area_trajectory,grain,,1788501240000.0,,3.2296889646761104
2026-09-05T00:07:04+00:00,area_trajectory,grain,,1788501360000.0,,3.2296889646761104
2026-09-05T00:07:04+00:00,area_trajectory,grain,,1788501480000.0,,3.28670983869955
2026-09-05T00:07:04+00:00,area_trajectory,grain,,1788501600000.0,,3.28670983869955
2026-09-05T00:07:04+00:00,area_trajectory,grain,,1788501720000.0,,3.28670983869955
2026-09-05T00:07:04+00:00,area_trajectory,grain,,1788501840000.0,,3.26792248518392
2026-09-05T00:07:04+00:00,area_trajectory,grain,,1788501960000.0,,3.2132091062776698
2026-09-05T00:07:04+00:00,area_trajectory,grain,,1788502080000.0,,3.2132091062776698
2026-09-05T00:07:04+00:00,area_trajectory,grain,,1788502200000.0,,3.24946508772299
2026-09-05T00:07:04+00:00,area_trajectory,grain,,1788502320000.0,,3.24946508772299
2026-09-05T00:07:04+00:00,area_trajectory,grain,,1788502440000.0,,3.3249433592073596
2026-09-05T00:07:04+00:00,area_trajectory,grain,,1788502560000.0,,3.3249433592073596
2026-09-05T00:07:04+00:00,area_trajectory,grain,,1788502680000.0,,3.22935937483236
2026-09-05T00:07:04+00:00,area_trajectory,grain,,1788502800000.0,,3.22935937483236
2026-09-05T00:07:04+00:00,area_trajectory,grain,,1788502920000.0,,3.22935937483236
2026-09-05T00:07:04+00:00,area_trajectory,grain,,1788503040000.0,,3.22935937483236
2026-09-05T00:07:04+00:00,area_trajectory,grain,,1788503160000.0,,3.2834139402620504
2026-09-05T00:07:04+00:00,area_trajectory,grain,,1788503280000.0,,3.2834139402620504
2026-09-05T00:07:04+00:00,area_trajectory,grain,,1788503400000.0,,3.2458392332308
2026-09-05T00:07:04+00:00,area_trajectory,grain,,1788503520000.0,,3.2458392332308
2026-09-05T00:07:04+00:00,area_trajectory,grain,,1788503640000.0,,3.2834139402620504
2026-09-05T00:07:04+00:00,area_trajectory,grain,,1788503760000.0,,3.2834139402620504
2026-09-05T00:07:04+00:00,area_trajectory,grain,,1788503880000.0,,3.2633082273714202
2026-09-05T00:07:04+00:00,area_trajectory,grain,,1788504000000.0,,3.2633082273714202
2026-09-05T00:07:04+00:00,area_trajectory,grain,,1788504120000.0,,3.28077685530111
2026-09-05T00:07:04+00:00,area_trajectory,grain,,1788504240000.0,,3.28077685530111
2026-09-05T00:07:04+00:00,area_trajectory,grain,,1788504360000.0,,3.28077685530111
2026-09-05T00:07:04+00:00,area_trajectory,grain,,1788504480000.0,,3.28077685530111
2026-09-05T00:07:04+00:00,area_trajectory,grain,,1788504600000.0,,3.2392474363558
2026-09-05T00:07:04+00:00,area_trajectory,grain,,1788504720000.0,,3.2392474363558
2026-09-05T00:07:04+00:00,area_trajectory,grain,,1788504840000.0,,3.25737524397299
2026-09-05T00:07:04+00:00,area_trajectory,grain,,1788504960000.0,,3.25737524397299
2026-09-05T00:07:04+00:00,area_trajectory,grain,,1788505080000.0,,3.2916536863558004
2026-09-05T00:07:04+00:00,area_trajectory,grain,,1788505200000.0,,3.2916536863558004
2026-09-05T00:07:04+00:00,area_trajectory,grain,,1788505320000.0,,3.2916536863558004
2026-09-05T00:07:04+00:00,area_trajectory,grain,,1788505440000.0,,3.25177221662924
2026-09-05T00:07:04+00:00,area_trajectory,grain,,1788505560000.0,,3.26891125471517
2026-09-05T00:07:04+00:00,area_trajectory,grain,,1788505680000.0,,3.26891125471517
2026-09-05T00:07:04+00:00,area_trajectory,grain,,1788505800000.0,,3.28539147932455
2026-09-05T00:07:04+00:00,area_trajectory,grain,,1788505920000.0,,3.28539147932455
2026-09-05T00:07:04+00:00,area_trajectory,grain,,1788506040000.0,,3.3022009275667403
2026-09-05T00:07:04+00:00,area_trajectory,grain,,1788506160000.0,,3.3022009275667403
2026-09-05T00:07:04+00:00,area_trajectory,grain,,1788506280000.0,,3.3022009275667403
2026-09-05T00:07:04+00:00,area_trajectory,grain,,1788506400000.0,,3.3022009275667403
2026-09-05T00:07:04+00:00,area_trajectory,grain,,1788506520000.0,,3.1828857420198604
2026-09-05T00:07:04+00:00,area_trajectory,grain,,1788506640000.0,,3.1828857420198604
2026-09-05T00:07:04+00:00,area_trajectory,grain,,1788506760000.0,,3.1980476072542396
2026-09-05T00:07:04+00:00,area_trajectory,grain,,1788506880000.0,,3.1980476072542396
2026-09-05T00:07:04+00:00,area_trajectory,grain,,1788507000000.0,,3.2514426267854897
2026-09-05T00:07:04+00:00,area_trajectory,grain,,1788507120000.0,,3.2514426267854897
2026-09-05T00:07:04+00:00,area_trajectory,grain,,1788507240000.0,,3.22837060530111
2026-09-05T00:07:04+00:00,area_trajectory,grain,,1788507360000.0,,3.22837060530111
2026-09-05T00:07:04+00:00,area_trajectory,grain,,1788507480000.0,,3.24221374494955
2026-09-05T00:07:04+00:00,area_trajectory,grain,,1788507600000.0,,3.24221374494955
2026-09-05T00:07:04+00:00,area_trajectory,grain,,1788507720000.0,,3.20299145491049
2026-09-05T00:07:04+00:00,area_trajectory,grain,,1788507840000.0,,3.20299145491049
2026-09-05T00:07:04+00:00,area_trajectory,grain,,1788507960000.0,,3.21947131330892
2026-09-05T00:07:04+00:00,area_trajectory,grain,,1788508080000.0,,3.21947131330892
2026-09-05T00:07:04+00:00,area_trajectory,grain,,1788508200000.0,,3.2890169676058
2026-09-05T00:07:04+00:00,area_trajectory,grain,,1788508320000.0,,3.2890169676058
2026-09-05T00:07:04+00:00,area_trajectory,grain,,1788508440000.0,,3.1947513426058
2026-09-05T00:07:04+00:00,area_trajectory,grain,,1788508560000.0,,3.1947513426058
2026-09-05T00:07:04+00:00,area_trajectory,grain,,1788508680000.0,,3.65685058576986
2026-09-05T00:07:04+00:00,area_trajectory,grain,,1788508800000.0,,3.65685058576986
2026-09-05T00:07:04+00:00,area_trajectory,grain,,1788508920000.0,,3.65685058576986
2026-09-05T00:07:04+00:00,area_trajectory,grain,,1788509040000.0,,3.7224407957308
2026-09-05T00:07:04+00:00,area_trajectory,grain,,1788509160000.0,,3.7224407957308
2026-09-05T00:07:04+00:00,area_trajectory,grain,,1788509280000.0,,3.7224407957308
2026-09-05T00:07:04+00:00,area_trajectory,grain,,1788509400000.0,,3.7224407957308
2026-09-05T00:07:04+00:00,area_trajectory,grain,,1788509520000.0,,3.7524345701448603
2026-09-05T00:07:04+00:00,area_trajectory,grain,,1788509640000.0,,3.7524345701448603
2026-09-05T00:07:04+00:00,area_trajectory,grain,,1788509760000.0,,3.7524345701448603
2026-09-05T00:07:04+00:00,area_trajectory,grain,,1788509880000.0,,3.7524345701448603
2026-09-05T00:07:04+00:00,area_trajectory,grain,,1788510000000.0,,3.06818499739096
2026-09-05T00:07:04+00:00,area_trajectory,grain,,1788510120000.0,,3.06818499739096
2026-09-05T00:07:04+00:00,area_trajectory,grain,,1788510240000.0,,3.06818499739096
2026-09-05T00:07:04+00:00,area_trajectory,grain,,1788510360000.0,,3.08862011701986
2026-09-05T00:07:04+00:00,area_trajectory,grain,,1788510480000.0,,3.08862011701986
2026-09-05T00:07:04+00:00,area_trajectory,grain,,1788510600000.0,,3.14201550276205
2026-09-05T00:07:04+00:00,area_trajectory,grain,,1788510720000.0,,3.14201550276205
2026-09-05T00:07:04+00:00,area_trajectory,grain,,1788510840000.0,,3.12223937971517
2026-09-05T00:07:04+00:00,area_trajectory,grain,,1788510960000.0,,3.12223937971517
2026-09-05T00:07:04+00:00,area_trajectory,grain,,1788511080000.0,,3.17596435530111
2026-09-05T00:07:04+00:00,area_trajectory,grain,,1788511200000.0,,3.17596435530111
2026-09-05T00:07:04+00:00,area_trajectory,grain,,1788511320000.0,,3.1360825193636104
2026-09-05T00:07:04+00:00,area_trajectory,grain,,1788511440000.0,,3.1360825193636104
2026-09-05T00:07:04+00:00,area_trajectory,grain,,1788511560000.0,,3.1166363523714202
2026-09-05T00:07:04+00:00,area_trajectory,grain,,1788511680000.0,,3.1166363523714202
2026-09-05T00:07:04+00:00,area_trajectory,grain,,1788511800000.0,,3.1166363523714202
2026-09-05T00:07:04+00:00,area_trajectory,grain,,1788511920000.0,,3.1166363523714202
2026-09-05T00:07:04+00:00,area_trajectory,grain,,1788512040000.0,,3.1301499021761097
2026-09-05T00:07:04+00:00,area_trajectory,grain,,1788512160000.0,,3.1301499021761097
2026-09-05T00:07:04+00:00,area_trajectory,grain,,1788512280000.0,,3.1301499021761097
2026-09-05T00:07:04+00:00,area_trajectory,grain,,1788512400000.0,,3.1301499021761097
2026-09-05T00:07:04+00:00,area_trajectory,grain,,1788512520000.0,,3.1301499021761097
2026-09-05T00:07:04+00:00,area_trajectory,grain,,1788512640000.0,,3.07378820784017
2026-09-05T00:07:04+00:00,area_trajectory,grain,,1788512760000.0,,3.10971459944174
2026-09-05T00:07:04+00:00,area_trajectory,grain,,1788512880000.0,,3.10971459944174
2026-09-05T00:07:04+00:00,area_trajectory,grain,,1788513000000.0,,3.16080249006674
2026-09-05T00:07:04+00:00,area_trajectory,grain,,1788513120000.0,,3.16080249006674
2026-09-05T00:07:04+00:00,area_trajectory,grain,,1788513240000.0,,3.10411157209799
2026-09-05T00:07:04+00:00,area_trajectory,grain,,1788513360000.0,,3.10411157209799
2026-09-05T00:07:04+00:00,area_trajectory,grain,,1788513480000.0,,3.1792602537386103
2026-09-05T00:07:04+00:00,area_trajectory,grain,,1788513600000.0,,3.1792602537386103
2026-09-05T00:07:04+00:00,area_trajectory,grain,,1788513720000.0,,3.15816577131674
2026-09-05T00:07:04+00:00,area_trajectory,grain,,1788513840000.0,,3.15816577131674
2026-09-05T00:07:04+00:00,area_trajectory,grain,,1788513960000.0,,3.1410267332308
2026-09-05T00:07:04+00:00,area_trajectory,grain,,1788514080000.0,,3.1410267332308
2026-09-05T00:07:04+00:00,area_trajectory,grain,,1788514200000.0,,3.08598339826986
2026-09-05T00:07:04+00:00,area_trajectory,grain,,1788514320000.0,,3.08598339826986
2026-09-05T00:07:04+00:00,area_trajectory,grain,,1788514440000.0,,3.10312280256674
2026-09-05T00:07:04+00:00,area_trajectory,grain,,1788514560000.0,,3.10312280256674
2026-09-05T00:07:04+00:00,area_trajectory,grain,,1788514680000.0,,3.23100732405111
2026-09-05T00:07:04+00:00,area_trajectory,grain,,1788514800000.0,,3.23100732405111
2026-09-05T00:07:04+00:00,area_trajectory,grain,,1788514920000.0,,3.10411157209799
2026-09-05T00:07:04+00:00,area_trajectory,grain,,1788515040000.0,,3.10411157209799
2026-09-05T00:07:04+00:00,area_trajectory,grain,,1788515160000.0,,3.15981372053549
2026-09-05T00:07:04+00:00,area_trajectory,grain,,1788515280000.0,,3.15981372053549
2026-09-05T00:07:04+00:00,area_trajectory,grain,,1788515400000.0,,3.17860107405111
2026-09-05T00:07:04+00:00,area_trajectory,grain,,1788515520000.0,,3.17860107405111
2026-09-05T00:07:04+00:00,area_trajectory,grain,,1788515640000.0,,3.1294907224886095
2026-09-05T00:07:04+00:00,area_trajectory,grain,,1788515760000.0,,3.1294907224886095
2026-09-05T00:07:04+00:00,area_trajectory,grain,,1788515880000.0,,3.1189434812776695
2026-09-05T00:07:04+00:00,area_trajectory,grain,,1788516000000.0,,3.1189434812776695
2026-09-05T00:07:04+00:00,area_trajectory,grain,,1788516120000.0,,3.1189434812776695
2026-09-05T00:07:04+00:00,area_trajectory,grain,,1788516240000.0,,3.17761230451986
2026-09-05T00:07:04+00:00,area_trajectory,grain,,1788516360000.0,,3.1588249510042403
2026-09-05T00:07:04+00:00,area_trajectory,grain,,1788516480000.0,,3.1588249510042403
2026-09-05T00:07:04+00:00,area_trajectory,grain,,1788516600000.0,,3.12223937971517
2026-09-05T00:07:04+00:00,area_trajectory,grain,,1788516720000.0,,3.12223937971517
2026-09-05T00:07:04+00:00,area_trajectory,grain,,1788516840000.0,,3.1753051756136097
2026-09-05T00:07:04+00:00,area_trajectory,grain,,1788516960000.0,,3.1753051756136097
2026-09-05T00:07:04+00:00,area_trajectory,grain,,1788517080000.0,,3.1166363523714202
2026-09-05T00:07:04+00:00,area_trajectory,grain,,1788517200000.0,,3.1166363523714202
2026-09-05T00:07:04+00:00,area_trajectory,grain,,1788517320000.0,,3.1495960691683
2026-09-05T00:07:04+00:00,area_trajectory,grain,,1788517440000.0,,3.1495960691683
2026-09-05T00:07:04+00:00,area_trajectory,grain,,1788517560000.0,,3.1126809080354896
2026-09-05T00:07:04+00:00,area_trajectory,grain,,1788517680000.0,,3.1126809080354896
2026-09-05T00:07:04+00:00,area_trajectory,grain,,1788517800000.0,,3.1664058836214197
2026-09-05T00:07:04+00:00,area_trajectory,grain,,1788517920000.0,,3.1664058836214197
2026-09-05T00:07:04+00:00,area_trajectory,grain,,1788518040000.0,,3.0899384763948596
2026-09-05T00:07:04+00:00,area_trajectory,grain,,1788518160000.0,,3.0899384763948596
2026-09-05T00:07:04+00:00,area_trajectory,grain,,1788518280000.0,,3.14399304182455
2026-09-05T00:07:04+00:00,area_trajectory,grain,,1788518400000.0,,3.14399304182455
2026-09-05T00:07:04+00:00,area_trajectory,grain,,1788518520000.0,,3.14399304182455
2026-09-05T00:07:04+00:00,area_trajectory,grain,,1788518640000.0,,3.14399304182455
2026-09-05T00:07:04+00:00,area_trajectory,grain,,1788518760000.0,,3.12388732893392
2026-09-05T00:07:04+00:00,area_trajectory,grain,,1788518880000.0,,3.12388732893392
2026-09-05T00:07:04+00:00,area_trajectory,grain,,1788519000000.0,,3.12388732893392
2026-09-05T00:07:04+00:00,area_trajectory,grain,,1788519120000.0,,3.12388732893392
2026-09-05T00:07:04+00:00,area_trajectory,grain,,1788519240000.0,,3.1423450926058
2026-09-05T00:07:04+00:00,area_trajectory,grain,,1788519360000.0,,3.1423450926058
2026-09-05T00:07:04+00:00,area_trajectory,grain,,1788519480000.0,,3.12454650862142
2026-09-05T00:07:04+00:00,area_trajectory,grain,,1788519600000.0,,3.12454650862142
2026-09-05T00:07:04+00:00,area_trajectory,grain,,1788519720000.0,,3.12454650862142
2026-09-05T00:07:04+00:00,area_trajectory,grain,,1788519840000.0,,3.17958984358236
2026-09-05T00:07:04+00:00,area_trajectory,grain,,1788519960000.0,,3.1410267332308
2026-09-05T00:07:04+00:00,area_trajectory,grain,,1788520080000.0,,3.1410267332308
2026-09-05T00:07:04+00:00,area_trajectory,grain,,1788520200000.0,,3.1018040769808
2026-09-05T00:07:04+00:00,area_trajectory,grain,,1788520320000.0,,3.1018040769808
2026-09-05T00:07:04+00:00,area_trajectory,grain,,1788520440000.0,,3.1018040769808
2026-09-05T00:07:04+00:00,area_trajectory,grain,,1788520560000.0,,3.1018040769808
2026-09-05T00:07:04+00:00,area_trajectory,grain,,1788520680000.0,,3.08400585920736
2026-09-05T00:07:04+00:00,area_trajectory,grain,,1788520800000.0,,3.08400585920736
2026-09-05T00:07:04+00:00,area_trajectory,grain,,1788520920000.0,,3.2118907469026703
2026-09-05T00:07:04+00:00,area_trajectory,grain,,1788521040000.0,,3.2118907469026703
2026-09-05T00:07:04+00:00,area_trajectory,grain,,1788521160000.0,,3.1733272703401703
2026-09-05T00:07:04+00:00,area_trajectory,grain,,1788521280000.0,,3.1733272703401703
2026-09-05T00:07:04+00:00,area_trajectory,grain,,1788521400000.0,,3.1166363523714202
2026-09-05T00:07:04+00:00,area_trajectory,grain,,1788521520000.0,,3.1166363523714202
2026-09-05T00:07:04+00:00,area_trajectory,grain,,1788521640000.0,,3.8049336813203998
2026-09-05T00:07:04+00:00,area_trajectory,grain,,1788521760000.0,,3.9137002371065304
2026-09-05T00:07:04+00:00,area_trajectory,grain,,1788521880000.0,,2.87622518904135
2026-09-05T00:07:04+00:00,area_trajectory,grain,,1788522000000.0,,2.81250353224203
2026-09-05T00:07:04+00:00,area_trajectory,grain,,1788522120000.0,,2.4117138899080497
2026-09-05T00:07:04+00:00,area_trajectory,grain,,1788522240000.0,,2.4908164060823603
2026-09-05T00:07:04+00:00,area_trajectory,grain,,1788522360000.0,,2.55893307096884
2026-09-05T00:07:04+00:00,area_trajectory,grain,,1788522480000.0,,2.57431393034384
2026-09-05T00:07:04+00:00,area_trajectory,grain,,1788522600000.0,,1.87007016355917
2026-09-05T00:07:04+00:00,area_trajectory,grain,,1788522720000.0,,0.597833816360682
2026-09-05T00:07:04+00:00,area_trajectory,grain,,1788522840000.0,,1.05729602034017
2026-09-05T00:07:04+00:00,area_trajectory,grain,,1788522960000.0,,1.05729602034017
2026-09-05T00:07:04+00:00,area_trajectory,grain,,1788523080000.0,,2.49138519270346
2026-09-05T00:07:04+00:00,area_trajectory,grain,,1788523200000.0,,2.49138519270346
2026-09-05T00:07:04+00:00,area_trajectory,grain,,1788523320000.0,,2.49138519270346
2026-09-05T00:07:04+00:00,area_trajectory,grain,,1788523440000.0,,2.51511639387533
2026-09-05T00:07:04+00:00,area_trajectory,grain,,1788523560000.0,,3.1940921629182997
2026-09-05T00:07:04+00:00,area_trajectory,grain,,1788523680000.0,,3.1940921629182997
2026-09-05T00:07:04+00:00,area_trajectory,grain,,1788523800000.0,,3.0032539671175202
2026-09-05T00:07:04+00:00,area_trajectory,grain,,1788523920000.0,,3.0032539671175202
2026-09-05T00:07:04+00:00,area_trajectory,grain,,1788524040000.0,,3.1100441892854898
2026-09-05T00:07:04+00:00,area_trajectory,grain,,1788524160000.0,,3.1100441892854898
2026-09-05T00:07:04+00:00,area_trajectory,grain,,1788524280000.0,,3.1225689695589196
2026-09-05T00:07:04+00:00,area_trajectory,grain,,1788524400000.0,,3.1225689695589196
2026-09-05T00:07:04+00:00,area_trajectory,grain,,1788524520000.0,,3.1225689695589196
2026-09-05T00:07:04+00:00,area_trajectory,grain,,1788524640000.0,,3.1225689695589196
2026-09-05T00:07:04+00:00,area_trajectory,grain,,1788524760000.0,,3.2010139158479904
2026-09-05T00:07:04+00:00,area_trajectory,grain,,1788524880000.0,,3.2010139158479904
2026-09-05T00:07:04+00:00,area_trajectory,grain,,1788525000000.0,,3.1657467039339195
2026-09-05T00:07:04+00:00,area_trajectory,grain,,1788525120000.0,,3.1657467039339195
2026-09-05T00:07:04+00:00,area_trajectory,grain,,1788525240000.0,,3.11136254866049
2026-09-05T00:07:04+00:00,area_trajectory,grain,,1788525360000.0,,3.11136254866049
2026-09-05T00:07:04+00:00,area_trajectory,grain,,1788525480000.0,,3.1838745115511102
2026-09-05T00:07:04+00:00,area_trajectory,grain,,1788525600000.0,,3.1838745115511102
2026-09-05T00:07:04+00:00,area_trajectory,grain,,1788525720000.0,,3.2392474363558
2026-09-05T00:07:04+00:00,area_trajectory,grain,,1788525840000.0,,3.2392474363558
2026-09-05T00:07:04+00:00,area_trajectory,grain,,1788525960000.0,,3.2586939695589203
2026-09-05T00:07:04+00:00,area_trajectory,grain,,1788526080000.0,,3.2586939695589203
2026-09-05T00:07:04+00:00,area_trajectory,grain,,1788526200000.0,,3.2412249754183002
2026-09-05T00:07:04+00:00,area_trajectory,grain,,1788526320000.0,,3.2412249754183002
2026-09-05T00:07:04+00:00,area_trajectory,grain,,1788526440000.0,,3.3163736570589197
2026-09-05T00:07:04+00:00,area_trajectory,grain,,1788526560000.0,,3.3163736570589197
2026-09-05T00:07:04+00:00,area_trajectory,grain,,1788526680000.0,,3.2237563474886097
2026-09-05T00:07:04+00:00,area_trajectory,grain,,1788526800000.0,,3.2237563474886097
2026-09-05T00:07:04+00:00,area_trajectory,grain,,1788526920000.0,,3.2237563474886097
2026-09-05T00:07:04+00:00,area_trajectory,grain,,1788527040000.0,,3.27912890608236
2026-09-05T00:07:04+00:00,area_trajectory,grain,,1788527160000.0,,3.27912890608236
2026-09-05T00:07:04+00:00,area_trajectory,grain,,1788527280000.0,,3.27912890608236
2026-09-05T00:07:04+00:00,area_trajectory,grain,,1788527400000.0,,3.31406652815267
2026-09-05T00:07:04+00:00,area_trajectory,grain,,1788527520000.0,,3.31406652815267
2026-09-05T00:07:04+00:00,area_trajectory,grain,,1788527640000.0,,3.2962683103792396
2026-09-05T00:07:04+00:00,area_trajectory,grain,,1788527760000.0,,3.2962683103792396
2026-09-05T00:07:04+00:00,area_trajectory,grain,,1788527880000.0,,3.3143961179964196
2026-09-05T00:07:04+00:00,area_trajectory,grain,,1788528000000.0,,3.3143961179964196
2026-09-05T00:07:04+00:00,area_trajectory,grain,,1788528120000.0,,3.26001232893392
2026-09-05T00:07:04+00:00,area_trajectory,grain,,1788528240000.0,,3.26001232893392
2026-09-05T00:07:04+00:00,area_trajectory,grain,,1788528360000.0,,3.3321947019808
2026-09-05T00:07:04+00:00,area_trajectory,grain,,1788528480000.0,,3.3321947019808
2026-09-05T00:07:04+00:00,area_trajectory,grain,,1788528600000.0,,3.26067150862142
2026-09-05T00:07:04+00:00,area_trajectory,grain,,1788528720000.0,,3.26067150862142
2026-09-05T00:07:04+00:00,area_trajectory,grain,,1788528840000.0,,3.31406652815267
2026-09-05T00:07:04+00:00,area_trajectory,grain,,1788528960000.0,,3.31406652815267
2026-09-05T00:07:04+00:00,area_trajectory,grain,,1788529080000.0,,3.29527954084799
2026-09-05T00:07:04+00:00,area_trajectory,grain,,1788529200000.0,,3.29527954084799
2026-09-05T00:07:04+00:00,area_trajectory,grain,,1788529320000.0,,3.31406652815267
2026-09-05T00:07:04+00:00,area_trajectory,grain,,1788529440000.0,,3.31406652815267
2026-09-05T00:07:04+00:00,area_trajectory,grain,,1788529560000.0,,3.24221374494955
2026-09-05T00:07:04+00:00,area_trajectory,grain,,1788529680000.0,,3.24221374494955
2026-09-05T00:07:04+00:00,area_trajectory,grain,,1788529800000.0,,3.2969274900667402
2026-09-05T00:07:04+00:00,area_trajectory,grain,,1788529920000.0,,3.2969274900667402
2026-09-05T00:07:04+00:00,area_trajectory,grain,,1788530040000.0,,3.2969274900667402
2026-09-05T00:07:04+00:00,area_trajectory,grain,,1788530160000.0,,3.2969274900667402
2026-09-05T00:07:04+00:00,area_trajectory,grain,,1788530280000.0,,3.26264904768392
2026-09-05T00:07:04+00:00,area_trajectory,grain,,1788530400000.0,,3.26264904768392
2026-09-05T00:07:04+00:00,area_trajectory,grain,,1788530520000.0,,3.26264904768392
2026-09-05T00:07:04+00:00,area_trajectory,grain,,1788530640000.0,,3.29725707991049
2026-09-05T00:07:04+00:00,area_trajectory,grain,,1788530760000.0,,3.2207896726839196
2026-09-05T00:07:04+00:00,area_trajectory,grain,,1788530880000.0,,3.2207896726839196
2026-09-05T00:07:04+00:00,area_trajectory,grain,,1788531000000.0,,3.29198327619955
2026-09-05T00:07:04+00:00,area_trajectory,grain,,1788531120000.0,,3.29198327619955
2026-09-05T00:07:04+00:00,area_trajectory,grain,,1788531240000.0,,3.31044103987142
2026-09-05T00:07:04+00:00,area_trajectory,grain,,1788531360000.0,,3.31044103987142
2026-09-05T00:07:04+00:00,area_trajectory,grain,,1788531480000.0,,3.2903353269808
2026-09-05T00:07:04+00:00,area_trajectory,grain,,1788531600000.0,,3.2903353269808
2026-09-05T00:07:04+00:00,area_trajectory,grain,,1788531720000.0,,3.2903353269808
2026-09-05T00:07:04+00:00,area_trajectory,grain,,1788531840000.0,,3.2903353269808
2026-09-05T00:07:04+00:00,area_trajectory,grain,,1788531960000.0,,3.32955761701986
2026-09-05T00:07:04+00:00,area_trajectory,grain,,1788532080000.0,,3.32955761701986
2026-09-05T00:07:04+00:00,area_trajectory,grain,,1788532200000.0,,3.27484423811361
2026-09-05T00:07:04+00:00,area_trajectory,grain,,1788532320000.0,,3.27484423811361
2026-09-05T00:07:04+00:00,area_trajectory,grain,,1788532440000.0,,3.29330163557455
2026-09-05T00:07:04+00:00,area_trajectory,grain,,1788532560000.0,,3.29330163557455
2026-09-05T00:07:04+00:00,area_trajectory,grain,,1788532680000.0,,3.2405657957308
2026-09-05T00:07:04+00:00,area_trajectory,grain,,1788532800000.0,,3.2405657957308
2026-09-05T00:07:04+00:00,area_trajectory,grain,,1788532920000.0,,3.29725707991049
2026-09-05T00:07:04+00:00,area_trajectory,grain,,1788533040000.0,,3.29725707991049
2026-09-05T00:07:04+00:00,area_trajectory,grain,,1788533160000.0,,3.2445208738558
2026-09-05T00:07:04+00:00,area_trajectory,grain,,1788533280000.0,,3.2445208738558
2026-09-05T00:07:04+00:00,area_trajectory,grain,,1788533400000.0,,3.33713854963705
2026-09-05T00:07:04+00:00,area_trajectory,grain,,1788533520000.0,,3.33713854963705
2026-09-05T00:07:04+00:00,area_trajectory,grain,,1788533640000.0,,3.28473229963705
2026-09-05T00:07:04+00:00,area_trajectory,grain,,1788533760000.0,,3.28473229963705
2026-09-05T00:07:04+00:00,area_trajectory,grain,,1788533880000.0,,3.26825207502767
2026-09-05T00:07:04+00:00,area_trajectory,grain,,1788534000000.0,,3.26825207502767
2026-09-05T00:07:04+00:00,area_trajectory,grain,,1788534120000.0,,3.26825207502767
2026-09-05T00:07:04+00:00,area_trajectory,grain,,1788534240000.0,,3.2883577879183
2026-09-05T00:07:04+00:00,area_trajectory,grain,,1788534360000.0,,3.23496276838705
2026-09-05T00:07:04+00:00,area_trajectory,grain,,1788534480000.0,,3.23496276838705
2026-09-05T00:07:04+00:00,area_trajectory,grain,,1788534600000.0,,3.31044103987142
2026-09-05T00:07:04+00:00,area_trajectory,grain,,1788534720000.0,,3.31044103987142
2026-09-05T00:07:04+00:00,area_trajectory,grain,,1788534840000.0,,3.3302171629183004
2026-09-05T00:07:04+00:00,area_trajectory,grain,,1788534960000.0,,3.3302171629183004
2026-09-05T00:07:04+00:00,area_trajectory,grain,,1788535080000.0,,3.2214488523714198
2026-09-05T00:07:04+00:00,area_trajectory,grain,,1788535200000.0,,3.2214488523714198
2026-09-05T00:07:04+00:00,area_trajectory,grain,,1788535320000.0,,3.31505529768392
2026-09-05T00:07:04+00:00,area_trajectory,grain,,1788535440000.0,,3.31505529768392
2026-09-05T00:07:04+00:00,area_trajectory,grain,,1788535560000.0,,3.31505529768392
2026-09-05T00:07:04+00:00,area_trajectory,grain,,1788535680000.0,,3.31505529768392
2026-09-05T00:07:04+00:00,area_trajectory,grain,,1788535800000.0,,3.20793530256674
2026-09-05T00:07:04+00:00,area_trajectory,grain,,1788535920000.0,,3.20793530256674
2026-09-05T00:07:04+00:00,area_trajectory,grain,,1788536040000.0,,3.3387864988558
2026-09-05T00:07:04+00:00,area_trajectory,grain,,1788536160000.0,,3.3387864988558
2026-09-05T00:07:04+00:00,area_trajectory,grain,,1788536280000.0,,3.26660412580892
2026-09-05T00:07:04+00:00,area_trajectory,grain,,1788536400000.0,,3.26660412580892
2026-09-05T00:07:04+00:00,area_trajectory,grain,,1788536520000.0,,3.30450805647299
2026-09-05T00:07:04+00:00,area_trajectory,grain,,1788536640000.0,,3.30450805647299
2026-09-05T00:07:04+00:00,area_trajectory,grain,,1788536760000.0,,3.30450805647299
2026-09-05T00:07:04+00:00,area_trajectory,grain,,1788536880000.0,,3.30450805647299
2026-09-05T00:07:04+00:00,area_trajectory,grain,,1788537000000.0,,3.25177221662924
2026-09-05T00:07:04+00:00,area_trajectory,grain,,1788537120000.0,,3.25177221662924
2026-09-05T00:07:04+00:00,area_trajectory,grain,,1788537240000.0,,3.23496276838705
2026-09-05T00:07:04+00:00,area_trajectory,grain,,1788537360000.0,,3.23496276838705
2026-09-05T00:07:04+00:00,area_trajectory,grain,,1788537480000.0,,3.27187792951986
2026-09-05T00:07:04+00:00,area_trajectory,grain,,1788537600000.0,,3.27187792951986
2026-09-05T00:07:04+00:00,area_trajectory,grain,,1788537720000.0,,3.27187792951986
2026-09-05T00:07:04+00:00,area_trajectory,grain,,1788537840000.0,,3.2352923582308
2026-09-05T00:07:04+00:00,area_trajectory,grain,,1788537960000.0,,3.25374975569174
2026-09-05T00:07:04+00:00,area_trajectory,grain,,1788538080000.0,,3.25374975569174
2026-09-05T00:07:04+00:00,area_trajectory,grain,,1788538200000.0,,3.3107706297151696
2026-09-05T00:07:04+00:00,area_trajectory,grain,,1788538320000.0,,3.3107706297151696
2026-09-05T00:07:04+00:00,area_trajectory,grain,,1788538440000.0,,3.27385546858236
2026-09-05T00:07:04+00:00,area_trajectory,grain,,1788538560000.0,,3.27385546858236
2026-09-05T00:07:04+00:00,area_trajectory,grain,,1788538680000.0,,3.29066491682455
2026-09-05T00:07:04+00:00,area_trajectory,grain,,1788538800000.0,,3.29066491682455
2026-09-05T00:07:04+00:00,area_trajectory,grain,,1788538920000.0,,3.3269208982698597
2026-09-05T00:07:04+00:00,area_trajectory,grain,,1788539040000.0,,3.3269208982698597
2026-09-05T00:07:04+00:00,area_trajectory,grain,,1788539160000.0,,3.30879309065267
2026-09-05T00:07:04+00:00,area_trajectory,grain,,1788539280000.0,,3.30879309065267
2026-09-05T00:07:04+00:00,area_trajectory,grain,,1788539400000.0,,3.27253710920736
2026-09-05T00:07:04+00:00,area_trajectory,grain,,1788539520000.0,,3.27253710920736
2026-09-05T00:07:04+00:00,area_trajectory,grain,,1788539640000.0,,3.27253710920736
2026-09-05T00:07:04+00:00,area_trajectory,grain,,1788539760000.0,,3.27253710920736
2026-09-05T00:07:04+00:00,area_trajectory,grain,,1788539880000.0,,3.2530905760042397
2026-09-05T00:07:04+00:00,area_trajectory,grain,,1788540000000.0,,3.2530905760042397
2026-09-05T00:07:04+00:00,area_trajectory,grain,,1788540120000.0,,3.29132409651205
2026-09-05T00:07:04+00:00,area_trajectory,grain,,1788540240000.0,,3.29132409651205
2026-09-05T00:07:04+00:00,area_trajectory,grain,,1788540360000.0,,3.29132409651205
2026-09-05T00:07:04+00:00,area_trajectory,grain,,1788540480000.0,,3.29132409651205
2026-09-05T00:07:04+00:00,area_trajectory,grain,,1788540600000.0,,3.2346331785433002
2026-09-05T00:07:04+00:00,area_trajectory,grain,,1788540720000.0,,3.2346331785433002
2026-09-05T00:07:04+00:00,area_trajectory,grain,,1788540840000.0,,3.29066491682455
2026-09-05T00:07:04+00:00,area_trajectory,grain,,1788540960000.0,,3.29066491682455
2026-09-05T00:07:04+00:00,area_trajectory,grain,,1788541080000.0,,3.27154833967611
2026-09-05T00:07:04+00:00,area_trajectory,grain,,1788541200000.0,,3.27154833967611
2026-09-05T00:07:04+00:00,area_trajectory,grain,,1788541320000.0,,3.27154833967611
2026-09-05T00:07:04+00:00,area_trajectory,grain,,1788541440000.0,,3.2886873777620496
2026-09-05T00:07:04+00:00,area_trajectory,grain,,1788541560000.0,,3.27154833967611
2026-09-05T00:07:04+00:00,area_trajectory,grain,,1788541680000.0,,3.27154833967611
2026-09-05T00:07:04+00:00,area_trajectory,grain,,1788541800000.0,,3.27154833967611
2026-09-05T00:07:04+00:00,area_trajectory,grain,,1788541920000.0,,3.27154833967611
2026-09-05T00:07:04+00:00,area_trajectory,grain,,1788542040000.0,,3.25012426741049
2026-09-05T00:07:04+00:00,area_trajectory,grain,,1788542160000.0,,3.25012426741049
2026-09-05T00:07:04+00:00,area_trajectory,grain,,1788542280000.0,,3.25012426741049
2026-09-05T00:07:04+00:00,area_trajectory,grain,,1788542400000.0,,3.25012426741049
2026-09-05T00:07:04+00:00,area_trajectory,grain,,1788542520000.0,,3.3206586912386102
2026-09-05T00:07:04+00:00,area_trajectory,grain,,1788542640000.0,,3.3206586912386102
2026-09-05T00:07:04+00:00,area_trajectory,grain,,1788542760000.0,,3.2468283689729898
2026-09-05T00:07:04+00:00,area_trajectory,grain,,1788542880000.0,,3.2468283689729898
2026-09-05T00:07:04+00:00,area_trajectory,grain,,1788543000000.0,,3.31934033186361
2026-09-05T00:07:04+00:00,area_trajectory,grain,,1788543120000.0,,3.31934033186361
2026-09-05T00:07:04+00:00,area_trajectory,grain,,1788543240000.0,,3.31934033186361
2026-09-05T00:07:04+00:00,area_trajectory,grain,,1788543360000.0,,3.31934033186361
2026-09-05T00:07:04+00:00,area_trajectory,grain,,1788543480000.0,,3.28143603498861
2026-09-05T00:07:04+00:00,area_trajectory,grain,,1788543600000.0,,3.28143603498861
2026-09-05T00:07:04+00:00,area_trajectory,grain,,1788543720000.0,,3.28143603498861
2026-09-05T00:07:04+00:00,area_trajectory,grain,,1788543840000.0,,3.28143603498861
2026-09-05T00:07:04+00:00,area_trajectory,grain,,1788543960000.0,,3.29527954084799
2026-09-05T00:07:04+00:00,area_trajectory,grain,,1788544080000.0,,3.29527954084799
2026-09-05T00:07:04+00:00,area_trajectory,grain,,1788544200000.0,,3.22111926252767
2026-09-05T00:07:04+00:00,area_trajectory,grain,,1788544320000.0,,3.22111926252767
2026-09-05T00:07:04+00:00,area_trajectory,grain,,1788544440000.0,,3.2929720457308
2026-09-05T00:07:04+00:00,area_trajectory,grain,,1788544560000.0,,3.2929720457308
2026-09-05T00:07:04+00:00,area_trajectory,grain,,1788544680000.0,,3.27484423811361
2026-09-05T00:07:04+00:00,area_trajectory,grain,,1788544800000.0,,3.27484423811361
2026-09-05T00:07:04+00:00,area_trajectory,grain,,1788544920000.0,,3.27484423811361
2026-09-05T00:07:04+00:00,area_trajectory,grain,,1788545040000.0,,3.27484423811361
2026-09-05T00:07:04+00:00,area_trajectory,grain,,1788545160000.0,,3.29066491682455
2026-09-05T00:07:04+00:00,area_trajectory,grain,,1788545280000.0,,3.29066491682455
2026-09-05T00:07:04+00:00,area_trajectory,grain,,1788545400000.0,,3.29066491682455
2026-09-05T00:07:04+00:00,area_trajectory,grain,,1788545520000.0,,3.29066491682455
2026-09-05T00:07:04+00:00,area_trajectory,grain,,1788545640000.0,,3.26858166487142
2026-09-05T00:07:04+00:00,area_trajectory,grain,,1788545760000.0,,3.26858166487142
2026-09-05T00:07:04+00:00,area_trajectory,grain,,1788545880000.0,,3.32461376936361
2026-09-05T00:07:04+00:00,area_trajectory,grain,,1788546000000.0,,3.32461376936361
2026-09-05T00:07:04+00:00,area_trajectory,grain,,1788546120000.0,,3.30318969709799
2026-09-05T00:07:04+00:00,area_trajectory,grain,,1788546240000.0,,3.30318969709799
2026-09-05T00:07:04+00:00,area_trajectory,grain,,1788546360000.0,,3.32098828108236
2026-09-05T00:07:04+00:00,area_trajectory,grain,,1788546480000.0,,3.32098828108236
2026-09-05T00:07:04+00:00,area_trajectory,grain,,1788546600000.0,,3.32098828108236
2026-09-05T00:07:04+00:00,area_trajectory,grain,,1788546720000.0,,3.32098828108236
2026-09-05T00:07:04+00:00,area_trajectory,grain,,1788546840000.0,,3.30088256819174
2026-09-05T00:07:04+00:00,area_trajectory,grain,,1788546960000.0,,3.30088256819174
2026-09-05T00:07:04+00:00,area_trajectory,grain,,1788547080000.0,,3.28077685530111
2026-09-05T00:07:04+00:00,area_trajectory,grain,,1788547200000.0,,3.28077685530111
2026-09-05T00:07:04+00:00,area_trajectory,grain,,1788547320000.0,,3.2985754392854902
2026-09-05T00:07:04+00:00,area_trajectory,grain,,1788547440000.0,,3.2985754392854902
2026-09-05T00:07:04+00:00,area_trajectory,grain,,1788547560000.0,,3.2781401365511096
2026-09-05T00:07:04+00:00,area_trajectory,grain,,1788547680000.0,,3.2781401365511096
2026-09-05T00:07:04+00:00,area_trajectory,grain,,1788547800000.0,,3.31472570784017
2026-09-05T00:07:04+00:00,area_trajectory,grain,,1788547920000.0,,3.31472570784017
2026-09-05T00:07:04+00:00,area_trajectory,grain,,1788548040000.0,,3.31472570784017
2026-09-05T00:07:04+00:00,area_trajectory,grain,,1788548160000.0,,3.31472570784017
2026-09-05T00:07:04+00:00,area_trajectory,grain,,1788548280000.0,,3.2586939695589203
2026-09-05T00:07:04+00:00,area_trajectory,grain,,1788548400000.0,,3.2586939695589203
2026-09-05T00:07:04+00:00,area_trajectory,grain,,1788548520000.0,,3.2586939695589203
2026-09-05T00:07:04+00:00,area_trajectory,grain,,1788548640000.0,,3.2929720457308
2026-09-05T00:07:04+00:00,area_trajectory,grain,,1788548760000.0,,3.32922802717611
2026-09-05T00:07:04+00:00,area_trajectory,grain,,1788548880000.0,,3.32922802717611
2026-09-05T00:07:04+00:00,area_trajectory,grain,,1788549000000.0,,3.30945227034017
2026-09-05T00:07:04+00:00,area_trajectory,grain,,1788549120000.0,,3.30945227034017
2026-09-05T00:07:04+00:00,area_trajectory,grain,,1788549240000.0,,3.2909945066683
2026-09-05T00:07:04+00:00,area_trajectory,grain,,1788549360000.0,,3.2909945066683
2026-09-05T00:07:04+00:00,area_trajectory,grain,,1788549480000.0,,3.27220751936361
2026-09-05T00:07:04+00:00,area_trajectory,grain,,1788549600000.0,,3.27220751936361
2026-09-05T00:07:04+00:00,area_trajectory,grain,,1788549720000.0,,3.2343035886995497
2026-09-05T00:07:04+00:00,area_trajectory,grain,,1788549840000.0,,3.2343035886995497
2026-09-05T00:07:04+00:00,area_trajectory,grain,,1788549960000.0,,3.25210180647299
2026-09-05T00:07:04+00:00,area_trajectory,grain,,1788550080000.0,,3.25210180647299
2026-09-05T00:07:04+00:00,area_trajectory,grain,,1788550200000.0,,3.3232954099886105
2026-09-05T00:07:04+00:00,area_trajectory,grain,,1788550320000.0,,3.3232954099886105
2026-09-05T00:07:04+00:00,area_trajectory,grain,,1788550440000.0,,3.23100732405111
2026-09-05T00:07:04+00:00,area_trajectory,grain,,1788550560000.0,,3.23100732405111
2026-09-05T00:07:04+00:00,area_trajectory,grain,,1788550680000.0,,3.30483764631674
2026-09-05T00:07:04+00:00,area_trajectory,grain,,1788550800000.0,,3.30483764631674
2026-09-05T00:07:04+00:00,area_trajectory,grain,,1788550920000.0,,3.3401048582308
2026-09-05T00:07:04+00:00,area_trajectory,grain,,1788551040000.0,,3.3401048582308
2026-09-05T00:07:04+00:00,area_trajectory,grain,,1788551160000.0,,3.24814672834799
2026-09-05T00:07:04+00:00,area_trajectory,grain,,1788551280000.0,,3.24814672834799
2026-09-05T00:07:04+00:00,area_trajectory,grain,,1788551400000.0,,3.24814672834799
2026-09-05T00:07:04+00:00,area_trajectory,grain,,1788551520000.0,,3.24814672834799
2026-09-05T00:07:04+00:00,area_trajectory,grain,,1788551640000.0,,3.66574951155111
2026-09-05T00:07:04+00:00,area_trajectory,grain,,1788551760000.0,,3.66574951155111
2026-09-05T00:07:04+00:00,area_trajectory,grain,,1788551880000.0,,3.13476415998861
2026-09-05T00:07:04+00:00,area_trajectory,grain,,1788552000000.0,,3.13476415998861
2026-09-05T00:07:04+00:00,area_trajectory,grain,,1788552120000.0,,3.13476415998861
2026-09-05T00:07:04+00:00,area_trajectory,grain,,1788552240000.0,,3.1904666746370496
2026-09-05T00:07:04+00:00,area_trajectory,grain,,1788552360000.0,,3.13575292951986
2026-09-05T00:07:04+00:00,area_trajectory,grain,,1788552480000.0,,3.13575292951986
2026-09-05T00:07:04+00:00,area_trajectory,grain,,1788552600000.0,,3.23001855451986
2026-09-05T00:07:04+00:00,area_trajectory,grain,,1788552720000.0,,3.23001855451986
2026-09-05T00:07:04+00:00,area_trajectory,grain,,1788552840000.0,,3.24913549787924
2026-09-05T00:07:04+00:00,area_trajectory,grain,,1788552960000.0,,3.24913549787924
2026-09-05T00:07:04+00:00,area_trajectory,grain,,1788553080000.0,,3.2652857664339203
2026-09-05T00:07:04+00:00,area_trajectory,grain,,1788553200000.0,,3.2652857664339203
2026-09-05T00:07:04+00:00,area_trajectory,grain,,1788553320000.0,,3.2478171385042396
2026-09-05T00:07:04+00:00,area_trajectory,grain,,1788553440000.0,,3.2478171385042396
2026-09-05T00:07:04+00:00,area_trajectory,grain,,1788553560000.0,,3.19376257307455
2026-09-05T00:07:04+00:00,area_trajectory,grain,,1788553680000.0,,3.19376257307455
2026-09-05T00:07:04+00:00,area_trajectory,grain,,1788553800000.0,,3.30154174787924
2026-09-05T00:07:04+00:00,area_trajectory,grain,,1788553920000.0,,3.30154174787924
2026-09-05T00:07:04+00:00,area_trajectory,grain,,1788554040000.0,,3.22573388655111
2026-09-05T00:07:04+00:00,area_trajectory,grain,,1788554160000.0,,3.22573388655111
2026-09-05T00:07:04+00:00,area_trajectory,grain,,1788554280000.0,,3.2633082273714202
2026-09-05T00:07:04+00:00,area_trajectory,grain,,1788554400000.0,,3.2633082273714202
2026-09-05T00:07:04+00:00,area_trajectory,grain,,1788554520000.0,,3.2985754392854902
2026-09-05T00:07:04+00:00,area_trajectory,grain,,1788554640000.0,,3.2985754392854902
2026-09-05T00:07:04+00:00,area_trajectory,grain,,1788554760000.0,,3.2985754392854902
2026-09-05T00:07:04+00:00,area_trajectory,grain,,1788554880000.0,,3.2985754392854902
2026-09-05T00:07:04+00:00,area_trajectory,grain,,1788555000000.0,,3.2468283689729898
2026-09-05T00:07:04+00:00,area_trajectory,grain,,1788555120000.0,,3.2468283689729898
2026-09-05T00:07:04+00:00,area_trajectory,grain,,1788555240000.0,,3.26495617659017
2026-09-05T00:07:04+00:00,area_trajectory,grain,,1788555360000.0,,3.26495617659017
2026-09-05T00:07:04+00:00,area_trajectory,grain,,1788555480000.0,,3.3206586912386102
2026-09-05T00:07:04+00:00,area_trajectory,grain,,1788555600000.0,,3.3206586912386102
2026-09-05T00:07:04+00:00,area_trajectory,grain,,1788555720000.0,,3.3206586912386102
2026-09-05T00:07:04+00:00,area_trajectory,grain,,1788555840000.0,,3.30253051741049
2026-09-05T00:07:04+00:00,area_trajectory,grain,,1788555960000.0,,3.26462658674642
2026-09-05T00:07:04+00:00,area_trajectory,grain,,1788556080000.0,,3.26462658674642
2026-09-05T00:07:04+00:00,area_trajectory,grain,,1788556200000.0,,3.2471579588167403
2026-09-05T00:07:04+00:00,area_trajectory,grain,,1788556320000.0,,3.2471579588167403
2026-09-05T00:07:04+00:00,area_trajectory,grain,,1788556440000.0,,3.31868115217611
2026-09-05T00:07:04+00:00,area_trajectory,grain,,1788556560000.0,,3.31868115217611
2026-09-05T00:07:04+00:00,area_trajectory,grain,,1788556680000.0,,3.2844027097933
2026-09-05T00:07:04+00:00,area_trajectory,grain,,1788556800000.0,,3.2844027097933
2026-09-05T00:07:04+00:00,area_trajectory,grain,,1788556920000.0,,3.24913549787924
2026-09-05T00:07:04+00:00,area_trajectory,grain,,1788557040000.0,,3.24913549787924
2026-09-05T00:07:04+00:00,area_trajectory,grain,,1788557160000.0,,3.2313369138948596
2026-09-05T00:07:04+00:00,area_trajectory,grain,,1788557280000.0,,3.2313369138948596
2026-09-05T00:07:04+00:00,area_trajectory,grain,,1788557400000.0,,3.24913549787924
2026-09-05T00:07:04+00:00,area_trajectory,grain,,1788557520000.0,,3.24913549787924
2026-09-05T00:07:04+00:00,area_trajectory,grain,,1788557640000.0,,3.23265527326986
2026-09-05T00:07:04+00:00,area_trajectory,grain,,1788557760000.0,,3.23265527326986
2026-09-05T00:07:04+00:00,area_trajectory,grain,,1788557880000.0,,3.3061563719026696
2026-09-05T00:07:04+00:00,area_trajectory,grain,,1788558000000.0,,3.3061563719026696
2026-09-05T00:07:04+00:00,area_trajectory,grain,,1788558120000.0,,3.2705595701448598
2026-09-05T00:07:04+00:00,area_trajectory,grain,,1788558240000.0,,3.2705595701448598
2026-09-05T00:07:04+00:00,area_trajectory,grain,,1788558360000.0,,3.2705595701448598
2026-09-05T00:07:04+00:00,area_trajectory,grain,,1788558480000.0,,3.2705595701448598
2026-09-05T00:07:04+00:00,area_trajectory,grain,,1788558600000.0,,3.23496276838705
2026-09-05T00:07:04+00:00,area_trajectory,grain,,1788558720000.0,,3.23496276838705
2026-09-05T00:07:04+00:00,area_trajectory,grain,,1788558840000.0,,3.29198327619955
2026-09-05T00:07:04+00:00,area_trajectory,grain,,1788558960000.0,,3.29198327619955
2026-09-05T00:07:04+00:00,area_trajectory,grain,,1788559080000.0,,3.27484423811361
2026-09-05T00:07:04+00:00,area_trajectory,grain,,1788559200000.0,,3.27484423811361
2026-09-05T00:07:04+00:00,area_trajectory,grain,,1788559320000.0,,3.27484423811361
2026-09-05T00:07:04+00:00,area_trajectory,grain,,1788559440000.0,,3.2385882566683
2026-09-05T00:07:04+00:00,area_trajectory,grain,,1788559560000.0,,3.2385882566683
2026-09-05T00:07:04+00:00,area_trajectory,grain,,1788559680000.0,,3.2385882566683
2026-09-05T00:07:04+00:00,area_trajectory,grain,,1788559800000.0,,3.2385882566683
2026-09-05T00:07:04+00:00,area_trajectory,grain,,1788559920000.0,,3.2385882566683
2026-09-05T00:07:04+00:00,area_trajectory,grain,,1788560040000.0,,3.30154174787924
2026-09-05T00:07:04+00:00,area_trajectory,grain,,1788560160000.0,,3.30154174787924
2026-09-05T00:07:04+00:00,area_trajectory,grain,,1788560280000.0,,3.2844027097933
2026-09-05T00:07:04+00:00,area_trajectory,grain,,1788560400000.0,,3.2844027097933
2026-09-05T00:07:04+00:00,area_trajectory,grain,,1788560520000.0,,3.15552905256674
2026-09-05T00:07:04+00:00,area_trajectory,grain,,1788560640000.0,,3.15552905256674
2026-09-05T00:07:04+00:00,area_trajectory,grain,,1788560760000.0,,3.2659449461214205
2026-09-05T00:07:04+00:00,area_trajectory,grain,,1788560880000.0,,3.2659449461214205
2026-09-05T00:07:04+00:00,area_trajectory,grain,,1788561000000.0,,3.2109019773714205
2026-09-05T00:07:04+00:00,area_trajectory,grain,,1788561120000.0,,3.2109019773714205
2026-09-05T00:07:04+00:00,area_trajectory,grain,,1788561240000.0,,3.2109019773714205
2026-09-05T00:07:04+00:00,area_trajectory,grain,,1788561360000.0,,3.2109019773714205
2026-09-05T00:07:04+00:00,area_trajectory,grain,,1788561480000.0,,3.24946508772299
2026-09-05T00:07:04+00:00,area_trajectory,grain,,1788561600000.0,,3.24946508772299
2026-09-05T00:07:04+00:00,area_trajectory,grain,,1788561720000.0,,3.23265527326986
2026-09-05T00:07:04+00:00,area_trajectory,grain,,1788561840000.0,,3.23265527326986
2026-09-05T00:07:04+00:00,area_trajectory,grain,,1788561960000.0,,3.25276098616049
2026-09-05T00:07:04+00:00,area_trajectory,grain,,1788562080000.0,,3.25276098616049
2026-09-05T00:07:04+00:00,area_trajectory,grain,,1788562200000.0,,3.21716418440267
2026-09-05T00:07:04+00:00,area_trajectory,grain,,1788562320000.0,,3.21716418440267
2026-09-05T00:07:04+00:00,area_trajectory,grain,,1788562440000.0,,3.2346331785433002
2026-09-05T00:07:04+00:00,area_trajectory,grain,,1788562560000.0,,3.2346331785433002
2026-09-05T00:07:04+00:00,area_trajectory,grain,,1788562680000.0,,3.2181529539339198
2026-09-05T00:07:04+00:00,area_trajectory,grain,,1788562800000.0,,3.2181529539339198
2026-09-05T00:07:04+00:00,area_trajectory,grain,,1788562920000.0,,3.2181529539339198
2026-09-05T00:07:04+00:00,area_trajectory,grain,,1788563040000.0,,3.21947131330892
2026-09-05T00:07:04+00:00,area_trajectory,grain,,1788563160000.0,,3.20299145491049
2026-09-05T00:07:04+00:00,area_trajectory,grain,,1788563280000.0,,3.20299145491049
2026-09-05T00:07:04+00:00,area_trajectory,grain,,1788563400000.0,,3.1868411863558004
2026-09-05T00:07:04+00:00,area_trajectory,grain,,1788563520000.0,,3.1868411863558004
2026-09-05T00:07:04+00:00,area_trajectory,grain,,1788563640000.0,,3.20661694319174
2026-09-05T00:07:04+00:00,area_trajectory,grain,,1788563760000.0,,3.20661694319174
2026-09-05T00:07:04+00:00,area_trajectory,grain,,1788563880000.0,,3.24419128401205
2026-09-05T00:07:04+00:00,area_trajectory,grain,,1788564000000.0,,3.24419128401205
2026-09-05T00:07:04+00:00,area_trajectory,grain,,1788564120000.0,,3.22837060530111
2026-09-05T00:07:04+00:00,area_trajectory,grain,,1788564240000.0,,3.22837060530111
2026-09-05T00:07:04+00:00,area_trajectory,grain,,1788564360000.0,,3.2115611570589198
2026-09-05T00:07:04+00:00,area_trajectory,grain,,1788564480000.0,,3.2115611570589198
2026-09-05T00:07:04+00:00,area_trajectory,grain,,1788564600000.0,,3.2115611570589198
2026-09-05T00:07:04+00:00,area_trajectory,grain,,1788564720000.0,,3.2115611570589198
2026-09-05T00:07:04+00:00,area_trajectory,grain,,1788564840000.0,,3.2705595701448598
2026-09-05T00:07:04+00:00,area_trajectory,grain,,1788564960000.0,,3.2705595701448598
2026-09-05T00:07:04+00:00,area_trajectory,grain,,1788565080000.0,,3.2161754148714197
2026-09-05T00:07:04+00:00,area_trajectory,grain,,1788565200000.0,,3.2161754148714197
2026-09-05T00:07:04+00:00,area_trajectory,grain,,1788565320000.0,,3.2000251463167397
2026-09-05T00:07:04+00:00,area_trajectory,grain,,1788565440000.0,,3.2000251463167397
2026-09-05T00:07:04+00:00,area_trajectory,grain,,1788565560000.0,,3.23759948713705
2026-09-05T00:07:04+00:00,area_trajectory,grain,,1788565680000.0,,3.23759948713705
2026-09-05T00:07:04+00:00,area_trajectory,grain,,1788565800000.0,,3.1476185301058
2026-09-05T00:07:04+00:00,area_trajectory,grain,,1788565920000.0,,3.1476185301058
2026-09-05T00:07:04+00:00,area_trajectory,grain,,1788566040000.0,,3.16706506330892
2026-09-05T00:07:04+00:00,area_trajectory,grain,,1788566160000.0,,3.16706506330892
2026-09-05T00:07:04+00:00,area_trajectory,grain,,1788566280000.0,,3.22573388655111
2026-09-05T00:07:04+00:00,area_trajectory,grain,,1788566400000.0,,3.22573388655111
2026-09-05T00:07:04+00:00,area_trajectory,grain,,1788566520000.0,,3.22573388655111
2026-09-05T00:07:04+00:00,area_trajectory,grain,,1788566640000.0,,3.20892407209799
2026-09-05T00:07:04+00:00,area_trajectory,grain,,1788566760000.0,,3.24616918928549
2026-09-05T00:07:04+00:00,area_trajectory,grain,,1788566880000.0,,3.24616918928549
2026-09-05T00:07:04+00:00,area_trajectory,grain,,1788567000000.0,,3.17497558576986
2026-09-05T00:07:04+00:00,area_trajectory,grain,,1788567120000.0,,3.17497558576986
2026-09-05T00:07:04+00:00,area_trajectory,grain,,1788567240000.0,,3.2155162351839204
2026-09-05T00:07:04+00:00,area_trajectory,grain,,1788567360000.0,,3.2155162351839204
2026-09-05T00:07:04+00:00,area_trajectory,grain,,1788567480000.0,,3.25276098616049
2026-09-05T00:07:04+00:00,area_trajectory,grain,,1788567600000.0,,3.25276098616049
2026-09-05T00:07:04+00:00,area_trajectory,grain,,1788567720000.0,,3.1443226316682997
2026-09-05T00:07:04+00:00,area_trajectory,grain,,1788567840000.0,,3.1443226316682997
2026-09-05T00:07:04+00:00,area_trajectory,grain,,1788567960000.0,,3.2408953855745497
2026-09-05T00:07:04+00:00,area_trajectory,grain,,1788568080000.0,,3.2408953855745497
2026-09-05T00:07:04+00:00,area_trajectory,grain,,1788568200000.0,,3.2408953855745497
2026-09-05T00:07:04+00:00,area_trajectory,grain,,1788568320000.0,,3.2408953855745497
2026-09-05T00:07:04+00:00,area_trajectory,grain,,1788568440000.0,,3.15091479475424
2026-09-05T00:07:04+00:00,area_trajectory,grain,,1788568560000.0,,3.15091479475424
2026-09-05T00:07:04+00:00,area_trajectory,grain,,1788568680000.0,,3.20958325178549
2026-09-05T00:07:04+00:00,area_trajectory,grain,,1788568800000.0,,3.20958325178549
2026-09-05T00:07:04+00:00,area_trajectory,grain,,1788568920000.0,,3.2863802488558003
2026-09-05T00:07:04+00:00,area_trajectory,grain,,1788569040000.0,,3.2863802488558003
2026-09-05T00:07:04+00:00,area_trajectory,grain,,1788569160000.0,,3.21452746565267
2026-09-05T00:07:04+00:00,area_trajectory,grain,,1788569280000.0,,3.21452746565267
2026-09-05T00:07:04+00:00,area_trajectory,grain,,1788569400000.0,,3.21452746565267
2026-09-05T00:07:04+00:00,area_trajectory,grain,,1788569520000.0,,3.21452746565267
2026-09-05T00:07:04+00:00,area_trajectory,grain,,1788569640000.0,,3.19936596662924
2026-09-05T00:07:04+00:00,area_trajectory,grain,,1788569760000.0,,3.19936596662924
2026-09-05T00:07:04+00:00,area_trajectory,grain,,1788569880000.0,,3.22046008284017
2026-09-05T00:07:04+00:00,area_trajectory,milford_haven,,1788498000000.0,,5.0538649559021005
2026-09-05T00:07:04+00:00,area_trajectory,milford_haven,,1788498120000.0,,5.0538649559021005
2026-09-05T00:07:04+00:00,area_trajectory,milford_haven,,1788498240000.0,,5.03677463531494
2026-09-05T00:07:04+00:00,area_trajectory,milford_haven,,1788498360000.0,,5.03677463531494
2026-09-05T00:07:04+00:00,area_trajectory,milford_haven,,1788498480000.0,,5.03677463531494
2026-09-05T00:07:04+00:00,area_trajectory,milford_haven,,1788498600000.0,,5.03677463531494
2026-09-05T00:07:04+00:00,area_trajectory,milford_haven,,1788498720000.0,,5.03677463531494
2026-09-05T00:07:04+00:00,area_trajectory,milford_haven,,1788498840000.0,,5.03677463531494
2026-09-05T00:07:04+00:00,area_trajectory,milford_haven,,1788498960000.0,,5.03677463531494
2026-09-05T00:07:04+00:00,area_trajectory,milford_haven,,1788499080000.0,,5.03677463531494
2026-09-05T00:07:04+00:00,area_trajectory,milford_haven,,1788499200000.0,,5.03677463531494
2026-09-05T00:07:04+00:00,area_trajectory,milford_haven,,1788499320000.0,,5.03677463531494
2026-09-05T00:07:04+00:00,area_trajectory,milford_haven,,1788499440000.0,,5.03677463531494
2026-09-05T00:07:04+00:00,area_trajectory,milford_haven,,1788499560000.0,,5.03677463531494
2026-09-05T00:07:04+00:00,area_trajectory,milford_haven,,1788499680000.0,,5.03677463531494
2026-09-05T00:07:04+00:00,area_trajectory,milford_haven,,1788499800000.0,,5.03677463531494
2026-09-05T00:07:04+00:00,area_trajectory,milford_haven,,1788499920000.0,,4.94644021987915
2026-09-05T00:07:04+00:00,area_trajectory,milford_haven,,1788500040000.0,,4.94644021987915
2026-09-05T00:07:04+00:00,area_trajectory,milford_haven,,1788500160000.0,,4.94644021987915
2026-09-05T00:07:04+00:00,area_trajectory,milford_haven,,1788500280000.0,,4.94644021987915
2026-09-05T00:07:04+00:00,area_trajectory,milford_haven,,1788500400000.0,,4.94644021987915
2026-09-05T00:07:04+00:00,area_trajectory,milford_haven,,1788500520000.0,,4.94644021987915
2026-09-05T00:07:04+00:00,area_trajectory,milford_haven,,1788500640000.0,,5.0416579246521
2026-09-05T00:07:04+00:00,area_trajectory,milford_haven,,1788500760000.0,,5.0416579246521
2026-09-05T00:07:04+00:00,area_trajectory,milford_haven,,1788500880000.0,,5.0416579246521
2026-09-05T00:07:04+00:00,area_trajectory,milford_haven,,1788501000000.0,,5.0416579246521
2026-09-05T00:07:04+00:00,area_trajectory,milford_haven,,1788501120000.0,,5.0416579246521
2026-09-05T00:07:04+00:00,area_trajectory,milford_haven,,1788501240000.0,,5.0416579246521
2026-09-05T00:07:04+00:00,area_trajectory,milford_haven,,1788501360000.0,,5.0416579246521
2026-09-05T00:07:04+00:00,area_trajectory,milford_haven,,1788501480000.0,,5.0416579246521
2026-09-05T00:07:04+00:00,area_trajectory,milford_haven,,1788501600000.0,,5.0416579246521
2026-09-05T00:07:04+00:00,area_trajectory,milford_haven,,1788501720000.0,,5.0416579246521
2026-09-05T00:07:04+00:00,area_trajectory,milford_haven,,1788501840000.0,,4.99526977539062
2026-09-05T00:07:04+00:00,area_trajectory,milford_haven,,1788501960000.0,,4.99526977539062
2026-09-05T00:07:04+00:00,area_trajectory,milford_haven,,1788502080000.0,,4.99526977539062
2026-09-05T00:07:04+00:00,area_trajectory,milford_haven,,1788502200000.0,,4.99526977539062
2026-09-05T00:07:04+00:00,area_trajectory,milford_haven,,1788502320000.0,,4.99526977539062
2026-09-05T00:07:04+00:00,area_trajectory,milford_haven,,1788502440000.0,,4.99526977539062
2026-09-05T00:07:04+00:00,area_trajectory,milford_haven,,1788502560000.0,,4.99526977539062
2026-09-05T00:07:04+00:00,area_trajectory,milford_haven,,1788502680000.0,,4.99526977539062
2026-09-05T00:07:04+00:00,area_trajectory,milford_haven,,1788502800000.0,,4.99526977539062
2026-09-05T00:07:04+00:00,area_trajectory,milford_haven,,1788502920000.0,,4.99526977539062
2026-09-05T00:07:04+00:00,area_trajectory,milford_haven,,1788503040000.0,,4.99526977539062
2026-09-05T00:07:04+00:00,area_trajectory,milford_haven,,1788503160000.0,,4.99526977539062
2026-09-05T00:07:04+00:00,area_trajectory,milford_haven,,1788503280000.0,,4.99526977539062
2026-09-05T00:07:04+00:00,area_trajectory,milford_haven,,1788503400000.0,,4.99526977539062
2026-09-05T00:07:04+00:00,area_trajectory,milford_haven,,1788503520000.0,,4.99526977539062
2026-09-05T00:07:04+00:00,area_trajectory,milford_haven,,1788503640000.0,,4.99526977539062
2026-09-05T00:07:04+00:00,area_trajectory,milford_haven,,1788503760000.0,,4.99526977539062
2026-09-05T00:07:04+00:00,area_trajectory,milford_haven,,1788503880000.0,,4.99526977539062
2026-09-05T00:07:04+00:00,area_trajectory,milford_haven,,1788504000000.0,,4.99526977539062
2026-09-05T00:07:04+00:00,area_trajectory,milford_haven,,1788504120000.0,,4.99526977539062
2026-09-05T00:07:04+00:00,area_trajectory,milford_haven,,1788504240000.0,,4.99526977539062
2026-09-05T00:07:04+00:00,area_trajectory,milford_haven,,1788504360000.0,,4.99526977539062
2026-09-05T00:07:04+00:00,area_trajectory,milford_haven,,1788504480000.0,,4.99526977539062
2026-09-05T00:07:04+00:00,area_trajectory,milford_haven,,1788504600000.0,,4.99526977539062
2026-09-05T00:07:04+00:00,area_trajectory,milford_haven,,1788504720000.0,,4.99526977539062
2026-09-05T00:07:04+00:00,area_trajectory,milford_haven,,1788504840000.0,,4.99526977539062
2026-09-05T00:07:04+00:00,area_trajectory,milford_haven,,1788504960000.0,,4.99526977539062
2026-09-05T00:07:04+00:00,area_trajectory,milford_haven,,1788505080000.0,,4.99526977539062
2026-09-05T00:07:04+00:00,area_trajectory,milford_haven,,1788505200000.0,,4.99526977539062
2026-09-05T00:07:04+00:00,area_trajectory,milford_haven,,1788505320000.0,,4.99526977539062
2026-09-05T00:07:04+00:00,area_trajectory,milford_haven,,1788505440000.0,,4.98550367355347
2026-09-05T00:07:04+00:00,area_trajectory,milford_haven,,1788505560000.0,,4.98550367355347
2026-09-05T00:07:04+00:00,area_trajectory,milford_haven,,1788505680000.0,,4.98550367355347
2026-09-05T00:07:04+00:00,area_trajectory,milford_haven,,1788505800000.0,,4.98550367355347
2026-09-05T00:07:04+00:00,area_trajectory,milford_haven,,1788505920000.0,,4.98550367355347
2026-09-05T00:07:04+00:00,area_trajectory,milford_haven,,1788506040000.0,,4.98550367355347
2026-09-05T00:07:04+00:00,area_trajectory,milford_haven,,1788506160000.0,,4.98550367355347
2026-09-05T00:07:04+00:00,area_trajectory,milford_haven,,1788506280000.0,,4.98550367355347
2026-09-05T00:07:04+00:00,area_trajectory,milford_haven,,1788506400000.0,,4.98550367355347
2026-09-05T00:07:04+00:00,area_trajectory,milford_haven,,1788506520000.0,,4.98550367355347
2026-09-05T00:07:04+00:00,area_trajectory,milford_haven,,1788506640000.0,,4.98550367355347
2026-09-05T00:07:04+00:00,area_trajectory,milford_haven,,1788506760000.0,,4.98550367355347
2026-09-05T00:07:04+00:00,area_trajectory,milford_haven,,1788506880000.0,,4.98550367355347
2026-09-05T00:07:04+00:00,area_trajectory,milford_haven,,1788507000000.0,,4.98550367355347
2026-09-05T00:07:04+00:00,area_trajectory,milford_haven,,1788507120000.0,,4.98550367355347
2026-09-05T00:07:04+00:00,area_trajectory,milford_haven,,1788507240000.0,,4.98550367355347
2026-09-05T00:07:04+00:00,area_trajectory,milford_haven,,1788507360000.0,,4.98550367355347
2026-09-05T00:07:04+00:00,area_trajectory,milford_haven,,1788507480000.0,,4.98550367355347
2026-09-05T00:07:04+00:00,area_trajectory,milford_haven,,1788507600000.0,,4.98550367355347
2026-09-05T00:07:04+00:00,area_trajectory,milford_haven,,1788507720000.0,,4.98550367355347
2026-09-05T00:07:04+00:00,area_trajectory,milford_haven,,1788507840000.0,,4.98550367355347
2026-09-05T00:07:04+00:00,area_trajectory,milford_haven,,1788507960000.0,,4.98550367355347
2026-09-05T00:07:04+00:00,area_trajectory,milford_haven,,1788508080000.0,,4.98550367355347
2026-09-05T00:07:04+00:00,area_trajectory,milford_haven,,1788508200000.0,,4.98550367355347
2026-09-05T00:07:04+00:00,area_trajectory,milford_haven,,1788508320000.0,,4.98550367355347
2026-09-05T00:07:04+00:00,area_trajectory,milford_haven,,1788508440000.0,,4.98550367355347
2026-09-05T00:07:04+00:00,area_trajectory,milford_haven,,1788508560000.0,,4.98550367355347
2026-09-05T00:07:04+00:00,area_trajectory,milford_haven,,1788508680000.0,,4.98550367355347
2026-09-05T00:07:04+00:00,area_trajectory,milford_haven,,1788508800000.0,,4.98550367355347
2026-09-05T00:07:04+00:00,area_trajectory,milford_haven,,1788508920000.0,,4.98550367355347
2026-09-05T00:07:04+00:00,area_trajectory,milford_haven,,1788509040000.0,,5.01236009597778
2026-09-05T00:07:04+00:00,area_trajectory,milford_haven,,1788509160000.0,,5.01236009597778
2026-09-05T00:07:04+00:00,area_trajectory,milford_haven,,1788509280000.0,,5.01236009597778
2026-09-05T00:07:04+00:00,area_trajectory,milford_haven,,1788509400000.0,,5.01236009597778
2026-09-05T00:07:04+00:00,area_trajectory,milford_haven,,1788509520000.0,,5.01236009597778
2026-09-05T00:07:04+00:00,area_trajectory,milford_haven,,1788509640000.0,,5.01236009597778
2026-09-05T00:07:04+00:00,area_trajectory,milford_haven,,1788509760000.0,,5.01236009597778
2026-09-05T00:07:04+00:00,area_trajectory,milford_haven,,1788509880000.0,,5.01236009597778
2026-09-05T00:07:04+00:00,area_trajectory,milford_haven,,1788510000000.0,,5.01236009597778
2026-09-05T00:07:04+00:00,area_trajectory,milford_haven,,1788510120000.0,,5.01236009597778
2026-09-05T00:07:04+00:00,area_trajectory,milford_haven,,1788510240000.0,,5.01236009597778
2026-09-05T00:07:04+00:00,area_trajectory,milford_haven,,1788510360000.0,,5.01236009597778
2026-09-05T00:07:04+00:00,area_trajectory,milford_haven,,1788510480000.0,,5.01236009597778
2026-09-05T00:07:04+00:00,area_trajectory,milford_haven,,1788510600000.0,,5.01236009597778
2026-09-05T00:07:04+00:00,area_trajectory,milford_haven,,1788510720000.0,,5.01236009597778
2026-09-05T00:07:04+00:00,area_trajectory,milford_haven,,1788510840000.0,,5.01236009597778
2026-09-05T00:07:04+00:00,area_trajectory,milford_haven,,1788510960000.0,,5.01236009597778
2026-09-05T00:07:04+00:00,area_trajectory,milford_haven,,1788511080000.0,,5.01236009597778
2026-09-05T00:07:04+00:00,area_trajectory,milford_haven,,1788511200000.0,,5.01236009597778
2026-09-05T00:07:04+00:00,area_trajectory,milford_haven,,1788511320000.0,,5.01236009597778
2026-09-05T00:07:04+00:00,area_trajectory,milford_haven,,1788511440000.0,,5.01236009597778
2026-09-05T00:07:04+00:00,area_trajectory,milford_haven,,1788511560000.0,,5.01236009597778
2026-09-05T00:07:04+00:00,area_trajectory,milford_haven,,1788511680000.0,,5.01236009597778
2026-09-05T00:07:04+00:00,area_trajectory,milford_haven,,1788511800000.0,,5.01236009597778
2026-09-05T00:07:04+00:00,area_trajectory,milford_haven,,1788511920000.0,,5.01236009597778
2026-09-05T00:07:04+00:00,area_trajectory,milford_haven,,1788512040000.0,,5.01236009597778
2026-09-05T00:07:04+00:00,area_trajectory,milford_haven,,1788512160000.0,,5.01236009597778
2026-09-05T00:07:04+00:00,area_trajectory,milford_haven,,1788512280000.0,,5.01236009597778
2026-09-05T00:07:04+00:00,area_trajectory,milford_haven,,1788512400000.0,,5.01236009597778
2026-09-05T00:07:04+00:00,area_trajectory,milford_haven,,1788512520000.0,,5.01236009597778
2026-09-05T00:07:04+00:00,area_trajectory,milford_haven,,1788512640000.0,,5.01480150222778
2026-09-05T00:07:04+00:00,area_trajectory,milford_haven,,1788512760000.0,,5.01480150222778
2026-09-05T00:07:04+00:00,area_trajectory,milford_haven,,1788512880000.0,,5.01480150222778
2026-09-05T00:07:04+00:00,area_trajectory,milford_haven,,1788513000000.0,,5.01480150222778
2026-09-05T00:07:04+00:00,area_trajectory,milford_haven,,1788513120000.0,,5.01480150222778
2026-09-05T00:07:04+00:00,area_trajectory,milford_haven,,1788513240000.0,,5.01480150222778
2026-09-05T00:07:04+00:00,area_trajectory,milford_haven,,1788513360000.0,,5.01480150222778
2026-09-05T00:07:04+00:00,area_trajectory,milford_haven,,1788513480000.0,,5.01480150222778
2026-09-05T00:07:04+00:00,area_trajectory,milford_haven,,1788513600000.0,,5.01480150222778
2026-09-05T00:07:04+00:00,area_trajectory,milford_haven,,1788513720000.0,,5.01480150222778
2026-09-05T00:07:04+00:00,area_trajectory,milford_haven,,1788513840000.0,,5.01480150222778
2026-09-05T00:07:04+00:00,area_trajectory,milford_haven,,1788513960000.0,,5.01480150222778
2026-09-05T00:07:04+00:00,area_trajectory,milford_haven,,1788514080000.0,,5.01480150222778
2026-09-05T00:07:04+00:00,area_trajectory,milford_haven,,1788514200000.0,,5.01480150222778
2026-09-05T00:07:04+00:00,area_trajectory,milford_haven,,1788514320000.0,,5.01480150222778
2026-09-05T00:07:04+00:00,area_trajectory,milford_haven,,1788514440000.0,,5.01480150222778
2026-09-05T00:07:04+00:00,area_trajectory,milford_haven,,1788514560000.0,,5.01480150222778
2026-09-05T00:07:04+00:00,area_trajectory,milford_haven,,1788514680000.0,,5.01480150222778
2026-09-05T00:07:04+00:00,area_trajectory,milford_haven,,1788514800000.0,,5.01480150222778
2026-09-05T00:07:04+00:00,area_trajectory,milford_haven,,1788514920000.0,,5.01480150222778
2026-09-05T00:07:04+00:00,area_trajectory,milford_haven,,1788515040000.0,,4.68276023864746
2026-09-05T00:07:04+00:00,area_trajectory,milford_haven,,1788515160000.0,,4.96108913421631
2026-09-05T00:07:04+00:00,area_trajectory,milford_haven,,1788515280000.0,,4.96108913421631
2026-09-05T00:07:04+00:00,area_trajectory,milford_haven,,1788515400000.0,,4.96108913421631
2026-09-05T00:07:04+00:00,area_trajectory,milford_haven,,1788515520000.0,,4.96108913421631
2026-09-05T00:07:04+00:00,area_trajectory,milford_haven,,1788515640000.0,,4.96108913421631
2026-09-05T00:07:04+00:00,area_trajectory,milford_haven,,1788515760000.0,,4.96108913421631
2026-09-05T00:07:04+00:00,area_trajectory,milford_haven,,1788515880000.0,,4.96108913421631
2026-09-05T00:07:04+00:00,area_trajectory,milford_haven,,1788516000000.0,,4.96108913421631
2026-09-05T00:07:04+00:00,area_trajectory,milford_haven,,1788516120000.0,,4.96108913421631
2026-09-05T00:07:04+00:00,area_trajectory,milford_haven,,1788516240000.0,,4.95376443862915
2026-09-05T00:07:04+00:00,area_trajectory,milford_haven,,1788516360000.0,,4.95376443862915
2026-09-05T00:07:04+00:00,area_trajectory,milford_haven,,1788516480000.0,,4.95376443862915
2026-09-05T00:07:04+00:00,area_trajectory,milford_haven,,1788516600000.0,,4.95376443862915
2026-09-05T00:07:04+00:00,area_trajectory,milford_haven,,1788516720000.0,,4.95376443862915
2026-09-05T00:07:04+00:00,area_trajectory,milford_haven,,1788516840000.0,,4.95376443862915
2026-09-05T00:07:04+00:00,area_trajectory,milford_haven,,1788516960000.0,,4.95376443862915
2026-09-05T00:07:04+00:00,area_trajectory,milford_haven,,1788517080000.0,,4.95376443862915
2026-09-05T00:07:04+00:00,area_trajectory,milford_haven,,1788517200000.0,,4.95376443862915
2026-09-05T00:07:04+00:00,area_trajectory,milford_haven,,1788517320000.0,,4.95376443862915
2026-09-05T00:07:04+00:00,area_trajectory,milford_haven,,1788517440000.0,,4.95376443862915
2026-09-05T00:07:04+00:00,area_trajectory,milford_haven,,1788517560000.0,,4.95376443862915
2026-09-05T00:07:04+00:00,area_trajectory,milford_haven,,1788517680000.0,,4.95376443862915
2026-09-05T00:07:04+00:00,area_trajectory,milford_haven,,1788517800000.0,,4.95376443862915
2026-09-05T00:07:04+00:00,area_trajectory,milford_haven,,1788517920000.0,,4.95376443862915
2026-09-05T00:07:04+00:00,area_trajectory,milford_haven,,1788518040000.0,,4.95376443862915
2026-09-05T00:07:04+00:00,area_trajectory,milford_haven,,1788518160000.0,,4.95376443862915
2026-09-05T00:07:04+00:00,area_trajectory,milford_haven,,1788518280000.0,,4.95376443862915
2026-09-05T00:07:04+00:00,area_trajectory,milford_haven,,1788518400000.0,,4.95376443862915
2026-09-05T00:07:04+00:00,area_trajectory,milford_haven,,1788518520000.0,,4.95376443862915
2026-09-05T00:07:04+00:00,area_trajectory,milford_haven,,1788518640000.0,,4.95376443862915
2026-09-05T00:07:04+00:00,area_trajectory,milford_haven,,1788518760000.0,,4.95376443862915
2026-09-05T00:07:04+00:00,area_trajectory,milford_haven,,1788518880000.0,,4.95376443862915
2026-09-05T00:07:04+00:00,area_trajectory,milford_haven,,1788519000000.0,,4.95376443862915
2026-09-05T00:07:04+00:00,area_trajectory,milford_haven,,1788519120000.0,,4.95376443862915
2026-09-05T00:07:04+00:00,area_trajectory,milford_haven,,1788519240000.0,,4.95376443862915
2026-09-05T00:07:04+00:00,area_trajectory,milford_haven,,1788519360000.0,,4.95376443862915
2026-09-05T00:07:04+00:00,area_trajectory,milford_haven,,1788519480000.0,,4.95376443862915
2026-09-05T00:07:04+00:00,area_trajectory,milford_haven,,1788519600000.0,,4.95376443862915
2026-09-05T00:07:04+00:00,area_trajectory,milford_haven,,1788519720000.0,,4.95376443862915
2026-09-05T00:07:04+00:00,area_trajectory,milford_haven,,1788519840000.0,,4.95376443862915
2026-09-05T00:07:04+00:00,area_trajectory,milford_haven,,1788519960000.0,,4.95376443862915
2026-09-05T00:07:04+00:00,area_trajectory,milford_haven,,1788520080000.0,,4.95376443862915
2026-09-05T00:07:04+00:00,area_trajectory,milford_haven,,1788520200000.0,,4.95376443862915
2026-09-05T00:07:04+00:00,area_trajectory,milford_haven,,1788520320000.0,,4.95376443862915
2026-09-05T00:07:04+00:00,area_trajectory,milford_haven,,1788520440000.0,,4.95376443862915
2026-09-05T00:07:04+00:00,area_trajectory,milford_haven,,1788520560000.0,,4.95376443862915
2026-09-05T00:07:04+00:00,area_trajectory,milford_haven,,1788520680000.0,,4.95376443862915
2026-09-05T00:07:04+00:00,area_trajectory,milford_haven,,1788520800000.0,,4.95376443862915
2026-09-05T00:07:04+00:00,area_trajectory,milford_haven,,1788520920000.0,,4.95376443862915
2026-09-05T00:07:04+00:00,area_trajectory,milford_haven,,1788521040000.0,,4.95376443862915
2026-09-05T00:07:04+00:00,area_trajectory,milford_haven,,1788521160000.0,,4.95376443862915
2026-09-05T00:07:04+00:00,area_trajectory,milford_haven,,1788521280000.0,,4.95376443862915
2026-09-05T00:07:04+00:00,area_trajectory,milford_haven,,1788521400000.0,,4.95376443862915
2026-09-05T00:07:04+00:00,area_trajectory,milford_haven,,1788521520000.0,,4.95376443862915
2026-09-05T00:07:04+00:00,area_trajectory,milford_haven,,1788521640000.0,,4.95376443862915
2026-09-05T00:07:04+00:00,area_trajectory,milford_haven,,1788521760000.0,,4.95376443862915
2026-09-05T00:07:04+00:00,area_trajectory,milford_haven,,1788521880000.0,,4.95376443862915
2026-09-05T00:07:04+00:00,area_trajectory,milford_haven,,1788522000000.0,,4.95376443862915
2026-09-05T00:07:04+00:00,area_trajectory,milford_haven,,1788522120000.0,,4.95376443862915
2026-09-05T00:07:04+00:00,area_trajectory,milford_haven,,1788522240000.0,,4.95376443862915
2026-09-05T00:07:04+00:00,area_trajectory,milford_haven,,1788522360000.0,,4.95376443862915
2026-09-05T00:07:04+00:00,area_trajectory,milford_haven,,1788522480000.0,,4.95376443862915
2026-09-05T00:07:04+00:00,area_trajectory,milford_haven,,1788522600000.0,,4.95376443862915
2026-09-05T00:07:04+00:00,area_trajectory,milford_haven,,1788522720000.0,,4.95376443862915
2026-09-05T00:07:04+00:00,area_trajectory,milford_haven,,1788522840000.0,,4.95376443862915
2026-09-05T00:07:04+00:00,area_trajectory,milford_haven,,1788522960000.0,,4.95376443862915
2026-09-05T00:07:04+00:00,area_trajectory,milford_haven,,1788523080000.0,,4.95376443862915
2026-09-05T00:07:04+00:00,area_trajectory,milford_haven,,1788523200000.0,,4.95376443862915
2026-09-05T00:07:04+00:00,area_trajectory,milford_haven,,1788523320000.0,,4.95376443862915
2026-09-05T00:07:04+00:00,area_trajectory,milford_haven,,1788523440000.0,,5.0465407371521
2026-09-05T00:07:04+00:00,area_trajectory,milford_haven,,1788523560000.0,,4.95376443862915
2026-09-05T00:07:04+00:00,area_trajectory,milford_haven,,1788523680000.0,,5.03433322906494
2026-09-05T00:07:04+00:00,area_trajectory,milford_haven,,1788523800000.0,,5.03433322906494
2026-09-05T00:07:04+00:00,area_trajectory,milford_haven,,1788523920000.0,,5.03433322906494
2026-09-05T00:07:04+00:00,area_trajectory,milford_haven,,1788524040000.0,,5.03433322906494
2026-09-05T00:07:04+00:00,area_trajectory,milford_haven,,1788524160000.0,,4.9220252037048295
2026-09-05T00:07:04+00:00,area_trajectory,milford_haven,,1788524280000.0,,4.9220252037048295
2026-09-05T00:07:04+00:00,area_trajectory,milford_haven,,1788524400000.0,,4.9220252037048295
2026-09-05T00:07:04+00:00,area_trajectory,milford_haven,,1788524520000.0,,4.9220252037048295
2026-09-05T00:07:04+00:00,area_trajectory,milford_haven,,1788524640000.0,,4.9220252037048295
2026-09-05T00:07:04+00:00,area_trajectory,milford_haven,,1788524760000.0,,4.9220252037048295
2026-09-05T00:07:04+00:00,area_trajectory,milford_haven,,1788524880000.0,,4.9220252037048295
2026-09-05T00:07:04+00:00,area_trajectory,milford_haven,,1788525000000.0,,4.9220252037048295
2026-09-05T00:07:04+00:00,area_trajectory,milford_haven,,1788525120000.0,,4.9220252037048295
2026-09-05T00:07:04+00:00,area_trajectory,milford_haven,,1788525240000.0,,4.9220252037048295
2026-09-05T00:07:04+00:00,area_trajectory,milford_haven,,1788525360000.0,,4.9220252037048295
2026-09-05T00:07:04+00:00,area_trajectory,milford_haven,,1788525480000.0,,4.9220252037048295
2026-09-05T00:07:04+00:00,area_trajectory,milford_haven,,1788525600000.0,,4.9220252037048295
2026-09-05T00:07:04+00:00,area_trajectory,milford_haven,,1788525720000.0,,4.9220252037048295
2026-09-05T00:07:04+00:00,area_trajectory,milford_haven,,1788525840000.0,,4.9220252037048295
2026-09-05T00:07:04+00:00,area_trajectory,milford_haven,,1788525960000.0,,4.9220252037048295
2026-09-05T00:07:04+00:00,area_trajectory,milford_haven,,1788526080000.0,,4.9220252037048295
2026-09-05T00:07:04+00:00,area_trajectory,milford_haven,,1788526200000.0,,4.9220252037048295
2026-09-05T00:07:04+00:00,area_trajectory,milford_haven,,1788526320000.0,,4.9220252037048295
2026-09-05T00:07:04+00:00,area_trajectory,milford_haven,,1788526440000.0,,5.03189182281494
2026-09-05T00:07:04+00:00,area_trajectory,milford_haven,,1788526560000.0,,5.03189182281494
2026-09-05T00:07:04+00:00,area_trajectory,milford_haven,,1788526680000.0,,5.03189182281494
2026-09-05T00:07:04+00:00,area_trajectory,milford_haven,,1788526800000.0,,5.03189182281494
2026-09-05T00:07:04+00:00,area_trajectory,milford_haven,,1788526920000.0,,5.03189182281494
2026-09-05T00:07:04+00:00,area_trajectory,milford_haven,,1788527040000.0,,4.9659719467163095
2026-09-05T00:07:04+00:00,area_trajectory,milford_haven,,1788527160000.0,,4.9659719467163095
2026-09-05T00:07:04+00:00,area_trajectory,milford_haven,,1788527280000.0,,4.9659719467163095
2026-09-05T00:07:04+00:00,area_trajectory,milford_haven,,1788527400000.0,,4.9659719467163095
2026-09-05T00:07:04+00:00,area_trajectory,milford_haven,,1788527520000.0,,4.9659719467163095
2026-09-05T00:07:04+00:00,area_trajectory,milford_haven,,1788527640000.0,,4.9659719467163095
2026-09-05T00:07:04+00:00,area_trajectory,milford_haven,,1788527760000.0,,4.9659719467163095
2026-09-05T00:07:04+00:00,area_trajectory,milford_haven,,1788527880000.0,,4.9659719467163095
2026-09-05T00:07:04+00:00,area_trajectory,milford_haven,,1788528000000.0,,4.9659719467163095
2026-09-05T00:07:04+00:00,area_trajectory,milford_haven,,1788528120000.0,,4.9659719467163095
2026-09-05T00:07:04+00:00,area_trajectory,milford_haven,,1788528240000.0,,4.9659719467163095
2026-09-05T00:07:04+00:00,area_trajectory,milford_haven,,1788528360000.0,,4.9659719467163095
2026-09-05T00:07:04+00:00,area_trajectory,milford_haven,,1788528480000.0,,4.9659719467163095
2026-09-05T00:07:04+00:00,area_trajectory,milford_haven,,1788528600000.0,,4.9659719467163095
2026-09-05T00:07:04+00:00,area_trajectory,milford_haven,,1788528720000.0,,4.9659719467163095
2026-09-05T00:07:04+00:00,area_trajectory,milford_haven,,1788528840000.0,,4.9659719467163095
2026-09-05T00:07:04+00:00,area_trajectory,milford_haven,,1788528960000.0,,4.9659719467163095
2026-09-05T00:07:04+00:00,area_trajectory,milford_haven,,1788529080000.0,,4.9659719467163095
2026-09-05T00:07:04+00:00,area_trajectory,milford_haven,,1788529200000.0,,4.9659719467163095
2026-09-05T00:07:04+00:00,area_trajectory,milford_haven,,1788529320000.0,,4.9659719467163095
2026-09-05T00:07:04+00:00,area_trajectory,milford_haven,,1788529440000.0,,4.9659719467163095
2026-09-05T00:07:04+00:00,area_trajectory,milford_haven,,1788529560000.0,,4.9659719467163095
2026-09-05T00:07:04+00:00,area_trajectory,milford_haven,,1788529680000.0,,4.9659719467163095
2026-09-05T00:07:04+00:00,area_trajectory,milford_haven,,1788529800000.0,,4.9659719467163095
2026-09-05T00:07:04+00:00,area_trajectory,milford_haven,,1788529920000.0,,4.9659719467163095
2026-09-05T00:07:04+00:00,area_trajectory,milford_haven,,1788530040000.0,,4.9659719467163095
2026-09-05T00:07:04+00:00,area_trajectory,milford_haven,,1788530160000.0,,4.9659719467163095
2026-09-05T00:07:04+00:00,area_trajectory,milford_haven,,1788530280000.0,,4.9659719467163095
2026-09-05T00:07:04+00:00,area_trajectory,milford_haven,,1788530400000.0,,4.9659719467163095
2026-09-05T00:07:04+00:00,area_trajectory,milford_haven,,1788530520000.0,,4.9659719467163095
2026-09-05T00:07:04+00:00,area_trajectory,milford_haven,,1788530640000.0,,4.96108913421631
2026-09-05T00:07:04+00:00,area_trajectory,milford_haven,,1788530760000.0,,4.96108913421631
2026-09-05T00:07:04+00:00,area_trajectory,milford_haven,,1788530880000.0,,4.96108913421631
2026-09-05T00:07:04+00:00,area_trajectory,milford_haven,,1788531000000.0,,4.96108913421631
2026-09-05T00:07:04+00:00,area_trajectory,milford_haven,,1788531120000.0,,4.96108913421631
2026-09-05T00:07:04+00:00,area_trajectory,milford_haven,,1788531240000.0,,4.96108913421631
2026-09-05T00:07:04+00:00,area_trajectory,milford_haven,,1788531360000.0,,4.96108913421631
2026-09-05T00:07:04+00:00,area_trajectory,milford_haven,,1788531480000.0,,4.96108913421631
2026-09-05T00:07:04+00:00,area_trajectory,milford_haven,,1788531600000.0,,4.96108913421631
2026-09-05T00:07:04+00:00,area_trajectory,milford_haven,,1788531720000.0,,4.96108913421631
2026-09-05T00:07:04+00:00,area_trajectory,milford_haven,,1788531840000.0,,4.96108913421631
2026-09-05T00:07:04+00:00,area_trajectory,milford_haven,,1788531960000.0,,4.96108913421631
2026-09-05T00:07:04+00:00,area_trajectory,milford_haven,,1788532080000.0,,4.96108913421631
2026-09-05T00:07:04+00:00,area_trajectory,milford_haven,,1788532200000.0,,4.96108913421631
2026-09-05T00:07:04+00:00,area_trajectory,milford_haven,,1788532320000.0,,4.96108913421631
2026-09-05T00:07:04+00:00,area_trajectory,milford_haven,,1788532440000.0,,4.96108913421631
2026-09-05T00:07:04+00:00,area_trajectory,milford_haven,,1788532560000.0,,4.96108913421631
2026-09-05T00:07:04+00:00,area_trajectory,milford_haven,,1788532680000.0,,4.96108913421631
2026-09-05T00:07:04+00:00,area_trajectory,milford_haven,,1788532800000.0,,4.96108913421631
2026-09-05T00:07:04+00:00,area_trajectory,milford_haven,,1788532920000.0,,4.96108913421631
2026-09-05T00:07:04+00:00,area_trajectory,milford_haven,,1788533040000.0,,4.96108913421631
2026-09-05T00:07:04+00:00,area_trajectory,milford_haven,,1788533160000.0,,4.96108913421631
2026-09-05T00:07:04+00:00,area_trajectory,milford_haven,,1788533280000.0,,4.96108913421631
2026-09-05T00:07:04+00:00,area_trajectory,milford_haven,,1788533400000.0,,4.96108913421631
2026-09-05T00:07:04+00:00,area_trajectory,milford_haven,,1788533520000.0,,4.96108913421631
2026-09-05T00:07:04+00:00,area_trajectory,milford_haven,,1788533640000.0,,4.96108913421631
2026-09-05T00:07:04+00:00,area_trajectory,milford_haven,,1788533760000.0,,4.96108913421631
2026-09-05T00:07:04+00:00,area_trajectory,milford_haven,,1788533880000.0,,4.96108913421631
2026-09-05T00:07:04+00:00,area_trajectory,milford_haven,,1788534000000.0,,4.96108913421631
2026-09-05T00:07:04+00:00,area_trajectory,milford_haven,,1788534120000.0,,4.96108913421631
2026-09-05T00:07:04+00:00,area_trajectory,milford_haven,,1788534240000.0,,4.97573757171631
2026-09-05T00:07:04+00:00,area_trajectory,milford_haven,,1788534360000.0,,4.97573757171631
2026-09-05T00:07:04+00:00,area_trajectory,milford_haven,,1788534480000.0,,4.97573757171631
2026-09-05T00:07:04+00:00,area_trajectory,milford_haven,,1788534600000.0,,4.97573757171631
2026-09-05T00:07:04+00:00,area_trajectory,milford_haven,,1788534720000.0,,4.97573757171631
2026-09-05T00:07:04+00:00,area_trajectory,milford_haven,,1788534840000.0,,5.56413459777832
2026-09-05T00:07:04+00:00,area_trajectory,milford_haven,,1788534960000.0,,5.39078950881958
2026-09-05T00:07:04+00:00,area_trajectory,milford_haven,,1788535080000.0,,5.29557180404663
2026-09-05T00:07:04+00:00,area_trajectory,milford_haven,,1788535200000.0,,5.16861486434936
2026-09-05T00:07:04+00:00,area_trajectory,milford_haven,,1788535320000.0,,5.16861486434936
2026-09-05T00:07:04+00:00,area_trajectory,milford_haven,,1788535440000.0,,5.16861486434936
2026-09-05T00:07:04+00:00,area_trajectory,milford_haven,,1788535560000.0,,5.16861486434936
2026-09-05T00:07:04+00:00,area_trajectory,milford_haven,,1788535680000.0,,5.16861486434936
2026-09-05T00:07:04+00:00,area_trajectory,milford_haven,,1788535800000.0,,5.16861486434936
2026-09-05T00:07:04+00:00,area_trajectory,milford_haven,,1788535920000.0,,5.16861486434936
2026-09-05T00:07:04+00:00,area_trajectory,milford_haven,,1788536040000.0,,5.16861486434936
2026-09-05T00:07:04+00:00,area_trajectory,milford_haven,,1788536160000.0,,5.0660724639892605
2026-09-05T00:07:04+00:00,area_trajectory,milford_haven,,1788536280000.0,,4.9635305404663095
2026-09-05T00:07:04+00:00,area_trajectory,milford_haven,,1788536400000.0,,4.9635305404663095
2026-09-05T00:07:04+00:00,area_trajectory,milford_haven,,1788536520000.0,,5.0489821434021
2026-09-05T00:07:04+00:00,area_trajectory,milford_haven,,1788536640000.0,,5.0489821434021
2026-09-05T00:07:04+00:00,area_trajectory,milford_haven,,1788536760000.0,,5.0489821434021
2026-09-05T00:07:04+00:00,area_trajectory,milford_haven,,1788536880000.0,,5.0489821434021
2026-09-05T00:07:04+00:00,area_trajectory,milford_haven,,1788537000000.0,,5.131992340087891
2026-09-05T00:07:04+00:00,area_trajectory,milford_haven,,1788537120000.0,,5.131992340087891
2026-09-05T00:07:04+00:00,area_trajectory,milford_haven,,1788537240000.0,,5.131992340087891
2026-09-05T00:07:04+00:00,area_trajectory,milford_haven,,1788537360000.0,,5.131992340087891
2026-09-05T00:07:04+00:00,area_trajectory,milford_haven,,1788537480000.0,,5.131992340087891
2026-09-05T00:07:04+00:00,area_trajectory,milford_haven,,1788537600000.0,,5.131992340087891
2026-09-05T00:07:04+00:00,area_trajectory,milford_haven,,1788537720000.0,,5.131992340087891
2026-09-05T00:07:04+00:00,area_trajectory,milford_haven,,1788537840000.0,,5.06851387023926
2026-09-05T00:07:04+00:00,area_trajectory,milford_haven,,1788537960000.0,,5.06851387023926
2026-09-05T00:07:04+00:00,area_trajectory,milford_haven,,1788538080000.0,,5.06851387023926
2026-09-05T00:07:04+00:00,area_trajectory,milford_haven,,1788538200000.0,,5.06851387023926
2026-09-05T00:07:04+00:00,area_trajectory,milford_haven,,1788538320000.0,,5.06851387023926
2026-09-05T00:07:04+00:00,area_trajectory,milford_haven,,1788538440000.0,,5.06851387023926
2026-09-05T00:07:04+00:00,area_trajectory,milford_haven,,1788538560000.0,,5.06851387023926
2026-09-05T00:07:04+00:00,area_trajectory,milford_haven,,1788538680000.0,,5.06851387023926
2026-09-05T00:07:04+00:00,area_trajectory,milford_haven,,1788538800000.0,,5.06851387023926
2026-09-05T00:07:04+00:00,area_trajectory,milford_haven,,1788538920000.0,,5.06851387023926
2026-09-05T00:07:04+00:00,area_trajectory,milford_haven,,1788539040000.0,,5.06851387023926
2026-09-05T00:07:04+00:00,area_trajectory,milford_haven,,1788539160000.0,,5.06851387023926
2026-09-05T00:07:04+00:00,area_trajectory,milford_haven,,1788539280000.0,,5.06851387023926
2026-09-05T00:07:04+00:00,area_trajectory,milford_haven,,1788539400000.0,,5.06851387023926
2026-09-05T00:07:04+00:00,area_trajectory,milford_haven,,1788539520000.0,,5.06851387023926
2026-09-05T00:07:04+00:00,area_trajectory,milford_haven,,1788539640000.0,,5.06851387023926
2026-09-05T00:07:04+00:00,area_trajectory,milford_haven,,1788539760000.0,,5.06851387023926
2026-09-05T00:07:04+00:00,area_trajectory,milford_haven,,1788539880000.0,,5.06851387023926
2026-09-05T00:07:04+00:00,area_trajectory,milford_haven,,1788540000000.0,,5.06851387023926
2026-09-05T00:07:04+00:00,area_trajectory,milford_haven,,1788540120000.0,,5.06851387023926
2026-09-05T00:07:04+00:00,area_trajectory,milford_haven,,1788540240000.0,,5.06851387023926
2026-09-05T00:07:04+00:00,area_trajectory,milford_haven,,1788540360000.0,,5.06851387023926
2026-09-05T00:07:04+00:00,area_trajectory,milford_haven,,1788540480000.0,,5.06851387023926
2026-09-05T00:07:04+00:00,area_trajectory,milford_haven,,1788540600000.0,,5.06851387023926
2026-09-05T00:07:04+00:00,area_trajectory,milford_haven,,1788540720000.0,,5.06851387023926
2026-09-05T00:07:04+00:00,area_trajectory,milford_haven,,1788540840000.0,,5.06851387023926
2026-09-05T00:07:04+00:00,area_trajectory,milford_haven,,1788540960000.0,,5.06851387023926
2026-09-05T00:07:04+00:00,area_trajectory,milford_haven,,1788541080000.0,,5.06851387023926
2026-09-05T00:07:04+00:00,area_trajectory,milford_haven,,1788541200000.0,,5.06851387023926
2026-09-05T00:07:04+00:00,area_trajectory,milford_haven,,1788541320000.0,,5.06851387023926
2026-09-05T00:07:04+00:00,area_trajectory,milford_haven,,1788541440000.0,,5.08072137832642
2026-09-05T00:07:04+00:00,area_trajectory,milford_haven,,1788541560000.0,,5.08072137832642
2026-09-05T00:07:04+00:00,area_trajectory,milford_haven,,1788541680000.0,,5.08072137832642
2026-09-05T00:07:04+00:00,area_trajectory,milford_haven,,1788541800000.0,,5.08072137832642
2026-09-05T00:07:04+00:00,area_trajectory,milford_haven,,1788541920000.0,,5.08072137832642
2026-09-05T00:07:04+00:00,area_trajectory,milford_haven,,1788542040000.0,,5.08072137832642
2026-09-05T00:07:04+00:00,area_trajectory,milford_haven,,1788542160000.0,,5.08072137832642
2026-09-05T00:07:04+00:00,area_trajectory,milford_haven,,1788542280000.0,,5.08072137832642
2026-09-05T00:07:04+00:00,area_trajectory,milford_haven,,1788542400000.0,,5.08072137832642
2026-09-05T00:07:04+00:00,area_trajectory,milford_haven,,1788542520000.0,,5.08072137832642
2026-09-05T00:07:04+00:00,area_trajectory,milford_haven,,1788542640000.0,,5.08072137832642
2026-09-05T00:07:04+00:00,area_trajectory,milford_haven,,1788542760000.0,,5.08072137832642
2026-09-05T00:07:04+00:00,area_trajectory,milford_haven,,1788542880000.0,,5.08072137832642
2026-09-05T00:07:04+00:00,area_trajectory,milford_haven,,1788543000000.0,,5.08072137832642
2026-09-05T00:07:04+00:00,area_trajectory,milford_haven,,1788543120000.0,,5.08072137832642
2026-09-05T00:07:04+00:00,area_trajectory,milford_haven,,1788543240000.0,,5.08072137832642
2026-09-05T00:07:04+00:00,area_trajectory,milford_haven,,1788543360000.0,,5.08072137832642
2026-09-05T00:07:04+00:00,area_trajectory,milford_haven,,1788543480000.0,,5.08072137832642
2026-09-05T00:07:04+00:00,area_trajectory,milford_haven,,1788543600000.0,,5.08072137832642
2026-09-05T00:07:04+00:00,area_trajectory,milford_haven,,1788543720000.0,,5.08072137832642
2026-09-05T00:07:04+00:00,area_trajectory,milford_haven,,1788543840000.0,,5.08072137832642
2026-09-05T00:07:04+00:00,area_trajectory,milford_haven,,1788543960000.0,,5.08072137832642
2026-09-05T00:07:04+00:00,area_trajectory,milford_haven,,1788544080000.0,,5.08072137832642
2026-09-05T00:07:04+00:00,area_trajectory,milford_haven,,1788544200000.0,,5.08072137832642
2026-09-05T00:07:04+00:00,area_trajectory,milford_haven,,1788544320000.0,,5.08072137832642
2026-09-05T00:07:04+00:00,area_trajectory,milford_haven,,1788544440000.0,,5.08072137832642
2026-09-05T00:07:04+00:00,area_trajectory,milford_haven,,1788544560000.0,,5.08072137832642
2026-09-05T00:07:04+00:00,area_trajectory,milford_haven,,1788544680000.0,,5.08072137832642
2026-09-05T00:07:04+00:00,area_trajectory,milford_haven,,1788544800000.0,,5.08072137832642
2026-09-05T00:07:04+00:00,area_trajectory,milford_haven,,1788544920000.0,,5.08072137832642
2026-09-05T00:07:04+00:00,area_trajectory,milford_haven,,1788545040000.0,,5.0538649559021005
2026-09-05T00:07:04+00:00,area_trajectory,milford_haven,,1788545160000.0,,5.0538649559021005
2026-09-05T00:07:04+00:00,area_trajectory,milford_haven,,1788545280000.0,,5.0538649559021005
2026-09-05T00:07:04+00:00,area_trajectory,milford_haven,,1788545400000.0,,5.0538649559021005
2026-09-05T00:07:04+00:00,area_trajectory,milford_haven,,1788545520000.0,,5.0538649559021005
2026-09-05T00:07:04+00:00,area_trajectory,milford_haven,,1788545640000.0,,5.0538649559021005
2026-09-05T00:07:04+00:00,area_trajectory,milford_haven,,1788545760000.0,,5.0538649559021005
2026-09-05T00:07:04+00:00,area_trajectory,milford_haven,,1788545880000.0,,5.0538649559021005
2026-09-05T00:07:04+00:00,area_trajectory,milford_haven,,1788546000000.0,,5.0538649559021005
2026-09-05T00:07:04+00:00,area_trajectory,milford_haven,,1788546120000.0,,5.0538649559021005
2026-09-05T00:07:04+00:00,area_trajectory,milford_haven,,1788546240000.0,,5.0538649559021005
2026-09-05T00:07:04+00:00,area_trajectory,milford_haven,,1788546360000.0,,5.0538649559021005
2026-09-05T00:07:04+00:00,area_trajectory,milford_haven,,1788546480000.0,,5.0538649559021005
2026-09-05T00:07:04+00:00,area_trajectory,milford_haven,,1788546600000.0,,5.0538649559021005
2026-09-05T00:07:04+00:00,area_trajectory,milford_haven,,1788546720000.0,,5.0538649559021005
2026-09-05T00:07:04+00:00,area_trajectory,milford_haven,,1788546840000.0,,5.0538649559021005
2026-09-05T00:07:04+00:00,area_trajectory,milford_haven,,1788546960000.0,,5.0538649559021005
2026-09-05T00:07:04+00:00,area_trajectory,milford_haven,,1788547080000.0,,5.0538649559021005
2026-09-05T00:07:04+00:00,area_trajectory,milford_haven,,1788547200000.0,,5.0538649559021005
2026-09-05T00:07:04+00:00,area_trajectory,milford_haven,,1788547320000.0,,5.0538649559021005
2026-09-05T00:07:04+00:00,area_trajectory,milford_haven,,1788547440000.0,,5.0538649559021005
2026-09-05T00:07:04+00:00,area_trajectory,milford_haven,,1788547560000.0,,5.0538649559021005
2026-09-05T00:07:04+00:00,area_trajectory,milford_haven,,1788547680000.0,,5.0538649559021005
2026-09-05T00:07:04+00:00,area_trajectory,milford_haven,,1788547800000.0,,5.0538649559021005
2026-09-05T00:07:04+00:00,area_trajectory,milford_haven,,1788547920000.0,,5.0538649559021005
2026-09-05T00:07:04+00:00,area_trajectory,milford_haven,,1788548040000.0,,5.0538649559021005
2026-09-05T00:07:04+00:00,area_trajectory,milford_haven,,1788548160000.0,,5.0538649559021005
2026-09-05T00:07:04+00:00,area_trajectory,milford_haven,,1788548280000.0,,5.0538649559021005
2026-09-05T00:07:04+00:00,area_trajectory,milford_haven,,1788548400000.0,,5.0538649559021005
2026-09-05T00:07:04+00:00,area_trajectory,milford_haven,,1788548520000.0,,5.0538649559021005
2026-09-05T00:07:04+00:00,area_trajectory,milford_haven,,1788548640000.0,,5.0489821434021
2026-09-05T00:07:04+00:00,area_trajectory,milford_haven,,1788548760000.0,,5.0489821434021
2026-09-05T00:07:04+00:00,area_trajectory,milford_haven,,1788548880000.0,,5.0489821434021
2026-09-05T00:07:04+00:00,area_trajectory,milford_haven,,1788549000000.0,,5.0489821434021
2026-09-05T00:07:04+00:00,area_trajectory,milford_haven,,1788549120000.0,,5.0489821434021
2026-09-05T00:07:04+00:00,area_trajectory,milford_haven,,1788549240000.0,,5.0489821434021
2026-09-05T00:07:04+00:00,area_trajectory,milford_haven,,1788549360000.0,,5.0489821434021
2026-09-05T00:07:04+00:00,area_trajectory,milford_haven,,1788549480000.0,,5.0489821434021
2026-09-05T00:07:04+00:00,area_trajectory,milford_haven,,1788549600000.0,,5.0489821434021
2026-09-05T00:07:04+00:00,area_trajectory,milford_haven,,1788549720000.0,,5.0489821434021
2026-09-05T00:07:04+00:00,area_trajectory,milford_haven,,1788549840000.0,,5.0489821434021
2026-09-05T00:07:04+00:00,area_trajectory,milford_haven,,1788549960000.0,,5.0489821434021
2026-09-05T00:07:04+00:00,area_trajectory,milford_haven,,1788550080000.0,,5.0489821434021
2026-09-05T00:07:04+00:00,area_trajectory,milford_haven,,1788550200000.0,,5.0489821434021
2026-09-05T00:07:04+00:00,area_trajectory,milford_haven,,1788550320000.0,,5.0489821434021
2026-09-05T00:07:04+00:00,area_trajectory,milford_haven,,1788550440000.0,,5.0489821434021
2026-09-05T00:07:04+00:00,area_trajectory,milford_haven,,1788550560000.0,,5.0489821434021
2026-09-05T00:07:04+00:00,area_trajectory,milford_haven,,1788550680000.0,,5.0489821434021
2026-09-05T00:07:04+00:00,area_trajectory,milford_haven,,1788550800000.0,,5.0489821434021
2026-09-05T00:07:04+00:00,area_trajectory,milford_haven,,1788550920000.0,,5.0489821434021
2026-09-05T00:07:04+00:00,area_trajectory,milford_haven,,1788551040000.0,,5.0489821434021
2026-09-05T00:07:04+00:00,area_trajectory,milford_haven,,1788551160000.0,,5.0489821434021
2026-09-05T00:07:04+00:00,area_trajectory,milford_haven,,1788551280000.0,,5.0489821434021
2026-09-05T00:07:04+00:00,area_trajectory,milford_haven,,1788551400000.0,,5.0489821434021
2026-09-05T00:07:04+00:00,area_trajectory,milford_haven,,1788551520000.0,,5.0489821434021
2026-09-05T00:07:04+00:00,area_trajectory,milford_haven,,1788551640000.0,,5.0489821434021
2026-09-05T00:07:04+00:00,area_trajectory,milford_haven,,1788551760000.0,,5.0489821434021
2026-09-05T00:07:04+00:00,area_trajectory,milford_haven,,1788551880000.0,,5.0489821434021
2026-09-05T00:07:04+00:00,area_trajectory,milford_haven,,1788552000000.0,,5.0489821434021
2026-09-05T00:07:04+00:00,area_trajectory,milford_haven,,1788552120000.0,,5.0489821434021
2026-09-05T00:07:04+00:00,area_trajectory,milford_haven,,1788552240000.0,,5.0245676040649405
2026-09-05T00:07:04+00:00,area_trajectory,milford_haven,,1788552360000.0,,5.0245676040649405
2026-09-05T00:07:04+00:00,area_trajectory,milford_haven,,1788552480000.0,,5.0245676040649405
2026-09-05T00:07:04+00:00,area_trajectory,milford_haven,,1788552600000.0,,5.0245676040649405
2026-09-05T00:07:04+00:00,area_trajectory,milford_haven,,1788552720000.0,,5.0245676040649405
2026-09-05T00:07:04+00:00,area_trajectory,milford_haven,,1788552840000.0,,5.0245676040649405
2026-09-05T00:07:04+00:00,area_trajectory,milford_haven,,1788552960000.0,,5.0245676040649405
2026-09-05T00:07:04+00:00,area_trajectory,milford_haven,,1788553080000.0,,5.0245676040649405
2026-09-05T00:07:04+00:00,area_trajectory,milford_haven,,1788553200000.0,,5.0245676040649405
2026-09-05T00:07:04+00:00,area_trajectory,milford_haven,,1788553320000.0,,5.0245676040649405
2026-09-05T00:07:04+00:00,area_trajectory,milford_haven,,1788553440000.0,,5.0245676040649405
2026-09-05T00:07:04+00:00,area_trajectory,milford_haven,,1788553560000.0,,5.0245676040649405
2026-09-05T00:07:04+00:00,area_trajectory,milford_haven,,1788553680000.0,,5.0245676040649405
2026-09-05T00:07:04+00:00,area_trajectory,milford_haven,,1788553800000.0,,5.0245676040649405
2026-09-05T00:07:04+00:00,area_trajectory,milford_haven,,1788553920000.0,,5.0245676040649405
2026-09-05T00:07:04+00:00,area_trajectory,milford_haven,,1788554040000.0,,5.0245676040649405
2026-09-05T00:07:04+00:00,area_trajectory,milford_haven,,1788554160000.0,,5.0245676040649405
2026-09-05T00:07:04+00:00,area_trajectory,milford_haven,,1788554280000.0,,5.0245676040649405
2026-09-05T00:07:04+00:00,area_trajectory,milford_haven,,1788554400000.0,,5.0245676040649405
2026-09-05T00:07:04+00:00,area_trajectory,milford_haven,,1788554520000.0,,5.0245676040649405
2026-09-05T00:07:04+00:00,area_trajectory,milford_haven,,1788554640000.0,,5.0245676040649405
2026-09-05T00:07:04+00:00,area_trajectory,milford_haven,,1788554760000.0,,5.0245676040649405
2026-09-05T00:07:04+00:00,area_trajectory,milford_haven,,1788554880000.0,,5.0245676040649405
2026-09-05T00:07:04+00:00,area_trajectory,milford_haven,,1788555000000.0,,5.0245676040649405
2026-09-05T00:07:04+00:00,area_trajectory,milford_haven,,1788555120000.0,,5.0245676040649405
2026-09-05T00:07:04+00:00,area_trajectory,milford_haven,,1788555240000.0,,5.0245676040649405
2026-09-05T00:07:04+00:00,area_trajectory,milford_haven,,1788555360000.0,,5.0245676040649405
2026-09-05T00:07:04+00:00,area_trajectory,milford_haven,,1788555480000.0,,5.0245676040649405
2026-09-05T00:07:04+00:00,area_trajectory,milford_haven,,1788555600000.0,,5.0245676040649405
2026-09-05T00:07:04+00:00,area_trajectory,milford_haven,,1788555720000.0,,5.0245676040649405
2026-09-05T00:07:04+00:00,area_trajectory,milford_haven,,1788555840000.0,,5.0465407371521
2026-09-05T00:07:04+00:00,area_trajectory,milford_haven,,1788555960000.0,,5.0465407371521
2026-09-05T00:07:04+00:00,area_trajectory,milford_haven,,1788556080000.0,,5.0465407371521
2026-09-05T00:07:04+00:00,area_trajectory,milford_haven,,1788556200000.0,,5.0465407371521
2026-09-05T00:07:04+00:00,area_trajectory,milford_haven,,1788556320000.0,,5.0465407371521
2026-09-05T00:07:04+00:00,area_trajectory,milford_haven,,1788556440000.0,,5.0465407371521
2026-09-05T00:07:04+00:00,area_trajectory,milford_haven,,1788556560000.0,,5.0465407371521
2026-09-05T00:07:04+00:00,area_trajectory,milford_haven,,1788556680000.0,,5.0465407371521
2026-09-05T00:07:04+00:00,area_trajectory,milford_haven,,1788556800000.0,,5.0465407371521
2026-09-05T00:07:04+00:00,area_trajectory,milford_haven,,1788556920000.0,,4.95376443862915
2026-09-05T00:07:04+00:00,area_trajectory,milford_haven,,1788557040000.0,,4.95376443862915
2026-09-05T00:07:04+00:00,area_trajectory,milford_haven,,1788557160000.0,,4.95376443862915
2026-09-05T00:07:04+00:00,area_trajectory,milford_haven,,1788557280000.0,,4.95376443862915
2026-09-05T00:07:04+00:00,area_trajectory,milford_haven,,1788557400000.0,,4.95376443862915
2026-09-05T00:07:04+00:00,area_trajectory,milford_haven,,1788557520000.0,,4.95376443862915
2026-09-05T00:07:04+00:00,area_trajectory,milford_haven,,1788557640000.0,,4.95376443862915
2026-09-05T00:07:04+00:00,area_trajectory,milford_haven,,1788557760000.0,,4.95376443862915
2026-09-05T00:07:04+00:00,area_trajectory,milford_haven,,1788557880000.0,,4.95376443862915
2026-09-05T00:07:04+00:00,area_trajectory,milford_haven,,1788558000000.0,,4.95376443862915
2026-09-05T00:07:04+00:00,area_trajectory,milford_haven,,1788558120000.0,,4.95376443862915
2026-09-05T00:07:04+00:00,area_trajectory,milford_haven,,1788558240000.0,,4.95376443862915
2026-09-05T00:07:04+00:00,area_trajectory,milford_haven,,1788558360000.0,,4.95376443862915
2026-09-05T00:07:04+00:00,area_trajectory,milford_haven,,1788558480000.0,,4.95376443862915
2026-09-05T00:07:04+00:00,area_trajectory,milford_haven,,1788558600000.0,,4.95376443862915
2026-09-05T00:07:04+00:00,area_trajectory,milford_haven,,1788558720000.0,,4.95376443862915
2026-09-05T00:07:04+00:00,area_trajectory,milford_haven,,1788558840000.0,,4.95376443862915
2026-09-05T00:07:04+00:00,area_trajectory,milford_haven,,1788558960000.0,,4.95376443862915
2026-09-05T00:07:04+00:00,area_trajectory,milford_haven,,1788559080000.0,,4.95376443862915
2026-09-05T00:07:04+00:00,area_trajectory,milford_haven,,1788559200000.0,,4.95376443862915
2026-09-05T00:07:04+00:00,area_trajectory,milford_haven,,1788559320000.0,,4.95376443862915
2026-09-05T00:07:04+00:00,area_trajectory,milford_haven,,1788559440000.0,,5.01236009597778
2026-09-05T00:07:04+00:00,area_trajectory,milford_haven,,1788559560000.0,,5.01236009597778
2026-09-05T00:07:04+00:00,area_trajectory,milford_haven,,1788559680000.0,,5.01236009597778
2026-09-05T00:07:04+00:00,area_trajectory,milford_haven,,1788559800000.0,,5.01236009597778
2026-09-05T00:07:04+00:00,area_trajectory,milford_haven,,1788559920000.0,,5.01236009597778
2026-09-05T00:07:04+00:00,area_trajectory,milford_haven,,1788560040000.0,,5.01236009597778
2026-09-05T00:07:04+00:00,area_trajectory,milford_haven,,1788560160000.0,,5.01236009597778
2026-09-05T00:07:04+00:00,area_trajectory,milford_haven,,1788560280000.0,,5.01236009597778
2026-09-05T00:07:04+00:00,area_trajectory,milford_haven,,1788560400000.0,,5.01236009597778
2026-09-05T00:07:04+00:00,area_trajectory,milford_haven,,1788560520000.0,,5.01236009597778
2026-09-05T00:07:04+00:00,area_trajectory,milford_haven,,1788560640000.0,,5.01236009597778
2026-09-05T00:07:04+00:00,area_trajectory,milford_haven,,1788560760000.0,,5.01236009597778
2026-09-05T00:07:04+00:00,area_trajectory,milford_haven,,1788560880000.0,,5.01236009597778
2026-09-05T00:07:04+00:00,area_trajectory,milford_haven,,1788561000000.0,,5.01236009597778
2026-09-05T00:07:04+00:00,area_trajectory,milford_haven,,1788561120000.0,,5.01236009597778
2026-09-05T00:07:04+00:00,area_trajectory,milford_haven,,1788561240000.0,,5.01236009597778
2026-09-05T00:07:04+00:00,area_trajectory,milford_haven,,1788561360000.0,,5.01236009597778
2026-09-05T00:07:04+00:00,area_trajectory,milford_haven,,1788561480000.0,,5.01236009597778
2026-09-05T00:07:04+00:00,area_trajectory,milford_haven,,1788561600000.0,,5.01236009597778
2026-09-05T00:07:04+00:00,area_trajectory,milford_haven,,1788561720000.0,,5.01236009597778
2026-09-05T00:07:04+00:00,area_trajectory,milford_haven,,1788561840000.0,,5.01236009597778
2026-09-05T00:07:04+00:00,area_trajectory,milford_haven,,1788561960000.0,,5.01236009597778
2026-09-05T00:07:04+00:00,area_trajectory,milford_haven,,1788562080000.0,,5.01236009597778
2026-09-05T00:07:04+00:00,area_trajectory,milford_haven,,1788562200000.0,,5.01236009597778
2026-09-05T00:07:04+00:00,area_trajectory,milford_haven,,1788562320000.0,,5.01236009597778
2026-09-05T00:07:04+00:00,area_trajectory,milford_haven,,1788562440000.0,,5.01236009597778
2026-09-05T00:07:04+00:00,area_trajectory,milford_haven,,1788562560000.0,,5.01236009597778
2026-09-05T00:07:04+00:00,area_trajectory,milford_haven,,1788562680000.0,,5.01236009597778
2026-09-05T00:07:04+00:00,area_trajectory,milford_haven,,1788562800000.0,,5.01236009597778
2026-09-05T00:07:04+00:00,area_trajectory,milford_haven,,1788562920000.0,,5.01236009597778
2026-09-05T00:07:04+00:00,area_trajectory,milford_haven,,1788563040000.0,,4.93911552429199
2026-09-05T00:07:04+00:00,area_trajectory,milford_haven,,1788563160000.0,,4.93911552429199
2026-09-05T00:07:04+00:00,area_trajectory,milford_haven,,1788563280000.0,,4.93911552429199
2026-09-05T00:07:04+00:00,area_trajectory,milford_haven,,1788563400000.0,,4.93911552429199
2026-09-05T00:07:04+00:00,area_trajectory,milford_haven,,1788563520000.0,,4.93911552429199
2026-09-05T00:07:04+00:00,area_trajectory,milford_haven,,1788563640000.0,,4.93911552429199
2026-09-05T00:07:04+00:00,area_trajectory,milford_haven,,1788563760000.0,,4.93911552429199
2026-09-05T00:07:04+00:00,area_trajectory,milford_haven,,1788563880000.0,,4.93911552429199
2026-09-05T00:07:04+00:00,area_trajectory,milford_haven,,1788564000000.0,,4.93911552429199
2026-09-05T00:07:04+00:00,area_trajectory,milford_haven,,1788564120000.0,,4.93911552429199
2026-09-05T00:07:04+00:00,area_trajectory,milford_haven,,1788564240000.0,,4.93911552429199
2026-09-05T00:07:04+00:00,area_trajectory,milford_haven,,1788564360000.0,,4.93911552429199
2026-09-05T00:07:04+00:00,area_trajectory,milford_haven,,1788564480000.0,,4.93911552429199
2026-09-05T00:07:04+00:00,area_trajectory,milford_haven,,1788564600000.0,,4.93911552429199
2026-09-05T00:07:04+00:00,area_trajectory,milford_haven,,1788564720000.0,,4.93911552429199
2026-09-05T00:07:04+00:00,area_trajectory,milford_haven,,1788564840000.0,,4.93911552429199
2026-09-05T00:07:04+00:00,area_trajectory,milford_haven,,1788564960000.0,,4.93911552429199
2026-09-05T00:07:04+00:00,area_trajectory,milford_haven,,1788565080000.0,,4.93911552429199
2026-09-05T00:07:04+00:00,area_trajectory,milford_haven,,1788565200000.0,,4.93911552429199
2026-09-05T00:07:04+00:00,area_trajectory,milford_haven,,1788565320000.0,,4.93911552429199
2026-09-05T00:07:04+00:00,area_trajectory,milford_haven,,1788565440000.0,,4.93911552429199
2026-09-05T00:07:04+00:00,area_trajectory,milford_haven,,1788565560000.0,,4.93911552429199
2026-09-05T00:07:04+00:00,area_trajectory,milford_haven,,1788565680000.0,,4.93911552429199
2026-09-05T00:07:04+00:00,area_trajectory,milford_haven,,1788565800000.0,,4.93911552429199
2026-09-05T00:07:04+00:00,area_trajectory,milford_haven,,1788565920000.0,,4.93911552429199
2026-09-05T00:07:04+00:00,area_trajectory,milford_haven,,1788566040000.0,,4.93911552429199
2026-09-05T00:07:04+00:00,area_trajectory,milford_haven,,1788566160000.0,,4.93911552429199
2026-09-05T00:07:04+00:00,area_trajectory,milford_haven,,1788566280000.0,,4.93911552429199
2026-09-05T00:07:04+00:00,area_trajectory,milford_haven,,1788566400000.0,,4.93911552429199
2026-09-05T00:07:04+00:00,area_trajectory,milford_haven,,1788566520000.0,,4.93911552429199
2026-09-05T00:07:04+00:00,area_trajectory,milford_haven,,1788566640000.0,,4.99771118164062
2026-09-05T00:07:04+00:00,area_trajectory,milford_haven,,1788566760000.0,,4.99771118164062
2026-09-05T00:07:04+00:00,area_trajectory,milford_haven,,1788566880000.0,,4.99771118164062
2026-09-05T00:07:04+00:00,area_trajectory,milford_haven,,1788567000000.0,,4.99771118164062
2026-09-05T00:07:04+00:00,area_trajectory,milford_haven,,1788567120000.0,,4.99771118164062
2026-09-05T00:07:04+00:00,area_trajectory,milford_haven,,1788567240000.0,,4.99771118164062
2026-09-05T00:07:04+00:00,area_trajectory,milford_haven,,1788567360000.0,,4.99771118164062
2026-09-05T00:07:04+00:00,area_trajectory,milford_haven,,1788567480000.0,,4.99771118164062
2026-09-05T00:07:04+00:00,area_trajectory,milford_haven,,1788567600000.0,,4.99771118164062
2026-09-05T00:07:04+00:00,area_trajectory,milford_haven,,1788567720000.0,,4.99771118164062
2026-09-05T00:07:04+00:00,area_trajectory,milford_haven,,1788567840000.0,,4.99771118164062
2026-09-05T00:07:04+00:00,area_trajectory,milford_haven,,1788567960000.0,,4.99771118164062
2026-09-05T00:07:04+00:00,area_trajectory,milford_haven,,1788568080000.0,,4.99771118164062
2026-09-05T00:07:04+00:00,area_trajectory,milford_haven,,1788568200000.0,,4.99771118164062
2026-09-05T00:07:04+00:00,area_trajectory,milford_haven,,1788568320000.0,,4.99771118164062
2026-09-05T00:07:04+00:00,area_trajectory,milford_haven,,1788568440000.0,,4.99771118164062
2026-09-05T00:07:04+00:00,area_trajectory,milford_haven,,1788568560000.0,,4.99771118164062
2026-09-05T00:07:04+00:00,area_trajectory,milford_haven,,1788568680000.0,,4.99771118164062
2026-09-05T00:07:04+00:00,area_trajectory,milford_haven,,1788568800000.0,,4.99771118164062
2026-09-05T00:07:04+00:00,area_trajectory,milford_haven,,1788568920000.0,,4.99771118164062
2026-09-05T00:07:04+00:00,area_trajectory,milford_haven,,1788569040000.0,,4.99771118164062
2026-09-05T00:07:04+00:00,area_trajectory,milford_haven,,1788569160000.0,,4.99771118164062
2026-09-05T00:07:04+00:00,area_trajectory,milford_haven,,1788569280000.0,,4.99771118164062
2026-09-05T00:07:04+00:00,area_trajectory,milford_haven,,1788569400000.0,,4.99771118164062
2026-09-05T00:07:04+00:00,area_trajectory,milford_haven,,1788569520000.0,,4.99771118164062
2026-09-05T00:07:04+00:00,area_trajectory,milford_haven,,1788569640000.0,,4.99771118164062
2026-09-05T00:07:04+00:00,area_trajectory,milford_haven,,1788569760000.0,,4.99771118164062
2026-09-05T00:07:04+00:00,area_trajectory,milford_haven,,1788569880000.0,,4.99771118164062
2026-09-05T00:07:04+00:00,subterminal_latest,grain,nts1,,00:48,0.00
2026-09-05T00:07:04+00:00,subterminal_latest,grain,nts1,,00:50,0.00
2026-09-05T00:07:04+00:00,subterminal_latest,grain,nts1,,00:52,0.00
2026-09-05T00:07:04+00:00,subterminal_latest,grain,nts1,,00:54,0.00
2026-09-05T00:07:04+00:00,subterminal_latest,grain,nts1,,00:56,0.00
2026-09-05T00:07:04+00:00,subterminal_latest,grain,nts1,,00:58,0.00
2026-09-05T00:07:04+00:00,subterminal_latest,grain,nts2,,00:48,0.00
2026-09-05T00:07:04+00:00,subterminal_latest,grain,nts2,,00:50,0.00
2026-09-05T00:07:04+00:00,subterminal_latest,grain,nts2,,00:52,0.00
2026-09-05T00:07:04+00:00,subterminal_latest,grain,nts2,,00:54,0.00
2026-09-05T00:07:04+00:00,subterminal_latest,grain,nts2,,00:56,0.00
2026-09-05T00:07:04+00:00,subterminal_latest,grain,nts2,,00:58,0.00
2026-09-05T00:07:04+00:00,subterminal_latest,dragon,,,00:48,0.00
2026-09-05T00:07:04+00:00,subterminal_latest,dragon,,,00:50,0.00
2026-09-05T00:07:04+00:00,subterminal_latest,dragon,,,00:52,0.00
2026-09-05T00:07:04+00:00,subterminal_latest,dragon,,,00:54,0.00
2026-09-05T00:07:04+00:00,subterminal_latest,dragon,,,00:56,0.00
2026-09-05T00:07:04+00:00,subterminal_latest,dragon,,,00:58,0.00
2026-09-05T00:07:04+00:00,subterminal_latest,south_hook,,,00:48,5.00
2026-09-05T00:07:04+00:00,subterminal_latest,south_hook,,,00:50,5.00
2026-09-05T00:07:04+00:00,subterminal_latest,south_hook,,,00:52,5.00
2026-09-05T00:07:04+00:00,subterminal_latest,south_hook,,,00:54,5.00
2026-09-05T00:07:04+00:00,subterminal_latest,south_hook,,,00:56,5.00
2026-09-05T00:07:04+00:00,subterminal_latest,south_hook,,,00:58,5.00
