snapshot_utc,series,terminal,sub,epoch_ms,time_label,value_mcm_d
2026-10-10T01:45:31+00:00,area_trajectory,grain,,1791522000000.0,,3.51314501936361
2026-10-10T01:45:31+00:00,area_trajectory,grain,,1791522120000.0,,3.51314501936361
2026-10-10T01:45:31+00:00,area_trajectory,grain,,1791522240000.0,,3.5325911863558
2026-10-10T01:45:31+00:00,area_trajectory,grain,,1791522360000.0,,2.85724108869955
2026-10-10T01:45:31+00:00,area_trajectory,grain,,1791522480000.0,,2.85724108869955
2026-10-10T01:45:31+00:00,area_trajectory,grain,,1791522600000.0,,2.9053626707308
2026-10-10T01:45:31+00:00,area_trajectory,grain,,1791522720000.0,,2.9053626707308
2026-10-10T01:45:31+00:00,area_trajectory,grain,,1791522840000.0,,2.88888262922689
2026-10-10T01:45:31+00:00,area_trajectory,grain,,1791522960000.0,,2.88888262922689
2026-10-10T01:45:31+00:00,area_trajectory,grain,,1791523080000.0,,2.88888262922689
2026-10-10T01:45:31+00:00,area_trajectory,grain,,1791523200000.0,,2.91195465071127
2026-10-10T01:45:31+00:00,area_trajectory,grain,,1791523320000.0,,2.9739195554964204
2026-10-10T01:45:31+00:00,area_trajectory,grain,,1791523440000.0,,2.9739195554964204
2026-10-10T01:45:31+00:00,area_trajectory,grain,,1791523560000.0,,2.93733398420736
2026-10-10T01:45:31+00:00,area_trajectory,grain,,1791523680000.0,,2.93733398420736
2026-10-10T01:45:31+00:00,area_trajectory,grain,,1791523800000.0,,3.01841546614096
2026-10-10T01:45:31+00:00,area_trajectory,grain,,1791523920000.0,,3.01841546614096
2026-10-10T01:45:31+00:00,area_trajectory,grain,,1791524040000.0,,3.01841546614096
2026-10-10T01:45:31+00:00,area_trajectory,grain,,1791524160000.0,,2.95842828352377
2026-10-10T01:45:31+00:00,area_trajectory,grain,,1791524280000.0,,2.9791931761018904
2026-10-10T01:45:31+00:00,area_trajectory,grain,,1791524400000.0,,2.9791931761018904
2026-10-10T01:45:31+00:00,area_trajectory,grain,,1791524520000.0,,2.9791931761018904
2026-10-10T01:45:31+00:00,area_trajectory,grain,,1791524640000.0,,2.9791931761018904
2026-10-10T01:45:31+00:00,area_trajectory,grain,,1791524760000.0,,2.95842828352377
2026-10-10T01:45:31+00:00,area_trajectory,grain,,1791524880000.0,,2.95842828352377
2026-10-10T01:45:31+00:00,area_trajectory,grain,,1791525000000.0,,2.95842828352377
2026-10-10T01:45:31+00:00,area_trajectory,grain,,1791525120000.0,,2.9791931761018904
2026-10-10T01:45:31+00:00,area_trajectory,grain,,1791525240000.0,,2.95908746321127
2026-10-10T01:45:31+00:00,area_trajectory,grain,,1791525360000.0,,2.95908746321127
2026-10-10T01:45:31+00:00,area_trajectory,grain,,1791525480000.0,,2.93766357405111
2026-10-10T01:45:31+00:00,area_trajectory,grain,,1791525600000.0,,2.93766357405111
2026-10-10T01:45:31+00:00,area_trajectory,grain,,1791525720000.0,,2.93766357405111
2026-10-10T01:45:31+00:00,area_trajectory,grain,,1791525840000.0,,3.01709710676596
2026-10-10T01:45:31+00:00,area_trajectory,grain,,1791525960000.0,,2.93601544172689
2026-10-10T01:45:31+00:00,area_trajectory,grain,,1791526080000.0,,2.93601544172689
2026-10-10T01:45:31+00:00,area_trajectory,grain,,1791526200000.0,,2.99369549543783
2026-10-10T01:45:31+00:00,area_trajectory,grain,,1791526320000.0,,2.99369549543783
2026-10-10T01:45:31+00:00,area_trajectory,grain,,1791526440000.0,,2.99369549543783
2026-10-10T01:45:31+00:00,area_trajectory,grain,,1791526560000.0,,2.92975305159017
2026-10-10T01:45:31+00:00,area_trajectory,grain,,1791526680000.0,,2.96732757551596
2026-10-10T01:45:31+00:00,area_trajectory,grain,,1791526800000.0,,2.96732757551596
2026-10-10T01:45:31+00:00,area_trajectory,grain,,1791526920000.0,,2.96732757551596
2026-10-10T01:45:31+00:00,area_trajectory,grain,,1791527040000.0,,2.96732757551596
2026-10-10T01:45:31+00:00,area_trajectory,grain,,1791527160000.0,,2.94128906233236
2026-10-10T01:45:31+00:00,area_trajectory,grain,,1791527280000.0,,2.94128906233236
2026-10-10T01:45:31+00:00,area_trajectory,grain,,1791527400000.0,,2.94128906233236
2026-10-10T01:45:31+00:00,area_trajectory,grain,,1791527520000.0,,2.97787463362142
2026-10-10T01:45:31+00:00,area_trajectory,grain,,1791527640000.0,,2.91558032209799
2026-10-10T01:45:31+00:00,area_trajectory,grain,,1791527760000.0,,2.91558032209799
2026-10-10T01:45:31+00:00,area_trajectory,grain,,1791527880000.0,,2.91558032209799
2026-10-10T01:45:31+00:00,area_trajectory,grain,,1791528000000.0,,2.95150671369955
2026-10-10T01:45:31+00:00,area_trajectory,grain,,1791528120000.0,,2.95150671369955
2026-10-10T01:45:31+00:00,area_trajectory,grain,,1791528240000.0,,2.95150671369955
2026-10-10T01:45:31+00:00,area_trajectory,grain,,1791528360000.0,,2.98248907453939
2026-10-10T01:45:31+00:00,area_trajectory,grain,,1791528480000.0,,2.98248907453939
2026-10-10T01:45:31+00:00,area_trajectory,grain,,1791528600000.0,,2.95809869368002
2026-10-10T01:45:31+00:00,area_trajectory,grain,,1791528720000.0,,2.95809869368002
2026-10-10T01:45:31+00:00,area_trajectory,grain,,1791528840000.0,,2.99303631575033
2026-10-10T01:45:31+00:00,area_trajectory,grain,,1791528960000.0,,2.99303631575033
2026-10-10T01:45:31+00:00,area_trajectory,grain,,1791529080000.0,,2.94821063215658
2026-10-10T01:45:31+00:00,area_trajectory,grain,,1791529200000.0,,2.94821063215658
2026-10-10T01:45:31+00:00,area_trajectory,grain,,1791529320000.0,,2.94821063215658
2026-10-10T01:45:31+00:00,area_trajectory,grain,,1791529440000.0,,2.96271313459799
2026-10-10T01:45:31+00:00,area_trajectory,grain,,1791529560000.0,,3.01841546614096
2026-10-10T01:45:31+00:00,area_trajectory,grain,,1791529680000.0,,3.01841546614096
2026-10-10T01:45:31+00:00,area_trajectory,grain,,1791529800000.0,,3.01841546614096
2026-10-10T01:45:31+00:00,area_trajectory,grain,,1791529920000.0,,2.9538138426058
2026-10-10T01:45:31+00:00,area_trajectory,grain,,1791530040000.0,,3.44294018537924
2026-10-10T01:45:31+00:00,area_trajectory,grain,,1791530160000.0,,3.44294018537924
2026-10-10T01:45:31+00:00,area_trajectory,grain,,1791530280000.0,,3.44294018537924
2026-10-10T01:45:31+00:00,area_trajectory,grain,,1791530400000.0,,3.46106799299642
2026-10-10T01:45:31+00:00,area_trajectory,grain,,1791530520000.0,,3.49336889631674
2026-10-10T01:45:31+00:00,area_trajectory,grain,,1791530640000.0,,3.49336889631674
2026-10-10T01:45:31+00:00,area_trajectory,grain,,1791530760000.0,,3.50292736799642
2026-10-10T01:45:31+00:00,area_trajectory,grain,,1791530880000.0,,3.50292736799642
2026-10-10T01:45:31+00:00,area_trajectory,grain,,1791531000000.0,,3.50292736799642
2026-10-10T01:45:31+00:00,area_trajectory,grain,,1791531120000.0,,3.50292736799642
2026-10-10T01:45:31+00:00,area_trajectory,grain,,1791531240000.0,,3.5151225584261097
2026-10-10T01:45:31+00:00,area_trajectory,grain,,1791531360000.0,,3.5151225584261097
2026-10-10T01:45:31+00:00,area_trajectory,grain,,1791531480000.0,,3.5312728269808003
2026-10-10T01:45:31+00:00,area_trajectory,grain,,1791531600000.0,,3.5312728269808003
2026-10-10T01:45:31+00:00,area_trajectory,grain,,1791531720000.0,,3.5312728269808003
2026-10-10T01:45:31+00:00,area_trajectory,grain,,1791531840000.0,,3.5312728269808003
2026-10-10T01:45:31+00:00,area_trajectory,grain,,1791531960000.0,,3.5045753172151697
2026-10-10T01:45:31+00:00,area_trajectory,grain,,1791532080000.0,,3.5045753172151697
2026-10-10T01:45:31+00:00,area_trajectory,grain,,1791532200000.0,,3.5045753172151697
2026-10-10T01:45:31+00:00,area_trajectory,grain,,1791532320000.0,,3.51940722639486
2026-10-10T01:45:31+00:00,area_trajectory,grain,,1791532440000.0,,3.4969943845979903
2026-10-10T01:45:31+00:00,area_trajectory,grain,,1791532560000.0,,3.4969943845979903
2026-10-10T01:45:31+00:00,area_trajectory,grain,,1791532680000.0,,3.4969943845979903
2026-10-10T01:45:31+00:00,area_trajectory,grain,,1791532800000.0,,3.5114970701448605
2026-10-10T01:45:31+00:00,area_trajectory,grain,,1791532920000.0,,3.5114970701448605
2026-10-10T01:45:31+00:00,area_trajectory,grain,,1791533040000.0,,3.50885998518392
2026-10-10T01:45:31+00:00,area_trajectory,grain,,1791533160000.0,,3.50885998518392
2026-10-10T01:45:31+00:00,area_trajectory,grain,,1791533280000.0,,3.50885998518392
2026-10-10T01:45:31+00:00,area_trajectory,grain,,1791533400000.0,,3.50885998518392
2026-10-10T01:45:31+00:00,area_trajectory,grain,,1791533520000.0,,3.50885998518392
2026-10-10T01:45:31+00:00,area_trajectory,grain,,1791533640000.0,,3.50885998518392
2026-10-10T01:45:31+00:00,area_trajectory,grain,,1791533760000.0,,3.50885998518392
2026-10-10T01:45:31+00:00,area_trajectory,grain,,1791533880000.0,,3.50885998518392
2026-10-10T01:45:31+00:00,area_trajectory,grain,,1791534000000.0,,3.5167705076448597
2026-10-10T01:45:31+00:00,area_trajectory,grain,,1791534120000.0,,3.5167705076448597
2026-10-10T01:45:31+00:00,area_trajectory,grain,,1791534240000.0,,3.5167705076448597
2026-10-10T01:45:31+00:00,area_trajectory,grain,,1791534360000.0,,3.49238012678549
2026-10-10T01:45:31+00:00,area_trajectory,grain,,1791534480000.0,,3.49238012678549
2026-10-10T01:45:31+00:00,area_trajectory,grain,,1791534600000.0,,3.49238012678549
2026-10-10T01:45:31+00:00,area_trajectory,grain,,1791534720000.0,,3.5286361082308
2026-10-10T01:45:31+00:00,area_trajectory,grain,,1791534840000.0,,3.48974340803549
2026-10-10T01:45:31+00:00,area_trajectory,grain,,1791534960000.0,,3.48974340803549
2026-10-10T01:45:31+00:00,area_trajectory,grain,,1791535080000.0,,3.48974340803549
2026-10-10T01:45:31+00:00,area_trajectory,grain,,1791535200000.0,,3.5256697996370496
2026-10-10T01:45:31+00:00,area_trajectory,grain,,1791535320000.0,,3.5062232664339197
2026-10-10T01:45:31+00:00,area_trajectory,grain,,1791535440000.0,,3.5062232664339197
2026-10-10T01:45:31+00:00,area_trajectory,grain,,1791535560000.0,,3.5230330808870503
2026-10-10T01:45:31+00:00,area_trajectory,grain,,1791535680000.0,,3.5230330808870503
2026-10-10T01:45:31+00:00,area_trajectory,grain,,1791535800000.0,,3.50325695784017
2026-10-10T01:45:31+00:00,area_trajectory,grain,,1791535920000.0,,3.50325695784017
2026-10-10T01:45:31+00:00,area_trajectory,grain,,1791536040000.0,,3.50325695784017
2026-10-10T01:45:31+00:00,area_trajectory,grain,,1791536160000.0,,3.50325695784017
2026-10-10T01:45:31+00:00,area_trajectory,grain,,1791536280000.0,,3.51742968733236
2026-10-10T01:45:31+00:00,area_trajectory,grain,,1791536400000.0,,3.51742968733236
2026-10-10T01:45:31+00:00,area_trajectory,grain,,1791536520000.0,,3.51742968733236
2026-10-10T01:45:31+00:00,area_trajectory,grain,,1791536640000.0,,3.51742968733236
2026-10-10T01:45:31+00:00,area_trajectory,grain,,1791536760000.0,,3.51742968733236
2026-10-10T01:45:31+00:00,area_trajectory,grain,,1791536880000.0,,3.51742968733236
2026-10-10T01:45:31+00:00,area_trajectory,grain,,1791537000000.0,,3.5533560789339202
2026-10-10T01:45:31+00:00,area_trajectory,grain,,1791537120000.0,,3.5533560789339202
2026-10-10T01:45:31+00:00,area_trajectory,grain,,1791537240000.0,,3.49567602522299
2026-10-10T01:45:31+00:00,area_trajectory,grain,,1791537360000.0,,3.49567602522299
2026-10-10T01:45:31+00:00,area_trajectory,grain,,1791537480000.0,,3.49567602522299
2026-10-10T01:45:31+00:00,area_trajectory,grain,,1791537600000.0,,3.53226159651205
2026-10-10T01:45:31+00:00,area_trajectory,grain,,1791537720000.0,,3.53226159651205
2026-10-10T01:45:31+00:00,area_trajectory,grain,,1791537840000.0,,3.53226159651205
2026-10-10T01:45:31+00:00,area_trajectory,grain,,1791537960000.0,,3.53226159651205
2026-10-10T01:45:31+00:00,area_trajectory,grain,,1791538080000.0,,3.53226159651205
2026-10-10T01:45:31+00:00,area_trajectory,grain,,1791538200000.0,,3.53226159651205
2026-10-10T01:45:31+00:00,area_trajectory,grain,,1791538320000.0,,3.53226159651205
2026-10-10T01:45:31+00:00,area_trajectory,grain,,1791538440000.0,,3.51347460920736
2026-10-10T01:45:31+00:00,area_trajectory,grain,,1791538560000.0,,3.51347460920736
2026-10-10T01:45:31+00:00,area_trajectory,grain,,1791538680000.0,,3.5332503660433003
2026-10-10T01:45:31+00:00,area_trajectory,grain,,1791538800000.0,,3.5332503660433003
2026-10-10T01:45:31+00:00,area_trajectory,grain,,1791538920000.0,,3.51182665998861
2026-10-10T01:45:31+00:00,area_trajectory,grain,,1791539040000.0,,3.51182665998861
2026-10-10T01:45:31+00:00,area_trajectory,grain,,1791539160000.0,,3.51182665998861
2026-10-10T01:45:31+00:00,area_trajectory,grain,,1791539280000.0,,3.51182665998861
2026-10-10T01:45:31+00:00,area_trajectory,grain,,1791539400000.0,,3.5306136472933
2026-10-10T01:45:31+00:00,area_trajectory,grain,,1791539520000.0,,3.5306136472933
2026-10-10T01:45:31+00:00,area_trajectory,grain,,1791539640000.0,,3.5121562498323597
2026-10-10T01:45:31+00:00,area_trajectory,grain,,1791539760000.0,,3.5121562498323597
2026-10-10T01:45:31+00:00,area_trajectory,grain,,1791539880000.0,,3.5121562498323597
2026-10-10T01:45:31+00:00,area_trajectory,grain,,1791540000000.0,,3.5121562498323597
2026-10-10T01:45:31+00:00,area_trajectory,grain,,1791540120000.0,,3.5121562498323597
2026-10-10T01:45:31+00:00,area_trajectory,grain,,1791540240000.0,,3.53292077619955
2026-10-10T01:45:31+00:00,area_trajectory,grain,,1791540360000.0,,3.53292077619955
2026-10-10T01:45:31+00:00,area_trajectory,grain,,1791540480000.0,,3.51314501936361
2026-10-10T01:45:31+00:00,area_trajectory,grain,,1791540600000.0,,3.51314501936361
2026-10-10T01:45:31+00:00,area_trajectory,grain,,1791540720000.0,,3.51314501936361
2026-10-10T01:45:31+00:00,area_trajectory,grain,,1791540840000.0,,3.4966647947542397
2026-10-10T01:45:31+00:00,area_trajectory,grain,,1791540960000.0,,3.4966647947542397
2026-10-10T01:45:31+00:00,area_trajectory,grain,,1791541080000.0,,3.5167705076448597
2026-10-10T01:45:31+00:00,area_trajectory,grain,,1791541200000.0,,3.5167705076448597
2026-10-10T01:45:31+00:00,area_trajectory,grain,,1791541320000.0,,3.53852416975424
2026-10-10T01:45:31+00:00,area_trajectory,grain,,1791541440000.0,,3.53852416975424
2026-10-10T01:45:31+00:00,area_trajectory,grain,,1791541560000.0,,3.4824920652620497
2026-10-10T01:45:31+00:00,area_trajectory,grain,,1791541680000.0,,3.4824920652620497
2026-10-10T01:45:31+00:00,area_trajectory,grain,,1791541800000.0,,3.5414904783479897
2026-10-10T01:45:31+00:00,area_trajectory,grain,,1791541920000.0,,3.5414904783479897
2026-10-10T01:45:31+00:00,area_trajectory,grain,,1791542040000.0,,3.5227034910432997
2026-10-10T01:45:31+00:00,area_trajectory,grain,,1791542160000.0,,3.5227034910432997
2026-10-10T01:45:31+00:00,area_trajectory,grain,,1791542280000.0,,3.54280883772299
2026-10-10T01:45:31+00:00,area_trajectory,grain,,1791542400000.0,,3.54280883772299
2026-10-10T01:45:31+00:00,area_trajectory,grain,,1791542520000.0,,3.5240218504183
2026-10-10T01:45:31+00:00,area_trajectory,grain,,1791542640000.0,,3.5240218504183
2026-10-10T01:45:31+00:00,area_trajectory,grain,,1791542760000.0,,3.56225537092611
2026-10-10T01:45:31+00:00,area_trajectory,grain,,1791542880000.0,,3.56225537092611
2026-10-10T01:45:31+00:00,area_trajectory,grain,,1791543000000.0,,3.54511596662924
2026-10-10T01:45:31+00:00,area_trajectory,grain,,1791543120000.0,,3.54511596662924
2026-10-10T01:45:31+00:00,area_trajectory,grain,,1791543240000.0,,3.50589367659017
2026-10-10T01:45:31+00:00,area_trajectory,grain,,1791543360000.0,,3.50589367659017
2026-10-10T01:45:31+00:00,area_trajectory,grain,,1791543480000.0,,3.48578796369955
2026-10-10T01:45:31+00:00,area_trajectory,grain,,1791543600000.0,,3.48578796369955
2026-10-10T01:45:31+00:00,area_trajectory,grain,,1791543720000.0,,3.54214965803549
2026-10-10T01:45:31+00:00,area_trajectory,grain,,1791543840000.0,,3.54214965803549
2026-10-10T01:45:31+00:00,area_trajectory,grain,,1791543960000.0,,3.50523449690267
2026-10-10T01:45:31+00:00,area_trajectory,grain,,1791544080000.0,,3.50523449690267
2026-10-10T01:45:31+00:00,area_trajectory,grain,,1791544200000.0,,3.4847991941683
2026-10-10T01:45:31+00:00,area_trajectory,grain,,1791544320000.0,,3.4847991941683
2026-10-10T01:45:31+00:00,area_trajectory,grain,,1791544440000.0,,3.3862489011995502
2026-10-10T01:45:31+00:00,area_trajectory,grain,,1791544560000.0,,3.3862489011995502
2026-10-10T01:45:31+00:00,area_trajectory,grain,,1791544680000.0,,3.4824920652620497
2026-10-10T01:45:31+00:00,area_trajectory,grain,,1791544800000.0,,3.4824920652620497
2026-10-10T01:45:31+00:00,area_trajectory,grain,,1791544920000.0,,3.40701379377767
2026-10-10T01:45:31+00:00,area_trajectory,grain,,1791545040000.0,,3.40701379377767
2026-10-10T01:45:31+00:00,area_trajectory,grain,,1791545160000.0,,3.4449177244417397
2026-10-10T01:45:31+00:00,area_trajectory,grain,,1791545280000.0,,3.4449177244417397
2026-10-10T01:45:31+00:00,area_trajectory,grain,,1791545400000.0,,3.4449177244417397
2026-10-10T01:45:31+00:00,area_trajectory,grain,,1791545520000.0,,3.4449177244417397
2026-10-10T01:45:31+00:00,area_trajectory,grain,,1791545640000.0,,3.42580078108236
2026-10-10T01:45:31+00:00,area_trajectory,grain,,1791545760000.0,,3.42580078108236
2026-10-10T01:45:31+00:00,area_trajectory,grain,,1791545880000.0,,3.46436425764486
2026-10-10T01:45:31+00:00,area_trajectory,grain,,1791546000000.0,,3.46436425764486
2026-10-10T01:45:31+00:00,area_trajectory,grain,,1791546120000.0,,3.4066842039339202
2026-10-10T01:45:31+00:00,area_trajectory,grain,,1791546240000.0,,3.4066842039339202
2026-10-10T01:45:31+00:00,area_trajectory,grain,,1791546360000.0,,3.44656567366049
2026-10-10T01:45:31+00:00,area_trajectory,grain,,1791546480000.0,,3.44656567366049
2026-10-10T01:45:31+00:00,area_trajectory,grain,,1791546600000.0,,3.4277786863558
2026-10-10T01:45:31+00:00,area_trajectory,grain,,1791546720000.0,,3.4277786863558
2026-10-10T01:45:31+00:00,area_trajectory,grain,,1791546840000.0,,3.4277786863558
2026-10-10T01:45:31+00:00,area_trajectory,grain,,1791546960000.0,,3.4277786863558
2026-10-10T01:45:31+00:00,area_trajectory,grain,,1791547080000.0,,3.4683193357698596
2026-10-10T01:45:31+00:00,area_trajectory,grain,,1791547200000.0,,3.4683193357698596
2026-10-10T01:45:31+00:00,area_trajectory,grain,,1791547320000.0,,3.4683193357698596
2026-10-10T01:45:31+00:00,area_trajectory,grain,,1791547440000.0,,3.43008581526205
2026-10-10T01:45:31+00:00,area_trajectory,grain,,1791547560000.0,,3.44920239241049
2026-10-10T01:45:31+00:00,area_trajectory,grain,,1791547680000.0,,3.44920239241049
2026-10-10T01:45:31+00:00,area_trajectory,grain,,1791547800000.0,,3.44920239241049
2026-10-10T01:45:31+00:00,area_trajectory,grain,,1791547920000.0,,3.44920239241049
2026-10-10T01:45:31+00:00,area_trajectory,grain,,1791548040000.0,,3.44920239241049
2026-10-10T01:45:31+00:00,area_trajectory,grain,,1791548160000.0,,3.44920239241049
2026-10-10T01:45:31+00:00,area_trajectory,grain,,1791548280000.0,,3.44920239241049
2026-10-10T01:45:31+00:00,area_trajectory,grain,,1791548400000.0,,3.44920239241049
2026-10-10T01:45:31+00:00,area_trajectory,grain,,1791548520000.0,,3.44920239241049
2026-10-10T01:45:31+00:00,area_trajectory,grain,,1791548640000.0,,3.44920239241049
2026-10-10T01:45:31+00:00,area_trajectory,grain,,1791548760000.0,,3.4640346678011102
2026-10-10T01:45:31+00:00,area_trajectory,grain,,1791548880000.0,,3.4640346678011102
2026-10-10T01:45:31+00:00,area_trajectory,grain,,1791549000000.0,,3.42481201155111
2026-10-10T01:45:31+00:00,area_trajectory,grain,,1791549120000.0,,3.42481201155111
2026-10-10T01:45:31+00:00,area_trajectory,grain,,1791549240000.0,,3.46304589826986
2026-10-10T01:45:31+00:00,area_trajectory,grain,,1791549360000.0,,3.46304589826986
2026-10-10T01:45:31+00:00,area_trajectory,grain,,1791549480000.0,,3.44755444319174
2026-10-10T01:45:31+00:00,area_trajectory,grain,,1791549600000.0,,3.44755444319174
2026-10-10T01:45:31+00:00,area_trajectory,grain,,1791549720000.0,,3.44755444319174
2026-10-10T01:45:31+00:00,area_trajectory,grain,,1791549840000.0,,3.44755444319174
2026-10-10T01:45:31+00:00,area_trajectory,grain,,1791549960000.0,,3.44755444319174
2026-10-10T01:45:31+00:00,area_trajectory,grain,,1791550080000.0,,3.44755444319174
2026-10-10T01:45:31+00:00,area_trajectory,grain,,1791550200000.0,,3.44755444319174
2026-10-10T01:45:31+00:00,area_trajectory,grain,,1791550320000.0,,3.44755444319174
2026-10-10T01:45:31+00:00,area_trajectory,grain,,1791550440000.0,,3.4917209470979897
2026-10-10T01:45:31+00:00,area_trajectory,grain,,1791550560000.0,,3.4917209470979897
2026-10-10T01:45:31+00:00,area_trajectory,grain,,1791550680000.0,,3.43470007307455
2026-10-10T01:45:31+00:00,area_trajectory,grain,,1791550800000.0,,3.43470007307455
2026-10-10T01:45:31+00:00,area_trajectory,grain,,1791550920000.0,,3.43470007307455
2026-10-10T01:45:31+00:00,area_trajectory,grain,,1791551040000.0,,3.45381701643392
2026-10-10T01:45:31+00:00,area_trajectory,grain,,1791551160000.0,,3.45381701643392
2026-10-10T01:45:31+00:00,area_trajectory,grain,,1791551280000.0,,3.45381701643392
2026-10-10T01:45:31+00:00,area_trajectory,grain,,1791551400000.0,,3.45381701643392
2026-10-10T01:45:31+00:00,area_trajectory,grain,,1791551520000.0,,3.45381701643392
2026-10-10T01:45:31+00:00,area_trajectory,grain,,1791551640000.0,,3.43832592756674
2026-10-10T01:45:31+00:00,area_trajectory,grain,,1791551760000.0,,3.43832592756674
2026-10-10T01:45:31+00:00,area_trajectory,grain,,1791551880000.0,,3.4205273435823598
2026-10-10T01:45:31+00:00,area_trajectory,grain,,1791552000000.0,,3.4205273435823598
2026-10-10T01:45:31+00:00,area_trajectory,grain,,1791552120000.0,,3.4389851072542403
2026-10-10T01:45:31+00:00,area_trajectory,grain,,1791552240000.0,,3.4389851072542403
2026-10-10T01:45:31+00:00,area_trajectory,grain,,1791552360000.0,,3.46040881330892
2026-10-10T01:45:31+00:00,area_trajectory,grain,,1791552480000.0,,3.46040881330892
2026-10-10T01:45:31+00:00,area_trajectory,grain,,1791552600000.0,,3.4426105955354904
2026-10-10T01:45:31+00:00,area_trajectory,grain,,1791552720000.0,,3.4426105955354904
2026-10-10T01:45:31+00:00,area_trajectory,grain,,1791552840000.0,,3.46304589826986
2026-10-10T01:45:31+00:00,area_trajectory,grain,,1791552960000.0,,3.46304589826986
2026-10-10T01:45:31+00:00,area_trajectory,grain,,1791553080000.0,,3.46304589826986
2026-10-10T01:45:31+00:00,area_trajectory,grain,,1791553200000.0,,3.46304589826986
2026-10-10T01:45:31+00:00,area_trajectory,grain,,1791553320000.0,,3.44524731428549
2026-10-10T01:45:31+00:00,area_trajectory,grain,,1791553440000.0,,3.44524731428549
2026-10-10T01:45:31+00:00,area_trajectory,grain,,1791553560000.0,,3.44524731428549
2026-10-10T01:45:31+00:00,area_trajectory,grain,,1791553680000.0,,3.44524731428549
2026-10-10T01:45:31+00:00,area_trajectory,grain,,1791553800000.0,,3.44524731428549
2026-10-10T01:45:31+00:00,area_trajectory,grain,,1791553920000.0,,3.44524731428549
2026-10-10T01:45:31+00:00,area_trajectory,grain,,1791554040000.0,,3.4284378660433004
2026-10-10T01:45:31+00:00,area_trajectory,grain,,1791554160000.0,,3.4284378660433004
2026-10-10T01:45:31+00:00,area_trajectory,grain,,1791554280000.0,,3.46798974592611
2026-10-10T01:45:31+00:00,area_trajectory,grain,,1791554400000.0,,3.46798974592611
2026-10-10T01:45:31+00:00,area_trajectory,grain,,1791554520000.0,,3.46798974592611
2026-10-10T01:45:31+00:00,area_trajectory,grain,,1791554640000.0,,3.4320633543245505
2026-10-10T01:45:31+00:00,area_trajectory,grain,,1791554760000.0,,3.45150988752767
2026-10-10T01:45:31+00:00,area_trajectory,grain,,1791554880000.0,,3.45150988752767
2026-10-10T01:45:31+00:00,area_trajectory,grain,,1791555000000.0,,3.43470007307455
2026-10-10T01:45:31+00:00,area_trajectory,grain,,1791555120000.0,,3.43470007307455
2026-10-10T01:45:31+00:00,area_trajectory,grain,,1791555240000.0,,3.4548057859651697
2026-10-10T01:45:31+00:00,area_trajectory,grain,,1791555360000.0,,3.4548057859651697
2026-10-10T01:45:31+00:00,area_trajectory,grain,,1791555480000.0,,3.43601843244955
2026-10-10T01:45:31+00:00,area_trajectory,grain,,1791555600000.0,,3.43601843244955
2026-10-10T01:45:31+00:00,area_trajectory,grain,,1791555720000.0,,3.45546496565267
2026-10-10T01:45:31+00:00,area_trajectory,grain,,1791555840000.0,,3.45546496565267
2026-10-10T01:45:31+00:00,area_trajectory,grain,,1791555960000.0,,3.43799633772299
2026-10-10T01:45:31+00:00,area_trajectory,grain,,1791556080000.0,,3.43799633772299
2026-10-10T01:45:31+00:00,area_trajectory,grain,,1791556200000.0,,3.41920898420736
2026-10-10T01:45:31+00:00,area_trajectory,grain,,1791556320000.0,,3.41920898420736
2026-10-10T01:45:31+00:00,area_trajectory,grain,,1791556440000.0,,3.4613975828401697
2026-10-10T01:45:31+00:00,area_trajectory,grain,,1791556560000.0,,3.4613975828401697
2026-10-10T01:45:31+00:00,area_trajectory,grain,,1791556680000.0,,3.4231640623323596
2026-10-10T01:45:31+00:00,area_trajectory,grain,,1791556800000.0,,3.4231640623323596
2026-10-10T01:45:31+00:00,area_trajectory,grain,,1791556920000.0,,3.46271630842611
2026-10-10T01:45:31+00:00,area_trajectory,grain,,1791557040000.0,,3.46271630842611
2026-10-10T01:45:31+00:00,area_trajectory,grain,,1791557160000.0,,3.42678991682455
2026-10-10T01:45:31+00:00,area_trajectory,grain,,1791557280000.0,,3.42678991682455
2026-10-10T01:45:31+00:00,area_trajectory,grain,,1791557400000.0,,3.42678991682455
2026-10-10T01:45:31+00:00,area_trajectory,grain,,1791557520000.0,,3.42678991682455
2026-10-10T01:45:31+00:00,area_trajectory,grain,,1791557640000.0,,3.44920239241049
2026-10-10T01:45:31+00:00,area_trajectory,grain,,1791557760000.0,,3.44920239241049
2026-10-10T01:45:31+00:00,area_trajectory,grain,,1791557880000.0,,3.4297562254183
2026-10-10T01:45:31+00:00,area_trajectory,grain,,1791558000000.0,,3.4297562254183
2026-10-10T01:45:31+00:00,area_trajectory,grain,,1791558120000.0,,3.4297562254183
2026-10-10T01:45:31+00:00,area_trajectory,grain,,1791558240000.0,,3.45282824690267
2026-10-10T01:45:31+00:00,area_trajectory,grain,,1791558360000.0,,3.41525390608236
2026-10-10T01:45:31+00:00,area_trajectory,grain,,1791558480000.0,,3.41525390608236
2026-10-10T01:45:31+00:00,area_trajectory,grain,,1791558600000.0,,3.47655944807455
2026-10-10T01:45:31+00:00,area_trajectory,grain,,1791558720000.0,,3.47655944807455
2026-10-10T01:45:31+00:00,area_trajectory,grain,,1791558840000.0,,3.45678332502767
2026-10-10T01:45:31+00:00,area_trajectory,grain,,1791558960000.0,,3.45678332502767
2026-10-10T01:45:31+00:00,area_trajectory,grain,,1791559080000.0,,2.79989080793783
2026-10-10T01:45:31+00:00,area_trajectory,grain,,1791559200000.0,,2.79989080793783
2026-10-10T01:45:31+00:00,area_trajectory,grain,,1791559320000.0,,2.79989080793783
2026-10-10T01:45:31+00:00,area_trajectory,grain,,1791559440000.0,,2.79989080793783
2026-10-10T01:45:31+00:00,area_trajectory,grain,,1791559560000.0,,2.82263305647299
2026-10-10T01:45:31+00:00,area_trajectory,grain,,1791559680000.0,,2.82263305647299
2026-10-10T01:45:31+00:00,area_trajectory,grain,,1791559800000.0,,2.82263305647299
2026-10-10T01:45:31+00:00,area_trajectory,grain,,1791559920000.0,,2.82263305647299
2026-10-10T01:45:31+00:00,area_trajectory,grain,,1791560040000.0,,2.8084603269808
2026-10-10T01:45:31+00:00,area_trajectory,grain,,1791560160000.0,,2.8084603269808
2026-10-10T01:45:31+00:00,area_trajectory,grain,,1791560280000.0,,2.8285658567659597
2026-10-10T01:45:31+00:00,area_trajectory,grain,,1791560400000.0,,2.8285658567659597
2026-10-10T01:45:31+00:00,area_trajectory,grain,,1791560520000.0,,2.7702268064729902
2026-10-10T01:45:31+00:00,area_trajectory,grain,,1791560640000.0,,2.7702268064729902
2026-10-10T01:45:31+00:00,area_trajectory,grain,,1791560760000.0,,2.84702362043783
2026-10-10T01:45:31+00:00,area_trajectory,grain,,1791560880000.0,,2.84702362043783
2026-10-10T01:45:31+00:00,area_trajectory,grain,,1791561000000.0,,2.76923803694174
2026-10-10T01:45:31+00:00,area_trajectory,grain,,1791561120000.0,,2.76923803694174
2026-10-10T01:45:31+00:00,area_trajectory,grain,,1791561240000.0,,2.8272474973909603
2026-10-10T01:45:31+00:00,area_trajectory,grain,,1791561360000.0,,2.8272474973909603
2026-10-10T01:45:31+00:00,area_trajectory,grain,,1791561480000.0,,2.8272474973909603
2026-10-10T01:45:31+00:00,area_trajectory,grain,,1791561600000.0,,2.8272474973909603
2026-10-10T01:45:31+00:00,area_trajectory,grain,,1791561720000.0,,2.8272474973909603
2026-10-10T01:45:31+00:00,area_trajectory,grain,,1791561840000.0,,2.82691790754721
2026-10-10T01:45:31+00:00,area_trajectory,grain,,1791561960000.0,,2.80747155744955
2026-10-10T01:45:31+00:00,area_trajectory,grain,,1791562080000.0,,2.80747155744955
2026-10-10T01:45:31+00:00,area_trajectory,grain,,1791562200000.0,,2.82658831770346
2026-10-10T01:45:31+00:00,area_trajectory,grain,,1791562320000.0,,2.82658831770346
2026-10-10T01:45:31+00:00,area_trajectory,grain,,1791562440000.0,,2.80351629621908
2026-10-10T01:45:31+00:00,area_trajectory,grain,,1791562560000.0,,2.80351629621908
2026-10-10T01:45:31+00:00,area_trajectory,grain,,1791562680000.0,,2.78242199690267
2026-10-10T01:45:31+00:00,area_trajectory,grain,,1791562800000.0,,2.78242199690267
2026-10-10T01:45:31+00:00,area_trajectory,grain,,1791562920000.0,,2.8199963377229897
2026-10-10T01:45:31+00:00,area_trajectory,grain,,1791563040000.0,,2.8199963377229897
2026-10-10T01:45:31+00:00,area_trajectory,grain,,1791563160000.0,,2.79824267561361
2026-10-10T01:45:31+00:00,area_trajectory,grain,,1791563280000.0,,2.79824267561361
2026-10-10T01:45:31+00:00,area_trajectory,grain,,1791563400000.0,,2.79824267561361
2026-10-10T01:45:31+00:00,area_trajectory,grain,,1791563520000.0,,2.79824267561361
2026-10-10T01:45:31+00:00,area_trajectory,grain,,1791563640000.0,,2.81505230696127
2026-10-10T01:45:31+00:00,area_trajectory,grain,,1791563760000.0,,2.81505230696127
2026-10-10T01:45:31+00:00,area_trajectory,grain,,1791563880000.0,,2.81505230696127
2026-10-10T01:45:31+00:00,area_trajectory,grain,,1791564000000.0,,2.81505230696127
2026-10-10T01:45:31+00:00,area_trajectory,grain,,1791564120000.0,,2.77187475569174
2026-10-10T01:45:31+00:00,area_trajectory,grain,,1791564240000.0,,2.77187475569174
2026-10-10T01:45:31+00:00,area_trajectory,grain,,1791564360000.0,,2.78967315657064
2026-10-10T01:45:31+00:00,area_trajectory,grain,,1791564480000.0,,2.78967315657064
2026-10-10T01:45:31+00:00,area_trajectory,grain,,1791564600000.0,,2.78967315657064
2026-10-10T01:45:31+00:00,area_trajectory,grain,,1791564720000.0,,2.78967315657064
2026-10-10T01:45:31+00:00,area_trajectory,grain,,1791564840000.0,,2.76890826399252
2026-10-10T01:45:31+00:00,area_trajectory,grain,,1791564960000.0,,2.76890826399252
2026-10-10T01:45:31+00:00,area_trajectory,grain,,1791565080000.0,,2.73001556379721
2026-10-10T01:45:31+00:00,area_trajectory,grain,,1791565200000.0,,2.73001556379721
2026-10-10T01:45:31+00:00,area_trajectory,grain,,1791565320000.0,,3.28077685530111
2026-10-10T01:45:31+00:00,area_trajectory,grain,,1791565440000.0,,3.28077685530111
2026-10-10T01:45:31+00:00,area_trajectory,grain,,1791565560000.0,,3.3345018308870498
2026-10-10T01:45:31+00:00,area_trajectory,grain,,1791565680000.0,,3.3345018308870498
2026-10-10T01:45:31+00:00,area_trajectory,grain,,1791565800000.0,,3.3097818601839197
2026-10-10T01:45:31+00:00,area_trajectory,grain,,1791565920000.0,,3.3097818601839197
2026-10-10T01:45:31+00:00,area_trajectory,grain,,1791566040000.0,,3.3407640379183
2026-10-10T01:45:31+00:00,area_trajectory,grain,,1791566160000.0,,3.3407640379183
2026-10-10T01:45:31+00:00,area_trajectory,grain,,1791566280000.0,,3.35295922834799
2026-10-10T01:45:31+00:00,area_trajectory,grain,,1791566400000.0,,3.35295922834799
2026-10-10T01:45:31+00:00,area_trajectory,grain,,1791566520000.0,,3.35295922834799
2026-10-10T01:45:31+00:00,area_trajectory,grain,,1791566640000.0,,3.35295922834799
2026-10-10T01:45:31+00:00,area_trajectory,grain,,1791566760000.0,,3.34373071272299
2026-10-10T01:45:31+00:00,area_trajectory,grain,,1791566880000.0,,3.34373071272299
2026-10-10T01:45:31+00:00,area_trajectory,grain,,1791567000000.0,,3.36185852034017
2026-10-10T01:45:31+00:00,area_trajectory,grain,,1791567120000.0,,3.36185852034017
2026-10-10T01:45:31+00:00,area_trajectory,grain,,1791567240000.0,,3.33779772932455
2026-10-10T01:45:31+00:00,area_trajectory,grain,,1791567360000.0,,3.33779772932455
2026-10-10T01:45:31+00:00,area_trajectory,grain,,1791567480000.0,,3.3747128904573604
2026-10-10T01:45:31+00:00,area_trajectory,grain,,1791567600000.0,,3.3747128904573604
2026-10-10T01:45:31+00:00,area_trajectory,grain,,1791567720000.0,,3.3321947019808
2026-10-10T01:45:31+00:00,area_trajectory,grain,,1791567840000.0,,3.3321947019808
2026-10-10T01:45:31+00:00,area_trajectory,grain,,1791567960000.0,,3.3869080808870495
2026-10-10T01:45:31+00:00,area_trajectory,grain,,1791568080000.0,,3.3869080808870495
2026-10-10T01:45:31+00:00,area_trajectory,grain,,1791568200000.0,,3.32659130842611
2026-10-10T01:45:31+00:00,area_trajectory,grain,,1791568320000.0,,3.32659130842611
2026-10-10T01:45:31+00:00,area_trajectory,grain,,1791568440000.0,,3.3816346433870503
2026-10-10T01:45:31+00:00,area_trajectory,grain,,1791568560000.0,,3.3816346433870503
2026-10-10T01:45:31+00:00,area_trajectory,grain,,1791568680000.0,,3.3410936277620498
2026-10-10T01:45:31+00:00,area_trajectory,grain,,1791568800000.0,,3.3410936277620498
2026-10-10T01:45:31+00:00,area_trajectory,grain,,1791568920000.0,,3.3410936277620498
2026-10-10T01:45:31+00:00,area_trajectory,grain,,1791569040000.0,,3.37636083967611
2026-10-10T01:45:31+00:00,area_trajectory,grain,,1791569160000.0,,3.33582019026205
2026-10-10T01:45:31+00:00,area_trajectory,grain,,1791569280000.0,,3.33582019026205
2026-10-10T01:45:31+00:00,area_trajectory,grain,,1791569400000.0,,3.3671323240511097
2026-10-10T01:45:31+00:00,area_trajectory,grain,,1791569520000.0,,3.3671323240511097
2026-10-10T01:45:31+00:00,area_trajectory,grain,,1791569640000.0,,3.37833874494955
2026-10-10T01:45:31+00:00,area_trajectory,grain,,1791569760000.0,,3.37833874494955
2026-10-10T01:45:31+00:00,area_trajectory,grain,,1791569880000.0,,3.3549371336214198
2026-10-10T01:45:31+00:00,area_trajectory,grain,,1791570000000.0,,3.3549371336214198
2026-10-10T01:45:31+00:00,area_trajectory,grain,,1791570120000.0,,3.25210180647299
2026-10-10T01:45:31+00:00,area_trajectory,grain,,1791570240000.0,,3.25210180647299
2026-10-10T01:45:31+00:00,area_trajectory,grain,,1791570360000.0,,3.2837435301058
2026-10-10T01:45:31+00:00,area_trajectory,grain,,1791570480000.0,,3.2837435301058
2026-10-10T01:45:31+00:00,area_trajectory,grain,,1791570600000.0,,3.29791625959799
2026-10-10T01:45:31+00:00,area_trajectory,grain,,1791570720000.0,,3.29791625959799
2026-10-10T01:45:31+00:00,area_trajectory,grain,,1791570840000.0,,3.2758330076448603
2026-10-10T01:45:31+00:00,area_trajectory,grain,,1791570960000.0,,3.2758330076448603
2026-10-10T01:45:31+00:00,area_trajectory,grain,,1791571080000.0,,3.30945227034017
2026-10-10T01:45:31+00:00,area_trajectory,grain,,1791571200000.0,,3.30945227034017
2026-10-10T01:45:31+00:00,area_trajectory,grain,,1791571320000.0,,3.38427136213705
2026-10-10T01:45:31+00:00,area_trajectory,grain,,1791571440000.0,,3.38427136213705
2026-10-10T01:45:31+00:00,area_trajectory,grain,,1791571560000.0,,3.3219770506136097
2026-10-10T01:45:31+00:00,area_trajectory,grain,,1791571680000.0,,3.3219770506136097
2026-10-10T01:45:31+00:00,area_trajectory,grain,,1791571800000.0,,3.37306494123861
2026-10-10T01:45:31+00:00,area_trajectory,grain,,1791571920000.0,,3.37306494123861
2026-10-10T01:45:31+00:00,area_trajectory,grain,,1791572040000.0,,3.3338426511995505
2026-10-10T01:45:31+00:00,area_trajectory,grain,,1791572160000.0,,3.3338426511995505
2026-10-10T01:45:31+00:00,area_trajectory,grain,,1791572280000.0,,3.3641656492464196
2026-10-10T01:45:31+00:00,area_trajectory,grain,,1791572400000.0,,3.3641656492464196
2026-10-10T01:45:31+00:00,area_trajectory,grain,,1791572520000.0,,3.3641656492464196
2026-10-10T01:45:31+00:00,area_trajectory,grain,,1791572640000.0,,2.7263898924104897
2026-10-10T01:45:31+00:00,area_trajectory,grain,,1791572760000.0,,2.7263898924104897
2026-10-10T01:45:31+00:00,area_trajectory,grain,,1791572880000.0,,2.7263898924104897
2026-10-10T01:45:31+00:00,area_trajectory,grain,,1791573000000.0,,2.71056921369955
2026-10-10T01:45:31+00:00,area_trajectory,grain,,1791573120000.0,,2.71056921369955
2026-10-10T01:45:31+00:00,area_trajectory,grain,,1791573240000.0,,2.72968597395346
2026-10-10T01:45:31+00:00,area_trajectory,grain,,1791573360000.0,,2.72968597395346
2026-10-10T01:45:31+00:00,area_trajectory,grain,,1791573480000.0,,2.70826190168783
2026-10-10T01:45:31+00:00,area_trajectory,grain,,1791573600000.0,,2.70826190168783
2026-10-10T01:45:31+00:00,area_trajectory,grain,,1791573720000.0,,2.72342358381674
2026-10-10T01:45:31+00:00,area_trajectory,grain,,1791573840000.0,,2.72342358381674
2026-10-10T01:45:31+00:00,area_trajectory,grain,,1791573960000.0,,2.70002197248861
2026-10-10T01:45:31+00:00,area_trajectory,grain,,1791574080000.0,,2.70002197248861
2026-10-10T01:45:31+00:00,area_trajectory,grain,,1791574200000.0,,2.71551324446127
2026-10-10T01:45:31+00:00,area_trajectory,grain,,1791574320000.0,,2.71551324446127
2026-10-10T01:45:31+00:00,area_trajectory,grain,,1791574440000.0,,2.69441876203939
2026-10-10T01:45:31+00:00,area_trajectory,grain,,1791574560000.0,,2.69441876203939
2026-10-10T01:45:31+00:00,area_trajectory,grain,,1791574680000.0,,2.7108988035432997
2026-10-10T01:45:31+00:00,area_trajectory,grain,,1791574800000.0,,2.7108988035432997
2026-10-10T01:45:31+00:00,area_trajectory,grain,,1791574920000.0,,2.7108988035432997
2026-10-10T01:45:31+00:00,area_trajectory,grain,,1791575040000.0,,2.7108988035432997
2026-10-10T01:45:31+00:00,area_trajectory,grain,,1791575160000.0,,2.76099792463705
2026-10-10T01:45:31+00:00,area_trajectory,grain,,1791575280000.0,,2.76099792463705
2026-10-10T01:45:31+00:00,area_trajectory,grain,,1791575400000.0,,2.73858508284017
2026-10-10T01:45:31+00:00,area_trajectory,grain,,1791575520000.0,,2.73858508284017
2026-10-10T01:45:31+00:00,area_trajectory,grain,,1791575640000.0,,2.7181499632112702
2026-10-10T01:45:31+00:00,area_trajectory,grain,,1791575760000.0,,2.7181499632112702
2026-10-10T01:45:31+00:00,area_trajectory,grain,,1791575880000.0,,2.67859790022299
2026-10-10T01:45:31+00:00,area_trajectory,grain,,1791576000000.0,,2.67859790022299
2026-10-10T01:45:31+00:00,area_trajectory,grain,,1791576120000.0,,2.67859790022299
2026-10-10T01:45:31+00:00,area_trajectory,grain,,1791576240000.0,,2.75012109358236
2026-10-10T01:45:31+00:00,area_trajectory,grain,,1791576360000.0,,2.7290267942659603
2026-10-10T01:45:31+00:00,area_trajectory,grain,,1791576480000.0,,2.7290267942659603
2026-10-10T01:45:31+00:00,area_trajectory,grain,,1791576600000.0,,2.7290267942659603
2026-10-10T01:45:31+00:00,area_trajectory,grain,,1791576720000.0,,2.7290267942659603
2026-10-10T01:45:31+00:00,area_trajectory,grain,,1791576840000.0,,2.68881555159017
2026-10-10T01:45:31+00:00,area_trajectory,grain,,1791576960000.0,,2.68881555159017
2026-10-10T01:45:31+00:00,area_trajectory,grain,,1791577080000.0,,2.74155157453939
2026-10-10T01:45:31+00:00,area_trajectory,grain,,1791577200000.0,,2.74155157453939
2026-10-10T01:45:31+00:00,area_trajectory,grain,,1791577320000.0,,2.72045709211752
2026-10-10T01:45:31+00:00,area_trajectory,grain,,1791577440000.0,,2.72045709211752
2026-10-10T01:45:31+00:00,area_trajectory,grain,,1791577560000.0,,2.7003515623323597
2026-10-10T01:45:31+00:00,area_trajectory,grain,,1791577680000.0,,2.7003515623323597
2026-10-10T01:45:31+00:00,area_trajectory,grain,,1791577800000.0,,2.71683160383627
2026-10-10T01:45:31+00:00,area_trajectory,grain,,1791577920000.0,,2.71683160383627
2026-10-10T01:45:31+00:00,area_trajectory,grain,,1791578040000.0,,2.7326522825472104
2026-10-10T01:45:31+00:00,area_trajectory,grain,,1791578160000.0,,2.7326522825472104
2026-10-10T01:45:31+00:00,area_trajectory,grain,,1791578280000.0,,2.65816278059408
2026-10-10T01:45:31+00:00,area_trajectory,grain,,1791578400000.0,,2.65816278059408
2026-10-10T01:45:31+00:00,area_trajectory,grain,,1791578520000.0,,2.72869720442221
2026-10-10T01:45:31+00:00,area_trajectory,grain,,1791578640000.0,,2.72869720442221
2026-10-10T01:45:31+00:00,area_trajectory,grain,,1791578760000.0,,2.6914524534456397
2026-10-10T01:45:31+00:00,area_trajectory,grain,,1791578880000.0,,2.6914524534456397
2026-10-10T01:45:31+00:00,area_trajectory,grain,,1791579000000.0,,2.6914524534456397
2026-10-10T01:45:31+00:00,area_trajectory,grain,,1791579120000.0,,2.6914524534456397
2026-10-10T01:45:31+00:00,area_trajectory,grain,,1791579240000.0,,2.72474194319174
2026-10-10T01:45:31+00:00,area_trajectory,grain,,1791579360000.0,,2.72474194319174
2026-10-10T01:45:31+00:00,area_trajectory,grain,,1791579480000.0,,2.6861788328401697
2026-10-10T01:45:31+00:00,area_trajectory,grain,,1791579600000.0,,2.6861788328401697
2026-10-10T01:45:31+00:00,area_trajectory,grain,,1791579720000.0,,2.6861788328401697
2026-10-10T01:45:31+00:00,area_trajectory,grain,,1791579840000.0,,2.7023291013948603
2026-10-10T01:45:31+00:00,area_trajectory,grain,,1791579960000.0,,2.7184795530550203
2026-10-10T01:45:31+00:00,area_trajectory,grain,,1791580080000.0,,2.7184795530550203
2026-10-10T01:45:31+00:00,area_trajectory,grain,,1791580200000.0,,2.7184795530550203
2026-10-10T01:45:31+00:00,area_trajectory,grain,,1791580320000.0,,2.7184795530550203
2026-10-10T01:45:31+00:00,area_trajectory,grain,,1791580440000.0,,2.67958685285971
2026-10-10T01:45:31+00:00,area_trajectory,grain,,1791580560000.0,,2.67958685285971
2026-10-10T01:45:31+00:00,area_trajectory,grain,,1791580680000.0,,2.71254675276205
2026-10-10T01:45:31+00:00,area_trajectory,grain,,1791580800000.0,,2.71254675276205
2026-10-10T01:45:31+00:00,area_trajectory,grain,,1791580920000.0,,2.71254675276205
2026-10-10T01:45:31+00:00,area_trajectory,grain,,1791581040000.0,,2.71254675276205
2026-10-10T01:45:31+00:00,area_trajectory,grain,,1791581160000.0,,2.72803802473471
2026-10-10T01:45:31+00:00,area_trajectory,grain,,1791581280000.0,,2.72803802473471
2026-10-10T01:45:31+00:00,area_trajectory,grain,,1791581400000.0,,2.67233551008627
2026-10-10T01:45:31+00:00,area_trajectory,grain,,1791581520000.0,,2.67233551008627
2026-10-10T01:45:31+00:00,area_trajectory,grain,,1791581640000.0,,2.70661395246908
2026-10-10T01:45:31+00:00,area_trajectory,grain,,1791581760000.0,,2.70661395246908
2026-10-10T01:45:31+00:00,area_trajectory,grain,,1791581880000.0,,2.68749719221517
2026-10-10T01:45:31+00:00,area_trajectory,grain,,1791582000000.0,,2.68749719221517
2026-10-10T01:45:31+00:00,area_trajectory,grain,,1791582120000.0,,2.66838043196127
2026-10-10T01:45:31+00:00,area_trajectory,grain,,1791582240000.0,,2.66838043196127
2026-10-10T01:45:31+00:00,area_trajectory,grain,,1791582360000.0,,2.7043068235628303
2026-10-10T01:45:31+00:00,area_trajectory,grain,,1791582480000.0,,2.7043068235628303
2026-10-10T01:45:31+00:00,area_trajectory,grain,,1791582600000.0,,2.7043068235628303
2026-10-10T01:45:31+00:00,area_trajectory,grain,,1791582720000.0,,2.7043068235628303
2026-10-10T01:45:31+00:00,area_trajectory,grain,,1791582840000.0,,2.6861788328401697
2026-10-10T01:45:31+00:00,area_trajectory,grain,,1791582960000.0,,2.6861788328401697
2026-10-10T01:45:31+00:00,area_trajectory,grain,,1791583080000.0,,2.6861788328401697
2026-10-10T01:45:31+00:00,area_trajectory,grain,,1791583200000.0,,2.6861788328401697
2026-10-10T01:45:31+00:00,area_trajectory,grain,,1791583320000.0,,2.6861788328401697
2026-10-10T01:45:31+00:00,area_trajectory,grain,,1791583440000.0,,2.68551965315267
2026-10-10T01:45:31+00:00,area_trajectory,grain,,1791583560000.0,,2.68551965315267
2026-10-10T01:45:31+00:00,area_trajectory,grain,,1791583680000.0,,2.68551965315267
2026-10-10T01:45:31+00:00,area_trajectory,grain,,1791583800000.0,,2.70364764387533
2026-10-10T01:45:31+00:00,area_trajectory,grain,,1791583920000.0,,2.70364764387533
2026-10-10T01:45:31+00:00,area_trajectory,grain,,1791584040000.0,,2.70364764387533
2026-10-10T01:45:31+00:00,area_trajectory,grain,,1791584160000.0,,2.70364764387533
2026-10-10T01:45:31+00:00,area_trajectory,grain,,1791584280000.0,,2.72342358381674
2026-10-10T01:45:31+00:00,area_trajectory,grain,,1791584400000.0,,2.72342358381674
2026-10-10T01:45:31+00:00,area_trajectory,grain,,1791584520000.0,,2.66936920149252
2026-10-10T01:45:31+00:00,area_trajectory,grain,,1791584640000.0,,2.66936920149252
2026-10-10T01:45:31+00:00,area_trajectory,grain,,1791584760000.0,,2.68815637190267
2026-10-10T01:45:31+00:00,area_trajectory,grain,,1791584880000.0,,2.68815637190267
2026-10-10T01:45:31+00:00,area_trajectory,grain,,1791585000000.0,,2.70859149153158
2026-10-10T01:45:31+00:00,area_trajectory,grain,,1791585120000.0,,2.70859149153158
2026-10-10T01:45:31+00:00,area_trajectory,grain,,1791585240000.0,,2.70859149153158
2026-10-10T01:45:31+00:00,area_trajectory,grain,,1791585360000.0,,2.70859149153158
2026-10-10T01:45:31+00:00,area_trajectory,grain,,1791585480000.0,,2.70859149153158
2026-10-10T01:45:31+00:00,area_trajectory,grain,,1791585600000.0,,2.70859149153158
2026-10-10T01:45:31+00:00,area_trajectory,grain,,1791585720000.0,,2.7319931028597098
2026-10-10T01:45:31+00:00,area_trajectory,grain,,1791585840000.0,,2.7319931028597098
2026-10-10T01:45:31+00:00,area_trajectory,grain,,1791585960000.0,,2.69771484358236
2026-10-10T01:45:31+00:00,area_trajectory,grain,,1791586080000.0,,2.69771484358236
2026-10-10T01:45:31+00:00,area_trajectory,grain,,1791586200000.0,,2.68123480207846
2026-10-10T01:45:31+00:00,area_trajectory,grain,,1791586320000.0,,2.68123480207846
2026-10-10T01:45:31+00:00,area_trajectory,grain,,1791586440000.0,,2.71880914289877
2026-10-10T01:45:31+00:00,area_trajectory,grain,,1791586560000.0,,2.71880914289877
2026-10-10T01:45:31+00:00,area_trajectory,grain,,1791586680000.0,,2.71880914289877
2026-10-10T01:45:31+00:00,area_trajectory,grain,,1791586800000.0,,2.71880914289877
2026-10-10T01:45:31+00:00,area_trajectory,grain,,1791586920000.0,,2.71880914289877
2026-10-10T01:45:31+00:00,area_trajectory,grain,,1791587040000.0,,2.68716760237142
2026-10-10T01:45:31+00:00,area_trajectory,grain,,1791587160000.0,,2.68716760237142
2026-10-10T01:45:31+00:00,area_trajectory,grain,,1791587280000.0,,2.68716760237142
2026-10-10T01:45:31+00:00,area_trajectory,grain,,1791587400000.0,,3.3793275144807997
2026-10-10T01:45:31+00:00,area_trajectory,grain,,1791587520000.0,,3.3793275144807997
2026-10-10T01:45:31+00:00,area_trajectory,grain,,1791587640000.0,,3.4768890379183
2026-10-10T01:45:31+00:00,area_trajectory,grain,,1791587760000.0,,3.4768890379183
2026-10-10T01:45:31+00:00,area_trajectory,grain,,1791587880000.0,,3.44030346662924
2026-10-10T01:45:31+00:00,area_trajectory,grain,,1791588000000.0,,3.44030346662924
2026-10-10T01:45:31+00:00,area_trajectory,grain,,1791588120000.0,,3.5187480467073597
2026-10-10T01:45:31+00:00,area_trajectory,grain,,1791588240000.0,,3.5187480467073597
2026-10-10T01:45:31+00:00,area_trajectory,grain,,1791588360000.0,,3.52764733869955
2026-10-10T01:45:31+00:00,area_trajectory,grain,,1791588480000.0,,3.52764733869955
2026-10-10T01:45:31+00:00,area_trajectory,grain,,1791588600000.0,,3.51182665998861
2026-10-10T01:45:31+00:00,area_trajectory,grain,,1791588720000.0,,3.51182665998861
2026-10-10T01:45:31+00:00,area_trajectory,grain,,1791588840000.0,,3.53456909162924
2026-10-10T01:45:31+00:00,area_trajectory,grain,,1791588960000.0,,3.53456909162924
2026-10-10T01:45:31+00:00,area_trajectory,grain,,1791589080000.0,,3.55764074690267
2026-10-10T01:45:31+00:00,area_trajectory,grain,,1791589200000.0,,3.55764074690267
2026-10-10T01:45:31+00:00,area_trajectory,grain,,1791589320000.0,,3.54346801741049
2026-10-10T01:45:31+00:00,area_trajectory,grain,,1791589440000.0,,3.54346801741049
2026-10-10T01:45:31+00:00,area_trajectory,grain,,1791589560000.0,,3.54346801741049
2026-10-10T01:45:31+00:00,area_trajectory,grain,,1791589680000.0,,3.54346801741049
2026-10-10T01:45:31+00:00,area_trajectory,grain,,1791589800000.0,,3.57214343244955
2026-10-10T01:45:31+00:00,area_trajectory,grain,,1791589920000.0,,3.57214343244955
2026-10-10T01:45:31+00:00,area_trajectory,grain,,1791590040000.0,,3.57214343244955
2026-10-10T01:45:31+00:00,area_trajectory,grain,,1791590160000.0,,3.57214343244955
2026-10-10T01:45:31+00:00,area_trajectory,grain,,1791590280000.0,,3.56225537092611
2026-10-10T01:45:31+00:00,area_trajectory,grain,,1791590400000.0,,3.56225537092611
2026-10-10T01:45:31+00:00,area_trajectory,grain,,1791590520000.0,,3.56225537092611
2026-10-10T01:45:31+00:00,area_trajectory,grain,,1791590640000.0,,3.54577514631674
2026-10-10T01:45:31+00:00,area_trajectory,grain,,1791590760000.0,,3.54577514631674
2026-10-10T01:45:31+00:00,area_trajectory,grain,,1791590880000.0,,3.54577514631674
2026-10-10T01:45:31+00:00,area_trajectory,grain,,1791591000000.0,,3.5553336179964203
2026-10-10T01:45:31+00:00,area_trajectory,grain,,1791591120000.0,,3.5553336179964203
2026-10-10T01:45:31+00:00,area_trajectory,grain,,1791591240000.0,,3.5975225828401705
2026-10-10T01:45:31+00:00,area_trajectory,grain,,1791591360000.0,,3.5975225828401705
2026-10-10T01:45:31+00:00,area_trajectory,grain,,1791591480000.0,,3.56390332014486
2026-10-10T01:45:31+00:00,area_trajectory,grain,,1791591600000.0,,3.56390332014486
2026-10-10T01:45:31+00:00,area_trajectory,grain,,1791591720000.0,,3.56390332014486
2026-10-10T01:45:31+00:00,area_trajectory,grain,,1791591840000.0,,3.56390332014486
2026-10-10T01:45:31+00:00,area_trajectory,grain,,1791591960000.0,,3.5737913816683
2026-10-10T01:45:31+00:00,area_trajectory,grain,,1791592080000.0,,3.5737913816683
2026-10-10T01:45:31+00:00,area_trajectory,grain,,1791592200000.0,,3.5962042234651697
2026-10-10T01:45:31+00:00,area_trajectory,grain,,1791592320000.0,,3.5962042234651697
2026-10-10T01:45:31+00:00,area_trajectory,grain,,1791592440000.0,,3.56489208967611
2026-10-10T01:45:31+00:00,area_trajectory,grain,,1791592560000.0,,3.56489208967611
2026-10-10T01:45:31+00:00,area_trajectory,grain,,1791592680000.0,,3.5869753416292403
2026-10-10T01:45:31+00:00,area_trajectory,grain,,1791592800000.0,,3.5869753416292403
2026-10-10T01:45:31+00:00,area_trajectory,grain,,1791592920000.0,,3.5869753416292403
2026-10-10T01:45:31+00:00,area_trajectory,grain,,1791593040000.0,,3.5869753416292403
2026-10-10T01:45:31+00:00,area_trajectory,grain,,1791593160000.0,,3.59719299299642
2026-10-10T01:45:31+00:00,area_trajectory,grain,,1791593280000.0,,3.59719299299642
2026-10-10T01:45:31+00:00,area_trajectory,grain,,1791593400000.0,,3.5817015379182995
2026-10-10T01:45:31+00:00,area_trajectory,grain,,1791593520000.0,,3.5817015379182995
2026-10-10T01:45:31+00:00,area_trajectory,grain,,1791593640000.0,,3.5817015379182995
2026-10-10T01:45:31+00:00,area_trajectory,grain,,1791593760000.0,,3.5817015379182995
2026-10-10T01:45:31+00:00,area_trajectory,grain,,1791593880000.0,,3.6097177732698595
2026-10-10T01:45:31+00:00,area_trajectory,grain,,1791594000000.0,,3.6097177732698595
2026-10-10T01:45:31+00:00,area_trajectory,grain,,1791594120000.0,,3.6097177732698595
2026-10-10T01:45:31+00:00,area_trajectory,grain,,1791594240000.0,,3.59488586409017
2026-10-10T01:45:31+00:00,area_trajectory,grain,,1791594360000.0,,3.5817015379182995
2026-10-10T01:45:31+00:00,area_trajectory,grain,,1791594480000.0,,3.5817015379182995
2026-10-10T01:45:31+00:00,area_trajectory,grain,,1791594600000.0,,3.5655512693636098
2026-10-10T01:45:31+00:00,area_trajectory,grain,,1791594720000.0,,3.5655512693636098
2026-10-10T01:45:31+00:00,area_trajectory,grain,,1791594840000.0,,3.5655512693636098
2026-10-10T01:45:31+00:00,area_trajectory,grain,,1791594960000.0,,3.5655512693636098
2026-10-10T01:45:31+00:00,area_trajectory,grain,,1791595080000.0,,3.5553336179964203
2026-10-10T01:45:31+00:00,area_trajectory,grain,,1791595200000.0,,3.5553336179964203
2026-10-10T01:45:31+00:00,area_trajectory,grain,,1791595320000.0,,3.5770872801057996
2026-10-10T01:45:31+00:00,area_trajectory,grain,,1791595440000.0,,3.5770872801057996
2026-10-10T01:45:31+00:00,area_trajectory,grain,,1791595560000.0,,3.56456249983236
2026-10-10T01:45:31+00:00,area_trajectory,grain,,1791595680000.0,,3.56456249983236
2026-10-10T01:45:31+00:00,area_trajectory,grain,,1791595800000.0,,3.52896569807455
2026-10-10T01:45:31+00:00,area_trajectory,grain,,1791595920000.0,,3.52896569807455
2026-10-10T01:45:31+00:00,area_trajectory,grain,,1791596040000.0,,3.5114970701448605
2026-10-10T01:45:31+00:00,area_trajectory,grain,,1791596160000.0,,3.5114970701448605
2026-10-10T01:45:31+00:00,area_trajectory,grain,,1791596280000.0,,3.53522827131674
2026-10-10T01:45:31+00:00,area_trajectory,grain,,1791596400000.0,,3.53522827131674
2026-10-10T01:45:31+00:00,area_trajectory,grain,,1791596520000.0,,3.5009498289339196
2026-10-10T01:45:31+00:00,area_trajectory,grain,,1791596640000.0,,3.5009498289339196
2026-10-10T01:45:31+00:00,area_trajectory,grain,,1791596760000.0,,3.54280883772299
2026-10-10T01:45:31+00:00,area_trajectory,grain,,1791596880000.0,,3.54280883772299
2026-10-10T01:45:31+00:00,area_trajectory,grain,,1791597000000.0,,3.52896569807455
2026-10-10T01:45:31+00:00,area_trajectory,grain,,1791597120000.0,,3.52896569807455
2026-10-10T01:45:31+00:00,area_trajectory,grain,,1791597240000.0,,3.52896569807455
2026-10-10T01:45:31+00:00,area_trajectory,grain,,1791597360000.0,,3.52896569807455
2026-10-10T01:45:31+00:00,area_trajectory,grain,,1791597480000.0,,3.52896569807455
2026-10-10T01:45:31+00:00,area_trajectory,grain,,1791597600000.0,,3.52896569807455
2026-10-10T01:45:31+00:00,area_trajectory,grain,,1791597720000.0,,3.52896569807455
2026-10-10T01:45:31+00:00,area_trajectory,grain,,1791597840000.0,,3.52896569807455
2026-10-10T01:45:31+00:00,area_trajectory,grain,,1791597960000.0,,3.53852416975424
2026-10-10T01:45:31+00:00,area_trajectory,grain,,1791598080000.0,,3.53852416975424
2026-10-10T01:45:31+00:00,area_trajectory,grain,,1791598200000.0,,3.50523449690267
2026-10-10T01:45:31+00:00,area_trajectory,grain,,1791598320000.0,,3.50523449690267
2026-10-10T01:45:31+00:00,area_trajectory,grain,,1791598440000.0,,3.49238012678549
2026-10-10T01:45:31+00:00,area_trajectory,grain,,1791598560000.0,,3.49238012678549
2026-10-10T01:45:31+00:00,area_trajectory,grain,,1791598680000.0,,3.55632238752767
2026-10-10T01:45:31+00:00,area_trajectory,grain,,1791598800000.0,,3.55632238752767
2026-10-10T01:45:31+00:00,area_trajectory,grain,,1791598920000.0,,3.54247924787924
2026-10-10T01:45:31+00:00,area_trajectory,grain,,1791599040000.0,,3.54247924787924
2026-10-10T01:45:31+00:00,area_trajectory,grain,,1791599160000.0,,3.5259993894808
2026-10-10T01:45:31+00:00,area_trajectory,grain,,1791599280000.0,,3.5259993894808
2026-10-10T01:45:31+00:00,area_trajectory,grain,,1791599400000.0,,3.5259993894808
2026-10-10T01:45:31+00:00,area_trajectory,grain,,1791599520000.0,,3.5259993894808
2026-10-10T01:45:31+00:00,area_trajectory,grain,,1791599640000.0,,3.5378649900667396
2026-10-10T01:45:31+00:00,area_trajectory,milford_haven,,1791522000000.0,,7.7321696281433105
2026-10-10T01:45:31+00:00,area_trajectory,milford_haven,,1791522120000.0,,7.7321696281433105
2026-10-10T01:45:31+00:00,area_trajectory,milford_haven,,1791522240000.0,,7.7297282218933105
2026-10-10T01:45:31+00:00,area_trajectory,milford_haven,,1791522360000.0,,7.7297282218933105
2026-10-10T01:45:31+00:00,area_trajectory,milford_haven,,1791522480000.0,,7.7297282218933105
2026-10-10T01:45:31+00:00,area_trajectory,milford_haven,,1791522600000.0,,7.5368509292602495
2026-10-10T01:45:31+00:00,area_trajectory,milford_haven,,1791522720000.0,,7.5368509292602495
2026-10-10T01:45:31+00:00,area_trajectory,milford_haven,,1791522840000.0,,7.4367504119873
2026-10-10T01:45:31+00:00,area_trajectory,milford_haven,,1791522960000.0,,7.30491065979004
2026-10-10T01:45:31+00:00,area_trajectory,milford_haven,,1791523080000.0,,7.30491065979004
2026-10-10T01:45:31+00:00,area_trajectory,milford_haven,,1791523200000.0,,7.36838912963867
2026-10-10T01:45:31+00:00,area_trajectory,milford_haven,,1791523320000.0,,7.36838912963867
2026-10-10T01:45:31+00:00,area_trajectory,milford_haven,,1791523440000.0,,7.36838912963867
2026-10-10T01:45:31+00:00,area_trajectory,milford_haven,,1791523560000.0,,7.3268837928772
2026-10-10T01:45:31+00:00,area_trajectory,milford_haven,,1791523680000.0,,7.3268837928772
2026-10-10T01:45:31+00:00,area_trajectory,milford_haven,,1791523800000.0,,7.3268837928772
2026-10-10T01:45:31+00:00,area_trajectory,milford_haven,,1791523920000.0,,7.3268837928772
2026-10-10T01:45:31+00:00,area_trajectory,milford_haven,,1791524040000.0,,7.258522510528561
2026-10-10T01:45:31+00:00,area_trajectory,milford_haven,,1791524160000.0,,7.258522510528561
2026-10-10T01:45:31+00:00,area_trajectory,milford_haven,,1791524280000.0,,7.231666088104251
2026-10-10T01:45:31+00:00,area_trajectory,milford_haven,,1791524400000.0,,7.25119781494141
2026-10-10T01:45:31+00:00,area_trajectory,milford_haven,,1791524520000.0,,7.25119781494141
2026-10-10T01:45:31+00:00,area_trajectory,milford_haven,,1791524640000.0,,7.25119781494141
2026-10-10T01:45:31+00:00,area_trajectory,milford_haven,,1791524760000.0,,7.15842151641846
2026-10-10T01:45:31+00:00,area_trajectory,milford_haven,,1791524880000.0,,7.15842151641846
2026-10-10T01:45:31+00:00,area_trajectory,milford_haven,,1791525000000.0,,7.1364483833313
2026-10-10T01:45:31+00:00,area_trajectory,milford_haven,,1791525120000.0,,7.1364483833313
2026-10-10T01:45:31+00:00,area_trajectory,milford_haven,,1791525240000.0,,7.1364483833313
2026-10-10T01:45:31+00:00,area_trajectory,milford_haven,,1791525360000.0,,7.16818761825562
2026-10-10T01:45:31+00:00,area_trajectory,milford_haven,,1791525480000.0,,7.16818761825562
2026-10-10T01:45:31+00:00,area_trajectory,milford_haven,,1791525600000.0,,7.14865589141846
2026-10-10T01:45:31+00:00,area_trajectory,milford_haven,,1791525720000.0,,7.14865589141846
2026-10-10T01:45:31+00:00,area_trajectory,milford_haven,,1791525840000.0,,7.14865589141846
2026-10-10T01:45:31+00:00,area_trajectory,milford_haven,,1791525960000.0,,7.14865589141846
2026-10-10T01:45:31+00:00,area_trajectory,milford_haven,,1791526080000.0,,7.14865589141846
2026-10-10T01:45:31+00:00,area_trajectory,milford_haven,,1791526200000.0,,7.16574621200562
2026-10-10T01:45:31+00:00,area_trajectory,milford_haven,,1791526320000.0,,7.16574621200562
2026-10-10T01:45:31+00:00,area_trajectory,milford_haven,,1791526440000.0,,7.1388897895813
2026-10-10T01:45:31+00:00,area_trajectory,milford_haven,,1791526560000.0,,7.1388897895813
2026-10-10T01:45:31+00:00,area_trajectory,milford_haven,,1791526680000.0,,7.15109729766846
2026-10-10T01:45:31+00:00,area_trajectory,milford_haven,,1791526800000.0,,7.15109729766846
2026-10-10T01:45:31+00:00,area_trajectory,milford_haven,,1791526920000.0,,7.15109729766846
2026-10-10T01:45:31+00:00,area_trajectory,milford_haven,,1791527040000.0,,7.15109729766846
2026-10-10T01:45:31+00:00,area_trajectory,milford_haven,,1791527160000.0,,7.112033367156981
2026-10-10T01:45:31+00:00,area_trajectory,milford_haven,,1791527280000.0,,7.116916179656981
2026-10-10T01:45:31+00:00,area_trajectory,milford_haven,,1791527400000.0,,7.116916179656981
2026-10-10T01:45:31+00:00,area_trajectory,milford_haven,,1791527520000.0,,7.116916179656981
2026-10-10T01:45:31+00:00,area_trajectory,milford_haven,,1791527640000.0,,7.12912368774414
2026-10-10T01:45:31+00:00,area_trajectory,milford_haven,,1791527760000.0,,7.12912368774414
2026-10-10T01:45:31+00:00,area_trajectory,milford_haven,,1791527880000.0,,7.12912368774414
2026-10-10T01:45:31+00:00,area_trajectory,milford_haven,,1791528000000.0,,7.12912368774414
2026-10-10T01:45:31+00:00,area_trajectory,milford_haven,,1791528120000.0,,7.12912368774414
2026-10-10T01:45:31+00:00,area_trajectory,milford_haven,,1791528240000.0,,7.12912368774414
2026-10-10T01:45:31+00:00,area_trajectory,milford_haven,,1791528360000.0,,7.12912368774414
2026-10-10T01:45:31+00:00,area_trajectory,milford_haven,,1791528480000.0,,7.08761882781982
2026-10-10T01:45:31+00:00,area_trajectory,milford_haven,,1791528600000.0,,7.08761882781982
2026-10-10T01:45:31+00:00,area_trajectory,milford_haven,,1791528720000.0,,7.107150554656981
2026-10-10T01:45:31+00:00,area_trajectory,milford_haven,,1791528840000.0,,7.107150554656981
2026-10-10T01:45:31+00:00,area_trajectory,milford_haven,,1791528960000.0,,7.107150554656981
2026-10-10T01:45:31+00:00,area_trajectory,milford_haven,,1791529080000.0,,7.0632038116455105
2026-10-10T01:45:31+00:00,area_trajectory,milford_haven,,1791529200000.0,,7.0632038116455105
2026-10-10T01:45:31+00:00,area_trajectory,milford_haven,,1791529320000.0,,7.18283653259277
2026-10-10T01:45:31+00:00,area_trajectory,milford_haven,,1791529440000.0,,7.18283653259277
2026-10-10T01:45:31+00:00,area_trajectory,milford_haven,,1791529560000.0,,7.116916179656981
2026-10-10T01:45:31+00:00,area_trajectory,milford_haven,,1791529680000.0,,7.116916179656981
2026-10-10T01:45:31+00:00,area_trajectory,milford_haven,,1791529800000.0,,7.1388897895813
2026-10-10T01:45:31+00:00,area_trajectory,milford_haven,,1791529920000.0,,7.1388897895813
2026-10-10T01:45:31+00:00,area_trajectory,milford_haven,,1791530040000.0,,7.116916179656981
2026-10-10T01:45:31+00:00,area_trajectory,milford_haven,,1791530160000.0,,7.116916179656981
2026-10-10T01:45:31+00:00,area_trajectory,milford_haven,,1791530280000.0,,7.16086292266846
2026-10-10T01:45:31+00:00,area_trajectory,milford_haven,,1791530400000.0,,7.16086292266846
2026-10-10T01:45:31+00:00,area_trajectory,milford_haven,,1791530520000.0,,7.16086292266846
2026-10-10T01:45:31+00:00,area_trajectory,milford_haven,,1791530640000.0,,7.0680866241455105
2026-10-10T01:45:31+00:00,area_trajectory,milford_haven,,1791530760000.0,,7.0680866241455105
2026-10-10T01:45:31+00:00,area_trajectory,milford_haven,,1791530880000.0,,7.15842151641846
2026-10-10T01:45:31+00:00,area_trajectory,milford_haven,,1791531000000.0,,7.15842151641846
2026-10-10T01:45:31+00:00,area_trajectory,milford_haven,,1791531120000.0,,7.15842151641846
2026-10-10T01:45:31+00:00,area_trajectory,milford_haven,,1791531240000.0,,7.231666088104251
2026-10-10T01:45:31+00:00,area_trajectory,milford_haven,,1791531360000.0,,7.18039512634277
2026-10-10T01:45:31+00:00,area_trajectory,milford_haven,,1791531480000.0,,7.18039512634277
2026-10-10T01:45:31+00:00,area_trajectory,milford_haven,,1791531600000.0,,7.16086292266846
2026-10-10T01:45:31+00:00,area_trajectory,milford_haven,,1791531720000.0,,7.16086292266846
2026-10-10T01:45:31+00:00,area_trajectory,milford_haven,,1791531840000.0,,7.16086292266846
2026-10-10T01:45:31+00:00,area_trajectory,milford_haven,,1791531960000.0,,7.16086292266846
2026-10-10T01:45:31+00:00,area_trajectory,milford_haven,,1791532080000.0,,7.16086292266846
2026-10-10T01:45:31+00:00,area_trajectory,milford_haven,,1791532200000.0,,7.16086292266846
2026-10-10T01:45:31+00:00,area_trajectory,milford_haven,,1791532320000.0,,7.0778527259826705
2026-10-10T01:45:31+00:00,area_trajectory,milford_haven,,1791532440000.0,,7.0778527259826705
2026-10-10T01:45:31+00:00,area_trajectory,milford_haven,,1791532560000.0,,7.0778527259826705
2026-10-10T01:45:31+00:00,area_trajectory,milford_haven,,1791532680000.0,,7.14865589141846
2026-10-10T01:45:31+00:00,area_trajectory,milford_haven,,1791532800000.0,,7.14865589141846
2026-10-10T01:45:31+00:00,area_trajectory,milford_haven,,1791532920000.0,,7.14865589141846
2026-10-10T01:45:31+00:00,area_trajectory,milford_haven,,1791533040000.0,,7.14865589141846
2026-10-10T01:45:31+00:00,area_trajectory,milford_haven,,1791533160000.0,,7.14865589141846
2026-10-10T01:45:31+00:00,area_trajectory,milford_haven,,1791533280000.0,,7.14865589141846
2026-10-10T01:45:31+00:00,area_trajectory,milford_haven,,1791533400000.0,,7.14865589141846
2026-10-10T01:45:31+00:00,area_trajectory,milford_haven,,1791533520000.0,,7.217017173767091
2026-10-10T01:45:31+00:00,area_trajectory,milford_haven,,1791533640000.0,,7.217017173767091
2026-10-10T01:45:31+00:00,area_trajectory,milford_haven,,1791533760000.0,,7.217017173767091
2026-10-10T01:45:31+00:00,area_trajectory,milford_haven,,1791533880000.0,,7.20480966567993
2026-10-10T01:45:31+00:00,area_trajectory,milford_haven,,1791534000000.0,,7.20480966567993
2026-10-10T01:45:31+00:00,area_trajectory,milford_haven,,1791534120000.0,,7.20480966567993
2026-10-10T01:45:31+00:00,area_trajectory,milford_haven,,1791534240000.0,,7.177953243255621
2026-10-10T01:45:31+00:00,area_trajectory,milford_haven,,1791534360000.0,,7.177953243255621
2026-10-10T01:45:31+00:00,area_trajectory,milford_haven,,1791534480000.0,,7.177953243255621
2026-10-10T01:45:31+00:00,area_trajectory,milford_haven,,1791534600000.0,,7.177953243255621
2026-10-10T01:45:31+00:00,area_trajectory,milford_haven,,1791534720000.0,,7.177953243255621
2026-10-10T01:45:31+00:00,area_trajectory,milford_haven,,1791534840000.0,,7.177953243255621
2026-10-10T01:45:31+00:00,area_trajectory,milford_haven,,1791534960000.0,,7.177953243255621
2026-10-10T01:45:31+00:00,area_trajectory,milford_haven,,1791535080000.0,,7.177953243255621
2026-10-10T01:45:31+00:00,area_trajectory,milford_haven,,1791535200000.0,,7.19016075134277
2026-10-10T01:45:31+00:00,area_trajectory,milford_haven,,1791535320000.0,,7.14865589141846
2026-10-10T01:45:31+00:00,area_trajectory,milford_haven,,1791535440000.0,,7.14865589141846
2026-10-10T01:45:31+00:00,area_trajectory,milford_haven,,1791535560000.0,,7.14865589141846
2026-10-10T01:45:31+00:00,area_trajectory,milford_haven,,1791535680000.0,,7.1413311958313
2026-10-10T01:45:31+00:00,area_trajectory,milford_haven,,1791535800000.0,,7.1413311958313
2026-10-10T01:45:31+00:00,area_trajectory,milford_haven,,1791535920000.0,,7.1413311958313
2026-10-10T01:45:31+00:00,area_trajectory,milford_haven,,1791536040000.0,,7.1413311958313
2026-10-10T01:45:31+00:00,area_trajectory,milford_haven,,1791536160000.0,,7.1413311958313
2026-10-10T01:45:31+00:00,area_trajectory,milford_haven,,1791536280000.0,,7.19260215759277
2026-10-10T01:45:31+00:00,area_trajectory,milford_haven,,1791536400000.0,,7.19260215759277
2026-10-10T01:45:31+00:00,area_trajectory,milford_haven,,1791536520000.0,,7.19260215759277
2026-10-10T01:45:31+00:00,area_trajectory,milford_haven,,1791536640000.0,,7.19260215759277
2026-10-10T01:45:31+00:00,area_trajectory,milford_haven,,1791536760000.0,,7.19260215759277
2026-10-10T01:45:31+00:00,area_trajectory,milford_haven,,1791536880000.0,,7.19260215759277
2026-10-10T01:45:31+00:00,area_trajectory,milford_haven,,1791537000000.0,,7.18039512634277
2026-10-10T01:45:31+00:00,area_trajectory,milford_haven,,1791537120000.0,,7.18039512634277
2026-10-10T01:45:31+00:00,area_trajectory,milford_haven,,1791537240000.0,,7.18039512634277
2026-10-10T01:45:31+00:00,area_trajectory,milford_haven,,1791537360000.0,,7.18771934509277
2026-10-10T01:45:31+00:00,area_trajectory,milford_haven,,1791537480000.0,,7.18771934509277
2026-10-10T01:45:31+00:00,area_trajectory,milford_haven,,1791537600000.0,,7.18771934509277
2026-10-10T01:45:31+00:00,area_trajectory,milford_haven,,1791537720000.0,,7.20969247817993
2026-10-10T01:45:31+00:00,area_trajectory,milford_haven,,1791537840000.0,,7.21457576751709
2026-10-10T01:45:31+00:00,area_trajectory,milford_haven,,1791537960000.0,,7.21457576751709
2026-10-10T01:45:31+00:00,area_trajectory,milford_haven,,1791538080000.0,,7.21457576751709
2026-10-10T01:45:31+00:00,area_trajectory,milford_haven,,1791538200000.0,,7.21457576751709
2026-10-10T01:45:31+00:00,area_trajectory,milford_haven,,1791538320000.0,,7.21457576751709
2026-10-10T01:45:31+00:00,area_trajectory,milford_haven,,1791538440000.0,,7.25119781494141
2026-10-10T01:45:31+00:00,area_trajectory,milford_haven,,1791538560000.0,,7.25119781494141
2026-10-10T01:45:31+00:00,area_trajectory,milford_haven,,1791538680000.0,,7.1462140083313
2026-10-10T01:45:31+00:00,area_trajectory,milford_haven,,1791538800000.0,,7.1462140083313
2026-10-10T01:45:31+00:00,area_trajectory,milford_haven,,1791538920000.0,,7.1462140083313
2026-10-10T01:45:31+00:00,area_trajectory,milford_haven,,1791539040000.0,,7.1462140083313
2026-10-10T01:45:31+00:00,area_trajectory,milford_haven,,1791539160000.0,,7.1462140083313
2026-10-10T01:45:31+00:00,area_trajectory,milford_haven,,1791539280000.0,,7.18283653259277
2026-10-10T01:45:31+00:00,area_trajectory,milford_haven,,1791539400000.0,,7.18283653259277
2026-10-10T01:45:31+00:00,area_trajectory,milford_haven,,1791539520000.0,,7.18283653259277
2026-10-10T01:45:31+00:00,area_trajectory,milford_haven,,1791539640000.0,,7.18283653259277
2026-10-10T01:45:31+00:00,area_trajectory,milford_haven,,1791539760000.0,,7.19748544692993
2026-10-10T01:45:31+00:00,area_trajectory,milford_haven,,1791539880000.0,,7.19748544692993
2026-10-10T01:45:31+00:00,area_trajectory,milford_haven,,1791540000000.0,,7.19748544692993
2026-10-10T01:45:31+00:00,area_trajectory,milford_haven,,1791540120000.0,,7.20236825942993
2026-10-10T01:45:31+00:00,area_trajectory,milford_haven,,1791540240000.0,,7.19260215759277
2026-10-10T01:45:31+00:00,area_trajectory,milford_haven,,1791540360000.0,,7.19260215759277
2026-10-10T01:45:31+00:00,area_trajectory,milford_haven,,1791540480000.0,,7.19260215759277
2026-10-10T01:45:31+00:00,area_trajectory,milford_haven,,1791540600000.0,,7.19016075134277
2026-10-10T01:45:31+00:00,area_trajectory,milford_haven,,1791540720000.0,,7.19016075134277
2026-10-10T01:45:31+00:00,area_trajectory,milford_haven,,1791540840000.0,,7.1437726020813
2026-10-10T01:45:31+00:00,area_trajectory,milford_haven,,1791540960000.0,,7.1437726020813
2026-10-10T01:45:31+00:00,area_trajectory,milford_haven,,1791541080000.0,,7.19992685317993
2026-10-10T01:45:31+00:00,area_trajectory,milford_haven,,1791541200000.0,,7.19992685317993
2026-10-10T01:45:31+00:00,area_trajectory,milford_haven,,1791541320000.0,,7.19992685317993
2026-10-10T01:45:31+00:00,area_trajectory,milford_haven,,1791541440000.0,,7.14865589141846
2026-10-10T01:45:31+00:00,area_trajectory,milford_haven,,1791541560000.0,,7.15598011016846
2026-10-10T01:45:31+00:00,area_trajectory,milford_haven,,1791541680000.0,,7.15598011016846
2026-10-10T01:45:31+00:00,area_trajectory,milford_haven,,1791541800000.0,,7.15598011016846
2026-10-10T01:45:31+00:00,area_trajectory,milford_haven,,1791541920000.0,,7.15598011016846
2026-10-10T01:45:31+00:00,area_trajectory,milford_haven,,1791542040000.0,,7.177953243255621
2026-10-10T01:45:31+00:00,area_trajectory,milford_haven,,1791542160000.0,,7.19260215759277
2026-10-10T01:45:31+00:00,area_trajectory,milford_haven,,1791542280000.0,,7.19260215759277
2026-10-10T01:45:31+00:00,area_trajectory,milford_haven,,1791542400000.0,,7.19260215759277
2026-10-10T01:45:31+00:00,area_trajectory,milford_haven,,1791542520000.0,,7.19260215759277
2026-10-10T01:45:31+00:00,area_trajectory,milford_haven,,1791542640000.0,,7.19260215759277
2026-10-10T01:45:31+00:00,area_trajectory,milford_haven,,1791542760000.0,,7.19260215759277
2026-10-10T01:45:31+00:00,area_trajectory,milford_haven,,1791542880000.0,,7.19260215759277
2026-10-10T01:45:31+00:00,area_trajectory,milford_haven,,1791543000000.0,,7.17062902450562
2026-10-10T01:45:31+00:00,area_trajectory,milford_haven,,1791543120000.0,,7.19504356384277
2026-10-10T01:45:31+00:00,area_trajectory,milford_haven,,1791543240000.0,,7.19504356384277
2026-10-10T01:45:31+00:00,area_trajectory,milford_haven,,1791543360000.0,,7.19504356384277
2026-10-10T01:45:31+00:00,area_trajectory,milford_haven,,1791543480000.0,,7.28781986236572
2026-10-10T01:45:31+00:00,area_trajectory,milford_haven,,1791543600000.0,,7.18771934509277
2026-10-10T01:45:31+00:00,area_trajectory,milford_haven,,1791543720000.0,,7.18771934509277
2026-10-10T01:45:31+00:00,area_trajectory,milford_haven,,1791543840000.0,,7.20236825942993
2026-10-10T01:45:31+00:00,area_trajectory,milford_haven,,1791543960000.0,,7.20236825942993
2026-10-10T01:45:31+00:00,area_trajectory,milford_haven,,1791544080000.0,,7.24631500244141
2026-10-10T01:45:31+00:00,area_trajectory,milford_haven,,1791544200000.0,,7.260963916778561
2026-10-10T01:45:31+00:00,area_trajectory,milford_haven,,1791544320000.0,,7.265846729278559
2026-10-10T01:45:31+00:00,area_trajectory,milford_haven,,1791544440000.0,,7.30735206604004
2026-10-10T01:45:31+00:00,area_trajectory,milford_haven,,1791544560000.0,,7.30735206604004
2026-10-10T01:45:31+00:00,area_trajectory,milford_haven,,1791544680000.0,,7.47093105316162
2026-10-10T01:45:31+00:00,area_trajectory,milford_haven,,1791544800000.0,,7.47093105316162
2026-10-10T01:45:31+00:00,area_trajectory,milford_haven,,1791544920000.0,,7.47093105316162
2026-10-10T01:45:31+00:00,area_trajectory,milford_haven,,1791545040000.0,,7.375713348388669
2026-10-10T01:45:31+00:00,area_trajectory,milford_haven,,1791545160000.0,,7.375713348388669
2026-10-10T01:45:31+00:00,area_trajectory,milford_haven,,1791545280000.0,,7.375713348388669
2026-10-10T01:45:31+00:00,area_trajectory,milford_haven,,1791545400000.0,,7.375713348388669
2026-10-10T01:45:31+00:00,area_trajectory,milford_haven,,1791545520000.0,,7.42698431015015
2026-10-10T01:45:31+00:00,area_trajectory,milford_haven,,1791545640000.0,,7.42698431015015
2026-10-10T01:45:31+00:00,area_trajectory,milford_haven,,1791545760000.0,,7.40012836456299
2026-10-10T01:45:31+00:00,area_trajectory,milford_haven,,1791545880000.0,,7.40012836456299
2026-10-10T01:45:31+00:00,area_trajectory,milford_haven,,1791546000000.0,,7.40012836456299
2026-10-10T01:45:31+00:00,area_trajectory,milford_haven,,1791546120000.0,,7.40012836456299
2026-10-10T01:45:31+00:00,area_trajectory,milford_haven,,1791546240000.0,,7.40012836456299
2026-10-10T01:45:31+00:00,area_trajectory,milford_haven,,1791546360000.0,,7.48069715499878
2026-10-10T01:45:31+00:00,area_trajectory,milford_haven,,1791546480000.0,,7.48069715499878
2026-10-10T01:45:31+00:00,area_trajectory,milford_haven,,1791546600000.0,,7.48069715499878
2026-10-10T01:45:31+00:00,area_trajectory,milford_haven,,1791546720000.0,,7.495346069335939
2026-10-10T01:45:31+00:00,area_trajectory,milford_haven,,1791546840000.0,,7.495346069335939
2026-10-10T01:45:31+00:00,area_trajectory,milford_haven,,1791546960000.0,,7.42210149765015
2026-10-10T01:45:31+00:00,area_trajectory,milford_haven,,1791547080000.0,,7.42210149765015
2026-10-10T01:45:31+00:00,area_trajectory,milford_haven,,1791547200000.0,,7.3268837928772
2026-10-10T01:45:31+00:00,area_trajectory,milford_haven,,1791547320000.0,,7.3268837928772
2026-10-10T01:45:31+00:00,area_trajectory,milford_haven,,1791547440000.0,,7.35618162155151
2026-10-10T01:45:31+00:00,area_trajectory,milford_haven,,1791547560000.0,,7.35618162155151
2026-10-10T01:45:31+00:00,area_trajectory,milford_haven,,1791547680000.0,,7.35618162155151
2026-10-10T01:45:31+00:00,area_trajectory,milford_haven,,1791547800000.0,,7.28293704986572
2026-10-10T01:45:31+00:00,area_trajectory,milford_haven,,1791547920000.0,,7.28537845611572
2026-10-10T01:45:31+00:00,area_trajectory,milford_haven,,1791548040000.0,,7.28537845611572
2026-10-10T01:45:31+00:00,area_trajectory,milford_haven,,1791548160000.0,,7.28537845611572
2026-10-10T01:45:31+00:00,area_trajectory,milford_haven,,1791548280000.0,,7.28537845611572
2026-10-10T01:45:31+00:00,area_trajectory,milford_haven,,1791548400000.0,,7.28537845611572
2026-10-10T01:45:31+00:00,area_trajectory,milford_haven,,1791548520000.0,,7.28537845611572
2026-10-10T01:45:31+00:00,area_trajectory,milford_haven,,1791548640000.0,,7.28537845611572
2026-10-10T01:45:31+00:00,area_trajectory,milford_haven,,1791548760000.0,,7.28537845611572
2026-10-10T01:45:31+00:00,area_trajectory,milford_haven,,1791548880000.0,,7.28537845611572
2026-10-10T01:45:31+00:00,area_trajectory,milford_haven,,1791549000000.0,,7.28537845611572
2026-10-10T01:45:31+00:00,area_trajectory,milford_haven,,1791549120000.0,,7.28537845611572
2026-10-10T01:45:31+00:00,area_trajectory,milford_haven,,1791549240000.0,,7.28537845611572
2026-10-10T01:45:31+00:00,area_trajectory,milford_haven,,1791549360000.0,,7.28537845611572
2026-10-10T01:45:31+00:00,area_trajectory,milford_haven,,1791549480000.0,,7.28537845611572
2026-10-10T01:45:31+00:00,area_trajectory,milford_haven,,1791549600000.0,,7.28537845611572
2026-10-10T01:45:31+00:00,area_trajectory,milford_haven,,1791549720000.0,,7.28049564361572
2026-10-10T01:45:31+00:00,area_trajectory,milford_haven,,1791549840000.0,,7.28049564361572
2026-10-10T01:45:31+00:00,area_trajectory,milford_haven,,1791549960000.0,,7.28049564361572
2026-10-10T01:45:31+00:00,area_trajectory,milford_haven,,1791550080000.0,,7.29270315170288
2026-10-10T01:45:31+00:00,area_trajectory,milford_haven,,1791550200000.0,,7.29270315170288
2026-10-10T01:45:31+00:00,area_trajectory,milford_haven,,1791550320000.0,,7.29270315170288
2026-10-10T01:45:31+00:00,area_trajectory,milford_haven,,1791550440000.0,,7.30979347229004
2026-10-10T01:45:31+00:00,area_trajectory,milford_haven,,1791550560000.0,,7.30979347229004
2026-10-10T01:45:31+00:00,area_trajectory,milford_haven,,1791550680000.0,,7.30979347229004
2026-10-10T01:45:31+00:00,area_trajectory,milford_haven,,1791550800000.0,,7.30979347229004
2026-10-10T01:45:31+00:00,area_trajectory,milford_haven,,1791550920000.0,,7.30979347229004
2026-10-10T01:45:31+00:00,area_trajectory,milford_haven,,1791551040000.0,,7.236548900604249
2026-10-10T01:45:31+00:00,area_trajectory,milford_haven,,1791551160000.0,,7.28049564361572
2026-10-10T01:45:31+00:00,area_trajectory,milford_haven,,1791551280000.0,,7.28049564361572
2026-10-10T01:45:31+00:00,area_trajectory,milford_haven,,1791551400000.0,,7.16818761825562
2026-10-10T01:45:31+00:00,area_trajectory,milford_haven,,1791551520000.0,,7.16818761825562
2026-10-10T01:45:31+00:00,area_trajectory,milford_haven,,1791551640000.0,,7.221899986267091
2026-10-10T01:45:31+00:00,area_trajectory,milford_haven,,1791551760000.0,,7.221899986267091
2026-10-10T01:45:31+00:00,area_trajectory,milford_haven,,1791551880000.0,,7.221899986267091
2026-10-10T01:45:31+00:00,area_trajectory,milford_haven,,1791552000000.0,,7.231666088104251
2026-10-10T01:45:31+00:00,area_trajectory,milford_haven,,1791552120000.0,,7.231666088104251
2026-10-10T01:45:31+00:00,area_trajectory,milford_haven,,1791552240000.0,,7.231666088104251
2026-10-10T01:45:31+00:00,area_trajectory,milford_haven,,1791552360000.0,,7.231666088104251
2026-10-10T01:45:31+00:00,area_trajectory,milford_haven,,1791552480000.0,,7.24875640869141
2026-10-10T01:45:31+00:00,area_trajectory,milford_haven,,1791552600000.0,,7.24875640869141
2026-10-10T01:45:31+00:00,area_trajectory,milford_haven,,1791552720000.0,,7.24875640869141
2026-10-10T01:45:31+00:00,area_trajectory,milford_haven,,1791552840000.0,,7.24875640869141
2026-10-10T01:45:31+00:00,area_trajectory,milford_haven,,1791552960000.0,,7.24875640869141
2026-10-10T01:45:31+00:00,area_trajectory,milford_haven,,1791553080000.0,,7.24875640869141
2026-10-10T01:45:31+00:00,area_trajectory,milford_haven,,1791553200000.0,,7.226782798767091
2026-10-10T01:45:31+00:00,area_trajectory,milford_haven,,1791553320000.0,,7.226782798767091
2026-10-10T01:45:31+00:00,area_trajectory,milford_haven,,1791553440000.0,,7.226782798767091
2026-10-10T01:45:31+00:00,area_trajectory,milford_haven,,1791553560000.0,,7.226782798767091
2026-10-10T01:45:31+00:00,area_trajectory,milford_haven,,1791553680000.0,,7.31223487854004
2026-10-10T01:45:31+00:00,area_trajectory,milford_haven,,1791553800000.0,,7.31223487854004
2026-10-10T01:45:31+00:00,area_trajectory,milford_haven,,1791553920000.0,,7.31223487854004
2026-10-10T01:45:31+00:00,area_trajectory,milford_haven,,1791554040000.0,,7.30002737045288
2026-10-10T01:45:31+00:00,area_trajectory,milford_haven,,1791554160000.0,,7.30246877670288
2026-10-10T01:45:31+00:00,area_trajectory,milford_haven,,1791554280000.0,,7.30246877670288
2026-10-10T01:45:31+00:00,area_trajectory,milford_haven,,1791554400000.0,,7.28293704986572
2026-10-10T01:45:31+00:00,area_trajectory,milford_haven,,1791554520000.0,,7.28293704986572
2026-10-10T01:45:31+00:00,area_trajectory,milford_haven,,1791554640000.0,,7.28049564361572
2026-10-10T01:45:31+00:00,area_trajectory,milford_haven,,1791554760000.0,,7.25119781494141
2026-10-10T01:45:31+00:00,area_trajectory,milford_haven,,1791554880000.0,,7.25119781494141
2026-10-10T01:45:31+00:00,area_trajectory,milford_haven,,1791555000000.0,,7.25119781494141
2026-10-10T01:45:31+00:00,area_trajectory,milford_haven,,1791555120000.0,,7.18527793884277
2026-10-10T01:45:31+00:00,area_trajectory,milford_haven,,1791555240000.0,,7.18527793884277
2026-10-10T01:45:31+00:00,area_trajectory,milford_haven,,1791555360000.0,,7.20480966567993
2026-10-10T01:45:31+00:00,area_trajectory,milford_haven,,1791555480000.0,,7.20480966567993
2026-10-10T01:45:31+00:00,area_trajectory,milford_haven,,1791555600000.0,,7.20480966567993
2026-10-10T01:45:31+00:00,area_trajectory,milford_haven,,1791555720000.0,,7.20480966567993
2026-10-10T01:45:31+00:00,area_trajectory,milford_haven,,1791555840000.0,,7.20480966567993
2026-10-10T01:45:31+00:00,area_trajectory,milford_haven,,1791555960000.0,,7.20480966567993
2026-10-10T01:45:31+00:00,area_trajectory,milford_haven,,1791556080000.0,,7.20480966567993
2026-10-10T01:45:31+00:00,area_trajectory,milford_haven,,1791556200000.0,,7.20480966567993
2026-10-10T01:45:31+00:00,area_trajectory,milford_haven,,1791556320000.0,,7.20480966567993
2026-10-10T01:45:31+00:00,area_trajectory,milford_haven,,1791556440000.0,,7.20480966567993
2026-10-10T01:45:31+00:00,area_trajectory,milford_haven,,1791556560000.0,,7.20480966567993
2026-10-10T01:45:31+00:00,area_trajectory,milford_haven,,1791556680000.0,,7.20480966567993
2026-10-10T01:45:31+00:00,area_trajectory,milford_haven,,1791556800000.0,,7.20480966567993
2026-10-10T01:45:31+00:00,area_trajectory,milford_haven,,1791556920000.0,,7.20480966567993
2026-10-10T01:45:31+00:00,area_trajectory,milford_haven,,1791557040000.0,,7.20480966567993
2026-10-10T01:45:31+00:00,area_trajectory,milford_haven,,1791557160000.0,,7.226782798767091
2026-10-10T01:45:31+00:00,area_trajectory,milford_haven,,1791557280000.0,,7.226782798767091
2026-10-10T01:45:31+00:00,area_trajectory,milford_haven,,1791557400000.0,,7.265846729278559
2026-10-10T01:45:31+00:00,area_trajectory,milford_haven,,1791557520000.0,,7.265846729278559
2026-10-10T01:45:31+00:00,area_trajectory,milford_haven,,1791557640000.0,,7.25119781494141
2026-10-10T01:45:31+00:00,area_trajectory,milford_haven,,1791557760000.0,,7.25119781494141
2026-10-10T01:45:31+00:00,area_trajectory,milford_haven,,1791557880000.0,,7.25119781494141
2026-10-10T01:45:31+00:00,area_trajectory,milford_haven,,1791558000000.0,,7.25119781494141
2026-10-10T01:45:31+00:00,area_trajectory,milford_haven,,1791558120000.0,,7.29514455795288
2026-10-10T01:45:31+00:00,area_trajectory,milford_haven,,1791558240000.0,,7.25119781494141
2026-10-10T01:45:31+00:00,area_trajectory,milford_haven,,1791558360000.0,,7.25119781494141
2026-10-10T01:45:31+00:00,area_trajectory,milford_haven,,1791558480000.0,,7.25119781494141
2026-10-10T01:45:31+00:00,area_trajectory,milford_haven,,1791558600000.0,,7.25119781494141
2026-10-10T01:45:31+00:00,area_trajectory,milford_haven,,1791558720000.0,,7.25119781494141
2026-10-10T01:45:31+00:00,area_trajectory,milford_haven,,1791558840000.0,,7.329325199127201
2026-10-10T01:45:31+00:00,area_trajectory,milford_haven,,1791558960000.0,,7.24875640869141
2026-10-10T01:45:31+00:00,area_trajectory,milford_haven,,1791559080000.0,,7.24875640869141
2026-10-10T01:45:31+00:00,area_trajectory,milford_haven,,1791559200000.0,,7.24875640869141
2026-10-10T01:45:31+00:00,area_trajectory,milford_haven,,1791559320000.0,,7.234107494354251
2026-10-10T01:45:31+00:00,area_trajectory,milford_haven,,1791559440000.0,,7.234107494354251
2026-10-10T01:45:31+00:00,area_trajectory,milford_haven,,1791559560000.0,,7.234107494354251
2026-10-10T01:45:31+00:00,area_trajectory,milford_haven,,1791559680000.0,,7.234107494354251
2026-10-10T01:45:31+00:00,area_trajectory,milford_haven,,1791559800000.0,,7.234107494354251
2026-10-10T01:45:31+00:00,area_trajectory,milford_haven,,1791559920000.0,,7.19016075134277
2026-10-10T01:45:31+00:00,area_trajectory,milford_haven,,1791560040000.0,,7.19016075134277
2026-10-10T01:45:31+00:00,area_trajectory,milford_haven,,1791560160000.0,,7.19016075134277
2026-10-10T01:45:31+00:00,area_trajectory,milford_haven,,1791560280000.0,,7.19016075134277
2026-10-10T01:45:31+00:00,area_trajectory,milford_haven,,1791560400000.0,,7.19016075134277
2026-10-10T01:45:31+00:00,area_trajectory,milford_haven,,1791560520000.0,,7.24387359619141
2026-10-10T01:45:31+00:00,area_trajectory,milford_haven,,1791560640000.0,,7.24387359619141
2026-10-10T01:45:31+00:00,area_trajectory,milford_haven,,1791560760000.0,,7.24387359619141
2026-10-10T01:45:31+00:00,area_trajectory,milford_haven,,1791560880000.0,,7.24387359619141
2026-10-10T01:45:31+00:00,area_trajectory,milford_haven,,1791561000000.0,,7.19504356384277
2026-10-10T01:45:31+00:00,area_trajectory,milford_haven,,1791561120000.0,,7.19504356384277
2026-10-10T01:45:31+00:00,area_trajectory,milford_haven,,1791561240000.0,,7.19504356384277
2026-10-10T01:45:31+00:00,area_trajectory,milford_haven,,1791561360000.0,,7.236548900604249
2026-10-10T01:45:31+00:00,area_trajectory,milford_haven,,1791561480000.0,,7.236548900604249
2026-10-10T01:45:31+00:00,area_trajectory,milford_haven,,1791561600000.0,,7.236548900604249
2026-10-10T01:45:31+00:00,area_trajectory,milford_haven,,1791561720000.0,,7.236548900604249
2026-10-10T01:45:31+00:00,area_trajectory,milford_haven,,1791561840000.0,,7.24387359619141
2026-10-10T01:45:31+00:00,area_trajectory,milford_haven,,1791561960000.0,,7.24387359619141
2026-10-10T01:45:31+00:00,area_trajectory,milford_haven,,1791562080000.0,,7.278054237365719
2026-10-10T01:45:31+00:00,area_trajectory,milford_haven,,1791562200000.0,,7.278054237365719
2026-10-10T01:45:31+00:00,area_trajectory,milford_haven,,1791562320000.0,,7.278054237365719
2026-10-10T01:45:31+00:00,area_trajectory,milford_haven,,1791562440000.0,,7.278054237365719
2026-10-10T01:45:31+00:00,area_trajectory,milford_haven,,1791562560000.0,,7.278054237365719
2026-10-10T01:45:31+00:00,area_trajectory,milford_haven,,1791562680000.0,,7.278054237365719
2026-10-10T01:45:31+00:00,area_trajectory,milford_haven,,1791562800000.0,,7.278054237365719
2026-10-10T01:45:31+00:00,area_trajectory,milford_haven,,1791562920000.0,,7.278054237365719
2026-10-10T01:45:31+00:00,area_trajectory,milford_haven,,1791563040000.0,,7.224341392517091
2026-10-10T01:45:31+00:00,area_trajectory,milford_haven,,1791563160000.0,,7.224341392517091
2026-10-10T01:45:31+00:00,area_trajectory,milford_haven,,1791563280000.0,,7.224341392517091
2026-10-10T01:45:31+00:00,area_trajectory,milford_haven,,1791563400000.0,,7.224341392517091
2026-10-10T01:45:31+00:00,area_trajectory,milford_haven,,1791563520000.0,,7.224341392517091
2026-10-10T01:45:31+00:00,area_trajectory,milford_haven,,1791563640000.0,,7.224341392517091
2026-10-10T01:45:31+00:00,area_trajectory,milford_haven,,1791563760000.0,,7.224341392517091
2026-10-10T01:45:31+00:00,area_trajectory,milford_haven,,1791563880000.0,,7.224341392517091
2026-10-10T01:45:31+00:00,area_trajectory,milford_haven,,1791564000000.0,,7.224341392517091
2026-10-10T01:45:31+00:00,area_trajectory,milford_haven,,1791564120000.0,,7.25608062744141
2026-10-10T01:45:31+00:00,area_trajectory,milford_haven,,1791564240000.0,,7.25608062744141
2026-10-10T01:45:31+00:00,area_trajectory,milford_haven,,1791564360000.0,,7.25608062744141
2026-10-10T01:45:31+00:00,area_trajectory,milford_haven,,1791564480000.0,,7.25608062744141
2026-10-10T01:45:31+00:00,area_trajectory,milford_haven,,1791564600000.0,,7.25608062744141
2026-10-10T01:45:31+00:00,area_trajectory,milford_haven,,1791564720000.0,,7.24387359619141
2026-10-10T01:45:31+00:00,area_trajectory,milford_haven,,1791564840000.0,,7.24387359619141
2026-10-10T01:45:31+00:00,area_trajectory,milford_haven,,1791564960000.0,,7.25119781494141
2026-10-10T01:45:31+00:00,area_trajectory,milford_haven,,1791565080000.0,,7.25119781494141
2026-10-10T01:45:31+00:00,area_trajectory,milford_haven,,1791565200000.0,,7.25119781494141
2026-10-10T01:45:31+00:00,area_trajectory,milford_haven,,1791565320000.0,,7.25119781494141
2026-10-10T01:45:31+00:00,area_trajectory,milford_haven,,1791565440000.0,,7.275612831115719
2026-10-10T01:45:31+00:00,area_trajectory,milford_haven,,1791565560000.0,,7.275612831115719
2026-10-10T01:45:31+00:00,area_trajectory,milford_haven,,1791565680000.0,,7.275612831115719
2026-10-10T01:45:31+00:00,area_trajectory,milford_haven,,1791565800000.0,,7.275612831115719
2026-10-10T01:45:31+00:00,area_trajectory,milford_haven,,1791565920000.0,,7.275612831115719
2026-10-10T01:45:31+00:00,area_trajectory,milford_haven,,1791566040000.0,,7.275612831115719
2026-10-10T01:45:31+00:00,area_trajectory,milford_haven,,1791566160000.0,,7.275612831115719
2026-10-10T01:45:31+00:00,area_trajectory,milford_haven,,1791566280000.0,,7.275612831115719
2026-10-10T01:45:31+00:00,area_trajectory,milford_haven,,1791566400000.0,,7.18771934509277
2026-10-10T01:45:31+00:00,area_trajectory,milford_haven,,1791566520000.0,,7.18771934509277
2026-10-10T01:45:31+00:00,area_trajectory,milford_haven,,1791566640000.0,,7.18771934509277
2026-10-10T01:45:31+00:00,area_trajectory,milford_haven,,1791566760000.0,,7.278054237365719
2026-10-10T01:45:31+00:00,area_trajectory,milford_haven,,1791566880000.0,,7.236548900604249
2026-10-10T01:45:31+00:00,area_trajectory,milford_haven,,1791567000000.0,,7.236548900604249
2026-10-10T01:45:31+00:00,area_trajectory,milford_haven,,1791567120000.0,,7.236548900604249
2026-10-10T01:45:31+00:00,area_trajectory,milford_haven,,1791567240000.0,,7.258522510528561
2026-10-10T01:45:31+00:00,area_trajectory,milford_haven,,1791567360000.0,,7.258522510528561
2026-10-10T01:45:31+00:00,area_trajectory,milford_haven,,1791567480000.0,,7.258522510528561
2026-10-10T01:45:31+00:00,area_trajectory,milford_haven,,1791567600000.0,,7.258522510528561
2026-10-10T01:45:31+00:00,area_trajectory,milford_haven,,1791567720000.0,,7.25608062744141
2026-10-10T01:45:31+00:00,area_trajectory,milford_haven,,1791567840000.0,,7.25608062744141
2026-10-10T01:45:31+00:00,area_trajectory,milford_haven,,1791567960000.0,,7.25608062744141
2026-10-10T01:45:31+00:00,area_trajectory,milford_haven,,1791568080000.0,,7.30491065979004
2026-10-10T01:45:31+00:00,area_trajectory,milford_haven,,1791568200000.0,,7.30491065979004
2026-10-10T01:45:31+00:00,area_trajectory,milford_haven,,1791568320000.0,,7.30491065979004
2026-10-10T01:45:31+00:00,area_trajectory,milford_haven,,1791568440000.0,,7.30491065979004
2026-10-10T01:45:31+00:00,area_trajectory,milford_haven,,1791568560000.0,,7.30491065979004
2026-10-10T01:45:31+00:00,area_trajectory,milford_haven,,1791568680000.0,,7.30491065979004
2026-10-10T01:45:31+00:00,area_trajectory,milford_haven,,1791568800000.0,,7.30491065979004
2026-10-10T01:45:31+00:00,area_trajectory,milford_haven,,1791568920000.0,,7.24875640869141
2026-10-10T01:45:31+00:00,area_trajectory,milford_haven,,1791569040000.0,,7.234107494354251
2026-10-10T01:45:31+00:00,area_trajectory,milford_haven,,1791569160000.0,,7.234107494354251
2026-10-10T01:45:31+00:00,area_trajectory,milford_haven,,1791569280000.0,,7.265846729278559
2026-10-10T01:45:31+00:00,area_trajectory,milford_haven,,1791569400000.0,,7.265846729278559
2026-10-10T01:45:31+00:00,area_trajectory,milford_haven,,1791569520000.0,,7.265846729278559
2026-10-10T01:45:31+00:00,area_trajectory,milford_haven,,1791569640000.0,,7.265846729278559
2026-10-10T01:45:31+00:00,area_trajectory,milford_haven,,1791569760000.0,,7.265846729278559
2026-10-10T01:45:31+00:00,area_trajectory,milford_haven,,1791569880000.0,,7.265846729278559
2026-10-10T01:45:31+00:00,area_trajectory,milford_haven,,1791570000000.0,,7.16086292266846
2026-10-10T01:45:31+00:00,area_trajectory,milford_haven,,1791570120000.0,,7.268288135528559
2026-10-10T01:45:31+00:00,area_trajectory,milford_haven,,1791570240000.0,,7.18283653259277
2026-10-10T01:45:31+00:00,area_trajectory,milford_haven,,1791570360000.0,,7.18283653259277
2026-10-10T01:45:31+00:00,area_trajectory,milford_haven,,1791570480000.0,,7.275612831115719
2026-10-10T01:45:31+00:00,area_trajectory,milford_haven,,1791570600000.0,,7.275612831115719
2026-10-10T01:45:31+00:00,area_trajectory,milford_haven,,1791570720000.0,,7.275612831115719
2026-10-10T01:45:31+00:00,area_trajectory,milford_haven,,1791570840000.0,,7.19016075134277
2026-10-10T01:45:31+00:00,area_trajectory,milford_haven,,1791570960000.0,,7.19016075134277
2026-10-10T01:45:31+00:00,area_trajectory,milford_haven,,1791571080000.0,,7.19016075134277
2026-10-10T01:45:31+00:00,area_trajectory,milford_haven,,1791571200000.0,,7.107150554656981
2026-10-10T01:45:31+00:00,area_trajectory,milford_haven,,1791571320000.0,,7.01681566238403
2026-10-10T01:45:31+00:00,area_trajectory,milford_haven,,1791571440000.0,,7.01681566238403
2026-10-10T01:45:31+00:00,area_trajectory,milford_haven,,1791571560000.0,,7.01681566238403
2026-10-10T01:45:31+00:00,area_trajectory,milford_haven,,1791571680000.0,,7.01681566238403
2026-10-10T01:45:31+00:00,area_trajectory,milford_haven,,1791571800000.0,,7.01681566238403
2026-10-10T01:45:31+00:00,area_trajectory,milford_haven,,1791571920000.0,,7.01681566238403
2026-10-10T01:45:31+00:00,area_trajectory,milford_haven,,1791572040000.0,,7.01681566238403
2026-10-10T01:45:31+00:00,area_trajectory,milford_haven,,1791572160000.0,,7.01681566238403
2026-10-10T01:45:31+00:00,area_trajectory,milford_haven,,1791572280000.0,,7.01681566238403
2026-10-10T01:45:31+00:00,area_trajectory,milford_haven,,1791572400000.0,,6.97775220870972
2026-10-10T01:45:31+00:00,area_trajectory,milford_haven,,1791572520000.0,,6.97775220870972
2026-10-10T01:45:31+00:00,area_trajectory,milford_haven,,1791572640000.0,,7.05587959289551
2026-10-10T01:45:31+00:00,area_trajectory,milford_haven,,1791572760000.0,,7.05587959289551
2026-10-10T01:45:31+00:00,area_trajectory,milford_haven,,1791572880000.0,,7.05587959289551
2026-10-10T01:45:31+00:00,area_trajectory,milford_haven,,1791573000000.0,,6.999725341796879
2026-10-10T01:45:31+00:00,area_trajectory,milford_haven,,1791573120000.0,,6.999725341796879
2026-10-10T01:45:31+00:00,area_trajectory,milford_haven,,1791573240000.0,,6.999725341796879
2026-10-10T01:45:31+00:00,area_trajectory,milford_haven,,1791573360000.0,,6.999725341796879
2026-10-10T01:45:31+00:00,area_trajectory,milford_haven,,1791573480000.0,,6.999725341796879
2026-10-10T01:45:31+00:00,area_trajectory,milford_haven,,1791573600000.0,,6.999725341796879
2026-10-10T01:45:31+00:00,area_trajectory,milford_haven,,1791573720000.0,,7.0729699134826705
2026-10-10T01:45:31+00:00,area_trajectory,milford_haven,,1791573840000.0,,7.0729699134826705
2026-10-10T01:45:31+00:00,area_trajectory,milford_haven,,1791573960000.0,,7.0729699134826705
2026-10-10T01:45:31+00:00,area_trajectory,milford_haven,,1791574080000.0,,7.0729699134826705
2026-10-10T01:45:31+00:00,area_trajectory,milford_haven,,1791574200000.0,,7.0729699134826705
2026-10-10T01:45:31+00:00,area_trajectory,milford_haven,,1791574320000.0,,7.0729699134826705
2026-10-10T01:45:31+00:00,area_trajectory,milford_haven,,1791574440000.0,,7.0729699134826705
2026-10-10T01:45:31+00:00,area_trajectory,milford_haven,,1791574560000.0,,6.992401123046879
2026-10-10T01:45:31+00:00,area_trajectory,milford_haven,,1791574680000.0,,6.992401123046879
2026-10-10T01:45:31+00:00,area_trajectory,milford_haven,,1791574800000.0,,7.0705280303955105
2026-10-10T01:45:31+00:00,area_trajectory,milford_haven,,1791574920000.0,,7.0705280303955105
2026-10-10T01:45:31+00:00,area_trajectory,milford_haven,,1791575040000.0,,6.98263502120972
2026-10-10T01:45:31+00:00,area_trajectory,milford_haven,,1791575160000.0,,6.98263502120972
2026-10-10T01:45:31+00:00,area_trajectory,milford_haven,,1791575280000.0,,6.887417316436769
2026-10-10T01:45:31+00:00,area_trajectory,milford_haven,,1791575400000.0,,6.7629017829895
2026-10-10T01:45:31+00:00,area_trajectory,milford_haven,,1791575520000.0,,6.7629017829895
2026-10-10T01:45:31+00:00,area_trajectory,milford_haven,,1791575640000.0,,6.7629017829895
2026-10-10T01:45:31+00:00,area_trajectory,milford_haven,,1791575760000.0,,6.7629017829895
2026-10-10T01:45:31+00:00,area_trajectory,milford_haven,,1791575880000.0,,6.626178741455081
2026-10-10T01:45:31+00:00,area_trajectory,milford_haven,,1791576000000.0,,6.504104614257811
2026-10-10T01:45:31+00:00,area_trajectory,milford_haven,,1791576120000.0,,6.504104614257811
2026-10-10T01:45:31+00:00,area_trajectory,milford_haven,,1791576240000.0,,6.41865301132202
2026-10-10T01:45:31+00:00,area_trajectory,milford_haven,,1791576360000.0,,6.2160100936889595
2026-10-10T01:45:31+00:00,area_trajectory,milford_haven,,1791576480000.0,,6.120792388916021
2026-10-10T01:45:31+00:00,area_trajectory,milford_haven,,1791576600000.0,,5.88152694702148
2026-10-10T01:45:31+00:00,area_trajectory,milford_haven,,1791576720000.0,,5.88152694702148
2026-10-10T01:45:31+00:00,area_trajectory,milford_haven,,1791576840000.0,,5.88152694702148
2026-10-10T01:45:31+00:00,area_trajectory,milford_haven,,1791576960000.0,,5.79363393783569
2026-10-10T01:45:31+00:00,area_trajectory,milford_haven,,1791577080000.0,,5.70818185806274
2026-10-10T01:45:31+00:00,area_trajectory,milford_haven,,1791577200000.0,,5.70818185806274
2026-10-10T01:45:31+00:00,area_trajectory,milford_haven,,1791577320000.0,,5.6862087249755895
2026-10-10T01:45:31+00:00,area_trajectory,milford_haven,,1791577440000.0,,5.6862087249755895
2026-10-10T01:45:31+00:00,area_trajectory,milford_haven,,1791577560000.0,,5.7448043823242205
2026-10-10T01:45:31+00:00,area_trajectory,milford_haven,,1791577680000.0,,5.7448043823242205
2026-10-10T01:45:31+00:00,area_trajectory,milford_haven,,1791577800000.0,,5.7448043823242205
2026-10-10T01:45:31+00:00,area_trajectory,milford_haven,,1791577920000.0,,5.7448043823242205
2026-10-10T01:45:31+00:00,area_trajectory,milford_haven,,1791578040000.0,,5.6300544738769505
2026-10-10T01:45:31+00:00,area_trajectory,milford_haven,,1791578160000.0,,5.7228307723999
2026-10-10T01:45:31+00:00,area_trajectory,milford_haven,,1791578280000.0,,5.7228307723999
2026-10-10T01:45:31+00:00,area_trajectory,milford_haven,,1791578400000.0,,5.80339956283569
2026-10-10T01:45:31+00:00,area_trajectory,milford_haven,,1791578520000.0,,5.80339956283569
2026-10-10T01:45:31+00:00,area_trajectory,milford_haven,,1791578640000.0,,5.80339956283569
2026-10-10T01:45:31+00:00,area_trajectory,milford_haven,,1791578760000.0,,5.92547369003296
2026-10-10T01:45:31+00:00,area_trajectory,milford_haven,,1791578880000.0,,5.84490489959717
2026-10-10T01:45:31+00:00,area_trajectory,milford_haven,,1791579000000.0,,5.84490489959717
2026-10-10T01:45:31+00:00,area_trajectory,milford_haven,,1791579120000.0,,5.98895215988159
2026-10-10T01:45:31+00:00,area_trajectory,milford_haven,,1791579240000.0,,5.98895215988159
2026-10-10T01:45:31+00:00,area_trajectory,milford_haven,,1791579360000.0,,5.98895215988159
2026-10-10T01:45:31+00:00,area_trajectory,milford_haven,,1791579480000.0,,5.9010591506958
2026-10-10T01:45:31+00:00,area_trajectory,milford_haven,,1791579600000.0,,5.93279838562012
2026-10-10T01:45:31+00:00,area_trajectory,milford_haven,,1791579720000.0,,5.852229595184331
2026-10-10T01:45:31+00:00,area_trajectory,milford_haven,,1791579840000.0,,5.852229595184331
2026-10-10T01:45:31+00:00,area_trajectory,milford_haven,,1791579960000.0,,5.87664413452148
2026-10-10T01:45:31+00:00,area_trajectory,milford_haven,,1791580080000.0,,5.87664413452148
2026-10-10T01:45:31+00:00,area_trajectory,milford_haven,,1791580200000.0,,5.87664413452148
2026-10-10T01:45:31+00:00,area_trajectory,milford_haven,,1791580320000.0,,5.87664413452148
2026-10-10T01:45:31+00:00,area_trajectory,milford_haven,,1791580440000.0,,5.87664413452148
2026-10-10T01:45:31+00:00,area_trajectory,milford_haven,,1791580560000.0,,5.94744729995728
2026-10-10T01:45:31+00:00,area_trajectory,milford_haven,,1791580680000.0,,5.852229595184331
2026-10-10T01:45:31+00:00,area_trajectory,milford_haven,,1791580800000.0,,5.852229595184331
2026-10-10T01:45:31+00:00,area_trajectory,milford_haven,,1791580920000.0,,5.852229595184331
2026-10-10T01:45:31+00:00,area_trajectory,milford_haven,,1791581040000.0,,5.852229595184331
2026-10-10T01:45:31+00:00,area_trajectory,milford_haven,,1791581160000.0,,5.852229595184331
2026-10-10T01:45:31+00:00,area_trajectory,milford_haven,,1791581280000.0,,5.852229595184331
2026-10-10T01:45:31+00:00,area_trajectory,milford_haven,,1791581400000.0,,5.852229595184331
2026-10-10T01:45:31+00:00,area_trajectory,milford_haven,,1791581520000.0,,5.852229595184331
2026-10-10T01:45:31+00:00,area_trajectory,milford_haven,,1791581640000.0,,5.852229595184331
2026-10-10T01:45:31+00:00,area_trajectory,milford_haven,,1791581760000.0,,5.95721292495728
2026-10-10T01:45:31+00:00,area_trajectory,milford_haven,,1791581880000.0,,5.95721292495728
2026-10-10T01:45:31+00:00,area_trajectory,milford_haven,,1791582000000.0,,5.95721292495728
2026-10-10T01:45:31+00:00,area_trajectory,milford_haven,,1791582120000.0,,5.95721292495728
2026-10-10T01:45:31+00:00,area_trajectory,milford_haven,,1791582240000.0,,5.95721292495728
2026-10-10T01:45:31+00:00,area_trajectory,milford_haven,,1791582360000.0,,5.86199522018433
2026-10-10T01:45:31+00:00,area_trajectory,milford_haven,,1791582480000.0,,5.95477151870728
2026-10-10T01:45:31+00:00,area_trajectory,milford_haven,,1791582600000.0,,5.95477151870728
2026-10-10T01:45:31+00:00,area_trajectory,milford_haven,,1791582720000.0,,5.95477151870728
2026-10-10T01:45:31+00:00,area_trajectory,milford_haven,,1791582840000.0,,5.95477151870728
2026-10-10T01:45:31+00:00,area_trajectory,milford_haven,,1791582960000.0,,5.95477151870728
2026-10-10T01:45:31+00:00,area_trajectory,milford_haven,,1791583080000.0,,5.95477151870728
2026-10-10T01:45:31+00:00,area_trajectory,milford_haven,,1791583200000.0,,5.95477151870728
2026-10-10T01:45:31+00:00,area_trajectory,milford_haven,,1791583320000.0,,5.908383369445799
2026-10-10T01:45:31+00:00,area_trajectory,milford_haven,,1791583440000.0,,5.908383369445799
2026-10-10T01:45:31+00:00,area_trajectory,milford_haven,,1791583560000.0,,5.908383369445799
2026-10-10T01:45:31+00:00,area_trajectory,milford_haven,,1791583680000.0,,5.903500556945801
2026-10-10T01:45:31+00:00,area_trajectory,milford_haven,,1791583800000.0,,5.903500556945801
2026-10-10T01:45:31+00:00,area_trajectory,milford_haven,,1791583920000.0,,5.903500556945801
2026-10-10T01:45:31+00:00,area_trajectory,milford_haven,,1791584040000.0,,5.97674465179443
2026-10-10T01:45:31+00:00,area_trajectory,milford_haven,,1791584160000.0,,5.97674465179443
2026-10-10T01:45:31+00:00,area_trajectory,milford_haven,,1791584280000.0,,5.97918653488159
2026-10-10T01:45:31+00:00,area_trajectory,milford_haven,,1791584400000.0,,5.97918653488159
2026-10-10T01:45:31+00:00,area_trajectory,milford_haven,,1791584520000.0,,5.97918653488159
2026-10-10T01:45:31+00:00,area_trajectory,milford_haven,,1791584640000.0,,5.97918653488159
2026-10-10T01:45:31+00:00,area_trajectory,milford_haven,,1791584760000.0,,5.7838678359985405
2026-10-10T01:45:31+00:00,area_trajectory,milford_haven,,1791584880000.0,,5.7838678359985405
2026-10-10T01:45:31+00:00,area_trajectory,milford_haven,,1791585000000.0,,5.7838678359985405
2026-10-10T01:45:31+00:00,area_trajectory,milford_haven,,1791585120000.0,,5.7838678359985405
2026-10-10T01:45:31+00:00,area_trajectory,milford_haven,,1791585240000.0,,5.6324958801269505
2026-10-10T01:45:31+00:00,area_trajectory,milford_haven,,1791585360000.0,,5.6764426231384295
2026-10-10T01:45:31+00:00,area_trajectory,milford_haven,,1791585480000.0,,5.6764426231384295
2026-10-10T01:45:31+00:00,area_trajectory,milford_haven,,1791585600000.0,,5.6764426231384295
2026-10-10T01:45:31+00:00,area_trajectory,milford_haven,,1791585720000.0,,5.6764426231384295
2026-10-10T01:45:31+00:00,area_trajectory,milford_haven,,1791585840000.0,,5.6764426231384295
2026-10-10T01:45:31+00:00,area_trajectory,milford_haven,,1791585960000.0,,5.6764426231384295
2026-10-10T01:45:31+00:00,area_trajectory,milford_haven,,1791586080000.0,,5.7741022109985405
2026-10-10T01:45:31+00:00,area_trajectory,milford_haven,,1791586200000.0,,5.63737916946411
2026-10-10T01:45:31+00:00,area_trajectory,milford_haven,,1791586320000.0,,5.63737916946411
2026-10-10T01:45:31+00:00,area_trajectory,milford_haven,,1791586440000.0,,5.63737916946411
2026-10-10T01:45:31+00:00,area_trajectory,milford_haven,,1791586560000.0,,5.63737916946411
2026-10-10T01:45:31+00:00,area_trajectory,milford_haven,,1791586680000.0,,5.63737916946411
2026-10-10T01:45:31+00:00,area_trajectory,milford_haven,,1791586800000.0,,5.63737916946411
2026-10-10T01:45:31+00:00,area_trajectory,milford_haven,,1791586920000.0,,5.63737916946411
2026-10-10T01:45:31+00:00,area_trajectory,milford_haven,,1791587040000.0,,5.7252721786499
2026-10-10T01:45:31+00:00,area_trajectory,milford_haven,,1791587160000.0,,5.6031985282898
2026-10-10T01:45:31+00:00,area_trajectory,milford_haven,,1791587280000.0,,5.6031985282898
2026-10-10T01:45:31+00:00,area_trajectory,milford_haven,,1791587400000.0,,5.69841623306274
2026-10-10T01:45:31+00:00,area_trajectory,milford_haven,,1791587520000.0,,5.69841623306274
2026-10-10T01:45:31+00:00,area_trajectory,milford_haven,,1791587640000.0,,5.69841623306274
2026-10-10T01:45:31+00:00,area_trajectory,milford_haven,,1791587760000.0,,5.55192708969116
2026-10-10T01:45:31+00:00,area_trajectory,milford_haven,,1791587880000.0,,5.6837673187255895
2026-10-10T01:45:31+00:00,area_trajectory,milford_haven,,1791588000000.0,,5.525071144104
2026-10-10T01:45:31+00:00,area_trajectory,milford_haven,,1791588120000.0,,5.6471447944641096
2026-10-10T01:45:31+00:00,area_trajectory,milford_haven,,1791588240000.0,,5.6471447944641096
2026-10-10T01:45:31+00:00,area_trajectory,milford_haven,,1791588360000.0,,5.525071144104
2026-10-10T01:45:31+00:00,area_trajectory,milford_haven,,1791588480000.0,,5.59587383270264
2026-10-10T01:45:31+00:00,area_trajectory,milford_haven,,1791588600000.0,,5.48112440109253
2026-10-10T01:45:31+00:00,area_trajectory,milford_haven,,1791588720000.0,,5.48112440109253
2026-10-10T01:45:31+00:00,area_trajectory,milford_haven,,1791588840000.0,,5.48112440109253
2026-10-10T01:45:31+00:00,area_trajectory,milford_haven,,1791588960000.0,,5.48112440109253
2026-10-10T01:45:31+00:00,area_trajectory,milford_haven,,1791589080000.0,,5.49821472167969
2026-10-10T01:45:31+00:00,area_trajectory,milford_haven,,1791589200000.0,,5.49821472167969
2026-10-10T01:45:31+00:00,area_trajectory,milford_haven,,1791589320000.0,,5.49821472167969
2026-10-10T01:45:31+00:00,area_trajectory,milford_haven,,1791589440000.0,,5.49821472167969
2026-10-10T01:45:31+00:00,area_trajectory,milford_haven,,1791589560000.0,,5.55192708969116
2026-10-10T01:45:31+00:00,area_trajectory,milford_haven,,1791589680000.0,,5.59587383270264
2026-10-10T01:45:31+00:00,area_trajectory,milford_haven,,1791589800000.0,,5.59587383270264
2026-10-10T01:45:31+00:00,area_trajectory,milford_haven,,1791589920000.0,,5.59587383270264
2026-10-10T01:45:31+00:00,area_trajectory,milford_haven,,1791590040000.0,,5.50798034667969
2026-10-10T01:45:31+00:00,area_trajectory,milford_haven,,1791590160000.0,,5.49577331542969
2026-10-10T01:45:31+00:00,area_trajectory,milford_haven,,1791590280000.0,,5.49577331542969
2026-10-10T01:45:31+00:00,area_trajectory,milford_haven,,1791590400000.0,,5.49577331542969
2026-10-10T01:45:31+00:00,area_trajectory,milford_haven,,1791590520000.0,,5.49577331542969
2026-10-10T01:45:31+00:00,area_trajectory,milford_haven,,1791590640000.0,,5.4225287437439
2026-10-10T01:45:31+00:00,area_trajectory,milford_haven,,1791590760000.0,,5.4225287437439
2026-10-10T01:45:31+00:00,area_trajectory,milford_haven,,1791590880000.0,,5.4225287437439
2026-10-10T01:45:31+00:00,area_trajectory,milford_haven,,1791591000000.0,,5.4225287437439
2026-10-10T01:45:31+00:00,area_trajectory,milford_haven,,1791591120000.0,,5.4225287437439
2026-10-10T01:45:31+00:00,area_trajectory,milford_haven,,1791591240000.0,,5.40543842315674
2026-10-10T01:45:31+00:00,area_trajectory,milford_haven,,1791591360000.0,,5.43961906433106
2026-10-10T01:45:31+00:00,area_trajectory,milford_haven,,1791591480000.0,,5.50553894042969
2026-10-10T01:45:31+00:00,area_trajectory,milford_haven,,1791591600000.0,,5.50553894042969
2026-10-10T01:45:31+00:00,area_trajectory,milford_haven,,1791591720000.0,,5.40543842315674
2026-10-10T01:45:31+00:00,area_trajectory,milford_haven,,1791591840000.0,,5.45670938491821
2026-10-10T01:45:31+00:00,area_trajectory,milford_haven,,1791591960000.0,,5.45670938491821
2026-10-10T01:45:31+00:00,area_trajectory,milford_haven,,1791592080000.0,,5.45670938491821
2026-10-10T01:45:31+00:00,area_trajectory,milford_haven,,1791592200000.0,,5.45670938491821
2026-10-10T01:45:31+00:00,area_trajectory,milford_haven,,1791592320000.0,,5.45670938491821
2026-10-10T01:45:31+00:00,area_trajectory,milford_haven,,1791592440000.0,,5.45670938491821
2026-10-10T01:45:31+00:00,area_trajectory,milford_haven,,1791592560000.0,,5.39078950881958
2026-10-10T01:45:31+00:00,area_trajectory,milford_haven,,1791592680000.0,,5.39078950881958
2026-10-10T01:45:31+00:00,area_trajectory,milford_haven,,1791592800000.0,,5.39078950881958
2026-10-10T01:45:31+00:00,area_trajectory,milford_haven,,1791592920000.0,,5.51286363601685
2026-10-10T01:45:31+00:00,area_trajectory,milford_haven,,1791593040000.0,,5.51286363601685
2026-10-10T01:45:31+00:00,area_trajectory,milford_haven,,1791593160000.0,,5.51286363601685
2026-10-10T01:45:31+00:00,area_trajectory,milford_haven,,1791593280000.0,,5.51286363601685
2026-10-10T01:45:31+00:00,area_trajectory,milford_haven,,1791593400000.0,,5.51286363601685
2026-10-10T01:45:31+00:00,area_trajectory,milford_haven,,1791593520000.0,,5.51286363601685
2026-10-10T01:45:31+00:00,area_trajectory,milford_haven,,1791593640000.0,,5.32975244522095
2026-10-10T01:45:31+00:00,area_trajectory,milford_haven,,1791593760000.0,,5.32975244522095
2026-10-10T01:45:31+00:00,area_trajectory,milford_haven,,1791593880000.0,,5.4249701499939
2026-10-10T01:45:31+00:00,area_trajectory,milford_haven,,1791594000000.0,,5.4249701499939
2026-10-10T01:45:31+00:00,area_trajectory,milford_haven,,1791594120000.0,,5.4249701499939
2026-10-10T01:45:31+00:00,area_trajectory,milford_haven,,1791594240000.0,,5.461592674255369
2026-10-10T01:45:31+00:00,area_trajectory,milford_haven,,1791594360000.0,,5.461592674255369
2026-10-10T01:45:31+00:00,area_trajectory,milford_haven,,1791594480000.0,,5.461592674255369
2026-10-10T01:45:31+00:00,area_trajectory,milford_haven,,1791594600000.0,,5.4274115562439
2026-10-10T01:45:31+00:00,area_trajectory,milford_haven,,1791594720000.0,,5.4274115562439
2026-10-10T01:45:31+00:00,area_trajectory,milford_haven,,1791594840000.0,,5.43961906433106
2026-10-10T01:45:31+00:00,area_trajectory,milford_haven,,1791594960000.0,,5.43961906433106
2026-10-10T01:45:31+00:00,area_trajectory,milford_haven,,1791595080000.0,,5.43473625183106
2026-10-10T01:45:31+00:00,area_trajectory,milford_haven,,1791595200000.0,,5.43473625183106
2026-10-10T01:45:31+00:00,area_trajectory,milford_haven,,1791595320000.0,,5.43473625183106
2026-10-10T01:45:31+00:00,area_trajectory,milford_haven,,1791595440000.0,,5.51774644851685
2026-10-10T01:45:31+00:00,area_trajectory,milford_haven,,1791595560000.0,,5.51774644851685
2026-10-10T01:45:31+00:00,area_trajectory,milford_haven,,1791595680000.0,,5.4249701499939
2026-10-10T01:45:31+00:00,area_trajectory,milford_haven,,1791595800000.0,,5.44694375991821
2026-10-10T01:45:31+00:00,area_trajectory,milford_haven,,1791595920000.0,,5.44694375991821
2026-10-10T01:45:31+00:00,area_trajectory,milford_haven,,1791596040000.0,,5.47379970550537
2026-10-10T01:45:31+00:00,area_trajectory,milford_haven,,1791596160000.0,,5.47379970550537
2026-10-10T01:45:31+00:00,area_trajectory,milford_haven,,1791596280000.0,,5.47379970550537
2026-10-10T01:45:31+00:00,area_trajectory,milford_haven,,1791596400000.0,,5.47379970550537
2026-10-10T01:45:31+00:00,area_trajectory,milford_haven,,1791596520000.0,,5.47379970550537
2026-10-10T01:45:31+00:00,area_trajectory,milford_haven,,1791596640000.0,,5.47379970550537
2026-10-10T01:45:31+00:00,area_trajectory,milford_haven,,1791596760000.0,,5.44694375991821
2026-10-10T01:45:31+00:00,area_trajectory,milford_haven,,1791596880000.0,,5.44694375991821
2026-10-10T01:45:31+00:00,area_trajectory,milford_haven,,1791597000000.0,,5.44694375991821
2026-10-10T01:45:31+00:00,area_trajectory,milford_haven,,1791597120000.0,,5.44694375991821
2026-10-10T01:45:31+00:00,area_trajectory,milford_haven,,1791597240000.0,,5.44694375991821
2026-10-10T01:45:31+00:00,area_trajectory,milford_haven,,1791597360000.0,,5.44694375991821
2026-10-10T01:45:31+00:00,area_trajectory,milford_haven,,1791597480000.0,,5.44694375991821
2026-10-10T01:45:31+00:00,area_trajectory,milford_haven,,1791597600000.0,,5.44694375991821
2026-10-10T01:45:31+00:00,area_trajectory,milford_haven,,1791597720000.0,,5.44694375991821
2026-10-10T01:45:31+00:00,area_trajectory,milford_haven,,1791597840000.0,,5.44694375991821
2026-10-10T01:45:31+00:00,area_trajectory,milford_haven,,1791597960000.0,,5.44938516616821
2026-10-10T01:45:31+00:00,area_trajectory,milford_haven,,1791598080000.0,,5.44938516616821
2026-10-10T01:45:31+00:00,area_trajectory,milford_haven,,1791598200000.0,,5.51286363601685
2026-10-10T01:45:31+00:00,area_trajectory,milford_haven,,1791598320000.0,,5.51286363601685
2026-10-10T01:45:31+00:00,area_trajectory,milford_haven,,1791598440000.0,,5.51286363601685
2026-10-10T01:45:31+00:00,area_trajectory,milford_haven,,1791598560000.0,,5.51286363601685
2026-10-10T01:45:31+00:00,area_trajectory,milford_haven,,1791598680000.0,,5.45670938491821
2026-10-10T01:45:31+00:00,area_trajectory,milford_haven,,1791598800000.0,,5.45670938491821
2026-10-10T01:45:31+00:00,area_trajectory,milford_haven,,1791598920000.0,,5.46891689300537
2026-10-10T01:45:31+00:00,area_trajectory,milford_haven,,1791599040000.0,,5.46891689300537
2026-10-10T01:45:31+00:00,area_trajectory,milford_haven,,1791599160000.0,,5.46891689300537
2026-10-10T01:45:31+00:00,area_trajectory,milford_haven,,1791599280000.0,,5.46891689300537
2026-10-10T01:45:31+00:00,area_trajectory,milford_haven,,1791599400000.0,,5.44206047058106
2026-10-10T01:45:31+00:00,area_trajectory,milford_haven,,1791599520000.0,,5.43229484558106
2026-10-10T01:45:31+00:00,area_trajectory,milford_haven,,1791599640000.0,,5.43229484558106
2026-10-10T01:45:31+00:00,subterminal_latest,grain,nts1,,02:24,0.00
2026-10-10T01:45:31+00:00,subterminal_latest,grain,nts1,,02:26,0.00
2026-10-10T01:45:31+00:00,subterminal_latest,grain,nts1,,02:28,0.00
2026-10-10T01:45:31+00:00,subterminal_latest,grain,nts1,,02:30,0.00
2026-10-10T01:45:31+00:00,subterminal_latest,grain,nts1,,02:32,0.00
2026-10-10T01:45:31+00:00,subterminal_latest,grain,nts1,,02:34,0.00
2026-10-10T01:45:31+00:00,subterminal_latest,grain,nts2,,02:24,0.00
2026-10-10T01:45:31+00:00,subterminal_latest,grain,nts2,,02:26,0.00
2026-10-10T01:45:31+00:00,subterminal_latest,grain,nts2,,02:28,0.00
2026-10-10T01:45:31+00:00,subterminal_latest,grain,nts2,,02:30,0.00
2026-10-10T01:45:31+00:00,subterminal_latest,grain,nts2,,02:32,0.00
2026-10-10T01:45:31+00:00,subterminal_latest,grain,nts2,,02:34,0.00
2026-10-10T01:45:31+00:00,subterminal_latest,dragon,,,02:24,0.00
2026-10-10T01:45:31+00:00,subterminal_latest,dragon,,,02:26,0.00
2026-10-10T01:45:31+00:00,subterminal_latest,dragon,,,02:28,0.00
2026-10-10T01:45:31+00:00,subterminal_latest,dragon,,,02:30,0.00
2026-10-10T01:45:31+00:00,subterminal_latest,dragon,,,02:32,0.00
2026-10-10T01:45:31+00:00,subterminal_latest,dragon,,,02:34,0.00
2026-10-10T01:45:31+00:00,subterminal_latest,south_hook,,,02:24,5.47
2026-10-10T01:45:31+00:00,subterminal_latest,south_hook,,,02:26,5.47
2026-10-10T01:45:31+00:00,subterminal_latest,south_hook,,,02:28,5.47
2026-10-10T01:45:31+00:00,subterminal_latest,south_hook,,,02:30,5.44
2026-10-10T01:45:31+00:00,subterminal_latest,south_hook,,,02:32,5.43
2026-10-10T01:45:31+00:00,subterminal_latest,south_hook,,,02:34,5.43
