snapshot_utc,series,terminal,sub,epoch_ms,time_label,value_mcm_d
2026-10-09T02:10:37+00:00,area_trajectory,grain,,1791435600000.0,,3.47326318342611
2026-10-09T02:10:37+00:00,area_trajectory,grain,,1791435720000.0,,3.47326318342611
2026-10-09T02:10:37+00:00,area_trajectory,grain,,1791435840000.0,,3.2514426267854897
2026-10-09T02:10:37+00:00,area_trajectory,grain,,1791435960000.0,,3.28670983869955
2026-10-09T02:10:37+00:00,area_trajectory,grain,,1791436080000.0,,3.28670983869955
2026-10-09T02:10:37+00:00,area_trajectory,grain,,1791436200000.0,,3.28670983869955
2026-10-09T02:10:37+00:00,area_trajectory,grain,,1791436320000.0,,3.04577233869955
2026-10-09T02:10:37+00:00,area_trajectory,grain,,1791436440000.0,,3.3288984373323602
2026-10-09T02:10:37+00:00,area_trajectory,grain,,1791436560000.0,,3.3288984373323602
2026-10-09T02:10:37+00:00,area_trajectory,grain,,1791436680000.0,,3.3288984373323602
2026-10-09T02:10:37+00:00,area_trajectory,grain,,1791436800000.0,,3.10575952131674
2026-10-09T02:10:37+00:00,area_trajectory,grain,,1791436920000.0,,3.10575952131674
2026-10-09T02:10:37+00:00,area_trajectory,grain,,1791437040000.0,,3.20727612287924
2026-10-09T02:10:37+00:00,area_trajectory,grain,,1791437160000.0,,3.20727612287924
2026-10-09T02:10:37+00:00,area_trajectory,grain,,1791437280000.0,,3.2488059080354903
2026-10-09T02:10:37+00:00,area_trajectory,grain,,1791437400000.0,,3.2488059080354903
2026-10-09T02:10:37+00:00,area_trajectory,grain,,1791437520000.0,,3.14597058088705
2026-10-09T02:10:37+00:00,area_trajectory,grain,,1791437640000.0,,3.14597058088705
2026-10-09T02:10:37+00:00,area_trajectory,grain,,1791437760000.0,,3.2082648924104897
2026-10-09T02:10:37+00:00,area_trajectory,grain,,1791437880000.0,,3.2082648924104897
2026-10-09T02:10:37+00:00,area_trajectory,grain,,1791438000000.0,,3.22804101545736
2026-10-09T02:10:37+00:00,area_trajectory,grain,,1791438120000.0,,3.22804101545736
2026-10-09T02:10:37+00:00,area_trajectory,grain,,1791438240000.0,,3.1888187254183
2026-10-09T02:10:37+00:00,area_trajectory,grain,,1791438360000.0,,3.1888187254183
2026-10-09T02:10:37+00:00,area_trajectory,grain,,1791438480000.0,,3.2290297849886103
2026-10-09T02:10:37+00:00,area_trajectory,grain,,1791438600000.0,,3.2290297849886103
2026-10-09T02:10:37+00:00,area_trajectory,grain,,1791438720000.0,,3.2290297849886103
2026-10-09T02:10:37+00:00,area_trajectory,grain,,1791438840000.0,,3.2290297849886103
2026-10-09T02:10:37+00:00,area_trajectory,grain,,1791438960000.0,,3.18717077619955
2026-10-09T02:10:37+00:00,area_trajectory,grain,,1791439080000.0,,3.18717077619955
2026-10-09T02:10:37+00:00,area_trajectory,grain,,1791439200000.0,,3.18717077619955
2026-10-09T02:10:37+00:00,area_trajectory,grain,,1791439320000.0,,3.18717077619955
2026-10-09T02:10:37+00:00,area_trajectory,grain,,1791439440000.0,,3.24814672834799
2026-10-09T02:10:37+00:00,area_trajectory,grain,,1791439560000.0,,3.20694653303549
2026-10-09T02:10:37+00:00,area_trajectory,grain,,1791439680000.0,,3.20694653303549
2026-10-09T02:10:37+00:00,area_trajectory,grain,,1791439800000.0,,3.20694653303549
2026-10-09T02:10:37+00:00,area_trajectory,grain,,1791439920000.0,,3.2445208738558
2026-10-09T02:10:37+00:00,area_trajectory,grain,,1791440040000.0,,3.2445208738558
2026-10-09T02:10:37+00:00,area_trajectory,grain,,1791440160000.0,,3.2445208738558
2026-10-09T02:10:37+00:00,area_trajectory,grain,,1791440280000.0,,3.2445208738558
2026-10-09T02:10:37+00:00,area_trajectory,grain,,1791440400000.0,,3.1756347654573602
2026-10-09T02:10:37+00:00,area_trajectory,grain,,1791440520000.0,,3.1756347654573602
2026-10-09T02:10:37+00:00,area_trajectory,grain,,1791440640000.0,,3.23298486311361
2026-10-09T02:10:37+00:00,area_trajectory,grain,,1791440760000.0,,3.23298486311361
2026-10-09T02:10:37+00:00,area_trajectory,grain,,1791440880000.0,,3.2099128416292397
2026-10-09T02:10:37+00:00,area_trajectory,grain,,1791441000000.0,,3.2099128416292397
2026-10-09T02:10:37+00:00,area_trajectory,grain,,1791441120000.0,,3.1868411863558004
2026-10-09T02:10:37+00:00,area_trajectory,grain,,1791441240000.0,,3.1868411863558004
2026-10-09T02:10:37+00:00,area_trajectory,grain,,1791441360000.0,,3.2438616941683
2026-10-09T02:10:37+00:00,area_trajectory,grain,,1791441480000.0,,3.2438616941683
2026-10-09T02:10:37+00:00,area_trajectory,grain,,1791441600000.0,,3.1792602537386103
2026-10-09T02:10:37+00:00,area_trajectory,grain,,1791441720000.0,,3.1792602537386103
2026-10-09T02:10:37+00:00,area_trajectory,grain,,1791441840000.0,,3.1792602537386103
2026-10-09T02:10:37+00:00,area_trajectory,grain,,1791441960000.0,,3.1792602537386103
2026-10-09T02:10:37+00:00,area_trajectory,grain,,1791442080000.0,,3.2240859373323603
2026-10-09T02:10:37+00:00,area_trajectory,grain,,1791442200000.0,,3.2240859373323603
2026-10-09T02:10:37+00:00,area_trajectory,grain,,1791442320000.0,,3.15915454084799
2026-10-09T02:10:37+00:00,area_trajectory,grain,,1791442440000.0,,3.15915454084799
2026-10-09T02:10:37+00:00,area_trajectory,grain,,1791442560000.0,,3.17365686018392
2026-10-09T02:10:37+00:00,area_trajectory,grain,,1791442680000.0,,3.17365686018392
2026-10-09T02:10:37+00:00,area_trajectory,grain,,1791442800000.0,,3.22804101545736
2026-10-09T02:10:37+00:00,area_trajectory,grain,,1791442920000.0,,3.22804101545736
2026-10-09T02:10:37+00:00,area_trajectory,grain,,1791443040000.0,,3.1634395750276703
2026-10-09T02:10:37+00:00,area_trajectory,grain,,1791443160000.0,,3.1634395750276703
2026-10-09T02:10:37+00:00,area_trajectory,grain,,1791443280000.0,,3.23562194807455
2026-10-09T02:10:37+00:00,area_trajectory,grain,,1791443400000.0,,3.23562194807455
2026-10-09T02:10:37+00:00,area_trajectory,grain,,1791443520000.0,,3.22837060530111
2026-10-09T02:10:37+00:00,area_trajectory,grain,,1791443640000.0,,3.22837060530111
2026-10-09T02:10:37+00:00,area_trajectory,grain,,1791443760000.0,,3.1828857420198604
2026-10-09T02:10:37+00:00,area_trajectory,grain,,1791443880000.0,,3.1828857420198604
2026-10-09T02:10:37+00:00,area_trajectory,grain,,1791444000000.0,,3.1828857420198604
2026-10-09T02:10:37+00:00,area_trajectory,grain,,1791444120000.0,,3.1828857420198604
2026-10-09T02:10:37+00:00,area_trajectory,grain,,1791444240000.0,,3.1693721922151696
2026-10-09T02:10:37+00:00,area_trajectory,grain,,1791444360000.0,,3.1693721922151696
2026-10-09T02:10:37+00:00,area_trajectory,grain,,1791444480000.0,,3.18189697248861
2026-10-09T02:10:37+00:00,area_trajectory,grain,,1791444600000.0,,3.18189697248861
2026-10-09T02:10:37+00:00,area_trajectory,grain,,1791444720000.0,,3.21584582502767
2026-10-09T02:10:37+00:00,area_trajectory,grain,,1791444840000.0,,3.21584582502767
2026-10-09T02:10:37+00:00,area_trajectory,grain,,1791444960000.0,,3.17003137190267
2026-10-09T02:10:37+00:00,area_trajectory,grain,,1791445080000.0,,3.17003137190267
2026-10-09T02:10:37+00:00,area_trajectory,grain,,1791445200000.0,,3.2237563474886097
2026-10-09T02:10:37+00:00,area_trajectory,grain,,1791445320000.0,,3.2237563474886097
2026-10-09T02:10:37+00:00,area_trajectory,grain,,1791445440000.0,,3.19639929182455
2026-10-09T02:10:37+00:00,area_trajectory,grain,,1791445560000.0,,3.19639929182455
2026-10-09T02:10:37+00:00,area_trajectory,grain,,1791445680000.0,,3.13476415998861
2026-10-09T02:10:37+00:00,area_trajectory,grain,,1791445800000.0,,3.13476415998861
2026-10-09T02:10:37+00:00,area_trajectory,grain,,1791445920000.0,,3.16739465315267
2026-10-09T02:10:37+00:00,area_trajectory,grain,,1791446040000.0,,3.16739465315267
2026-10-09T02:10:37+00:00,area_trajectory,grain,,1791446160000.0,,3.16739465315267
2026-10-09T02:10:37+00:00,area_trajectory,grain,,1791446280000.0,,3.16739465315267
2026-10-09T02:10:37+00:00,area_trajectory,grain,,1791446400000.0,,3.1769531248323597
2026-10-09T02:10:37+00:00,area_trajectory,grain,,1791446520000.0,,3.1769531248323597
2026-10-09T02:10:37+00:00,area_trajectory,grain,,1791446640000.0,,3.1687130125276703
2026-10-09T02:10:37+00:00,area_trajectory,grain,,1791446760000.0,,3.1687130125276703
2026-10-09T02:10:37+00:00,area_trajectory,grain,,1791446880000.0,,3.1687130125276703
2026-10-09T02:10:37+00:00,area_trajectory,grain,,1791447000000.0,,3.1687130125276703
2026-10-09T02:10:37+00:00,area_trajectory,grain,,1791447120000.0,,3.1687130125276703
2026-10-09T02:10:37+00:00,area_trajectory,grain,,1791447240000.0,,3.1390491941682996
2026-10-09T02:10:37+00:00,area_trajectory,grain,,1791447360000.0,,3.1390491941682996
2026-10-09T02:10:37+00:00,area_trajectory,grain,,1791447480000.0,,3.1390491941682996
2026-10-09T02:10:37+00:00,area_trajectory,grain,,1791447600000.0,,3.1390491941682996
2026-10-09T02:10:37+00:00,area_trajectory,grain,,1791447720000.0,,3.1881595457308
2026-10-09T02:10:37+00:00,area_trajectory,grain,,1791447840000.0,,3.1881595457308
2026-10-09T02:10:37+00:00,area_trajectory,grain,,1791447960000.0,,3.1881595457308
2026-10-09T02:10:37+00:00,area_trajectory,grain,,1791448080000.0,,3.1881595457308
2026-10-09T02:10:37+00:00,area_trajectory,grain,,1791448200000.0,,3.1881595457308
2026-10-09T02:10:37+00:00,area_trajectory,grain,,1791448320000.0,,3.1973880613558
2026-10-09T02:10:37+00:00,area_trajectory,grain,,1791448440000.0,,3.1973880613558
2026-10-09T02:10:37+00:00,area_trajectory,grain,,1791448560000.0,,3.1973880613558
2026-10-09T02:10:37+00:00,area_trajectory,grain,,1791448680000.0,,3.1973880613558
2026-10-09T02:10:37+00:00,area_trajectory,grain,,1791448800000.0,,3.16904260237142
2026-10-09T02:10:37+00:00,area_trajectory,grain,,1791448920000.0,,3.16904260237142
2026-10-09T02:10:37+00:00,area_trajectory,grain,,1791449040000.0,,3.18585205061361
2026-10-09T02:10:37+00:00,area_trajectory,grain,,1791449160000.0,,3.18585205061361
2026-10-09T02:10:37+00:00,area_trajectory,grain,,1791449280000.0,,3.21881213362142
2026-10-09T02:10:37+00:00,area_trajectory,grain,,1791449400000.0,,3.21881213362142
2026-10-09T02:10:37+00:00,area_trajectory,grain,,1791449520000.0,,3.19837719709799
2026-10-09T02:10:37+00:00,area_trajectory,grain,,1791449640000.0,,3.19837719709799
2026-10-09T02:10:37+00:00,area_trajectory,grain,,1791449760000.0,,3.21452746565267
2026-10-09T02:10:37+00:00,area_trajectory,grain,,1791449880000.0,,3.21452746565267
2026-10-09T02:10:37+00:00,area_trajectory,grain,,1791450000000.0,,3.1532219236604897
2026-10-09T02:10:37+00:00,area_trajectory,grain,,1791450120000.0,,3.1532219236604897
2026-10-09T02:10:37+00:00,area_trajectory,grain,,1791450240000.0,,3.20760571272299
2026-10-09T02:10:37+00:00,area_trajectory,grain,,1791450360000.0,,3.18651159651205
2026-10-09T02:10:37+00:00,area_trajectory,grain,,1791450480000.0,,3.18651159651205
2026-10-09T02:10:37+00:00,area_trajectory,grain,,1791450600000.0,,3.18651159651205
2026-10-09T02:10:37+00:00,area_trajectory,grain,,1791450720000.0,,3.20233227522299
2026-10-09T02:10:37+00:00,area_trajectory,grain,,1791450840000.0,,3.20233227522299
2026-10-09T02:10:37+00:00,area_trajectory,grain,,1791450960000.0,,3.21782336409017
2026-10-09T02:10:37+00:00,area_trajectory,grain,,1791451080000.0,,3.21782336409017
2026-10-09T02:10:37+00:00,area_trajectory,grain,,1791451200000.0,,3.15849536116049
2026-10-09T02:10:37+00:00,area_trajectory,grain,,1791451320000.0,,3.15849536116049
2026-10-09T02:10:37+00:00,area_trajectory,grain,,1791451440000.0,,3.2132091062776698
2026-10-09T02:10:37+00:00,area_trajectory,grain,,1791451560000.0,,3.2132091062776698
2026-10-09T02:10:37+00:00,area_trajectory,grain,,1791451680000.0,,3.2296889646761104
2026-10-09T02:10:37+00:00,area_trajectory,grain,,1791451800000.0,,3.2296889646761104
2026-10-09T02:10:37+00:00,area_trajectory,grain,,1791451920000.0,,3.17200891096517
2026-10-09T02:10:37+00:00,area_trajectory,grain,,1791452040000.0,,3.17200891096517
2026-10-09T02:10:37+00:00,area_trajectory,grain,,1791452160000.0,,3.2468283689729898
2026-10-09T02:10:37+00:00,area_trajectory,grain,,1791452280000.0,,3.2468283689729898
2026-10-09T02:10:37+00:00,area_trajectory,grain,,1791452400000.0,,3.22540429670736
2026-10-09T02:10:37+00:00,area_trajectory,grain,,1791452520000.0,,3.22540429670736
2026-10-09T02:10:37+00:00,area_trajectory,grain,,1791452640000.0,,3.18651159651205
2026-10-09T02:10:37+00:00,area_trajectory,grain,,1791452760000.0,,3.18651159651205
2026-10-09T02:10:37+00:00,area_trajectory,grain,,1791452880000.0,,3.22474511701986
2026-10-09T02:10:37+00:00,area_trajectory,grain,,1791453000000.0,,3.22474511701986
2026-10-09T02:10:37+00:00,area_trajectory,grain,,1791453120000.0,,3.27846972639486
2026-10-09T02:10:37+00:00,area_trajectory,grain,,1791453240000.0,,3.27846972639486
2026-10-09T02:10:37+00:00,area_trajectory,grain,,1791453360000.0,,3.16278039534017
2026-10-09T02:10:37+00:00,area_trajectory,grain,,1791453480000.0,,3.16278039534017
2026-10-09T02:10:37+00:00,area_trajectory,grain,,1791453600000.0,,3.19903637678549
2026-10-09T02:10:37+00:00,area_trajectory,grain,,1791453720000.0,,3.21716418440267
2026-10-09T02:10:37+00:00,area_trajectory,grain,,1791453840000.0,,3.21716418440267
2026-10-09T02:10:37+00:00,area_trajectory,grain,,1791453960000.0,,3.21716418440267
2026-10-09T02:10:37+00:00,area_trajectory,grain,,1791454080000.0,,3.17794189436361
2026-10-09T02:10:37+00:00,area_trajectory,grain,,1791454200000.0,,3.17794189436361
2026-10-09T02:10:37+00:00,area_trajectory,grain,,1791454320000.0,,3.17794189436361
2026-10-09T02:10:37+00:00,area_trajectory,grain,,1791454440000.0,,3.17794189436361
2026-10-09T02:10:37+00:00,area_trajectory,grain,,1791454560000.0,,3.21452746565267
2026-10-09T02:10:37+00:00,area_trajectory,grain,,1791454680000.0,,3.21452746565267
2026-10-09T02:10:37+00:00,area_trajectory,grain,,1791454800000.0,,3.17794189436361
2026-10-09T02:10:37+00:00,area_trajectory,grain,,1791454920000.0,,3.17794189436361
2026-10-09T02:10:37+00:00,area_trajectory,grain,,1791455040000.0,,3.23694030744955
2026-10-09T02:10:37+00:00,area_trajectory,grain,,1791455160000.0,,3.23694030744955
2026-10-09T02:10:37+00:00,area_trajectory,grain,,1791455280000.0,,3.2191417234651705
2026-10-09T02:10:37+00:00,area_trajectory,grain,,1791455400000.0,,3.2191417234651705
2026-10-09T02:10:37+00:00,area_trajectory,grain,,1791455520000.0,,3.18090820295736
2026-10-09T02:10:37+00:00,area_trajectory,grain,,1791455640000.0,,3.18090820295736
2026-10-09T02:10:37+00:00,area_trajectory,grain,,1791455760000.0,,3.2570456541292403
2026-10-09T02:10:37+00:00,area_trajectory,grain,,1791455880000.0,,3.2570456541292403
2026-10-09T02:10:37+00:00,area_trajectory,grain,,1791456000000.0,,3.31505529768392
2026-10-09T02:10:37+00:00,area_trajectory,grain,,1791456120000.0,,3.31505529768392
2026-10-09T02:10:37+00:00,area_trajectory,grain,,1791456240000.0,,3.1640987547151704
2026-10-09T02:10:37+00:00,area_trajectory,grain,,1791456360000.0,,3.1640987547151704
2026-10-09T02:10:37+00:00,area_trajectory,grain,,1791456480000.0,,3.2392474363558
2026-10-09T02:10:37+00:00,area_trajectory,grain,,1791456600000.0,,3.2392474363558
2026-10-09T02:10:37+00:00,area_trajectory,grain,,1791456720000.0,,3.2781401365511096
2026-10-09T02:10:37+00:00,area_trajectory,grain,,1791456840000.0,,3.2781401365511096
2026-10-09T02:10:37+00:00,area_trajectory,grain,,1791456960000.0,,3.2016730955354897
2026-10-09T02:10:37+00:00,area_trajectory,grain,,1791457080000.0,,3.2016730955354897
2026-10-09T02:10:37+00:00,area_trajectory,grain,,1791457200000.0,,3.25902355940267
2026-10-09T02:10:37+00:00,area_trajectory,grain,,1791457320000.0,,3.25902355940267
2026-10-09T02:10:37+00:00,area_trajectory,grain,,1791457440000.0,,3.27945849592611
2026-10-09T02:10:37+00:00,area_trajectory,grain,,1791457560000.0,,3.27945849592611
2026-10-09T02:10:37+00:00,area_trajectory,grain,,1791457680000.0,,3.2224379881136103
2026-10-09T02:10:37+00:00,area_trajectory,grain,,1791457800000.0,,3.2224379881136103
2026-10-09T02:10:37+00:00,area_trajectory,grain,,1791457920000.0,,3.3381273191683
2026-10-09T02:10:37+00:00,area_trajectory,grain,,1791458040000.0,,3.3381273191683
2026-10-09T02:10:37+00:00,area_trajectory,grain,,1791458160000.0,,3.22771142561361
2026-10-09T02:10:37+00:00,area_trajectory,grain,,1791458280000.0,,3.22771142561361
2026-10-09T02:10:37+00:00,area_trajectory,grain,,1791458400000.0,,3.2659449461214205
2026-10-09T02:10:37+00:00,area_trajectory,grain,,1791458520000.0,,3.2659449461214205
2026-10-09T02:10:37+00:00,area_trajectory,grain,,1791458640000.0,,3.2844027097933
2026-10-09T02:10:37+00:00,area_trajectory,grain,,1791458760000.0,,3.2844027097933
2026-10-09T02:10:37+00:00,area_trajectory,grain,,1791458880000.0,,3.26627453596517
2026-10-09T02:10:37+00:00,area_trajectory,grain,,1791459000000.0,,3.26627453596517
2026-10-09T02:10:37+00:00,area_trajectory,grain,,1791459120000.0,,3.24913549787924
2026-10-09T02:10:37+00:00,area_trajectory,grain,,1791459240000.0,,3.24913549787924
2026-10-09T02:10:37+00:00,area_trajectory,grain,,1791459360000.0,,3.2880281980745503
2026-10-09T02:10:37+00:00,area_trajectory,grain,,1791459480000.0,,3.2880281980745503
2026-10-09T02:10:37+00:00,area_trajectory,grain,,1791459600000.0,,3.2669337156526703
2026-10-09T02:10:37+00:00,area_trajectory,grain,,1791459720000.0,,3.2669337156526703
2026-10-09T02:10:37+00:00,area_trajectory,grain,,1791459840000.0,,3.3061563719026696
2026-10-09T02:10:37+00:00,area_trajectory,grain,,1791459960000.0,,3.3061563719026696
2026-10-09T02:10:37+00:00,area_trajectory,grain,,1791460080000.0,,3.2303481443636097
2026-10-09T02:10:37+00:00,area_trajectory,grain,,1791460200000.0,,3.2303481443636097
2026-10-09T02:10:37+00:00,area_trajectory,grain,,1791460320000.0,,3.28736901838705
2026-10-09T02:10:37+00:00,area_trajectory,grain,,1791460440000.0,,3.28736901838705
2026-10-09T02:10:37+00:00,area_trajectory,grain,,1791460560000.0,,3.25012426741049
2026-10-09T02:10:37+00:00,area_trajectory,grain,,1791460680000.0,,3.25012426741049
2026-10-09T02:10:37+00:00,area_trajectory,grain,,1791460800000.0,,3.27220751936361
2026-10-09T02:10:37+00:00,area_trajectory,grain,,1791460920000.0,,3.27220751936361
2026-10-09T02:10:37+00:00,area_trajectory,grain,,1791461040000.0,,3.2728666990511104
2026-10-09T02:10:37+00:00,area_trajectory,grain,,1791461160000.0,,3.2728666990511104
2026-10-09T02:10:37+00:00,area_trajectory,grain,,1791461280000.0,,3.2550681150667398
2026-10-09T02:10:37+00:00,area_trajectory,grain,,1791461400000.0,,3.2550681150667398
2026-10-09T02:10:37+00:00,area_trajectory,grain,,1791461520000.0,,3.2755034178011098
2026-10-09T02:10:37+00:00,area_trajectory,grain,,1791461640000.0,,3.2755034178011098
2026-10-09T02:10:37+00:00,area_trajectory,grain,,1791461760000.0,,3.2755034178011098
2026-10-09T02:10:37+00:00,area_trajectory,grain,,1791461880000.0,,3.2755034178011098
2026-10-09T02:10:37+00:00,area_trajectory,grain,,1791462000000.0,,3.29429077131674
2026-10-09T02:10:37+00:00,area_trajectory,grain,,1791462120000.0,,3.29429077131674
2026-10-09T02:10:37+00:00,area_trajectory,grain,,1791462240000.0,,3.27846972639486
2026-10-09T02:10:37+00:00,area_trajectory,grain,,1791462360000.0,,3.27846972639486
2026-10-09T02:10:37+00:00,area_trajectory,grain,,1791462480000.0,,3.2207896726839196
2026-10-09T02:10:37+00:00,area_trajectory,grain,,1791462600000.0,,3.2207896726839196
2026-10-09T02:10:37+00:00,area_trajectory,grain,,1791462720000.0,,3.31604406721517
2026-10-09T02:10:37+00:00,area_trajectory,grain,,1791462840000.0,,3.31604406721517
2026-10-09T02:10:37+00:00,area_trajectory,grain,,1791462960000.0,,3.2586939695589203
2026-10-09T02:10:37+00:00,area_trajectory,grain,,1791463080000.0,,3.2586939695589203
2026-10-09T02:10:37+00:00,area_trajectory,grain,,1791463200000.0,,3.2405657957308
2026-10-09T02:10:37+00:00,area_trajectory,grain,,1791463320000.0,,3.2405657957308
2026-10-09T02:10:37+00:00,area_trajectory,grain,,1791463440000.0,,3.27912890608236
2026-10-09T02:10:37+00:00,area_trajectory,grain,,1791463560000.0,,3.27912890608236
2026-10-09T02:10:37+00:00,area_trajectory,grain,,1791463680000.0,,3.22342675764486
2026-10-09T02:10:37+00:00,area_trajectory,grain,,1791463800000.0,,3.22342675764486
2026-10-09T02:10:37+00:00,area_trajectory,grain,,1791463920000.0,,3.2811064451448604
2026-10-09T02:10:37+00:00,area_trajectory,grain,,1791464040000.0,,3.2811064451448604
2026-10-09T02:10:37+00:00,area_trajectory,grain,,1791464160000.0,,3.2811064451448604
2026-10-09T02:10:37+00:00,area_trajectory,grain,,1791464280000.0,,3.2811064451448604
2026-10-09T02:10:37+00:00,area_trajectory,grain,,1791464400000.0,,3.2811064451448604
2026-10-09T02:10:37+00:00,area_trajectory,grain,,1791464520000.0,,3.2811064451448604
2026-10-09T02:10:37+00:00,area_trajectory,grain,,1791464640000.0,,3.3051672361604902
2026-10-09T02:10:37+00:00,area_trajectory,grain,,1791464760000.0,,3.24979467756674
2026-10-09T02:10:37+00:00,area_trajectory,grain,,1791464880000.0,,3.24979467756674
2026-10-09T02:10:37+00:00,area_trajectory,grain,,1791465000000.0,,3.24979467756674
2026-10-09T02:10:37+00:00,area_trajectory,grain,,1791465120000.0,,3.2708891599886103
2026-10-09T02:10:37+00:00,area_trajectory,grain,,1791465240000.0,,3.2708891599886103
2026-10-09T02:10:37+00:00,area_trajectory,grain,,1791465360000.0,,3.29132409651205
2026-10-09T02:10:37+00:00,area_trajectory,grain,,1791465480000.0,,3.29132409651205
2026-10-09T02:10:37+00:00,area_trajectory,grain,,1791465600000.0,,3.2359515379183
2026-10-09T02:10:37+00:00,area_trajectory,grain,,1791465720000.0,,3.2359515379183
2026-10-09T02:10:37+00:00,area_trajectory,grain,,1791465840000.0,,3.31340734846517
2026-10-09T02:10:37+00:00,area_trajectory,grain,,1791465960000.0,,3.31340734846517
2026-10-09T02:10:37+00:00,area_trajectory,grain,,1791466080000.0,,3.2570456541292403
2026-10-09T02:10:37+00:00,area_trajectory,grain,,1791466200000.0,,3.2570456541292403
2026-10-09T02:10:37+00:00,area_trajectory,grain,,1791466320000.0,,3.2962683103792396
2026-10-09T02:10:37+00:00,area_trajectory,grain,,1791466440000.0,,3.2962683103792396
2026-10-09T02:10:37+00:00,area_trajectory,grain,,1791466560000.0,,3.2787993162386098
2026-10-09T02:10:37+00:00,area_trajectory,grain,,1791466680000.0,,3.2787993162386098
2026-10-09T02:10:37+00:00,area_trajectory,grain,,1791466800000.0,,3.22342675764486
2026-10-09T02:10:37+00:00,area_trajectory,grain,,1791466920000.0,,3.22342675764486
2026-10-09T02:10:37+00:00,area_trajectory,grain,,1791467040000.0,,3.30187133772299
2026-10-09T02:10:37+00:00,area_trajectory,grain,,1791467160000.0,,3.30187133772299
2026-10-09T02:10:37+00:00,area_trajectory,grain,,1791467280000.0,,3.2267226560823596
2026-10-09T02:10:37+00:00,area_trajectory,grain,,1791467400000.0,,3.2267226560823596
2026-10-09T02:10:37+00:00,area_trajectory,grain,,1791467520000.0,,3.26627453596517
2026-10-09T02:10:37+00:00,area_trajectory,grain,,1791467640000.0,,3.3269208982698597
2026-10-09T02:10:37+00:00,area_trajectory,grain,,1791467760000.0,,3.3269208982698597
2026-10-09T02:10:37+00:00,area_trajectory,grain,,1791467880000.0,,3.3269208982698597
2026-10-09T02:10:37+00:00,area_trajectory,grain,,1791468000000.0,,3.25374975569174
2026-10-09T02:10:37+00:00,area_trajectory,grain,,1791468120000.0,,3.25374975569174
2026-10-09T02:10:37+00:00,area_trajectory,grain,,1791468240000.0,,3.2923128660432996
2026-10-09T02:10:37+00:00,area_trajectory,grain,,1791468360000.0,,3.2553977049104903
2026-10-09T02:10:37+00:00,area_trajectory,grain,,1791468480000.0,,3.2553977049104903
2026-10-09T02:10:37+00:00,area_trajectory,grain,,1791468600000.0,,3.2553977049104903
2026-10-09T02:10:37+00:00,area_trajectory,grain,,1791468720000.0,,3.2553977049104903
2026-10-09T02:10:37+00:00,area_trajectory,grain,,1791468840000.0,,3.2553977049104903
2026-10-09T02:10:37+00:00,area_trajectory,grain,,1791468960000.0,,3.3173624265901704
2026-10-09T02:10:37+00:00,area_trajectory,grain,,1791469080000.0,,3.3173624265901704
2026-10-09T02:10:37+00:00,area_trajectory,grain,,1791469200000.0,,3.26100109846517
2026-10-09T02:10:37+00:00,area_trajectory,grain,,1791469320000.0,,3.26100109846517
2026-10-09T02:10:37+00:00,area_trajectory,grain,,1791469440000.0,,3.28209558088705
2026-10-09T02:10:37+00:00,area_trajectory,grain,,1791469560000.0,,3.28209558088705
2026-10-09T02:10:37+00:00,area_trajectory,grain,,1791469680000.0,,3.26660412580892
2026-10-09T02:10:37+00:00,area_trajectory,grain,,1791469800000.0,,3.26660412580892
2026-10-09T02:10:37+00:00,area_trajectory,grain,,1791469920000.0,,3.2488059080354903
2026-10-09T02:10:37+00:00,area_trajectory,grain,,1791470040000.0,,3.2488059080354903
2026-10-09T02:10:37+00:00,area_trajectory,grain,,1791470160000.0,,3.27022998030111
2026-10-09T02:10:37+00:00,area_trajectory,grain,,1791470280000.0,,3.27022998030111
2026-10-09T02:10:37+00:00,area_trajectory,grain,,1791470400000.0,,3.21353869612142
2026-10-09T02:10:37+00:00,area_trajectory,grain,,1791470520000.0,,3.21353869612142
2026-10-09T02:10:37+00:00,area_trajectory,grain,,1791470640000.0,,3.27418505842611
2026-10-09T02:10:37+00:00,area_trajectory,grain,,1791470760000.0,,3.27418505842611
2026-10-09T02:10:37+00:00,area_trajectory,grain,,1791470880000.0,,3.31538488752767
2026-10-09T02:10:37+00:00,area_trajectory,grain,,1791471000000.0,,3.31538488752767
2026-10-09T02:10:37+00:00,area_trajectory,grain,,1791471120000.0,,3.2399066160433
2026-10-09T02:10:37+00:00,area_trajectory,grain,,1791471240000.0,,3.2399066160433
2026-10-09T02:10:37+00:00,area_trajectory,grain,,1791471360000.0,,3.29890502912924
2026-10-09T02:10:37+00:00,area_trajectory,grain,,1791471480000.0,,3.29890502912924
2026-10-09T02:10:37+00:00,area_trajectory,grain,,1791471600000.0,,3.2428729246370502
2026-10-09T02:10:37+00:00,area_trajectory,grain,,1791471720000.0,,3.2428729246370502
2026-10-09T02:10:37+00:00,area_trajectory,grain,,1791471840000.0,,3.3232954099886105
2026-10-09T02:10:37+00:00,area_trajectory,grain,,1791471960000.0,,3.3232954099886105
2026-10-09T02:10:37+00:00,area_trajectory,grain,,1791472080000.0,,3.2488059080354903
2026-10-09T02:10:37+00:00,area_trajectory,grain,,1791472200000.0,,3.2488059080354903
2026-10-09T02:10:37+00:00,area_trajectory,grain,,1791472320000.0,,3.30747473127767
2026-10-09T02:10:37+00:00,area_trajectory,grain,,1791472440000.0,,3.30747473127767
2026-10-09T02:10:37+00:00,area_trajectory,grain,,1791472560000.0,,3.2886873777620496
2026-10-09T02:10:37+00:00,area_trajectory,grain,,1791472680000.0,,3.2886873777620496
2026-10-09T02:10:37+00:00,area_trajectory,grain,,1791472800000.0,,3.2705595701448598
2026-10-09T02:10:37+00:00,area_trajectory,grain,,1791472920000.0,,3.2705595701448598
2026-10-09T02:10:37+00:00,area_trajectory,grain,,1791473040000.0,,3.3097818601839197
2026-10-09T02:10:37+00:00,area_trajectory,grain,,1791473160000.0,,3.3097818601839197
2026-10-09T02:10:37+00:00,area_trajectory,grain,,1791473280000.0,,3.2553977049104903
2026-10-09T02:10:37+00:00,area_trajectory,grain,,1791473400000.0,,3.2553977049104903
2026-10-09T02:10:37+00:00,area_trajectory,grain,,1791473520000.0,,3.31571447737142
2026-10-09T02:10:37+00:00,area_trajectory,grain,,1791473640000.0,,3.31571447737142
2026-10-09T02:10:37+00:00,area_trajectory,grain,,1791473760000.0,,3.3345018308870498
2026-10-09T02:10:37+00:00,area_trajectory,grain,,1791473880000.0,,3.3345018308870498
2026-10-09T02:10:37+00:00,area_trajectory,grain,,1791474000000.0,,3.31769201643392
2026-10-09T02:10:37+00:00,area_trajectory,grain,,1791474120000.0,,3.31769201643392
2026-10-09T02:10:37+00:00,area_trajectory,grain,,1791474240000.0,,3.2982458494417397
2026-10-09T02:10:37+00:00,area_trajectory,grain,,1791474360000.0,,3.2982458494417397
2026-10-09T02:10:37+00:00,area_trajectory,grain,,1791474480000.0,,3.3203291013948597
2026-10-09T02:10:37+00:00,area_trajectory,grain,,1791474600000.0,,3.3203291013948597
2026-10-09T02:10:37+00:00,area_trajectory,grain,,1791474720000.0,,3.3203291013948597
2026-10-09T02:10:37+00:00,area_trajectory,grain,,1791474840000.0,,3.3203291013948597
2026-10-09T02:10:37+00:00,area_trajectory,grain,,1791474960000.0,,3.26495617659017
2026-10-09T02:10:37+00:00,area_trajectory,grain,,1791475080000.0,,3.26495617659017
2026-10-09T02:10:37+00:00,area_trajectory,grain,,1791475200000.0,,3.32461376936361
2026-10-09T02:10:37+00:00,area_trajectory,grain,,1791475320000.0,,3.32461376936361
2026-10-09T02:10:37+00:00,area_trajectory,grain,,1791475440000.0,,3.32461376936361
2026-10-09T02:10:37+00:00,area_trajectory,grain,,1791475560000.0,,3.32461376936361
2026-10-09T02:10:37+00:00,area_trajectory,grain,,1791475680000.0,,3.28473229963705
2026-10-09T02:10:37+00:00,area_trajectory,grain,,1791475800000.0,,3.28473229963705
2026-10-09T02:10:37+00:00,area_trajectory,grain,,1791475920000.0,,3.30351928694174
2026-10-09T02:10:37+00:00,area_trajectory,grain,,1791476040000.0,,3.30351928694174
2026-10-09T02:10:37+00:00,area_trajectory,grain,,1791476160000.0,,3.3605401609651704
2026-10-09T02:10:37+00:00,area_trajectory,grain,,1791476280000.0,,3.3605401609651704
2026-10-09T02:10:37+00:00,area_trajectory,grain,,1791476400000.0,,3.24419128401205
2026-10-09T02:10:37+00:00,area_trajectory,grain,,1791476520000.0,,3.24419128401205
2026-10-09T02:10:37+00:00,area_trajectory,grain,,1791476640000.0,,3.3206586912386102
2026-10-09T02:10:37+00:00,area_trajectory,grain,,1791476760000.0,,3.3206586912386102
2026-10-09T02:10:37+00:00,area_trajectory,grain,,1791476880000.0,,3.2412249754183002
2026-10-09T02:10:37+00:00,area_trajectory,grain,,1791477000000.0,,3.2412249754183002
2026-10-09T02:10:37+00:00,area_trajectory,grain,,1791477120000.0,,3.25902355940267
2026-10-09T02:10:37+00:00,area_trajectory,grain,,1791477240000.0,,3.25902355940267
2026-10-09T02:10:37+00:00,area_trajectory,grain,,1791477360000.0,,3.31538488752767
2026-10-09T02:10:37+00:00,area_trajectory,grain,,1791477480000.0,,3.31538488752767
2026-10-09T02:10:37+00:00,area_trajectory,grain,,1791477600000.0,,3.25473852522299
2026-10-09T02:10:37+00:00,area_trajectory,grain,,1791477720000.0,,3.25473852522299
2026-10-09T02:10:37+00:00,area_trajectory,grain,,1791477840000.0,,3.30945227034017
2026-10-09T02:10:37+00:00,area_trajectory,grain,,1791477960000.0,,3.30945227034017
2026-10-09T02:10:37+00:00,area_trajectory,grain,,1791478080000.0,,3.2837435301058
2026-10-09T02:10:37+00:00,area_trajectory,grain,,1791478200000.0,,3.2837435301058
2026-10-09T02:10:37+00:00,area_trajectory,grain,,1791478320000.0,,3.30055297834799
2026-10-09T02:10:37+00:00,area_trajectory,grain,,1791478440000.0,,3.30055297834799
2026-10-09T02:10:37+00:00,area_trajectory,grain,,1791478560000.0,,3.30055297834799
2026-10-09T02:10:37+00:00,area_trajectory,grain,,1791478680000.0,,3.30055297834799
2026-10-09T02:10:37+00:00,area_trajectory,grain,,1791478800000.0,,3.27912890608236
2026-10-09T02:10:37+00:00,area_trajectory,grain,,1791478920000.0,,3.27912890608236
2026-10-09T02:10:37+00:00,area_trajectory,grain,,1791479040000.0,,3.33516101057455
2026-10-09T02:10:37+00:00,area_trajectory,grain,,1791479160000.0,,3.33516101057455
2026-10-09T02:10:37+00:00,area_trajectory,grain,,1791479280000.0,,3.2346331785433002
2026-10-09T02:10:37+00:00,area_trajectory,grain,,1791479400000.0,,3.2346331785433002
2026-10-09T02:10:37+00:00,area_trajectory,grain,,1791479520000.0,,3.30483764631674
2026-10-09T02:10:37+00:00,area_trajectory,grain,,1791479640000.0,,3.30483764631674
2026-10-09T02:10:37+00:00,area_trajectory,grain,,1791479760000.0,,3.2824251707308
2026-10-09T02:10:37+00:00,area_trajectory,grain,,1791479880000.0,,3.2824251707308
2026-10-09T02:10:37+00:00,area_trajectory,grain,,1791480000000.0,,3.2207896726839196
2026-10-09T02:10:37+00:00,area_trajectory,grain,,1791480120000.0,,3.2207896726839196
2026-10-09T02:10:37+00:00,area_trajectory,grain,,1791480240000.0,,3.3335130613558
2026-10-09T02:10:37+00:00,area_trajectory,grain,,1791480360000.0,,3.3335130613558
2026-10-09T02:10:37+00:00,area_trajectory,grain,,1791480480000.0,,3.2109019773714205
2026-10-09T02:10:37+00:00,area_trajectory,grain,,1791480600000.0,,3.2109019773714205
2026-10-09T02:10:37+00:00,area_trajectory,grain,,1791480720000.0,,3.2478171385042396
2026-10-09T02:10:37+00:00,area_trajectory,grain,,1791480840000.0,,3.2478171385042396
2026-10-09T02:10:37+00:00,area_trajectory,grain,,1791480960000.0,,3.28209558088705
2026-10-09T02:10:37+00:00,area_trajectory,grain,,1791481080000.0,,3.28209558088705
2026-10-09T02:10:37+00:00,area_trajectory,grain,,1791481200000.0,,3.2395770261995502
2026-10-09T02:10:37+00:00,area_trajectory,grain,,1791481320000.0,,3.2395770261995502
2026-10-09T02:10:37+00:00,area_trajectory,grain,,1791481440000.0,,3.3127481687776705
2026-10-09T02:10:37+00:00,area_trajectory,grain,,1791481560000.0,,3.3127481687776705
2026-10-09T02:10:37+00:00,area_trajectory,grain,,1791481680000.0,,3.25111303694174
2026-10-09T02:10:37+00:00,area_trajectory,grain,,1791481800000.0,,3.25111303694174
2026-10-09T02:10:37+00:00,area_trajectory,grain,,1791481920000.0,,3.2837435301058
2026-10-09T02:10:37+00:00,area_trajectory,grain,,1791482040000.0,,3.2837435301058
2026-10-09T02:10:37+00:00,area_trajectory,grain,,1791482160000.0,,3.31868115217611
2026-10-09T02:10:37+00:00,area_trajectory,grain,,1791482280000.0,,3.31868115217611
2026-10-09T02:10:37+00:00,area_trajectory,grain,,1791482400000.0,,3.27781054670736
2026-10-09T02:10:37+00:00,area_trajectory,grain,,1791482520000.0,,3.27781054670736
2026-10-09T02:10:37+00:00,area_trajectory,grain,,1791482640000.0,,3.31307775862142
2026-10-09T02:10:37+00:00,area_trajectory,grain,,1791482760000.0,,3.31307775862142
2026-10-09T02:10:37+00:00,area_trajectory,grain,,1791482880000.0,,3.3269208982698597
2026-10-09T02:10:37+00:00,area_trajectory,grain,,1791483000000.0,,3.3269208982698597
2026-10-09T02:10:37+00:00,area_trajectory,grain,,1791483120000.0,,3.3028601072542396
2026-10-09T02:10:37+00:00,area_trajectory,grain,,1791483240000.0,,3.3028601072542396
2026-10-09T02:10:37+00:00,area_trajectory,grain,,1791483360000.0,,3.3028601072542396
2026-10-09T02:10:37+00:00,area_trajectory,grain,,1791483480000.0,,3.3028601072542396
2026-10-09T02:10:37+00:00,area_trajectory,grain,,1791483600000.0,,3.2550681150667398
2026-10-09T02:10:37+00:00,area_trajectory,grain,,1791483720000.0,,3.2550681150667398
2026-10-09T02:10:37+00:00,area_trajectory,grain,,1791483840000.0,,3.3226362303011103
2026-10-09T02:10:37+00:00,area_trajectory,grain,,1791483960000.0,,3.3226362303011103
2026-10-09T02:10:37+00:00,area_trajectory,grain,,1791484080000.0,,3.26001232893392
2026-10-09T02:10:37+00:00,area_trajectory,grain,,1791484200000.0,,3.26001232893392
2026-10-09T02:10:37+00:00,area_trajectory,grain,,1791484320000.0,,3.3097818601839197
2026-10-09T02:10:37+00:00,area_trajectory,grain,,1791484440000.0,,3.3097818601839197
2026-10-09T02:10:37+00:00,area_trajectory,grain,,1791484560000.0,,3.26726330549642
2026-10-09T02:10:37+00:00,area_trajectory,grain,,1791484680000.0,,3.26726330549642
2026-10-09T02:10:37+00:00,area_trajectory,grain,,1791484800000.0,,3.22507470686361
2026-10-09T02:10:37+00:00,area_trajectory,grain,,1791484920000.0,,3.22507470686361
2026-10-09T02:10:37+00:00,area_trajectory,grain,,1791485040000.0,,3.3137369383089204
2026-10-09T02:10:37+00:00,area_trajectory,grain,,1791485160000.0,,3.3137369383089204
2026-10-09T02:10:37+00:00,area_trajectory,grain,,1791485280000.0,,3.2514426267854897
2026-10-09T02:10:37+00:00,area_trajectory,grain,,1791485400000.0,,3.2514426267854897
2026-10-09T02:10:37+00:00,area_trajectory,grain,,1791485520000.0,,3.30253051741049
2026-10-09T02:10:37+00:00,area_trajectory,grain,,1791485640000.0,,3.30253051741049
2026-10-09T02:10:37+00:00,area_trajectory,grain,,1791485760000.0,,3.31472570784017
2026-10-09T02:10:37+00:00,area_trajectory,grain,,1791485880000.0,,3.31472570784017
2026-10-09T02:10:37+00:00,area_trajectory,grain,,1791486000000.0,,3.27253710920736
2026-10-09T02:10:37+00:00,area_trajectory,grain,,1791486120000.0,,3.27253710920736
2026-10-09T02:10:37+00:00,area_trajectory,grain,,1791486240000.0,,3.27253710920736
2026-10-09T02:10:37+00:00,area_trajectory,grain,,1791486360000.0,,3.27253710920736
2026-10-09T02:10:37+00:00,area_trajectory,grain,,1791486480000.0,,3.3002233885042402
2026-10-09T02:10:37+00:00,area_trajectory,grain,,1791486600000.0,,3.3002233885042402
2026-10-09T02:10:37+00:00,area_trajectory,grain,,1791486720000.0,,3.2230971678011096
2026-10-09T02:10:37+00:00,area_trajectory,grain,,1791486840000.0,,3.2230971678011096
2026-10-09T02:10:37+00:00,area_trajectory,grain,,1791486960000.0,,3.29659790022299
2026-10-09T02:10:37+00:00,area_trajectory,grain,,1791487080000.0,,3.29659790022299
2026-10-09T02:10:37+00:00,area_trajectory,grain,,1791487200000.0,,3.1980476072542396
2026-10-09T02:10:37+00:00,area_trajectory,grain,,1791487320000.0,,3.1980476072542396
2026-10-09T02:10:37+00:00,area_trajectory,grain,,1791487440000.0,,3.32395458967611
2026-10-09T02:10:37+00:00,area_trajectory,grain,,1791487560000.0,,3.32395458967611
2026-10-09T02:10:37+00:00,area_trajectory,grain,,1791487680000.0,,3.30088256819174
2026-10-09T02:10:37+00:00,area_trajectory,grain,,1791487800000.0,,3.30088256819174
2026-10-09T02:10:37+00:00,area_trajectory,grain,,1791487920000.0,,3.2432025144808
2026-10-09T02:10:37+00:00,area_trajectory,grain,,1791488040000.0,,3.2432025144808
2026-10-09T02:10:37+00:00,area_trajectory,grain,,1791488160000.0,,3.2936312254183
2026-10-09T02:10:37+00:00,area_trajectory,grain,,1791488280000.0,,3.2936312254183
2026-10-09T02:10:37+00:00,area_trajectory,grain,,1791488400000.0,,3.23496276838705
2026-10-09T02:10:37+00:00,area_trajectory,grain,,1791488520000.0,,3.23496276838705
2026-10-09T02:10:37+00:00,area_trajectory,grain,,1791488640000.0,,3.2118907469026703
2026-10-09T02:10:37+00:00,area_trajectory,grain,,1791488760000.0,,3.2118907469026703
2026-10-09T02:10:37+00:00,area_trajectory,grain,,1791488880000.0,,3.2830843504183
2026-10-09T02:10:37+00:00,area_trajectory,grain,,1791489000000.0,,3.2830843504183
2026-10-09T02:10:37+00:00,area_trajectory,grain,,1791489120000.0,,3.2402362058870504
2026-10-09T02:10:37+00:00,area_trajectory,grain,,1791489240000.0,,3.2402362058870504
2026-10-09T02:10:37+00:00,area_trajectory,grain,,1791489360000.0,,3.2553977049104903
2026-10-09T02:10:37+00:00,area_trajectory,grain,,1791489480000.0,,3.2553977049104903
2026-10-09T02:10:37+00:00,area_trajectory,grain,,1791489600000.0,,3.30714514143392
2026-10-09T02:10:37+00:00,area_trajectory,grain,,1791489720000.0,,3.30714514143392
2026-10-09T02:10:37+00:00,area_trajectory,grain,,1791489840000.0,,3.21386828596517
2026-10-09T02:10:37+00:00,area_trajectory,grain,,1791489960000.0,,3.21386828596517
2026-10-09T02:10:37+00:00,area_trajectory,grain,,1791490080000.0,,3.30121215803549
2026-10-09T02:10:37+00:00,area_trajectory,grain,,1791490200000.0,,3.30121215803549
2026-10-09T02:10:37+00:00,area_trajectory,grain,,1791490320000.0,,3.1894779051057998
2026-10-09T02:10:37+00:00,area_trajectory,grain,,1791490440000.0,,3.1894779051057998
2026-10-09T02:10:37+00:00,area_trajectory,grain,,1791490560000.0,,3.27616259748861
2026-10-09T02:10:37+00:00,area_trajectory,grain,,1791490680000.0,,3.27616259748861
2026-10-09T02:10:37+00:00,area_trajectory,grain,,1791490800000.0,,3.30879309065267
2026-10-09T02:10:37+00:00,area_trajectory,grain,,1791490920000.0,,3.30879309065267
2026-10-09T02:10:37+00:00,area_trajectory,grain,,1791491040000.0,,3.23562194807455
2026-10-09T02:10:37+00:00,area_trajectory,grain,,1791491160000.0,,3.23562194807455
2026-10-09T02:10:37+00:00,area_trajectory,grain,,1791491280000.0,,3.2857210691682996
2026-10-09T02:10:37+00:00,area_trajectory,grain,,1791491400000.0,,3.2857210691682996
2026-10-09T02:10:37+00:00,area_trajectory,grain,,1791491520000.0,,3.30088256819174
2026-10-09T02:10:37+00:00,area_trajectory,grain,,1791491640000.0,,3.30088256819174
2026-10-09T02:10:37+00:00,area_trajectory,grain,,1791491760000.0,,3.2260634763948604
2026-10-09T02:10:37+00:00,area_trajectory,grain,,1791491880000.0,,3.2260634763948604
2026-10-09T02:10:37+00:00,area_trajectory,grain,,1791492000000.0,,3.2946203611604896
2026-10-09T02:10:37+00:00,area_trajectory,grain,,1791492120000.0,,3.2946203611604896
2026-10-09T02:10:37+00:00,area_trajectory,grain,,1791492240000.0,,3.25803478987142
2026-10-09T02:10:37+00:00,area_trajectory,grain,,1791492360000.0,,3.25803478987142
2026-10-09T02:10:37+00:00,area_trajectory,grain,,1791492480000.0,,3.25803478987142
2026-10-09T02:10:37+00:00,area_trajectory,grain,,1791492600000.0,,3.25803478987142
2026-10-09T02:10:37+00:00,area_trajectory,grain,,1791492720000.0,,3.30681555159017
2026-10-09T02:10:37+00:00,area_trajectory,grain,,1791492840000.0,,3.30681555159017
2026-10-09T02:10:37+00:00,area_trajectory,grain,,1791492960000.0,,3.2870394285433004
2026-10-09T02:10:37+00:00,area_trajectory,grain,,1791493080000.0,,3.2870394285433004
2026-10-09T02:10:37+00:00,area_trajectory,grain,,1791493200000.0,,3.2870394285433004
2026-10-09T02:10:37+00:00,area_trajectory,grain,,1791493320000.0,,3.2870394285433004
2026-10-09T02:10:37+00:00,area_trajectory,grain,,1791493440000.0,,3.30154174787924
2026-10-09T02:10:37+00:00,area_trajectory,grain,,1791493560000.0,,3.30154174787924
2026-10-09T02:10:37+00:00,area_trajectory,grain,,1791493680000.0,,3.21123156721517
2026-10-09T02:10:37+00:00,area_trajectory,grain,,1791493800000.0,,3.21123156721517
2026-10-09T02:10:37+00:00,area_trajectory,grain,,1791493920000.0,,3.30055297834799
2026-10-09T02:10:37+00:00,area_trajectory,grain,,1791494040000.0,,3.30055297834799
2026-10-09T02:10:37+00:00,area_trajectory,grain,,1791494160000.0,,3.30055297834799
2026-10-09T02:10:37+00:00,area_trajectory,grain,,1791494280000.0,,3.30055297834799
2026-10-09T02:10:37+00:00,area_trajectory,grain,,1791494400000.0,,3.22474511701986
2026-10-09T02:10:37+00:00,area_trajectory,grain,,1791494520000.0,,3.22474511701986
2026-10-09T02:10:37+00:00,area_trajectory,grain,,1791494640000.0,,3.29659790022299
2026-10-09T02:10:37+00:00,area_trajectory,grain,,1791494760000.0,,3.29659790022299
2026-10-09T02:10:37+00:00,area_trajectory,grain,,1791494880000.0,,3.2408953855745497
2026-10-09T02:10:37+00:00,area_trajectory,grain,,1791495000000.0,,3.2408953855745497
2026-10-09T02:10:37+00:00,area_trajectory,grain,,1791495120000.0,,3.2771513670198598
2026-10-09T02:10:37+00:00,area_trajectory,grain,,1791495240000.0,,3.2771513670198598
2026-10-09T02:10:37+00:00,area_trajectory,grain,,1791495360000.0,,3.29494995100424
2026-10-09T02:10:37+00:00,area_trajectory,grain,,1791495480000.0,,3.29494995100424
2026-10-09T02:10:37+00:00,area_trajectory,grain,,1791495600000.0,,3.2405657957308
2026-10-09T02:10:37+00:00,area_trajectory,grain,,1791495720000.0,,3.2405657957308
2026-10-09T02:10:37+00:00,area_trajectory,grain,,1791495840000.0,,3.2405657957308
2026-10-09T02:10:37+00:00,area_trajectory,grain,,1791495960000.0,,3.2405657957308
2026-10-09T02:10:37+00:00,area_trajectory,grain,,1791496080000.0,,3.3120889890901704
2026-10-09T02:10:37+00:00,area_trajectory,grain,,1791496200000.0,,3.3120889890901704
2026-10-09T02:10:37+00:00,area_trajectory,grain,,1791496320000.0,,3.25836437971517
2026-10-09T02:10:37+00:00,area_trajectory,grain,,1791496440000.0,,3.25836437971517
2026-10-09T02:10:37+00:00,area_trajectory,grain,,1791496560000.0,,3.2425433347932997
2026-10-09T02:10:37+00:00,area_trajectory,grain,,1791496680000.0,,3.2425433347932997
2026-10-09T02:10:37+00:00,area_trajectory,grain,,1791496800000.0,,3.2962683103792396
2026-10-09T02:10:37+00:00,area_trajectory,grain,,1791496920000.0,,3.2962683103792396
2026-10-09T02:10:37+00:00,area_trajectory,grain,,1791497040000.0,,3.22474511701986
2026-10-09T02:10:37+00:00,area_trajectory,grain,,1791497160000.0,,3.22474511701986
2026-10-09T02:10:37+00:00,area_trajectory,grain,,1791497280000.0,,3.26034191877767
2026-10-09T02:10:37+00:00,area_trajectory,grain,,1791497400000.0,,3.26034191877767
2026-10-09T02:10:37+00:00,area_trajectory,grain,,1791497520000.0,,3.3143961179964196
2026-10-09T02:10:37+00:00,area_trajectory,grain,,1791497640000.0,,3.3143961179964196
2026-10-09T02:10:37+00:00,area_trajectory,grain,,1791497760000.0,,3.22342675764486
2026-10-09T02:10:37+00:00,area_trajectory,grain,,1791497880000.0,,3.22342675764486
2026-10-09T02:10:37+00:00,area_trajectory,grain,,1791498000000.0,,3.2062873533479896
2026-10-09T02:10:37+00:00,area_trajectory,grain,,1791498120000.0,,3.2062873533479896
2026-10-09T02:10:37+00:00,area_trajectory,grain,,1791498240000.0,,3.22837060530111
2026-10-09T02:10:37+00:00,area_trajectory,grain,,1791498360000.0,,3.22837060530111
2026-10-09T02:10:37+00:00,area_trajectory,grain,,1791498480000.0,,3.2633082273714202
2026-10-09T02:10:37+00:00,area_trajectory,grain,,1791498600000.0,,3.2633082273714202
2026-10-09T02:10:37+00:00,area_trajectory,grain,,1791498720000.0,,3.17497558576986
2026-10-09T02:10:37+00:00,area_trajectory,grain,,1791498840000.0,,3.17497558576986
2026-10-09T02:10:37+00:00,area_trajectory,grain,,1791498960000.0,,3.24946508772299
2026-10-09T02:10:37+00:00,area_trajectory,grain,,1791499080000.0,,3.24946508772299
2026-10-09T02:10:37+00:00,area_trajectory,grain,,1791499200000.0,,3.24946508772299
2026-10-09T02:10:37+00:00,area_trajectory,grain,,1791499320000.0,,3.24946508772299
2026-10-09T02:10:37+00:00,area_trajectory,grain,,1791499440000.0,,3.1449818113558
2026-10-09T02:10:37+00:00,area_trajectory,grain,,1791499560000.0,,3.1449818113558
2026-10-09T02:10:37+00:00,area_trajectory,grain,,1791499680000.0,,3.22111926252767
2026-10-09T02:10:37+00:00,area_trajectory,grain,,1791499800000.0,,3.22111926252767
2026-10-09T02:10:37+00:00,area_trajectory,grain,,1791499920000.0,,3.2392474363558
2026-10-09T02:10:37+00:00,area_trajectory,grain,,1791500040000.0,,3.2392474363558
2026-10-09T02:10:37+00:00,area_trajectory,grain,,1791500160000.0,,3.18782995588705
2026-10-09T02:10:37+00:00,area_trajectory,grain,,1791500280000.0,,3.18782995588705
2026-10-09T02:10:37+00:00,area_trajectory,grain,,1791500400000.0,,3.26396740705892
2026-10-09T02:10:37+00:00,area_trajectory,grain,,1791500520000.0,,3.26396740705892
2026-10-09T02:10:37+00:00,area_trajectory,grain,,1791500640000.0,,3.30384887678549
2026-10-09T02:10:37+00:00,area_trajectory,grain,,1791500760000.0,,3.30384887678549
2026-10-09T02:10:37+00:00,area_trajectory,grain,,1791500880000.0,,3.1973880613558
2026-10-09T02:10:37+00:00,area_trajectory,grain,,1791501000000.0,,3.1973880613558
2026-10-09T02:10:37+00:00,area_trajectory,grain,,1791501120000.0,,3.18420410139486
2026-10-09T02:10:37+00:00,area_trajectory,grain,,1791501240000.0,,3.18420410139486
2026-10-09T02:10:37+00:00,area_trajectory,grain,,1791501360000.0,,3.26001232893392
2026-10-09T02:10:37+00:00,area_trajectory,grain,,1791501480000.0,,3.26001232893392
2026-10-09T02:10:37+00:00,area_trajectory,grain,,1791501600000.0,,3.1914554441683003
2026-10-09T02:10:37+00:00,area_trajectory,grain,,1791501720000.0,,3.1914554441683003
2026-10-09T02:10:37+00:00,area_trajectory,grain,,1791501840000.0,,3.21353869612142
2026-10-09T02:10:37+00:00,area_trajectory,grain,,1791501960000.0,,3.21353869612142
2026-10-09T02:10:37+00:00,area_trajectory,grain,,1791502080000.0,,3.23562194807455
2026-10-09T02:10:37+00:00,area_trajectory,grain,,1791502200000.0,,3.23562194807455
2026-10-09T02:10:37+00:00,area_trajectory,grain,,1791502320000.0,,3.18321533186361
2026-10-09T02:10:37+00:00,area_trajectory,grain,,1791502440000.0,,3.18321533186361
2026-10-09T02:10:37+00:00,area_trajectory,grain,,1791502560000.0,,3.2425433347932997
2026-10-09T02:10:37+00:00,area_trajectory,grain,,1791502680000.0,,3.2425433347932997
2026-10-09T02:10:37+00:00,area_trajectory,grain,,1791502800000.0,,3.26462658674642
2026-10-09T02:10:37+00:00,area_trajectory,grain,,1791502920000.0,,3.26462658674642
2026-10-09T02:10:37+00:00,area_trajectory,grain,,1791503040000.0,,3.1769531248323597
2026-10-09T02:10:37+00:00,area_trajectory,grain,,1791503160000.0,,3.1769531248323597
2026-10-09T02:10:37+00:00,area_trajectory,grain,,1791503280000.0,,3.27319628889486
2026-10-09T02:10:37+00:00,area_trajectory,grain,,1791503400000.0,,3.27319628889486
2026-10-09T02:10:37+00:00,area_trajectory,grain,,1791503520000.0,,3.2586939695589203
2026-10-09T02:10:37+00:00,area_trajectory,grain,,1791503640000.0,,3.2586939695589203
2026-10-09T02:10:37+00:00,area_trajectory,grain,,1791503760000.0,,3.2586939695589203
2026-10-09T02:10:37+00:00,area_trajectory,grain,,1791503880000.0,,3.2586939695589203
2026-10-09T02:10:37+00:00,area_trajectory,grain,,1791504000000.0,,3.1733272703401703
2026-10-09T02:10:37+00:00,area_trajectory,grain,,1791504120000.0,,3.1733272703401703
2026-10-09T02:10:37+00:00,area_trajectory,grain,,1791504240000.0,,3.21057238752767
2026-10-09T02:10:37+00:00,area_trajectory,grain,,1791504360000.0,,3.21057238752767
2026-10-09T02:10:37+00:00,area_trajectory,grain,,1791504480000.0,,3.15849536116049
2026-10-09T02:10:37+00:00,area_trajectory,grain,,1791504600000.0,,3.2003547361604903
2026-10-09T02:10:37+00:00,area_trajectory,grain,,1791504720000.0,,3.2003547361604903
2026-10-09T02:10:37+00:00,area_trajectory,grain,,1791504840000.0,,3.2003547361604903
2026-10-09T02:10:37+00:00,area_trajectory,grain,,1791504960000.0,,3.26001232893392
2026-10-09T02:10:37+00:00,area_trajectory,grain,,1791505080000.0,,3.11465881330892
2026-10-09T02:10:37+00:00,area_trajectory,grain,,1791505200000.0,,3.11465881330892
2026-10-09T02:10:37+00:00,area_trajectory,grain,,1791505320000.0,,3.1571770017854903
2026-10-09T02:10:37+00:00,area_trajectory,grain,,1791505440000.0,,3.1571770017854903
2026-10-09T02:10:37+00:00,area_trajectory,grain,,1791505560000.0,,3.18024902326986
2026-10-09T02:10:37+00:00,area_trajectory,grain,,1791505680000.0,,3.18024902326986
2026-10-09T02:10:37+00:00,area_trajectory,grain,,1791505800000.0,,3.18024902326986
2026-10-09T02:10:37+00:00,area_trajectory,grain,,1791505920000.0,,3.18024902326986
2026-10-09T02:10:37+00:00,area_trajectory,grain,,1791506040000.0,,3.1166363523714202
2026-10-09T02:10:37+00:00,area_trajectory,grain,,1791506160000.0,,3.1166363523714202
2026-10-09T02:10:37+00:00,area_trajectory,grain,,1791506280000.0,,3.1166363523714202
2026-10-09T02:10:37+00:00,area_trajectory,grain,,1791506400000.0,,3.16047290022299
2026-10-09T02:10:37+00:00,area_trajectory,grain,,1791506520000.0,,3.16047290022299
2026-10-09T02:10:37+00:00,area_trajectory,grain,,1791506640000.0,,3.16047290022299
2026-10-09T02:10:37+00:00,area_trajectory,grain,,1791506760000.0,,3.16047290022299
2026-10-09T02:10:37+00:00,area_trajectory,grain,,1791506880000.0,,3.18486328108236
2026-10-09T02:10:37+00:00,area_trajectory,grain,,1791507000000.0,,3.05401226789877
2026-10-09T02:10:37+00:00,area_trajectory,grain,,1791507120000.0,,3.05401226789877
2026-10-09T02:10:37+00:00,area_trajectory,grain,,1791507240000.0,,3.05401226789877
2026-10-09T02:10:37+00:00,area_trajectory,grain,,1791507360000.0,,3.1505852049104903
2026-10-09T02:10:37+00:00,area_trajectory,grain,,1791507480000.0,,3.0968602293245504
2026-10-09T02:10:37+00:00,area_trajectory,grain,,1791507600000.0,,3.0968602293245504
2026-10-09T02:10:37+00:00,area_trajectory,grain,,1791507720000.0,,3.0968602293245504
2026-10-09T02:10:37+00:00,area_trajectory,grain,,1791507840000.0,,3.0447833860628304
2026-10-09T02:10:37+00:00,area_trajectory,grain,,1791507960000.0,,3.06785540754721
2026-10-09T02:10:37+00:00,area_trajectory,grain,,1791508080000.0,,3.06785540754721
2026-10-09T02:10:37+00:00,area_trajectory,grain,,1791508200000.0,,3.06785540754721
2026-10-09T02:10:37+00:00,area_trajectory,grain,,1791508320000.0,,3.11070336897299
2026-10-09T02:10:37+00:00,area_trajectory,grain,,1791508440000.0,,3.0190746458284603
2026-10-09T02:10:37+00:00,area_trajectory,grain,,1791508560000.0,,3.0190746458284603
2026-10-09T02:10:37+00:00,area_trajectory,grain,,1791508680000.0,,3.0190746458284603
2026-10-09T02:10:37+00:00,area_trajectory,grain,,1791508800000.0,,3.10015612776205
2026-10-09T02:10:37+00:00,area_trajectory,grain,,1791508920000.0,,3.1219097898714203
2026-10-09T02:10:37+00:00,area_trajectory,grain,,1791509040000.0,,3.1219097898714203
2026-10-09T02:10:37+00:00,area_trajectory,grain,,1791509160000.0,,3.1219097898714203
2026-10-09T02:10:37+00:00,area_trajectory,grain,,1791509280000.0,,3.0688441770784602
2026-10-09T02:10:37+00:00,area_trajectory,grain,,1791509400000.0,,3.0543418577425205
2026-10-09T02:10:37+00:00,area_trajectory,grain,,1791509520000.0,,3.0543418577425205
2026-10-09T02:10:37+00:00,area_trajectory,grain,,1791509640000.0,,3.0543418577425205
2026-10-09T02:10:37+00:00,area_trajectory,grain,,1791509760000.0,,3.07840283186361
2026-10-09T02:10:37+00:00,area_trajectory,grain,,1791509880000.0,,3.1571770017854903
2026-10-09T02:10:37+00:00,area_trajectory,grain,,1791510000000.0,,3.1571770017854903
2026-10-09T02:10:37+00:00,area_trajectory,grain,,1791510120000.0,,3.1571770017854903
2026-10-09T02:10:37+00:00,area_trajectory,grain,,1791510240000.0,,3.02863311750814
2026-10-09T02:10:37+00:00,area_trajectory,grain,,1791510360000.0,,3.1285019529573597
2026-10-09T02:10:37+00:00,area_trajectory,grain,,1791510480000.0,,3.1285019529573597
2026-10-09T02:10:37+00:00,area_trajectory,grain,,1791510600000.0,,3.1285019529573597
2026-10-09T02:10:37+00:00,area_trajectory,grain,,1791510720000.0,,3.11564758284017
2026-10-09T02:10:37+00:00,area_trajectory,grain,,1791510840000.0,,3.06554827864096
2026-10-09T02:10:37+00:00,area_trajectory,grain,,1791510960000.0,,3.06554827864096
2026-10-09T02:10:37+00:00,area_trajectory,grain,,1791511080000.0,,3.06554827864096
2026-10-09T02:10:37+00:00,area_trajectory,grain,,1791511200000.0,,2.97326037580892
2026-10-09T02:10:37+00:00,area_trajectory,grain,,1791511320000.0,,2.97326037580892
2026-10-09T02:10:37+00:00,area_trajectory,grain,,1791511440000.0,,2.9353562620393903
2026-10-09T02:10:37+00:00,area_trajectory,grain,,1791511560000.0,,2.9353562620393903
2026-10-09T02:10:37+00:00,area_trajectory,grain,,1791511680000.0,,2.96106518537924
2026-10-09T02:10:37+00:00,area_trajectory,grain,,1791511800000.0,,2.9491995847933
2026-10-09T02:10:37+00:00,area_trajectory,grain,,1791511920000.0,,2.9491995847933
2026-10-09T02:10:37+00:00,area_trajectory,grain,,1791512040000.0,,2.9491995847933
2026-10-09T02:10:37+00:00,area_trajectory,grain,,1791512160000.0,,2.9491995847933
2026-10-09T02:10:37+00:00,area_trajectory,grain,,1791512280000.0,,2.99732116682455
2026-10-09T02:10:37+00:00,area_trajectory,grain,,1791512400000.0,,2.99732116682455
2026-10-09T02:10:37+00:00,area_trajectory,grain,,1791512520000.0,,2.99732116682455
2026-10-09T02:10:37+00:00,area_trajectory,grain,,1791512640000.0,,2.94227783186361
2026-10-09T02:10:37+00:00,area_trajectory,grain,,1791512760000.0,,2.98051153547689
2026-10-09T02:10:37+00:00,area_trajectory,grain,,1791512880000.0,,2.98051153547689
2026-10-09T02:10:37+00:00,area_trajectory,grain,,1791513000000.0,,2.98051153547689
2026-10-09T02:10:37+00:00,area_trajectory,grain,,1791513120000.0,,2.98051153547689
2026-10-09T02:10:37+00:00,area_trajectory,grain,,1791513240000.0,,2.93074182112142
2026-10-09T02:10:37+00:00,area_trajectory,grain,,1791513360000.0,,2.93074182112142
2026-10-09T02:10:37+00:00,area_trajectory,grain,,1791513480000.0,,2.93074182112142
2026-10-09T02:10:37+00:00,area_trajectory,grain,,1791513600000.0,,2.93074182112142
2026-10-09T02:10:37+00:00,area_trajectory,grain,,1791513720000.0,,2.9027259519807997
2026-10-09T02:10:37+00:00,area_trajectory,grain,,1791513840000.0,,2.9027259519807997
2026-10-09T02:10:37+00:00,area_trajectory,grain,,1791513960000.0,,2.9027259519807997
2026-10-09T02:10:37+00:00,area_trajectory,grain,,1791514080000.0,,2.86712915022299
2026-10-09T02:10:37+00:00,area_trajectory,grain,,1791514200000.0,,2.92909387190267
2026-10-09T02:10:37+00:00,area_trajectory,grain,,1791514320000.0,,2.92909387190267
2026-10-09T02:10:37+00:00,area_trajectory,grain,,1791514440000.0,,2.92909387190267
2026-10-09T02:10:37+00:00,area_trajectory,grain,,1791514560000.0,,2.8555931394808
2026-10-09T02:10:37+00:00,area_trajectory,grain,,1791514680000.0,,2.93733398420736
2026-10-09T02:10:37+00:00,area_trajectory,grain,,1791514800000.0,,2.93733398420736
2026-10-09T02:10:37+00:00,area_trajectory,grain,,1791514920000.0,,2.93733398420736
2026-10-09T02:10:37+00:00,area_trajectory,grain,,1791515040000.0,,2.93733398420736
2026-10-09T02:10:37+00:00,area_trajectory,grain,,1791515160000.0,,2.9014075926058
2026-10-09T02:10:37+00:00,area_trajectory,grain,,1791515280000.0,,2.8631738889925202
2026-10-09T02:10:37+00:00,area_trajectory,grain,,1791515400000.0,,2.8631738889925202
2026-10-09T02:10:37+00:00,area_trajectory,milford_haven,,1791435600000.0,,7.4391918182373
2026-10-09T02:10:37+00:00,area_trajectory,milford_haven,,1791435720000.0,,7.48069715499878
2026-10-09T02:10:37+00:00,area_trajectory,milford_haven,,1791435840000.0,,7.47581386566162
2026-10-09T02:10:37+00:00,area_trajectory,milford_haven,,1791435960000.0,,7.47581386566162
2026-10-09T02:10:37+00:00,area_trajectory,milford_haven,,1791436080000.0,,7.47581386566162
2026-10-09T02:10:37+00:00,area_trajectory,milford_haven,,1791436200000.0,,7.46604824066162
2026-10-09T02:10:37+00:00,area_trajectory,milford_haven,,1791436320000.0,,7.40256977081299
2026-10-09T02:10:37+00:00,area_trajectory,milford_haven,,1791436440000.0,,7.40256977081299
2026-10-09T02:10:37+00:00,area_trajectory,milford_haven,,1791436560000.0,,7.334208011627201
2026-10-09T02:10:37+00:00,area_trajectory,milford_haven,,1791436680000.0,,7.334208011627201
2026-10-09T02:10:37+00:00,area_trajectory,milford_haven,,1791436800000.0,,7.275612831115719
2026-10-09T02:10:37+00:00,area_trajectory,milford_haven,,1791436920000.0,,7.275612831115719
2026-10-09T02:10:37+00:00,area_trajectory,milford_haven,,1791437040000.0,,7.275612831115719
2026-10-09T02:10:37+00:00,area_trajectory,milford_haven,,1791437160000.0,,7.25608062744141
2026-10-09T02:10:37+00:00,area_trajectory,milford_haven,,1791437280000.0,,7.25608062744141
2026-10-09T02:10:37+00:00,area_trajectory,milford_haven,,1791437400000.0,,7.25608062744141
2026-10-09T02:10:37+00:00,area_trajectory,milford_haven,,1791437520000.0,,7.219458580017091
2026-10-09T02:10:37+00:00,area_trajectory,milford_haven,,1791437640000.0,,7.258522510528561
2026-10-09T02:10:37+00:00,area_trajectory,milford_haven,,1791437760000.0,,7.258522510528561
2026-10-09T02:10:37+00:00,area_trajectory,milford_haven,,1791437880000.0,,7.258522510528561
2026-10-09T02:10:37+00:00,area_trajectory,milford_haven,,1791438000000.0,,7.234107494354251
2026-10-09T02:10:37+00:00,area_trajectory,milford_haven,,1791438120000.0,,7.234107494354251
2026-10-09T02:10:37+00:00,area_trajectory,milford_haven,,1791438240000.0,,7.234107494354251
2026-10-09T02:10:37+00:00,area_trajectory,milford_haven,,1791438360000.0,,7.18771934509277
2026-10-09T02:10:37+00:00,area_trajectory,milford_haven,,1791438480000.0,,7.18771934509277
2026-10-09T02:10:37+00:00,area_trajectory,milford_haven,,1791438600000.0,,7.224341392517091
2026-10-09T02:10:37+00:00,area_trajectory,milford_haven,,1791438720000.0,,7.224341392517091
2026-10-09T02:10:37+00:00,area_trajectory,milford_haven,,1791438840000.0,,7.177953243255621
2026-10-09T02:10:37+00:00,area_trajectory,milford_haven,,1791438960000.0,,7.28293704986572
2026-10-09T02:10:37+00:00,area_trajectory,milford_haven,,1791439080000.0,,7.28293704986572
2026-10-09T02:10:37+00:00,area_trajectory,milford_haven,,1791439200000.0,,7.24143171310425
2026-10-09T02:10:37+00:00,area_trajectory,milford_haven,,1791439320000.0,,7.24143171310425
2026-10-09T02:10:37+00:00,area_trajectory,milford_haven,,1791439440000.0,,7.224341392517091
2026-10-09T02:10:37+00:00,area_trajectory,milford_haven,,1791439560000.0,,7.217017173767091
2026-10-09T02:10:37+00:00,area_trajectory,milford_haven,,1791439680000.0,,7.217017173767091
2026-10-09T02:10:37+00:00,area_trajectory,milford_haven,,1791439800000.0,,7.217017173767091
2026-10-09T02:10:37+00:00,area_trajectory,milford_haven,,1791439920000.0,,7.18527793884277
2026-10-09T02:10:37+00:00,area_trajectory,milford_haven,,1791440040000.0,,7.18527793884277
2026-10-09T02:10:37+00:00,area_trajectory,milford_haven,,1791440160000.0,,7.23899030685425
2026-10-09T02:10:37+00:00,area_trajectory,milford_haven,,1791440280000.0,,7.231666088104251
2026-10-09T02:10:37+00:00,area_trajectory,milford_haven,,1791440400000.0,,7.231666088104251
2026-10-09T02:10:37+00:00,area_trajectory,milford_haven,,1791440520000.0,,7.24875640869141
2026-10-09T02:10:37+00:00,area_trajectory,milford_haven,,1791440640000.0,,7.24875640869141
2026-10-09T02:10:37+00:00,area_trajectory,milford_haven,,1791440760000.0,,7.24875640869141
2026-10-09T02:10:37+00:00,area_trajectory,milford_haven,,1791440880000.0,,7.24875640869141
2026-10-09T02:10:37+00:00,area_trajectory,milford_haven,,1791441000000.0,,7.24875640869141
2026-10-09T02:10:37+00:00,area_trajectory,milford_haven,,1791441120000.0,,7.15353870391846
2026-10-09T02:10:37+00:00,area_trajectory,milford_haven,,1791441240000.0,,7.275612831115719
2026-10-09T02:10:37+00:00,area_trajectory,milford_haven,,1791441360000.0,,7.275612831115719
2026-10-09T02:10:37+00:00,area_trajectory,milford_haven,,1791441480000.0,,7.28049564361572
2026-10-09T02:10:37+00:00,area_trajectory,milford_haven,,1791441600000.0,,7.28049564361572
2026-10-09T02:10:37+00:00,area_trajectory,milford_haven,,1791441720000.0,,7.20725107192993
2026-10-09T02:10:37+00:00,area_trajectory,milford_haven,,1791441840000.0,,7.20725107192993
2026-10-09T02:10:37+00:00,area_trajectory,milford_haven,,1791441960000.0,,7.19016075134277
2026-10-09T02:10:37+00:00,area_trajectory,milford_haven,,1791442080000.0,,7.19016075134277
2026-10-09T02:10:37+00:00,area_trajectory,milford_haven,,1791442200000.0,,7.175511837005621
2026-10-09T02:10:37+00:00,area_trajectory,milford_haven,,1791442320000.0,,7.268288135528559
2026-10-09T02:10:37+00:00,area_trajectory,milford_haven,,1791442440000.0,,7.268288135528559
2026-10-09T02:10:37+00:00,area_trajectory,milford_haven,,1791442560000.0,,7.268288135528559
2026-10-09T02:10:37+00:00,area_trajectory,milford_haven,,1791442680000.0,,7.24387359619141
2026-10-09T02:10:37+00:00,area_trajectory,milford_haven,,1791442800000.0,,7.24387359619141
2026-10-09T02:10:37+00:00,area_trajectory,milford_haven,,1791442920000.0,,7.24387359619141
2026-10-09T02:10:37+00:00,area_trajectory,milford_haven,,1791443040000.0,,7.258522510528561
2026-10-09T02:10:37+00:00,area_trajectory,milford_haven,,1791443160000.0,,7.258522510528561
2026-10-09T02:10:37+00:00,area_trajectory,milford_haven,,1791443280000.0,,7.24631500244141
2026-10-09T02:10:37+00:00,area_trajectory,milford_haven,,1791443400000.0,,7.24875640869141
2026-10-09T02:10:37+00:00,area_trajectory,milford_haven,,1791443520000.0,,7.24875640869141
2026-10-09T02:10:37+00:00,area_trajectory,milford_haven,,1791443640000.0,,7.24875640869141
2026-10-09T02:10:37+00:00,area_trajectory,milford_haven,,1791443760000.0,,7.29758596420288
2026-10-09T02:10:37+00:00,area_trajectory,milford_haven,,1791443880000.0,,7.29758596420288
2026-10-09T02:10:37+00:00,area_trajectory,milford_haven,,1791444000000.0,,7.29758596420288
2026-10-09T02:10:37+00:00,area_trajectory,milford_haven,,1791444120000.0,,7.221899986267091
2026-10-09T02:10:37+00:00,area_trajectory,milford_haven,,1791444240000.0,,7.221899986267091
2026-10-09T02:10:37+00:00,area_trajectory,milford_haven,,1791444360000.0,,7.221899986267091
2026-10-09T02:10:37+00:00,area_trajectory,milford_haven,,1791444480000.0,,7.221899986267091
2026-10-09T02:10:37+00:00,area_trajectory,milford_haven,,1791444600000.0,,7.221899986267091
2026-10-09T02:10:37+00:00,area_trajectory,milford_haven,,1791444720000.0,,7.18039512634277
2026-10-09T02:10:37+00:00,area_trajectory,milford_haven,,1791444840000.0,,7.20480966567993
2026-10-09T02:10:37+00:00,area_trajectory,milford_haven,,1791444960000.0,,7.20480966567993
2026-10-09T02:10:37+00:00,area_trajectory,milford_haven,,1791445080000.0,,7.099825859069821
2026-10-09T02:10:37+00:00,area_trajectory,milford_haven,,1791445200000.0,,7.099825859069821
2026-10-09T02:10:37+00:00,area_trajectory,milford_haven,,1791445320000.0,,7.099825859069821
2026-10-09T02:10:37+00:00,area_trajectory,milford_haven,,1791445440000.0,,6.9386882781982395
2026-10-09T02:10:37+00:00,area_trajectory,milford_haven,,1791445560000.0,,6.9386882781982395
2026-10-09T02:10:37+00:00,area_trajectory,milford_haven,,1791445680000.0,,6.94357109069824
2026-10-09T02:10:37+00:00,area_trajectory,milford_haven,,1791445800000.0,,6.94357109069824
2026-10-09T02:10:37+00:00,area_trajectory,milford_haven,,1791445920000.0,,6.94357109069824
2026-10-09T02:10:37+00:00,area_trajectory,milford_haven,,1791446040000.0,,6.94357109069824
2026-10-09T02:10:37+00:00,area_trajectory,milford_haven,,1791446160000.0,,6.94357109069824
2026-10-09T02:10:37+00:00,area_trajectory,milford_haven,,1791446280000.0,,6.9460129737854
2026-10-09T02:10:37+00:00,area_trajectory,milford_haven,,1791446400000.0,,6.9460129737854
2026-10-09T02:10:37+00:00,area_trajectory,milford_haven,,1791446520000.0,,6.9460129737854
2026-10-09T02:10:37+00:00,area_trajectory,milford_haven,,1791446640000.0,,6.9191565513610795
2026-10-09T02:10:37+00:00,area_trajectory,milford_haven,,1791446760000.0,,6.9191565513610795
2026-10-09T02:10:37+00:00,area_trajectory,milford_haven,,1791446880000.0,,6.9191565513610795
2026-10-09T02:10:37+00:00,area_trajectory,milford_haven,,1791447000000.0,,6.9191565513610795
2026-10-09T02:10:37+00:00,area_trajectory,milford_haven,,1791447120000.0,,6.9191565513610795
2026-10-09T02:10:37+00:00,area_trajectory,milford_haven,,1791447240000.0,,6.9313640594482395
2026-10-09T02:10:37+00:00,area_trajectory,milford_haven,,1791447360000.0,,6.9313640594482395
2026-10-09T02:10:37+00:00,area_trajectory,milford_haven,,1791447480000.0,,6.9313640594482395
2026-10-09T02:10:37+00:00,area_trajectory,milford_haven,,1791447600000.0,,6.96554470062256
2026-10-09T02:10:37+00:00,area_trajectory,milford_haven,,1791447720000.0,,6.96554470062256
2026-10-09T02:10:37+00:00,area_trajectory,milford_haven,,1791447840000.0,,6.96554470062256
2026-10-09T02:10:37+00:00,area_trajectory,milford_haven,,1791447960000.0,,6.96554470062256
2026-10-09T02:10:37+00:00,area_trajectory,milford_haven,,1791448080000.0,,6.9362468719482395
2026-10-09T02:10:37+00:00,area_trajectory,milford_haven,,1791448200000.0,,6.9362468719482395
2026-10-09T02:10:37+00:00,area_trajectory,milford_haven,,1791448320000.0,,6.9362468719482395
2026-10-09T02:10:37+00:00,area_trajectory,milford_haven,,1791448440000.0,,6.9362468719482395
2026-10-09T02:10:37+00:00,area_trajectory,milford_haven,,1791448560000.0,,6.9362468719482395
2026-10-09T02:10:37+00:00,area_trajectory,milford_haven,,1791448680000.0,,6.9362468719482395
2026-10-09T02:10:37+00:00,area_trajectory,milford_haven,,1791448800000.0,,6.9313640594482395
2026-10-09T02:10:37+00:00,area_trajectory,milford_haven,,1791448920000.0,,6.96310329437256
2026-10-09T02:10:37+00:00,area_trajectory,milford_haven,,1791449040000.0,,6.96310329437256
2026-10-09T02:10:37+00:00,area_trajectory,milford_haven,,1791449160000.0,,6.96310329437256
2026-10-09T02:10:37+00:00,area_trajectory,milford_haven,,1791449280000.0,,6.9460129737854
2026-10-09T02:10:37+00:00,area_trajectory,milford_haven,,1791449400000.0,,6.9460129737854
2026-10-09T02:10:37+00:00,area_trajectory,milford_haven,,1791449520000.0,,6.9460129737854
2026-10-09T02:10:37+00:00,area_trajectory,milford_haven,,1791449640000.0,,6.9460129737854
2026-10-09T02:10:37+00:00,area_trajectory,milford_haven,,1791449760000.0,,6.9313640594482395
2026-10-09T02:10:37+00:00,area_trajectory,milford_haven,,1791449880000.0,,6.9313640594482395
2026-10-09T02:10:37+00:00,area_trajectory,milford_haven,,1791450000000.0,,6.899624824523929
2026-10-09T02:10:37+00:00,area_trajectory,milford_haven,,1791450120000.0,,6.899624824523929
2026-10-09T02:10:37+00:00,area_trajectory,milford_haven,,1791450240000.0,,6.96798610687256
2026-10-09T02:10:37+00:00,area_trajectory,milford_haven,,1791450360000.0,,6.96798610687256
2026-10-09T02:10:37+00:00,area_trajectory,milford_haven,,1791450480000.0,,6.96798610687256
2026-10-09T02:10:37+00:00,area_trajectory,milford_haven,,1791450600000.0,,6.96798610687256
2026-10-09T02:10:37+00:00,area_trajectory,milford_haven,,1791450720000.0,,6.96798610687256
2026-10-09T02:10:37+00:00,area_trajectory,milford_haven,,1791450840000.0,,6.96798610687256
2026-10-09T02:10:37+00:00,area_trajectory,milford_haven,,1791450960000.0,,6.96798610687256
2026-10-09T02:10:37+00:00,area_trajectory,milford_haven,,1791451080000.0,,6.9582200050354
2026-10-09T02:10:37+00:00,area_trajectory,milford_haven,,1791451200000.0,,6.9582200050354
2026-10-09T02:10:37+00:00,area_trajectory,milford_haven,,1791451320000.0,,6.9582200050354
2026-10-09T02:10:37+00:00,area_trajectory,milford_haven,,1791451440000.0,,6.9582200050354
2026-10-09T02:10:37+00:00,area_trajectory,milford_haven,,1791451560000.0,,6.97286891937256
2026-10-09T02:10:37+00:00,area_trajectory,milford_haven,,1791451680000.0,,6.9582200050354
2026-10-09T02:10:37+00:00,area_trajectory,milford_haven,,1791451800000.0,,6.9582200050354
2026-10-09T02:10:37+00:00,area_trajectory,milford_haven,,1791451920000.0,,6.9582200050354
2026-10-09T02:10:37+00:00,area_trajectory,milford_haven,,1791452040000.0,,6.9582200050354
2026-10-09T02:10:37+00:00,area_trajectory,milford_haven,,1791452160000.0,,6.87520980834961
2026-10-09T02:10:37+00:00,area_trajectory,milford_haven,,1791452280000.0,,6.9557785987854
2026-10-09T02:10:37+00:00,area_trajectory,milford_haven,,1791452400000.0,,6.9362468719482395
2026-10-09T02:10:37+00:00,area_trajectory,milford_haven,,1791452520000.0,,6.9362468719482395
2026-10-09T02:10:37+00:00,area_trajectory,milford_haven,,1791452640000.0,,6.9362468719482395
2026-10-09T02:10:37+00:00,area_trajectory,milford_haven,,1791452760000.0,,6.9362468719482395
2026-10-09T02:10:37+00:00,area_trajectory,milford_haven,,1791452880000.0,,6.9362468719482395
2026-10-09T02:10:37+00:00,area_trajectory,milford_haven,,1791453000000.0,,6.9362468719482395
2026-10-09T02:10:37+00:00,area_trajectory,milford_haven,,1791453120000.0,,6.90939044952393
2026-10-09T02:10:37+00:00,area_trajectory,milford_haven,,1791453240000.0,,6.90939044952393
2026-10-09T02:10:37+00:00,area_trajectory,milford_haven,,1791453360000.0,,6.90939044952393
2026-10-09T02:10:37+00:00,area_trajectory,milford_haven,,1791453480000.0,,6.90939044952393
2026-10-09T02:10:37+00:00,area_trajectory,milford_haven,,1791453600000.0,,6.90939044952393
2026-10-09T02:10:37+00:00,area_trajectory,milford_haven,,1791453720000.0,,6.889858722686769
2026-10-09T02:10:37+00:00,area_trajectory,milford_haven,,1791453840000.0,,6.889858722686769
2026-10-09T02:10:37+00:00,area_trajectory,milford_haven,,1791453960000.0,,6.889858722686769
2026-10-09T02:10:37+00:00,area_trajectory,milford_haven,,1791454080000.0,,6.889858722686769
2026-10-09T02:10:37+00:00,area_trajectory,milford_haven,,1791454200000.0,,6.889858722686769
2026-10-09T02:10:37+00:00,area_trajectory,milford_haven,,1791454320000.0,,6.889858722686769
2026-10-09T02:10:37+00:00,area_trajectory,milford_haven,,1791454440000.0,,6.889858722686769
2026-10-09T02:10:37+00:00,area_trajectory,milford_haven,,1791454560000.0,,6.889858722686769
2026-10-09T02:10:37+00:00,area_trajectory,milford_haven,,1791454680000.0,,6.85323667526245
2026-10-09T02:10:37+00:00,area_trajectory,milford_haven,,1791454800000.0,,6.85323667526245
2026-10-09T02:10:37+00:00,area_trajectory,milford_haven,,1791454920000.0,,6.80684852600098
2026-10-09T02:10:37+00:00,area_trajectory,milford_haven,,1791455040000.0,,6.72139644622803
2026-10-09T02:10:37+00:00,area_trajectory,milford_haven,,1791455160000.0,,6.72139644622803
2026-10-09T02:10:37+00:00,area_trajectory,milford_haven,,1791455280000.0,,6.72139644622803
2026-10-09T02:10:37+00:00,area_trajectory,milford_haven,,1791455400000.0,,6.513870716094971
2026-10-09T02:10:37+00:00,area_trajectory,milford_haven,,1791455520000.0,,6.3551745414733904
2026-10-09T02:10:37+00:00,area_trajectory,milford_haven,,1791455640000.0,,6.3551745414733904
2026-10-09T02:10:37+00:00,area_trajectory,milford_haven,,1791455760000.0,,6.3551745414733904
2026-10-09T02:10:37+00:00,area_trajectory,milford_haven,,1791455880000.0,,6.3551745414733904
2026-10-09T02:10:37+00:00,area_trajectory,milford_haven,,1791456000000.0,,6.19891977310181
2026-10-09T02:10:37+00:00,area_trajectory,milford_haven,,1791456120000.0,,6.19891977310181
2026-10-09T02:10:37+00:00,area_trajectory,milford_haven,,1791456240000.0,,6.0939359664917
2026-10-09T02:10:37+00:00,area_trajectory,milford_haven,,1791456360000.0,,6.0939359664917
2026-10-09T02:10:37+00:00,area_trajectory,milford_haven,,1791456480000.0,,6.0939359664917
2026-10-09T02:10:37+00:00,area_trajectory,milford_haven,,1791456600000.0,,5.99139356613159
2026-10-09T02:10:37+00:00,area_trajectory,milford_haven,,1791456720000.0,,5.99139356613159
2026-10-09T02:10:37+00:00,area_trajectory,milford_haven,,1791456840000.0,,5.87176132202148
2026-10-09T02:10:37+00:00,area_trajectory,milford_haven,,1791456960000.0,,5.87176132202148
2026-10-09T02:10:37+00:00,area_trajectory,milford_haven,,1791457080000.0,,5.87176132202148
2026-10-09T02:10:37+00:00,area_trajectory,milford_haven,,1791457200000.0,,5.89129304885864
2026-10-09T02:10:37+00:00,area_trajectory,milford_haven,,1791457320000.0,,5.89129304885864
2026-10-09T02:10:37+00:00,area_trajectory,milford_haven,,1791457440000.0,,5.83758068084717
2026-10-09T02:10:37+00:00,area_trajectory,milford_haven,,1791457560000.0,,5.83758068084717
2026-10-09T02:10:37+00:00,area_trajectory,milford_haven,,1791457680000.0,,5.83758068084717
2026-10-09T02:10:37+00:00,area_trajectory,milford_haven,,1791457800000.0,,5.94988870620728
2026-10-09T02:10:37+00:00,area_trajectory,milford_haven,,1791457920000.0,,5.94988870620728
2026-10-09T02:10:37+00:00,area_trajectory,milford_haven,,1791458040000.0,,5.915708065032959
2026-10-09T02:10:37+00:00,area_trajectory,milford_haven,,1791458160000.0,,5.915708065032959
2026-10-09T02:10:37+00:00,area_trajectory,milford_haven,,1791458280000.0,,5.83513879776001
2026-10-09T02:10:37+00:00,area_trajectory,milford_haven,,1791458400000.0,,5.83513879776001
2026-10-09T02:10:37+00:00,area_trajectory,milford_haven,,1791458520000.0,,5.83513879776001
2026-10-09T02:10:37+00:00,area_trajectory,milford_haven,,1791458640000.0,,5.83513879776001
2026-10-09T02:10:37+00:00,area_trajectory,milford_haven,,1791458760000.0,,5.83513879776001
2026-10-09T02:10:37+00:00,area_trajectory,milford_haven,,1791458880000.0,,5.83513879776001
2026-10-09T02:10:37+00:00,area_trajectory,milford_haven,,1791459000000.0,,5.83513879776001
2026-10-09T02:10:37+00:00,area_trajectory,milford_haven,,1791459120000.0,,5.83513879776001
2026-10-09T02:10:37+00:00,area_trajectory,milford_haven,,1791459240000.0,,5.83513879776001
2026-10-09T02:10:37+00:00,area_trajectory,milford_haven,,1791459360000.0,,5.83513879776001
2026-10-09T02:10:37+00:00,area_trajectory,milford_haven,,1791459480000.0,,5.83513879776001
2026-10-09T02:10:37+00:00,area_trajectory,milford_haven,,1791459600000.0,,5.87664413452148
2026-10-09T02:10:37+00:00,area_trajectory,milford_haven,,1791459720000.0,,5.87664413452148
2026-10-09T02:10:37+00:00,area_trajectory,milford_haven,,1791459840000.0,,5.87664413452148
2026-10-09T02:10:37+00:00,area_trajectory,milford_haven,,1791459960000.0,,5.87664413452148
2026-10-09T02:10:37+00:00,area_trajectory,milford_haven,,1791460080000.0,,5.84002208709717
2026-10-09T02:10:37+00:00,area_trajectory,milford_haven,,1791460200000.0,,5.84002208709717
2026-10-09T02:10:37+00:00,area_trajectory,milford_haven,,1791460320000.0,,5.84002208709717
2026-10-09T02:10:37+00:00,area_trajectory,milford_haven,,1791460440000.0,,5.84002208709717
2026-10-09T02:10:37+00:00,area_trajectory,milford_haven,,1791460560000.0,,5.84002208709717
2026-10-09T02:10:37+00:00,area_trajectory,milford_haven,,1791460680000.0,,5.84002208709717
2026-10-09T02:10:37+00:00,area_trajectory,milford_haven,,1791460800000.0,,5.86931991577148
2026-10-09T02:10:37+00:00,area_trajectory,milford_haven,,1791460920000.0,,5.86931991577148
2026-10-09T02:10:37+00:00,area_trajectory,milford_haven,,1791461040000.0,,5.87908554077148
2026-10-09T02:10:37+00:00,area_trajectory,milford_haven,,1791461160000.0,,5.87908554077148
2026-10-09T02:10:37+00:00,area_trajectory,milford_haven,,1791461280000.0,,5.87908554077148
2026-10-09T02:10:37+00:00,area_trajectory,milford_haven,,1791461400000.0,,5.87908554077148
2026-10-09T02:10:37+00:00,area_trajectory,milford_haven,,1791461520000.0,,5.88396883010864
2026-10-09T02:10:37+00:00,area_trajectory,milford_haven,,1791461640000.0,,5.87420272827148
2026-10-09T02:10:37+00:00,area_trajectory,milford_haven,,1791461760000.0,,5.87420272827148
2026-10-09T02:10:37+00:00,area_trajectory,milford_haven,,1791461880000.0,,5.87420272827148
2026-10-09T02:10:37+00:00,area_trajectory,milford_haven,,1791462000000.0,,5.87420272827148
2026-10-09T02:10:37+00:00,area_trajectory,milford_haven,,1791462120000.0,,5.87420272827148
2026-10-09T02:10:37+00:00,area_trajectory,milford_haven,,1791462240000.0,,5.80584144592285
2026-10-09T02:10:37+00:00,area_trajectory,milford_haven,,1791462360000.0,,5.80584144592285
2026-10-09T02:10:37+00:00,area_trajectory,milford_haven,,1791462480000.0,,5.96942043304443
2026-10-09T02:10:37+00:00,area_trajectory,milford_haven,,1791462600000.0,,5.7838678359985405
2026-10-09T02:10:37+00:00,area_trajectory,milford_haven,,1791462720000.0,,5.7838678359985405
2026-10-09T02:10:37+00:00,area_trajectory,milford_haven,,1791462840000.0,,5.79119253158569
2026-10-09T02:10:37+00:00,area_trajectory,milford_haven,,1791462960000.0,,5.79119253158569
2026-10-09T02:10:37+00:00,area_trajectory,milford_haven,,1791463080000.0,,5.79119253158569
2026-10-09T02:10:37+00:00,area_trajectory,milford_haven,,1791463200000.0,,5.93523979187012
2026-10-09T02:10:37+00:00,area_trajectory,milford_haven,,1791463320000.0,,5.93523979187012
2026-10-09T02:10:37+00:00,area_trajectory,milford_haven,,1791463440000.0,,5.93523979187012
2026-10-09T02:10:37+00:00,area_trajectory,milford_haven,,1791463560000.0,,5.852229595184331
2026-10-09T02:10:37+00:00,area_trajectory,milford_haven,,1791463680000.0,,5.852229595184331
2026-10-09T02:10:37+00:00,area_trajectory,milford_haven,,1791463800000.0,,5.852229595184331
2026-10-09T02:10:37+00:00,area_trajectory,milford_haven,,1791463920000.0,,5.852229595184331
2026-10-09T02:10:37+00:00,area_trajectory,milford_haven,,1791464040000.0,,5.82293176651001
2026-10-09T02:10:37+00:00,area_trajectory,milford_haven,,1791464160000.0,,5.82293176651001
2026-10-09T02:10:37+00:00,area_trajectory,milford_haven,,1791464280000.0,,5.82293176651001
2026-10-09T02:10:37+00:00,area_trajectory,milford_haven,,1791464400000.0,,5.82293176651001
2026-10-09T02:10:37+00:00,area_trajectory,milford_haven,,1791464520000.0,,5.82293176651001
2026-10-09T02:10:37+00:00,area_trajectory,milford_haven,,1791464640000.0,,5.89129304885864
2026-10-09T02:10:37+00:00,area_trajectory,milford_haven,,1791464760000.0,,5.89129304885864
2026-10-09T02:10:37+00:00,area_trajectory,milford_haven,,1791464880000.0,,5.89129304885864
2026-10-09T02:10:37+00:00,area_trajectory,milford_haven,,1791465000000.0,,5.89129304885864
2026-10-09T02:10:37+00:00,area_trajectory,milford_haven,,1791465120000.0,,5.7789850234985405
2026-10-09T02:10:37+00:00,area_trajectory,milford_haven,,1791465240000.0,,5.84490489959717
2026-10-09T02:10:37+00:00,area_trajectory,milford_haven,,1791465360000.0,,5.84490489959717
2026-10-09T02:10:37+00:00,area_trajectory,milford_haven,,1791465480000.0,,5.84734630584717
2026-10-09T02:10:37+00:00,area_trajectory,milford_haven,,1791465600000.0,,5.84734630584717
2026-10-09T02:10:37+00:00,area_trajectory,milford_haven,,1791465720000.0,,5.84734630584717
2026-10-09T02:10:37+00:00,area_trajectory,milford_haven,,1791465840000.0,,5.8986177444458
2026-10-09T02:10:37+00:00,area_trajectory,milford_haven,,1791465960000.0,,5.8986177444458
2026-10-09T02:10:37+00:00,area_trajectory,milford_haven,,1791466080000.0,,5.8986177444458
2026-10-09T02:10:37+00:00,area_trajectory,milford_haven,,1791466200000.0,,5.8986177444458
2026-10-09T02:10:37+00:00,area_trajectory,milford_haven,,1791466320000.0,,5.8986177444458
2026-10-09T02:10:37+00:00,area_trajectory,milford_haven,,1791466440000.0,,5.8986177444458
2026-10-09T02:10:37+00:00,area_trajectory,milford_haven,,1791466560000.0,,5.8986177444458
2026-10-09T02:10:37+00:00,area_trajectory,milford_haven,,1791466680000.0,,5.8986177444458
2026-10-09T02:10:37+00:00,area_trajectory,milford_haven,,1791466800000.0,,5.813165664672851
2026-10-09T02:10:37+00:00,area_trajectory,milford_haven,,1791466920000.0,,5.857112407684331
2026-10-09T02:10:37+00:00,area_trajectory,milford_haven,,1791467040000.0,,5.857112407684331
2026-10-09T02:10:37+00:00,area_trajectory,milford_haven,,1791467160000.0,,5.83269739151001
2026-10-09T02:10:37+00:00,area_trajectory,milford_haven,,1791467280000.0,,5.83269739151001
2026-10-09T02:10:37+00:00,area_trajectory,milford_haven,,1791467400000.0,,5.83269739151001
2026-10-09T02:10:37+00:00,area_trajectory,milford_haven,,1791467520000.0,,5.83269739151001
2026-10-09T02:10:37+00:00,area_trajectory,milford_haven,,1791467640000.0,,5.83269739151001
2026-10-09T02:10:37+00:00,area_trajectory,milford_haven,,1791467760000.0,,5.83269739151001
2026-10-09T02:10:37+00:00,area_trajectory,milford_haven,,1791467880000.0,,5.83269739151001
2026-10-09T02:10:37+00:00,area_trajectory,milford_haven,,1791468000000.0,,5.83269739151001
2026-10-09T02:10:37+00:00,area_trajectory,milford_haven,,1791468120000.0,,5.83269739151001
2026-10-09T02:10:37+00:00,area_trajectory,milford_haven,,1791468240000.0,,5.857112407684331
2026-10-09T02:10:37+00:00,area_trajectory,milford_haven,,1791468360000.0,,5.83758068084717
2026-10-09T02:10:37+00:00,area_trajectory,milford_haven,,1791468480000.0,,5.83758068084717
2026-10-09T02:10:37+00:00,area_trajectory,milford_haven,,1791468600000.0,,5.849787712097171
2026-10-09T02:10:37+00:00,area_trajectory,milford_haven,,1791468720000.0,,5.849787712097171
2026-10-09T02:10:37+00:00,area_trajectory,milford_haven,,1791468840000.0,,5.89617586135864
2026-10-09T02:10:37+00:00,area_trajectory,milford_haven,,1791468960000.0,,5.89617586135864
2026-10-09T02:10:37+00:00,area_trajectory,milford_haven,,1791469080000.0,,5.89617586135864
2026-10-09T02:10:37+00:00,area_trajectory,milford_haven,,1791469200000.0,,5.89617586135864
2026-10-09T02:10:37+00:00,area_trajectory,milford_haven,,1791469320000.0,,5.86931991577148
2026-10-09T02:10:37+00:00,area_trajectory,milford_haven,,1791469440000.0,,5.86931991577148
2026-10-09T02:10:37+00:00,area_trajectory,milford_haven,,1791469560000.0,,5.86931991577148
2026-10-09T02:10:37+00:00,area_trajectory,milford_haven,,1791469680000.0,,5.86931991577148
2026-10-09T02:10:37+00:00,area_trajectory,milford_haven,,1791469800000.0,,5.815607070922851
2026-10-09T02:10:37+00:00,area_trajectory,milford_haven,,1791469920000.0,,5.815607070922851
2026-10-09T02:10:37+00:00,area_trajectory,milford_haven,,1791470040000.0,,5.815607070922851
2026-10-09T02:10:37+00:00,area_trajectory,milford_haven,,1791470160000.0,,5.815607070922851
2026-10-09T02:10:37+00:00,area_trajectory,milford_haven,,1791470280000.0,,5.910824775695799
2026-10-09T02:10:37+00:00,area_trajectory,milford_haven,,1791470400000.0,,5.910824775695799
2026-10-09T02:10:37+00:00,area_trajectory,milford_haven,,1791470520000.0,,5.910824775695799
2026-10-09T02:10:37+00:00,area_trajectory,milford_haven,,1791470640000.0,,5.857112407684331
2026-10-09T02:10:37+00:00,area_trajectory,milford_haven,,1791470760000.0,,5.857112407684331
2026-10-09T02:10:37+00:00,area_trajectory,milford_haven,,1791470880000.0,,5.86443662643433
2026-10-09T02:10:37+00:00,area_trajectory,milford_haven,,1791471000000.0,,5.86443662643433
2026-10-09T02:10:37+00:00,area_trajectory,milford_haven,,1791471120000.0,,5.86443662643433
2026-10-09T02:10:37+00:00,area_trajectory,milford_haven,,1791471240000.0,,5.86443662643433
2026-10-09T02:10:37+00:00,area_trajectory,milford_haven,,1791471360000.0,,5.86443662643433
2026-10-09T02:10:37+00:00,area_trajectory,milford_haven,,1791471480000.0,,3.8648641109466597
2026-10-09T02:10:37+00:00,area_trajectory,milford_haven,,1791471600000.0,,3.4962005615234397
2026-10-09T02:10:37+00:00,area_trajectory,milford_haven,,1791471720000.0,,3.4962005615234397
2026-10-09T02:10:37+00:00,area_trajectory,milford_haven,,1791471840000.0,,4.36292600631714
2026-10-09T02:10:37+00:00,area_trajectory,milford_haven,,1791471960000.0,,4.36292600631714
2026-10-09T02:10:37+00:00,area_trajectory,milford_haven,,1791472080000.0,,4.3336281776428205
2026-10-09T02:10:37+00:00,area_trajectory,milford_haven,,1791472200000.0,,4.3336281776428205
2026-10-09T02:10:37+00:00,area_trajectory,milford_haven,,1791472320000.0,,5.11490201950073
2026-10-09T02:10:37+00:00,area_trajectory,milford_haven,,1791472440000.0,,5.32731103897095
2026-10-09T02:10:37+00:00,area_trajectory,milford_haven,,1791472560000.0,,6.11102628707886
2026-10-09T02:10:37+00:00,area_trajectory,milford_haven,,1791472680000.0,,6.47724866867065
2026-10-09T02:10:37+00:00,area_trajectory,milford_haven,,1791472800000.0,,6.2111272811889595
2026-10-09T02:10:37+00:00,area_trajectory,milford_haven,,1791472920000.0,,6.07684564590454
2026-10-09T02:10:37+00:00,area_trajectory,milford_haven,,1791473040000.0,,6.07684564590454
2026-10-09T02:10:37+00:00,area_trajectory,milford_haven,,1791473160000.0,,6.162297248840329
2026-10-09T02:10:37+00:00,area_trajectory,milford_haven,,1791473280000.0,,6.162297248840329
2026-10-09T02:10:37+00:00,area_trajectory,milford_haven,,1791473400000.0,,6.162297248840329
2026-10-09T02:10:37+00:00,area_trajectory,milford_haven,,1791473520000.0,,5.85955381393433
2026-10-09T02:10:37+00:00,area_trajectory,milford_haven,,1791473640000.0,,5.6837673187255895
2026-10-09T02:10:37+00:00,area_trajectory,milford_haven,,1791473760000.0,,5.7789850234985405
2026-10-09T02:10:37+00:00,area_trajectory,milford_haven,,1791473880000.0,,5.7789850234985405
2026-10-09T02:10:37+00:00,area_trajectory,milford_haven,,1791474000000.0,,5.7789850234985405
2026-10-09T02:10:37+00:00,area_trajectory,milford_haven,,1791474120000.0,,5.7789850234985405
2026-10-09T02:10:37+00:00,area_trajectory,milford_haven,,1791474240000.0,,5.7350382804870605
2026-10-09T02:10:37+00:00,area_trajectory,milford_haven,,1791474360000.0,,5.6813259124755895
2026-10-09T02:10:37+00:00,area_trajectory,milford_haven,,1791474480000.0,,5.6813259124755895
2026-10-09T02:10:37+00:00,area_trajectory,milford_haven,,1791474600000.0,,5.6813259124755895
2026-10-09T02:10:37+00:00,area_trajectory,milford_haven,,1791474720000.0,,5.66179370880127
2026-10-09T02:10:37+00:00,area_trajectory,milford_haven,,1791474840000.0,,5.66179370880127
2026-10-09T02:10:37+00:00,area_trajectory,milford_haven,,1791474960000.0,,5.66179370880127
2026-10-09T02:10:37+00:00,area_trajectory,milford_haven,,1791475080000.0,,5.67400121688843
2026-10-09T02:10:37+00:00,area_trajectory,milford_haven,,1791475200000.0,,5.76189470291138
2026-10-09T02:10:37+00:00,area_trajectory,milford_haven,,1791475320000.0,,5.76189470291138
2026-10-09T02:10:37+00:00,area_trajectory,milford_haven,,1791475440000.0,,5.80339956283569
2026-10-09T02:10:37+00:00,area_trajectory,milford_haven,,1791475560000.0,,5.80339956283569
2026-10-09T02:10:37+00:00,area_trajectory,milford_haven,,1791475680000.0,,5.80339956283569
2026-10-09T02:10:37+00:00,area_trajectory,milford_haven,,1791475800000.0,,5.88641023635864
2026-10-09T02:10:37+00:00,area_trajectory,milford_haven,,1791475920000.0,,5.88641023635864
2026-10-09T02:10:37+00:00,area_trajectory,milford_haven,,1791476040000.0,,5.88641023635864
2026-10-09T02:10:37+00:00,area_trajectory,milford_haven,,1791476160000.0,,5.88641023635864
2026-10-09T02:10:37+00:00,area_trajectory,milford_haven,,1791476280000.0,,5.903500556945801
2026-10-09T02:10:37+00:00,area_trajectory,milford_haven,,1791476400000.0,,5.81804847717285
2026-10-09T02:10:37+00:00,area_trajectory,milford_haven,,1791476520000.0,,5.81804847717285
2026-10-09T02:10:37+00:00,area_trajectory,milford_haven,,1791476640000.0,,5.81804847717285
2026-10-09T02:10:37+00:00,area_trajectory,milford_haven,,1791476760000.0,,5.81804847717285
2026-10-09T02:10:37+00:00,area_trajectory,milford_haven,,1791476880000.0,,5.81804847717285
2026-10-09T02:10:37+00:00,area_trajectory,milford_haven,,1791477000000.0,,5.81804847717285
2026-10-09T02:10:37+00:00,area_trajectory,milford_haven,,1791477120000.0,,5.81804847717285
2026-10-09T02:10:37+00:00,area_trajectory,milford_haven,,1791477240000.0,,5.81804847717285
2026-10-09T02:10:37+00:00,area_trajectory,milford_haven,,1791477360000.0,,5.81804847717285
2026-10-09T02:10:37+00:00,area_trajectory,milford_haven,,1791477480000.0,,5.81804847717285
2026-10-09T02:10:37+00:00,area_trajectory,milford_haven,,1791477600000.0,,5.9010591506958
2026-10-09T02:10:37+00:00,area_trajectory,milford_haven,,1791477720000.0,,5.9010591506958
2026-10-09T02:10:37+00:00,area_trajectory,milford_haven,,1791477840000.0,,5.78630924224854
2026-10-09T02:10:37+00:00,area_trajectory,milford_haven,,1791477960000.0,,5.78630924224854
2026-10-09T02:10:37+00:00,area_trajectory,milford_haven,,1791478080000.0,,5.78630924224854
2026-10-09T02:10:37+00:00,area_trajectory,milford_haven,,1791478200000.0,,5.78630924224854
2026-10-09T02:10:37+00:00,area_trajectory,milford_haven,,1791478320000.0,,5.84002208709717
2026-10-09T02:10:37+00:00,area_trajectory,milford_haven,,1791478440000.0,,5.84002208709717
2026-10-09T02:10:37+00:00,area_trajectory,milford_haven,,1791478560000.0,,5.849787712097171
2026-10-09T02:10:37+00:00,area_trajectory,milford_haven,,1791478680000.0,,5.849787712097171
2026-10-09T02:10:37+00:00,area_trajectory,milford_haven,,1791478800000.0,,5.854671001434331
2026-10-09T02:10:37+00:00,area_trajectory,milford_haven,,1791478920000.0,,5.854671001434331
2026-10-09T02:10:37+00:00,area_trajectory,milford_haven,,1791479040000.0,,5.84002208709717
2026-10-09T02:10:37+00:00,area_trajectory,milford_haven,,1791479160000.0,,5.84002208709717
2026-10-09T02:10:37+00:00,area_trajectory,milford_haven,,1791479280000.0,,5.84002208709717
2026-10-09T02:10:37+00:00,area_trajectory,milford_haven,,1791479400000.0,,5.88641023635864
2026-10-09T02:10:37+00:00,area_trajectory,milford_haven,,1791479520000.0,,5.97430324554443
2026-10-09T02:10:37+00:00,area_trajectory,milford_haven,,1791479640000.0,,5.97430324554443
2026-10-09T02:10:37+00:00,area_trajectory,milford_haven,,1791479760000.0,,6.03534030914307
2026-10-09T02:10:37+00:00,area_trajectory,milford_haven,,1791479880000.0,,6.03534030914307
2026-10-09T02:10:37+00:00,area_trajectory,milford_haven,,1791480000000.0,,6.13788270950317
2026-10-09T02:10:37+00:00,area_trajectory,milford_haven,,1791480120000.0,,6.13788270950317
2026-10-09T02:10:37+00:00,area_trajectory,milford_haven,,1791480240000.0,,6.00115966796875
2026-10-09T02:10:37+00:00,area_trajectory,milford_haven,,1791480360000.0,,6.00115966796875
2026-10-09T02:10:37+00:00,area_trajectory,milford_haven,,1791480480000.0,,5.89617586135864
2026-10-09T02:10:37+00:00,area_trajectory,milford_haven,,1791480600000.0,,5.7252721786499
2026-10-09T02:10:37+00:00,area_trajectory,milford_haven,,1791480720000.0,,5.7252721786499
2026-10-09T02:10:37+00:00,area_trajectory,milford_haven,,1791480840000.0,,5.7252721786499
2026-10-09T02:10:37+00:00,area_trajectory,milford_haven,,1791480960000.0,,5.849787712097171
2026-10-09T02:10:37+00:00,area_trajectory,milford_haven,,1791481080000.0,,5.76433610916138
2026-10-09T02:10:37+00:00,area_trajectory,milford_haven,,1791481200000.0,,5.76433610916138
2026-10-09T02:10:37+00:00,area_trajectory,milford_haven,,1791481320000.0,,5.86687803268433
2026-10-09T02:10:37+00:00,area_trajectory,milford_haven,,1791481440000.0,,5.86687803268433
2026-10-09T02:10:37+00:00,area_trajectory,milford_haven,,1791481560000.0,,5.86687803268433
2026-10-09T02:10:37+00:00,area_trajectory,milford_haven,,1791481680000.0,,5.97918653488159
2026-10-09T02:10:37+00:00,area_trajectory,milford_haven,,1791481800000.0,,5.97918653488159
2026-10-09T02:10:37+00:00,area_trajectory,milford_haven,,1791481920000.0,,5.97918653488159
2026-10-09T02:10:37+00:00,area_trajectory,milford_haven,,1791482040000.0,,5.97918653488159
2026-10-09T02:10:37+00:00,area_trajectory,milford_haven,,1791482160000.0,,6.11835098266602
2026-10-09T02:10:37+00:00,area_trajectory,milford_haven,,1791482280000.0,,6.11835098266602
2026-10-09T02:10:37+00:00,area_trajectory,milford_haven,,1791482400000.0,,6.11835098266602
2026-10-09T02:10:37+00:00,area_trajectory,milford_haven,,1791482520000.0,,5.94744729995728
2026-10-09T02:10:37+00:00,area_trajectory,milford_haven,,1791482640000.0,,6.29902029037476
2026-10-09T02:10:37+00:00,area_trajectory,milford_haven,,1791482760000.0,,6.29902029037476
2026-10-09T02:10:37+00:00,area_trajectory,milford_haven,,1791482880000.0,,6.277047157287599
2026-10-09T02:10:37+00:00,area_trajectory,milford_haven,,1791483000000.0,,6.277047157287599
2026-10-09T02:10:37+00:00,area_trajectory,milford_haven,,1791483120000.0,,6.277047157287599
2026-10-09T02:10:37+00:00,area_trajectory,milford_haven,,1791483240000.0,,6.15497303009033
2026-10-09T02:10:37+00:00,area_trajectory,milford_haven,,1791483360000.0,,6.15497303009033
2026-10-09T02:10:37+00:00,area_trajectory,milford_haven,,1791483480000.0,,6.15497303009033
2026-10-09T02:10:37+00:00,area_trajectory,milford_haven,,1791483600000.0,,6.23554182052612
2026-10-09T02:10:37+00:00,area_trajectory,milford_haven,,1791483720000.0,,6.23554182052612
2026-10-09T02:10:37+00:00,area_trajectory,milford_haven,,1791483840000.0,,6.23554182052612
2026-10-09T02:10:37+00:00,area_trajectory,milford_haven,,1791483960000.0,,6.057313919067379
2026-10-09T02:10:37+00:00,area_trajectory,milford_haven,,1791484080000.0,,5.6544694900512695
2026-10-09T02:10:37+00:00,area_trajectory,milford_haven,,1791484200000.0,,5.6544694900512695
2026-10-09T02:10:37+00:00,area_trajectory,milford_haven,,1791484320000.0,,5.7179479598999
2026-10-09T02:10:37+00:00,area_trajectory,milford_haven,,1791484440000.0,,5.610522747039799
2026-10-09T02:10:37+00:00,area_trajectory,milford_haven,,1791484560000.0,,5.610522747039799
2026-10-09T02:10:37+00:00,area_trajectory,milford_haven,,1791484680000.0,,5.610522747039799
2026-10-09T02:10:37+00:00,area_trajectory,milford_haven,,1791484800000.0,,5.7448043823242205
2026-10-09T02:10:37+00:00,area_trajectory,milford_haven,,1791484920000.0,,5.7448043823242205
2026-10-09T02:10:37+00:00,area_trajectory,milford_haven,,1791485040000.0,,5.7448043823242205
2026-10-09T02:10:37+00:00,area_trajectory,milford_haven,,1791485160000.0,,5.80584144592285
2026-10-09T02:10:37+00:00,area_trajectory,milford_haven,,1791485280000.0,,5.80584144592285
2026-10-09T02:10:37+00:00,area_trajectory,milford_haven,,1791485400000.0,,5.80584144592285
2026-10-09T02:10:37+00:00,area_trajectory,milford_haven,,1791485520000.0,,5.80584144592285
2026-10-09T02:10:37+00:00,area_trajectory,milford_haven,,1791485640000.0,,5.82293176651001
2026-10-09T02:10:37+00:00,area_trajectory,milford_haven,,1791485760000.0,,5.82048988342285
2026-10-09T02:10:37+00:00,area_trajectory,milford_haven,,1791485880000.0,,5.82048988342285
2026-10-09T02:10:37+00:00,area_trajectory,milford_haven,,1791486000000.0,,5.857112407684331
2026-10-09T02:10:37+00:00,area_trajectory,milford_haven,,1791486120000.0,,5.86931991577148
2026-10-09T02:10:37+00:00,area_trajectory,milford_haven,,1791486240000.0,,5.854671001434331
2026-10-09T02:10:37+00:00,area_trajectory,milford_haven,,1791486360000.0,,5.76921892166138
2026-10-09T02:10:37+00:00,area_trajectory,milford_haven,,1791486480000.0,,5.76921892166138
2026-10-09T02:10:37+00:00,area_trajectory,milford_haven,,1791486600000.0,,5.7741022109985405
2026-10-09T02:10:37+00:00,area_trajectory,milford_haven,,1791486720000.0,,5.80095815658569
2026-10-09T02:10:37+00:00,area_trajectory,milford_haven,,1791486840000.0,,5.80095815658569
2026-10-09T02:10:37+00:00,area_trajectory,milford_haven,,1791486960000.0,,5.7765436172485405
2026-10-09T02:10:37+00:00,area_trajectory,milford_haven,,1791487080000.0,,5.7765436172485405
2026-10-09T02:10:37+00:00,area_trajectory,milford_haven,,1791487200000.0,,5.79363393783569
2026-10-09T02:10:37+00:00,area_trajectory,milford_haven,,1791487320000.0,,5.79363393783569
2026-10-09T02:10:37+00:00,area_trajectory,milford_haven,,1791487440000.0,,5.83269739151001
2026-10-09T02:10:37+00:00,area_trajectory,milford_haven,,1791487560000.0,,5.83269739151001
2026-10-09T02:10:37+00:00,area_trajectory,milford_haven,,1791487680000.0,,5.83269739151001
2026-10-09T02:10:37+00:00,area_trajectory,milford_haven,,1791487800000.0,,5.83269739151001
2026-10-09T02:10:37+00:00,area_trajectory,milford_haven,,1791487920000.0,,5.83269739151001
2026-10-09T02:10:37+00:00,area_trajectory,milford_haven,,1791488040000.0,,5.78875064849854
2026-10-09T02:10:37+00:00,area_trajectory,milford_haven,,1791488160000.0,,5.78875064849854
2026-10-09T02:10:37+00:00,area_trajectory,milford_haven,,1791488280000.0,,5.7765436172485405
2026-10-09T02:10:37+00:00,area_trajectory,milford_haven,,1791488400000.0,,5.7765436172485405
2026-10-09T02:10:37+00:00,area_trajectory,milford_haven,,1791488520000.0,,5.75212860107422
2026-10-09T02:10:37+00:00,area_trajectory,milford_haven,,1791488640000.0,,5.83758068084717
2026-10-09T02:10:37+00:00,area_trajectory,milford_haven,,1791488760000.0,,5.83758068084717
2026-10-09T02:10:37+00:00,area_trajectory,milford_haven,,1791488880000.0,,5.92059087753296
2026-10-09T02:10:37+00:00,area_trajectory,milford_haven,,1791489000000.0,,5.91814947128296
2026-10-09T02:10:37+00:00,area_trajectory,milford_haven,,1791489120000.0,,5.91814947128296
2026-10-09T02:10:37+00:00,area_trajectory,milford_haven,,1791489240000.0,,5.91814947128296
2026-10-09T02:10:37+00:00,area_trajectory,milford_haven,,1791489360000.0,,5.91814947128296
2026-10-09T02:10:37+00:00,area_trajectory,milford_haven,,1791489480000.0,,5.99139356613159
2026-10-09T02:10:37+00:00,area_trajectory,milford_haven,,1791489600000.0,,5.908383369445799
2026-10-09T02:10:37+00:00,area_trajectory,milford_haven,,1791489720000.0,,5.908383369445799
2026-10-09T02:10:37+00:00,area_trajectory,milford_haven,,1791489840000.0,,5.97674465179443
2026-10-09T02:10:37+00:00,area_trajectory,milford_haven,,1791489960000.0,,5.97674465179443
2026-10-09T02:10:37+00:00,area_trajectory,milford_haven,,1791490080000.0,,5.92791509628296
2026-10-09T02:10:37+00:00,area_trajectory,milford_haven,,1791490200000.0,,6.062196731567379
2026-10-09T02:10:37+00:00,area_trajectory,milford_haven,,1791490320000.0,,6.062196731567379
2026-10-09T02:10:37+00:00,area_trajectory,milford_haven,,1791490440000.0,,6.062196731567379
2026-10-09T02:10:37+00:00,area_trajectory,milford_haven,,1791490560000.0,,5.97674465179443
2026-10-09T02:10:37+00:00,area_trajectory,milford_haven,,1791490680000.0,,5.97674465179443
2026-10-09T02:10:37+00:00,area_trajectory,milford_haven,,1791490800000.0,,5.95477151870728
2026-10-09T02:10:37+00:00,area_trajectory,milford_haven,,1791490920000.0,,5.95477151870728
2026-10-09T02:10:37+00:00,area_trajectory,milford_haven,,1791491040000.0,,5.95477151870728
2026-10-09T02:10:37+00:00,area_trajectory,milford_haven,,1791491160000.0,,5.95477151870728
2026-10-09T02:10:37+00:00,area_trajectory,milford_haven,,1791491280000.0,,5.94744729995728
2026-10-09T02:10:37+00:00,area_trajectory,milford_haven,,1791491400000.0,,5.94744729995728
2026-10-09T02:10:37+00:00,area_trajectory,milford_haven,,1791491520000.0,,5.94744729995728
2026-10-09T02:10:37+00:00,area_trajectory,milford_haven,,1791491640000.0,,5.96209621429443
2026-10-09T02:10:37+00:00,area_trajectory,milford_haven,,1791491760000.0,,5.96209621429443
2026-10-09T02:10:37+00:00,area_trajectory,milford_haven,,1791491880000.0,,5.96209621429443
2026-10-09T02:10:37+00:00,area_trajectory,milford_haven,,1791492000000.0,,5.96209621429443
2026-10-09T02:10:37+00:00,area_trajectory,milford_haven,,1791492120000.0,,5.96209621429443
2026-10-09T02:10:37+00:00,area_trajectory,milford_haven,,1791492240000.0,,5.96209621429443
2026-10-09T02:10:37+00:00,area_trajectory,milford_haven,,1791492360000.0,,5.96209621429443
2026-10-09T02:10:37+00:00,area_trajectory,milford_haven,,1791492480000.0,,5.96209621429443
2026-10-09T02:10:37+00:00,area_trajectory,milford_haven,,1791492600000.0,,5.96209621429443
2026-10-09T02:10:37+00:00,area_trajectory,milford_haven,,1791492720000.0,,5.99383544921875
2026-10-09T02:10:37+00:00,area_trajectory,milford_haven,,1791492840000.0,,5.99383544921875
2026-10-09T02:10:37+00:00,area_trajectory,milford_haven,,1791492960000.0,,5.99383544921875
2026-10-09T02:10:37+00:00,area_trajectory,milford_haven,,1791493080000.0,,5.98406934738159
2026-10-09T02:10:37+00:00,area_trajectory,milford_haven,,1791493200000.0,,5.98406934738159
2026-10-09T02:10:37+00:00,area_trajectory,milford_haven,,1791493320000.0,,5.98406934738159
2026-10-09T02:10:37+00:00,area_trajectory,milford_haven,,1791493440000.0,,5.94256401062012
2026-10-09T02:10:37+00:00,area_trajectory,milford_haven,,1791493560000.0,,5.96453762054443
2026-10-09T02:10:37+00:00,area_trajectory,milford_haven,,1791493680000.0,,5.97186183929443
2026-10-09T02:10:37+00:00,area_trajectory,milford_haven,,1791493800000.0,,5.95721292495728
2026-10-09T02:10:37+00:00,area_trajectory,milford_haven,,1791493920000.0,,5.95721292495728
2026-10-09T02:10:37+00:00,area_trajectory,milford_haven,,1791494040000.0,,5.92791509628296
2026-10-09T02:10:37+00:00,area_trajectory,milford_haven,,1791494160000.0,,5.92791509628296
2026-10-09T02:10:37+00:00,area_trajectory,milford_haven,,1791494280000.0,,5.92791509628296
2026-10-09T02:10:37+00:00,area_trajectory,milford_haven,,1791494400000.0,,5.92791509628296
2026-10-09T02:10:37+00:00,area_trajectory,milford_haven,,1791494520000.0,,5.92791509628296
2026-10-09T02:10:37+00:00,area_trajectory,milford_haven,,1791494640000.0,,5.92791509628296
2026-10-09T02:10:37+00:00,area_trajectory,milford_haven,,1791494760000.0,,5.92791509628296
2026-10-09T02:10:37+00:00,area_trajectory,milford_haven,,1791494880000.0,,5.95477151870728
2026-10-09T02:10:37+00:00,area_trajectory,milford_haven,,1791495000000.0,,5.95477151870728
2026-10-09T02:10:37+00:00,area_trajectory,milford_haven,,1791495120000.0,,6.0963773727417
2026-10-09T02:10:37+00:00,area_trajectory,milford_haven,,1791495240000.0,,6.0963773727417
2026-10-09T02:10:37+00:00,area_trajectory,milford_haven,,1791495360000.0,,6.0963773727417
2026-10-09T02:10:37+00:00,area_trajectory,milford_haven,,1791495480000.0,,6.18671226501465
2026-10-09T02:10:37+00:00,area_trajectory,milford_haven,,1791495600000.0,,6.0890531539917
2026-10-09T02:10:37+00:00,area_trajectory,milford_haven,,1791495720000.0,,6.18915367126465
2026-10-09T02:10:37+00:00,area_trajectory,milford_haven,,1791495840000.0,,6.18915367126465
2026-10-09T02:10:37+00:00,area_trajectory,milford_haven,,1791495960000.0,,6.18915367126465
2026-10-09T02:10:37+00:00,area_trajectory,milford_haven,,1791496080000.0,,6.18915367126465
2026-10-09T02:10:37+00:00,area_trajectory,milford_haven,,1791496200000.0,,6.18915367126465
2026-10-09T02:10:37+00:00,area_trajectory,milford_haven,,1791496320000.0,,6.169621944427489
2026-10-09T02:10:37+00:00,area_trajectory,milford_haven,,1791496440000.0,,6.169621944427489
2026-10-09T02:10:37+00:00,area_trajectory,milford_haven,,1791496560000.0,,6.284371376037599
2026-10-09T02:10:37+00:00,area_trajectory,milford_haven,,1791496680000.0,,6.41132831573486
2026-10-09T02:10:37+00:00,area_trajectory,milford_haven,,1791496800000.0,,6.41132831573486
2026-10-09T02:10:37+00:00,area_trajectory,milford_haven,,1791496920000.0,,6.41132831573486
2026-10-09T02:10:37+00:00,area_trajectory,milford_haven,,1791497040000.0,,6.42353582382202
2026-10-09T02:10:37+00:00,area_trajectory,milford_haven,,1791497160000.0,,6.42353582382202
2026-10-09T02:10:37+00:00,area_trajectory,milford_haven,,1791497280000.0,,6.504104614257811
2026-10-09T02:10:37+00:00,area_trajectory,milford_haven,,1791497400000.0,,6.504104614257811
2026-10-09T02:10:37+00:00,area_trajectory,milford_haven,,1791497520000.0,,6.55293416976929
2026-10-09T02:10:37+00:00,area_trajectory,milford_haven,,1791497640000.0,,6.55293416976929
2026-10-09T02:10:37+00:00,area_trajectory,milford_haven,,1791497760000.0,,6.5822319984436
2026-10-09T02:10:37+00:00,area_trajectory,milford_haven,,1791497880000.0,,6.71163082122803
2026-10-09T02:10:37+00:00,area_trajectory,milford_haven,,1791498000000.0,,6.71163082122803
2026-10-09T02:10:37+00:00,area_trajectory,milford_haven,,1791498120000.0,,6.71163082122803
2026-10-09T02:10:37+00:00,area_trajectory,milford_haven,,1791498240000.0,,6.86544370651245
2026-10-09T02:10:37+00:00,area_trajectory,milford_haven,,1791498360000.0,,6.98263502120972
2026-10-09T02:10:37+00:00,area_trajectory,milford_haven,,1791498480000.0,,6.98263502120972
2026-10-09T02:10:37+00:00,area_trajectory,milford_haven,,1791498600000.0,,6.98263502120972
2026-10-09T02:10:37+00:00,area_trajectory,milford_haven,,1791498720000.0,,7.260963916778561
2026-10-09T02:10:37+00:00,area_trajectory,milford_haven,,1791498840000.0,,7.260963916778561
2026-10-09T02:10:37+00:00,area_trajectory,milford_haven,,1791498960000.0,,7.260963916778561
2026-10-09T02:10:37+00:00,area_trajectory,milford_haven,,1791499080000.0,,7.260963916778561
2026-10-09T02:10:37+00:00,area_trajectory,milford_haven,,1791499200000.0,,7.30979347229004
2026-10-09T02:10:37+00:00,area_trajectory,milford_haven,,1791499320000.0,,7.36106443405151
2026-10-09T02:10:37+00:00,area_trajectory,milford_haven,,1791499440000.0,,7.36106443405151
2026-10-09T02:10:37+00:00,area_trajectory,milford_haven,,1791499560000.0,,7.45139932632446
2026-10-09T02:10:37+00:00,area_trajectory,milford_haven,,1791499680000.0,,7.45139932632446
2026-10-09T02:10:37+00:00,area_trajectory,milford_haven,,1791499800000.0,,7.36106443405151
2026-10-09T02:10:37+00:00,area_trajectory,milford_haven,,1791499920000.0,,7.44651651382446
2026-10-09T02:10:37+00:00,area_trajectory,milford_haven,,1791500040000.0,,7.44651651382446
2026-10-09T02:10:37+00:00,area_trajectory,milford_haven,,1791500160000.0,,7.44651651382446
2026-10-09T02:10:37+00:00,area_trajectory,milford_haven,,1791500280000.0,,7.36106443405151
2026-10-09T02:10:37+00:00,area_trajectory,milford_haven,,1791500400000.0,,7.490462779998779
2026-10-09T02:10:37+00:00,area_trajectory,milford_haven,,1791500520000.0,,7.490462779998779
2026-10-09T02:10:37+00:00,area_trajectory,milford_haven,,1791500640000.0,,7.48069715499878
2026-10-09T02:10:37+00:00,area_trajectory,milford_haven,,1791500760000.0,,7.488021373748779
2026-10-09T02:10:37+00:00,area_trajectory,milford_haven,,1791500880000.0,,7.488021373748779
2026-10-09T02:10:37+00:00,area_trajectory,milford_haven,,1791501000000.0,,7.500228881835939
2026-10-09T02:10:37+00:00,area_trajectory,milford_haven,,1791501120000.0,,7.500228881835939
2026-10-09T02:10:37+00:00,area_trajectory,milford_haven,,1791501240000.0,,7.500228881835939
2026-10-09T02:10:37+00:00,area_trajectory,milford_haven,,1791501360000.0,,7.73949384689331
2026-10-09T02:10:37+00:00,area_trajectory,milford_haven,,1791501480000.0,,7.73949384689331
2026-10-09T02:10:37+00:00,area_trajectory,milford_haven,,1791501600000.0,,7.73949384689331
2026-10-09T02:10:37+00:00,area_trajectory,milford_haven,,1791501720000.0,,7.6393933296203596
2026-10-09T02:10:37+00:00,area_trajectory,milford_haven,,1791501840000.0,,7.5197606086731
2026-10-09T02:10:37+00:00,area_trajectory,milford_haven,,1791501960000.0,,7.5197606086731
2026-10-09T02:10:37+00:00,area_trajectory,milford_haven,,1791502080000.0,,7.5197606086731
2026-10-09T02:10:37+00:00,area_trajectory,milford_haven,,1791502200000.0,,7.5197606086731
2026-10-09T02:10:37+00:00,area_trajectory,milford_haven,,1791502320000.0,,7.5197606086731
2026-10-09T02:10:37+00:00,area_trajectory,milford_haven,,1791502440000.0,,7.56614875793457
2026-10-09T02:10:37+00:00,area_trajectory,milford_haven,,1791502560000.0,,7.56614875793457
2026-10-09T02:10:37+00:00,area_trajectory,milford_haven,,1791502680000.0,,7.56614875793457
2026-10-09T02:10:37+00:00,area_trajectory,milford_haven,,1791502800000.0,,7.56614875793457
2026-10-09T02:10:37+00:00,area_trajectory,milford_haven,,1791502920000.0,,7.56614875793457
2026-10-09T02:10:37+00:00,area_trajectory,milford_haven,,1791503040000.0,,7.56614875793457
2026-10-09T02:10:37+00:00,area_trajectory,milford_haven,,1791503160000.0,,7.56614875793457
2026-10-09T02:10:37+00:00,area_trajectory,milford_haven,,1791503280000.0,,7.56614875793457
2026-10-09T02:10:37+00:00,area_trajectory,milford_haven,,1791503400000.0,,7.56614875793457
2026-10-09T02:10:37+00:00,area_trajectory,milford_haven,,1791503520000.0,,7.6467175483703596
2026-10-09T02:10:37+00:00,area_trajectory,milford_haven,,1791503640000.0,,7.6467175483703596
2026-10-09T02:10:37+00:00,area_trajectory,milford_haven,,1791503760000.0,,7.6467175483703596
2026-10-09T02:10:37+00:00,area_trajectory,milford_haven,,1791503880000.0,,7.6345105171203596
2026-10-09T02:10:37+00:00,area_trajectory,milford_haven,,1791504000000.0,,7.6345105171203596
2026-10-09T02:10:37+00:00,area_trajectory,milford_haven,,1791504120000.0,,7.6345105171203596
2026-10-09T02:10:37+00:00,area_trajectory,milford_haven,,1791504240000.0,,7.6345105171203596
2026-10-09T02:10:37+00:00,area_trajectory,milford_haven,,1791504360000.0,,7.6345105171203596
2026-10-09T02:10:37+00:00,area_trajectory,milford_haven,,1791504480000.0,,7.6345105171203596
2026-10-09T02:10:37+00:00,area_trajectory,milford_haven,,1791504600000.0,,7.6100955009460405
2026-10-09T02:10:37+00:00,area_trajectory,milford_haven,,1791504720000.0,,7.6100955009460405
2026-10-09T02:10:37+00:00,area_trajectory,milford_haven,,1791504840000.0,,7.6076540946960405
2026-10-09T02:10:37+00:00,area_trajectory,milford_haven,,1791504960000.0,,7.6076540946960405
2026-10-09T02:10:37+00:00,area_trajectory,milford_haven,,1791505080000.0,,7.595446586608889
2026-10-09T02:10:37+00:00,area_trajectory,milford_haven,,1791505200000.0,,7.595446586608889
2026-10-09T02:10:37+00:00,area_trajectory,milford_haven,,1791505320000.0,,7.50755310058594
2026-10-09T02:10:37+00:00,area_trajectory,milford_haven,,1791505440000.0,,7.50755310058594
2026-10-09T02:10:37+00:00,area_trajectory,milford_haven,,1791505560000.0,,7.50755310058594
2026-10-09T02:10:37+00:00,area_trajectory,milford_haven,,1791505680000.0,,7.5148777961731
2026-10-09T02:10:37+00:00,area_trajectory,milford_haven,,1791505800000.0,,7.5148777961731
2026-10-09T02:10:37+00:00,area_trajectory,milford_haven,,1791505920000.0,,7.500228881835939
2026-10-09T02:10:37+00:00,area_trajectory,milford_haven,,1791506040000.0,,7.500228881835939
2026-10-09T02:10:37+00:00,area_trajectory,milford_haven,,1791506160000.0,,7.497787475585939
2026-10-09T02:10:37+00:00,area_trajectory,milford_haven,,1791506280000.0,,7.497787475585939
2026-10-09T02:10:37+00:00,area_trajectory,milford_haven,,1791506400000.0,,7.497787475585939
2026-10-09T02:10:37+00:00,area_trajectory,milford_haven,,1791506520000.0,,7.497787475585939
2026-10-09T02:10:37+00:00,area_trajectory,milford_haven,,1791506640000.0,,7.497787475585939
2026-10-09T02:10:37+00:00,area_trajectory,milford_haven,,1791506760000.0,,7.46848964691162
2026-10-09T02:10:37+00:00,area_trajectory,milford_haven,,1791506880000.0,,7.46848964691162
2026-10-09T02:10:37+00:00,area_trajectory,milford_haven,,1791507000000.0,,7.46848964691162
2026-10-09T02:10:37+00:00,area_trajectory,milford_haven,,1791507120000.0,,7.46848964691162
2026-10-09T02:10:37+00:00,area_trajectory,milford_haven,,1791507240000.0,,7.46848964691162
2026-10-09T02:10:37+00:00,area_trajectory,milford_haven,,1791507360000.0,,7.46848964691162
2026-10-09T02:10:37+00:00,area_trajectory,milford_haven,,1791507480000.0,,7.46848964691162
2026-10-09T02:10:37+00:00,area_trajectory,milford_haven,,1791507600000.0,,7.45872354507446
2026-10-09T02:10:37+00:00,area_trajectory,milford_haven,,1791507720000.0,,7.45872354507446
2026-10-09T02:10:37+00:00,area_trajectory,milford_haven,,1791507840000.0,,7.497787475585939
2026-10-09T02:10:37+00:00,area_trajectory,milford_haven,,1791507960000.0,,7.48313856124878
2026-10-09T02:10:37+00:00,area_trajectory,milford_haven,,1791508080000.0,,7.48313856124878
2026-10-09T02:10:37+00:00,area_trajectory,milford_haven,,1791508200000.0,,7.48313856124878
2026-10-09T02:10:37+00:00,area_trajectory,milford_haven,,1791508320000.0,,7.485579967498779
2026-10-09T02:10:37+00:00,area_trajectory,milford_haven,,1791508440000.0,,7.485579967498779
2026-10-09T02:10:37+00:00,area_trajectory,milford_haven,,1791508560000.0,,7.485579967498779
2026-10-09T02:10:37+00:00,area_trajectory,milford_haven,,1791508680000.0,,7.485579967498779
2026-10-09T02:10:37+00:00,area_trajectory,milford_haven,,1791508800000.0,,7.46848964691162
2026-10-09T02:10:37+00:00,area_trajectory,milford_haven,,1791508920000.0,,7.46848964691162
2026-10-09T02:10:37+00:00,area_trajectory,milford_haven,,1791509040000.0,,7.47337245941162
2026-10-09T02:10:37+00:00,area_trajectory,milford_haven,,1791509160000.0,,7.47337245941162
2026-10-09T02:10:37+00:00,area_trajectory,milford_haven,,1791509280000.0,,7.47337245941162
2026-10-09T02:10:37+00:00,area_trajectory,milford_haven,,1791509400000.0,,7.47337245941162
2026-10-09T02:10:37+00:00,area_trajectory,milford_haven,,1791509520000.0,,7.46116542816162
2026-10-09T02:10:37+00:00,area_trajectory,milford_haven,,1791509640000.0,,7.46116542816162
2026-10-09T02:10:37+00:00,area_trajectory,milford_haven,,1791509760000.0,,7.44895792007446
2026-10-09T02:10:37+00:00,area_trajectory,milford_haven,,1791509880000.0,,7.47337245941162
2026-10-09T02:10:37+00:00,area_trajectory,milford_haven,,1791510000000.0,,7.47337245941162
2026-10-09T02:10:37+00:00,area_trajectory,milford_haven,,1791510120000.0,,7.47337245941162
2026-10-09T02:10:37+00:00,area_trajectory,milford_haven,,1791510240000.0,,7.47337245941162
2026-10-09T02:10:37+00:00,area_trajectory,milford_haven,,1791510360000.0,,7.47337245941162
2026-10-09T02:10:37+00:00,area_trajectory,milford_haven,,1791510480000.0,,7.497787475585939
2026-10-09T02:10:37+00:00,area_trajectory,milford_haven,,1791510600000.0,,7.497787475585939
2026-10-09T02:10:37+00:00,area_trajectory,milford_haven,,1791510720000.0,,7.497787475585939
2026-10-09T02:10:37+00:00,area_trajectory,milford_haven,,1791510840000.0,,7.48313856124878
2026-10-09T02:10:37+00:00,area_trajectory,milford_haven,,1791510960000.0,,7.48313856124878
2026-10-09T02:10:37+00:00,area_trajectory,milford_haven,,1791511080000.0,,7.48313856124878
2026-10-09T02:10:37+00:00,area_trajectory,milford_haven,,1791511200000.0,,7.505111694335939
2026-10-09T02:10:37+00:00,area_trajectory,milford_haven,,1791511320000.0,,7.56126594543457
2026-10-09T02:10:37+00:00,area_trajectory,milford_haven,,1791511440000.0,,7.56126594543457
2026-10-09T02:10:37+00:00,area_trajectory,milford_haven,,1791511560000.0,,7.597887992858889
2026-10-09T02:10:37+00:00,area_trajectory,milford_haven,,1791511680000.0,,7.597887992858889
2026-10-09T02:10:37+00:00,area_trajectory,milford_haven,,1791511800000.0,,7.597887992858889
2026-10-09T02:10:37+00:00,area_trajectory,milford_haven,,1791511920000.0,,7.597887992858889
2026-10-09T02:10:37+00:00,area_trajectory,milford_haven,,1791512040000.0,,7.597887992858889
2026-10-09T02:10:37+00:00,area_trajectory,milford_haven,,1791512160000.0,,7.597887992858889
2026-10-09T02:10:37+00:00,area_trajectory,milford_haven,,1791512280000.0,,7.597887992858889
2026-10-09T02:10:37+00:00,area_trajectory,milford_haven,,1791512400000.0,,7.6516008377075195
2026-10-09T02:10:37+00:00,area_trajectory,milford_haven,,1791512520000.0,,7.6516008377075195
2026-10-09T02:10:37+00:00,area_trajectory,milford_haven,,1791512640000.0,,7.6516008377075195
2026-10-09T02:10:37+00:00,area_trajectory,milford_haven,,1791512760000.0,,7.66624975204468
2026-10-09T02:10:37+00:00,area_trajectory,milford_haven,,1791512880000.0,,7.68089866638184
2026-10-09T02:10:37+00:00,area_trajectory,milford_haven,,1791513000000.0,,7.68089866638184
2026-10-09T02:10:37+00:00,area_trajectory,milford_haven,,1791513120000.0,,7.68089866638184
2026-10-09T02:10:37+00:00,area_trajectory,milford_haven,,1791513240000.0,,7.66380786895752
2026-10-09T02:10:37+00:00,area_trajectory,milford_haven,,1791513360000.0,,7.6100955009460405
2026-10-09T02:10:37+00:00,area_trajectory,milford_haven,,1791513480000.0,,7.6100955009460405
2026-10-09T02:10:37+00:00,area_trajectory,milford_haven,,1791513600000.0,,7.6100955009460405
2026-10-09T02:10:37+00:00,area_trajectory,milford_haven,,1791513720000.0,,7.6100955009460405
2026-10-09T02:10:37+00:00,area_trajectory,milford_haven,,1791513840000.0,,7.70043039321899
2026-10-09T02:10:37+00:00,area_trajectory,milford_haven,,1791513960000.0,,7.70043039321899
2026-10-09T02:10:37+00:00,area_trajectory,milford_haven,,1791514080000.0,,7.67845678329468
2026-10-09T02:10:37+00:00,area_trajectory,milford_haven,,1791514200000.0,,7.6320686340332
2026-10-09T02:10:37+00:00,area_trajectory,milford_haven,,1791514320000.0,,7.6320686340332
2026-10-09T02:10:37+00:00,area_trajectory,milford_haven,,1791514440000.0,,7.66136646270752
2026-10-09T02:10:37+00:00,area_trajectory,milford_haven,,1791514560000.0,,7.67601537704468
2026-10-09T02:10:37+00:00,area_trajectory,milford_haven,,1791514680000.0,,7.67601537704468
2026-10-09T02:10:37+00:00,area_trajectory,milford_haven,,1791514800000.0,,7.58079767227173
2026-10-09T02:10:37+00:00,area_trajectory,milford_haven,,1791514920000.0,,7.58079767227173
2026-10-09T02:10:37+00:00,area_trajectory,milford_haven,,1791515040000.0,,7.6345105171203596
2026-10-09T02:10:37+00:00,area_trajectory,milford_haven,,1791515160000.0,,7.6345105171203596
2026-10-09T02:10:37+00:00,area_trajectory,milford_haven,,1791515280000.0,,7.595446586608889
2026-10-09T02:10:37+00:00,area_trajectory,milford_haven,,1791515400000.0,,7.595446586608889
2026-10-09T02:10:37+00:00,subterminal_latest,grain,nts1,,03:00,0.00
2026-10-09T02:10:37+00:00,subterminal_latest,grain,nts1,,03:02,0.00
2026-10-09T02:10:37+00:00,subterminal_latest,grain,nts1,,03:04,0.00
2026-10-09T02:10:37+00:00,subterminal_latest,grain,nts1,,03:06,0.00
2026-10-09T02:10:37+00:00,subterminal_latest,grain,nts1,,03:08,0.00
2026-10-09T02:10:37+00:00,subterminal_latest,grain,nts1,,03:10,0.00
2026-10-09T02:10:37+00:00,subterminal_latest,grain,nts2,,03:00,0.00
2026-10-09T02:10:37+00:00,subterminal_latest,grain,nts2,,03:02,0.00
2026-10-09T02:10:37+00:00,subterminal_latest,grain,nts2,,03:04,0.00
2026-10-09T02:10:37+00:00,subterminal_latest,grain,nts2,,03:06,0.00
2026-10-09T02:10:37+00:00,subterminal_latest,grain,nts2,,03:08,0.00
2026-10-09T02:10:37+00:00,subterminal_latest,grain,nts2,,03:10,0.00
2026-10-09T02:10:37+00:00,subterminal_latest,dragon,,,03:00,0.00
2026-10-09T02:10:37+00:00,subterminal_latest,dragon,,,03:02,0.00
2026-10-09T02:10:37+00:00,subterminal_latest,dragon,,,03:04,0.00
2026-10-09T02:10:37+00:00,subterminal_latest,dragon,,,03:06,0.00
2026-10-09T02:10:37+00:00,subterminal_latest,dragon,,,03:08,0.00
2026-10-09T02:10:37+00:00,subterminal_latest,dragon,,,03:10,0.00
2026-10-09T02:10:37+00:00,subterminal_latest,south_hook,,,03:00,7.58
2026-10-09T02:10:37+00:00,subterminal_latest,south_hook,,,03:02,7.58
2026-10-09T02:10:37+00:00,subterminal_latest,south_hook,,,03:04,7.63
2026-10-09T02:10:37+00:00,subterminal_latest,south_hook,,,03:06,7.60
2026-10-09T02:10:37+00:00,subterminal_latest,south_hook,,,03:08,7.60
2026-10-09T02:10:37+00:00,subterminal_latest,south_hook,,,03:10,7.60
