snapshot_utc,series,terminal,sub,epoch_ms,time_label,value_mcm_d
2026-10-06T02:18:24+00:00,area_trajectory,grain,,1791176400000.0,,3.69244738752767
2026-10-06T02:18:24+00:00,area_trajectory,grain,,1791176520000.0,,3.69244738752767
2026-10-06T02:18:24+00:00,area_trajectory,grain,,1791176640000.0,,3.8664759519808003
2026-10-06T02:18:24+00:00,area_trajectory,grain,,1791176760000.0,,3.8664759519808003
2026-10-06T02:18:24+00:00,area_trajectory,grain,,1791176880000.0,,3.1324570310823603
2026-10-06T02:18:24+00:00,area_trajectory,grain,,1791177000000.0,,3.1324570310823603
2026-10-06T02:18:24+00:00,area_trajectory,grain,,1791177120000.0,,3.1762939451448595
2026-10-06T02:18:24+00:00,area_trajectory,grain,,1791177240000.0,,3.1762939451448595
2026-10-06T02:18:24+00:00,area_trajectory,grain,,1791177360000.0,,2.90734039289877
2026-10-06T02:18:24+00:00,area_trajectory,grain,,1791177480000.0,,2.90734039289877
2026-10-06T02:18:24+00:00,area_trajectory,grain,,1791177600000.0,,3.0391803587190798
2026-10-06T02:18:24+00:00,area_trajectory,grain,,1791177720000.0,,3.0391803587190798
2026-10-06T02:18:24+00:00,area_trajectory,grain,,1791177840000.0,,2.95941705305502
2026-10-06T02:18:24+00:00,area_trajectory,grain,,1791177960000.0,,2.95941705305502
2026-10-06T02:18:24+00:00,area_trajectory,grain,,1791178080000.0,,2.95941705305502
2026-10-06T02:18:24+00:00,area_trajectory,grain,,1791178200000.0,,2.95941705305502
2026-10-06T02:18:24+00:00,area_trajectory,grain,,1791178320000.0,,2.99666180403158
2026-10-06T02:18:24+00:00,area_trajectory,grain,,1791178440000.0,,2.99666180403158
2026-10-06T02:18:24+00:00,area_trajectory,grain,,1791178560000.0,,3.01544915754721
2026-10-06T02:18:24+00:00,area_trajectory,grain,,1791178680000.0,,3.01544915754721
2026-10-06T02:18:24+00:00,area_trajectory,grain,,1791178800000.0,,2.9353562620393903
2026-10-06T02:18:24+00:00,area_trajectory,grain,,1791178920000.0,,2.9353562620393903
2026-10-06T02:18:24+00:00,area_trajectory,grain,,1791179040000.0,,2.9548026121370503
2026-10-06T02:18:24+00:00,area_trajectory,grain,,1791179160000.0,,2.9548026121370503
2026-10-06T02:18:24+00:00,area_trajectory,grain,,1791179280000.0,,2.97490832502767
2026-10-06T02:18:24+00:00,area_trajectory,grain,,1791179400000.0,,2.97490832502767
2026-10-06T02:18:24+00:00,area_trajectory,grain,,1791179520000.0,,2.9927067259065803
2026-10-06T02:18:24+00:00,area_trajectory,grain,,1791179640000.0,,2.9927067259065803
2026-10-06T02:18:24+00:00,area_trajectory,grain,,1791179760000.0,,2.9538138426058
2026-10-06T02:18:24+00:00,area_trajectory,grain,,1791179880000.0,,2.9538138426058
2026-10-06T02:18:24+00:00,area_trajectory,grain,,1791180000000.0,,2.9538138426058
2026-10-06T02:18:24+00:00,area_trajectory,grain,,1791180120000.0,,2.9538138426058
2026-10-06T02:18:24+00:00,area_trajectory,grain,,1791180240000.0,,3.0138010252229903
2026-10-06T02:18:24+00:00,area_trajectory,grain,,1791180360000.0,,3.0138010252229903
2026-10-06T02:18:24+00:00,area_trajectory,grain,,1791180480000.0,,2.9544730222932998
2026-10-06T02:18:24+00:00,area_trajectory,grain,,1791180600000.0,,2.9544730222932998
2026-10-06T02:18:24+00:00,area_trajectory,grain,,1791180720000.0,,2.9722714231722103
2026-10-06T02:18:24+00:00,area_trajectory,grain,,1791180840000.0,,2.9722714231722103
2026-10-06T02:18:24+00:00,area_trajectory,grain,,1791180960000.0,,3.04840905744955
2026-10-06T02:18:24+00:00,area_trajectory,grain,,1791181080000.0,,3.04840905744955
2026-10-06T02:18:24+00:00,area_trajectory,grain,,1791181200000.0,,2.92942346174642
2026-10-06T02:18:24+00:00,area_trajectory,grain,,1791181320000.0,,2.92942346174642
2026-10-06T02:18:24+00:00,area_trajectory,grain,,1791181440000.0,,2.94689227278158
2026-10-06T02:18:24+00:00,area_trajectory,grain,,1791181560000.0,,3.00424273664877
2026-10-06T02:18:24+00:00,area_trajectory,grain,,1791181680000.0,,3.00424273664877
2026-10-06T02:18:24+00:00,area_trajectory,grain,,1791181800000.0,,3.00424273664877
2026-10-06T02:18:24+00:00,area_trajectory,grain,,1791181920000.0,,2.9818298948518898
2026-10-06T02:18:24+00:00,area_trajectory,grain,,1791182040000.0,,2.9818298948518898
2026-10-06T02:18:24+00:00,area_trajectory,grain,,1791182160000.0,,2.9607354124300205
2026-10-06T02:18:24+00:00,area_trajectory,grain,,1791182280000.0,,2.9607354124300205
2026-10-06T02:18:24+00:00,area_trajectory,grain,,1791182400000.0,,2.93832275373861
2026-10-06T02:18:24+00:00,area_trajectory,grain,,1791182520000.0,,2.93832275373861
2026-10-06T02:18:24+00:00,area_trajectory,grain,,1791182640000.0,,2.95513238508627
2026-10-06T02:18:24+00:00,area_trajectory,grain,,1791182760000.0,,2.95513238508627
2026-10-06T02:18:24+00:00,area_trajectory,grain,,1791182880000.0,,2.97095306379721
2026-10-06T02:18:24+00:00,area_trajectory,grain,,1791183000000.0,,2.97095306379721
2026-10-06T02:18:24+00:00,area_trajectory,grain,,1791183120000.0,,2.92909387190267
2026-10-06T02:18:24+00:00,area_trajectory,grain,,1791183240000.0,,2.92909387190267
2026-10-06T02:18:24+00:00,area_trajectory,grain,,1791183360000.0,,2.92909387190267
2026-10-06T02:18:24+00:00,area_trajectory,grain,,1791183480000.0,,2.92909387190267
2026-10-06T02:18:24+00:00,area_trajectory,grain,,1791183600000.0,,2.92909387190267
2026-10-06T02:18:24+00:00,area_trajectory,grain,,1791183720000.0,,2.92909387190267
2026-10-06T02:18:24+00:00,area_trajectory,grain,,1791183840000.0,,2.9577691038362697
2026-10-06T02:18:24+00:00,area_trajectory,grain,,1791183960000.0,,2.9923771360628297
2026-10-06T02:18:24+00:00,area_trajectory,grain,,1791184080000.0,,2.9923771360628297
2026-10-06T02:18:24+00:00,area_trajectory,grain,,1791184200000.0,,2.9923771360628297
2026-10-06T02:18:24+00:00,area_trajectory,grain,,1791184320000.0,,2.96897552473471
2026-10-06T02:18:24+00:00,area_trajectory,grain,,1791184440000.0,,2.96897552473471
2026-10-06T02:18:24+00:00,area_trajectory,grain,,1791184560000.0,,2.94557391340658
2026-10-06T02:18:24+00:00,area_trajectory,grain,,1791184680000.0,,2.94557391340658
2026-10-06T02:18:24+00:00,area_trajectory,grain,,1791184800000.0,,2.9791931761018904
2026-10-06T02:18:24+00:00,area_trajectory,grain,,1791184920000.0,,2.9791931761018904
2026-10-06T02:18:24+00:00,area_trajectory,grain,,1791185040000.0,,2.95645074446127
2026-10-06T02:18:24+00:00,area_trajectory,grain,,1791185160000.0,,2.95645074446127
2026-10-06T02:18:24+00:00,area_trajectory,grain,,1791185280000.0,,2.91393237287924
2026-10-06T02:18:24+00:00,area_trajectory,grain,,1791185400000.0,,2.98842187483236
2026-10-06T02:18:24+00:00,area_trajectory,grain,,1791185520000.0,,2.98842187483236
2026-10-06T02:18:24+00:00,area_trajectory,grain,,1791185640000.0,,2.98842187483236
2026-10-06T02:18:24+00:00,area_trajectory,grain,,1791185760000.0,,2.94689227278158
2026-10-06T02:18:24+00:00,area_trajectory,grain,,1791185880000.0,,2.94689227278158
2026-10-06T02:18:24+00:00,area_trajectory,grain,,1791186000000.0,,2.9630427244417397
2026-10-06T02:18:24+00:00,area_trajectory,grain,,1791186120000.0,,2.9630427244417397
2026-10-06T02:18:24+00:00,area_trajectory,grain,,1791186240000.0,,2.92184271223471
2026-10-06T02:18:24+00:00,area_trajectory,grain,,1791186360000.0,,2.93766357405111
2026-10-06T02:18:24+00:00,area_trajectory,grain,,1791186480000.0,,2.93766357405111
2026-10-06T02:18:24+00:00,area_trajectory,grain,,1791186600000.0,,2.93766357405111
2026-10-06T02:18:24+00:00,area_trajectory,grain,,1791186720000.0,,2.93766357405111
2026-10-06T02:18:24+00:00,area_trajectory,grain,,1791186840000.0,,2.93766357405111
2026-10-06T02:18:24+00:00,area_trajectory,grain,,1791186960000.0,,2.9511771238558
2026-10-06T02:18:24+00:00,area_trajectory,grain,,1791187080000.0,,2.9511771238558
2026-10-06T02:18:24+00:00,area_trajectory,grain,,1791187200000.0,,2.96567944319174
2026-10-06T02:18:24+00:00,area_trajectory,grain,,1791187320000.0,,2.96567944319174
2026-10-06T02:18:24+00:00,area_trajectory,grain,,1791187440000.0,,2.94227783186361
2026-10-06T02:18:24+00:00,area_trajectory,grain,,1791187560000.0,,2.94227783186361
2026-10-06T02:18:24+00:00,area_trajectory,grain,,1791187680000.0,,2.94227783186361
2026-10-06T02:18:24+00:00,area_trajectory,grain,,1791187800000.0,,2.94227783186361
2026-10-06T02:18:24+00:00,area_trajectory,grain,,1791187920000.0,,2.9185466306917403
2026-10-06T02:18:24+00:00,area_trajectory,grain,,1791188040000.0,,2.9185466306917403
2026-10-06T02:18:24+00:00,area_trajectory,grain,,1791188160000.0,,2.9185466306917403
2026-10-06T02:18:24+00:00,area_trajectory,grain,,1791188280000.0,,2.9185466306917403
2026-10-06T02:18:24+00:00,area_trajectory,grain,,1791188400000.0,,2.97095306379721
2026-10-06T02:18:24+00:00,area_trajectory,grain,,1791188520000.0,,2.97095306379721
2026-10-06T02:18:24+00:00,area_trajectory,grain,,1791188640000.0,,2.97095306379721
2026-10-06T02:18:24+00:00,area_trajectory,grain,,1791188760000.0,,2.97095306379721
2026-10-06T02:18:24+00:00,area_trajectory,grain,,1791188880000.0,,2.97095306379721
2026-10-06T02:18:24+00:00,area_trajectory,grain,,1791189000000.0,,2.97095306379721
2026-10-06T02:18:24+00:00,area_trajectory,grain,,1791189120000.0,,2.94425555403158
2026-10-06T02:18:24+00:00,area_trajectory,grain,,1791189240000.0,,2.94425555403158
2026-10-06T02:18:24+00:00,area_trajectory,grain,,1791189360000.0,,2.98018194563314
2026-10-06T02:18:24+00:00,area_trajectory,grain,,1791189480000.0,,2.98018194563314
2026-10-06T02:18:24+00:00,area_trajectory,grain,,1791189600000.0,,2.98018194563314
2026-10-06T02:18:24+00:00,area_trajectory,grain,,1791189720000.0,,2.98018194563314
2026-10-06T02:18:24+00:00,area_trajectory,grain,,1791189840000.0,,2.98018194563314
2026-10-06T02:18:24+00:00,area_trajectory,grain,,1791189960000.0,,2.98018194563314
2026-10-06T02:18:24+00:00,area_trajectory,grain,,1791190080000.0,,2.9927067259065803
2026-10-06T02:18:24+00:00,area_trajectory,grain,,1791190200000.0,,2.9927067259065803
2026-10-06T02:18:24+00:00,area_trajectory,grain,,1791190320000.0,,2.95348425276205
2026-10-06T02:18:24+00:00,area_trajectory,grain,,1791190440000.0,,2.95348425276205
2026-10-06T02:18:24+00:00,area_trajectory,grain,,1791190560000.0,,3.00786822493002
2026-10-06T02:18:24+00:00,area_trajectory,grain,,1791190680000.0,,3.00786822493002
2026-10-06T02:18:24+00:00,area_trajectory,grain,,1791190800000.0,,2.9676571653597104
2026-10-06T02:18:24+00:00,area_trajectory,grain,,1791190920000.0,,2.9676571653597104
2026-10-06T02:18:24+00:00,area_trajectory,grain,,1791191040000.0,,2.94689227278158
2026-10-06T02:18:24+00:00,area_trajectory,grain,,1791191160000.0,,2.94689227278158
2026-10-06T02:18:24+00:00,area_trajectory,grain,,1791191280000.0,,2.96567944319174
2026-10-06T02:18:24+00:00,area_trajectory,grain,,1791191400000.0,,2.96567944319174
2026-10-06T02:18:24+00:00,area_trajectory,grain,,1791191520000.0,,2.96567944319174
2026-10-06T02:18:24+00:00,area_trajectory,grain,,1791191640000.0,,2.96567944319174
2026-10-06T02:18:24+00:00,area_trajectory,grain,,1791191760000.0,,2.96567944319174
2026-10-06T02:18:24+00:00,area_trajectory,grain,,1791191880000.0,,2.96567944319174
2026-10-06T02:18:24+00:00,area_trajectory,grain,,1791192000000.0,,2.94227783186361
2026-10-06T02:18:24+00:00,area_trajectory,grain,,1791192120000.0,,2.94227783186361
2026-10-06T02:18:24+00:00,area_trajectory,grain,,1791192240000.0,,2.96106518537924
2026-10-06T02:18:24+00:00,area_trajectory,grain,,1791192360000.0,,2.96106518537924
2026-10-06T02:18:24+00:00,area_trajectory,grain,,1791192480000.0,,2.97622668440267
2026-10-06T02:18:24+00:00,area_trajectory,grain,,1791192600000.0,,2.97622668440267
2026-10-06T02:18:24+00:00,area_trajectory,grain,,1791192720000.0,,2.92019476301596
2026-10-06T02:18:24+00:00,area_trajectory,grain,,1791192840000.0,,2.92019476301596
2026-10-06T02:18:24+00:00,area_trajectory,grain,,1791192960000.0,,2.93601544172689
2026-10-06T02:18:24+00:00,area_trajectory,grain,,1791193080000.0,,2.93601544172689
2026-10-06T02:18:24+00:00,area_trajectory,grain,,1791193200000.0,,2.97326037580892
2026-10-06T02:18:24+00:00,area_trajectory,grain,,1791193320000.0,,2.97326037580892
2026-10-06T02:18:24+00:00,area_trajectory,grain,,1791193440000.0,,2.91656909162924
2026-10-06T02:18:24+00:00,area_trajectory,grain,,1791193560000.0,,2.91656909162924
2026-10-06T02:18:24+00:00,area_trajectory,grain,,1791193680000.0,,2.97260101301596
2026-10-06T02:18:24+00:00,area_trajectory,grain,,1791193800000.0,,2.97260101301596
2026-10-06T02:18:24+00:00,area_trajectory,grain,,1791193920000.0,,2.91459155256674
2026-10-06T02:18:24+00:00,area_trajectory,grain,,1791194040000.0,,2.91459155256674
2026-10-06T02:18:24+00:00,area_trajectory,grain,,1791194160000.0,,3.00951635725424
2026-10-06T02:18:24+00:00,area_trajectory,grain,,1791194280000.0,,3.00951635725424
2026-10-06T02:18:24+00:00,area_trajectory,grain,,1791194400000.0,,2.93238995344564
2026-10-06T02:18:24+00:00,area_trajectory,grain,,1791194520000.0,,2.93238995344564
2026-10-06T02:18:24+00:00,area_trajectory,grain,,1791194640000.0,,2.96963470442221
2026-10-06T02:18:24+00:00,area_trajectory,grain,,1791194760000.0,,2.96963470442221
2026-10-06T02:18:24+00:00,area_trajectory,grain,,1791194880000.0,,2.93173077375814
2026-10-06T02:18:24+00:00,area_trajectory,grain,,1791195000000.0,,2.93173077375814
2026-10-06T02:18:24+00:00,area_trajectory,grain,,1791195120000.0,,2.93173077375814
2026-10-06T02:18:24+00:00,area_trajectory,grain,,1791195240000.0,,2.93173077375814
2026-10-06T02:18:24+00:00,area_trajectory,grain,,1791195360000.0,,2.94821063215658
2026-10-06T02:18:24+00:00,area_trajectory,grain,,1791195480000.0,,2.94821063215658
2026-10-06T02:18:24+00:00,area_trajectory,grain,,1791195600000.0,,2.94821063215658
2026-10-06T02:18:24+00:00,area_trajectory,grain,,1791195720000.0,,2.94821063215658
2026-10-06T02:18:24+00:00,area_trajectory,grain,,1791195840000.0,,2.94821063215658
2026-10-06T02:18:24+00:00,area_trajectory,grain,,1791195960000.0,,2.94821063215658
2026-10-06T02:18:24+00:00,area_trajectory,grain,,1791196080000.0,,2.94821063215658
2026-10-06T02:18:24+00:00,area_trajectory,grain,,1791196200000.0,,2.94821063215658
2026-10-06T02:18:24+00:00,area_trajectory,grain,,1791196320000.0,,3.0022650144808005
2026-10-06T02:18:24+00:00,area_trajectory,grain,,1791196440000.0,,3.0022650144808005
2026-10-06T02:18:24+00:00,area_trajectory,grain,,1791196560000.0,,2.94458514387533
2026-10-06T02:18:24+00:00,area_trajectory,grain,,1791196680000.0,,2.94458514387533
2026-10-06T02:18:24+00:00,area_trajectory,grain,,1791196800000.0,,2.96337231428549
2026-10-06T02:18:24+00:00,area_trajectory,grain,,1791196920000.0,,2.96337231428549
2026-10-06T02:18:24+00:00,area_trajectory,grain,,1791197040000.0,,2.9251387937776703
2026-10-06T02:18:24+00:00,area_trajectory,grain,,1791197160000.0,,2.9251387937776703
2026-10-06T02:18:24+00:00,area_trajectory,grain,,1791197280000.0,,2.98117071516439
2026-10-06T02:18:24+00:00,area_trajectory,grain,,1791197400000.0,,2.98117071516439
2026-10-06T02:18:24+00:00,area_trajectory,grain,,1791197520000.0,,2.9630427244417397
2026-10-06T02:18:24+00:00,area_trajectory,grain,,1791197640000.0,,2.9630427244417397
2026-10-06T02:18:24+00:00,area_trajectory,grain,,1791197760000.0,,2.9630427244417397
2026-10-06T02:18:24+00:00,area_trajectory,grain,,1791197880000.0,,2.9630427244417397
2026-10-06T02:18:24+00:00,area_trajectory,grain,,1791198000000.0,,2.98018194563314
2026-10-06T02:18:24+00:00,area_trajectory,grain,,1791198120000.0,,2.98018194563314
2026-10-06T02:18:24+00:00,area_trajectory,grain,,1791198240000.0,,2.9597466428987698
2026-10-06T02:18:24+00:00,area_trajectory,grain,,1791198360000.0,,2.9597466428987698
2026-10-06T02:18:24+00:00,area_trajectory,grain,,1791198480000.0,,2.9768858640901703
2026-10-06T02:18:24+00:00,area_trajectory,grain,,1791198600000.0,,2.9768858640901703
2026-10-06T02:18:24+00:00,area_trajectory,grain,,1791198720000.0,,2.95645074446127
2026-10-06T02:18:24+00:00,area_trajectory,grain,,1791198840000.0,,2.95645074446127
2026-10-06T02:18:24+00:00,area_trajectory,grain,,1791198960000.0,,2.9768858640901703
2026-10-06T02:18:24+00:00,area_trajectory,grain,,1791199080000.0,,2.9768858640901703
2026-10-06T02:18:24+00:00,area_trajectory,grain,,1791199200000.0,,3.01314184553549
2026-10-06T02:18:24+00:00,area_trajectory,grain,,1791199320000.0,,3.01314184553549
2026-10-06T02:18:24+00:00,area_trajectory,grain,,1791199440000.0,,2.97556750471517
2026-10-06T02:18:24+00:00,area_trajectory,grain,,1791199560000.0,,2.97556750471517
2026-10-06T02:18:24+00:00,area_trajectory,grain,,1791199680000.0,,2.9577691038362697
2026-10-06T02:18:24+00:00,area_trajectory,grain,,1791199800000.0,,2.9577691038362697
2026-10-06T02:18:24+00:00,area_trajectory,grain,,1791199920000.0,,3.0138010252229903
2026-10-06T02:18:24+00:00,area_trajectory,grain,,1791200040000.0,,3.0138010252229903
2026-10-06T02:18:24+00:00,area_trajectory,grain,,1791200160000.0,,2.97622668440267
2026-10-06T02:18:24+00:00,area_trajectory,grain,,1791200280000.0,,2.97622668440267
2026-10-06T02:18:24+00:00,area_trajectory,grain,,1791200400000.0,,2.95842828352377
2026-10-06T02:18:24+00:00,area_trajectory,grain,,1791200520000.0,,2.95842828352377
2026-10-06T02:18:24+00:00,area_trajectory,grain,,1791200640000.0,,2.95842828352377
2026-10-06T02:18:24+00:00,area_trajectory,grain,,1791200760000.0,,2.95842828352377
2026-10-06T02:18:24+00:00,area_trajectory,grain,,1791200880000.0,,2.9745787351839197
2026-10-06T02:18:24+00:00,area_trajectory,grain,,1791201000000.0,,2.9745787351839197
2026-10-06T02:18:24+00:00,area_trajectory,grain,,1791201120000.0,,2.99468426496908
2026-10-06T02:18:24+00:00,area_trajectory,grain,,1791201240000.0,,2.99468426496908
2026-10-06T02:18:24+00:00,area_trajectory,grain,,1791201360000.0,,2.97556750471517
2026-10-06T02:18:24+00:00,area_trajectory,grain,,1791201480000.0,,2.97556750471517
2026-10-06T02:18:24+00:00,area_trajectory,grain,,1791201600000.0,,2.97556750471517
2026-10-06T02:18:24+00:00,area_trajectory,grain,,1791201720000.0,,2.97556750471517
2026-10-06T02:18:24+00:00,area_trajectory,grain,,1791201840000.0,,2.97556750471517
2026-10-06T02:18:24+00:00,area_trajectory,grain,,1791201960000.0,,2.97556750471517
2026-10-06T02:18:24+00:00,area_trajectory,grain,,1791202080000.0,,3.0128122556917405
2026-10-06T02:18:24+00:00,area_trajectory,grain,,1791202200000.0,,3.0128122556917405
2026-10-06T02:18:24+00:00,area_trajectory,grain,,1791202320000.0,,2.97589709455892
2026-10-06T02:18:24+00:00,area_trajectory,grain,,1791202440000.0,,2.97589709455892
2026-10-06T02:18:24+00:00,area_trajectory,grain,,1791202560000.0,,2.95743951399252
2026-10-06T02:18:24+00:00,area_trajectory,grain,,1791202680000.0,,2.95743951399252
2026-10-06T02:18:24+00:00,area_trajectory,grain,,1791202800000.0,,2.9943546751253303
2026-10-06T02:18:24+00:00,area_trajectory,grain,,1791202920000.0,,2.9943546751253303
2026-10-06T02:18:24+00:00,area_trajectory,grain,,1791203040000.0,,2.95743951399252
2026-10-06T02:18:24+00:00,area_trajectory,grain,,1791203160000.0,,2.95743951399252
2026-10-06T02:18:24+00:00,area_trajectory,grain,,1791203280000.0,,2.99369549543783
2026-10-06T02:18:24+00:00,area_trajectory,grain,,1791203400000.0,,2.99369549543783
2026-10-06T02:18:24+00:00,area_trajectory,grain,,1791203520000.0,,2.95513238508627
2026-10-06T02:18:24+00:00,area_trajectory,grain,,1791203640000.0,,2.95513238508627
2026-10-06T02:18:24+00:00,area_trajectory,grain,,1791203760000.0,,2.97556750471517
2026-10-06T02:18:24+00:00,area_trajectory,grain,,1791203880000.0,,2.97556750471517
2026-10-06T02:18:24+00:00,area_trajectory,grain,,1791204000000.0,,2.97556750471517
2026-10-06T02:18:24+00:00,area_trajectory,grain,,1791204120000.0,,3.01314184553549
2026-10-06T02:18:24+00:00,area_trajectory,grain,,1791204240000.0,,3.01314184553549
2026-10-06T02:18:24+00:00,area_trajectory,grain,,1791204360000.0,,3.01314184553549
2026-10-06T02:18:24+00:00,area_trajectory,grain,,1791204480000.0,,2.9571099241487704
2026-10-06T02:18:24+00:00,area_trajectory,grain,,1791204600000.0,,2.9571099241487704
2026-10-06T02:18:24+00:00,area_trajectory,grain,,1791204720000.0,,2.9940250852815797
2026-10-06T02:18:24+00:00,area_trajectory,grain,,1791204840000.0,,2.9940250852815797
2026-10-06T02:18:24+00:00,area_trajectory,grain,,1791204960000.0,,2.9571099241487704
2026-10-06T02:18:24+00:00,area_trajectory,grain,,1791205080000.0,,2.9571099241487704
2026-10-06T02:18:24+00:00,area_trajectory,grain,,1791205200000.0,,2.9571099241487704
2026-10-06T02:18:24+00:00,area_trajectory,grain,,1791205320000.0,,2.9571099241487704
2026-10-06T02:18:24+00:00,area_trajectory,grain,,1791205440000.0,,2.9571099241487704
2026-10-06T02:18:24+00:00,area_trajectory,grain,,1791205560000.0,,2.9571099241487704
2026-10-06T02:18:24+00:00,area_trajectory,grain,,1791205680000.0,,2.99567303450033
2026-10-06T02:18:24+00:00,area_trajectory,grain,,1791205800000.0,,2.99567303450033
2026-10-06T02:18:24+00:00,area_trajectory,grain,,1791205920000.0,,2.93964111311361
2026-10-06T02:18:24+00:00,area_trajectory,grain,,1791206040000.0,,2.93964111311361
2026-10-06T02:18:24+00:00,area_trajectory,grain,,1791206160000.0,,2.95941705305502
2026-10-06T02:18:24+00:00,area_trajectory,grain,,1791206280000.0,,2.95941705305502
2026-10-06T02:18:24+00:00,area_trajectory,grain,,1791206400000.0,,2.95941705305502
2026-10-06T02:18:24+00:00,area_trajectory,grain,,1791206520000.0,,2.95941705305502
2026-10-06T02:18:24+00:00,area_trajectory,grain,,1791206640000.0,,2.97787463362142
2026-10-06T02:18:24+00:00,area_trajectory,grain,,1791206760000.0,,2.97787463362142
2026-10-06T02:18:24+00:00,area_trajectory,grain,,1791206880000.0,,2.97787463362142
2026-10-06T02:18:24+00:00,area_trajectory,grain,,1791207000000.0,,2.97787463362142
2026-10-06T02:18:24+00:00,area_trajectory,grain,,1791207120000.0,,2.97787463362142
2026-10-06T02:18:24+00:00,area_trajectory,grain,,1791207240000.0,,2.97787463362142
2026-10-06T02:18:24+00:00,area_trajectory,grain,,1791207360000.0,,2.97787463362142
2026-10-06T02:18:24+00:00,area_trajectory,grain,,1791207480000.0,,2.97787463362142
2026-10-06T02:18:24+00:00,area_trajectory,grain,,1791207600000.0,,2.96403149397299
2026-10-06T02:18:24+00:00,area_trajectory,grain,,1791207720000.0,,2.96403149397299
2026-10-06T02:18:24+00:00,area_trajectory,grain,,1791207840000.0,,3.09488269026205
2026-10-06T02:18:24+00:00,area_trajectory,grain,,1791207960000.0,,3.09488269026205
2026-10-06T02:18:24+00:00,area_trajectory,grain,,1791208080000.0,,3.2530905760042397
2026-10-06T02:18:24+00:00,area_trajectory,grain,,1791208200000.0,,3.2530905760042397
2026-10-06T02:18:24+00:00,area_trajectory,grain,,1791208320000.0,,3.3806458738558
2026-10-06T02:18:24+00:00,area_trajectory,grain,,1791208440000.0,,3.3806458738558
2026-10-06T02:18:24+00:00,area_trajectory,grain,,1791208560000.0,,3.42580078108236
2026-10-06T02:18:24+00:00,area_trajectory,grain,,1791208680000.0,,3.42580078108236
2026-10-06T02:18:24+00:00,area_trajectory,grain,,1791208800000.0,,3.33582019026205
2026-10-06T02:18:24+00:00,area_trajectory,grain,,1791208920000.0,,3.33582019026205
2026-10-06T02:18:24+00:00,area_trajectory,grain,,1791209040000.0,,3.39415942366049
2026-10-06T02:18:24+00:00,area_trajectory,grain,,1791209160000.0,,3.39415942366049
2026-10-06T02:18:24+00:00,area_trajectory,grain,,1791209280000.0,,3.41525390608236
2026-10-06T02:18:24+00:00,area_trajectory,grain,,1791209400000.0,,3.41525390608236
2026-10-06T02:18:24+00:00,area_trajectory,grain,,1791209520000.0,,3.37669042951986
2026-10-06T02:18:24+00:00,area_trajectory,grain,,1791209640000.0,,3.37669042951986
2026-10-06T02:18:24+00:00,area_trajectory,grain,,1791209760000.0,,3.35922180159017
2026-10-06T02:18:24+00:00,area_trajectory,grain,,1791209880000.0,,3.35922180159017
2026-10-06T02:18:24+00:00,area_trajectory,grain,,1791210000000.0,,3.37833874494955
2026-10-06T02:18:24+00:00,area_trajectory,grain,,1791210120000.0,,3.37833874494955
2026-10-06T02:18:24+00:00,area_trajectory,grain,,1791210240000.0,,3.36185852034017
2026-10-06T02:18:24+00:00,area_trajectory,grain,,1791210360000.0,,3.36185852034017
2026-10-06T02:18:24+00:00,area_trajectory,grain,,1791210480000.0,,3.40075122053549
2026-10-06T02:18:24+00:00,area_trajectory,grain,,1791210600000.0,,3.40075122053549
2026-10-06T02:18:24+00:00,area_trajectory,grain,,1791210720000.0,,3.42118652326986
2026-10-06T02:18:24+00:00,area_trajectory,grain,,1791210840000.0,,3.42118652326986
2026-10-06T02:18:24+00:00,area_trajectory,grain,,1791210960000.0,,3.4037178953401703
2026-10-06T02:18:24+00:00,area_trajectory,grain,,1791211080000.0,,3.4037178953401703
2026-10-06T02:18:24+00:00,area_trajectory,grain,,1791211200000.0,,3.36449523909017
2026-10-06T02:18:24+00:00,area_trajectory,grain,,1791211320000.0,,3.36449523909017
2026-10-06T02:18:24+00:00,area_trajectory,grain,,1791211440000.0,,3.3846009519808002
2026-10-06T02:18:24+00:00,area_trajectory,grain,,1791211560000.0,,3.3846009519808002
2026-10-06T02:18:24+00:00,area_trajectory,grain,,1791211680000.0,,3.34801538069174
2026-10-06T02:18:24+00:00,area_trajectory,grain,,1791211800000.0,,3.34801538069174
2026-10-06T02:18:24+00:00,area_trajectory,grain,,1791211920000.0,,3.3852601316683004
2026-10-06T02:18:24+00:00,area_trajectory,grain,,1791212040000.0,,3.3852601316683004
2026-10-06T02:18:24+00:00,area_trajectory,grain,,1791212160000.0,,3.4043770750276696
2026-10-06T02:18:24+00:00,area_trajectory,grain,,1791212280000.0,,3.4043770750276696
2026-10-06T02:18:24+00:00,area_trajectory,grain,,1791212400000.0,,3.4043770750276696
2026-10-06T02:18:24+00:00,area_trajectory,grain,,1791212520000.0,,3.4043770750276696
2026-10-06T02:18:24+00:00,area_trajectory,grain,,1791212640000.0,,3.40404748518392
2026-10-06T02:18:24+00:00,area_trajectory,grain,,1791212760000.0,,3.40404748518392
2026-10-06T02:18:24+00:00,area_trajectory,grain,,1791212880000.0,,3.40404748518392
2026-10-06T02:18:24+00:00,area_trajectory,grain,,1791213000000.0,,3.40404748518392
2026-10-06T02:18:24+00:00,area_trajectory,grain,,1791213120000.0,,3.40404748518392
2026-10-06T02:18:24+00:00,area_trajectory,grain,,1791213240000.0,,3.40404748518392
2026-10-06T02:18:24+00:00,area_trajectory,grain,,1791213360000.0,,3.38295300276205
2026-10-06T02:18:24+00:00,area_trajectory,grain,,1791213480000.0,,3.38295300276205
2026-10-06T02:18:24+00:00,area_trajectory,grain,,1791213600000.0,,3.40141040022299
2026-10-06T02:18:24+00:00,area_trajectory,grain,,1791213720000.0,,3.40141040022299
2026-10-06T02:18:24+00:00,area_trajectory,grain,,1791213840000.0,,3.40141040022299
2026-10-06T02:18:24+00:00,area_trajectory,grain,,1791213960000.0,,3.40141040022299
2026-10-06T02:18:24+00:00,area_trajectory,grain,,1791214080000.0,,3.40141040022299
2026-10-06T02:18:24+00:00,area_trajectory,grain,,1791214200000.0,,3.40141040022299
2026-10-06T02:18:24+00:00,area_trajectory,grain,,1791214320000.0,,3.40141040022299
2026-10-06T02:18:24+00:00,area_trajectory,grain,,1791214440000.0,,3.40141040022299
2026-10-06T02:18:24+00:00,area_trajectory,grain,,1791214560000.0,,3.34768579084799
2026-10-06T02:18:24+00:00,area_trajectory,grain,,1791214680000.0,,3.34768579084799
2026-10-06T02:18:24+00:00,area_trajectory,grain,,1791214800000.0,,3.4063546140901697
2026-10-06T02:18:24+00:00,area_trajectory,grain,,1791214920000.0,,3.4063546140901697
2026-10-06T02:18:24+00:00,area_trajectory,grain,,1791215040000.0,,3.34834497053549
2026-10-06T02:18:24+00:00,area_trajectory,grain,,1791215160000.0,,3.34834497053549
2026-10-06T02:18:24+00:00,area_trajectory,grain,,1791215280000.0,,3.40932092268392
2026-10-06T02:18:24+00:00,area_trajectory,grain,,1791215400000.0,,3.40932092268392
2026-10-06T02:18:24+00:00,area_trajectory,grain,,1791215520000.0,,3.40932092268392
2026-10-06T02:18:24+00:00,area_trajectory,grain,,1791215640000.0,,3.40932092268392
2026-10-06T02:18:24+00:00,area_trajectory,grain,,1791215760000.0,,3.39317065412924
2026-10-06T02:18:24+00:00,area_trajectory,grain,,1791215880000.0,,3.39317065412924
2026-10-06T02:18:24+00:00,area_trajectory,grain,,1791216000000.0,,3.4126168211214196
2026-10-06T02:18:24+00:00,area_trajectory,grain,,1791216120000.0,,3.4126168211214196
2026-10-06T02:18:24+00:00,area_trajectory,grain,,1791216240000.0,,3.3565850828401698
2026-10-06T02:18:24+00:00,area_trajectory,grain,,1791216360000.0,,3.3565850828401698
2026-10-06T02:18:24+00:00,area_trajectory,grain,,1791216480000.0,,3.41624267561361
2026-10-06T02:18:24+00:00,area_trajectory,grain,,1791216600000.0,,3.39712573225424
2026-10-06T02:18:24+00:00,area_trajectory,grain,,1791216720000.0,,3.39712573225424
2026-10-06T02:18:24+00:00,area_trajectory,grain,,1791216840000.0,,3.39712573225424
2026-10-06T02:18:24+00:00,area_trajectory,grain,,1791216960000.0,,3.35790344221517
2026-10-06T02:18:24+00:00,area_trajectory,grain,,1791217080000.0,,3.35790344221517
2026-10-06T02:18:24+00:00,area_trajectory,grain,,1791217200000.0,,3.39547778303549
2026-10-06T02:18:24+00:00,area_trajectory,grain,,1791217320000.0,,3.39547778303549
2026-10-06T02:18:24+00:00,area_trajectory,grain,,1791217440000.0,,3.35856262190267
2026-10-06T02:18:24+00:00,area_trajectory,grain,,1791217560000.0,,3.35856262190267
2026-10-06T02:18:24+00:00,area_trajectory,grain,,1791217680000.0,,3.39481860334799
2026-10-06T02:18:24+00:00,area_trajectory,grain,,1791217800000.0,,3.39481860334799
2026-10-06T02:18:24+00:00,area_trajectory,grain,,1791217920000.0,,3.33779772932455
2026-10-06T02:18:24+00:00,area_trajectory,grain,,1791218040000.0,,3.33779772932455
2026-10-06T02:18:24+00:00,area_trajectory,grain,,1791218160000.0,,3.3757016599886103
2026-10-06T02:18:24+00:00,area_trajectory,grain,,1791218280000.0,,3.3757016599886103
2026-10-06T02:18:24+00:00,area_trajectory,grain,,1791218400000.0,,3.3757016599886103
2026-10-06T02:18:24+00:00,area_trajectory,grain,,1791218520000.0,,3.3757016599886103
2026-10-06T02:18:24+00:00,area_trajectory,grain,,1791218640000.0,,3.3757016599886103
2026-10-06T02:18:24+00:00,area_trajectory,grain,,1791218760000.0,,3.3757016599886103
2026-10-06T02:18:24+00:00,area_trajectory,grain,,1791218880000.0,,3.3757016599886103
2026-10-06T02:18:24+00:00,area_trajectory,grain,,1791219000000.0,,3.3757016599886103
2026-10-06T02:18:24+00:00,area_trajectory,grain,,1791219120000.0,,3.3757016599886103
2026-10-06T02:18:24+00:00,area_trajectory,grain,,1791219240000.0,,3.3757016599886103
2026-10-06T02:18:24+00:00,area_trajectory,grain,,1791219360000.0,,3.3519704588167403
2026-10-06T02:18:24+00:00,area_trajectory,grain,,1791219480000.0,,3.3519704588167403
2026-10-06T02:18:24+00:00,area_trajectory,grain,,1791219600000.0,,3.3519704588167403
2026-10-06T02:18:24+00:00,area_trajectory,grain,,1791219720000.0,,3.3519704588167403
2026-10-06T02:18:24+00:00,area_trajectory,grain,,1791219840000.0,,3.35098168928549
2026-10-06T02:18:24+00:00,area_trajectory,grain,,1791219960000.0,,3.35098168928549
2026-10-06T02:18:24+00:00,area_trajectory,grain,,1791220080000.0,,3.3288984373323602
2026-10-06T02:18:24+00:00,area_trajectory,grain,,1791220200000.0,,3.3288984373323602
2026-10-06T02:18:24+00:00,area_trajectory,grain,,1791220320000.0,,3.3839417722933
2026-10-06T02:18:24+00:00,area_trajectory,grain,,1791220440000.0,,3.3839417722933
2026-10-06T02:18:24+00:00,area_trajectory,grain,,1791220560000.0,,3.36251770002767
2026-10-06T02:18:24+00:00,area_trajectory,grain,,1791220680000.0,,3.36251770002767
2026-10-06T02:18:24+00:00,area_trajectory,grain,,1791220800000.0,,3.3414232176058003
2026-10-06T02:18:24+00:00,area_trajectory,grain,,1791220920000.0,,3.3414232176058003
2026-10-06T02:18:24+00:00,area_trajectory,grain,,1791221040000.0,,3.35856262190267
2026-10-06T02:18:24+00:00,area_trajectory,grain,,1791221160000.0,,3.35856262190267
2026-10-06T02:18:24+00:00,area_trajectory,grain,,1791221280000.0,,3.35856262190267
2026-10-06T02:18:24+00:00,area_trajectory,grain,,1791221400000.0,,3.35856262190267
2026-10-06T02:18:24+00:00,area_trajectory,grain,,1791221520000.0,,3.37075781233236
2026-10-06T02:18:24+00:00,area_trajectory,grain,,1791221640000.0,,3.37075781233236
2026-10-06T02:18:24+00:00,area_trajectory,grain,,1791221760000.0,,3.3885560301058
2026-10-06T02:18:24+00:00,area_trajectory,grain,,1791221880000.0,,3.3885560301058
2026-10-06T02:18:24+00:00,area_trajectory,grain,,1791222000000.0,,3.3496633299104897
2026-10-06T02:18:24+00:00,area_trajectory,grain,,1791222120000.0,,3.3496633299104897
2026-10-06T02:18:24+00:00,area_trajectory,grain,,1791222240000.0,,3.3496633299104897
2026-10-06T02:18:24+00:00,area_trajectory,grain,,1791222360000.0,,3.3496633299104897
2026-10-06T02:18:24+00:00,area_trajectory,grain,,1791222480000.0,,3.2886873777620496
2026-10-06T02:18:24+00:00,area_trajectory,grain,,1791222600000.0,,3.2886873777620496
2026-10-06T02:18:24+00:00,area_trajectory,grain,,1791222720000.0,,3.36383605940267
2026-10-06T02:18:24+00:00,area_trajectory,grain,,1791222840000.0,,3.36383605940267
2026-10-06T02:18:24+00:00,area_trajectory,grain,,1791222960000.0,,3.34274194319174
2026-10-06T02:18:24+00:00,area_trajectory,grain,,1791223080000.0,,3.34274194319174
2026-10-06T02:18:24+00:00,area_trajectory,grain,,1791223200000.0,,3.35988098127767
2026-10-06T02:18:24+00:00,area_trajectory,grain,,1791223320000.0,,3.35988098127767
2026-10-06T02:18:24+00:00,area_trajectory,grain,,1791223440000.0,,3.35988098127767
2026-10-06T02:18:24+00:00,area_trajectory,grain,,1791223560000.0,,3.30121215803549
2026-10-06T02:18:24+00:00,area_trajectory,grain,,1791223680000.0,,3.37603124983236
2026-10-06T02:18:24+00:00,area_trajectory,grain,,1791223800000.0,,3.37603124983236
2026-10-06T02:18:24+00:00,area_trajectory,grain,,1791223920000.0,,3.3526296385042405
2026-10-06T02:18:24+00:00,area_trajectory,grain,,1791224040000.0,,3.3526296385042405
2026-10-06T02:18:24+00:00,area_trajectory,grain,,1791224160000.0,,3.29429077131674
2026-10-06T02:18:24+00:00,area_trajectory,grain,,1791224280000.0,,3.3681210935823596
2026-10-06T02:18:24+00:00,area_trajectory,grain,,1791224400000.0,,3.3681210935823596
2026-10-06T02:18:24+00:00,area_trajectory,grain,,1791224520000.0,,3.3681210935823596
2026-10-06T02:18:24+00:00,area_trajectory,grain,,1791224640000.0,,3.3681210935823596
2026-10-06T02:18:24+00:00,area_trajectory,grain,,1791224760000.0,,3.3681210935823596
2026-10-06T02:18:24+00:00,area_trajectory,grain,,1791224880000.0,,3.30681555159017
2026-10-06T02:18:24+00:00,area_trajectory,grain,,1791225000000.0,,3.30681555159017
2026-10-06T02:18:24+00:00,area_trajectory,grain,,1791225120000.0,,3.35922180159017
2026-10-06T02:18:24+00:00,area_trajectory,grain,,1791225240000.0,,3.35922180159017
2026-10-06T02:18:24+00:00,area_trajectory,grain,,1791225360000.0,,3.3394456785433
2026-10-06T02:18:24+00:00,area_trajectory,grain,,1791225480000.0,,3.3394456785433
2026-10-06T02:18:24+00:00,area_trajectory,grain,,1791225600000.0,,3.3552667234651703
2026-10-06T02:18:24+00:00,area_trajectory,grain,,1791225720000.0,,3.3552667234651703
2026-10-06T02:18:24+00:00,area_trajectory,grain,,1791225840000.0,,3.37207617170736
2026-10-06T02:18:24+00:00,area_trajectory,grain,,1791225960000.0,,3.37207617170736
2026-10-06T02:18:24+00:00,area_trajectory,grain,,1791226080000.0,,3.37207617170736
2026-10-06T02:18:24+00:00,area_trajectory,grain,,1791226200000.0,,3.37207617170736
2026-10-06T02:18:24+00:00,area_trajectory,grain,,1791226320000.0,,3.30747473127767
2026-10-06T02:18:24+00:00,area_trajectory,grain,,1791226440000.0,,3.30747473127767
2026-10-06T02:18:24+00:00,area_trajectory,grain,,1791226560000.0,,3.38097546369955
2026-10-06T02:18:24+00:00,area_trajectory,grain,,1791226680000.0,,3.38097546369955
2026-10-06T02:18:24+00:00,area_trajectory,grain,,1791226800000.0,,3.38097546369955
2026-10-06T02:18:24+00:00,area_trajectory,grain,,1791226920000.0,,3.38097546369955
2026-10-06T02:18:24+00:00,area_trajectory,grain,,1791227040000.0,,3.37899792463705
2026-10-06T02:18:24+00:00,area_trajectory,grain,,1791227160000.0,,3.37899792463705
2026-10-06T02:18:24+00:00,area_trajectory,grain,,1791227280000.0,,3.29791625959799
2026-10-06T02:18:24+00:00,area_trajectory,grain,,1791227400000.0,,3.29791625959799
2026-10-06T02:18:24+00:00,area_trajectory,grain,,1791227520000.0,,3.35131127912924
2026-10-06T02:18:24+00:00,area_trajectory,grain,,1791227640000.0,,3.35131127912924
2026-10-06T02:18:24+00:00,area_trajectory,grain,,1791227760000.0,,3.3878968504183
2026-10-06T02:18:24+00:00,area_trajectory,grain,,1791227880000.0,,3.3878968504183
2026-10-06T02:18:24+00:00,area_trajectory,grain,,1791228000000.0,,3.40305871565267
2026-10-06T02:18:24+00:00,area_trajectory,grain,,1791228120000.0,,3.40305871565267
2026-10-06T02:18:24+00:00,area_trajectory,grain,,1791228240000.0,,3.36383605940267
2026-10-06T02:18:24+00:00,area_trajectory,grain,,1791228360000.0,,3.36383605940267
2026-10-06T02:18:24+00:00,area_trajectory,grain,,1791228480000.0,,3.37899792463705
2026-10-06T02:18:24+00:00,area_trajectory,grain,,1791228600000.0,,3.37899792463705
2026-10-06T02:18:24+00:00,area_trajectory,grain,,1791228720000.0,,3.3219770506136097
2026-10-06T02:18:24+00:00,area_trajectory,grain,,1791228840000.0,,3.3219770506136097
2026-10-06T02:18:24+00:00,area_trajectory,grain,,1791228960000.0,,3.3368089597933
2026-10-06T02:18:24+00:00,area_trajectory,grain,,1791229080000.0,,3.3717465818636096
2026-10-06T02:18:24+00:00,area_trajectory,grain,,1791229200000.0,,3.3717465818636096
2026-10-06T02:18:24+00:00,area_trajectory,grain,,1791229320000.0,,3.3717465818636096
2026-10-06T02:18:24+00:00,area_trajectory,grain,,1791229440000.0,,3.34999291975424
2026-10-06T02:18:24+00:00,area_trajectory,grain,,1791229560000.0,,3.34999291975424
2026-10-06T02:18:24+00:00,area_trajectory,grain,,1791229680000.0,,3.34999291975424
2026-10-06T02:18:24+00:00,area_trajectory,grain,,1791229800000.0,,3.34999291975424
2026-10-06T02:18:24+00:00,area_trajectory,grain,,1791229920000.0,,3.3648248289339198
2026-10-06T02:18:24+00:00,area_trajectory,grain,,1791230040000.0,,3.3648248289339198
2026-10-06T02:18:24+00:00,area_trajectory,grain,,1791230160000.0,,3.3813050535433
2026-10-06T02:18:24+00:00,area_trajectory,grain,,1791230280000.0,,3.3813050535433
2026-10-06T02:18:24+00:00,area_trajectory,grain,,1791230400000.0,,3.3611993406526697
2026-10-06T02:18:24+00:00,area_trajectory,grain,,1791230520000.0,,3.3611993406526697
2026-10-06T02:18:24+00:00,area_trajectory,grain,,1791230640000.0,,3.37965710432455
2026-10-06T02:18:24+00:00,area_trajectory,grain,,1791230760000.0,,3.37965710432455
2026-10-06T02:18:24+00:00,area_trajectory,grain,,1791230880000.0,,3.39910327131674
2026-10-06T02:18:24+00:00,area_trajectory,grain,,1791231000000.0,,3.39910327131674
2026-10-06T02:18:24+00:00,area_trajectory,grain,,1791231120000.0,,3.34933374006674
2026-10-06T02:18:24+00:00,area_trajectory,grain,,1791231240000.0,,3.34933374006674
2026-10-06T02:18:24+00:00,area_trajectory,grain,,1791231360000.0,,3.37042822248861
2026-10-06T02:18:24+00:00,area_trajectory,grain,,1791231480000.0,,3.37042822248861
2026-10-06T02:18:24+00:00,area_trajectory,grain,,1791231600000.0,,3.39020434553549
2026-10-06T02:18:24+00:00,area_trajectory,grain,,1791231720000.0,,3.39020434553549
2026-10-06T02:18:24+00:00,area_trajectory,grain,,1791231840000.0,,3.35230004866049
2026-10-06T02:18:24+00:00,area_trajectory,grain,,1791231960000.0,,3.35230004866049
2026-10-06T02:18:24+00:00,area_trajectory,grain,,1791232080000.0,,3.3173624265901704
2026-10-06T02:18:24+00:00,area_trajectory,grain,,1791232200000.0,,3.3173624265901704
2026-10-06T02:18:24+00:00,area_trajectory,grain,,1791232320000.0,,3.37207617170736
2026-10-06T02:18:24+00:00,area_trajectory,grain,,1791232440000.0,,3.37207617170736
2026-10-06T02:18:24+00:00,area_trajectory,grain,,1791232560000.0,,3.37207617170736
2026-10-06T02:18:24+00:00,area_trajectory,grain,,1791232680000.0,,3.37207617170736
2026-10-06T02:18:24+00:00,area_trajectory,grain,,1791232800000.0,,3.2975866697542404
2026-10-06T02:18:24+00:00,area_trajectory,grain,,1791232920000.0,,3.2975866697542404
2026-10-06T02:18:24+00:00,area_trajectory,grain,,1791233040000.0,,3.3717465818636096
2026-10-06T02:18:24+00:00,area_trajectory,grain,,1791233160000.0,,3.3717465818636096
2026-10-06T02:18:24+00:00,area_trajectory,grain,,1791233280000.0,,3.3341722410433
2026-10-06T02:18:24+00:00,area_trajectory,grain,,1791233400000.0,,3.3341722410433
2026-10-06T02:18:24+00:00,area_trajectory,grain,,1791233520000.0,,3.39020434553549
2026-10-06T02:18:24+00:00,area_trajectory,grain,,1791233640000.0,,3.39020434553549
2026-10-06T02:18:24+00:00,area_trajectory,grain,,1791233760000.0,,3.39020434553549
2026-10-06T02:18:24+00:00,area_trajectory,grain,,1791233880000.0,,3.39020434553549
2026-10-06T02:18:24+00:00,area_trajectory,grain,,1791234000000.0,,3.37207617170736
2026-10-06T02:18:24+00:00,area_trajectory,grain,,1791234120000.0,,3.37207617170736
2026-10-06T02:18:24+00:00,area_trajectory,grain,,1791234240000.0,,3.39119311506674
2026-10-06T02:18:24+00:00,area_trajectory,grain,,1791234360000.0,,3.39119311506674
2026-10-06T02:18:24+00:00,area_trajectory,grain,,1791234480000.0,,3.3532888181917397
2026-10-06T02:18:24+00:00,area_trajectory,grain,,1791234600000.0,,3.3532888181917397
2026-10-06T02:18:24+00:00,area_trajectory,grain,,1791234720000.0,,3.40866174299642
2026-10-06T02:18:24+00:00,area_trajectory,grain,,1791234840000.0,,3.40866174299642
2026-10-06T02:18:24+00:00,area_trajectory,grain,,1791234960000.0,,3.4277786863558
2026-10-06T02:18:24+00:00,area_trajectory,grain,,1791235080000.0,,3.4277786863558
2026-10-06T02:18:24+00:00,area_trajectory,grain,,1791235200000.0,,3.35295922834799
2026-10-06T02:18:24+00:00,area_trajectory,grain,,1791235320000.0,,3.35295922834799
2026-10-06T02:18:24+00:00,area_trajectory,grain,,1791235440000.0,,3.44557690412924
2026-10-06T02:18:24+00:00,area_trajectory,grain,,1791235560000.0,,3.44557690412924
2026-10-06T02:18:24+00:00,area_trajectory,grain,,1791235680000.0,,3.39152270491049
2026-10-06T02:18:24+00:00,area_trajectory,grain,,1791235800000.0,,3.39152270491049
2026-10-06T02:18:24+00:00,area_trajectory,grain,,1791235920000.0,,3.39152270491049
2026-10-06T02:18:24+00:00,area_trajectory,grain,,1791236040000.0,,3.39152270491049
2026-10-06T02:18:24+00:00,area_trajectory,grain,,1791236160000.0,,3.39152270491049
2026-10-06T02:18:24+00:00,area_trajectory,grain,,1791236280000.0,,3.39152270491049
2026-10-06T02:18:24+00:00,area_trajectory,grain,,1791236400000.0,,3.3532888181917397
2026-10-06T02:18:24+00:00,area_trajectory,grain,,1791236520000.0,,3.3532888181917397
2026-10-06T02:18:24+00:00,area_trajectory,grain,,1791236640000.0,,3.40932092268392
2026-10-06T02:18:24+00:00,area_trajectory,grain,,1791236760000.0,,3.40932092268392
2026-10-06T02:18:24+00:00,area_trajectory,grain,,1791236880000.0,,3.40932092268392
2026-10-06T02:18:24+00:00,area_trajectory,grain,,1791237000000.0,,3.40932092268392
2026-10-06T02:18:24+00:00,area_trajectory,grain,,1791237120000.0,,3.40932092268392
2026-10-06T02:18:24+00:00,area_trajectory,grain,,1791237240000.0,,3.40932092268392
2026-10-06T02:18:24+00:00,area_trajectory,grain,,1791237360000.0,,3.3559259031526705
2026-10-06T02:18:24+00:00,area_trajectory,grain,,1791237480000.0,,3.3559259031526705
2026-10-06T02:18:24+00:00,area_trajectory,grain,,1791237600000.0,,3.39481860334799
2026-10-06T02:18:24+00:00,area_trajectory,grain,,1791237720000.0,,3.39481860334799
2026-10-06T02:18:24+00:00,area_trajectory,grain,,1791237840000.0,,3.37603124983236
2026-10-06T02:18:24+00:00,area_trajectory,grain,,1791237960000.0,,3.37603124983236
2026-10-06T02:18:24+00:00,area_trajectory,grain,,1791238080000.0,,3.35724426252767
2026-10-06T02:18:24+00:00,area_trajectory,grain,,1791238200000.0,,3.35724426252767
2026-10-06T02:18:24+00:00,area_trajectory,grain,,1791238320000.0,,3.3780091551058002
2026-10-06T02:18:24+00:00,area_trajectory,grain,,1791238440000.0,,3.3780091551058002
2026-10-06T02:18:24+00:00,area_trajectory,grain,,1791238560000.0,,3.39712573225424
2026-10-06T02:18:24+00:00,area_trajectory,grain,,1791238680000.0,,3.39712573225424
2026-10-06T02:18:24+00:00,area_trajectory,grain,,1791238800000.0,,3.34274194319174
2026-10-06T02:18:24+00:00,area_trajectory,grain,,1791238920000.0,,3.34274194319174
2026-10-06T02:18:24+00:00,area_trajectory,grain,,1791239040000.0,,3.3816346433870503
2026-10-06T02:18:24+00:00,area_trajectory,grain,,1791239160000.0,,3.3816346433870503
2026-10-06T02:18:24+00:00,area_trajectory,grain,,1791239280000.0,,3.3816346433870503
2026-10-06T02:18:24+00:00,area_trajectory,grain,,1791239400000.0,,3.3816346433870503
2026-10-06T02:18:24+00:00,area_trajectory,grain,,1791239520000.0,,3.3816346433870503
2026-10-06T02:18:24+00:00,area_trajectory,grain,,1791239640000.0,,3.3816346433870503
2026-10-06T02:18:24+00:00,area_trajectory,grain,,1791239760000.0,,3.3664731443636104
2026-10-06T02:18:24+00:00,area_trajectory,grain,,1791239880000.0,,3.3664731443636104
2026-10-06T02:18:24+00:00,area_trajectory,grain,,1791240000000.0,,3.3496633299104897
2026-10-06T02:18:24+00:00,area_trajectory,grain,,1791240120000.0,,3.3496633299104897
2026-10-06T02:18:24+00:00,area_trajectory,grain,,1791240240000.0,,3.40767297346517
2026-10-06T02:18:24+00:00,area_trajectory,grain,,1791240360000.0,,3.40767297346517
2026-10-06T02:18:24+00:00,area_trajectory,grain,,1791240480000.0,,3.35230004866049
2026-10-06T02:18:24+00:00,area_trajectory,grain,,1791240600000.0,,3.35230004866049
2026-10-06T02:18:24+00:00,area_trajectory,grain,,1791240720000.0,,3.3921818845979903
2026-10-06T02:18:24+00:00,area_trajectory,grain,,1791240840000.0,,3.3921818845979903
2026-10-06T02:18:24+00:00,area_trajectory,grain,,1791240960000.0,,3.3391160886995497
2026-10-06T02:18:24+00:00,area_trajectory,grain,,1791241080000.0,,3.3391160886995497
2026-10-06T02:18:24+00:00,area_trajectory,grain,,1791241200000.0,,3.3595513914339197
2026-10-06T02:18:24+00:00,area_trajectory,grain,,1791241320000.0,,3.3595513914339197
2026-10-06T02:18:24+00:00,area_trajectory,grain,,1791241440000.0,,3.3595513914339197
2026-10-06T02:18:24+00:00,area_trajectory,grain,,1791241560000.0,,3.4000920408479898
2026-10-06T02:18:24+00:00,area_trajectory,grain,,1791241680000.0,,3.4000920408479898
2026-10-06T02:18:24+00:00,area_trajectory,grain,,1791241800000.0,,3.4000920408479898
2026-10-06T02:18:24+00:00,area_trajectory,grain,,1791241920000.0,,3.4000920408479898
2026-10-06T02:18:24+00:00,area_trajectory,grain,,1791242040000.0,,3.4000920408479898
2026-10-06T02:18:24+00:00,area_trajectory,grain,,1791242160000.0,,3.3885560301058
2026-10-06T02:18:24+00:00,area_trajectory,grain,,1791242280000.0,,3.3885560301058
2026-10-06T02:18:24+00:00,area_trajectory,grain,,1791242400000.0,,3.3885560301058
2026-10-06T02:18:24+00:00,area_trajectory,grain,,1791242520000.0,,3.3885560301058
2026-10-06T02:18:24+00:00,area_trajectory,grain,,1791242640000.0,,3.3354906004182996
2026-10-06T02:18:24+00:00,area_trajectory,grain,,1791242760000.0,,3.3354906004182996
2026-10-06T02:18:24+00:00,area_trajectory,grain,,1791242880000.0,,3.39317065412924
2026-10-06T02:18:24+00:00,area_trajectory,grain,,1791243000000.0,,3.39317065412924
2026-10-06T02:18:24+00:00,area_trajectory,grain,,1791243120000.0,,3.37702001936361
2026-10-06T02:18:24+00:00,area_trajectory,grain,,1791243240000.0,,3.37702001936361
2026-10-06T02:18:24+00:00,area_trajectory,grain,,1791243360000.0,,3.3981145017854897
2026-10-06T02:18:24+00:00,area_trajectory,grain,,1791243480000.0,,3.3981145017854897
2026-10-06T02:18:24+00:00,area_trajectory,grain,,1791243600000.0,,3.3819642332308
2026-10-06T02:18:24+00:00,area_trajectory,grain,,1791243720000.0,,3.3819642332308
2026-10-06T02:18:24+00:00,area_trajectory,grain,,1791243840000.0,,3.3819642332308
2026-10-06T02:18:24+00:00,area_trajectory,grain,,1791243960000.0,,3.3101114500276703
2026-10-06T02:18:24+00:00,area_trajectory,grain,,1791244080000.0,,3.3101114500276703
2026-10-06T02:18:24+00:00,area_trajectory,grain,,1791244200000.0,,3.3101114500276703
2026-10-06T02:18:24+00:00,area_trajectory,grain,,1791244320000.0,,3.3888856199495505
2026-10-06T02:18:24+00:00,area_trajectory,grain,,1791244440000.0,,3.3888856199495505
2026-10-06T02:18:24+00:00,area_trajectory,grain,,1791244560000.0,,3.3717465818636096
2026-10-06T02:18:24+00:00,area_trajectory,grain,,1791244680000.0,,3.3717465818636096
2026-10-06T02:18:24+00:00,area_trajectory,grain,,1791244800000.0,,3.41228723127767
2026-10-06T02:18:24+00:00,area_trajectory,grain,,1791244920000.0,,3.41228723127767
2026-10-06T02:18:24+00:00,area_trajectory,grain,,1791245040000.0,,3.3374681394808
2026-10-06T02:18:24+00:00,area_trajectory,grain,,1791245160000.0,,3.3374681394808
2026-10-06T02:18:24+00:00,area_trajectory,grain,,1791245280000.0,,3.3226362303011103
2026-10-06T02:18:24+00:00,area_trajectory,grain,,1791245400000.0,,3.3226362303011103
2026-10-06T02:18:24+00:00,area_trajectory,grain,,1791245520000.0,,3.3816346433870503
2026-10-06T02:18:24+00:00,area_trajectory,grain,,1791245640000.0,,3.3816346433870503
2026-10-06T02:18:24+00:00,area_trajectory,grain,,1791245760000.0,,3.34636743147299
2026-10-06T02:18:24+00:00,area_trajectory,grain,,1791245880000.0,,3.34636743147299
2026-10-06T02:18:24+00:00,area_trajectory,grain,,1791246000000.0,,3.3671323240511097
2026-10-06T02:18:24+00:00,area_trajectory,grain,,1791246120000.0,,3.3671323240511097
2026-10-06T02:18:24+00:00,area_trajectory,grain,,1791246240000.0,,3.35098168928549
2026-10-06T02:18:24+00:00,area_trajectory,grain,,1791246360000.0,,3.35098168928549
2026-10-06T02:18:24+00:00,area_trajectory,grain,,1791246480000.0,,3.40965051252767
2026-10-06T02:18:24+00:00,area_trajectory,grain,,1791246600000.0,,3.40965051252767
2026-10-06T02:18:24+00:00,area_trajectory,grain,,1791246720000.0,,3.39415942366049
2026-10-06T02:18:24+00:00,area_trajectory,grain,,1791246840000.0,,3.3780091551058002
2026-10-06T02:18:24+00:00,area_trajectory,grain,,1791246960000.0,,3.3780091551058002
2026-10-06T02:18:24+00:00,area_trajectory,grain,,1791247080000.0,,3.3780091551058002
2026-10-06T02:18:24+00:00,area_trajectory,grain,,1791247200000.0,,2.78637707502767
2026-10-06T02:18:24+00:00,area_trajectory,grain,,1791247320000.0,,2.78637707502767
2026-10-06T02:18:24+00:00,area_trajectory,grain,,1791247440000.0,,3.11301049787924
2026-10-06T02:18:24+00:00,area_trajectory,grain,,1791247560000.0,,3.11301049787924
2026-10-06T02:18:24+00:00,area_trajectory,grain,,1791247680000.0,,3.09092761213705
2026-10-06T02:18:24+00:00,area_trajectory,grain,,1791247800000.0,,3.09092761213705
2026-10-06T02:18:24+00:00,area_trajectory,grain,,1791247920000.0,,3.2405657957308
2026-10-06T02:18:24+00:00,area_trajectory,grain,,1791248040000.0,,3.2405657957308
2026-10-06T02:18:24+00:00,area_trajectory,grain,,1791248160000.0,,3.3249433592073596
2026-10-06T02:18:24+00:00,area_trajectory,grain,,1791248280000.0,,3.3249433592073596
2026-10-06T02:18:24+00:00,area_trajectory,grain,,1791248400000.0,,3.3249433592073596
2026-10-06T02:18:24+00:00,area_trajectory,grain,,1791248520000.0,,3.3249433592073596
2026-10-06T02:18:24+00:00,area_trajectory,grain,,1791248640000.0,,3.47062646467611
2026-10-06T02:18:24+00:00,area_trajectory,grain,,1791248760000.0,,3.37965710432455
2026-10-06T02:18:24+00:00,area_trajectory,grain,,1791248880000.0,,3.37965710432455
2026-10-06T02:18:24+00:00,area_trajectory,grain,,1791249000000.0,,3.37965710432455
2026-10-06T02:18:24+00:00,area_trajectory,grain,,1791249120000.0,,3.41920898420736
2026-10-06T02:18:24+00:00,area_trajectory,grain,,1791249240000.0,,3.38558972151205
2026-10-06T02:18:24+00:00,area_trajectory,grain,,1791249360000.0,,3.38558972151205
2026-10-06T02:18:24+00:00,area_trajectory,grain,,1791249480000.0,,3.38558972151205
2026-10-06T02:18:24+00:00,area_trajectory,grain,,1791249600000.0,,3.42580078108236
2026-10-06T02:18:24+00:00,area_trajectory,grain,,1791249720000.0,,3.42580078108236
2026-10-06T02:18:24+00:00,area_trajectory,grain,,1791249840000.0,,3.37141699201986
2026-10-06T02:18:24+00:00,area_trajectory,grain,,1791249960000.0,,3.37141699201986
2026-10-06T02:18:24+00:00,area_trajectory,grain,,1791250080000.0,,3.37141699201986
2026-10-06T02:18:24+00:00,area_trajectory,grain,,1791250200000.0,,3.37141699201986
2026-10-06T02:18:24+00:00,area_trajectory,grain,,1791250320000.0,,3.39481860334799
2026-10-06T02:18:24+00:00,area_trajectory,grain,,1791250440000.0,,3.39481860334799
2026-10-06T02:18:24+00:00,area_trajectory,grain,,1791250560000.0,,3.3819642332308
2026-10-06T02:18:24+00:00,area_trajectory,grain,,1791250680000.0,,3.3819642332308
2026-10-06T02:18:24+00:00,area_trajectory,grain,,1791250800000.0,,3.36185852034017
2026-10-06T02:18:24+00:00,area_trajectory,grain,,1791250920000.0,,3.36185852034017
2026-10-06T02:18:24+00:00,area_trajectory,grain,,1791251040000.0,,3.3865784910433
2026-10-06T02:18:24+00:00,area_trajectory,grain,,1791251160000.0,,3.3865784910433
2026-10-06T02:18:24+00:00,area_trajectory,grain,,1791251280000.0,,3.4080025633089197
2026-10-06T02:18:24+00:00,area_trajectory,grain,,1791251400000.0,,3.4080025633089197
2026-10-06T02:18:24+00:00,area_trajectory,grain,,1791251520000.0,,3.39119311506674
2026-10-06T02:18:24+00:00,area_trajectory,grain,,1791251640000.0,,3.39119311506674
2026-10-06T02:18:24+00:00,area_trajectory,grain,,1791251760000.0,,3.39119311506674
2026-10-06T02:18:24+00:00,area_trajectory,grain,,1791251880000.0,,3.39119311506674
2026-10-06T02:18:24+00:00,area_trajectory,grain,,1791252000000.0,,3.33713854963705
2026-10-06T02:18:24+00:00,area_trajectory,grain,,1791252120000.0,,3.33713854963705
2026-10-06T02:18:24+00:00,area_trajectory,grain,,1791252240000.0,,3.35889221174642
2026-10-06T02:18:24+00:00,area_trajectory,grain,,1791252360000.0,,3.35889221174642
2026-10-06T02:18:24+00:00,area_trajectory,grain,,1791252480000.0,,3.35889221174642
2026-10-06T02:18:24+00:00,area_trajectory,grain,,1791252600000.0,,3.35889221174642
2026-10-06T02:18:24+00:00,area_trajectory,grain,,1791252720000.0,,3.4442585447542395
2026-10-06T02:18:24+00:00,area_trajectory,grain,,1791252840000.0,,3.4442585447542395
2026-10-06T02:18:24+00:00,area_trajectory,grain,,1791252960000.0,,3.39020434553549
2026-10-06T02:18:24+00:00,area_trajectory,grain,,1791253080000.0,,3.39020434553549
2026-10-06T02:18:24+00:00,area_trajectory,grain,,1791253200000.0,,3.3526296385042405
2026-10-06T02:18:24+00:00,area_trajectory,grain,,1791253320000.0,,3.3526296385042405
2026-10-06T02:18:24+00:00,area_trajectory,grain,,1791253440000.0,,3.3747128904573604
2026-10-06T02:18:24+00:00,area_trajectory,grain,,1791253560000.0,,3.3747128904573604
2026-10-06T02:18:24+00:00,area_trajectory,grain,,1791253680000.0,,3.44030346662924
2026-10-06T02:18:24+00:00,area_trajectory,grain,,1791253800000.0,,3.44030346662924
2026-10-06T02:18:24+00:00,area_trajectory,grain,,1791253920000.0,,3.4004216306917403
2026-10-06T02:18:24+00:00,area_trajectory,grain,,1791254040000.0,,3.42481201155111
2026-10-06T02:18:24+00:00,area_trajectory,grain,,1791254160000.0,,3.42481201155111
2026-10-06T02:18:24+00:00,area_trajectory,grain,,1791254280000.0,,3.42481201155111
2026-10-06T02:18:24+00:00,area_trajectory,grain,,1791254400000.0,,3.41162805159017
2026-10-06T02:18:24+00:00,area_trajectory,grain,,1791254520000.0,,3.41162805159017
2026-10-06T02:18:24+00:00,area_trajectory,grain,,1791254640000.0,,3.37273535139486
2026-10-06T02:18:24+00:00,area_trajectory,grain,,1791254760000.0,,3.37273535139486
2026-10-06T02:18:24+00:00,area_trajectory,grain,,1791254880000.0,,3.39778491194174
2026-10-06T02:18:24+00:00,area_trajectory,grain,,1791255000000.0,,3.39778491194174
2026-10-06T02:18:24+00:00,area_trajectory,grain,,1791255120000.0,,3.3819642332308
2026-10-06T02:18:24+00:00,area_trajectory,grain,,1791255240000.0,,3.3819642332308
2026-10-06T02:18:24+00:00,area_trajectory,grain,,1791255360000.0,,3.3819642332308
2026-10-06T02:18:24+00:00,area_trajectory,grain,,1791255480000.0,,3.3819642332308
2026-10-06T02:18:24+00:00,area_trajectory,grain,,1791255600000.0,,3.38954479963705
2026-10-06T02:18:24+00:00,area_trajectory,grain,,1791255720000.0,,3.38954479963705
2026-10-06T02:18:24+00:00,area_trajectory,grain,,1791255840000.0,,3.38954479963705
2026-10-06T02:18:24+00:00,area_trajectory,grain,,1791255960000.0,,3.38954479963705
2026-10-06T02:18:24+00:00,area_trajectory,grain,,1791256080000.0,,3.47721862776205
2026-10-06T02:18:24+00:00,area_trajectory,grain,,1791256200000.0,,3.47721862776205
2026-10-06T02:18:24+00:00,area_trajectory,milford_haven,,1791176400000.0,,5.47624111175537
2026-10-06T02:18:24+00:00,area_trajectory,milford_haven,,1791176520000.0,,5.47624111175537
2026-10-06T02:18:24+00:00,area_trajectory,milford_haven,,1791176640000.0,,5.4176459312439
2026-10-06T02:18:24+00:00,area_trajectory,milford_haven,,1791176760000.0,,5.4176459312439
2026-10-06T02:18:24+00:00,area_trajectory,milford_haven,,1791176880000.0,,5.4176459312439
2026-10-06T02:18:24+00:00,area_trajectory,milford_haven,,1791177000000.0,,5.4176459312439
2026-10-06T02:18:24+00:00,area_trajectory,milford_haven,,1791177120000.0,,5.4176459312439
2026-10-06T02:18:24+00:00,area_trajectory,milford_haven,,1791177240000.0,,5.27359867095947
2026-10-06T02:18:24+00:00,area_trajectory,milford_haven,,1791177360000.0,,5.27359867095947
2026-10-06T02:18:24+00:00,area_trajectory,milford_haven,,1791177480000.0,,5.27359867095947
2026-10-06T02:18:24+00:00,area_trajectory,milford_haven,,1791177600000.0,,5.27359867095947
2026-10-06T02:18:24+00:00,area_trajectory,milford_haven,,1791177720000.0,,5.27359867095947
2026-10-06T02:18:24+00:00,area_trajectory,milford_haven,,1791177840000.0,,5.27359867095947
2026-10-06T02:18:24+00:00,area_trajectory,milford_haven,,1791177960000.0,,5.28092288970947
2026-10-06T02:18:24+00:00,area_trajectory,milford_haven,,1791178080000.0,,5.28092288970947
2026-10-06T02:18:24+00:00,area_trajectory,milford_haven,,1791178200000.0,,5.28092288970947
2026-10-06T02:18:24+00:00,area_trajectory,milford_haven,,1791178320000.0,,5.28092288970947
2026-10-06T02:18:24+00:00,area_trajectory,milford_haven,,1791178440000.0,,5.28092288970947
2026-10-06T02:18:24+00:00,area_trajectory,milford_haven,,1791178560000.0,,5.28092288970947
2026-10-06T02:18:24+00:00,area_trajectory,milford_haven,,1791178680000.0,,5.28092288970947
2026-10-06T02:18:24+00:00,area_trajectory,milford_haven,,1791178800000.0,,5.28092288970947
2026-10-06T02:18:24+00:00,area_trajectory,milford_haven,,1791178920000.0,,5.28092288970947
2026-10-06T02:18:24+00:00,area_trajectory,milford_haven,,1791179040000.0,,5.28092288970947
2026-10-06T02:18:24+00:00,area_trajectory,milford_haven,,1791179160000.0,,5.28092288970947
2026-10-06T02:18:24+00:00,area_trajectory,milford_haven,,1791179280000.0,,5.28092288970947
2026-10-06T02:18:24+00:00,area_trajectory,milford_haven,,1791179400000.0,,5.18570518493652
2026-10-06T02:18:24+00:00,area_trajectory,milford_haven,,1791179520000.0,,5.18570518493652
2026-10-06T02:18:24+00:00,area_trajectory,milford_haven,,1791179640000.0,,5.18570518493652
2026-10-06T02:18:24+00:00,area_trajectory,milford_haven,,1791179760000.0,,5.26871538162231
2026-10-06T02:18:24+00:00,area_trajectory,milford_haven,,1791179880000.0,,5.26871538162231
2026-10-06T02:18:24+00:00,area_trajectory,milford_haven,,1791180000000.0,,5.26871538162231
2026-10-06T02:18:24+00:00,area_trajectory,milford_haven,,1791180120000.0,,5.26871538162231
2026-10-06T02:18:24+00:00,area_trajectory,milford_haven,,1791180240000.0,,5.22476863861084
2026-10-06T02:18:24+00:00,area_trajectory,milford_haven,,1791180360000.0,,5.22476863861084
2026-10-06T02:18:24+00:00,area_trajectory,milford_haven,,1791180480000.0,,5.22476863861084
2026-10-06T02:18:24+00:00,area_trajectory,milford_haven,,1791180600000.0,,5.22476863861084
2026-10-06T02:18:24+00:00,area_trajectory,milford_haven,,1791180720000.0,,5.22476863861084
2026-10-06T02:18:24+00:00,area_trajectory,milford_haven,,1791180840000.0,,5.22476863861084
2026-10-06T02:18:24+00:00,area_trajectory,milford_haven,,1791180960000.0,,5.22476863861084
2026-10-06T02:18:24+00:00,area_trajectory,milford_haven,,1791181080000.0,,5.20767831802368
2026-10-06T02:18:24+00:00,area_trajectory,milford_haven,,1791181200000.0,,5.20767831802368
2026-10-06T02:18:24+00:00,area_trajectory,milford_haven,,1791181320000.0,,5.20767831802368
2026-10-06T02:18:24+00:00,area_trajectory,milford_haven,,1791181440000.0,,5.20767831802368
2026-10-06T02:18:24+00:00,area_trajectory,milford_haven,,1791181560000.0,,5.20767831802368
2026-10-06T02:18:24+00:00,area_trajectory,milford_haven,,1791181680000.0,,5.20767831802368
2026-10-06T02:18:24+00:00,area_trajectory,milford_haven,,1791181800000.0,,5.20767831802368
2026-10-06T02:18:24+00:00,area_trajectory,milford_haven,,1791181920000.0,,5.20767831802368
2026-10-06T02:18:24+00:00,area_trajectory,milford_haven,,1791182040000.0,,5.20767831802368
2026-10-06T02:18:24+00:00,area_trajectory,milford_haven,,1791182160000.0,,5.20767831802368
2026-10-06T02:18:24+00:00,area_trajectory,milford_haven,,1791182280000.0,,5.20767831802368
2026-10-06T02:18:24+00:00,area_trajectory,milford_haven,,1791182400000.0,,5.20767831802368
2026-10-06T02:18:24+00:00,area_trajectory,milford_haven,,1791182520000.0,,5.20767831802368
2026-10-06T02:18:24+00:00,area_trajectory,milford_haven,,1791182640000.0,,5.20767831802368
2026-10-06T02:18:24+00:00,area_trajectory,milford_haven,,1791182760000.0,,5.20767831802368
2026-10-06T02:18:24+00:00,area_trajectory,milford_haven,,1791182880000.0,,5.20767831802368
2026-10-06T02:18:24+00:00,area_trajectory,milford_haven,,1791183000000.0,,5.20767831802368
2026-10-06T02:18:24+00:00,area_trajectory,milford_haven,,1791183120000.0,,5.20767831802368
2026-10-06T02:18:24+00:00,area_trajectory,milford_haven,,1791183240000.0,,5.20767831802368
2026-10-06T02:18:24+00:00,area_trajectory,milford_haven,,1791183360000.0,,5.20767831802368
2026-10-06T02:18:24+00:00,area_trajectory,milford_haven,,1791183480000.0,,5.20767831802368
2026-10-06T02:18:24+00:00,area_trajectory,milford_haven,,1791183600000.0,,5.20767831802368
2026-10-06T02:18:24+00:00,area_trajectory,milford_haven,,1791183720000.0,,5.20767831802368
2026-10-06T02:18:24+00:00,area_trajectory,milford_haven,,1791183840000.0,,5.19791269302368
2026-10-06T02:18:24+00:00,area_trajectory,milford_haven,,1791183960000.0,,5.19791269302368
2026-10-06T02:18:24+00:00,area_trajectory,milford_haven,,1791184080000.0,,5.19791269302368
2026-10-06T02:18:24+00:00,area_trajectory,milford_haven,,1791184200000.0,,5.19791269302368
2026-10-06T02:18:24+00:00,area_trajectory,milford_haven,,1791184320000.0,,5.19791269302368
2026-10-06T02:18:24+00:00,area_trajectory,milford_haven,,1791184440000.0,,5.19791269302368
2026-10-06T02:18:24+00:00,area_trajectory,milford_haven,,1791184560000.0,,5.19791269302368
2026-10-06T02:18:24+00:00,area_trajectory,milford_haven,,1791184680000.0,,5.19791269302368
2026-10-06T02:18:24+00:00,area_trajectory,milford_haven,,1791184800000.0,,5.19791269302368
2026-10-06T02:18:24+00:00,area_trajectory,milford_haven,,1791184920000.0,,5.19791269302368
2026-10-06T02:18:24+00:00,area_trajectory,milford_haven,,1791185040000.0,,5.19791269302368
2026-10-06T02:18:24+00:00,area_trajectory,milford_haven,,1791185160000.0,,5.19791269302368
2026-10-06T02:18:24+00:00,area_trajectory,milford_haven,,1791185280000.0,,5.19791269302368
2026-10-06T02:18:24+00:00,area_trajectory,milford_haven,,1791185400000.0,,5.19791269302368
2026-10-06T02:18:24+00:00,area_trajectory,milford_haven,,1791185520000.0,,5.19791269302368
2026-10-06T02:18:24+00:00,area_trajectory,milford_haven,,1791185640000.0,,5.19791269302368
2026-10-06T02:18:24+00:00,area_trajectory,milford_haven,,1791185760000.0,,5.19791269302368
2026-10-06T02:18:24+00:00,area_trajectory,milford_haven,,1791185880000.0,,5.19791269302368
2026-10-06T02:18:24+00:00,area_trajectory,milford_haven,,1791186000000.0,,5.19791269302368
2026-10-06T02:18:24+00:00,area_trajectory,milford_haven,,1791186120000.0,,5.19791269302368
2026-10-06T02:18:24+00:00,area_trajectory,milford_haven,,1791186240000.0,,5.19791269302368
2026-10-06T02:18:24+00:00,area_trajectory,milford_haven,,1791186360000.0,,5.19791269302368
2026-10-06T02:18:24+00:00,area_trajectory,milford_haven,,1791186480000.0,,5.19791269302368
2026-10-06T02:18:24+00:00,area_trajectory,milford_haven,,1791186600000.0,,5.19791269302368
2026-10-06T02:18:24+00:00,area_trajectory,milford_haven,,1791186720000.0,,5.19791269302368
2026-10-06T02:18:24+00:00,area_trajectory,milford_haven,,1791186840000.0,,5.19791269302368
2026-10-06T02:18:24+00:00,area_trajectory,milford_haven,,1791186960000.0,,5.19791269302368
2026-10-06T02:18:24+00:00,area_trajectory,milford_haven,,1791187080000.0,,5.19791269302368
2026-10-06T02:18:24+00:00,area_trajectory,milford_haven,,1791187200000.0,,5.19791269302368
2026-10-06T02:18:24+00:00,area_trajectory,milford_haven,,1791187320000.0,,5.19791269302368
2026-10-06T02:18:24+00:00,area_trajectory,milford_haven,,1791187440000.0,,5.227210521698
2026-10-06T02:18:24+00:00,area_trajectory,milford_haven,,1791187560000.0,,5.227210521698
2026-10-06T02:18:24+00:00,area_trajectory,milford_haven,,1791187680000.0,,5.227210521698
2026-10-06T02:18:24+00:00,area_trajectory,milford_haven,,1791187800000.0,,5.227210521698
2026-10-06T02:18:24+00:00,area_trajectory,milford_haven,,1791187920000.0,,5.227210521698
2026-10-06T02:18:24+00:00,area_trajectory,milford_haven,,1791188040000.0,,5.227210521698
2026-10-06T02:18:24+00:00,area_trajectory,milford_haven,,1791188160000.0,,5.227210521698
2026-10-06T02:18:24+00:00,area_trajectory,milford_haven,,1791188280000.0,,5.227210521698
2026-10-06T02:18:24+00:00,area_trajectory,milford_haven,,1791188400000.0,,5.227210521698
2026-10-06T02:18:24+00:00,area_trajectory,milford_haven,,1791188520000.0,,5.227210521698
2026-10-06T02:18:24+00:00,area_trajectory,milford_haven,,1791188640000.0,,5.227210521698
2026-10-06T02:18:24+00:00,area_trajectory,milford_haven,,1791188760000.0,,5.227210521698
2026-10-06T02:18:24+00:00,area_trajectory,milford_haven,,1791188880000.0,,5.227210521698
2026-10-06T02:18:24+00:00,area_trajectory,milford_haven,,1791189000000.0,,5.227210521698
2026-10-06T02:18:24+00:00,area_trajectory,milford_haven,,1791189120000.0,,5.227210521698
2026-10-06T02:18:24+00:00,area_trajectory,milford_haven,,1791189240000.0,,5.227210521698
2026-10-06T02:18:24+00:00,area_trajectory,milford_haven,,1791189360000.0,,5.227210521698
2026-10-06T02:18:24+00:00,area_trajectory,milford_haven,,1791189480000.0,,5.227210521698
2026-10-06T02:18:24+00:00,area_trajectory,milford_haven,,1791189600000.0,,5.227210521698
2026-10-06T02:18:24+00:00,area_trajectory,milford_haven,,1791189720000.0,,5.227210521698
2026-10-06T02:18:24+00:00,area_trajectory,milford_haven,,1791189840000.0,,5.227210521698
2026-10-06T02:18:24+00:00,area_trajectory,milford_haven,,1791189960000.0,,5.227210521698
2026-10-06T02:18:24+00:00,area_trajectory,milford_haven,,1791190080000.0,,5.227210521698
2026-10-06T02:18:24+00:00,area_trajectory,milford_haven,,1791190200000.0,,5.227210521698
2026-10-06T02:18:24+00:00,area_trajectory,milford_haven,,1791190320000.0,,5.227210521698
2026-10-06T02:18:24+00:00,area_trajectory,milford_haven,,1791190440000.0,,5.227210521698
2026-10-06T02:18:24+00:00,area_trajectory,milford_haven,,1791190560000.0,,5.227210521698
2026-10-06T02:18:24+00:00,area_trajectory,milford_haven,,1791190680000.0,,5.227210521698
2026-10-06T02:18:24+00:00,area_trajectory,milford_haven,,1791190800000.0,,5.227210521698
2026-10-06T02:18:24+00:00,area_trajectory,milford_haven,,1791190920000.0,,5.227210521698
2026-10-06T02:18:24+00:00,area_trajectory,milford_haven,,1791191040000.0,,5.19547080993652
2026-10-06T02:18:24+00:00,area_trajectory,milford_haven,,1791191160000.0,,5.19547080993652
2026-10-06T02:18:24+00:00,area_trajectory,milford_haven,,1791191280000.0,,5.19547080993652
2026-10-06T02:18:24+00:00,area_trajectory,milford_haven,,1791191400000.0,,5.19547080993652
2026-10-06T02:18:24+00:00,area_trajectory,milford_haven,,1791191520000.0,,5.19547080993652
2026-10-06T02:18:24+00:00,area_trajectory,milford_haven,,1791191640000.0,,5.19547080993652
2026-10-06T02:18:24+00:00,area_trajectory,milford_haven,,1791191760000.0,,5.19547080993652
2026-10-06T02:18:24+00:00,area_trajectory,milford_haven,,1791191880000.0,,5.19547080993652
2026-10-06T02:18:24+00:00,area_trajectory,milford_haven,,1791192000000.0,,5.19547080993652
2026-10-06T02:18:24+00:00,area_trajectory,milford_haven,,1791192120000.0,,5.19547080993652
2026-10-06T02:18:24+00:00,area_trajectory,milford_haven,,1791192240000.0,,5.19547080993652
2026-10-06T02:18:24+00:00,area_trajectory,milford_haven,,1791192360000.0,,5.19547080993652
2026-10-06T02:18:24+00:00,area_trajectory,milford_haven,,1791192480000.0,,5.19547080993652
2026-10-06T02:18:24+00:00,area_trajectory,milford_haven,,1791192600000.0,,5.19547080993652
2026-10-06T02:18:24+00:00,area_trajectory,milford_haven,,1791192720000.0,,5.19547080993652
2026-10-06T02:18:24+00:00,area_trajectory,milford_haven,,1791192840000.0,,5.19547080993652
2026-10-06T02:18:24+00:00,area_trajectory,milford_haven,,1791192960000.0,,5.19547080993652
2026-10-06T02:18:24+00:00,area_trajectory,milford_haven,,1791193080000.0,,5.19547080993652
2026-10-06T02:18:24+00:00,area_trajectory,milford_haven,,1791193200000.0,,5.19547080993652
2026-10-06T02:18:24+00:00,area_trajectory,milford_haven,,1791193320000.0,,5.19547080993652
2026-10-06T02:18:24+00:00,area_trajectory,milford_haven,,1791193440000.0,,5.19547080993652
2026-10-06T02:18:24+00:00,area_trajectory,milford_haven,,1791193560000.0,,5.19547080993652
2026-10-06T02:18:24+00:00,area_trajectory,milford_haven,,1791193680000.0,,5.19547080993652
2026-10-06T02:18:24+00:00,area_trajectory,milford_haven,,1791193800000.0,,5.19547080993652
2026-10-06T02:18:24+00:00,area_trajectory,milford_haven,,1791193920000.0,,5.19547080993652
2026-10-06T02:18:24+00:00,area_trajectory,milford_haven,,1791194040000.0,,5.19547080993652
2026-10-06T02:18:24+00:00,area_trajectory,milford_haven,,1791194160000.0,,5.19547080993652
2026-10-06T02:18:24+00:00,area_trajectory,milford_haven,,1791194280000.0,,5.19547080993652
2026-10-06T02:18:24+00:00,area_trajectory,milford_haven,,1791194400000.0,,5.19547080993652
2026-10-06T02:18:24+00:00,area_trajectory,milford_haven,,1791194520000.0,,5.19547080993652
2026-10-06T02:18:24+00:00,area_trajectory,milford_haven,,1791194640000.0,,5.21256160736084
2026-10-06T02:18:24+00:00,area_trajectory,milford_haven,,1791194760000.0,,5.21256160736084
2026-10-06T02:18:24+00:00,area_trajectory,milford_haven,,1791194880000.0,,5.21256160736084
2026-10-06T02:18:24+00:00,area_trajectory,milford_haven,,1791195000000.0,,5.21256160736084
2026-10-06T02:18:24+00:00,area_trajectory,milford_haven,,1791195120000.0,,5.21256160736084
2026-10-06T02:18:24+00:00,area_trajectory,milford_haven,,1791195240000.0,,5.21256160736084
2026-10-06T02:18:24+00:00,area_trajectory,milford_haven,,1791195360000.0,,5.21256160736084
2026-10-06T02:18:24+00:00,area_trajectory,milford_haven,,1791195480000.0,,5.21256160736084
2026-10-06T02:18:24+00:00,area_trajectory,milford_haven,,1791195600000.0,,5.21256160736084
2026-10-06T02:18:24+00:00,area_trajectory,milford_haven,,1791195720000.0,,5.21256160736084
2026-10-06T02:18:24+00:00,area_trajectory,milford_haven,,1791195840000.0,,5.21256160736084
2026-10-06T02:18:24+00:00,area_trajectory,milford_haven,,1791195960000.0,,5.21256160736084
2026-10-06T02:18:24+00:00,area_trajectory,milford_haven,,1791196080000.0,,5.21256160736084
2026-10-06T02:18:24+00:00,area_trajectory,milford_haven,,1791196200000.0,,5.21256160736084
2026-10-06T02:18:24+00:00,area_trajectory,milford_haven,,1791196320000.0,,5.21256160736084
2026-10-06T02:18:24+00:00,area_trajectory,milford_haven,,1791196440000.0,,5.21256160736084
2026-10-06T02:18:24+00:00,area_trajectory,milford_haven,,1791196560000.0,,5.21256160736084
2026-10-06T02:18:24+00:00,area_trajectory,milford_haven,,1791196680000.0,,5.21256160736084
2026-10-06T02:18:24+00:00,area_trajectory,milford_haven,,1791196800000.0,,5.21256160736084
2026-10-06T02:18:24+00:00,area_trajectory,milford_haven,,1791196920000.0,,5.21256160736084
2026-10-06T02:18:24+00:00,area_trajectory,milford_haven,,1791197040000.0,,5.21256160736084
2026-10-06T02:18:24+00:00,area_trajectory,milford_haven,,1791197160000.0,,5.21256160736084
2026-10-06T02:18:24+00:00,area_trajectory,milford_haven,,1791197280000.0,,5.21256160736084
2026-10-06T02:18:24+00:00,area_trajectory,milford_haven,,1791197400000.0,,5.21256160736084
2026-10-06T02:18:24+00:00,area_trajectory,milford_haven,,1791197520000.0,,5.21256160736084
2026-10-06T02:18:24+00:00,area_trajectory,milford_haven,,1791197640000.0,,5.21256160736084
2026-10-06T02:18:24+00:00,area_trajectory,milford_haven,,1791197760000.0,,5.21256160736084
2026-10-06T02:18:24+00:00,area_trajectory,milford_haven,,1791197880000.0,,5.21256160736084
2026-10-06T02:18:24+00:00,area_trajectory,milford_haven,,1791198000000.0,,5.21256160736084
2026-10-06T02:18:24+00:00,area_trajectory,milford_haven,,1791198120000.0,,5.21256160736084
2026-10-06T02:18:24+00:00,area_trajectory,milford_haven,,1791198240000.0,,5.28092288970947
2026-10-06T02:18:24+00:00,area_trajectory,milford_haven,,1791198360000.0,,5.28092288970947
2026-10-06T02:18:24+00:00,area_trajectory,milford_haven,,1791198480000.0,,5.28092288970947
2026-10-06T02:18:24+00:00,area_trajectory,milford_haven,,1791198600000.0,,5.28092288970947
2026-10-06T02:18:24+00:00,area_trajectory,milford_haven,,1791198720000.0,,5.28092288970947
2026-10-06T02:18:24+00:00,area_trajectory,milford_haven,,1791198840000.0,,5.28092288970947
2026-10-06T02:18:24+00:00,area_trajectory,milford_haven,,1791198960000.0,,5.28092288970947
2026-10-06T02:18:24+00:00,area_trajectory,milford_haven,,1791199080000.0,,5.28092288970947
2026-10-06T02:18:24+00:00,area_trajectory,milford_haven,,1791199200000.0,,5.28092288970947
2026-10-06T02:18:24+00:00,area_trajectory,milford_haven,,1791199320000.0,,5.28092288970947
2026-10-06T02:18:24+00:00,area_trajectory,milford_haven,,1791199440000.0,,5.28092288970947
2026-10-06T02:18:24+00:00,area_trajectory,milford_haven,,1791199560000.0,,5.28092288970947
2026-10-06T02:18:24+00:00,area_trajectory,milford_haven,,1791199680000.0,,5.28092288970947
2026-10-06T02:18:24+00:00,area_trajectory,milford_haven,,1791199800000.0,,5.28092288970947
2026-10-06T02:18:24+00:00,area_trajectory,milford_haven,,1791199920000.0,,5.28092288970947
2026-10-06T02:18:24+00:00,area_trajectory,milford_haven,,1791200040000.0,,5.28092288970947
2026-10-06T02:18:24+00:00,area_trajectory,milford_haven,,1791200160000.0,,5.28092288970947
2026-10-06T02:18:24+00:00,area_trajectory,milford_haven,,1791200280000.0,,5.28092288970947
2026-10-06T02:18:24+00:00,area_trajectory,milford_haven,,1791200400000.0,,5.28092288970947
2026-10-06T02:18:24+00:00,area_trajectory,milford_haven,,1791200520000.0,,5.28092288970947
2026-10-06T02:18:24+00:00,area_trajectory,milford_haven,,1791200640000.0,,5.28092288970947
2026-10-06T02:18:24+00:00,area_trajectory,milford_haven,,1791200760000.0,,5.28092288970947
2026-10-06T02:18:24+00:00,area_trajectory,milford_haven,,1791200880000.0,,5.28092288970947
2026-10-06T02:18:24+00:00,area_trajectory,milford_haven,,1791201000000.0,,5.28092288970947
2026-10-06T02:18:24+00:00,area_trajectory,milford_haven,,1791201120000.0,,5.28092288970947
2026-10-06T02:18:24+00:00,area_trajectory,milford_haven,,1791201240000.0,,5.28092288970947
2026-10-06T02:18:24+00:00,area_trajectory,milford_haven,,1791201360000.0,,5.28092288970947
2026-10-06T02:18:24+00:00,area_trajectory,milford_haven,,1791201480000.0,,5.28092288970947
2026-10-06T02:18:24+00:00,area_trajectory,milford_haven,,1791201600000.0,,5.28092288970947
2026-10-06T02:18:24+00:00,area_trajectory,milford_haven,,1791201720000.0,,5.28092288970947
2026-10-06T02:18:24+00:00,area_trajectory,milford_haven,,1791201840000.0,,5.28824710845947
2026-10-06T02:18:24+00:00,area_trajectory,milford_haven,,1791201960000.0,,5.28824710845947
2026-10-06T02:18:24+00:00,area_trajectory,milford_haven,,1791202080000.0,,5.28824710845947
2026-10-06T02:18:24+00:00,area_trajectory,milford_haven,,1791202200000.0,,5.28824710845947
2026-10-06T02:18:24+00:00,area_trajectory,milford_haven,,1791202320000.0,,5.28824710845947
2026-10-06T02:18:24+00:00,area_trajectory,milford_haven,,1791202440000.0,,5.28824710845947
2026-10-06T02:18:24+00:00,area_trajectory,milford_haven,,1791202560000.0,,5.28824710845947
2026-10-06T02:18:24+00:00,area_trajectory,milford_haven,,1791202680000.0,,5.28824710845947
2026-10-06T02:18:24+00:00,area_trajectory,milford_haven,,1791202800000.0,,5.28824710845947
2026-10-06T02:18:24+00:00,area_trajectory,milford_haven,,1791202920000.0,,5.29313039779663
2026-10-06T02:18:24+00:00,area_trajectory,milford_haven,,1791203040000.0,,5.29313039779663
2026-10-06T02:18:24+00:00,area_trajectory,milford_haven,,1791203160000.0,,5.29313039779663
2026-10-06T02:18:24+00:00,area_trajectory,milford_haven,,1791203280000.0,,5.29313039779663
2026-10-06T02:18:24+00:00,area_trajectory,milford_haven,,1791203400000.0,,5.29313039779663
2026-10-06T02:18:24+00:00,area_trajectory,milford_haven,,1791203520000.0,,5.29313039779663
2026-10-06T02:18:24+00:00,area_trajectory,milford_haven,,1791203640000.0,,5.29313039779663
2026-10-06T02:18:24+00:00,area_trajectory,milford_haven,,1791203760000.0,,5.29313039779663
2026-10-06T02:18:24+00:00,area_trajectory,milford_haven,,1791203880000.0,,5.29313039779663
2026-10-06T02:18:24+00:00,area_trajectory,milford_haven,,1791204000000.0,,5.29313039779663
2026-10-06T02:18:24+00:00,area_trajectory,milford_haven,,1791204120000.0,,5.29313039779663
2026-10-06T02:18:24+00:00,area_trajectory,milford_haven,,1791204240000.0,,5.29313039779663
2026-10-06T02:18:24+00:00,area_trajectory,milford_haven,,1791204360000.0,,5.29313039779663
2026-10-06T02:18:24+00:00,area_trajectory,milford_haven,,1791204480000.0,,5.29313039779663
2026-10-06T02:18:24+00:00,area_trajectory,milford_haven,,1791204600000.0,,5.29313039779663
2026-10-06T02:18:24+00:00,area_trajectory,milford_haven,,1791204720000.0,,5.29313039779663
2026-10-06T02:18:24+00:00,area_trajectory,milford_haven,,1791204840000.0,,5.29313039779663
2026-10-06T02:18:24+00:00,area_trajectory,milford_haven,,1791204960000.0,,5.29313039779663
2026-10-06T02:18:24+00:00,area_trajectory,milford_haven,,1791205080000.0,,5.29313039779663
2026-10-06T02:18:24+00:00,area_trajectory,milford_haven,,1791205200000.0,,5.29313039779663
2026-10-06T02:18:24+00:00,area_trajectory,milford_haven,,1791205320000.0,,5.29313039779663
2026-10-06T02:18:24+00:00,area_trajectory,milford_haven,,1791205440000.0,,5.30289602279663
2026-10-06T02:18:24+00:00,area_trajectory,milford_haven,,1791205560000.0,,5.30289602279663
2026-10-06T02:18:24+00:00,area_trajectory,milford_haven,,1791205680000.0,,5.30289602279663
2026-10-06T02:18:24+00:00,area_trajectory,milford_haven,,1791205800000.0,,5.21256160736084
2026-10-06T02:18:24+00:00,area_trajectory,milford_haven,,1791205920000.0,,5.21256160736084
2026-10-06T02:18:24+00:00,area_trajectory,milford_haven,,1791206040000.0,,5.21256160736084
2026-10-06T02:18:24+00:00,area_trajectory,milford_haven,,1791206160000.0,,5.21256160736084
2026-10-06T02:18:24+00:00,area_trajectory,milford_haven,,1791206280000.0,,5.21256160736084
2026-10-06T02:18:24+00:00,area_trajectory,milford_haven,,1791206400000.0,,5.21256160736084
2026-10-06T02:18:24+00:00,area_trajectory,milford_haven,,1791206520000.0,,5.21256160736084
2026-10-06T02:18:24+00:00,area_trajectory,milford_haven,,1791206640000.0,,5.29313039779663
2026-10-06T02:18:24+00:00,area_trajectory,milford_haven,,1791206760000.0,,5.29313039779663
2026-10-06T02:18:24+00:00,area_trajectory,milford_haven,,1791206880000.0,,5.29313039779663
2026-10-06T02:18:24+00:00,area_trajectory,milford_haven,,1791207000000.0,,5.29313039779663
2026-10-06T02:18:24+00:00,area_trajectory,milford_haven,,1791207120000.0,,5.29313039779663
2026-10-06T02:18:24+00:00,area_trajectory,milford_haven,,1791207240000.0,,5.29313039779663
2026-10-06T02:18:24+00:00,area_trajectory,milford_haven,,1791207360000.0,,5.29313039779663
2026-10-06T02:18:24+00:00,area_trajectory,milford_haven,,1791207480000.0,,5.29313039779663
2026-10-06T02:18:24+00:00,area_trajectory,milford_haven,,1791207600000.0,,5.29313039779663
2026-10-06T02:18:24+00:00,area_trajectory,milford_haven,,1791207720000.0,,5.29313039779663
2026-10-06T02:18:24+00:00,area_trajectory,milford_haven,,1791207840000.0,,5.29313039779663
2026-10-06T02:18:24+00:00,area_trajectory,milford_haven,,1791207960000.0,,5.29313039779663
2026-10-06T02:18:24+00:00,area_trajectory,milford_haven,,1791208080000.0,,5.29313039779663
2026-10-06T02:18:24+00:00,area_trajectory,milford_haven,,1791208200000.0,,5.29313039779663
2026-10-06T02:18:24+00:00,area_trajectory,milford_haven,,1791208320000.0,,5.29313039779663
2026-10-06T02:18:24+00:00,area_trajectory,milford_haven,,1791208440000.0,,5.29313039779663
2026-10-06T02:18:24+00:00,area_trajectory,milford_haven,,1791208560000.0,,5.29313039779663
2026-10-06T02:18:24+00:00,area_trajectory,milford_haven,,1791208680000.0,,5.29313039779663
2026-10-06T02:18:24+00:00,area_trajectory,milford_haven,,1791208800000.0,,5.29313039779663
2026-10-06T02:18:24+00:00,area_trajectory,milford_haven,,1791208920000.0,,5.29313039779663
2026-10-06T02:18:24+00:00,area_trajectory,milford_haven,,1791209040000.0,,5.249183654785161
2026-10-06T02:18:24+00:00,area_trajectory,milford_haven,,1791209160000.0,,5.249183654785161
2026-10-06T02:18:24+00:00,area_trajectory,milford_haven,,1791209280000.0,,5.249183654785161
2026-10-06T02:18:24+00:00,area_trajectory,milford_haven,,1791209400000.0,,5.249183654785161
2026-10-06T02:18:24+00:00,area_trajectory,milford_haven,,1791209520000.0,,5.249183654785161
2026-10-06T02:18:24+00:00,area_trajectory,milford_haven,,1791209640000.0,,5.249183654785161
2026-10-06T02:18:24+00:00,area_trajectory,milford_haven,,1791209760000.0,,5.610522747039799
2026-10-06T02:18:24+00:00,area_trajectory,milford_haven,,1791209880000.0,,5.610522747039799
2026-10-06T02:18:24+00:00,area_trajectory,milford_haven,,1791210000000.0,,5.610522747039799
2026-10-06T02:18:24+00:00,area_trajectory,milford_haven,,1791210120000.0,,5.610522747039799
2026-10-06T02:18:24+00:00,area_trajectory,milford_haven,,1791210240000.0,,5.51042222976685
2026-10-06T02:18:24+00:00,area_trajectory,milford_haven,,1791210360000.0,,5.51042222976685
2026-10-06T02:18:24+00:00,area_trajectory,milford_haven,,1791210480000.0,,5.51042222976685
2026-10-06T02:18:24+00:00,area_trajectory,milford_haven,,1791210600000.0,,5.51042222976685
2026-10-06T02:18:24+00:00,area_trajectory,milford_haven,,1791210720000.0,,5.4274115562439
2026-10-06T02:18:24+00:00,area_trajectory,milford_haven,,1791210840000.0,,5.4274115562439
2026-10-06T02:18:24+00:00,area_trajectory,milford_haven,,1791210960000.0,,5.4274115562439
2026-10-06T02:18:24+00:00,area_trajectory,milford_haven,,1791211080000.0,,5.4274115562439
2026-10-06T02:18:24+00:00,area_trajectory,milford_haven,,1791211200000.0,,5.32486963272095
2026-10-06T02:18:24+00:00,area_trajectory,milford_haven,,1791211320000.0,,5.32486963272095
2026-10-06T02:18:24+00:00,area_trajectory,milford_haven,,1791211440000.0,,5.32486963272095
2026-10-06T02:18:24+00:00,area_trajectory,milford_haven,,1791211560000.0,,5.32486963272095
2026-10-06T02:18:24+00:00,area_trajectory,milford_haven,,1791211680000.0,,5.32486963272095
2026-10-06T02:18:24+00:00,area_trajectory,milford_haven,,1791211800000.0,,5.32486963272095
2026-10-06T02:18:24+00:00,area_trajectory,milford_haven,,1791211920000.0,,5.32486963272095
2026-10-06T02:18:24+00:00,area_trajectory,milford_haven,,1791212040000.0,,5.32486963272095
2026-10-06T02:18:24+00:00,area_trajectory,milford_haven,,1791212160000.0,,5.32486963272095
2026-10-06T02:18:24+00:00,area_trajectory,milford_haven,,1791212280000.0,,5.32486963272095
2026-10-06T02:18:24+00:00,area_trajectory,milford_haven,,1791212400000.0,,5.32486963272095
2026-10-06T02:18:24+00:00,area_trajectory,milford_haven,,1791212520000.0,,5.32486963272095
2026-10-06T02:18:24+00:00,area_trajectory,milford_haven,,1791212640000.0,,5.25406646728516
2026-10-06T02:18:24+00:00,area_trajectory,milford_haven,,1791212760000.0,,5.25406646728516
2026-10-06T02:18:24+00:00,area_trajectory,milford_haven,,1791212880000.0,,5.25406646728516
2026-10-06T02:18:24+00:00,area_trajectory,milford_haven,,1791213000000.0,,5.25406646728516
2026-10-06T02:18:24+00:00,area_trajectory,milford_haven,,1791213120000.0,,5.25406646728516
2026-10-06T02:18:24+00:00,area_trajectory,milford_haven,,1791213240000.0,,5.34195995330811
2026-10-06T02:18:24+00:00,area_trajectory,milford_haven,,1791213360000.0,,5.34195995330811
2026-10-06T02:18:24+00:00,area_trajectory,milford_haven,,1791213480000.0,,5.34195995330811
2026-10-06T02:18:24+00:00,area_trajectory,milford_haven,,1791213600000.0,,5.34195995330811
2026-10-06T02:18:24+00:00,area_trajectory,milford_haven,,1791213720000.0,,5.34195995330811
2026-10-06T02:18:24+00:00,area_trajectory,milford_haven,,1791213840000.0,,5.34195995330811
2026-10-06T02:18:24+00:00,area_trajectory,milford_haven,,1791213960000.0,,5.34195995330811
2026-10-06T02:18:24+00:00,area_trajectory,milford_haven,,1791214080000.0,,5.34195995330811
2026-10-06T02:18:24+00:00,area_trajectory,milford_haven,,1791214200000.0,,5.34195995330811
2026-10-06T02:18:24+00:00,area_trajectory,milford_haven,,1791214320000.0,,5.34195995330811
2026-10-06T02:18:24+00:00,area_trajectory,milford_haven,,1791214440000.0,,5.26139116287231
2026-10-06T02:18:24+00:00,area_trajectory,milford_haven,,1791214560000.0,,5.26139116287231
2026-10-06T02:18:24+00:00,area_trajectory,milford_haven,,1791214680000.0,,5.26139116287231
2026-10-06T02:18:24+00:00,area_trajectory,milford_haven,,1791214800000.0,,5.26139116287231
2026-10-06T02:18:24+00:00,area_trajectory,milford_haven,,1791214920000.0,,5.26139116287231
2026-10-06T02:18:24+00:00,area_trajectory,milford_haven,,1791215040000.0,,5.26139116287231
2026-10-06T02:18:24+00:00,area_trajectory,milford_haven,,1791215160000.0,,5.26139116287231
2026-10-06T02:18:24+00:00,area_trajectory,milford_haven,,1791215280000.0,,5.26139116287231
2026-10-06T02:18:24+00:00,area_trajectory,milford_haven,,1791215400000.0,,5.26139116287231
2026-10-06T02:18:24+00:00,area_trajectory,milford_haven,,1791215520000.0,,5.26139116287231
2026-10-06T02:18:24+00:00,area_trajectory,milford_haven,,1791215640000.0,,5.26139116287231
2026-10-06T02:18:24+00:00,area_trajectory,milford_haven,,1791215760000.0,,5.26139116287231
2026-10-06T02:18:24+00:00,area_trajectory,milford_haven,,1791215880000.0,,5.26139116287231
2026-10-06T02:18:24+00:00,area_trajectory,milford_haven,,1791216000000.0,,5.26139116287231
2026-10-06T02:18:24+00:00,area_trajectory,milford_haven,,1791216120000.0,,5.26139116287231
2026-10-06T02:18:24+00:00,area_trajectory,milford_haven,,1791216240000.0,,5.28824710845947
2026-10-06T02:18:24+00:00,area_trajectory,milford_haven,,1791216360000.0,,5.28824710845947
2026-10-06T02:18:24+00:00,area_trajectory,milford_haven,,1791216480000.0,,5.28824710845947
2026-10-06T02:18:24+00:00,area_trajectory,milford_haven,,1791216600000.0,,5.28824710845947
2026-10-06T02:18:24+00:00,area_trajectory,milford_haven,,1791216720000.0,,5.28824710845947
2026-10-06T02:18:24+00:00,area_trajectory,milford_haven,,1791216840000.0,,5.28824710845947
2026-10-06T02:18:24+00:00,area_trajectory,milford_haven,,1791216960000.0,,5.28824710845947
2026-10-06T02:18:24+00:00,area_trajectory,milford_haven,,1791217080000.0,,5.28824710845947
2026-10-06T02:18:24+00:00,area_trajectory,milford_haven,,1791217200000.0,,5.28824710845947
2026-10-06T02:18:24+00:00,area_trajectory,milford_haven,,1791217320000.0,,5.28824710845947
2026-10-06T02:18:24+00:00,area_trajectory,milford_haven,,1791217440000.0,,5.28824710845947
2026-10-06T02:18:24+00:00,area_trajectory,milford_haven,,1791217560000.0,,5.28824710845947
2026-10-06T02:18:24+00:00,area_trajectory,milford_haven,,1791217680000.0,,5.28824710845947
2026-10-06T02:18:24+00:00,area_trajectory,milford_haven,,1791217800000.0,,5.28824710845947
2026-10-06T02:18:24+00:00,area_trajectory,milford_haven,,1791217920000.0,,5.28824710845947
2026-10-06T02:18:24+00:00,area_trajectory,milford_haven,,1791218040000.0,,5.28824710845947
2026-10-06T02:18:24+00:00,area_trajectory,milford_haven,,1791218160000.0,,5.28824710845947
2026-10-06T02:18:24+00:00,area_trajectory,milford_haven,,1791218280000.0,,5.28824710845947
2026-10-06T02:18:24+00:00,area_trajectory,milford_haven,,1791218400000.0,,5.28824710845947
2026-10-06T02:18:24+00:00,area_trajectory,milford_haven,,1791218520000.0,,5.28824710845947
2026-10-06T02:18:24+00:00,area_trajectory,milford_haven,,1791218640000.0,,5.28824710845947
2026-10-06T02:18:24+00:00,area_trajectory,milford_haven,,1791218760000.0,,5.28824710845947
2026-10-06T02:18:24+00:00,area_trajectory,milford_haven,,1791218880000.0,,5.28824710845947
2026-10-06T02:18:24+00:00,area_trajectory,milford_haven,,1791219000000.0,,5.28824710845947
2026-10-06T02:18:24+00:00,area_trajectory,milford_haven,,1791219120000.0,,5.28824710845947
2026-10-06T02:18:24+00:00,area_trajectory,milford_haven,,1791219240000.0,,5.28824710845947
2026-10-06T02:18:24+00:00,area_trajectory,milford_haven,,1791219360000.0,,5.28824710845947
2026-10-06T02:18:24+00:00,area_trajectory,milford_haven,,1791219480000.0,,5.28824710845947
2026-10-06T02:18:24+00:00,area_trajectory,milford_haven,,1791219600000.0,,5.28824710845947
2026-10-06T02:18:24+00:00,area_trajectory,milford_haven,,1791219720000.0,,5.28824710845947
2026-10-06T02:18:24+00:00,area_trajectory,milford_haven,,1791219840000.0,,5.26627397537231
2026-10-06T02:18:24+00:00,area_trajectory,milford_haven,,1791219960000.0,,5.26627397537231
2026-10-06T02:18:24+00:00,area_trajectory,milford_haven,,1791220080000.0,,5.26627397537231
2026-10-06T02:18:24+00:00,area_trajectory,milford_haven,,1791220200000.0,,5.26627397537231
2026-10-06T02:18:24+00:00,area_trajectory,milford_haven,,1791220320000.0,,5.26627397537231
2026-10-06T02:18:24+00:00,area_trajectory,milford_haven,,1791220440000.0,,5.26627397537231
2026-10-06T02:18:24+00:00,area_trajectory,milford_haven,,1791220560000.0,,5.26627397537231
2026-10-06T02:18:24+00:00,area_trajectory,milford_haven,,1791220680000.0,,5.26627397537231
2026-10-06T02:18:24+00:00,area_trajectory,milford_haven,,1791220800000.0,,5.26627397537231
2026-10-06T02:18:24+00:00,area_trajectory,milford_haven,,1791220920000.0,,5.26627397537231
2026-10-06T02:18:24+00:00,area_trajectory,milford_haven,,1791221040000.0,,5.26627397537231
2026-10-06T02:18:24+00:00,area_trajectory,milford_haven,,1791221160000.0,,5.26627397537231
2026-10-06T02:18:24+00:00,area_trajectory,milford_haven,,1791221280000.0,,5.26627397537231
2026-10-06T02:18:24+00:00,area_trajectory,milford_haven,,1791221400000.0,,5.26627397537231
2026-10-06T02:18:24+00:00,area_trajectory,milford_haven,,1791221520000.0,,5.26627397537231
2026-10-06T02:18:24+00:00,area_trajectory,milford_haven,,1791221640000.0,,5.26627397537231
2026-10-06T02:18:24+00:00,area_trajectory,milford_haven,,1791221760000.0,,5.26627397537231
2026-10-06T02:18:24+00:00,area_trajectory,milford_haven,,1791221880000.0,,5.26627397537231
2026-10-06T02:18:24+00:00,area_trajectory,milford_haven,,1791222000000.0,,5.26627397537231
2026-10-06T02:18:24+00:00,area_trajectory,milford_haven,,1791222120000.0,,5.26627397537231
2026-10-06T02:18:24+00:00,area_trajectory,milford_haven,,1791222240000.0,,5.26627397537231
2026-10-06T02:18:24+00:00,area_trajectory,milford_haven,,1791222360000.0,,5.26627397537231
2026-10-06T02:18:24+00:00,area_trajectory,milford_haven,,1791222480000.0,,5.26627397537231
2026-10-06T02:18:24+00:00,area_trajectory,milford_haven,,1791222600000.0,,5.26627397537231
2026-10-06T02:18:24+00:00,area_trajectory,milford_haven,,1791222720000.0,,5.26627397537231
2026-10-06T02:18:24+00:00,area_trajectory,milford_haven,,1791222840000.0,,5.26627397537231
2026-10-06T02:18:24+00:00,area_trajectory,milford_haven,,1791222960000.0,,5.26627397537231
2026-10-06T02:18:24+00:00,area_trajectory,milford_haven,,1791223080000.0,,5.35905027389526
2026-10-06T02:18:24+00:00,area_trajectory,milford_haven,,1791223200000.0,,5.35905027389526
2026-10-06T02:18:24+00:00,area_trajectory,milford_haven,,1791223320000.0,,5.35905027389526
2026-10-06T02:18:24+00:00,area_trajectory,milford_haven,,1791223440000.0,,5.30777931213379
2026-10-06T02:18:24+00:00,area_trajectory,milford_haven,,1791223560000.0,,5.30777931213379
2026-10-06T02:18:24+00:00,area_trajectory,milford_haven,,1791223680000.0,,5.30777931213379
2026-10-06T02:18:24+00:00,area_trajectory,milford_haven,,1791223800000.0,,5.30777931213379
2026-10-06T02:18:24+00:00,area_trajectory,milford_haven,,1791223920000.0,,5.30777931213379
2026-10-06T02:18:24+00:00,area_trajectory,milford_haven,,1791224040000.0,,5.30777931213379
2026-10-06T02:18:24+00:00,area_trajectory,milford_haven,,1791224160000.0,,5.30777931213379
2026-10-06T02:18:24+00:00,area_trajectory,milford_haven,,1791224280000.0,,5.30777931213379
2026-10-06T02:18:24+00:00,area_trajectory,milford_haven,,1791224400000.0,,5.30777931213379
2026-10-06T02:18:24+00:00,area_trajectory,milford_haven,,1791224520000.0,,5.30777931213379
2026-10-06T02:18:24+00:00,area_trajectory,milford_haven,,1791224640000.0,,5.30777931213379
2026-10-06T02:18:24+00:00,area_trajectory,milford_haven,,1791224760000.0,,5.30777931213379
2026-10-06T02:18:24+00:00,area_trajectory,milford_haven,,1791224880000.0,,5.30777931213379
2026-10-06T02:18:24+00:00,area_trajectory,milford_haven,,1791225000000.0,,5.30777931213379
2026-10-06T02:18:24+00:00,area_trajectory,milford_haven,,1791225120000.0,,5.30777931213379
2026-10-06T02:18:24+00:00,area_trajectory,milford_haven,,1791225240000.0,,5.30777931213379
2026-10-06T02:18:24+00:00,area_trajectory,milford_haven,,1791225360000.0,,5.30777931213379
2026-10-06T02:18:24+00:00,area_trajectory,milford_haven,,1791225480000.0,,5.30777931213379
2026-10-06T02:18:24+00:00,area_trajectory,milford_haven,,1791225600000.0,,5.30777931213379
2026-10-06T02:18:24+00:00,area_trajectory,milford_haven,,1791225720000.0,,5.30777931213379
2026-10-06T02:18:24+00:00,area_trajectory,milford_haven,,1791225840000.0,,5.30777931213379
2026-10-06T02:18:24+00:00,area_trajectory,milford_haven,,1791225960000.0,,5.30777931213379
2026-10-06T02:18:24+00:00,area_trajectory,milford_haven,,1791226080000.0,,5.30777931213379
2026-10-06T02:18:24+00:00,area_trajectory,milford_haven,,1791226200000.0,,5.30777931213379
2026-10-06T02:18:24+00:00,area_trajectory,milford_haven,,1791226320000.0,,5.30777931213379
2026-10-06T02:18:24+00:00,area_trajectory,milford_haven,,1791226440000.0,,5.30777931213379
2026-10-06T02:18:24+00:00,area_trajectory,milford_haven,,1791226560000.0,,5.30777931213379
2026-10-06T02:18:24+00:00,area_trajectory,milford_haven,,1791226680000.0,,5.30777931213379
2026-10-06T02:18:24+00:00,area_trajectory,milford_haven,,1791226800000.0,,5.30777931213379
2026-10-06T02:18:24+00:00,area_trajectory,milford_haven,,1791226920000.0,,5.30777931213379
2026-10-06T02:18:24+00:00,area_trajectory,milford_haven,,1791227040000.0,,5.31754493713379
2026-10-06T02:18:24+00:00,area_trajectory,milford_haven,,1791227160000.0,,5.31754493713379
2026-10-06T02:18:24+00:00,area_trajectory,milford_haven,,1791227280000.0,,5.31754493713379
2026-10-06T02:18:24+00:00,area_trajectory,milford_haven,,1791227400000.0,,5.31754493713379
2026-10-06T02:18:24+00:00,area_trajectory,milford_haven,,1791227520000.0,,5.31754493713379
2026-10-06T02:18:24+00:00,area_trajectory,milford_haven,,1791227640000.0,,5.31754493713379
2026-10-06T02:18:24+00:00,area_trajectory,milford_haven,,1791227760000.0,,5.31754493713379
2026-10-06T02:18:24+00:00,area_trajectory,milford_haven,,1791227880000.0,,5.31754493713379
2026-10-06T02:18:24+00:00,area_trajectory,milford_haven,,1791228000000.0,,5.31754493713379
2026-10-06T02:18:24+00:00,area_trajectory,milford_haven,,1791228120000.0,,5.31754493713379
2026-10-06T02:18:24+00:00,area_trajectory,milford_haven,,1791228240000.0,,5.31754493713379
2026-10-06T02:18:24+00:00,area_trajectory,milford_haven,,1791228360000.0,,5.31754493713379
2026-10-06T02:18:24+00:00,area_trajectory,milford_haven,,1791228480000.0,,5.31754493713379
2026-10-06T02:18:24+00:00,area_trajectory,milford_haven,,1791228600000.0,,5.31754493713379
2026-10-06T02:18:24+00:00,area_trajectory,milford_haven,,1791228720000.0,,5.31754493713379
2026-10-06T02:18:24+00:00,area_trajectory,milford_haven,,1791228840000.0,,5.31754493713379
2026-10-06T02:18:24+00:00,area_trajectory,milford_haven,,1791228960000.0,,5.31754493713379
2026-10-06T02:18:24+00:00,area_trajectory,milford_haven,,1791229080000.0,,5.31754493713379
2026-10-06T02:18:24+00:00,area_trajectory,milford_haven,,1791229200000.0,,5.31754493713379
2026-10-06T02:18:24+00:00,area_trajectory,milford_haven,,1791229320000.0,,5.31754493713379
2026-10-06T02:18:24+00:00,area_trajectory,milford_haven,,1791229440000.0,,5.31754493713379
2026-10-06T02:18:24+00:00,area_trajectory,milford_haven,,1791229560000.0,,5.31754493713379
2026-10-06T02:18:24+00:00,area_trajectory,milford_haven,,1791229680000.0,,5.31754493713379
2026-10-06T02:18:24+00:00,area_trajectory,milford_haven,,1791229800000.0,,5.31754493713379
2026-10-06T02:18:24+00:00,area_trajectory,milford_haven,,1791229920000.0,,5.31754493713379
2026-10-06T02:18:24+00:00,area_trajectory,milford_haven,,1791230040000.0,,5.31754493713379
2026-10-06T02:18:24+00:00,area_trajectory,milford_haven,,1791230160000.0,,5.31754493713379
2026-10-06T02:18:24+00:00,area_trajectory,milford_haven,,1791230280000.0,,5.31754493713379
2026-10-06T02:18:24+00:00,area_trajectory,milford_haven,,1791230400000.0,,5.31754493713379
2026-10-06T02:18:24+00:00,area_trajectory,milford_haven,,1791230520000.0,,5.31754493713379
2026-10-06T02:18:24+00:00,area_trajectory,milford_haven,,1791230640000.0,,5.37858200073242
2026-10-06T02:18:24+00:00,area_trajectory,milford_haven,,1791230760000.0,,5.37858200073242
2026-10-06T02:18:24+00:00,area_trajectory,milford_haven,,1791230880000.0,,5.37858200073242
2026-10-06T02:18:24+00:00,area_trajectory,milford_haven,,1791231000000.0,,5.37858200073242
2026-10-06T02:18:24+00:00,area_trajectory,milford_haven,,1791231120000.0,,5.37858200073242
2026-10-06T02:18:24+00:00,area_trajectory,milford_haven,,1791231240000.0,,5.37858200073242
2026-10-06T02:18:24+00:00,area_trajectory,milford_haven,,1791231360000.0,,5.37858200073242
2026-10-06T02:18:24+00:00,area_trajectory,milford_haven,,1791231480000.0,,5.37858200073242
2026-10-06T02:18:24+00:00,area_trajectory,milford_haven,,1791231600000.0,,5.37858200073242
2026-10-06T02:18:24+00:00,area_trajectory,milford_haven,,1791231720000.0,,5.37858200073242
2026-10-06T02:18:24+00:00,area_trajectory,milford_haven,,1791231840000.0,,5.37858200073242
2026-10-06T02:18:24+00:00,area_trajectory,milford_haven,,1791231960000.0,,5.37858200073242
2026-10-06T02:18:24+00:00,area_trajectory,milford_haven,,1791232080000.0,,5.37858200073242
2026-10-06T02:18:24+00:00,area_trajectory,milford_haven,,1791232200000.0,,5.37858200073242
2026-10-06T02:18:24+00:00,area_trajectory,milford_haven,,1791232320000.0,,5.37858200073242
2026-10-06T02:18:24+00:00,area_trajectory,milford_haven,,1791232440000.0,,5.37858200073242
2026-10-06T02:18:24+00:00,area_trajectory,milford_haven,,1791232560000.0,,5.37858200073242
2026-10-06T02:18:24+00:00,area_trajectory,milford_haven,,1791232680000.0,,5.37858200073242
2026-10-06T02:18:24+00:00,area_trajectory,milford_haven,,1791232800000.0,,5.37858200073242
2026-10-06T02:18:24+00:00,area_trajectory,milford_haven,,1791232920000.0,,5.37858200073242
2026-10-06T02:18:24+00:00,area_trajectory,milford_haven,,1791233040000.0,,5.37858200073242
2026-10-06T02:18:24+00:00,area_trajectory,milford_haven,,1791233160000.0,,5.37858200073242
2026-10-06T02:18:24+00:00,area_trajectory,milford_haven,,1791233280000.0,,5.37858200073242
2026-10-06T02:18:24+00:00,area_trajectory,milford_haven,,1791233400000.0,,5.37858200073242
2026-10-06T02:18:24+00:00,area_trajectory,milford_haven,,1791233520000.0,,5.37858200073242
2026-10-06T02:18:24+00:00,area_trajectory,milford_haven,,1791233640000.0,,5.37858200073242
2026-10-06T02:18:24+00:00,area_trajectory,milford_haven,,1791233760000.0,,5.37858200073242
2026-10-06T02:18:24+00:00,area_trajectory,milford_haven,,1791233880000.0,,5.37858200073242
2026-10-06T02:18:24+00:00,area_trajectory,milford_haven,,1791234000000.0,,5.37858200073242
2026-10-06T02:18:24+00:00,area_trajectory,milford_haven,,1791234120000.0,,5.37858200073242
2026-10-06T02:18:24+00:00,area_trajectory,milford_haven,,1791234240000.0,,5.32731103897095
2026-10-06T02:18:24+00:00,area_trajectory,milford_haven,,1791234360000.0,,5.32731103897095
2026-10-06T02:18:24+00:00,area_trajectory,milford_haven,,1791234480000.0,,5.32731103897095
2026-10-06T02:18:24+00:00,area_trajectory,milford_haven,,1791234600000.0,,5.32731103897095
2026-10-06T02:18:24+00:00,area_trajectory,milford_haven,,1791234720000.0,,5.32731103897095
2026-10-06T02:18:24+00:00,area_trajectory,milford_haven,,1791234840000.0,,5.32731103897095
2026-10-06T02:18:24+00:00,area_trajectory,milford_haven,,1791234960000.0,,5.32731103897095
2026-10-06T02:18:24+00:00,area_trajectory,milford_haven,,1791235080000.0,,5.32731103897095
2026-10-06T02:18:24+00:00,area_trajectory,milford_haven,,1791235200000.0,,5.32731103897095
2026-10-06T02:18:24+00:00,area_trajectory,milford_haven,,1791235320000.0,,5.32731103897095
2026-10-06T02:18:24+00:00,area_trajectory,milford_haven,,1791235440000.0,,5.32731103897095
2026-10-06T02:18:24+00:00,area_trajectory,milford_haven,,1791235560000.0,,5.37858200073242
2026-10-06T02:18:24+00:00,area_trajectory,milford_haven,,1791235680000.0,,5.37858200073242
2026-10-06T02:18:24+00:00,area_trajectory,milford_haven,,1791235800000.0,,5.37858200073242
2026-10-06T02:18:24+00:00,area_trajectory,milford_haven,,1791235920000.0,,5.37858200073242
2026-10-06T02:18:24+00:00,area_trajectory,milford_haven,,1791236040000.0,,5.37858200073242
2026-10-06T02:18:24+00:00,area_trajectory,milford_haven,,1791236160000.0,,5.37858200073242
2026-10-06T02:18:24+00:00,area_trajectory,milford_haven,,1791236280000.0,,5.37858200073242
2026-10-06T02:18:24+00:00,area_trajectory,milford_haven,,1791236400000.0,,5.37858200073242
2026-10-06T02:18:24+00:00,area_trajectory,milford_haven,,1791236520000.0,,5.37858200073242
2026-10-06T02:18:24+00:00,area_trajectory,milford_haven,,1791236640000.0,,5.37858200073242
2026-10-06T02:18:24+00:00,area_trajectory,milford_haven,,1791236760000.0,,5.37858200073242
2026-10-06T02:18:24+00:00,area_trajectory,milford_haven,,1791236880000.0,,5.37858200073242
2026-10-06T02:18:24+00:00,area_trajectory,milford_haven,,1791237000000.0,,5.37858200073242
2026-10-06T02:18:24+00:00,area_trajectory,milford_haven,,1791237120000.0,,5.37858200073242
2026-10-06T02:18:24+00:00,area_trajectory,milford_haven,,1791237240000.0,,5.37858200073242
2026-10-06T02:18:24+00:00,area_trajectory,milford_haven,,1791237360000.0,,5.37858200073242
2026-10-06T02:18:24+00:00,area_trajectory,milford_haven,,1791237480000.0,,5.37858200073242
2026-10-06T02:18:24+00:00,area_trajectory,milford_haven,,1791237600000.0,,5.37858200073242
2026-10-06T02:18:24+00:00,area_trajectory,milford_haven,,1791237720000.0,,5.37858200073242
2026-10-06T02:18:24+00:00,area_trajectory,milford_haven,,1791237840000.0,,5.38346529006958
2026-10-06T02:18:24+00:00,area_trajectory,milford_haven,,1791237960000.0,,5.38346529006958
2026-10-06T02:18:24+00:00,area_trajectory,milford_haven,,1791238080000.0,,5.38346529006958
2026-10-06T02:18:24+00:00,area_trajectory,milford_haven,,1791238200000.0,,5.38346529006958
2026-10-06T02:18:24+00:00,area_trajectory,milford_haven,,1791238320000.0,,5.38346529006958
2026-10-06T02:18:24+00:00,area_trajectory,milford_haven,,1791238440000.0,,5.38346529006958
2026-10-06T02:18:24+00:00,area_trajectory,milford_haven,,1791238560000.0,,5.38346529006958
2026-10-06T02:18:24+00:00,area_trajectory,milford_haven,,1791238680000.0,,5.38346529006958
2026-10-06T02:18:24+00:00,area_trajectory,milford_haven,,1791238800000.0,,5.38346529006958
2026-10-06T02:18:24+00:00,area_trajectory,milford_haven,,1791238920000.0,,5.38346529006958
2026-10-06T02:18:24+00:00,area_trajectory,milford_haven,,1791239040000.0,,5.38346529006958
2026-10-06T02:18:24+00:00,area_trajectory,milford_haven,,1791239160000.0,,5.38346529006958
2026-10-06T02:18:24+00:00,area_trajectory,milford_haven,,1791239280000.0,,5.38346529006958
2026-10-06T02:18:24+00:00,area_trajectory,milford_haven,,1791239400000.0,,5.38346529006958
2026-10-06T02:18:24+00:00,area_trajectory,milford_haven,,1791239520000.0,,5.38346529006958
2026-10-06T02:18:24+00:00,area_trajectory,milford_haven,,1791239640000.0,,5.38346529006958
2026-10-06T02:18:24+00:00,area_trajectory,milford_haven,,1791239760000.0,,5.38346529006958
2026-10-06T02:18:24+00:00,area_trajectory,milford_haven,,1791239880000.0,,5.38346529006958
2026-10-06T02:18:24+00:00,area_trajectory,milford_haven,,1791240000000.0,,5.38346529006958
2026-10-06T02:18:24+00:00,area_trajectory,milford_haven,,1791240120000.0,,5.38346529006958
2026-10-06T02:18:24+00:00,area_trajectory,milford_haven,,1791240240000.0,,5.38346529006958
2026-10-06T02:18:24+00:00,area_trajectory,milford_haven,,1791240360000.0,,5.38346529006958
2026-10-06T02:18:24+00:00,area_trajectory,milford_haven,,1791240480000.0,,5.38346529006958
2026-10-06T02:18:24+00:00,area_trajectory,milford_haven,,1791240600000.0,,5.38346529006958
2026-10-06T02:18:24+00:00,area_trajectory,milford_haven,,1791240720000.0,,5.38346529006958
2026-10-06T02:18:24+00:00,area_trajectory,milford_haven,,1791240840000.0,,5.38346529006958
2026-10-06T02:18:24+00:00,area_trajectory,milford_haven,,1791240960000.0,,5.38346529006958
2026-10-06T02:18:24+00:00,area_trajectory,milford_haven,,1791241080000.0,,5.38346529006958
2026-10-06T02:18:24+00:00,area_trajectory,milford_haven,,1791241200000.0,,5.38346529006958
2026-10-06T02:18:24+00:00,area_trajectory,milford_haven,,1791241320000.0,,5.38346529006958
2026-10-06T02:18:24+00:00,area_trajectory,milford_haven,,1791241440000.0,,5.38834810256958
2026-10-06T02:18:24+00:00,area_trajectory,milford_haven,,1791241560000.0,,5.38834810256958
2026-10-06T02:18:24+00:00,area_trajectory,milford_haven,,1791241680000.0,,5.38834810256958
2026-10-06T02:18:24+00:00,area_trajectory,milford_haven,,1791241800000.0,,5.38834810256958
2026-10-06T02:18:24+00:00,area_trajectory,milford_haven,,1791241920000.0,,5.38834810256958
2026-10-06T02:18:24+00:00,area_trajectory,milford_haven,,1791242040000.0,,5.38834810256958
2026-10-06T02:18:24+00:00,area_trajectory,milford_haven,,1791242160000.0,,5.38834810256958
2026-10-06T02:18:24+00:00,area_trajectory,milford_haven,,1791242280000.0,,5.38834810256958
2026-10-06T02:18:24+00:00,area_trajectory,milford_haven,,1791242400000.0,,5.38834810256958
2026-10-06T02:18:24+00:00,area_trajectory,milford_haven,,1791242520000.0,,5.38834810256958
2026-10-06T02:18:24+00:00,area_trajectory,milford_haven,,1791242640000.0,,5.38834810256958
2026-10-06T02:18:24+00:00,area_trajectory,milford_haven,,1791242760000.0,,5.38834810256958
2026-10-06T02:18:24+00:00,area_trajectory,milford_haven,,1791242880000.0,,5.38834810256958
2026-10-06T02:18:24+00:00,area_trajectory,milford_haven,,1791243000000.0,,5.38834810256958
2026-10-06T02:18:24+00:00,area_trajectory,milford_haven,,1791243120000.0,,5.38834810256958
2026-10-06T02:18:24+00:00,area_trajectory,milford_haven,,1791243240000.0,,5.38834810256958
2026-10-06T02:18:24+00:00,area_trajectory,milford_haven,,1791243360000.0,,5.38834810256958
2026-10-06T02:18:24+00:00,area_trajectory,milford_haven,,1791243480000.0,,5.38834810256958
2026-10-06T02:18:24+00:00,area_trajectory,milford_haven,,1791243600000.0,,5.38834810256958
2026-10-06T02:18:24+00:00,area_trajectory,milford_haven,,1791243720000.0,,5.38834810256958
2026-10-06T02:18:24+00:00,area_trajectory,milford_haven,,1791243840000.0,,5.38834810256958
2026-10-06T02:18:24+00:00,area_trajectory,milford_haven,,1791243960000.0,,5.38834810256958
2026-10-06T02:18:24+00:00,area_trajectory,milford_haven,,1791244080000.0,,5.38834810256958
2026-10-06T02:18:24+00:00,area_trajectory,milford_haven,,1791244200000.0,,5.38834810256958
2026-10-06T02:18:24+00:00,area_trajectory,milford_haven,,1791244320000.0,,5.38834810256958
2026-10-06T02:18:24+00:00,area_trajectory,milford_haven,,1791244440000.0,,5.38834810256958
2026-10-06T02:18:24+00:00,area_trajectory,milford_haven,,1791244560000.0,,5.38834810256958
2026-10-06T02:18:24+00:00,area_trajectory,milford_haven,,1791244680000.0,,5.38834810256958
2026-10-06T02:18:24+00:00,area_trajectory,milford_haven,,1791244800000.0,,5.38834810256958
2026-10-06T02:18:24+00:00,area_trajectory,milford_haven,,1791244920000.0,,5.30777931213379
2026-10-06T02:18:24+00:00,area_trajectory,milford_haven,,1791245040000.0,,5.32486963272095
2026-10-06T02:18:24+00:00,area_trajectory,milford_haven,,1791245160000.0,,5.32486963272095
2026-10-06T02:18:24+00:00,area_trajectory,milford_haven,,1791245280000.0,,5.239417552948
2026-10-06T02:18:24+00:00,area_trajectory,milford_haven,,1791245400000.0,,5.239417552948
2026-10-06T02:18:24+00:00,area_trajectory,milford_haven,,1791245520000.0,,5.239417552948
2026-10-06T02:18:24+00:00,area_trajectory,milford_haven,,1791245640000.0,,5.239417552948
2026-10-06T02:18:24+00:00,area_trajectory,milford_haven,,1791245760000.0,,5.239417552948
2026-10-06T02:18:24+00:00,area_trajectory,milford_haven,,1791245880000.0,,5.239417552948
2026-10-06T02:18:24+00:00,area_trajectory,milford_haven,,1791246000000.0,,5.239417552948
2026-10-06T02:18:24+00:00,area_trajectory,milford_haven,,1791246120000.0,,5.239417552948
2026-10-06T02:18:24+00:00,area_trajectory,milford_haven,,1791246240000.0,,5.239417552948
2026-10-06T02:18:24+00:00,area_trajectory,milford_haven,,1791246360000.0,,5.239417552948
2026-10-06T02:18:24+00:00,area_trajectory,milford_haven,,1791246480000.0,,5.239417552948
2026-10-06T02:18:24+00:00,area_trajectory,milford_haven,,1791246600000.0,,5.239417552948
2026-10-06T02:18:24+00:00,area_trajectory,milford_haven,,1791246720000.0,,5.239417552948
2026-10-06T02:18:24+00:00,area_trajectory,milford_haven,,1791246840000.0,,5.239417552948
2026-10-06T02:18:24+00:00,area_trajectory,milford_haven,,1791246960000.0,,5.239417552948
2026-10-06T02:18:24+00:00,area_trajectory,milford_haven,,1791247080000.0,,5.239417552948
2026-10-06T02:18:24+00:00,area_trajectory,milford_haven,,1791247200000.0,,5.239417552948
2026-10-06T02:18:24+00:00,area_trajectory,milford_haven,,1791247320000.0,,5.239417552948
2026-10-06T02:18:24+00:00,area_trajectory,milford_haven,,1791247440000.0,,5.239417552948
2026-10-06T02:18:24+00:00,area_trajectory,milford_haven,,1791247560000.0,,5.239417552948
2026-10-06T02:18:24+00:00,area_trajectory,milford_haven,,1791247680000.0,,5.239417552948
2026-10-06T02:18:24+00:00,area_trajectory,milford_haven,,1791247800000.0,,5.239417552948
2026-10-06T02:18:24+00:00,area_trajectory,milford_haven,,1791247920000.0,,5.239417552948
2026-10-06T02:18:24+00:00,area_trajectory,milford_haven,,1791248040000.0,,5.239417552948
2026-10-06T02:18:24+00:00,area_trajectory,milford_haven,,1791248160000.0,,5.239417552948
2026-10-06T02:18:24+00:00,area_trajectory,milford_haven,,1791248280000.0,,5.239417552948
2026-10-06T02:18:24+00:00,area_trajectory,milford_haven,,1791248400000.0,,5.239417552948
2026-10-06T02:18:24+00:00,area_trajectory,milford_haven,,1791248520000.0,,5.239417552948
2026-10-06T02:18:24+00:00,area_trajectory,milford_haven,,1791248640000.0,,5.27359867095947
2026-10-06T02:18:24+00:00,area_trajectory,milford_haven,,1791248760000.0,,5.27359867095947
2026-10-06T02:18:24+00:00,area_trajectory,milford_haven,,1791248880000.0,,5.27359867095947
2026-10-06T02:18:24+00:00,area_trajectory,milford_haven,,1791249000000.0,,5.27359867095947
2026-10-06T02:18:24+00:00,area_trajectory,milford_haven,,1791249120000.0,,5.27359867095947
2026-10-06T02:18:24+00:00,area_trajectory,milford_haven,,1791249240000.0,,5.27359867095947
2026-10-06T02:18:24+00:00,area_trajectory,milford_haven,,1791249360000.0,,5.27359867095947
2026-10-06T02:18:24+00:00,area_trajectory,milford_haven,,1791249480000.0,,5.27359867095947
2026-10-06T02:18:24+00:00,area_trajectory,milford_haven,,1791249600000.0,,5.27359867095947
2026-10-06T02:18:24+00:00,area_trajectory,milford_haven,,1791249720000.0,,5.27359867095947
2026-10-06T02:18:24+00:00,area_trajectory,milford_haven,,1791249840000.0,,5.27359867095947
2026-10-06T02:18:24+00:00,area_trajectory,milford_haven,,1791249960000.0,,5.27359867095947
2026-10-06T02:18:24+00:00,area_trajectory,milford_haven,,1791250080000.0,,5.27359867095947
2026-10-06T02:18:24+00:00,area_trajectory,milford_haven,,1791250200000.0,,5.27359867095947
2026-10-06T02:18:24+00:00,area_trajectory,milford_haven,,1791250320000.0,,5.27359867095947
2026-10-06T02:18:24+00:00,area_trajectory,milford_haven,,1791250440000.0,,5.27359867095947
2026-10-06T02:18:24+00:00,area_trajectory,milford_haven,,1791250560000.0,,5.27359867095947
2026-10-06T02:18:24+00:00,area_trajectory,milford_haven,,1791250680000.0,,5.27359867095947
2026-10-06T02:18:24+00:00,area_trajectory,milford_haven,,1791250800000.0,,5.27359867095947
2026-10-06T02:18:24+00:00,area_trajectory,milford_haven,,1791250920000.0,,5.27359867095947
2026-10-06T02:18:24+00:00,area_trajectory,milford_haven,,1791251040000.0,,5.27359867095947
2026-10-06T02:18:24+00:00,area_trajectory,milford_haven,,1791251160000.0,,5.27359867095947
2026-10-06T02:18:24+00:00,area_trajectory,milford_haven,,1791251280000.0,,5.27359867095947
2026-10-06T02:18:24+00:00,area_trajectory,milford_haven,,1791251400000.0,,5.27359867095947
2026-10-06T02:18:24+00:00,area_trajectory,milford_haven,,1791251520000.0,,5.27359867095947
2026-10-06T02:18:24+00:00,area_trajectory,milford_haven,,1791251640000.0,,5.27359867095947
2026-10-06T02:18:24+00:00,area_trajectory,milford_haven,,1791251760000.0,,5.27359867095947
2026-10-06T02:18:24+00:00,area_trajectory,milford_haven,,1791251880000.0,,5.27359867095947
2026-10-06T02:18:24+00:00,area_trajectory,milford_haven,,1791252000000.0,,5.27359867095947
2026-10-06T02:18:24+00:00,area_trajectory,milford_haven,,1791252120000.0,,5.27359867095947
2026-10-06T02:18:24+00:00,area_trajectory,milford_haven,,1791252240000.0,,5.25162506103516
2026-10-06T02:18:24+00:00,area_trajectory,milford_haven,,1791252360000.0,,5.25162506103516
2026-10-06T02:18:24+00:00,area_trajectory,milford_haven,,1791252480000.0,,5.25162506103516
2026-10-06T02:18:24+00:00,area_trajectory,milford_haven,,1791252600000.0,,5.25162506103516
2026-10-06T02:18:24+00:00,area_trajectory,milford_haven,,1791252720000.0,,5.25162506103516
2026-10-06T02:18:24+00:00,area_trajectory,milford_haven,,1791252840000.0,,5.25162506103516
2026-10-06T02:18:24+00:00,area_trajectory,milford_haven,,1791252960000.0,,5.25162506103516
2026-10-06T02:18:24+00:00,area_trajectory,milford_haven,,1791253080000.0,,5.25162506103516
2026-10-06T02:18:24+00:00,area_trajectory,milford_haven,,1791253200000.0,,5.25162506103516
2026-10-06T02:18:24+00:00,area_trajectory,milford_haven,,1791253320000.0,,5.25162506103516
2026-10-06T02:18:24+00:00,area_trajectory,milford_haven,,1791253440000.0,,5.25162506103516
2026-10-06T02:18:24+00:00,area_trajectory,milford_haven,,1791253560000.0,,5.25162506103516
2026-10-06T02:18:24+00:00,area_trajectory,milford_haven,,1791253680000.0,,5.25162506103516
2026-10-06T02:18:24+00:00,area_trajectory,milford_haven,,1791253800000.0,,5.25162506103516
2026-10-06T02:18:24+00:00,area_trajectory,milford_haven,,1791253920000.0,,5.25162506103516
2026-10-06T02:18:24+00:00,area_trajectory,milford_haven,,1791254040000.0,,5.25162506103516
2026-10-06T02:18:24+00:00,area_trajectory,milford_haven,,1791254160000.0,,5.25162506103516
2026-10-06T02:18:24+00:00,area_trajectory,milford_haven,,1791254280000.0,,5.25162506103516
2026-10-06T02:18:24+00:00,area_trajectory,milford_haven,,1791254400000.0,,5.25162506103516
2026-10-06T02:18:24+00:00,area_trajectory,milford_haven,,1791254520000.0,,5.25162506103516
2026-10-06T02:18:24+00:00,area_trajectory,milford_haven,,1791254640000.0,,5.25162506103516
2026-10-06T02:18:24+00:00,area_trajectory,milford_haven,,1791254760000.0,,5.25162506103516
2026-10-06T02:18:24+00:00,area_trajectory,milford_haven,,1791254880000.0,,5.25162506103516
2026-10-06T02:18:24+00:00,area_trajectory,milford_haven,,1791255000000.0,,5.25162506103516
2026-10-06T02:18:24+00:00,area_trajectory,milford_haven,,1791255120000.0,,5.25162506103516
2026-10-06T02:18:24+00:00,area_trajectory,milford_haven,,1791255240000.0,,5.25162506103516
2026-10-06T02:18:24+00:00,area_trajectory,milford_haven,,1791255360000.0,,5.25162506103516
2026-10-06T02:18:24+00:00,area_trajectory,milford_haven,,1791255480000.0,,5.25162506103516
2026-10-06T02:18:24+00:00,area_trajectory,milford_haven,,1791255600000.0,,5.25162506103516
2026-10-06T02:18:24+00:00,area_trajectory,milford_haven,,1791255720000.0,,5.25162506103516
2026-10-06T02:18:24+00:00,area_trajectory,milford_haven,,1791255840000.0,,5.25162506103516
2026-10-06T02:18:24+00:00,area_trajectory,milford_haven,,1791255960000.0,,5.25162506103516
2026-10-06T02:18:24+00:00,area_trajectory,milford_haven,,1791256080000.0,,5.25162506103516
2026-10-06T02:18:24+00:00,area_trajectory,milford_haven,,1791256200000.0,,5.25162506103516
2026-10-06T02:18:24+00:00,subterminal_latest,grain,nts1,,03:00,0.00
2026-10-06T02:18:24+00:00,subterminal_latest,grain,nts1,,03:02,0.00
2026-10-06T02:18:24+00:00,subterminal_latest,grain,nts1,,03:04,0.00
2026-10-06T02:18:24+00:00,subterminal_latest,grain,nts1,,03:06,0.00
2026-10-06T02:18:24+00:00,subterminal_latest,grain,nts1,,03:08,0.00
2026-10-06T02:18:24+00:00,subterminal_latest,grain,nts1,,03:10,0.00
2026-10-06T02:18:24+00:00,subterminal_latest,grain,nts2,,03:00,0.00
2026-10-06T02:18:24+00:00,subterminal_latest,grain,nts2,,03:02,0.00
2026-10-06T02:18:24+00:00,subterminal_latest,grain,nts2,,03:04,0.00
2026-10-06T02:18:24+00:00,subterminal_latest,grain,nts2,,03:06,0.00
2026-10-06T02:18:24+00:00,subterminal_latest,grain,nts2,,03:08,0.00
2026-10-06T02:18:24+00:00,subterminal_latest,grain,nts2,,03:10,0.00
2026-10-06T02:18:24+00:00,subterminal_latest,dragon,,,03:00,0.00
2026-10-06T02:18:24+00:00,subterminal_latest,dragon,,,03:02,0.00
2026-10-06T02:18:24+00:00,subterminal_latest,dragon,,,03:04,0.00
2026-10-06T02:18:24+00:00,subterminal_latest,dragon,,,03:06,0.00
2026-10-06T02:18:24+00:00,subterminal_latest,dragon,,,03:08,0.00
2026-10-06T02:18:24+00:00,subterminal_latest,dragon,,,03:10,0.00
2026-10-06T02:18:24+00:00,subterminal_latest,south_hook,,,03:00,5.25
2026-10-06T02:18:24+00:00,subterminal_latest,south_hook,,,03:02,5.25
2026-10-06T02:18:24+00:00,subterminal_latest,south_hook,,,03:04,5.25
2026-10-06T02:18:24+00:00,subterminal_latest,south_hook,,,03:06,5.25
2026-10-06T02:18:24+00:00,subterminal_latest,south_hook,,,03:08,5.25
2026-10-06T02:18:24+00:00,subterminal_latest,south_hook,,,03:10,5.25
