snapshot_utc,series,terminal,sub,epoch_ms,time_label,value_mcm_d
2026-09-20T00:09:20+00:00,area_trajectory,grain,,1789794000000.0,,3.0873017576448603
2026-09-20T00:09:20+00:00,area_trajectory,grain,,1789794120000.0,,3.06851458723471
2026-09-20T00:09:20+00:00,area_trajectory,grain,,1789794240000.0,,3.06851458723471
2026-09-20T00:09:20+00:00,area_trajectory,grain,,1789794360000.0,,3.06851458723471
2026-09-20T00:09:20+00:00,area_trajectory,grain,,1789794480000.0,,3.06851458723471
2026-09-20T00:09:20+00:00,area_trajectory,grain,,1789794600000.0,,3.1977176511995498
2026-09-20T00:09:20+00:00,area_trajectory,grain,,1789794720000.0,,3.1977176511995498
2026-09-20T00:09:20+00:00,area_trajectory,grain,,1789794840000.0,,3.1977176511995498
2026-09-20T00:09:20+00:00,area_trajectory,grain,,1789794960000.0,,3.1977176511995498
2026-09-20T00:09:20+00:00,area_trajectory,grain,,1789795080000.0,,3.2198009031526698
2026-09-20T00:09:20+00:00,area_trajectory,grain,,1789795200000.0,,3.2198009031526698
2026-09-20T00:09:20+00:00,area_trajectory,grain,,1789795320000.0,,3.25836437971517
2026-09-20T00:09:20+00:00,area_trajectory,grain,,1789795440000.0,,3.25836437971517
2026-09-20T00:09:20+00:00,area_trajectory,grain,,1789795560000.0,,3.25836437971517
2026-09-20T00:09:20+00:00,area_trajectory,grain,,1789795680000.0,,3.25836437971517
2026-09-20T00:09:20+00:00,area_trajectory,grain,,1789795800000.0,,3.19936596662924
2026-09-20T00:09:20+00:00,area_trajectory,grain,,1789795920000.0,,3.19936596662924
2026-09-20T00:09:20+00:00,area_trajectory,grain,,1789796040000.0,,3.19936596662924
2026-09-20T00:09:20+00:00,area_trajectory,grain,,1789796160000.0,,3.19936596662924
2026-09-20T00:09:20+00:00,area_trajectory,grain,,1789796280000.0,,3.19936596662924
2026-09-20T00:09:20+00:00,area_trajectory,grain,,1789796400000.0,,3.19936596662924
2026-09-20T00:09:20+00:00,area_trajectory,grain,,1789796520000.0,,3.2181529539339198
2026-09-20T00:09:20+00:00,area_trajectory,grain,,1789796640000.0,,3.2181529539339198
2026-09-20T00:09:20+00:00,area_trajectory,grain,,1789796760000.0,,3.2382586668245503
2026-09-20T00:09:20+00:00,area_trajectory,grain,,1789796880000.0,,3.2382586668245503
2026-09-20T00:09:20+00:00,area_trajectory,grain,,1789797000000.0,,3.2382586668245503
2026-09-20T00:09:20+00:00,area_trajectory,grain,,1789797120000.0,,3.2382586668245503
2026-09-20T00:09:20+00:00,area_trajectory,grain,,1789797240000.0,,3.21683459455892
2026-09-20T00:09:20+00:00,area_trajectory,grain,,1789797360000.0,,3.21683459455892
2026-09-20T00:09:20+00:00,area_trajectory,grain,,1789797480000.0,,3.17860107405111
2026-09-20T00:09:20+00:00,area_trajectory,grain,,1789797600000.0,,3.17860107405111
2026-09-20T00:09:20+00:00,area_trajectory,grain,,1789797720000.0,,3.2379290769808
2026-09-20T00:09:20+00:00,area_trajectory,grain,,1789797840000.0,,3.2379290769808
2026-09-20T00:09:20+00:00,area_trajectory,grain,,1789797960000.0,,3.21683459455892
2026-09-20T00:09:20+00:00,area_trajectory,grain,,1789798080000.0,,3.21683459455892
2026-09-20T00:09:20+00:00,area_trajectory,grain,,1789798200000.0,,3.2553977049104903
2026-09-20T00:09:20+00:00,area_trajectory,grain,,1789798320000.0,,3.2553977049104903
2026-09-20T00:09:20+00:00,area_trajectory,grain,,1789798440000.0,,3.23331445295736
2026-09-20T00:09:20+00:00,area_trajectory,grain,,1789798560000.0,,3.23331445295736
2026-09-20T00:09:20+00:00,area_trajectory,grain,,1789798680000.0,,3.2514426267854897
2026-09-20T00:09:20+00:00,area_trajectory,grain,,1789798800000.0,,3.2514426267854897
2026-09-20T00:09:20+00:00,area_trajectory,grain,,1789798920000.0,,3.2514426267854897
2026-09-20T00:09:20+00:00,area_trajectory,grain,,1789799040000.0,,3.2514426267854897
2026-09-20T00:09:20+00:00,area_trajectory,grain,,1789799160000.0,,3.1894779051057998
2026-09-20T00:09:20+00:00,area_trajectory,grain,,1789799280000.0,,3.1894779051057998
2026-09-20T00:09:20+00:00,area_trajectory,grain,,1789799400000.0,,3.17003137190267
2026-09-20T00:09:20+00:00,area_trajectory,grain,,1789799520000.0,,3.17003137190267
2026-09-20T00:09:20+00:00,area_trajectory,grain,,1789799640000.0,,3.2468283689729898
2026-09-20T00:09:20+00:00,area_trajectory,grain,,1789799760000.0,,3.2468283689729898
2026-09-20T00:09:20+00:00,area_trajectory,grain,,1789799880000.0,,3.20496899397299
2026-09-20T00:09:20+00:00,area_trajectory,grain,,1789800000000.0,,3.20496899397299
2026-09-20T00:09:20+00:00,area_trajectory,grain,,1789800120000.0,,3.20496899397299
2026-09-20T00:09:20+00:00,area_trajectory,grain,,1789800240000.0,,3.20496899397299
2026-09-20T00:09:20+00:00,area_trajectory,grain,,1789800360000.0,,3.2214488523714198
2026-09-20T00:09:20+00:00,area_trajectory,grain,,1789800480000.0,,3.2214488523714198
2026-09-20T00:09:20+00:00,area_trajectory,grain,,1789800600000.0,,3.2586939695589203
2026-09-20T00:09:20+00:00,area_trajectory,grain,,1789800720000.0,,3.2586939695589203
2026-09-20T00:09:20+00:00,area_trajectory,grain,,1789800840000.0,,3.17827148420736
2026-09-20T00:09:20+00:00,area_trajectory,grain,,1789800960000.0,,3.17827148420736
2026-09-20T00:09:20+00:00,area_trajectory,grain,,1789801080000.0,,3.1967288816683
2026-09-20T00:09:20+00:00,area_trajectory,grain,,1789801200000.0,,3.1967288816683
2026-09-20T00:09:20+00:00,area_trajectory,grain,,1789801320000.0,,3.23232568342611
2026-09-20T00:09:20+00:00,area_trajectory,grain,,1789801440000.0,,3.23232568342611
2026-09-20T00:09:20+00:00,area_trajectory,grain,,1789801560000.0,,3.2118907469026703
2026-09-20T00:09:20+00:00,area_trajectory,grain,,1789801680000.0,,3.2118907469026703
2026-09-20T00:09:20+00:00,area_trajectory,grain,,1789801800000.0,,3.22870019514486
2026-09-20T00:09:20+00:00,area_trajectory,grain,,1789801920000.0,,3.22870019514486
2026-09-20T00:09:20+00:00,area_trajectory,grain,,1789802040000.0,,3.16706506330892
2026-09-20T00:09:20+00:00,area_trajectory,grain,,1789802160000.0,,3.16706506330892
2026-09-20T00:09:20+00:00,area_trajectory,grain,,1789802280000.0,,3.1828857420198604
2026-09-20T00:09:20+00:00,area_trajectory,grain,,1789802400000.0,,3.1828857420198604
2026-09-20T00:09:20+00:00,area_trajectory,grain,,1789802520000.0,,3.1617912595979902
2026-09-20T00:09:20+00:00,area_trajectory,grain,,1789802640000.0,,3.1617912595979902
2026-09-20T00:09:20+00:00,area_trajectory,grain,,1789802760000.0,,3.19870678694174
2026-09-20T00:09:20+00:00,area_trajectory,grain,,1789802880000.0,,3.19870678694174
2026-09-20T00:09:20+00:00,area_trajectory,grain,,1789803000000.0,,3.25407934553549
2026-09-20T00:09:20+00:00,area_trajectory,grain,,1789803120000.0,,3.25407934553549
2026-09-20T00:09:20+00:00,area_trajectory,grain,,1789803240000.0,,3.19244421369955
2026-09-20T00:09:20+00:00,area_trajectory,grain,,1789803360000.0,,3.19244421369955
2026-09-20T00:09:20+00:00,area_trajectory,grain,,1789803480000.0,,3.22870019514486
2026-09-20T00:09:20+00:00,area_trajectory,grain,,1789803600000.0,,3.22870019514486
2026-09-20T00:09:20+00:00,area_trajectory,grain,,1789803720000.0,,3.2062873533479896
2026-09-20T00:09:20+00:00,area_trajectory,grain,,1789803840000.0,,3.2062873533479896
2026-09-20T00:09:20+00:00,area_trajectory,grain,,1789803960000.0,,3.2062873533479896
2026-09-20T00:09:20+00:00,area_trajectory,grain,,1789804080000.0,,3.2062873533479896
2026-09-20T00:09:20+00:00,area_trajectory,grain,,1789804200000.0,,3.1822265623323602
2026-09-20T00:09:20+00:00,area_trajectory,grain,,1789804320000.0,,3.1822265623323602
2026-09-20T00:09:20+00:00,area_trajectory,grain,,1789804440000.0,,3.2379290769808
2026-09-20T00:09:20+00:00,area_trajectory,grain,,1789804560000.0,,3.2379290769808
2026-09-20T00:09:20+00:00,area_trajectory,grain,,1789804680000.0,,3.19639929182455
2026-09-20T00:09:20+00:00,area_trajectory,grain,,1789804800000.0,,3.19639929182455
2026-09-20T00:09:20+00:00,area_trajectory,grain,,1789804920000.0,,3.2132091062776698
2026-09-20T00:09:20+00:00,area_trajectory,grain,,1789805040000.0,,3.15388110334799
2026-09-20T00:09:20+00:00,area_trajectory,grain,,1789805160000.0,,3.15388110334799
2026-09-20T00:09:20+00:00,area_trajectory,grain,,1789805280000.0,,3.15388110334799
2026-09-20T00:09:20+00:00,area_trajectory,grain,,1789805400000.0,,3.15388110334799
2026-09-20T00:09:20+00:00,area_trajectory,grain,,1789805520000.0,,3.18848913557455
2026-09-20T00:09:20+00:00,area_trajectory,grain,,1789805640000.0,,3.18848913557455
2026-09-20T00:09:20+00:00,area_trajectory,grain,,1789805760000.0,,3.18848913557455
2026-09-20T00:09:20+00:00,area_trajectory,grain,,1789805880000.0,,3.18848913557455
2026-09-20T00:09:20+00:00,area_trajectory,grain,,1789806000000.0,,3.2412249754183002
2026-09-20T00:09:20+00:00,area_trajectory,grain,,1789806120000.0,,3.2412249754183002
2026-09-20T00:09:20+00:00,area_trajectory,grain,,1789806240000.0,,3.2412249754183002
2026-09-20T00:09:20+00:00,area_trajectory,grain,,1789806360000.0,,3.21650500471517
2026-09-20T00:09:20+00:00,area_trajectory,grain,,1789806480000.0,,3.21650500471517
2026-09-20T00:09:20+00:00,area_trajectory,grain,,1789806600000.0,,3.1940921629182997
2026-09-20T00:09:20+00:00,area_trajectory,grain,,1789806720000.0,,3.1940921629182997
2026-09-20T00:09:20+00:00,area_trajectory,grain,,1789806840000.0,,3.1940921629182997
2026-09-20T00:09:20+00:00,area_trajectory,grain,,1789806960000.0,,3.1940921629182997
2026-09-20T00:09:20+00:00,area_trajectory,grain,,1789807080000.0,,3.2082648924104897
2026-09-20T00:09:20+00:00,area_trajectory,grain,,1789807200000.0,,3.2082648924104897
2026-09-20T00:09:20+00:00,area_trajectory,grain,,1789807320000.0,,3.16739465315267
2026-09-20T00:09:20+00:00,area_trajectory,grain,,1789807440000.0,,3.16739465315267
2026-09-20T00:09:20+00:00,area_trajectory,grain,,1789807560000.0,,3.12685400373861
2026-09-20T00:09:20+00:00,area_trajectory,grain,,1789807680000.0,,3.12685400373861
2026-09-20T00:09:20+00:00,area_trajectory,grain,,1789807800000.0,,3.20266186506674
2026-09-20T00:09:20+00:00,area_trajectory,grain,,1789807920000.0,,3.20266186506674
2026-09-20T00:09:20+00:00,area_trajectory,grain,,1789808040000.0,,3.2184825437776703
2026-09-20T00:09:20+00:00,area_trajectory,grain,,1789808160000.0,,3.2184825437776703
2026-09-20T00:09:20+00:00,area_trajectory,grain,,1789808280000.0,,3.2343035886995497
2026-09-20T00:09:20+00:00,area_trajectory,grain,,1789808400000.0,,3.2343035886995497
2026-09-20T00:09:20+00:00,area_trajectory,grain,,1789808520000.0,,3.19244421369955
2026-09-20T00:09:20+00:00,area_trajectory,grain,,1789808640000.0,,3.19244421369955
2026-09-20T00:09:20+00:00,area_trajectory,grain,,1789808760000.0,,3.19244421369955
2026-09-20T00:09:20+00:00,area_trajectory,grain,,1789808880000.0,,3.19244421369955
2026-09-20T00:09:20+00:00,area_trajectory,grain,,1789809000000.0,,3.19244421369955
2026-09-20T00:09:20+00:00,area_trajectory,grain,,1789809120000.0,,3.19244421369955
2026-09-20T00:09:20+00:00,area_trajectory,grain,,1789809240000.0,,3.19244421369955
2026-09-20T00:09:20+00:00,area_trajectory,grain,,1789809360000.0,,3.19244421369955
2026-09-20T00:09:20+00:00,area_trajectory,grain,,1789809480000.0,,3.18486328108236
2026-09-20T00:09:20+00:00,area_trajectory,grain,,1789809600000.0,,3.18486328108236
2026-09-20T00:09:20+00:00,area_trajectory,grain,,1789809720000.0,,3.22111926252767
2026-09-20T00:09:20+00:00,area_trajectory,grain,,1789809840000.0,,3.22111926252767
2026-09-20T00:09:20+00:00,area_trajectory,grain,,1789809960000.0,,3.23694030744955
2026-09-20T00:09:20+00:00,area_trajectory,grain,,1789810080000.0,,3.23694030744955
2026-09-20T00:09:20+00:00,area_trajectory,grain,,1789810200000.0,,3.1772827146761102
2026-09-20T00:09:20+00:00,area_trajectory,grain,,1789810320000.0,,3.1772827146761102
2026-09-20T00:09:20+00:00,area_trajectory,grain,,1789810440000.0,,3.1772827146761102
2026-09-20T00:09:20+00:00,area_trajectory,grain,,1789810560000.0,,3.1772827146761102
2026-09-20T00:09:20+00:00,area_trajectory,grain,,1789810680000.0,,3.15651782209799
2026-09-20T00:09:20+00:00,area_trajectory,grain,,1789810800000.0,,3.15651782209799
2026-09-20T00:09:20+00:00,area_trajectory,grain,,1789810920000.0,,3.2468283689729898
2026-09-20T00:09:20+00:00,area_trajectory,grain,,1789811040000.0,,3.2468283689729898
2026-09-20T00:09:20+00:00,area_trajectory,grain,,1789811160000.0,,3.1875003660432997
2026-09-20T00:09:20+00:00,area_trajectory,grain,,1789811280000.0,,3.20529858381674
2026-09-20T00:09:20+00:00,area_trajectory,grain,,1789811400000.0,,3.20529858381674
2026-09-20T00:09:20+00:00,area_trajectory,grain,,1789811520000.0,,3.20529858381674
2026-09-20T00:09:20+00:00,area_trajectory,grain,,1789811640000.0,,3.2214488523714198
2026-09-20T00:09:20+00:00,area_trajectory,grain,,1789811760000.0,,3.2214488523714198
2026-09-20T00:09:20+00:00,area_trajectory,grain,,1789811880000.0,,3.2214488523714198
2026-09-20T00:09:20+00:00,area_trajectory,grain,,1789812000000.0,,3.2214488523714198
2026-09-20T00:09:20+00:00,area_trajectory,grain,,1789812120000.0,,3.17958984358236
2026-09-20T00:09:20+00:00,area_trajectory,grain,,1789812240000.0,,3.17958984358236
2026-09-20T00:09:20+00:00,area_trajectory,grain,,1789812360000.0,,3.1967288816683
2026-09-20T00:09:20+00:00,area_trajectory,grain,,1789812480000.0,,3.1967288816683
2026-09-20T00:09:20+00:00,area_trajectory,grain,,1789812600000.0,,3.1762939451448595
2026-09-20T00:09:20+00:00,area_trajectory,grain,,1789812720000.0,,3.1762939451448595
2026-09-20T00:09:20+00:00,area_trajectory,grain,,1789812840000.0,,3.19178503401205
2026-09-20T00:09:20+00:00,area_trajectory,grain,,1789812960000.0,,3.19178503401205
2026-09-20T00:09:20+00:00,area_trajectory,grain,,1789813080000.0,,3.17134973127767
2026-09-20T00:09:20+00:00,area_trajectory,grain,,1789813200000.0,,3.17134973127767
2026-09-20T00:09:20+00:00,area_trajectory,grain,,1789813320000.0,,3.1881595457308
2026-09-20T00:09:20+00:00,area_trajectory,grain,,1789813440000.0,,3.1881595457308
2026-09-20T00:09:20+00:00,area_trajectory,grain,,1789813560000.0,,3.1881595457308
2026-09-20T00:09:20+00:00,area_trajectory,grain,,1789813680000.0,,3.1881595457308
2026-09-20T00:09:20+00:00,area_trajectory,grain,,1789813800000.0,,3.2586939695589203
2026-09-20T00:09:20+00:00,area_trajectory,grain,,1789813920000.0,,3.2586939695589203
2026-09-20T00:09:20+00:00,area_trajectory,grain,,1789814040000.0,,3.21782336409017
2026-09-20T00:09:20+00:00,area_trajectory,grain,,1789814160000.0,,3.21782336409017
2026-09-20T00:09:20+00:00,area_trajectory,grain,,1789814280000.0,,3.15915454084799
2026-09-20T00:09:20+00:00,area_trajectory,grain,,1789814400000.0,,3.15915454084799
2026-09-20T00:09:20+00:00,area_trajectory,grain,,1789814520000.0,,3.15915454084799
2026-09-20T00:09:20+00:00,area_trajectory,grain,,1789814640000.0,,3.15915454084799
2026-09-20T00:09:20+00:00,area_trajectory,grain,,1789814760000.0,,3.17497558576986
2026-09-20T00:09:20+00:00,area_trajectory,grain,,1789814880000.0,,3.17497558576986
2026-09-20T00:09:20+00:00,area_trajectory,grain,,1789815000000.0,,3.17497558576986
2026-09-20T00:09:20+00:00,area_trajectory,grain,,1789815120000.0,,3.17497558576986
2026-09-20T00:09:20+00:00,area_trajectory,grain,,1789815240000.0,,3.20760571272299
2026-09-20T00:09:20+00:00,area_trajectory,grain,,1789815360000.0,,3.20760571272299
2026-09-20T00:09:20+00:00,area_trajectory,grain,,1789815480000.0,,3.2405657957308
2026-09-20T00:09:20+00:00,area_trajectory,grain,,1789815600000.0,,3.2405657957308
2026-09-20T00:09:20+00:00,area_trajectory,grain,,1789815720000.0,,3.2191417234651705
2026-09-20T00:09:20+00:00,area_trajectory,grain,,1789815840000.0,,3.2191417234651705
2026-09-20T00:09:20+00:00,area_trajectory,grain,,1789815960000.0,,3.18024902326986
2026-09-20T00:09:20+00:00,area_trajectory,grain,,1789816080000.0,,3.18024902326986
2026-09-20T00:09:20+00:00,area_trajectory,grain,,1789816200000.0,,3.16080249006674
2026-09-20T00:09:20+00:00,area_trajectory,grain,,1789816320000.0,,3.16080249006674
2026-09-20T00:09:20+00:00,area_trajectory,grain,,1789816440000.0,,3.22111926252767
2026-09-20T00:09:20+00:00,area_trajectory,grain,,1789816560000.0,,3.22111926252767
2026-09-20T00:09:20+00:00,area_trajectory,grain,,1789816680000.0,,3.24155456526205
2026-09-20T00:09:20+00:00,area_trajectory,grain,,1789816800000.0,,3.24155456526205
2026-09-20T00:09:20+00:00,area_trajectory,grain,,1789816920000.0,,3.1851928709261097
2026-09-20T00:09:20+00:00,area_trajectory,grain,,1789817040000.0,,3.1851928709261097
2026-09-20T00:09:20+00:00,area_trajectory,grain,,1789817160000.0,,3.20496899397299
2026-09-20T00:09:20+00:00,area_trajectory,grain,,1789817280000.0,,3.20496899397299
2026-09-20T00:09:20+00:00,area_trajectory,grain,,1789817400000.0,,3.18717077619955
2026-09-20T00:09:20+00:00,area_trajectory,grain,,1789817520000.0,,3.18717077619955
2026-09-20T00:09:20+00:00,area_trajectory,grain,,1789817640000.0,,3.18717077619955
2026-09-20T00:09:20+00:00,area_trajectory,grain,,1789817760000.0,,3.18717077619955
2026-09-20T00:09:20+00:00,area_trajectory,grain,,1789817880000.0,,3.24353210432455
2026-09-20T00:09:20+00:00,area_trajectory,grain,,1789818000000.0,,3.24353210432455
2026-09-20T00:09:20+00:00,area_trajectory,grain,,1789818120000.0,,3.24353210432455
2026-09-20T00:09:20+00:00,area_trajectory,grain,,1789818240000.0,,3.24353210432455
2026-09-20T00:09:20+00:00,area_trajectory,grain,,1789818360000.0,,3.20661694319174
2026-09-20T00:09:20+00:00,area_trajectory,grain,,1789818480000.0,,3.20661694319174
2026-09-20T00:09:20+00:00,area_trajectory,grain,,1789818600000.0,,3.1693721922151696
2026-09-20T00:09:20+00:00,area_trajectory,grain,,1789818720000.0,,3.1693721922151696
2026-09-20T00:09:20+00:00,area_trajectory,grain,,1789818840000.0,,3.20496899397299
2026-09-20T00:09:20+00:00,area_trajectory,grain,,1789818960000.0,,3.20496899397299
2026-09-20T00:09:20+00:00,area_trajectory,grain,,1789819080000.0,,3.20496899397299
2026-09-20T00:09:20+00:00,area_trajectory,grain,,1789819200000.0,,3.20496899397299
2026-09-20T00:09:20+00:00,area_trajectory,grain,,1789819320000.0,,3.20496899397299
2026-09-20T00:09:20+00:00,area_trajectory,grain,,1789819440000.0,,3.20727612287924
2026-09-20T00:09:20+00:00,area_trajectory,grain,,1789819560000.0,,3.20727612287924
2026-09-20T00:09:20+00:00,area_trajectory,grain,,1789819680000.0,,3.20727612287924
2026-09-20T00:09:20+00:00,area_trajectory,grain,,1789819800000.0,,3.20727612287924
2026-09-20T00:09:20+00:00,area_trajectory,grain,,1789819920000.0,,3.20727612287924
2026-09-20T00:09:20+00:00,area_trajectory,grain,,1789820040000.0,,3.15223315412924
2026-09-20T00:09:20+00:00,area_trajectory,grain,,1789820160000.0,,3.15223315412924
2026-09-20T00:09:20+00:00,area_trajectory,grain,,1789820280000.0,,3.17102014143392
2026-09-20T00:09:20+00:00,area_trajectory,grain,,1789820400000.0,,3.17102014143392
2026-09-20T00:09:20+00:00,area_trajectory,grain,,1789820520000.0,,3.22639306623861
2026-09-20T00:09:20+00:00,area_trajectory,grain,,1789820640000.0,,3.22639306623861
2026-09-20T00:09:20+00:00,area_trajectory,grain,,1789820760000.0,,3.1875003660432997
2026-09-20T00:09:20+00:00,area_trajectory,grain,,1789820880000.0,,3.1875003660432997
2026-09-20T00:09:20+00:00,area_trajectory,grain,,1789821000000.0,,3.16904260237142
2026-09-20T00:09:20+00:00,area_trajectory,grain,,1789821120000.0,,3.16904260237142
2026-09-20T00:09:20+00:00,area_trajectory,grain,,1789821240000.0,,3.22639306623861
2026-09-20T00:09:20+00:00,area_trajectory,grain,,1789821360000.0,,3.22639306623861
2026-09-20T00:09:20+00:00,area_trajectory,grain,,1789821480000.0,,3.22639306623861
2026-09-20T00:09:20+00:00,area_trajectory,grain,,1789821600000.0,,3.22639306623861
2026-09-20T00:09:20+00:00,area_trajectory,grain,,1789821720000.0,,3.2099128416292397
2026-09-20T00:09:20+00:00,area_trajectory,grain,,1789821840000.0,,3.2099128416292397
2026-09-20T00:09:20+00:00,area_trajectory,grain,,1789821960000.0,,3.26825207502767
2026-09-20T00:09:20+00:00,area_trajectory,grain,,1789822080000.0,,3.26825207502767
2026-09-20T00:09:20+00:00,area_trajectory,grain,,1789822200000.0,,3.2857210691682996
2026-09-20T00:09:20+00:00,area_trajectory,grain,,1789822320000.0,,3.2857210691682996
2026-09-20T00:09:20+00:00,area_trajectory,grain,,1789822440000.0,,3.1940921629182997
2026-09-20T00:09:20+00:00,area_trajectory,grain,,1789822560000.0,,3.1940921629182997
2026-09-20T00:09:20+00:00,area_trajectory,grain,,1789822680000.0,,3.26825207502767
2026-09-20T00:09:20+00:00,area_trajectory,grain,,1789822800000.0,,3.26825207502767
2026-09-20T00:09:20+00:00,area_trajectory,grain,,1789822920000.0,,3.26825207502767
2026-09-20T00:09:20+00:00,area_trajectory,grain,,1789823040000.0,,3.26792248518392
2026-09-20T00:09:20+00:00,area_trajectory,grain,,1789823160000.0,,3.24979467756674
2026-09-20T00:09:20+00:00,area_trajectory,grain,,1789823280000.0,,3.24979467756674
2026-09-20T00:09:20+00:00,area_trajectory,grain,,1789823400000.0,,3.24979467756674
2026-09-20T00:09:20+00:00,area_trajectory,grain,,1789823520000.0,,3.24979467756674
2026-09-20T00:09:20+00:00,area_trajectory,grain,,1789823640000.0,,3.2306777342073603
2026-09-20T00:09:20+00:00,area_trajectory,grain,,1789823760000.0,,3.2306777342073603
2026-09-20T00:09:20+00:00,area_trajectory,grain,,1789823880000.0,,3.21353869612142
2026-09-20T00:09:20+00:00,area_trajectory,grain,,1789824000000.0,,3.21353869612142
2026-09-20T00:09:20+00:00,area_trajectory,grain,,1789824120000.0,,3.2880281980745503
2026-09-20T00:09:20+00:00,area_trajectory,grain,,1789824240000.0,,3.2880281980745503
2026-09-20T00:09:20+00:00,area_trajectory,grain,,1789824360000.0,,3.25210180647299
2026-09-20T00:09:20+00:00,area_trajectory,grain,,1789824480000.0,,3.25210180647299
2026-09-20T00:09:20+00:00,area_trajectory,grain,,1789824600000.0,,3.25210180647299
2026-09-20T00:09:20+00:00,area_trajectory,grain,,1789824720000.0,,3.25210180647299
2026-09-20T00:09:20+00:00,area_trajectory,grain,,1789824840000.0,,3.25210180647299
2026-09-20T00:09:20+00:00,area_trajectory,grain,,1789824960000.0,,3.25210180647299
2026-09-20T00:09:20+00:00,area_trajectory,grain,,1789825080000.0,,3.25210180647299
2026-09-20T00:09:20+00:00,area_trajectory,grain,,1789825200000.0,,3.25210180647299
2026-09-20T00:09:20+00:00,area_trajectory,grain,,1789825320000.0,,3.23364404280111
2026-09-20T00:09:20+00:00,area_trajectory,grain,,1789825440000.0,,3.23364404280111
2026-09-20T00:09:20+00:00,area_trajectory,grain,,1789825560000.0,,3.29000573713705
2026-09-20T00:09:20+00:00,area_trajectory,grain,,1789825680000.0,,3.29000573713705
2026-09-20T00:09:20+00:00,area_trajectory,grain,,1789825800000.0,,3.29000573713705
2026-09-20T00:09:20+00:00,area_trajectory,grain,,1789825920000.0,,3.29000573713705
2026-09-20T00:09:20+00:00,area_trajectory,grain,,1789826040000.0,,3.23397363264486
2026-09-20T00:09:20+00:00,area_trajectory,grain,,1789826160000.0,,3.23397363264486
2026-09-20T00:09:20+00:00,area_trajectory,grain,,1789826280000.0,,3.21452746565267
2026-09-20T00:09:20+00:00,area_trajectory,grain,,1789826400000.0,,3.21452746565267
2026-09-20T00:09:20+00:00,area_trajectory,grain,,1789826520000.0,,3.25374975569174
2026-09-20T00:09:20+00:00,area_trajectory,grain,,1789826640000.0,,3.25374975569174
2026-09-20T00:09:20+00:00,area_trajectory,grain,,1789826760000.0,,3.1980476072542396
2026-09-20T00:09:20+00:00,area_trajectory,grain,,1789826880000.0,,3.1980476072542396
2026-09-20T00:09:20+00:00,area_trajectory,grain,,1789827000000.0,,3.31110021955892
2026-09-20T00:09:20+00:00,area_trajectory,grain,,1789827120000.0,,3.31110021955892
2026-09-20T00:09:20+00:00,area_trajectory,grain,,1789827240000.0,,3.29396081526205
2026-09-20T00:09:20+00:00,area_trajectory,grain,,1789827360000.0,,3.29396081526205
2026-09-20T00:09:20+00:00,area_trajectory,grain,,1789827480000.0,,3.21947131330892
2026-09-20T00:09:20+00:00,area_trajectory,grain,,1789827600000.0,,3.21947131330892
2026-09-20T00:09:20+00:00,area_trajectory,grain,,1789827720000.0,,3.18189697248861
2026-09-20T00:09:20+00:00,area_trajectory,grain,,1789827840000.0,,3.18189697248861
2026-09-20T00:09:20+00:00,area_trajectory,grain,,1789827960000.0,,3.29494995100424
2026-09-20T00:09:20+00:00,area_trajectory,grain,,1789828080000.0,,3.29494995100424
2026-09-20T00:09:20+00:00,area_trajectory,grain,,1789828200000.0,,3.27616259748861
2026-09-20T00:09:20+00:00,area_trajectory,grain,,1789828320000.0,,3.27616259748861
2026-09-20T00:09:20+00:00,area_trajectory,grain,,1789828440000.0,,3.2207896726839196
2026-09-20T00:09:20+00:00,area_trajectory,grain,,1789828560000.0,,3.2207896726839196
2026-09-20T00:09:20+00:00,area_trajectory,grain,,1789828680000.0,,3.1845336912386095
2026-09-20T00:09:20+00:00,area_trajectory,grain,,1789828800000.0,,3.1845336912386095
2026-09-20T00:09:20+00:00,area_trajectory,grain,,1789828920000.0,,3.24155456526205
2026-09-20T00:09:20+00:00,area_trajectory,grain,,1789829040000.0,,3.24155456526205
2026-09-20T00:09:20+00:00,area_trajectory,grain,,1789829160000.0,,3.2969274900667402
2026-09-20T00:09:20+00:00,area_trajectory,grain,,1789829280000.0,,3.2969274900667402
2026-09-20T00:09:20+00:00,area_trajectory,grain,,1789829400000.0,,3.22177844221517
2026-09-20T00:09:20+00:00,area_trajectory,grain,,1789829520000.0,,3.22177844221517
2026-09-20T00:09:20+00:00,area_trajectory,grain,,1789829640000.0,,3.26067150862142
2026-09-20T00:09:20+00:00,area_trajectory,grain,,1789829760000.0,,3.26067150862142
2026-09-20T00:09:20+00:00,area_trajectory,grain,,1789829880000.0,,3.27945849592611
2026-09-20T00:09:20+00:00,area_trajectory,grain,,1789830000000.0,,3.27945849592611
2026-09-20T00:09:20+00:00,area_trajectory,grain,,1789830120000.0,,3.26100109846517
2026-09-20T00:09:20+00:00,area_trajectory,grain,,1789830240000.0,,3.26100109846517
2026-09-20T00:09:20+00:00,area_trajectory,grain,,1789830360000.0,,3.20595776350424
2026-09-20T00:09:20+00:00,area_trajectory,grain,,1789830480000.0,,3.20595776350424
2026-09-20T00:09:20+00:00,area_trajectory,grain,,1789830600000.0,,3.2629786375276697
2026-09-20T00:09:20+00:00,area_trajectory,grain,,1789830720000.0,,3.2629786375276697
2026-09-20T00:09:20+00:00,area_trajectory,grain,,1789830840000.0,,3.20661694319174
2026-09-20T00:09:20+00:00,area_trajectory,grain,,1789830960000.0,,3.20661694319174
2026-09-20T00:09:20+00:00,area_trajectory,grain,,1789831080000.0,,3.22705224592611
2026-09-20T00:09:20+00:00,area_trajectory,grain,,1789831200000.0,,3.22705224592611
2026-09-20T00:09:20+00:00,area_trajectory,grain,,1789831320000.0,,3.2834139402620504
2026-09-20T00:09:20+00:00,area_trajectory,grain,,1789831440000.0,,3.2834139402620504
2026-09-20T00:09:20+00:00,area_trajectory,grain,,1789831560000.0,,3.26561535627767
2026-09-20T00:09:20+00:00,area_trajectory,grain,,1789831680000.0,,3.26561535627767
2026-09-20T00:09:20+00:00,area_trajectory,grain,,1789831800000.0,,3.20958325178549
2026-09-20T00:09:20+00:00,area_trajectory,grain,,1789831920000.0,,3.20958325178549
2026-09-20T00:09:20+00:00,area_trajectory,grain,,1789832040000.0,,3.2675928953401696
2026-09-20T00:09:20+00:00,area_trajectory,grain,,1789832160000.0,,3.2675928953401696
2026-09-20T00:09:20+00:00,area_trajectory,grain,,1789832280000.0,,3.2484763181917398
2026-09-20T00:09:20+00:00,area_trajectory,grain,,1789832400000.0,,3.2484763181917398
2026-09-20T00:09:20+00:00,area_trajectory,grain,,1789832520000.0,,3.21057238752767
2026-09-20T00:09:20+00:00,area_trajectory,grain,,1789832640000.0,,3.21057238752767
2026-09-20T00:09:20+00:00,area_trajectory,grain,,1789832760000.0,,3.2675928953401696
2026-09-20T00:09:20+00:00,area_trajectory,grain,,1789832880000.0,,3.2675928953401696
2026-09-20T00:09:20+00:00,area_trajectory,grain,,1789833000000.0,,3.25012426741049
2026-09-20T00:09:20+00:00,area_trajectory,grain,,1789833120000.0,,3.25012426741049
2026-09-20T00:09:20+00:00,area_trajectory,grain,,1789833240000.0,,3.25012426741049
2026-09-20T00:09:20+00:00,area_trajectory,grain,,1789833360000.0,,3.25012426741049
2026-09-20T00:09:20+00:00,area_trajectory,grain,,1789833480000.0,,3.2132091062776698
2026-09-20T00:09:20+00:00,area_trajectory,grain,,1789833600000.0,,3.2132091062776698
2026-09-20T00:09:20+00:00,area_trajectory,grain,,1789833720000.0,,3.2890169676058
2026-09-20T00:09:20+00:00,area_trajectory,grain,,1789833840000.0,,3.2890169676058
2026-09-20T00:09:20+00:00,area_trajectory,grain,,1789833960000.0,,3.17596435530111
2026-09-20T00:09:20+00:00,area_trajectory,grain,,1789834080000.0,,3.17596435530111
2026-09-20T00:09:20+00:00,area_trajectory,grain,,1789834200000.0,,3.29132409651205
2026-09-20T00:09:20+00:00,area_trajectory,grain,,1789834320000.0,,3.29132409651205
2026-09-20T00:09:20+00:00,area_trajectory,grain,,1789834440000.0,,3.29132409651205
2026-09-20T00:09:20+00:00,area_trajectory,grain,,1789834560000.0,,3.29132409651205
2026-09-20T00:09:20+00:00,area_trajectory,grain,,1789834680000.0,,3.1934329832308004
2026-09-20T00:09:20+00:00,area_trajectory,grain,,1789834800000.0,,3.1934329832308004
2026-09-20T00:09:20+00:00,area_trajectory,grain,,1789834920000.0,,3.24979467756674
2026-09-20T00:09:20+00:00,area_trajectory,grain,,1789835040000.0,,3.24979467756674
2026-09-20T00:09:20+00:00,area_trajectory,grain,,1789835160000.0,,3.2870394285433004
2026-09-20T00:09:20+00:00,area_trajectory,grain,,1789835280000.0,,3.2870394285433004
2026-09-20T00:09:20+00:00,area_trajectory,grain,,1789835400000.0,,3.22771142561361
2026-09-20T00:09:20+00:00,area_trajectory,grain,,1789835520000.0,,3.22771142561361
2026-09-20T00:09:20+00:00,area_trajectory,grain,,1789835640000.0,,3.26561535627767
2026-09-20T00:09:20+00:00,area_trajectory,grain,,1789835760000.0,,3.26561535627767
2026-09-20T00:09:20+00:00,area_trajectory,grain,,1789835880000.0,,3.2082648924104897
2026-09-20T00:09:20+00:00,area_trajectory,grain,,1789836000000.0,,3.2082648924104897
2026-09-20T00:09:20+00:00,area_trajectory,grain,,1789836120000.0,,3.2082648924104897
2026-09-20T00:09:20+00:00,area_trajectory,grain,,1789836240000.0,,3.2082648924104897
2026-09-20T00:09:20+00:00,area_trajectory,grain,,1789836360000.0,,3.26067150862142
2026-09-20T00:09:20+00:00,area_trajectory,grain,,1789836480000.0,,3.26067150862142
2026-09-20T00:09:20+00:00,area_trajectory,grain,,1789836600000.0,,3.24155456526205
2026-09-20T00:09:20+00:00,area_trajectory,grain,,1789836720000.0,,3.24155456526205
2026-09-20T00:09:20+00:00,area_trajectory,grain,,1789836840000.0,,3.2039802244417404
2026-09-20T00:09:20+00:00,area_trajectory,grain,,1789836960000.0,,3.2039802244417404
2026-09-20T00:09:20+00:00,area_trajectory,grain,,1789837080000.0,,3.2408953855745497
2026-09-20T00:09:20+00:00,area_trajectory,grain,,1789837200000.0,,3.2408953855745497
2026-09-20T00:09:20+00:00,area_trajectory,grain,,1789837320000.0,,3.2408953855745497
2026-09-20T00:09:20+00:00,area_trajectory,grain,,1789837440000.0,,3.2395770261995502
2026-09-20T00:09:20+00:00,area_trajectory,grain,,1789837560000.0,,3.2395770261995502
2026-09-20T00:09:20+00:00,area_trajectory,grain,,1789837680000.0,,3.2395770261995502
2026-09-20T00:09:20+00:00,area_trajectory,grain,,1789837800000.0,,3.2191417234651705
2026-09-20T00:09:20+00:00,area_trajectory,grain,,1789837920000.0,,3.2191417234651705
2026-09-20T00:09:20+00:00,area_trajectory,grain,,1789838040000.0,,3.25440893537924
2026-09-20T00:09:20+00:00,area_trajectory,grain,,1789838160000.0,,3.25440893537924
2026-09-20T00:09:20+00:00,area_trajectory,grain,,1789838280000.0,,3.25440893537924
2026-09-20T00:09:20+00:00,area_trajectory,grain,,1789838400000.0,,3.25440893537924
2026-09-20T00:09:20+00:00,area_trajectory,grain,,1789838520000.0,,3.2695704344026697
2026-09-20T00:09:20+00:00,area_trajectory,grain,,1789838640000.0,,3.2695704344026697
2026-09-20T00:09:20+00:00,area_trajectory,grain,,1789838760000.0,,3.22738183576986
2026-09-20T00:09:20+00:00,area_trajectory,grain,,1789838880000.0,,3.22738183576986
2026-09-20T00:09:20+00:00,area_trajectory,grain,,1789839000000.0,,3.1904666746370496
2026-09-20T00:09:20+00:00,area_trajectory,grain,,1789839120000.0,,3.1904666746370496
2026-09-20T00:09:20+00:00,area_trajectory,grain,,1789839240000.0,,3.2623194578401704
2026-09-20T00:09:20+00:00,area_trajectory,grain,,1789839360000.0,,3.2623194578401704
2026-09-20T00:09:20+00:00,area_trajectory,grain,,1789839480000.0,,3.1851928709261097
2026-09-20T00:09:20+00:00,area_trajectory,grain,,1789839600000.0,,3.1851928709261097
2026-09-20T00:09:20+00:00,area_trajectory,grain,,1789839720000.0,,3.20332104475424
2026-09-20T00:09:20+00:00,area_trajectory,grain,,1789839840000.0,,3.20332104475424
2026-09-20T00:09:20+00:00,area_trajectory,grain,,1789839960000.0,,3.2382586668245503
2026-09-20T00:09:20+00:00,area_trajectory,grain,,1789840080000.0,,3.2382586668245503
2026-09-20T00:09:20+00:00,area_trajectory,grain,,1789840200000.0,,3.2181529539339198
2026-09-20T00:09:20+00:00,area_trajectory,grain,,1789840320000.0,,3.2181529539339198
2026-09-20T00:09:20+00:00,area_trajectory,grain,,1789840440000.0,,3.2181529539339198
2026-09-20T00:09:20+00:00,area_trajectory,grain,,1789840560000.0,,3.2181529539339198
2026-09-20T00:09:20+00:00,area_trajectory,grain,,1789840680000.0,,3.2735258787386097
2026-09-20T00:09:20+00:00,area_trajectory,grain,,1789840800000.0,,3.2735258787386097
2026-09-20T00:09:20+00:00,area_trajectory,grain,,1789840920000.0,,3.29000573713705
2026-09-20T00:09:20+00:00,area_trajectory,grain,,1789841040000.0,,3.29000573713705
2026-09-20T00:09:20+00:00,area_trajectory,grain,,1789841160000.0,,3.21518664534017
2026-09-20T00:09:20+00:00,area_trajectory,grain,,1789841280000.0,,3.21518664534017
2026-09-20T00:09:20+00:00,area_trajectory,grain,,1789841400000.0,,3.2699000242464202
2026-09-20T00:09:20+00:00,area_trajectory,grain,,1789841520000.0,,3.2699000242464202
2026-09-20T00:09:20+00:00,area_trajectory,grain,,1789841640000.0,,3.30450805647299
2026-09-20T00:09:20+00:00,area_trajectory,grain,,1789841760000.0,,3.30450805647299
2026-09-20T00:09:20+00:00,area_trajectory,grain,,1789841880000.0,,3.28473229963705
2026-09-20T00:09:20+00:00,area_trajectory,grain,,1789842000000.0,,3.28473229963705
2026-09-20T00:09:20+00:00,area_trajectory,grain,,1789842120000.0,,3.26429699690267
2026-09-20T00:09:20+00:00,area_trajectory,grain,,1789842240000.0,,3.26429699690267
2026-09-20T00:09:20+00:00,area_trajectory,grain,,1789842360000.0,,3.28077685530111
2026-09-20T00:09:20+00:00,area_trajectory,grain,,1789842480000.0,,3.28077685530111
2026-09-20T00:09:20+00:00,area_trajectory,grain,,1789842600000.0,,3.2240859373323603
2026-09-20T00:09:20+00:00,area_trajectory,grain,,1789842720000.0,,3.2240859373323603
2026-09-20T00:09:20+00:00,area_trajectory,grain,,1789842840000.0,,3.2408953855745497
2026-09-20T00:09:20+00:00,area_trajectory,grain,,1789842960000.0,,3.2408953855745497
2026-09-20T00:09:20+00:00,area_trajectory,grain,,1789843080000.0,,3.2936312254183
2026-09-20T00:09:20+00:00,area_trajectory,grain,,1789843200000.0,,3.2936312254183
2026-09-20T00:09:20+00:00,area_trajectory,grain,,1789843320000.0,,3.2000251463167397
2026-09-20T00:09:20+00:00,area_trajectory,grain,,1789843440000.0,,3.2000251463167397
2026-09-20T00:09:20+00:00,area_trajectory,grain,,1789843560000.0,,3.30945227034017
2026-09-20T00:09:20+00:00,area_trajectory,grain,,1789843680000.0,,3.30945227034017
2026-09-20T00:09:20+00:00,area_trajectory,grain,,1789843800000.0,,3.2343035886995497
2026-09-20T00:09:20+00:00,area_trajectory,grain,,1789843920000.0,,3.2343035886995497
2026-09-20T00:09:20+00:00,area_trajectory,grain,,1789844040000.0,,3.30780432112142
2026-09-20T00:09:20+00:00,area_trajectory,grain,,1789844160000.0,,3.30780432112142
2026-09-20T00:09:20+00:00,area_trajectory,grain,,1789844280000.0,,3.2705595701448598
2026-09-20T00:09:20+00:00,area_trajectory,grain,,1789844400000.0,,3.2705595701448598
2026-09-20T00:09:20+00:00,area_trajectory,grain,,1789844520000.0,,3.23166650373861
2026-09-20T00:09:20+00:00,area_trajectory,grain,,1789844640000.0,,3.23166650373861
2026-09-20T00:09:20+00:00,area_trajectory,grain,,1789844760000.0,,3.21222033674642
2026-09-20T00:09:20+00:00,area_trajectory,grain,,1789844880000.0,,3.21222033674642
2026-09-20T00:09:20+00:00,area_trajectory,grain,,1789845000000.0,,3.28605065901205
2026-09-20T00:09:20+00:00,area_trajectory,grain,,1789845120000.0,,3.28605065901205
2026-09-20T00:09:20+00:00,area_trajectory,grain,,1789845240000.0,,3.28605065901205
2026-09-20T00:09:20+00:00,area_trajectory,grain,,1789845360000.0,,3.28605065901205
2026-09-20T00:09:20+00:00,area_trajectory,grain,,1789845480000.0,,3.26429699690267
2026-09-20T00:09:20+00:00,area_trajectory,grain,,1789845600000.0,,3.26429699690267
2026-09-20T00:09:20+00:00,area_trajectory,grain,,1789845720000.0,,3.2267226560823596
2026-09-20T00:09:20+00:00,area_trajectory,grain,,1789845840000.0,,3.2267226560823596
2026-09-20T00:09:20+00:00,area_trajectory,grain,,1789845960000.0,,3.2432025144808
2026-09-20T00:09:20+00:00,area_trajectory,grain,,1789846080000.0,,3.2432025144808
2026-09-20T00:09:20+00:00,area_trajectory,grain,,1789846200000.0,,3.27945849592611
2026-09-20T00:09:20+00:00,area_trajectory,grain,,1789846320000.0,,3.27945849592611
2026-09-20T00:09:20+00:00,area_trajectory,grain,,1789846440000.0,,3.29725707991049
2026-09-20T00:09:20+00:00,area_trajectory,grain,,1789846560000.0,,3.29725707991049
2026-09-20T00:09:20+00:00,area_trajectory,grain,,1789846680000.0,,3.2214488523714198
2026-09-20T00:09:20+00:00,area_trajectory,grain,,1789846800000.0,,3.2214488523714198
2026-09-20T00:09:20+00:00,area_trajectory,grain,,1789846920000.0,,3.2214488523714198
2026-09-20T00:09:20+00:00,area_trajectory,grain,,1789847040000.0,,3.2214488523714198
2026-09-20T00:09:20+00:00,area_trajectory,grain,,1789847160000.0,,3.2020026853792403
2026-09-20T00:09:20+00:00,area_trajectory,grain,,1789847280000.0,,3.2020026853792403
2026-09-20T00:09:20+00:00,area_trajectory,grain,,1789847400000.0,,3.2372698972932996
2026-09-20T00:09:20+00:00,area_trajectory,grain,,1789847520000.0,,3.2372698972932996
2026-09-20T00:09:20+00:00,area_trajectory,grain,,1789847640000.0,,3.2191417234651705
2026-09-20T00:09:20+00:00,area_trajectory,grain,,1789847760000.0,,3.2191417234651705
2026-09-20T00:09:20+00:00,area_trajectory,grain,,1789847880000.0,,3.2755034178011098
2026-09-20T00:09:20+00:00,area_trajectory,grain,,1789848000000.0,,3.2755034178011098
2026-09-20T00:09:20+00:00,area_trajectory,grain,,1789848120000.0,,3.2379290769808
2026-09-20T00:09:20+00:00,area_trajectory,grain,,1789848240000.0,,3.21947131330892
2026-09-20T00:09:20+00:00,area_trajectory,grain,,1789848360000.0,,3.21947131330892
2026-09-20T00:09:20+00:00,area_trajectory,grain,,1789848480000.0,,3.21947131330892
2026-09-20T00:09:20+00:00,area_trajectory,grain,,1789848600000.0,,3.2764921873323605
2026-09-20T00:09:20+00:00,area_trajectory,grain,,1789848720000.0,,3.2764921873323605
2026-09-20T00:09:20+00:00,area_trajectory,grain,,1789848840000.0,,3.25572729475424
2026-09-20T00:09:20+00:00,area_trajectory,grain,,1789848960000.0,,3.25572729475424
2026-09-20T00:09:20+00:00,area_trajectory,grain,,1789849080000.0,,3.25572729475424
2026-09-20T00:09:20+00:00,area_trajectory,grain,,1789849200000.0,,3.25572729475424
2026-09-20T00:09:20+00:00,area_trajectory,grain,,1789849320000.0,,3.2745146482698595
2026-09-20T00:09:20+00:00,area_trajectory,grain,,1789849440000.0,,3.2745146482698595
2026-09-20T00:09:20+00:00,area_trajectory,grain,,1789849560000.0,,3.23694030744955
2026-09-20T00:09:20+00:00,area_trajectory,grain,,1789849680000.0,,3.23694030744955
2026-09-20T00:09:20+00:00,area_trajectory,grain,,1789849800000.0,,3.29264245588705
2026-09-20T00:09:20+00:00,area_trajectory,grain,,1789849920000.0,,3.29264245588705
2026-09-20T00:09:20+00:00,area_trajectory,grain,,1789850040000.0,,3.23694030744955
2026-09-20T00:09:20+00:00,area_trajectory,grain,,1789850160000.0,,3.23694030744955
2026-09-20T00:09:20+00:00,area_trajectory,grain,,1789850280000.0,,3.2181529539339198
2026-09-20T00:09:20+00:00,area_trajectory,grain,,1789850400000.0,,3.2181529539339198
2026-09-20T00:09:20+00:00,area_trajectory,grain,,1789850520000.0,,3.27484423811361
2026-09-20T00:09:20+00:00,area_trajectory,grain,,1789850640000.0,,3.27484423811361
2026-09-20T00:09:20+00:00,area_trajectory,grain,,1789850760000.0,,3.27484423811361
2026-09-20T00:09:20+00:00,area_trajectory,grain,,1789850880000.0,,3.27484423811361
2026-09-20T00:09:20+00:00,area_trajectory,grain,,1789851000000.0,,3.22046008284017
2026-09-20T00:09:20+00:00,area_trajectory,grain,,1789851120000.0,,3.22046008284017
2026-09-20T00:09:20+00:00,area_trajectory,grain,,1789851240000.0,,3.29396081526205
2026-09-20T00:09:20+00:00,area_trajectory,grain,,1789851360000.0,,3.29396081526205
2026-09-20T00:09:20+00:00,area_trajectory,grain,,1789851480000.0,,3.2405657957308
2026-09-20T00:09:20+00:00,area_trajectory,grain,,1789851600000.0,,3.2405657957308
2026-09-20T00:09:20+00:00,area_trajectory,grain,,1789851720000.0,,3.27781054670736
2026-09-20T00:09:20+00:00,area_trajectory,grain,,1789851840000.0,,3.27781054670736
2026-09-20T00:09:20+00:00,area_trajectory,grain,,1789851960000.0,,3.2956091306917403
2026-09-20T00:09:20+00:00,area_trajectory,grain,,1789852080000.0,,3.2956091306917403
2026-09-20T00:09:20+00:00,area_trajectory,grain,,1789852200000.0,,3.2405657957308
2026-09-20T00:09:20+00:00,area_trajectory,grain,,1789852320000.0,,3.2405657957308
2026-09-20T00:09:20+00:00,area_trajectory,grain,,1789852440000.0,,3.26034191877767
2026-09-20T00:09:20+00:00,area_trajectory,grain,,1789852560000.0,,3.26034191877767
2026-09-20T00:09:20+00:00,area_trajectory,grain,,1789852680000.0,,3.29890502912924
2026-09-20T00:09:20+00:00,area_trajectory,grain,,1789852800000.0,,3.29890502912924
2026-09-20T00:09:20+00:00,area_trajectory,grain,,1789852920000.0,,3.2418841551057995
2026-09-20T00:09:20+00:00,area_trajectory,grain,,1789853040000.0,,3.2418841551057995
2026-09-20T00:09:20+00:00,area_trajectory,grain,,1789853160000.0,,3.22441552717611
2026-09-20T00:09:20+00:00,area_trajectory,grain,,1789853280000.0,,3.22441552717611
2026-09-20T00:09:20+00:00,area_trajectory,grain,,1789853400000.0,,3.2629786375276697
2026-09-20T00:09:20+00:00,area_trajectory,grain,,1789853520000.0,,3.2629786375276697
2026-09-20T00:09:20+00:00,area_trajectory,grain,,1789853640000.0,,3.2629786375276697
2026-09-20T00:09:20+00:00,area_trajectory,grain,,1789853760000.0,,3.2629786375276697
2026-09-20T00:09:20+00:00,area_trajectory,grain,,1789853880000.0,,3.2458392332308
2026-09-20T00:09:20+00:00,area_trajectory,grain,,1789854000000.0,,3.2458392332308
2026-09-20T00:09:20+00:00,area_trajectory,grain,,1789854120000.0,,3.22837060530111
2026-09-20T00:09:20+00:00,area_trajectory,grain,,1789854240000.0,,3.22837060530111
2026-09-20T00:09:20+00:00,area_trajectory,grain,,1789854360000.0,,3.2850618894808004
2026-09-20T00:09:20+00:00,area_trajectory,grain,,1789854480000.0,,3.2850618894808004
2026-09-20T00:09:20+00:00,area_trajectory,grain,,1789854600000.0,,3.2850618894808004
2026-09-20T00:09:20+00:00,area_trajectory,grain,,1789854720000.0,,3.2850618894808004
2026-09-20T00:09:20+00:00,area_trajectory,grain,,1789854840000.0,,3.2850618894808004
2026-09-20T00:09:20+00:00,area_trajectory,grain,,1789854960000.0,,3.2850618894808004
2026-09-20T00:09:20+00:00,area_trajectory,grain,,1789855080000.0,,3.2850618894808004
2026-09-20T00:09:20+00:00,area_trajectory,grain,,1789855200000.0,,3.2850618894808004
2026-09-20T00:09:20+00:00,area_trajectory,grain,,1789855320000.0,,3.27154833967611
2026-09-20T00:09:20+00:00,area_trajectory,grain,,1789855440000.0,,3.27154833967611
2026-09-20T00:09:20+00:00,area_trajectory,grain,,1789855560000.0,,3.2890169676058
2026-09-20T00:09:20+00:00,area_trajectory,grain,,1789855680000.0,,3.2890169676058
2026-09-20T00:09:20+00:00,area_trajectory,grain,,1789855800000.0,,3.26858166487142
2026-09-20T00:09:20+00:00,area_trajectory,grain,,1789855920000.0,,3.2524313963167404
2026-09-20T00:09:20+00:00,area_trajectory,grain,,1789856040000.0,,3.2524313963167404
2026-09-20T00:09:20+00:00,area_trajectory,grain,,1789856160000.0,,3.2524313963167404
2026-09-20T00:09:20+00:00,area_trajectory,grain,,1789856280000.0,,3.2524313963167404
2026-09-20T00:09:20+00:00,area_trajectory,grain,,1789856400000.0,,3.2524313963167404
2026-09-20T00:09:20+00:00,area_trajectory,grain,,1789856520000.0,,3.23397363264486
2026-09-20T00:09:20+00:00,area_trajectory,grain,,1789856640000.0,,3.23397363264486
2026-09-20T00:09:20+00:00,area_trajectory,grain,,1789856760000.0,,3.3081339109651697
2026-09-20T00:09:20+00:00,area_trajectory,grain,,1789856880000.0,,3.3081339109651697
2026-09-20T00:09:20+00:00,area_trajectory,grain,,1789857000000.0,,3.23496276838705
2026-09-20T00:09:20+00:00,area_trajectory,grain,,1789857120000.0,,3.23496276838705
2026-09-20T00:09:20+00:00,area_trajectory,grain,,1789857240000.0,,3.27220751936361
2026-09-20T00:09:20+00:00,area_trajectory,grain,,1789857360000.0,,3.27220751936361
2026-09-20T00:09:20+00:00,area_trajectory,grain,,1789857480000.0,,3.20068432600424
2026-09-20T00:09:20+00:00,area_trajectory,grain,,1789857600000.0,,3.20068432600424
2026-09-20T00:09:20+00:00,area_trajectory,grain,,1789857720000.0,,3.2764921873323605
2026-09-20T00:09:20+00:00,area_trajectory,grain,,1789857840000.0,,3.2764921873323605
2026-09-20T00:09:20+00:00,area_trajectory,grain,,1789857960000.0,,3.2764921873323605
2026-09-20T00:09:20+00:00,area_trajectory,grain,,1789858080000.0,,3.2764921873323605
2026-09-20T00:09:20+00:00,area_trajectory,grain,,1789858200000.0,,3.2764921873323605
2026-09-20T00:09:20+00:00,area_trajectory,grain,,1789858320000.0,,3.2764921873323605
2026-09-20T00:09:20+00:00,area_trajectory,grain,,1789858440000.0,,3.2764921873323605
2026-09-20T00:09:20+00:00,area_trajectory,grain,,1789858560000.0,,3.2764921873323605
2026-09-20T00:09:20+00:00,area_trajectory,grain,,1789858680000.0,,3.26264904768392
2026-09-20T00:09:20+00:00,area_trajectory,grain,,1789858800000.0,,3.26264904768392
2026-09-20T00:09:20+00:00,area_trajectory,grain,,1789858920000.0,,3.22705224592611
2026-09-20T00:09:20+00:00,area_trajectory,grain,,1789859040000.0,,3.22705224592611
2026-09-20T00:09:20+00:00,area_trajectory,grain,,1789859160000.0,,3.22705224592611
2026-09-20T00:09:20+00:00,area_trajectory,grain,,1789859280000.0,,3.28539147932455
2026-09-20T00:09:20+00:00,area_trajectory,grain,,1789859400000.0,,3.28539147932455
2026-09-20T00:09:20+00:00,area_trajectory,grain,,1789859520000.0,,3.28539147932455
2026-09-20T00:09:20+00:00,area_trajectory,grain,,1789859640000.0,,3.24946508772299
2026-09-20T00:09:20+00:00,area_trajectory,grain,,1789859760000.0,,3.24946508772299
2026-09-20T00:09:20+00:00,area_trajectory,grain,,1789859880000.0,,3.2161754148714197
2026-09-20T00:09:20+00:00,area_trajectory,grain,,1789860000000.0,,3.2161754148714197
2026-09-20T00:09:20+00:00,area_trajectory,grain,,1789860120000.0,,3.29132409651205
2026-09-20T00:09:20+00:00,area_trajectory,grain,,1789860240000.0,,3.29132409651205
2026-09-20T00:09:20+00:00,area_trajectory,grain,,1789860360000.0,,3.29132409651205
2026-09-20T00:09:20+00:00,area_trajectory,grain,,1789860480000.0,,3.29132409651205
2026-09-20T00:09:20+00:00,area_trajectory,grain,,1789860600000.0,,3.21947131330892
2026-09-20T00:09:20+00:00,area_trajectory,grain,,1789860720000.0,,3.21947131330892
2026-09-20T00:09:20+00:00,area_trajectory,grain,,1789860840000.0,,3.27912890608236
2026-09-20T00:09:20+00:00,area_trajectory,grain,,1789860960000.0,,3.27912890608236
2026-09-20T00:09:20+00:00,area_trajectory,grain,,1789861080000.0,,3.3163736570589197
2026-09-20T00:09:20+00:00,area_trajectory,grain,,1789861200000.0,,3.3163736570589197
2026-09-20T00:09:20+00:00,area_trajectory,grain,,1789861320000.0,,3.28209558088705
2026-09-20T00:09:20+00:00,area_trajectory,grain,,1789861440000.0,,3.28209558088705
2026-09-20T00:09:20+00:00,area_trajectory,grain,,1789861560000.0,,3.2102427976839203
2026-09-20T00:09:20+00:00,area_trajectory,grain,,1789861680000.0,,3.2102427976839203
2026-09-20T00:09:20+00:00,area_trajectory,grain,,1789861800000.0,,3.2695704344026697
2026-09-20T00:09:20+00:00,area_trajectory,grain,,1789861920000.0,,3.2695704344026697
2026-09-20T00:09:20+00:00,area_trajectory,grain,,1789862040000.0,,3.2886873777620496
2026-09-20T00:09:20+00:00,area_trajectory,grain,,1789862160000.0,,3.2886873777620496
2026-09-20T00:09:20+00:00,area_trajectory,grain,,1789862280000.0,,3.2886873777620496
2026-09-20T00:09:20+00:00,area_trajectory,grain,,1789862400000.0,,3.2886873777620496
2026-09-20T00:09:20+00:00,area_trajectory,grain,,1789862520000.0,,3.27385546858236
2026-09-20T00:09:20+00:00,area_trajectory,grain,,1789862640000.0,,3.27385546858236
2026-09-20T00:09:20+00:00,area_trajectory,grain,,1789862760000.0,,3.21881213362142
2026-09-20T00:09:20+00:00,area_trajectory,grain,,1789862880000.0,,3.21881213362142
2026-09-20T00:09:20+00:00,area_trajectory,grain,,1789863000000.0,,3.27978808576986
2026-09-20T00:09:20+00:00,area_trajectory,grain,,1789863120000.0,,3.27978808576986
2026-09-20T00:09:20+00:00,area_trajectory,grain,,1789863240000.0,,3.27978808576986
2026-09-20T00:09:20+00:00,area_trajectory,grain,,1789863360000.0,,3.27978808576986
2026-09-20T00:09:20+00:00,area_trajectory,grain,,1789863480000.0,,3.22870019514486
2026-09-20T00:09:20+00:00,area_trajectory,grain,,1789863600000.0,,3.22870019514486
2026-09-20T00:09:20+00:00,area_trajectory,grain,,1789863720000.0,,3.22870019514486
2026-09-20T00:09:20+00:00,area_trajectory,grain,,1789863840000.0,,3.22870019514486
2026-09-20T00:09:20+00:00,area_trajectory,grain,,1789863960000.0,,3.2728666990511104
2026-09-20T00:09:20+00:00,area_trajectory,grain,,1789864080000.0,,3.2728666990511104
2026-09-20T00:09:20+00:00,area_trajectory,grain,,1789864200000.0,,3.2567160642854898
2026-09-20T00:09:20+00:00,area_trajectory,grain,,1789864320000.0,,3.2567160642854898
2026-09-20T00:09:20+00:00,area_trajectory,grain,,1789864440000.0,,3.2020026853792403
2026-09-20T00:09:20+00:00,area_trajectory,grain,,1789864560000.0,,3.2020026853792403
2026-09-20T00:09:20+00:00,area_trajectory,grain,,1789864680000.0,,3.2613306883089197
2026-09-20T00:09:20+00:00,area_trajectory,grain,,1789864800000.0,,3.2613306883089197
2026-09-20T00:09:20+00:00,area_trajectory,grain,,1789864920000.0,,3.22507470686361
2026-09-20T00:09:20+00:00,area_trajectory,grain,,1789865040000.0,,3.22507470686361
2026-09-20T00:09:20+00:00,area_trajectory,grain,,1789865160000.0,,3.22507470686361
2026-09-20T00:09:20+00:00,area_trajectory,grain,,1789865280000.0,,3.22507470686361
2026-09-20T00:09:20+00:00,area_trajectory,grain,,1789865400000.0,,3.30714514143392
2026-09-20T00:09:20+00:00,area_trajectory,grain,,1789865520000.0,,3.30714514143392
2026-09-20T00:09:20+00:00,area_trajectory,grain,,1789865640000.0,,3.21452746565267
2026-09-20T00:09:20+00:00,area_trajectory,grain,,1789865760000.0,,3.21452746565267
2026-09-20T00:09:20+00:00,area_trajectory,grain,,1789865880000.0,,3.21452746565267
2026-09-20T00:09:20+00:00,area_trajectory,milford_haven,,1789794000000.0,,5.03433322906494
2026-09-20T00:09:20+00:00,area_trajectory,milford_haven,,1789794120000.0,,5.03433322906494
2026-09-20T00:09:20+00:00,area_trajectory,milford_haven,,1789794240000.0,,5.0196843147277805
2026-09-20T00:09:20+00:00,area_trajectory,milford_haven,,1789794360000.0,,5.0196843147277805
2026-09-20T00:09:20+00:00,area_trajectory,milford_haven,,1789794480000.0,,5.0196843147277805
2026-09-20T00:09:20+00:00,area_trajectory,milford_haven,,1789794600000.0,,5.0196843147277805
2026-09-20T00:09:20+00:00,area_trajectory,milford_haven,,1789794720000.0,,5.0196843147277805
2026-09-20T00:09:20+00:00,area_trajectory,milford_haven,,1789794840000.0,,5.0196843147277805
2026-09-20T00:09:20+00:00,area_trajectory,milford_haven,,1789794960000.0,,5.0196843147277805
2026-09-20T00:09:20+00:00,area_trajectory,milford_haven,,1789795080000.0,,5.0196843147277805
2026-09-20T00:09:20+00:00,area_trajectory,milford_haven,,1789795200000.0,,5.0196843147277805
2026-09-20T00:09:20+00:00,area_trajectory,milford_haven,,1789795320000.0,,5.0196843147277805
2026-09-20T00:09:20+00:00,area_trajectory,milford_haven,,1789795440000.0,,5.0196843147277805
2026-09-20T00:09:20+00:00,area_trajectory,milford_haven,,1789795560000.0,,5.0196843147277805
2026-09-20T00:09:20+00:00,area_trajectory,milford_haven,,1789795680000.0,,4.9659719467163095
2026-09-20T00:09:20+00:00,area_trajectory,milford_haven,,1789795800000.0,,4.9659719467163095
2026-09-20T00:09:20+00:00,area_trajectory,milford_haven,,1789795920000.0,,4.9659719467163095
2026-09-20T00:09:20+00:00,area_trajectory,milford_haven,,1789796040000.0,,4.9659719467163095
2026-09-20T00:09:20+00:00,area_trajectory,milford_haven,,1789796160000.0,,4.9659719467163095
2026-09-20T00:09:20+00:00,area_trajectory,milford_haven,,1789796280000.0,,4.9659719467163095
2026-09-20T00:09:20+00:00,area_trajectory,milford_haven,,1789796400000.0,,4.9659719467163095
2026-09-20T00:09:20+00:00,area_trajectory,milford_haven,,1789796520000.0,,4.9659719467163095
2026-09-20T00:09:20+00:00,area_trajectory,milford_haven,,1789796640000.0,,4.9659719467163095
2026-09-20T00:09:20+00:00,area_trajectory,milford_haven,,1789796760000.0,,4.9659719467163095
2026-09-20T00:09:20+00:00,area_trajectory,milford_haven,,1789796880000.0,,4.9659719467163095
2026-09-20T00:09:20+00:00,area_trajectory,milford_haven,,1789797000000.0,,4.9659719467163095
2026-09-20T00:09:20+00:00,area_trajectory,milford_haven,,1789797120000.0,,4.9708547592163095
2026-09-20T00:09:20+00:00,area_trajectory,milford_haven,,1789797240000.0,,4.9708547592163095
2026-09-20T00:09:20+00:00,area_trajectory,milford_haven,,1789797360000.0,,4.9708547592163095
2026-09-20T00:09:20+00:00,area_trajectory,milford_haven,,1789797480000.0,,4.9708547592163095
2026-09-20T00:09:20+00:00,area_trajectory,milford_haven,,1789797600000.0,,4.9708547592163095
2026-09-20T00:09:20+00:00,area_trajectory,milford_haven,,1789797720000.0,,4.9708547592163095
2026-09-20T00:09:20+00:00,area_trajectory,milford_haven,,1789797840000.0,,4.9635305404663095
2026-09-20T00:09:20+00:00,area_trajectory,milford_haven,,1789797960000.0,,4.9635305404663095
2026-09-20T00:09:20+00:00,area_trajectory,milford_haven,,1789798080000.0,,4.9635305404663095
2026-09-20T00:09:20+00:00,area_trajectory,milford_haven,,1789798200000.0,,4.9635305404663095
2026-09-20T00:09:20+00:00,area_trajectory,milford_haven,,1789798320000.0,,4.9635305404663095
2026-09-20T00:09:20+00:00,area_trajectory,milford_haven,,1789798440000.0,,4.9635305404663095
2026-09-20T00:09:20+00:00,area_trajectory,milford_haven,,1789798560000.0,,4.9635305404663095
2026-09-20T00:09:20+00:00,area_trajectory,milford_haven,,1789798680000.0,,4.9635305404663095
2026-09-20T00:09:20+00:00,area_trajectory,milford_haven,,1789798800000.0,,4.9635305404663095
2026-09-20T00:09:20+00:00,area_trajectory,milford_haven,,1789798920000.0,,4.9635305404663095
2026-09-20T00:09:20+00:00,area_trajectory,milford_haven,,1789799040000.0,,4.9635305404663095
2026-09-20T00:09:20+00:00,area_trajectory,milford_haven,,1789799160000.0,,4.9635305404663095
2026-09-20T00:09:20+00:00,area_trajectory,milford_haven,,1789799280000.0,,4.9635305404663095
2026-09-20T00:09:20+00:00,area_trajectory,milford_haven,,1789799400000.0,,4.9635305404663095
2026-09-20T00:09:20+00:00,area_trajectory,milford_haven,,1789799520000.0,,4.94644021987915
2026-09-20T00:09:20+00:00,area_trajectory,milford_haven,,1789799640000.0,,4.94644021987915
2026-09-20T00:09:20+00:00,area_trajectory,milford_haven,,1789799760000.0,,4.94644021987915
2026-09-20T00:09:20+00:00,area_trajectory,milford_haven,,1789799880000.0,,4.94644021987915
2026-09-20T00:09:20+00:00,area_trajectory,milford_haven,,1789800000000.0,,4.94644021987915
2026-09-20T00:09:20+00:00,area_trajectory,milford_haven,,1789800120000.0,,4.95132303237915
2026-09-20T00:09:20+00:00,area_trajectory,milford_haven,,1789800240000.0,,4.95132303237915
2026-09-20T00:09:20+00:00,area_trajectory,milford_haven,,1789800360000.0,,4.95132303237915
2026-09-20T00:09:20+00:00,area_trajectory,milford_haven,,1789800480000.0,,4.94644021987915
2026-09-20T00:09:20+00:00,area_trajectory,milford_haven,,1789800600000.0,,4.97573757171631
2026-09-20T00:09:20+00:00,area_trajectory,milford_haven,,1789800720000.0,,4.97573757171631
2026-09-20T00:09:20+00:00,area_trajectory,milford_haven,,1789800840000.0,,4.97573757171631
2026-09-20T00:09:20+00:00,area_trajectory,milford_haven,,1789800960000.0,,4.9220252037048295
2026-09-20T00:09:20+00:00,area_trajectory,milford_haven,,1789801080000.0,,4.9220252037048295
2026-09-20T00:09:20+00:00,area_trajectory,milford_haven,,1789801200000.0,,4.9220252037048295
2026-09-20T00:09:20+00:00,area_trajectory,milford_haven,,1789801320000.0,,4.98794507980347
2026-09-20T00:09:20+00:00,area_trajectory,milford_haven,,1789801440000.0,,4.96108913421631
2026-09-20T00:09:20+00:00,area_trajectory,milford_haven,,1789801560000.0,,4.96108913421631
2026-09-20T00:09:20+00:00,area_trajectory,milford_haven,,1789801680000.0,,4.96108913421631
2026-09-20T00:09:20+00:00,area_trajectory,milford_haven,,1789801800000.0,,5.00503540039062
2026-09-20T00:09:20+00:00,area_trajectory,milford_haven,,1789801920000.0,,5.00503540039062
2026-09-20T00:09:20+00:00,area_trajectory,milford_haven,,1789802040000.0,,4.94888162612915
2026-09-20T00:09:20+00:00,area_trajectory,milford_haven,,1789802160000.0,,4.94888162612915
2026-09-20T00:09:20+00:00,area_trajectory,milford_haven,,1789802280000.0,,4.94888162612915
2026-09-20T00:09:20+00:00,area_trajectory,milford_haven,,1789802400000.0,,4.99282836914062
2026-09-20T00:09:20+00:00,area_trajectory,milford_haven,,1789802520000.0,,4.99282836914062
2026-09-20T00:09:20+00:00,area_trajectory,milford_haven,,1789802640000.0,,4.9317913055419895
2026-09-20T00:09:20+00:00,area_trajectory,milford_haven,,1789802760000.0,,4.9317913055419895
2026-09-20T00:09:20+00:00,area_trajectory,milford_haven,,1789802880000.0,,4.9317913055419895
2026-09-20T00:09:20+00:00,area_trajectory,milford_haven,,1789803000000.0,,4.9317913055419895
2026-09-20T00:09:20+00:00,area_trajectory,milford_haven,,1789803120000.0,,4.9317913055419895
2026-09-20T00:09:20+00:00,area_trajectory,milford_haven,,1789803240000.0,,4.95620584487915
2026-09-20T00:09:20+00:00,area_trajectory,milford_haven,,1789803360000.0,,4.95620584487915
2026-09-20T00:09:20+00:00,area_trajectory,milford_haven,,1789803480000.0,,4.95620584487915
2026-09-20T00:09:20+00:00,area_trajectory,milford_haven,,1789803600000.0,,4.95620584487915
2026-09-20T00:09:20+00:00,area_trajectory,milford_haven,,1789803720000.0,,4.95620584487915
2026-09-20T00:09:20+00:00,area_trajectory,milford_haven,,1789803840000.0,,4.95620584487915
2026-09-20T00:09:20+00:00,area_trajectory,milford_haven,,1789803960000.0,,4.95620584487915
2026-09-20T00:09:20+00:00,area_trajectory,milford_haven,,1789804080000.0,,4.95620584487915
2026-09-20T00:09:20+00:00,area_trajectory,milford_haven,,1789804200000.0,,4.95620584487915
2026-09-20T00:09:20+00:00,area_trajectory,milford_haven,,1789804320000.0,,4.95620584487915
2026-09-20T00:09:20+00:00,area_trajectory,milford_haven,,1789804440000.0,,4.95620584487915
2026-09-20T00:09:20+00:00,area_trajectory,milford_haven,,1789804560000.0,,4.95620584487915
2026-09-20T00:09:20+00:00,area_trajectory,milford_haven,,1789804680000.0,,4.95620584487915
2026-09-20T00:09:20+00:00,area_trajectory,milford_haven,,1789804800000.0,,4.95620584487915
2026-09-20T00:09:20+00:00,area_trajectory,milford_haven,,1789804920000.0,,4.95620584487915
2026-09-20T00:09:20+00:00,area_trajectory,milford_haven,,1789805040000.0,,4.91714239120483
2026-09-20T00:09:20+00:00,area_trajectory,milford_haven,,1789805160000.0,,4.91714239120483
2026-09-20T00:09:20+00:00,area_trajectory,milford_haven,,1789805280000.0,,4.91714239120483
2026-09-20T00:09:20+00:00,area_trajectory,milford_haven,,1789805400000.0,,4.91714239120483
2026-09-20T00:09:20+00:00,area_trajectory,milford_haven,,1789805520000.0,,4.91714239120483
2026-09-20T00:09:20+00:00,area_trajectory,milford_haven,,1789805640000.0,,4.91714239120483
2026-09-20T00:09:20+00:00,area_trajectory,milford_haven,,1789805760000.0,,4.91714239120483
2026-09-20T00:09:20+00:00,area_trajectory,milford_haven,,1789805880000.0,,4.91714239120483
2026-09-20T00:09:20+00:00,area_trajectory,milford_haven,,1789806000000.0,,4.91714239120483
2026-09-20T00:09:20+00:00,area_trajectory,milford_haven,,1789806120000.0,,4.91714239120483
2026-09-20T00:09:20+00:00,area_trajectory,milford_haven,,1789806240000.0,,4.91714239120483
2026-09-20T00:09:20+00:00,area_trajectory,milford_haven,,1789806360000.0,,4.91714239120483
2026-09-20T00:09:20+00:00,area_trajectory,milford_haven,,1789806480000.0,,4.91714239120483
2026-09-20T00:09:20+00:00,area_trajectory,milford_haven,,1789806600000.0,,4.91714239120483
2026-09-20T00:09:20+00:00,area_trajectory,milford_haven,,1789806720000.0,,4.91714239120483
2026-09-20T00:09:20+00:00,area_trajectory,milford_haven,,1789806840000.0,,4.94644021987915
2026-09-20T00:09:20+00:00,area_trajectory,milford_haven,,1789806960000.0,,4.94644021987915
2026-09-20T00:09:20+00:00,area_trajectory,milford_haven,,1789807080000.0,,4.94644021987915
2026-09-20T00:09:20+00:00,area_trajectory,milford_haven,,1789807200000.0,,4.94644021987915
2026-09-20T00:09:20+00:00,area_trajectory,milford_haven,,1789807320000.0,,4.94644021987915
2026-09-20T00:09:20+00:00,area_trajectory,milford_haven,,1789807440000.0,,4.94644021987915
2026-09-20T00:09:20+00:00,area_trajectory,milford_haven,,1789807560000.0,,4.94644021987915
2026-09-20T00:09:20+00:00,area_trajectory,milford_haven,,1789807680000.0,,4.94644021987915
2026-09-20T00:09:20+00:00,area_trajectory,milford_haven,,1789807800000.0,,4.94644021987915
2026-09-20T00:09:20+00:00,area_trajectory,milford_haven,,1789807920000.0,,4.94644021987915
2026-09-20T00:09:20+00:00,area_trajectory,milford_haven,,1789808040000.0,,4.94644021987915
2026-09-20T00:09:20+00:00,area_trajectory,milford_haven,,1789808160000.0,,4.94644021987915
2026-09-20T00:09:20+00:00,area_trajectory,milford_haven,,1789808280000.0,,4.94644021987915
2026-09-20T00:09:20+00:00,area_trajectory,milford_haven,,1789808400000.0,,4.94644021987915
2026-09-20T00:09:20+00:00,area_trajectory,milford_haven,,1789808520000.0,,4.94644021987915
2026-09-20T00:09:20+00:00,area_trajectory,milford_haven,,1789808640000.0,,4.9269080162048295
2026-09-20T00:09:20+00:00,area_trajectory,milford_haven,,1789808760000.0,,4.9269080162048295
2026-09-20T00:09:20+00:00,area_trajectory,milford_haven,,1789808880000.0,,4.9269080162048295
2026-09-20T00:09:20+00:00,area_trajectory,milford_haven,,1789809000000.0,,4.9269080162048295
2026-09-20T00:09:20+00:00,area_trajectory,milford_haven,,1789809120000.0,,4.9269080162048295
2026-09-20T00:09:20+00:00,area_trajectory,milford_haven,,1789809240000.0,,4.9269080162048295
2026-09-20T00:09:20+00:00,area_trajectory,milford_haven,,1789809360000.0,,4.9269080162048295
2026-09-20T00:09:20+00:00,area_trajectory,milford_haven,,1789809480000.0,,4.9269080162048295
2026-09-20T00:09:20+00:00,area_trajectory,milford_haven,,1789809600000.0,,4.9269080162048295
2026-09-20T00:09:20+00:00,area_trajectory,milford_haven,,1789809720000.0,,4.9269080162048295
2026-09-20T00:09:20+00:00,area_trajectory,milford_haven,,1789809840000.0,,4.9269080162048295
2026-09-20T00:09:20+00:00,area_trajectory,milford_haven,,1789809960000.0,,4.9269080162048295
2026-09-20T00:09:20+00:00,area_trajectory,milford_haven,,1789810080000.0,,4.9269080162048295
2026-09-20T00:09:20+00:00,area_trajectory,milford_haven,,1789810200000.0,,4.9269080162048295
2026-09-20T00:09:20+00:00,area_trajectory,milford_haven,,1789810320000.0,,4.9269080162048295
2026-09-20T00:09:20+00:00,area_trajectory,milford_haven,,1789810440000.0,,4.9269080162048295
2026-09-20T00:09:20+00:00,area_trajectory,milford_haven,,1789810560000.0,,4.9269080162048295
2026-09-20T00:09:20+00:00,area_trajectory,milford_haven,,1789810680000.0,,4.9635305404663095
2026-09-20T00:09:20+00:00,area_trajectory,milford_haven,,1789810800000.0,,4.9635305404663095
2026-09-20T00:09:20+00:00,area_trajectory,milford_haven,,1789810920000.0,,4.9635305404663095
2026-09-20T00:09:20+00:00,area_trajectory,milford_haven,,1789811040000.0,,4.9635305404663095
2026-09-20T00:09:20+00:00,area_trajectory,milford_haven,,1789811160000.0,,4.94399833679199
2026-09-20T00:09:20+00:00,area_trajectory,milford_haven,,1789811280000.0,,4.94399833679199
2026-09-20T00:09:20+00:00,area_trajectory,milford_haven,,1789811400000.0,,4.94399833679199
2026-09-20T00:09:20+00:00,area_trajectory,milford_haven,,1789811520000.0,,4.94399833679199
2026-09-20T00:09:20+00:00,area_trajectory,milford_haven,,1789811640000.0,,4.94399833679199
2026-09-20T00:09:20+00:00,area_trajectory,milford_haven,,1789811760000.0,,4.94399833679199
2026-09-20T00:09:20+00:00,area_trajectory,milford_haven,,1789811880000.0,,4.94399833679199
2026-09-20T00:09:20+00:00,area_trajectory,milford_haven,,1789812000000.0,,4.94399833679199
2026-09-20T00:09:20+00:00,area_trajectory,milford_haven,,1789812120000.0,,4.94399833679199
2026-09-20T00:09:20+00:00,area_trajectory,milford_haven,,1789812240000.0,,4.91958379745483
2026-09-20T00:09:20+00:00,area_trajectory,milford_haven,,1789812360000.0,,4.91958379745483
2026-09-20T00:09:20+00:00,area_trajectory,milford_haven,,1789812480000.0,,4.91958379745483
2026-09-20T00:09:20+00:00,area_trajectory,milford_haven,,1789812600000.0,,4.91958379745483
2026-09-20T00:09:20+00:00,area_trajectory,milford_haven,,1789812720000.0,,4.91958379745483
2026-09-20T00:09:20+00:00,area_trajectory,milford_haven,,1789812840000.0,,4.91958379745483
2026-09-20T00:09:20+00:00,area_trajectory,milford_haven,,1789812960000.0,,4.91958379745483
2026-09-20T00:09:20+00:00,area_trajectory,milford_haven,,1789813080000.0,,4.91958379745483
2026-09-20T00:09:20+00:00,area_trajectory,milford_haven,,1789813200000.0,,4.91958379745483
2026-09-20T00:09:20+00:00,area_trajectory,milford_haven,,1789813320000.0,,4.91958379745483
2026-09-20T00:09:20+00:00,area_trajectory,milford_haven,,1789813440000.0,,4.91958379745483
2026-09-20T00:09:20+00:00,area_trajectory,milford_haven,,1789813560000.0,,4.9586472511291495
2026-09-20T00:09:20+00:00,area_trajectory,milford_haven,,1789813680000.0,,4.9586472511291495
2026-09-20T00:09:20+00:00,area_trajectory,milford_haven,,1789813800000.0,,4.9586472511291495
2026-09-20T00:09:20+00:00,area_trajectory,milford_haven,,1789813920000.0,,4.9586472511291495
2026-09-20T00:09:20+00:00,area_trajectory,milford_haven,,1789814040000.0,,4.9586472511291495
2026-09-20T00:09:20+00:00,area_trajectory,milford_haven,,1789814160000.0,,4.9586472511291495
2026-09-20T00:09:20+00:00,area_trajectory,milford_haven,,1789814280000.0,,4.9586472511291495
2026-09-20T00:09:20+00:00,area_trajectory,milford_haven,,1789814400000.0,,4.9586472511291495
2026-09-20T00:09:20+00:00,area_trajectory,milford_haven,,1789814520000.0,,4.9586472511291495
2026-09-20T00:09:20+00:00,area_trajectory,milford_haven,,1789814640000.0,,4.9586472511291495
2026-09-20T00:09:20+00:00,area_trajectory,milford_haven,,1789814760000.0,,4.9586472511291495
2026-09-20T00:09:20+00:00,area_trajectory,milford_haven,,1789814880000.0,,4.9244666099548295
2026-09-20T00:09:20+00:00,area_trajectory,milford_haven,,1789815000000.0,,4.9244666099548295
2026-09-20T00:09:20+00:00,area_trajectory,milford_haven,,1789815120000.0,,4.9244666099548295
2026-09-20T00:09:20+00:00,area_trajectory,milford_haven,,1789815240000.0,,4.9244666099548295
2026-09-20T00:09:20+00:00,area_trajectory,milford_haven,,1789815360000.0,,4.9244666099548295
2026-09-20T00:09:20+00:00,area_trajectory,milford_haven,,1789815480000.0,,4.9244666099548295
2026-09-20T00:09:20+00:00,area_trajectory,milford_haven,,1789815600000.0,,4.9244666099548295
2026-09-20T00:09:20+00:00,area_trajectory,milford_haven,,1789815720000.0,,4.9244666099548295
2026-09-20T00:09:20+00:00,area_trajectory,milford_haven,,1789815840000.0,,4.94399833679199
2026-09-20T00:09:20+00:00,area_trajectory,milford_haven,,1789815960000.0,,4.94399833679199
2026-09-20T00:09:20+00:00,area_trajectory,milford_haven,,1789816080000.0,,4.81704139709473
2026-09-20T00:09:20+00:00,area_trajectory,milford_haven,,1789816200000.0,,4.95376443862915
2026-09-20T00:09:20+00:00,area_trajectory,milford_haven,,1789816320000.0,,4.95376443862915
2026-09-20T00:09:20+00:00,area_trajectory,milford_haven,,1789816440000.0,,4.95376443862915
2026-09-20T00:09:20+00:00,area_trajectory,milford_haven,,1789816560000.0,,4.95376443862915
2026-09-20T00:09:20+00:00,area_trajectory,milford_haven,,1789816680000.0,,4.95376443862915
2026-09-20T00:09:20+00:00,area_trajectory,milford_haven,,1789816800000.0,,4.95376443862915
2026-09-20T00:09:20+00:00,area_trajectory,milford_haven,,1789816920000.0,,4.95376443862915
2026-09-20T00:09:20+00:00,area_trajectory,milford_haven,,1789817040000.0,,4.95376443862915
2026-09-20T00:09:20+00:00,area_trajectory,milford_haven,,1789817160000.0,,4.90737628936768
2026-09-20T00:09:20+00:00,area_trajectory,milford_haven,,1789817280000.0,,4.90737628936768
2026-09-20T00:09:20+00:00,area_trajectory,milford_haven,,1789817400000.0,,4.90493488311768
2026-09-20T00:09:20+00:00,area_trajectory,milford_haven,,1789817520000.0,,4.90493488311768
2026-09-20T00:09:20+00:00,area_trajectory,milford_haven,,1789817640000.0,,4.90493488311768
2026-09-20T00:09:20+00:00,area_trajectory,milford_haven,,1789817760000.0,,4.9684133529663095
2026-09-20T00:09:20+00:00,area_trajectory,milford_haven,,1789817880000.0,,4.9684133529663095
2026-09-20T00:09:20+00:00,area_trajectory,milford_haven,,1789818000000.0,,4.88051986694336
2026-09-20T00:09:20+00:00,area_trajectory,milford_haven,,1789818120000.0,,4.88051986694336
2026-09-20T00:09:20+00:00,area_trajectory,milford_haven,,1789818240000.0,,4.98062086105347
2026-09-20T00:09:20+00:00,area_trajectory,milford_haven,,1789818360000.0,,4.98062086105347
2026-09-20T00:09:20+00:00,area_trajectory,milford_haven,,1789818480000.0,,4.98062086105347
2026-09-20T00:09:20+00:00,area_trajectory,milford_haven,,1789818600000.0,,4.895168781280519
2026-09-20T00:09:20+00:00,area_trajectory,milford_haven,,1789818720000.0,,4.895168781280519
2026-09-20T00:09:20+00:00,area_trajectory,milford_haven,,1789818840000.0,,4.9366741180419895
2026-09-20T00:09:20+00:00,area_trajectory,milford_haven,,1789818960000.0,,4.9293494224548295
2026-09-20T00:09:20+00:00,area_trajectory,milford_haven,,1789819080000.0,,4.9293494224548295
2026-09-20T00:09:20+00:00,area_trajectory,milford_haven,,1789819200000.0,,4.9293494224548295
2026-09-20T00:09:20+00:00,area_trajectory,milford_haven,,1789819320000.0,,4.9293494224548295
2026-09-20T00:09:20+00:00,area_trajectory,milford_haven,,1789819440000.0,,4.9293494224548295
2026-09-20T00:09:20+00:00,area_trajectory,milford_haven,,1789819560000.0,,4.9293494224548295
2026-09-20T00:09:20+00:00,area_trajectory,milford_haven,,1789819680000.0,,4.88540315628052
2026-09-20T00:09:20+00:00,area_trajectory,milford_haven,,1789819800000.0,,4.88540315628052
2026-09-20T00:09:20+00:00,area_trajectory,milford_haven,,1789819920000.0,,4.88540315628052
2026-09-20T00:09:20+00:00,area_trajectory,milford_haven,,1789820040000.0,,4.88540315628052
2026-09-20T00:09:20+00:00,area_trajectory,milford_haven,,1789820160000.0,,4.88540315628052
2026-09-20T00:09:20+00:00,area_trajectory,milford_haven,,1789820280000.0,,4.88540315628052
2026-09-20T00:09:20+00:00,area_trajectory,milford_haven,,1789820400000.0,,4.88540315628052
2026-09-20T00:09:20+00:00,area_trajectory,milford_haven,,1789820520000.0,,4.89028596878052
2026-09-20T00:09:20+00:00,area_trajectory,milford_haven,,1789820640000.0,,4.89028596878052
2026-09-20T00:09:20+00:00,area_trajectory,milford_haven,,1789820760000.0,,4.89028596878052
2026-09-20T00:09:20+00:00,area_trajectory,milford_haven,,1789820880000.0,,4.89028596878052
2026-09-20T00:09:20+00:00,area_trajectory,milford_haven,,1789821000000.0,,4.89028596878052
2026-09-20T00:09:20+00:00,area_trajectory,milford_haven,,1789821120000.0,,4.89028596878052
2026-09-20T00:09:20+00:00,area_trajectory,milford_haven,,1789821240000.0,,4.89028596878052
2026-09-20T00:09:20+00:00,area_trajectory,milford_haven,,1789821360000.0,,4.89028596878052
2026-09-20T00:09:20+00:00,area_trajectory,milford_haven,,1789821480000.0,,4.9708547592163095
2026-09-20T00:09:20+00:00,area_trajectory,milford_haven,,1789821600000.0,,4.86831283569336
2026-09-20T00:09:20+00:00,area_trajectory,milford_haven,,1789821720000.0,,4.86831283569336
2026-09-20T00:09:20+00:00,area_trajectory,milford_haven,,1789821840000.0,,4.88784456253052
2026-09-20T00:09:20+00:00,area_trajectory,milford_haven,,1789821960000.0,,4.88784456253052
2026-09-20T00:09:20+00:00,area_trajectory,milford_haven,,1789822080000.0,,4.88784456253052
2026-09-20T00:09:20+00:00,area_trajectory,milford_haven,,1789822200000.0,,4.88784456253052
2026-09-20T00:09:20+00:00,area_trajectory,milford_haven,,1789822320000.0,,4.88784456253052
2026-09-20T00:09:20+00:00,area_trajectory,milford_haven,,1789822440000.0,,4.88784456253052
2026-09-20T00:09:20+00:00,area_trajectory,milford_haven,,1789822560000.0,,4.88784456253052
2026-09-20T00:09:20+00:00,area_trajectory,milford_haven,,1789822680000.0,,4.98794507980347
2026-09-20T00:09:20+00:00,area_trajectory,milford_haven,,1789822800000.0,,4.88540315628052
2026-09-20T00:09:20+00:00,area_trajectory,milford_haven,,1789822920000.0,,4.88540315628052
2026-09-20T00:09:20+00:00,area_trajectory,milford_haven,,1789823040000.0,,4.91225910186768
2026-09-20T00:09:20+00:00,area_trajectory,milford_haven,,1789823160000.0,,4.91225910186768
2026-09-20T00:09:20+00:00,area_trajectory,milford_haven,,1789823280000.0,,4.91225910186768
2026-09-20T00:09:20+00:00,area_trajectory,milford_haven,,1789823400000.0,,4.91225910186768
2026-09-20T00:09:20+00:00,area_trajectory,milford_haven,,1789823520000.0,,4.82924890518188
2026-09-20T00:09:20+00:00,area_trajectory,milford_haven,,1789823640000.0,,4.82924890518188
2026-09-20T00:09:20+00:00,area_trajectory,milford_haven,,1789823760000.0,,4.82924890518188
2026-09-20T00:09:20+00:00,area_trajectory,milford_haven,,1789823880000.0,,4.82924890518188
2026-09-20T00:09:20+00:00,area_trajectory,milford_haven,,1789824000000.0,,4.82924890518188
2026-09-20T00:09:20+00:00,area_trajectory,milford_haven,,1789824120000.0,,4.91470098495483
2026-09-20T00:09:20+00:00,area_trajectory,milford_haven,,1789824240000.0,,4.91470098495483
2026-09-20T00:09:20+00:00,area_trajectory,milford_haven,,1789824360000.0,,4.93911552429199
2026-09-20T00:09:20+00:00,area_trajectory,milford_haven,,1789824480000.0,,4.93911552429199
2026-09-20T00:09:20+00:00,area_trajectory,milford_haven,,1789824600000.0,,4.93911552429199
2026-09-20T00:09:20+00:00,area_trajectory,milford_haven,,1789824720000.0,,4.82680749893188
2026-09-20T00:09:20+00:00,area_trajectory,milford_haven,,1789824840000.0,,4.82680749893188
2026-09-20T00:09:20+00:00,area_trajectory,milford_haven,,1789824960000.0,,4.9269080162048295
2026-09-20T00:09:20+00:00,area_trajectory,milford_haven,,1789825080000.0,,4.9269080162048295
2026-09-20T00:09:20+00:00,area_trajectory,milford_haven,,1789825200000.0,,4.9269080162048295
2026-09-20T00:09:20+00:00,area_trajectory,milford_haven,,1789825320000.0,,4.84389781951904
2026-09-20T00:09:20+00:00,area_trajectory,milford_haven,,1789825440000.0,,4.84389781951904
2026-09-20T00:09:20+00:00,area_trajectory,milford_haven,,1789825560000.0,,4.95132303237915
2026-09-20T00:09:20+00:00,area_trajectory,milford_haven,,1789825680000.0,,4.8658709526062
2026-09-20T00:09:20+00:00,area_trajectory,milford_haven,,1789825800000.0,,4.8658709526062
2026-09-20T00:09:20+00:00,area_trajectory,milford_haven,,1789825920000.0,,4.8658709526062
2026-09-20T00:09:20+00:00,area_trajectory,milford_haven,,1789826040000.0,,4.8658709526062
2026-09-20T00:09:20+00:00,area_trajectory,milford_haven,,1789826160000.0,,4.8658709526062
2026-09-20T00:09:20+00:00,area_trajectory,milford_haven,,1789826280000.0,,4.8658709526062
2026-09-20T00:09:20+00:00,area_trajectory,milford_haven,,1789826400000.0,,4.8658709526062
2026-09-20T00:09:20+00:00,area_trajectory,milford_haven,,1789826520000.0,,4.8658709526062
2026-09-20T00:09:20+00:00,area_trajectory,milford_haven,,1789826640000.0,,4.89028596878052
2026-09-20T00:09:20+00:00,area_trajectory,milford_haven,,1789826760000.0,,4.89028596878052
2026-09-20T00:09:20+00:00,area_trajectory,milford_haven,,1789826880000.0,,4.89028596878052
2026-09-20T00:09:20+00:00,area_trajectory,milford_haven,,1789827000000.0,,4.89028596878052
2026-09-20T00:09:20+00:00,area_trajectory,milford_haven,,1789827120000.0,,4.90005207061768
2026-09-20T00:09:20+00:00,area_trajectory,milford_haven,,1789827240000.0,,4.90005207061768
2026-09-20T00:09:20+00:00,area_trajectory,milford_haven,,1789827360000.0,,4.90005207061768
2026-09-20T00:09:20+00:00,area_trajectory,milford_haven,,1789827480000.0,,4.90005207061768
2026-09-20T00:09:20+00:00,area_trajectory,milford_haven,,1789827600000.0,,4.90005207061768
2026-09-20T00:09:20+00:00,area_trajectory,milford_haven,,1789827720000.0,,4.90005207061768
2026-09-20T00:09:20+00:00,area_trajectory,milford_haven,,1789827840000.0,,4.90005207061768
2026-09-20T00:09:20+00:00,area_trajectory,milford_haven,,1789827960000.0,,4.90005207061768
2026-09-20T00:09:20+00:00,area_trajectory,milford_haven,,1789828080000.0,,4.90005207061768
2026-09-20T00:09:20+00:00,area_trajectory,milford_haven,,1789828200000.0,,4.90005207061768
2026-09-20T00:09:20+00:00,area_trajectory,milford_haven,,1789828320000.0,,4.90005207061768
2026-09-20T00:09:20+00:00,area_trajectory,milford_haven,,1789828440000.0,,4.90005207061768
2026-09-20T00:09:20+00:00,area_trajectory,milford_haven,,1789828560000.0,,4.90005207061768
2026-09-20T00:09:20+00:00,area_trajectory,milford_haven,,1789828680000.0,,4.90005207061768
2026-09-20T00:09:20+00:00,area_trajectory,milford_haven,,1789828800000.0,,4.90005207061768
2026-09-20T00:09:20+00:00,area_trajectory,milford_haven,,1789828920000.0,,4.90005207061768
2026-09-20T00:09:20+00:00,area_trajectory,milford_haven,,1789829040000.0,,4.90005207061768
2026-09-20T00:09:20+00:00,area_trajectory,milford_haven,,1789829160000.0,,4.90005207061768
2026-09-20T00:09:20+00:00,area_trajectory,milford_haven,,1789829280000.0,,4.90005207061768
2026-09-20T00:09:20+00:00,area_trajectory,milford_haven,,1789829400000.0,,4.90005207061768
2026-09-20T00:09:20+00:00,area_trajectory,milford_haven,,1789829520000.0,,4.90005207061768
2026-09-20T00:09:20+00:00,area_trajectory,milford_haven,,1789829640000.0,,4.90005207061768
2026-09-20T00:09:20+00:00,area_trajectory,milford_haven,,1789829760000.0,,4.90005207061768
2026-09-20T00:09:20+00:00,area_trajectory,milford_haven,,1789829880000.0,,4.90005207061768
2026-09-20T00:09:20+00:00,area_trajectory,milford_haven,,1789830000000.0,,4.90005207061768
2026-09-20T00:09:20+00:00,area_trajectory,milford_haven,,1789830120000.0,,4.90005207061768
2026-09-20T00:09:20+00:00,area_trajectory,milford_haven,,1789830240000.0,,4.858546733856199
2026-09-20T00:09:20+00:00,area_trajectory,milford_haven,,1789830360000.0,,4.858546733856199
2026-09-20T00:09:20+00:00,area_trajectory,milford_haven,,1789830480000.0,,4.858546733856199
2026-09-20T00:09:20+00:00,area_trajectory,milford_haven,,1789830600000.0,,4.858546733856199
2026-09-20T00:09:20+00:00,area_trajectory,milford_haven,,1789830720000.0,,4.858546733856199
2026-09-20T00:09:20+00:00,area_trajectory,milford_haven,,1789830840000.0,,4.858546733856199
2026-09-20T00:09:20+00:00,area_trajectory,milford_haven,,1789830960000.0,,4.858546733856199
2026-09-20T00:09:20+00:00,area_trajectory,milford_haven,,1789831080000.0,,4.858546733856199
2026-09-20T00:09:20+00:00,area_trajectory,milford_haven,,1789831200000.0,,4.858546733856199
2026-09-20T00:09:20+00:00,area_trajectory,milford_haven,,1789831320000.0,,4.858546733856199
2026-09-20T00:09:20+00:00,area_trajectory,milford_haven,,1789831440000.0,,4.858546733856199
2026-09-20T00:09:20+00:00,area_trajectory,milford_haven,,1789831560000.0,,4.858546733856199
2026-09-20T00:09:20+00:00,area_trajectory,milford_haven,,1789831680000.0,,4.858546733856199
2026-09-20T00:09:20+00:00,area_trajectory,milford_haven,,1789831800000.0,,4.858546733856199
2026-09-20T00:09:20+00:00,area_trajectory,milford_haven,,1789831920000.0,,4.858546733856199
2026-09-20T00:09:20+00:00,area_trajectory,milford_haven,,1789832040000.0,,4.858546733856199
2026-09-20T00:09:20+00:00,area_trajectory,milford_haven,,1789832160000.0,,4.858546733856199
2026-09-20T00:09:20+00:00,area_trajectory,milford_haven,,1789832280000.0,,4.858546733856199
2026-09-20T00:09:20+00:00,area_trajectory,milford_haven,,1789832400000.0,,4.858546733856199
2026-09-20T00:09:20+00:00,area_trajectory,milford_haven,,1789832520000.0,,4.858546733856199
2026-09-20T00:09:20+00:00,area_trajectory,milford_haven,,1789832640000.0,,4.858546733856199
2026-09-20T00:09:20+00:00,area_trajectory,milford_haven,,1789832760000.0,,4.858546733856199
2026-09-20T00:09:20+00:00,area_trajectory,milford_haven,,1789832880000.0,,4.858546733856199
2026-09-20T00:09:20+00:00,area_trajectory,milford_haven,,1789833000000.0,,4.858546733856199
2026-09-20T00:09:20+00:00,area_trajectory,milford_haven,,1789833120000.0,,4.858546733856199
2026-09-20T00:09:20+00:00,area_trajectory,milford_haven,,1789833240000.0,,4.858546733856199
2026-09-20T00:09:20+00:00,area_trajectory,milford_haven,,1789833360000.0,,4.858546733856199
2026-09-20T00:09:20+00:00,area_trajectory,milford_haven,,1789833480000.0,,4.858546733856199
2026-09-20T00:09:20+00:00,area_trajectory,milford_haven,,1789833600000.0,,4.858546733856199
2026-09-20T00:09:20+00:00,area_trajectory,milford_haven,,1789833720000.0,,4.858546733856199
2026-09-20T00:09:20+00:00,area_trajectory,milford_haven,,1789833840000.0,,4.90249347686768
2026-09-20T00:09:20+00:00,area_trajectory,milford_haven,,1789833960000.0,,4.90249347686768
2026-09-20T00:09:20+00:00,area_trajectory,milford_haven,,1789834080000.0,,4.90249347686768
2026-09-20T00:09:20+00:00,area_trajectory,milford_haven,,1789834200000.0,,4.90249347686768
2026-09-20T00:09:20+00:00,area_trajectory,milford_haven,,1789834320000.0,,4.90249347686768
2026-09-20T00:09:20+00:00,area_trajectory,milford_haven,,1789834440000.0,,4.90249347686768
2026-09-20T00:09:20+00:00,area_trajectory,milford_haven,,1789834560000.0,,4.90249347686768
2026-09-20T00:09:20+00:00,area_trajectory,milford_haven,,1789834680000.0,,4.90249347686768
2026-09-20T00:09:20+00:00,area_trajectory,milford_haven,,1789834800000.0,,4.90249347686768
2026-09-20T00:09:20+00:00,area_trajectory,milford_haven,,1789834920000.0,,4.90249347686768
2026-09-20T00:09:20+00:00,area_trajectory,milford_haven,,1789835040000.0,,4.90249347686768
2026-09-20T00:09:20+00:00,area_trajectory,milford_haven,,1789835160000.0,,4.90249347686768
2026-09-20T00:09:20+00:00,area_trajectory,milford_haven,,1789835280000.0,,4.90249347686768
2026-09-20T00:09:20+00:00,area_trajectory,milford_haven,,1789835400000.0,,4.90249347686768
2026-09-20T00:09:20+00:00,area_trajectory,milford_haven,,1789835520000.0,,4.821924686431879
2026-09-20T00:09:20+00:00,area_trajectory,milford_haven,,1789835640000.0,,4.821924686431879
2026-09-20T00:09:20+00:00,area_trajectory,milford_haven,,1789835760000.0,,4.821924686431879
2026-09-20T00:09:20+00:00,area_trajectory,milford_haven,,1789835880000.0,,4.821924686431879
2026-09-20T00:09:20+00:00,area_trajectory,milford_haven,,1789836000000.0,,4.821924686431879
2026-09-20T00:09:20+00:00,area_trajectory,milford_haven,,1789836120000.0,,4.821924686431879
2026-09-20T00:09:20+00:00,area_trajectory,milford_haven,,1789836240000.0,,4.821924686431879
2026-09-20T00:09:20+00:00,area_trajectory,milford_haven,,1789836360000.0,,4.821924686431879
2026-09-20T00:09:20+00:00,area_trajectory,milford_haven,,1789836480000.0,,4.821924686431879
2026-09-20T00:09:20+00:00,area_trajectory,milford_haven,,1789836600000.0,,4.821924686431879
2026-09-20T00:09:20+00:00,area_trajectory,milford_haven,,1789836720000.0,,4.821924686431879
2026-09-20T00:09:20+00:00,area_trajectory,milford_haven,,1789836840000.0,,4.821924686431879
2026-09-20T00:09:20+00:00,area_trajectory,milford_haven,,1789836960000.0,,4.821924686431879
2026-09-20T00:09:20+00:00,area_trajectory,milford_haven,,1789837080000.0,,4.821924686431879
2026-09-20T00:09:20+00:00,area_trajectory,milford_haven,,1789837200000.0,,4.821924686431879
2026-09-20T00:09:20+00:00,area_trajectory,milford_haven,,1789837320000.0,,4.821924686431879
2026-09-20T00:09:20+00:00,area_trajectory,milford_haven,,1789837440000.0,,4.84145641326904
2026-09-20T00:09:20+00:00,area_trajectory,milford_haven,,1789837560000.0,,4.84145641326904
2026-09-20T00:09:20+00:00,area_trajectory,milford_haven,,1789837680000.0,,4.84145641326904
2026-09-20T00:09:20+00:00,area_trajectory,milford_haven,,1789837800000.0,,4.84145641326904
2026-09-20T00:09:20+00:00,area_trajectory,milford_haven,,1789837920000.0,,4.84145641326904
2026-09-20T00:09:20+00:00,area_trajectory,milford_haven,,1789838040000.0,,4.84145641326904
2026-09-20T00:09:20+00:00,area_trajectory,milford_haven,,1789838160000.0,,4.84145641326904
2026-09-20T00:09:20+00:00,area_trajectory,milford_haven,,1789838280000.0,,4.84145641326904
2026-09-20T00:09:20+00:00,area_trajectory,milford_haven,,1789838400000.0,,4.84145641326904
2026-09-20T00:09:20+00:00,area_trajectory,milford_haven,,1789838520000.0,,4.84145641326904
2026-09-20T00:09:20+00:00,area_trajectory,milford_haven,,1789838640000.0,,4.84145641326904
2026-09-20T00:09:20+00:00,area_trajectory,milford_haven,,1789838760000.0,,4.84145641326904
2026-09-20T00:09:20+00:00,area_trajectory,milford_haven,,1789838880000.0,,4.84145641326904
2026-09-20T00:09:20+00:00,area_trajectory,milford_haven,,1789839000000.0,,4.84145641326904
2026-09-20T00:09:20+00:00,area_trajectory,milford_haven,,1789839120000.0,,4.84145641326904
2026-09-20T00:09:20+00:00,area_trajectory,milford_haven,,1789839240000.0,,4.84145641326904
2026-09-20T00:09:20+00:00,area_trajectory,milford_haven,,1789839360000.0,,4.84145641326904
2026-09-20T00:09:20+00:00,area_trajectory,milford_haven,,1789839480000.0,,4.84145641326904
2026-09-20T00:09:20+00:00,area_trajectory,milford_haven,,1789839600000.0,,4.84145641326904
2026-09-20T00:09:20+00:00,area_trajectory,milford_haven,,1789839720000.0,,4.84145641326904
2026-09-20T00:09:20+00:00,area_trajectory,milford_haven,,1789839840000.0,,4.84145641326904
2026-09-20T00:09:20+00:00,area_trajectory,milford_haven,,1789839960000.0,,4.84145641326904
2026-09-20T00:09:20+00:00,area_trajectory,milford_haven,,1789840080000.0,,4.84145641326904
2026-09-20T00:09:20+00:00,area_trajectory,milford_haven,,1789840200000.0,,4.84145641326904
2026-09-20T00:09:20+00:00,area_trajectory,milford_haven,,1789840320000.0,,4.84145641326904
2026-09-20T00:09:20+00:00,area_trajectory,milford_haven,,1789840440000.0,,4.84145641326904
2026-09-20T00:09:20+00:00,area_trajectory,milford_haven,,1789840560000.0,,4.84145641326904
2026-09-20T00:09:20+00:00,area_trajectory,milford_haven,,1789840680000.0,,4.9317913055419895
2026-09-20T00:09:20+00:00,area_trajectory,milford_haven,,1789840800000.0,,4.9317913055419895
2026-09-20T00:09:20+00:00,area_trajectory,milford_haven,,1789840920000.0,,4.9317913055419895
2026-09-20T00:09:20+00:00,area_trajectory,milford_haven,,1789841040000.0,,4.87563705444336
2026-09-20T00:09:20+00:00,area_trajectory,milford_haven,,1789841160000.0,,4.87563705444336
2026-09-20T00:09:20+00:00,area_trajectory,milford_haven,,1789841280000.0,,4.87563705444336
2026-09-20T00:09:20+00:00,area_trajectory,milford_haven,,1789841400000.0,,4.96108913421631
2026-09-20T00:09:20+00:00,area_trajectory,milford_haven,,1789841520000.0,,4.96108913421631
2026-09-20T00:09:20+00:00,area_trajectory,milford_haven,,1789841640000.0,,4.96108913421631
2026-09-20T00:09:20+00:00,area_trajectory,milford_haven,,1789841760000.0,,4.91470098495483
2026-09-20T00:09:20+00:00,area_trajectory,milford_haven,,1789841880000.0,,4.91470098495483
2026-09-20T00:09:20+00:00,area_trajectory,milford_haven,,1789842000000.0,,4.81704139709473
2026-09-20T00:09:20+00:00,area_trajectory,milford_haven,,1789842120000.0,,4.81704139709473
2026-09-20T00:09:20+00:00,area_trajectory,milford_haven,,1789842240000.0,,4.81704139709473
2026-09-20T00:09:20+00:00,area_trajectory,milford_haven,,1789842360000.0,,4.87319564819336
2026-09-20T00:09:20+00:00,area_trajectory,milford_haven,,1789842480000.0,,4.87319564819336
2026-09-20T00:09:20+00:00,area_trajectory,milford_haven,,1789842600000.0,,4.87319564819336
2026-09-20T00:09:20+00:00,area_trajectory,milford_haven,,1789842720000.0,,4.87319564819336
2026-09-20T00:09:20+00:00,area_trajectory,milford_haven,,1789842840000.0,,4.87319564819336
2026-09-20T00:09:20+00:00,area_trajectory,milford_haven,,1789842960000.0,,4.851222038269039
2026-09-20T00:09:20+00:00,area_trajectory,milford_haven,,1789843080000.0,,4.851222038269039
2026-09-20T00:09:20+00:00,area_trajectory,milford_haven,,1789843200000.0,,4.851222038269039
2026-09-20T00:09:20+00:00,area_trajectory,milford_haven,,1789843320000.0,,4.851222038269039
2026-09-20T00:09:20+00:00,area_trajectory,milford_haven,,1789843440000.0,,4.851222038269039
2026-09-20T00:09:20+00:00,area_trajectory,milford_haven,,1789843560000.0,,4.851222038269039
2026-09-20T00:09:20+00:00,area_trajectory,milford_haven,,1789843680000.0,,4.851222038269039
2026-09-20T00:09:20+00:00,area_trajectory,milford_haven,,1789843800000.0,,4.851222038269039
2026-09-20T00:09:20+00:00,area_trajectory,milford_haven,,1789843920000.0,,4.83413171768188
2026-09-20T00:09:20+00:00,area_trajectory,milford_haven,,1789844040000.0,,4.83413171768188
2026-09-20T00:09:20+00:00,area_trajectory,milford_haven,,1789844160000.0,,4.91958379745483
2026-09-20T00:09:20+00:00,area_trajectory,milford_haven,,1789844280000.0,,4.86831283569336
2026-09-20T00:09:20+00:00,area_trajectory,milford_haven,,1789844400000.0,,4.856105327606199
2026-09-20T00:09:20+00:00,area_trajectory,milford_haven,,1789844520000.0,,4.856105327606199
2026-09-20T00:09:20+00:00,area_trajectory,milford_haven,,1789844640000.0,,4.89761018753052
2026-09-20T00:09:20+00:00,area_trajectory,milford_haven,,1789844760000.0,,4.89761018753052
2026-09-20T00:09:20+00:00,area_trajectory,milford_haven,,1789844880000.0,,4.90493488311768
2026-09-20T00:09:20+00:00,area_trajectory,milford_haven,,1789845000000.0,,4.90493488311768
2026-09-20T00:09:20+00:00,area_trajectory,milford_haven,,1789845120000.0,,4.90493488311768
2026-09-20T00:09:20+00:00,area_trajectory,milford_haven,,1789845240000.0,,4.90493488311768
2026-09-20T00:09:20+00:00,area_trajectory,milford_haven,,1789845360000.0,,4.90493488311768
2026-09-20T00:09:20+00:00,area_trajectory,milford_haven,,1789845480000.0,,4.90493488311768
2026-09-20T00:09:20+00:00,area_trajectory,milford_haven,,1789845600000.0,,4.90493488311768
2026-09-20T00:09:20+00:00,area_trajectory,milford_haven,,1789845720000.0,,4.90493488311768
2026-09-20T00:09:20+00:00,area_trajectory,milford_haven,,1789845840000.0,,4.90981769561768
2026-09-20T00:09:20+00:00,area_trajectory,milford_haven,,1789845960000.0,,4.90981769561768
2026-09-20T00:09:20+00:00,area_trajectory,milford_haven,,1789846080000.0,,4.88296127319336
2026-09-20T00:09:20+00:00,area_trajectory,milford_haven,,1789846200000.0,,4.88296127319336
2026-09-20T00:09:20+00:00,area_trajectory,milford_haven,,1789846320000.0,,4.88296127319336
2026-09-20T00:09:20+00:00,area_trajectory,milford_haven,,1789846440000.0,,4.88296127319336
2026-09-20T00:09:20+00:00,area_trajectory,milford_haven,,1789846560000.0,,4.88296127319336
2026-09-20T00:09:20+00:00,area_trajectory,milford_haven,,1789846680000.0,,4.88296127319336
2026-09-20T00:09:20+00:00,area_trajectory,milford_haven,,1789846800000.0,,4.88296127319336
2026-09-20T00:09:20+00:00,area_trajectory,milford_haven,,1789846920000.0,,4.88296127319336
2026-09-20T00:09:20+00:00,area_trajectory,milford_haven,,1789847040000.0,,4.9708547592163095
2026-09-20T00:09:20+00:00,area_trajectory,milford_haven,,1789847160000.0,,4.89028596878052
2026-09-20T00:09:20+00:00,area_trajectory,milford_haven,,1789847280000.0,,4.89028596878052
2026-09-20T00:09:20+00:00,area_trajectory,milford_haven,,1789847400000.0,,4.89028596878052
2026-09-20T00:09:20+00:00,area_trajectory,milford_haven,,1789847520000.0,,4.89028596878052
2026-09-20T00:09:20+00:00,area_trajectory,milford_haven,,1789847640000.0,,4.94399833679199
2026-09-20T00:09:20+00:00,area_trajectory,milford_haven,,1789847760000.0,,4.94399833679199
2026-09-20T00:09:20+00:00,area_trajectory,milford_haven,,1789847880000.0,,4.94399833679199
2026-09-20T00:09:20+00:00,area_trajectory,milford_haven,,1789848000000.0,,4.94399833679199
2026-09-20T00:09:20+00:00,area_trajectory,milford_haven,,1789848120000.0,,4.94399833679199
2026-09-20T00:09:20+00:00,area_trajectory,milford_haven,,1789848240000.0,,4.87807846069336
2026-09-20T00:09:20+00:00,area_trajectory,milford_haven,,1789848360000.0,,4.87807846069336
2026-09-20T00:09:20+00:00,area_trajectory,milford_haven,,1789848480000.0,,4.87807846069336
2026-09-20T00:09:20+00:00,area_trajectory,milford_haven,,1789848600000.0,,4.87807846069336
2026-09-20T00:09:20+00:00,area_trajectory,milford_haven,,1789848720000.0,,4.9732961654663095
2026-09-20T00:09:20+00:00,area_trajectory,milford_haven,,1789848840000.0,,4.9732961654663095
2026-09-20T00:09:20+00:00,area_trajectory,milford_haven,,1789848960000.0,,4.9732961654663095
2026-09-20T00:09:20+00:00,area_trajectory,milford_haven,,1789849080000.0,,4.9732961654663095
2026-09-20T00:09:20+00:00,area_trajectory,milford_haven,,1789849200000.0,,4.98306226730347
2026-09-20T00:09:20+00:00,area_trajectory,milford_haven,,1789849320000.0,,4.98306226730347
2026-09-20T00:09:20+00:00,area_trajectory,milford_haven,,1789849440000.0,,4.98306226730347
2026-09-20T00:09:20+00:00,area_trajectory,milford_haven,,1789849560000.0,,4.9684133529663095
2026-09-20T00:09:20+00:00,area_trajectory,milford_haven,,1789849680000.0,,4.9684133529663095
2026-09-20T00:09:20+00:00,area_trajectory,milford_haven,,1789849800000.0,,5.0660724639892605
2026-09-20T00:09:20+00:00,area_trajectory,milford_haven,,1789849920000.0,,5.0660724639892605
2026-09-20T00:09:20+00:00,area_trajectory,milford_haven,,1789850040000.0,,5.0660724639892605
2026-09-20T00:09:20+00:00,area_trajectory,milford_haven,,1789850160000.0,,5.0660724639892605
2026-09-20T00:09:20+00:00,area_trajectory,milford_haven,,1789850280000.0,,4.98306226730347
2026-09-20T00:09:20+00:00,area_trajectory,milford_haven,,1789850400000.0,,4.98306226730347
2026-09-20T00:09:20+00:00,area_trajectory,milford_haven,,1789850520000.0,,4.98306226730347
2026-09-20T00:09:20+00:00,area_trajectory,milford_haven,,1789850640000.0,,4.98306226730347
2026-09-20T00:09:20+00:00,area_trajectory,milford_haven,,1789850760000.0,,4.98306226730347
2026-09-20T00:09:20+00:00,area_trajectory,milford_haven,,1789850880000.0,,5.03189182281494
2026-09-20T00:09:20+00:00,area_trajectory,milford_haven,,1789851000000.0,,5.03189182281494
2026-09-20T00:09:20+00:00,area_trajectory,milford_haven,,1789851120000.0,,5.03189182281494
2026-09-20T00:09:20+00:00,area_trajectory,milford_haven,,1789851240000.0,,5.03189182281494
2026-09-20T00:09:20+00:00,area_trajectory,milford_haven,,1789851360000.0,,5.03189182281494
2026-09-20T00:09:20+00:00,area_trajectory,milford_haven,,1789851480000.0,,5.07583856582642
2026-09-20T00:09:20+00:00,area_trajectory,milford_haven,,1789851600000.0,,5.07583856582642
2026-09-20T00:09:20+00:00,area_trajectory,milford_haven,,1789851720000.0,,5.07583856582642
2026-09-20T00:09:20+00:00,area_trajectory,milford_haven,,1789851840000.0,,5.0538649559021005
2026-09-20T00:09:20+00:00,area_trajectory,milford_haven,,1789851960000.0,,5.0538649559021005
2026-09-20T00:09:20+00:00,area_trajectory,milford_haven,,1789852080000.0,,5.0587482452392605
2026-09-20T00:09:20+00:00,area_trajectory,milford_haven,,1789852200000.0,,5.11734390258789
2026-09-20T00:09:20+00:00,area_trajectory,milford_haven,,1789852320000.0,,5.11734390258789
2026-09-20T00:09:20+00:00,area_trajectory,milford_haven,,1789852440000.0,,5.11734390258789
2026-09-20T00:09:20+00:00,area_trajectory,milford_haven,,1789852560000.0,,5.00747680664062
2026-09-20T00:09:20+00:00,area_trajectory,milford_haven,,1789852680000.0,,5.00747680664062
2026-09-20T00:09:20+00:00,area_trajectory,milford_haven,,1789852800000.0,,5.00747680664062
2026-09-20T00:09:20+00:00,area_trajectory,milford_haven,,1789852920000.0,,5.09781169891357
2026-09-20T00:09:20+00:00,area_trajectory,milford_haven,,1789853040000.0,,5.09781169891357
2026-09-20T00:09:20+00:00,area_trajectory,milford_haven,,1789853160000.0,,5.0270090103149405
2026-09-20T00:09:20+00:00,area_trajectory,milford_haven,,1789853280000.0,,5.0270090103149405
2026-09-20T00:09:20+00:00,area_trajectory,milford_haven,,1789853400000.0,,5.0270090103149405
2026-09-20T00:09:20+00:00,area_trajectory,milford_haven,,1789853520000.0,,5.08072137832642
2026-09-20T00:09:20+00:00,area_trajectory,milford_haven,,1789853640000.0,,4.99282836914062
2026-09-20T00:09:20+00:00,area_trajectory,milford_haven,,1789853760000.0,,4.99282836914062
2026-09-20T00:09:20+00:00,area_trajectory,milford_haven,,1789853880000.0,,4.99282836914062
2026-09-20T00:09:20+00:00,area_trajectory,milford_haven,,1789854000000.0,,4.99282836914062
2026-09-20T00:09:20+00:00,area_trajectory,milford_haven,,1789854120000.0,,4.99282836914062
2026-09-20T00:09:20+00:00,area_trajectory,milford_haven,,1789854240000.0,,4.99282836914062
2026-09-20T00:09:20+00:00,area_trajectory,milford_haven,,1789854360000.0,,4.98062086105347
2026-09-20T00:09:20+00:00,area_trajectory,milford_haven,,1789854480000.0,,4.98062086105347
2026-09-20T00:09:20+00:00,area_trajectory,milford_haven,,1789854600000.0,,4.98062086105347
2026-09-20T00:09:20+00:00,area_trajectory,milford_haven,,1789854720000.0,,5.01236009597778
2026-09-20T00:09:20+00:00,area_trajectory,milford_haven,,1789854840000.0,,5.01236009597778
2026-09-20T00:09:20+00:00,area_trajectory,milford_haven,,1789854960000.0,,5.01236009597778
2026-09-20T00:09:20+00:00,area_trajectory,milford_haven,,1789855080000.0,,5.01236009597778
2026-09-20T00:09:20+00:00,area_trajectory,milford_haven,,1789855200000.0,,5.01236009597778
2026-09-20T00:09:20+00:00,area_trajectory,milford_haven,,1789855320000.0,,5.01236009597778
2026-09-20T00:09:20+00:00,area_trajectory,milford_haven,,1789855440000.0,,4.95620584487915
2026-09-20T00:09:20+00:00,area_trajectory,milford_haven,,1789855560000.0,,4.98062086105347
2026-09-20T00:09:20+00:00,area_trajectory,milford_haven,,1789855680000.0,,4.98062086105347
2026-09-20T00:09:20+00:00,area_trajectory,milford_haven,,1789855800000.0,,5.17838048934936
2026-09-20T00:09:20+00:00,area_trajectory,milford_haven,,1789855920000.0,,5.0636310577392605
2026-09-20T00:09:20+00:00,area_trajectory,milford_haven,,1789856040000.0,,5.0636310577392605
2026-09-20T00:09:20+00:00,area_trajectory,milford_haven,,1789856160000.0,,5.0636310577392605
2026-09-20T00:09:20+00:00,area_trajectory,milford_haven,,1789856280000.0,,5.0636310577392605
2026-09-20T00:09:20+00:00,area_trajectory,milford_haven,,1789856400000.0,,5.0636310577392605
2026-09-20T00:09:20+00:00,area_trajectory,milford_haven,,1789856520000.0,,5.21256160736084
2026-09-20T00:09:20+00:00,area_trajectory,milford_haven,,1789856640000.0,,5.12222671508789
2026-09-20T00:09:20+00:00,area_trajectory,milford_haven,,1789856760000.0,,5.12222671508789
2026-09-20T00:09:20+00:00,area_trajectory,milford_haven,,1789856880000.0,,5.12222671508789
2026-09-20T00:09:20+00:00,area_trajectory,milford_haven,,1789857000000.0,,5.12222671508789
2026-09-20T00:09:20+00:00,area_trajectory,milford_haven,,1789857120000.0,,5.12222671508789
2026-09-20T00:09:20+00:00,area_trajectory,milford_haven,,1789857240000.0,,5.12222671508789
2026-09-20T00:09:20+00:00,area_trajectory,milford_haven,,1789857360000.0,,5.12222671508789
2026-09-20T00:09:20+00:00,area_trajectory,milford_haven,,1789857480000.0,,5.11734390258789
2026-09-20T00:09:20+00:00,area_trajectory,milford_haven,,1789857600000.0,,5.11734390258789
2026-09-20T00:09:20+00:00,area_trajectory,milford_haven,,1789857720000.0,,5.11734390258789
2026-09-20T00:09:20+00:00,area_trajectory,milford_haven,,1789857840000.0,,5.11734390258789
2026-09-20T00:09:20+00:00,area_trajectory,milford_haven,,1789857960000.0,,5.07827997207642
2026-09-20T00:09:20+00:00,area_trajectory,milford_haven,,1789858080000.0,,5.07827997207642
2026-09-20T00:09:20+00:00,area_trajectory,milford_haven,,1789858200000.0,,5.0563068389892605
2026-09-20T00:09:20+00:00,area_trajectory,milford_haven,,1789858320000.0,,5.0563068389892605
2026-09-20T00:09:20+00:00,area_trajectory,milford_haven,,1789858440000.0,,5.15640735626221
2026-09-20T00:09:20+00:00,area_trajectory,milford_haven,,1789858560000.0,,5.15640735626221
2026-09-20T00:09:20+00:00,area_trajectory,milford_haven,,1789858680000.0,,5.15640735626221
2026-09-20T00:09:20+00:00,area_trajectory,milford_haven,,1789858800000.0,,5.15640735626221
2026-09-20T00:09:20+00:00,area_trajectory,milford_haven,,1789858920000.0,,5.21256160736084
2026-09-20T00:09:20+00:00,area_trajectory,milford_haven,,1789859040000.0,,5.21256160736084
2026-09-20T00:09:20+00:00,area_trajectory,milford_haven,,1789859160000.0,,5.15884876251221
2026-09-20T00:09:20+00:00,area_trajectory,milford_haven,,1789859280000.0,,5.15884876251221
2026-09-20T00:09:20+00:00,area_trajectory,milford_haven,,1789859400000.0,,5.15884876251221
2026-09-20T00:09:20+00:00,area_trajectory,milford_haven,,1789859520000.0,,5.15884876251221
2026-09-20T00:09:20+00:00,area_trajectory,milford_haven,,1789859640000.0,,5.15884876251221
2026-09-20T00:09:20+00:00,area_trajectory,milford_haven,,1789859760000.0,,5.15884876251221
2026-09-20T00:09:20+00:00,area_trajectory,milford_haven,,1789859880000.0,,5.232093334198
2026-09-20T00:09:20+00:00,area_trajectory,milford_haven,,1789860000000.0,,5.232093334198
2026-09-20T00:09:20+00:00,area_trajectory,milford_haven,,1789860120000.0,,5.14419984817505
2026-09-20T00:09:20+00:00,area_trajectory,milford_haven,,1789860240000.0,,5.14419984817505
2026-09-20T00:09:20+00:00,area_trajectory,milford_haven,,1789860360000.0,,5.14419984817505
2026-09-20T00:09:20+00:00,area_trajectory,milford_haven,,1789860480000.0,,5.14419984817505
2026-09-20T00:09:20+00:00,area_trajectory,milford_haven,,1789860600000.0,,5.14419984817505
2026-09-20T00:09:20+00:00,area_trajectory,milford_haven,,1789860720000.0,,5.14175844192505
2026-09-20T00:09:20+00:00,area_trajectory,milford_haven,,1789860840000.0,,5.14175844192505
2026-09-20T00:09:20+00:00,area_trajectory,milford_haven,,1789860960000.0,,5.14175844192505
2026-09-20T00:09:20+00:00,area_trajectory,milford_haven,,1789861080000.0,,5.14175844192505
2026-09-20T00:09:20+00:00,area_trajectory,milford_haven,,1789861200000.0,,5.17593908309936
2026-09-20T00:09:20+00:00,area_trajectory,milford_haven,,1789861320000.0,,5.17593908309936
2026-09-20T00:09:20+00:00,area_trajectory,milford_haven,,1789861440000.0,,5.07339715957642
2026-09-20T00:09:20+00:00,area_trajectory,milford_haven,,1789861560000.0,,5.07339715957642
2026-09-20T00:09:20+00:00,area_trajectory,milford_haven,,1789861680000.0,,5.07339715957642
2026-09-20T00:09:20+00:00,area_trajectory,milford_haven,,1789861800000.0,,5.07339715957642
2026-09-20T00:09:20+00:00,area_trajectory,milford_haven,,1789861920000.0,,5.232093334198
2026-09-20T00:09:20+00:00,area_trajectory,milford_haven,,1789862040000.0,,5.232093334198
2026-09-20T00:09:20+00:00,area_trajectory,milford_haven,,1789862160000.0,,5.134434223175051
2026-09-20T00:09:20+00:00,area_trajectory,milford_haven,,1789862280000.0,,5.134434223175051
2026-09-20T00:09:20+00:00,area_trajectory,milford_haven,,1789862400000.0,,5.134434223175051
2026-09-20T00:09:20+00:00,area_trajectory,milford_haven,,1789862520000.0,,5.134434223175051
2026-09-20T00:09:20+00:00,area_trajectory,milford_haven,,1789862640000.0,,5.15152454376221
2026-09-20T00:09:20+00:00,area_trajectory,milford_haven,,1789862760000.0,,5.15152454376221
2026-09-20T00:09:20+00:00,area_trajectory,milford_haven,,1789862880000.0,,5.15152454376221
2026-09-20T00:09:20+00:00,area_trajectory,milford_haven,,1789863000000.0,,5.15152454376221
2026-09-20T00:09:20+00:00,area_trajectory,milford_haven,,1789863120000.0,,5.15152454376221
2026-09-20T00:09:20+00:00,area_trajectory,milford_haven,,1789863240000.0,,5.14175844192505
2026-09-20T00:09:20+00:00,area_trajectory,milford_haven,,1789863360000.0,,5.14175844192505
2026-09-20T00:09:20+00:00,area_trajectory,milford_haven,,1789863480000.0,,5.14175844192505
2026-09-20T00:09:20+00:00,area_trajectory,milford_haven,,1789863600000.0,,5.14175844192505
2026-09-20T00:09:20+00:00,area_trajectory,milford_haven,,1789863720000.0,,5.14175844192505
2026-09-20T00:09:20+00:00,area_trajectory,milford_haven,,1789863840000.0,,5.136875629425051
2026-09-20T00:09:20+00:00,area_trajectory,milford_haven,,1789863960000.0,,5.136875629425051
2026-09-20T00:09:20+00:00,area_trajectory,milford_haven,,1789864080000.0,,5.136875629425051
2026-09-20T00:09:20+00:00,area_trajectory,milford_haven,,1789864200000.0,,5.136875629425051
2026-09-20T00:09:20+00:00,area_trajectory,milford_haven,,1789864320000.0,,5.136875629425051
2026-09-20T00:09:20+00:00,area_trajectory,milford_haven,,1789864440000.0,,5.136875629425051
2026-09-20T00:09:20+00:00,area_trajectory,milford_haven,,1789864560000.0,,5.136875629425051
2026-09-20T00:09:20+00:00,area_trajectory,milford_haven,,1789864680000.0,,5.136875629425051
2026-09-20T00:09:20+00:00,area_trajectory,milford_haven,,1789864800000.0,,5.136875629425051
2026-09-20T00:09:20+00:00,area_trajectory,milford_haven,,1789864920000.0,,5.12466812133789
2026-09-20T00:09:20+00:00,area_trajectory,milford_haven,,1789865040000.0,,5.12466812133789
2026-09-20T00:09:20+00:00,area_trajectory,milford_haven,,1789865160000.0,,5.12466812133789
2026-09-20T00:09:20+00:00,area_trajectory,milford_haven,,1789865280000.0,,5.11490201950073
2026-09-20T00:09:20+00:00,area_trajectory,milford_haven,,1789865400000.0,,5.11490201950073
2026-09-20T00:09:20+00:00,area_trajectory,milford_haven,,1789865520000.0,,5.11490201950073
2026-09-20T00:09:20+00:00,area_trajectory,milford_haven,,1789865640000.0,,5.11490201950073
2026-09-20T00:09:20+00:00,area_trajectory,milford_haven,,1789865760000.0,,5.11490201950073
2026-09-20T00:09:20+00:00,area_trajectory,milford_haven,,1789865880000.0,,5.11490201950073
2026-09-20T00:09:20+00:00,subterminal_latest,grain,nts1,,00:48,0.00
2026-09-20T00:09:20+00:00,subterminal_latest,grain,nts1,,00:50,0.00
2026-09-20T00:09:20+00:00,subterminal_latest,grain,nts1,,00:52,0.00
2026-09-20T00:09:20+00:00,subterminal_latest,grain,nts1,,00:54,0.00
2026-09-20T00:09:20+00:00,subterminal_latest,grain,nts1,,00:56,0.00
2026-09-20T00:09:20+00:00,subterminal_latest,grain,nts1,,00:58,0.00
2026-09-20T00:09:20+00:00,subterminal_latest,grain,nts2,,00:48,0.00
2026-09-20T00:09:20+00:00,subterminal_latest,grain,nts2,,00:50,0.00
2026-09-20T00:09:20+00:00,subterminal_latest,grain,nts2,,00:52,0.00
2026-09-20T00:09:20+00:00,subterminal_latest,grain,nts2,,00:54,0.00
2026-09-20T00:09:20+00:00,subterminal_latest,grain,nts2,,00:56,0.00
2026-09-20T00:09:20+00:00,subterminal_latest,grain,nts2,,00:58,0.00
2026-09-20T00:09:20+00:00,subterminal_latest,dragon,,,00:48,0.00
2026-09-20T00:09:20+00:00,subterminal_latest,dragon,,,00:50,0.00
2026-09-20T00:09:20+00:00,subterminal_latest,dragon,,,00:52,0.00
2026-09-20T00:09:20+00:00,subterminal_latest,dragon,,,00:54,0.00
2026-09-20T00:09:20+00:00,subterminal_latest,dragon,,,00:56,0.00
2026-09-20T00:09:20+00:00,subterminal_latest,dragon,,,00:58,0.00
2026-09-20T00:09:20+00:00,subterminal_latest,south_hook,,,00:48,5.11
2026-09-20T00:09:20+00:00,subterminal_latest,south_hook,,,00:50,5.11
2026-09-20T00:09:20+00:00,subterminal_latest,south_hook,,,00:52,5.11
2026-09-20T00:09:20+00:00,subterminal_latest,south_hook,,,00:54,5.11
2026-09-20T00:09:20+00:00,subterminal_latest,south_hook,,,00:56,5.11
2026-09-20T00:09:20+00:00,subterminal_latest,south_hook,,,00:58,5.11
