snapshot_utc,series,terminal,sub,epoch_ms,time_label,value_mcm_d
2026-09-09T00:15:40+00:00,area_trajectory,grain,,1788843600000.0,,3.2695704344026697
2026-09-09T00:15:40+00:00,area_trajectory,grain,,1788843720000.0,,3.2695704344026697
2026-09-09T00:15:40+00:00,area_trajectory,grain,,1788843840000.0,,3.21353869612142
2026-09-09T00:15:40+00:00,area_trajectory,grain,,1788843960000.0,,3.1947513426058
2026-09-09T00:15:40+00:00,area_trajectory,grain,,1788844080000.0,,3.1947513426058
2026-09-09T00:15:40+00:00,area_trajectory,grain,,1788844200000.0,,3.4656826170198602
2026-09-09T00:15:40+00:00,area_trajectory,grain,,1788844320000.0,,3.4656826170198602
2026-09-09T00:15:40+00:00,area_trajectory,grain,,1788844440000.0,,3.55665197737142
2026-09-09T00:15:40+00:00,area_trajectory,grain,,1788844560000.0,,3.55665197737142
2026-09-09T00:15:40+00:00,area_trajectory,grain,,1788844680000.0,,3.55665197737142
2026-09-09T00:15:40+00:00,area_trajectory,grain,,1788844800000.0,,3.55665197737142
2026-09-09T00:15:40+00:00,area_trajectory,grain,,1788844920000.0,,3.61532080061361
2026-09-09T00:15:40+00:00,area_trajectory,grain,,1788845040000.0,,3.61532080061361
2026-09-09T00:15:40+00:00,area_trajectory,grain,,1788845160000.0,,3.61532080061361
2026-09-09T00:15:40+00:00,area_trajectory,grain,,1788845280000.0,,3.61532080061361
2026-09-09T00:15:40+00:00,area_trajectory,grain,,1788845400000.0,,3.63311938459799
2026-09-09T00:15:40+00:00,area_trajectory,grain,,1788845520000.0,,3.63311938459799
2026-09-09T00:15:40+00:00,area_trajectory,grain,,1788845640000.0,,3.63311938459799
2026-09-09T00:15:40+00:00,area_trajectory,grain,,1788845760000.0,,3.63311938459799
2026-09-09T00:15:40+00:00,area_trajectory,grain,,1788845880000.0,,3.6594873045198604
2026-09-09T00:15:40+00:00,area_trajectory,grain,,1788846000000.0,,3.6594873045198604
2026-09-09T00:15:40+00:00,area_trajectory,grain,,1788846120000.0,,3.7198040769808
2026-09-09T00:15:40+00:00,area_trajectory,grain,,1788846240000.0,,3.7198040769808
2026-09-09T00:15:40+00:00,area_trajectory,grain,,1788846360000.0,,3.64366662580892
2026-09-09T00:15:40+00:00,area_trajectory,grain,,1788846480000.0,,3.64366662580892
2026-09-09T00:15:40+00:00,area_trajectory,grain,,1788846600000.0,,3.68387768537924
2026-09-09T00:15:40+00:00,area_trajectory,grain,,1788846720000.0,,3.68387768537924
2026-09-09T00:15:40+00:00,area_trajectory,grain,,1788846840000.0,,3.7441944578401696
2026-09-09T00:15:40+00:00,area_trajectory,grain,,1788846960000.0,,3.7441944578401696
2026-09-09T00:15:40+00:00,area_trajectory,grain,,1788847080000.0,,3.68750317366049
2026-09-09T00:15:40+00:00,area_trajectory,grain,,1788847200000.0,,3.68750317366049
2026-09-09T00:15:40+00:00,area_trajectory,grain,,1788847320000.0,,3.68750317366049
2026-09-09T00:15:40+00:00,area_trajectory,grain,,1788847440000.0,,3.66970495588705
2026-09-09T00:15:40+00:00,area_trajectory,grain,,1788847560000.0,,3.69310656721517
2026-09-09T00:15:40+00:00,area_trajectory,grain,,1788847680000.0,,3.69310656721517
2026-09-09T00:15:40+00:00,area_trajectory,grain,,1788847800000.0,,3.69310656721517
2026-09-09T00:15:40+00:00,area_trajectory,grain,,1788847920000.0,,3.69310656721517
2026-09-09T00:15:40+00:00,area_trajectory,grain,,1788848040000.0,,3.69310656721517
2026-09-09T00:15:40+00:00,area_trajectory,grain,,1788848160000.0,,3.69310656721517
2026-09-09T00:15:40+00:00,area_trajectory,grain,,1788848280000.0,,3.7151898191683
2026-09-09T00:15:40+00:00,area_trajectory,grain,,1788848400000.0,,3.7151898191683
2026-09-09T00:15:40+00:00,area_trajectory,grain,,1788848520000.0,,3.63674487287924
2026-09-09T00:15:40+00:00,area_trajectory,grain,,1788848640000.0,,3.63674487287924
2026-09-09T00:15:40+00:00,area_trajectory,grain,,1788848760000.0,,3.63674487287924
2026-09-09T00:15:40+00:00,area_trajectory,grain,,1788848880000.0,,3.63674487287924
2026-09-09T00:15:40+00:00,area_trajectory,grain,,1788849000000.0,,3.61466162092611
2026-09-09T00:15:40+00:00,area_trajectory,grain,,1788849120000.0,,3.61466162092611
2026-09-09T00:15:40+00:00,area_trajectory,grain,,1788849240000.0,,3.63278979475424
2026-09-09T00:15:40+00:00,area_trajectory,grain,,1788849360000.0,,3.63278979475424
2026-09-09T00:15:40+00:00,area_trajectory,grain,,1788849480000.0,,3.6927769773714196
2026-09-09T00:15:40+00:00,area_trajectory,grain,,1788849600000.0,,3.6927769773714196
2026-09-09T00:15:40+00:00,area_trajectory,grain,,1788849720000.0,,3.59027124006674
2026-09-09T00:15:40+00:00,area_trajectory,grain,,1788849840000.0,,3.59027124006674
2026-09-09T00:15:40+00:00,area_trajectory,grain,,1788849960000.0,,3.6291639402620497
2026-09-09T00:15:40+00:00,area_trajectory,grain,,1788850080000.0,,3.6291639402620497
2026-09-09T00:15:40+00:00,area_trajectory,grain,,1788850200000.0,,3.6291639402620497
2026-09-09T00:15:40+00:00,area_trajectory,grain,,1788850320000.0,,3.6291639402620497
2026-09-09T00:15:40+00:00,area_trajectory,grain,,1788850440000.0,,3.6291639402620497
2026-09-09T00:15:40+00:00,area_trajectory,grain,,1788850560000.0,,3.6212537840120502
2026-09-09T00:15:40+00:00,area_trajectory,grain,,1788850680000.0,,3.6212537840120502
2026-09-09T00:15:40+00:00,area_trajectory,grain,,1788850800000.0,,3.6212537840120502
2026-09-09T00:15:40+00:00,area_trajectory,grain,,1788850920000.0,,3.6212537840120502
2026-09-09T00:15:40+00:00,area_trajectory,grain,,1788851040000.0,,3.6390520017854904
2026-09-09T00:15:40+00:00,area_trajectory,grain,,1788851160000.0,,3.6390520017854904
2026-09-09T00:15:40+00:00,area_trajectory,grain,,1788851280000.0,,3.6390520017854904
2026-09-09T00:15:40+00:00,area_trajectory,grain,,1788851400000.0,,3.6172983396761103
2026-09-09T00:15:40+00:00,area_trajectory,grain,,1788851520000.0,,3.69343615705892
2026-09-09T00:15:40+00:00,area_trajectory,grain,,1788851640000.0,,3.69343615705892
2026-09-09T00:15:40+00:00,area_trajectory,grain,,1788851760000.0,,3.69343615705892
2026-09-09T00:15:40+00:00,area_trajectory,grain,,1788851880000.0,,3.69343615705892
2026-09-09T00:15:40+00:00,area_trajectory,grain,,1788852000000.0,,3.69343615705892
2026-09-09T00:15:40+00:00,area_trajectory,grain,,1788852120000.0,,3.6291639402620497
2026-09-09T00:15:40+00:00,area_trajectory,grain,,1788852240000.0,,3.6291639402620497
2026-09-09T00:15:40+00:00,area_trajectory,grain,,1788852360000.0,,3.6051031492464203
2026-09-09T00:15:40+00:00,area_trajectory,grain,,1788852480000.0,,3.6051031492464203
2026-09-09T00:15:40+00:00,area_trajectory,grain,,1788852600000.0,,3.62257214338705
2026-09-09T00:15:40+00:00,area_trajectory,grain,,1788852720000.0,,3.62257214338705
2026-09-09T00:15:40+00:00,area_trajectory,grain,,1788852840000.0,,3.64004077131674
2026-09-09T00:15:40+00:00,area_trajectory,grain,,1788852960000.0,,3.64004077131674
2026-09-09T00:15:40+00:00,area_trajectory,grain,,1788853080000.0,,3.64004077131674
2026-09-09T00:15:40+00:00,area_trajectory,grain,,1788853200000.0,,3.64004077131674
2026-09-09T00:15:40+00:00,area_trajectory,grain,,1788853320000.0,,3.59587463362142
2026-09-09T00:15:40+00:00,area_trajectory,grain,,1788853440000.0,,3.59587463362142
2026-09-09T00:15:40+00:00,area_trajectory,grain,,1788853560000.0,,3.67036413557455
2026-09-09T00:15:40+00:00,area_trajectory,grain,,1788853680000.0,,3.67036413557455
2026-09-09T00:15:40+00:00,area_trajectory,grain,,1788853800000.0,,3.5929079588167396
2026-09-09T00:15:40+00:00,area_trajectory,grain,,1788853920000.0,,3.5929079588167396
2026-09-09T00:15:40+00:00,area_trajectory,grain,,1788854040000.0,,3.6482808836214202
2026-09-09T00:15:40+00:00,area_trajectory,grain,,1788854160000.0,,3.6482808836214202
2026-09-09T00:15:40+00:00,area_trajectory,grain,,1788854280000.0,,3.6080698240511104
2026-09-09T00:15:40+00:00,area_trajectory,grain,,1788854400000.0,,3.6080698240511104
2026-09-09T00:15:40+00:00,area_trajectory,grain,,1788854520000.0,,3.68750317366049
2026-09-09T00:15:40+00:00,area_trajectory,grain,,1788854640000.0,,3.6285047605745495
2026-09-09T00:15:40+00:00,area_trajectory,grain,,1788854760000.0,,3.6285047605745495
2026-09-09T00:15:40+00:00,area_trajectory,grain,,1788854880000.0,,3.6285047605745495
2026-09-09T00:15:40+00:00,area_trajectory,grain,,1788855000000.0,,3.6285047605745495
2026-09-09T00:15:40+00:00,area_trajectory,grain,,1788855120000.0,,3.5912600095979896
2026-09-09T00:15:40+00:00,area_trajectory,grain,,1788855240000.0,,3.5912600095979896
2026-09-09T00:15:40+00:00,area_trajectory,grain,,1788855360000.0,,3.5912600095979896
2026-09-09T00:15:40+00:00,area_trajectory,grain,,1788855480000.0,,3.5912600095979896
2026-09-09T00:15:40+00:00,area_trajectory,grain,,1788855600000.0,,3.61004736311361
2026-09-09T00:15:40+00:00,area_trajectory,grain,,1788855720000.0,,3.61004736311361
2026-09-09T00:15:40+00:00,area_trajectory,grain,,1788855840000.0,,3.61004736311361
2026-09-09T00:15:40+00:00,area_trajectory,grain,,1788855960000.0,,3.6291639402620497
2026-09-09T00:15:40+00:00,area_trajectory,grain,,1788856080000.0,,3.6291639402620497
2026-09-09T00:15:40+00:00,area_trajectory,grain,,1788856200000.0,,3.5906008299104903
2026-09-09T00:15:40+00:00,area_trajectory,grain,,1788856320000.0,,3.5906008299104903
2026-09-09T00:15:40+00:00,area_trajectory,grain,,1788856440000.0,,3.64663293440267
2026-09-09T00:15:40+00:00,area_trajectory,grain,,1788856560000.0,,3.64663293440267
2026-09-09T00:15:40+00:00,area_trajectory,grain,,1788856680000.0,,3.5695063474886104
2026-09-09T00:15:40+00:00,area_trajectory,grain,,1788856800000.0,,3.5695063474886104
2026-09-09T00:15:40+00:00,area_trajectory,grain,,1788856920000.0,,3.58928247053549
2026-09-09T00:15:40+00:00,area_trajectory,grain,,1788857040000.0,,3.58928247053549
2026-09-09T00:15:40+00:00,area_trajectory,grain,,1788857160000.0,,3.58928247053549
2026-09-09T00:15:40+00:00,area_trajectory,grain,,1788857280000.0,,3.58928247053549
2026-09-09T00:15:40+00:00,area_trajectory,grain,,1788857400000.0,,3.6285047605745495
2026-09-09T00:15:40+00:00,area_trajectory,grain,,1788857520000.0,,3.6285047605745495
2026-09-09T00:15:40+00:00,area_trajectory,grain,,1788857640000.0,,3.6285047605745495
2026-09-09T00:15:40+00:00,area_trajectory,grain,,1788857760000.0,,3.6285047605745495
2026-09-09T00:15:40+00:00,area_trajectory,grain,,1788857880000.0,,3.58796411116049
2026-09-09T00:15:40+00:00,area_trajectory,grain,,1788858000000.0,,3.58796411116049
2026-09-09T00:15:40+00:00,area_trajectory,grain,,1788858120000.0,,3.58796411116049
2026-09-09T00:15:40+00:00,area_trajectory,grain,,1788858240000.0,,3.58895288069174
2026-09-09T00:15:40+00:00,area_trajectory,grain,,1788858360000.0,,3.58895288069174
2026-09-09T00:15:40+00:00,area_trajectory,grain,,1788858480000.0,,3.58895288069174
2026-09-09T00:15:40+00:00,area_trajectory,grain,,1788858600000.0,,3.6090585935823603
2026-09-09T00:15:40+00:00,area_trajectory,grain,,1788858720000.0,,3.6090585935823603
2026-09-09T00:15:40+00:00,area_trajectory,grain,,1788858840000.0,,3.56983593733236
2026-09-09T00:15:40+00:00,area_trajectory,grain,,1788858960000.0,,3.56983593733236
2026-09-09T00:15:40+00:00,area_trajectory,grain,,1788859080000.0,,3.60839941389486
2026-09-09T00:15:40+00:00,area_trajectory,grain,,1788859200000.0,,3.60839941389486
2026-09-09T00:15:40+00:00,area_trajectory,grain,,1788859320000.0,,3.59093041975424
2026-09-09T00:15:40+00:00,area_trajectory,grain,,1788859440000.0,,3.59093041975424
2026-09-09T00:15:40+00:00,area_trajectory,grain,,1788859560000.0,,3.59093041975424
2026-09-09T00:15:40+00:00,area_trajectory,grain,,1788859680000.0,,3.59093041975424
2026-09-09T00:15:40+00:00,area_trajectory,grain,,1788859800000.0,,3.5718138426058004
2026-09-09T00:15:40+00:00,area_trajectory,grain,,1788859920000.0,,3.5718138426058004
2026-09-09T00:15:40+00:00,area_trajectory,grain,,1788860040000.0,,3.65058801252767
2026-09-09T00:15:40+00:00,area_trajectory,grain,,1788860160000.0,,3.65058801252767
2026-09-09T00:15:40+00:00,area_trajectory,grain,,1788860280000.0,,3.5912600095979896
2026-09-09T00:15:40+00:00,area_trajectory,grain,,1788860400000.0,,3.5912600095979896
2026-09-09T00:15:40+00:00,area_trajectory,grain,,1788860520000.0,,3.55269689924642
2026-09-09T00:15:40+00:00,area_trajectory,grain,,1788860640000.0,,3.55269689924642
2026-09-09T00:15:40+00:00,area_trajectory,grain,,1788860760000.0,,3.55269689924642
2026-09-09T00:15:40+00:00,area_trajectory,grain,,1788860880000.0,,3.55269689924642
2026-09-09T00:15:40+00:00,area_trajectory,grain,,1788861000000.0,,3.55269689924642
2026-09-09T00:15:40+00:00,area_trajectory,grain,,1788861120000.0,,3.55269689924642
2026-09-09T00:15:40+00:00,area_trajectory,grain,,1788861240000.0,,3.63278979475424
2026-09-09T00:15:40+00:00,area_trajectory,grain,,1788861360000.0,,3.63278979475424
2026-09-09T00:15:40+00:00,area_trajectory,grain,,1788861480000.0,,3.6730008543245503
2026-09-09T00:15:40+00:00,area_trajectory,grain,,1788861600000.0,,3.6730008543245503
2026-09-09T00:15:40+00:00,area_trajectory,grain,,1788861720000.0,,3.59521545393392
2026-09-09T00:15:40+00:00,area_trajectory,grain,,1788861840000.0,,3.59521545393392
2026-09-09T00:15:40+00:00,area_trajectory,grain,,1788861960000.0,,3.67497839338705
2026-09-09T00:15:40+00:00,area_trajectory,grain,,1788862080000.0,,3.67497839338705
2026-09-09T00:15:40+00:00,area_trajectory,grain,,1788862200000.0,,3.59785217268392
2026-09-09T00:15:40+00:00,area_trajectory,grain,,1788862320000.0,,3.59785217268392
2026-09-09T00:15:40+00:00,area_trajectory,grain,,1788862440000.0,,2.9969913938753296
2026-09-09T00:15:40+00:00,area_trajectory,grain,,1788862560000.0,,2.9969913938753296
2026-09-09T00:15:40+00:00,area_trajectory,grain,,1788862680000.0,,2.9600762327425203
2026-09-09T00:15:40+00:00,area_trajectory,grain,,1788862800000.0,,2.9600762327425203
2026-09-09T00:15:40+00:00,area_trajectory,grain,,1788862920000.0,,2.94359637434408
2026-09-09T00:15:40+00:00,area_trajectory,grain,,1788863040000.0,,2.94359637434408
2026-09-09T00:15:40+00:00,area_trajectory,grain,,1788863160000.0,,3.00259460432455
2026-09-09T00:15:40+00:00,area_trajectory,grain,,1788863280000.0,,3.00259460432455
2026-09-09T00:15:40+00:00,area_trajectory,grain,,1788863400000.0,,2.96271313459799
2026-09-09T00:15:40+00:00,area_trajectory,grain,,1788863520000.0,,2.96271313459799
2026-09-09T00:15:40+00:00,area_trajectory,grain,,1788863640000.0,,2.96271313459799
2026-09-09T00:15:40+00:00,area_trajectory,grain,,1788863760000.0,,2.96271313459799
2026-09-09T00:15:40+00:00,area_trajectory,grain,,1788863880000.0,,3.02335949690267
2026-09-09T00:15:40+00:00,area_trajectory,grain,,1788864000000.0,,3.02335949690267
2026-09-09T00:15:40+00:00,area_trajectory,grain,,1788864120000.0,,2.96502026350424
2026-09-09T00:15:40+00:00,area_trajectory,grain,,1788864240000.0,,2.96502026350424
2026-09-09T00:15:40+00:00,area_trajectory,grain,,1788864360000.0,,2.94557391340658
2026-09-09T00:15:40+00:00,area_trajectory,grain,,1788864480000.0,,2.94557391340658
2026-09-09T00:15:40+00:00,area_trajectory,grain,,1788864600000.0,,2.94557391340658
2026-09-09T00:15:40+00:00,area_trajectory,grain,,1788864720000.0,,2.94557391340658
2026-09-09T00:15:40+00:00,area_trajectory,grain,,1788864840000.0,,2.9828186643831396
2026-09-09T00:15:40+00:00,area_trajectory,grain,,1788864960000.0,,2.9996282957308003
2026-09-09T00:15:40+00:00,area_trajectory,grain,,1788865080000.0,,2.9996282957308003
2026-09-09T00:15:40+00:00,area_trajectory,grain,,1788865200000.0,,2.9996282957308003
2026-09-09T00:15:40+00:00,area_trajectory,grain,,1788865320000.0,,2.93733398420736
2026-09-09T00:15:40+00:00,area_trajectory,grain,,1788865440000.0,,2.93733398420736
2026-09-09T00:15:40+00:00,area_trajectory,grain,,1788865560000.0,,2.97589709455892
2026-09-09T00:15:40+00:00,area_trajectory,grain,,1788865680000.0,,2.97589709455892
2026-09-09T00:15:40+00:00,area_trajectory,grain,,1788865800000.0,,2.9940250852815797
2026-09-09T00:15:40+00:00,area_trajectory,grain,,1788865920000.0,,2.9940250852815797
2026-09-09T00:15:40+00:00,area_trajectory,grain,,1788866040000.0,,2.95414343244955
2026-09-09T00:15:40+00:00,area_trajectory,grain,,1788866160000.0,,2.95414343244955
2026-09-09T00:15:40+00:00,area_trajectory,grain,,1788866280000.0,,2.91656909162924
2026-09-09T00:15:40+00:00,area_trajectory,grain,,1788866400000.0,,2.91656909162924
2026-09-09T00:15:40+00:00,area_trajectory,grain,,1788866520000.0,,2.97490832502767
2026-09-09T00:15:40+00:00,area_trajectory,grain,,1788866640000.0,,2.97490832502767
2026-09-09T00:15:40+00:00,area_trajectory,grain,,1788866760000.0,,2.95612115461752
2026-09-09T00:15:40+00:00,area_trajectory,grain,,1788866880000.0,,2.95612115461752
2026-09-09T00:15:40+00:00,area_trajectory,grain,,1788867000000.0,,2.95612115461752
2026-09-09T00:15:40+00:00,area_trajectory,grain,,1788867120000.0,,2.95612115461752
2026-09-09T00:15:40+00:00,area_trajectory,grain,,1788867240000.0,,2.93898193342611
2026-09-09T00:15:40+00:00,area_trajectory,grain,,1788867360000.0,,2.93898193342611
2026-09-09T00:15:40+00:00,area_trajectory,grain,,1788867480000.0,,2.92085394270346
2026-09-09T00:15:40+00:00,area_trajectory,grain,,1788867600000.0,,2.92085394270346
2026-09-09T00:15:40+00:00,area_trajectory,grain,,1788867720000.0,,2.96106518537924
2026-09-09T00:15:40+00:00,area_trajectory,grain,,1788867840000.0,,2.96106518537924
2026-09-09T00:15:40+00:00,area_trajectory,grain,,1788867960000.0,,2.92184271223471
2026-09-09T00:15:40+00:00,area_trajectory,grain,,1788868080000.0,,2.92184271223471
2026-09-09T00:15:40+00:00,area_trajectory,grain,,1788868200000.0,,2.96139477522299
2026-09-09T00:15:40+00:00,area_trajectory,grain,,1788868320000.0,,2.96139477522299
2026-09-09T00:15:40+00:00,area_trajectory,grain,,1788868440000.0,,2.96139477522299
2026-09-09T00:15:40+00:00,area_trajectory,grain,,1788868560000.0,,2.96139477522299
2026-09-09T00:15:40+00:00,area_trajectory,grain,,1788868680000.0,,2.94095947248861
2026-09-09T00:15:40+00:00,area_trajectory,grain,,1788868800000.0,,2.94095947248861
2026-09-09T00:15:40+00:00,area_trajectory,grain,,1788868920000.0,,2.90173718244955
2026-09-09T00:15:40+00:00,area_trajectory,grain,,1788869040000.0,,2.90173718244955
2026-09-09T00:15:40+00:00,area_trajectory,grain,,1788869160000.0,,2.92151312239096
2026-09-09T00:15:40+00:00,area_trajectory,grain,,1788869280000.0,,2.92151312239096
2026-09-09T00:15:40+00:00,area_trajectory,grain,,1788869400000.0,,2.95875787336752
2026-09-09T00:15:40+00:00,area_trajectory,grain,,1788869520000.0,,2.95875787336752
2026-09-09T00:15:40+00:00,area_trajectory,grain,,1788869640000.0,,2.9188762205354903
2026-09-09T00:15:40+00:00,area_trajectory,grain,,1788869760000.0,,2.9188762205354903
2026-09-09T00:15:40+00:00,area_trajectory,grain,,1788869880000.0,,2.95645074446127
2026-09-09T00:15:40+00:00,area_trajectory,grain,,1788870000000.0,,2.95645074446127
2026-09-09T00:15:40+00:00,area_trajectory,grain,,1788870120000.0,,2.93799316389486
2026-09-09T00:15:40+00:00,area_trajectory,grain,,1788870240000.0,,2.93799316389486
2026-09-09T00:15:40+00:00,area_trajectory,grain,,1788870360000.0,,2.93799316389486
2026-09-09T00:15:40+00:00,area_trajectory,grain,,1788870480000.0,,2.93799316389486
2026-09-09T00:15:40+00:00,area_trajectory,grain,,1788870600000.0,,2.93799316389486
2026-09-09T00:15:40+00:00,area_trajectory,grain,,1788870720000.0,,2.93799316389486
2026-09-09T00:15:40+00:00,area_trajectory,grain,,1788870840000.0,,2.9976507566682997
2026-09-09T00:15:40+00:00,area_trajectory,grain,,1788870960000.0,,2.9976507566682997
2026-09-09T00:15:40+00:00,area_trajectory,grain,,1788871080000.0,,2.9976507566682997
2026-09-09T00:15:40+00:00,area_trajectory,grain,,1788871200000.0,,2.9976507566682997
2026-09-09T00:15:40+00:00,area_trajectory,grain,,1788871320000.0,,2.93733398420736
2026-09-09T00:15:40+00:00,area_trajectory,grain,,1788871440000.0,,2.93733398420736
2026-09-09T00:15:40+00:00,area_trajectory,grain,,1788871560000.0,,2.93733398420736
2026-09-09T00:15:40+00:00,area_trajectory,grain,,1788871680000.0,,2.93733398420736
2026-09-09T00:15:40+00:00,area_trajectory,grain,,1788871800000.0,,2.95678033430502
2026-09-09T00:15:40+00:00,area_trajectory,grain,,1788871920000.0,,2.95678033430502
2026-09-09T00:15:40+00:00,area_trajectory,grain,,1788872040000.0,,2.93766357405111
2026-09-09T00:15:40+00:00,area_trajectory,grain,,1788872160000.0,,2.93766357405111
2026-09-09T00:15:40+00:00,area_trajectory,grain,,1788872280000.0,,3.0180858762972105
2026-09-09T00:15:40+00:00,area_trajectory,grain,,1788872400000.0,,3.0180858762972105
2026-09-09T00:15:40+00:00,area_trajectory,grain,,1788872520000.0,,3.46271630842611
2026-09-09T00:15:40+00:00,area_trajectory,grain,,1788872640000.0,,3.46271630842611
2026-09-09T00:15:40+00:00,area_trajectory,grain,,1788872760000.0,,3.49600561506674
2026-09-09T00:15:40+00:00,area_trajectory,grain,,1788872880000.0,,3.5114970701448605
2026-09-09T00:15:40+00:00,area_trajectory,grain,,1788873000000.0,,3.5114970701448605
2026-09-09T00:15:40+00:00,area_trajectory,grain,,1788873120000.0,,3.5114970701448605
2026-09-09T00:15:40+00:00,area_trajectory,grain,,1788873240000.0,,3.5266585691683003
2026-09-09T00:15:40+00:00,area_trajectory,grain,,1788873360000.0,,3.5266585691683003
2026-09-09T00:15:40+00:00,area_trajectory,grain,,1788873480000.0,,3.5470938719026703
2026-09-09T00:15:40+00:00,area_trajectory,grain,,1788873600000.0,,3.5470938719026703
2026-09-09T00:15:40+00:00,area_trajectory,grain,,1788873720000.0,,3.52698815901205
2026-09-09T00:15:40+00:00,area_trajectory,grain,,1788873840000.0,,3.52698815901205
2026-09-09T00:15:40+00:00,area_trajectory,grain,,1788873960000.0,,3.3872376707308
2026-09-09T00:15:40+00:00,area_trajectory,grain,,1788874080000.0,,3.3872376707308
2026-09-09T00:15:40+00:00,area_trajectory,grain,,1788874200000.0,,3.3786683347932995
2026-09-09T00:15:40+00:00,area_trajectory,grain,,1788874320000.0,,3.3786683347932995
2026-09-09T00:15:40+00:00,area_trajectory,grain,,1788874440000.0,,3.35790344221517
2026-09-09T00:15:40+00:00,area_trajectory,grain,,1788874560000.0,,3.35790344221517
2026-09-09T00:15:40+00:00,area_trajectory,grain,,1788874680000.0,,3.27682177717611
2026-09-09T00:15:40+00:00,area_trajectory,grain,,1788874800000.0,,3.27682177717611
2026-09-09T00:15:40+00:00,area_trajectory,grain,,1788874920000.0,,3.3328538816683
2026-09-09T00:15:40+00:00,area_trajectory,grain,,1788875040000.0,,3.3328538816683
2026-09-09T00:15:40+00:00,area_trajectory,grain,,1788875160000.0,,3.2946203611604896
2026-09-09T00:15:40+00:00,area_trajectory,grain,,1788875280000.0,,3.3717465818636096
2026-09-09T00:15:40+00:00,area_trajectory,grain,,1788875400000.0,,3.3717465818636096
2026-09-09T00:15:40+00:00,area_trajectory,grain,,1788875520000.0,,3.3717465818636096
2026-09-09T00:15:40+00:00,area_trajectory,grain,,1788875640000.0,,3.3717465818636096
2026-09-09T00:15:40+00:00,area_trajectory,grain,,1788875760000.0,,3.3717465818636096
2026-09-09T00:15:40+00:00,area_trajectory,grain,,1788875880000.0,,3.33647936994955
2026-09-09T00:15:40+00:00,area_trajectory,grain,,1788876000000.0,,3.33647936994955
2026-09-09T00:15:40+00:00,area_trajectory,grain,,1788876120000.0,,3.37669042951986
2026-09-09T00:15:40+00:00,area_trajectory,grain,,1788876240000.0,,3.37669042951986
2026-09-09T00:15:40+00:00,area_trajectory,grain,,1788876360000.0,,3.26034191877767
2026-09-09T00:15:40+00:00,area_trajectory,grain,,1788876480000.0,,3.26034191877767
2026-09-09T00:15:40+00:00,area_trajectory,grain,,1788876600000.0,,3.18024902326986
2026-09-09T00:15:40+00:00,area_trajectory,grain,,1788876720000.0,,3.18024902326986
2026-09-09T00:15:40+00:00,area_trajectory,grain,,1788876840000.0,,3.2567160642854898
2026-09-09T00:15:40+00:00,area_trajectory,grain,,1788876960000.0,,3.2567160642854898
2026-09-09T00:15:40+00:00,area_trajectory,grain,,1788877080000.0,,3.21749377424642
2026-09-09T00:15:40+00:00,area_trajectory,grain,,1788877200000.0,,3.21749377424642
2026-09-09T00:15:40+00:00,area_trajectory,grain,,1788877320000.0,,3.21749377424642
2026-09-09T00:15:40+00:00,area_trajectory,grain,,1788877440000.0,,3.21749377424642
2026-09-09T00:15:40+00:00,area_trajectory,grain,,1788877560000.0,,3.2405657957308
2026-09-09T00:15:40+00:00,area_trajectory,grain,,1788877680000.0,,3.2405657957308
2026-09-09T00:15:40+00:00,area_trajectory,grain,,1788877800000.0,,3.2207896726839196
2026-09-09T00:15:40+00:00,area_trajectory,grain,,1788877920000.0,,3.2207896726839196
2026-09-09T00:15:40+00:00,area_trajectory,grain,,1788878040000.0,,3.2020026853792403
2026-09-09T00:15:40+00:00,area_trajectory,grain,,1788878160000.0,,3.2020026853792403
2026-09-09T00:15:40+00:00,area_trajectory,grain,,1788878280000.0,,3.2020026853792403
2026-09-09T00:15:40+00:00,area_trajectory,grain,,1788878400000.0,,3.2020026853792403
2026-09-09T00:15:40+00:00,area_trajectory,grain,,1788878520000.0,,3.2020026853792403
2026-09-09T00:15:40+00:00,area_trajectory,grain,,1788878640000.0,,3.2020026853792403
2026-09-09T00:15:40+00:00,area_trajectory,grain,,1788878760000.0,,3.18420410139486
2026-09-09T00:15:40+00:00,area_trajectory,grain,,1788878880000.0,,3.18420410139486
2026-09-09T00:15:40+00:00,area_trajectory,grain,,1788879000000.0,,3.20266186506674
2026-09-09T00:15:40+00:00,area_trajectory,grain,,1788879120000.0,,3.20266186506674
2026-09-09T00:15:40+00:00,area_trajectory,grain,,1788879240000.0,,3.1640987547151704
2026-09-09T00:15:40+00:00,area_trajectory,grain,,1788879360000.0,,3.1640987547151704
2026-09-09T00:15:40+00:00,area_trajectory,grain,,1788879480000.0,,3.2408953855745497
2026-09-09T00:15:40+00:00,area_trajectory,grain,,1788879600000.0,,3.2408953855745497
2026-09-09T00:15:40+00:00,area_trajectory,grain,,1788879720000.0,,3.14135632307455
2026-09-09T00:15:40+00:00,area_trajectory,grain,,1788879840000.0,,3.14135632307455
2026-09-09T00:15:40+00:00,area_trajectory,grain,,1788879960000.0,,3.15816577131674
2026-09-09T00:15:40+00:00,area_trajectory,grain,,1788880080000.0,,3.15816577131674
2026-09-09T00:15:40+00:00,area_trajectory,grain,,1788880200000.0,,3.17662353498861
2026-09-09T00:15:40+00:00,area_trajectory,grain,,1788880320000.0,,3.17662353498861
2026-09-09T00:15:40+00:00,area_trajectory,grain,,1788880440000.0,,3.1571770017854903
2026-09-09T00:15:40+00:00,area_trajectory,grain,,1788880560000.0,,3.1571770017854903
2026-09-09T00:15:40+00:00,area_trajectory,grain,,1788880680000.0,,3.1571770017854903
2026-09-09T00:15:40+00:00,area_trajectory,grain,,1788880800000.0,,3.1571770017854903
2026-09-09T00:15:40+00:00,area_trajectory,grain,,1788880920000.0,,3.19903637678549
2026-09-09T00:15:40+00:00,area_trajectory,grain,,1788881040000.0,,3.19903637678549
2026-09-09T00:15:40+00:00,area_trajectory,grain,,1788881160000.0,,3.1614616697542397
2026-09-09T00:15:40+00:00,area_trajectory,grain,,1788881280000.0,,3.1614616697542397
2026-09-09T00:15:40+00:00,area_trajectory,grain,,1788881400000.0,,3.1614616697542397
2026-09-09T00:15:40+00:00,area_trajectory,grain,,1788881520000.0,,3.1614616697542397
2026-09-09T00:15:40+00:00,area_trajectory,grain,,1788881640000.0,,3.18585205061361
2026-09-09T00:15:40+00:00,area_trajectory,grain,,1788881760000.0,,3.18585205061361
2026-09-09T00:15:40+00:00,area_trajectory,grain,,1788881880000.0,,3.22705224592611
2026-09-09T00:15:40+00:00,area_trajectory,grain,,1788882000000.0,,3.22705224592611
2026-09-09T00:15:40+00:00,area_trajectory,grain,,1788882120000.0,,3.18782995588705
2026-09-09T00:15:40+00:00,area_trajectory,grain,,1788882240000.0,,3.18782995588705
2026-09-09T00:15:40+00:00,area_trajectory,grain,,1788882360000.0,,3.20892407209799
2026-09-09T00:15:40+00:00,area_trajectory,grain,,1788882480000.0,,3.20892407209799
2026-09-09T00:15:40+00:00,area_trajectory,grain,,1788882600000.0,,3.20892407209799
2026-09-09T00:15:40+00:00,area_trajectory,grain,,1788882720000.0,,3.20892407209799
2026-09-09T00:15:40+00:00,area_trajectory,grain,,1788882840000.0,,3.20892407209799
2026-09-09T00:15:40+00:00,area_trajectory,grain,,1788882960000.0,,3.20892407209799
2026-09-09T00:15:40+00:00,area_trajectory,grain,,1788883080000.0,,3.25111303694174
2026-09-09T00:15:40+00:00,area_trajectory,grain,,1788883200000.0,,3.25111303694174
2026-09-09T00:15:40+00:00,area_trajectory,grain,,1788883320000.0,,3.2306777342073603
2026-09-09T00:15:40+00:00,area_trajectory,grain,,1788883440000.0,,3.2306777342073603
2026-09-09T00:15:40+00:00,area_trajectory,grain,,1788883560000.0,,3.2471579588167403
2026-09-09T00:15:40+00:00,area_trajectory,grain,,1788883680000.0,,3.2471579588167403
2026-09-09T00:15:40+00:00,area_trajectory,grain,,1788883800000.0,,3.2471579588167403
2026-09-09T00:15:40+00:00,area_trajectory,grain,,1788883920000.0,,3.2471579588167403
2026-09-09T00:15:40+00:00,area_trajectory,grain,,1788884040000.0,,3.21782336409017
2026-09-09T00:15:40+00:00,area_trajectory,grain,,1788884160000.0,,3.21782336409017
2026-09-09T00:15:40+00:00,area_trajectory,grain,,1788884280000.0,,3.21057238752767
2026-09-09T00:15:40+00:00,area_trajectory,grain,,1788884400000.0,,3.21057238752767
2026-09-09T00:15:40+00:00,area_trajectory,grain,,1788884520000.0,,3.2432025144808
2026-09-09T00:15:40+00:00,area_trajectory,grain,,1788884640000.0,,3.2432025144808
2026-09-09T00:15:40+00:00,area_trajectory,grain,,1788884760000.0,,3.26034191877767
2026-09-09T00:15:40+00:00,area_trajectory,grain,,1788884880000.0,,3.26034191877767
2026-09-09T00:15:40+00:00,area_trajectory,grain,,1788885000000.0,,3.2184825437776703
2026-09-09T00:15:40+00:00,area_trajectory,grain,,1788885120000.0,,3.2184825437776703
2026-09-09T00:15:40+00:00,area_trajectory,grain,,1788885240000.0,,3.2184825437776703
2026-09-09T00:15:40+00:00,area_trajectory,grain,,1788885360000.0,,3.2184825437776703
2026-09-09T00:15:40+00:00,area_trajectory,grain,,1788885480000.0,,3.25440893537924
2026-09-09T00:15:40+00:00,area_trajectory,grain,,1788885600000.0,,3.25440893537924
2026-09-09T00:15:40+00:00,area_trajectory,grain,,1788885720000.0,,3.21222033674642
2026-09-09T00:15:40+00:00,area_trajectory,grain,,1788885840000.0,,3.21222033674642
2026-09-09T00:15:40+00:00,area_trajectory,grain,,1788885960000.0,,3.22507470686361
2026-09-09T00:15:40+00:00,area_trajectory,grain,,1788886080000.0,,3.22507470686361
2026-09-09T00:15:40+00:00,area_trajectory,grain,,1788886200000.0,,3.20134350569174
2026-09-09T00:15:40+00:00,area_trajectory,grain,,1788886320000.0,,3.20134350569174
2026-09-09T00:15:40+00:00,area_trajectory,grain,,1788886440000.0,,3.20134350569174
2026-09-09T00:15:40+00:00,area_trajectory,grain,,1788886560000.0,,3.1904666746370496
2026-09-09T00:15:40+00:00,area_trajectory,grain,,1788886680000.0,,3.1904666746370496
2026-09-09T00:15:40+00:00,area_trajectory,grain,,1788886800000.0,,3.1904666746370496
2026-09-09T00:15:40+00:00,area_trajectory,grain,,1788886920000.0,,3.22276757795736
2026-09-09T00:15:40+00:00,area_trajectory,grain,,1788887040000.0,,3.22276757795736
2026-09-09T00:15:40+00:00,area_trajectory,grain,,1788887160000.0,,3.20299145491049
2026-09-09T00:15:40+00:00,area_trajectory,grain,,1788887280000.0,,3.20299145491049
2026-09-09T00:15:40+00:00,area_trajectory,grain,,1788887400000.0,,2.5955388792268903
2026-09-09T00:15:40+00:00,area_trajectory,grain,,1788887520000.0,,2.5955388792268903
2026-09-09T00:15:40+00:00,area_trajectory,grain,,1788887640000.0,,2.6769499510042403
2026-09-09T00:15:40+00:00,area_trajectory,grain,,1788887760000.0,,2.6769499510042403
2026-09-09T00:15:40+00:00,area_trajectory,grain,,1788887880000.0,,2.59784600813314
2026-09-09T00:15:40+00:00,area_trajectory,grain,,1788888000000.0,,2.59784600813314
2026-09-09T00:15:40+00:00,area_trajectory,grain,,1788888120000.0,,2.6192700803987696
2026-09-09T00:15:40+00:00,area_trajectory,grain,,1788888240000.0,,2.6192700803987696
2026-09-09T00:15:40+00:00,area_trajectory,grain,,1788888360000.0,,2.65816278059408
2026-09-09T00:15:40+00:00,area_trajectory,grain,,1788888480000.0,,2.65816278059408
2026-09-09T00:15:40+00:00,area_trajectory,grain,,1788888600000.0,,2.63772766096517
2026-09-09T00:15:40+00:00,area_trajectory,grain,,1788888720000.0,,2.63772766096517
2026-09-09T00:15:40+00:00,area_trajectory,grain,,1788888840000.0,,2.63772766096517
2026-09-09T00:15:40+00:00,area_trajectory,grain,,1788888960000.0,,2.63772766096517
2026-09-09T00:15:40+00:00,area_trajectory,grain,,1788889080000.0,,2.63772766096517
2026-09-09T00:15:40+00:00,area_trajectory,grain,,1788889200000.0,,2.63772766096517
2026-09-09T00:15:40+00:00,area_trajectory,grain,,1788889320000.0,,2.6509116209261103
2026-09-09T00:15:40+00:00,area_trajectory,grain,,1788889440000.0,,2.6509116209261103
2026-09-09T00:15:40+00:00,area_trajectory,grain,,1788889560000.0,,2.62981713850424
2026-09-09T00:15:40+00:00,area_trajectory,grain,,1788889680000.0,,2.62981713850424
2026-09-09T00:15:40+00:00,area_trajectory,grain,,1788889800000.0,,2.64201232893392
2026-09-09T00:15:40+00:00,area_trajectory,grain,,1788889920000.0,,2.6202588499300203
2026-09-09T00:15:40+00:00,area_trajectory,grain,,1788890040000.0,,2.6202588499300203
2026-09-09T00:15:40+00:00,area_trajectory,grain,,1788890160000.0,,2.6202588499300203
2026-09-09T00:15:40+00:00,area_trajectory,grain,,1788890280000.0,,2.65453710920736
2026-09-09T00:15:40+00:00,area_trajectory,grain,,1788890400000.0,,2.65453710920736
2026-09-09T00:15:40+00:00,area_trajectory,grain,,1788890520000.0,,2.65453710920736
2026-09-09T00:15:40+00:00,area_trajectory,grain,,1788890640000.0,,2.65453710920736
2026-09-09T00:15:40+00:00,area_trajectory,grain,,1788890760000.0,,2.63509075910971
2026-09-09T00:15:40+00:00,area_trajectory,grain,,1788890880000.0,,2.63509075910971
2026-09-09T00:15:40+00:00,area_trajectory,grain,,1788891000000.0,,2.64761553938314
2026-09-09T00:15:40+00:00,area_trajectory,grain,,1788891120000.0,,2.64761553938314
2026-09-09T00:15:40+00:00,area_trajectory,grain,,1788891240000.0,,2.6561852415315803
2026-09-09T00:15:40+00:00,area_trajectory,grain,,1788891360000.0,,2.6561852415315803
2026-09-09T00:15:40+00:00,area_trajectory,grain,,1788891480000.0,,2.67793872053549
2026-09-09T00:15:40+00:00,area_trajectory,grain,,1788891600000.0,,2.67793872053549
2026-09-09T00:15:40+00:00,area_trajectory,grain,,1788891720000.0,,2.62091802961752
2026-09-09T00:15:40+00:00,area_trajectory,grain,,1788891840000.0,,2.62091802961752
2026-09-09T00:15:40+00:00,area_trajectory,grain,,1788891960000.0,,2.63706848127767
2026-09-09T00:15:40+00:00,area_trajectory,grain,,1788892080000.0,,2.63706848127767
2026-09-09T00:15:40+00:00,area_trajectory,grain,,1788892200000.0,,2.65321874983236
2026-09-09T00:15:40+00:00,area_trajectory,grain,,1788892320000.0,,2.65321874983236
2026-09-09T00:15:40+00:00,area_trajectory,grain,,1788892440000.0,,2.59586846907064
2026-09-09T00:15:40+00:00,area_trajectory,grain,,1788892560000.0,,2.59586846907064
2026-09-09T00:15:40+00:00,area_trajectory,grain,,1788892680000.0,,2.66739166243002
2026-09-09T00:15:40+00:00,area_trajectory,grain,,1788892800000.0,,2.66739166243002
2026-09-09T00:15:40+00:00,area_trajectory,grain,,1788892920000.0,,2.62783959944174
2026-09-09T00:15:40+00:00,area_trajectory,grain,,1788893040000.0,,2.62783959944174
2026-09-09T00:15:40+00:00,area_trajectory,grain,,1788893160000.0,,2.66145886213705
2026-09-09T00:15:40+00:00,area_trajectory,grain,,1788893280000.0,,2.66145886213705
2026-09-09T00:15:40+00:00,area_trajectory,grain,,1788893400000.0,,2.66145886213705
2026-09-09T00:15:40+00:00,area_trajectory,grain,,1788893520000.0,,2.66145886213705
2026-09-09T00:15:40+00:00,area_trajectory,grain,,1788893640000.0,,2.60048272688314
2026-09-09T00:15:40+00:00,area_trajectory,grain,,1788893760000.0,,2.60048272688314
2026-09-09T00:15:40+00:00,area_trajectory,grain,,1788893880000.0,,2.63574993879721
2026-09-09T00:15:40+00:00,area_trajectory,grain,,1788894000000.0,,2.63574993879721
2026-09-09T00:15:40+00:00,area_trajectory,grain,,1788894120000.0,,2.63574993879721
2026-09-09T00:15:40+00:00,area_trajectory,grain,,1788894240000.0,,2.63278363020346
2026-09-09T00:15:40+00:00,area_trajectory,grain,,1788894360000.0,,2.61004119856283
2026-09-09T00:15:40+00:00,area_trajectory,grain,,1788894480000.0,,2.61004119856283
2026-09-09T00:15:40+00:00,area_trajectory,grain,,1788894600000.0,,2.68189398176596
2026-09-09T00:15:40+00:00,area_trajectory,grain,,1788894720000.0,,2.6248731077425203
2026-09-09T00:15:40+00:00,area_trajectory,grain,,1788894840000.0,,2.6248731077425203
2026-09-09T00:15:40+00:00,area_trajectory,grain,,1788894960000.0,,2.6248731077425203
2026-09-09T00:15:40+00:00,area_trajectory,grain,,1788895080000.0,,2.67629077131674
2026-09-09T00:15:40+00:00,area_trajectory,grain,,1788895200000.0,,2.67629077131674
2026-09-09T00:15:40+00:00,area_trajectory,grain,,1788895320000.0,,2.65750360090658
2026-09-09T00:15:40+00:00,area_trajectory,grain,,1788895440000.0,,2.65750360090658
2026-09-09T00:15:40+00:00,area_trajectory,grain,,1788895560000.0,,2.65750360090658
2026-09-09T00:15:40+00:00,area_trajectory,grain,,1788895680000.0,,2.65750360090658
2026-09-09T00:15:40+00:00,area_trajectory,grain,,1788895800000.0,,2.63509075910971
2026-09-09T00:15:40+00:00,area_trajectory,grain,,1788895920000.0,,2.63509075910971
2026-09-09T00:15:40+00:00,area_trajectory,grain,,1788896040000.0,,2.6509116209261103
2026-09-09T00:15:40+00:00,area_trajectory,grain,,1788896160000.0,,2.6509116209261103
2026-09-09T00:15:40+00:00,area_trajectory,grain,,1788896280000.0,,2.6509116209261103
2026-09-09T00:15:40+00:00,area_trajectory,grain,,1788896400000.0,,2.6509116209261103
2026-09-09T00:15:40+00:00,area_trajectory,grain,,1788896520000.0,,2.87108441145346
2026-09-09T00:15:40+00:00,area_trajectory,grain,,1788896640000.0,,2.87108441145346
2026-09-09T00:15:40+00:00,area_trajectory,grain,,1788896760000.0,,2.87108441145346
2026-09-09T00:15:40+00:00,area_trajectory,grain,,1788896880000.0,,2.87108441145346
2026-09-09T00:15:40+00:00,area_trajectory,grain,,1788897000000.0,,2.95150671369955
2026-09-09T00:15:40+00:00,area_trajectory,grain,,1788897120000.0,,2.95150671369955
2026-09-09T00:15:40+00:00,area_trajectory,grain,,1788897240000.0,,2.89481542951986
2026-09-09T00:15:40+00:00,area_trajectory,grain,,1788897360000.0,,2.89481542951986
2026-09-09T00:15:40+00:00,area_trajectory,grain,,1788897480000.0,,2.96963470442221
2026-09-09T00:15:40+00:00,area_trajectory,grain,,1788897600000.0,,2.96963470442221
2026-09-09T00:15:40+00:00,area_trajectory,grain,,1788897720000.0,,2.9511771238558
2026-09-09T00:15:40+00:00,area_trajectory,grain,,1788897840000.0,,2.9511771238558
2026-09-09T00:15:40+00:00,area_trajectory,grain,,1788897960000.0,,2.96798675520346
2026-09-09T00:15:40+00:00,area_trajectory,grain,,1788898080000.0,,2.96798675520346
2026-09-09T00:15:40+00:00,area_trajectory,grain,,1788898200000.0,,2.9300826414339203
2026-09-09T00:15:40+00:00,area_trajectory,grain,,1788898320000.0,,2.9300826414339203
2026-09-09T00:15:40+00:00,area_trajectory,grain,,1788898440000.0,,3.0016058347933003
2026-09-09T00:15:40+00:00,area_trajectory,grain,,1788898560000.0,,3.0016058347933003
2026-09-09T00:15:40+00:00,area_trajectory,grain,,1788898680000.0,,3.0016058347933003
2026-09-09T00:15:40+00:00,area_trajectory,grain,,1788898800000.0,,3.0016058347933003
2026-09-09T00:15:40+00:00,area_trajectory,grain,,1788898920000.0,,3.1120217283479903
2026-09-09T00:15:40+00:00,area_trajectory,grain,,1788899040000.0,,3.1120217283479903
2026-09-09T00:15:40+00:00,area_trajectory,grain,,1788899160000.0,,3.05697857649252
2026-09-09T00:15:40+00:00,area_trajectory,grain,,1788899280000.0,,3.05697857649252
2026-09-09T00:15:40+00:00,area_trajectory,grain,,1788899400000.0,,3.03753222639486
2026-09-09T00:15:40+00:00,area_trajectory,grain,,1788899520000.0,,3.03753222639486
2026-09-09T00:15:40+00:00,area_trajectory,grain,,1788899640000.0,,3.0711514890901697
2026-09-09T00:15:40+00:00,area_trajectory,grain,,1788899760000.0,,3.0711514890901697
2026-09-09T00:15:40+00:00,area_trajectory,grain,,1788899880000.0,,3.0138010252229903
2026-09-09T00:15:40+00:00,area_trajectory,grain,,1788900000000.0,,3.0138010252229903
2026-09-09T00:15:40+00:00,area_trajectory,grain,,1788900120000.0,,3.03094024641439
2026-09-09T00:15:40+00:00,area_trajectory,grain,,1788900240000.0,,2.9933659055940804
2026-09-09T00:15:40+00:00,area_trajectory,grain,,1788900360000.0,,2.9933659055940804
2026-09-09T00:15:40+00:00,area_trajectory,grain,,1788900480000.0,,2.9933659055940804
2026-09-09T00:15:40+00:00,area_trajectory,grain,,1788900600000.0,,3.0658778684847103
2026-09-09T00:15:40+00:00,area_trajectory,grain,,1788900720000.0,,3.0658778684847103
2026-09-09T00:15:40+00:00,area_trajectory,grain,,1788900840000.0,,3.0098459470979897
2026-09-09T00:15:40+00:00,area_trajectory,grain,,1788900960000.0,,3.0098459470979897
2026-09-09T00:15:40+00:00,area_trajectory,grain,,1788901080000.0,,3.0098459470979897
2026-09-09T00:15:40+00:00,area_trajectory,grain,,1788901200000.0,,3.0098459470979897
2026-09-09T00:15:40+00:00,area_trajectory,grain,,1788901320000.0,,3.2109019773714205
2026-09-09T00:15:40+00:00,area_trajectory,grain,,1788901440000.0,,3.2109019773714205
2026-09-09T00:15:40+00:00,area_trajectory,grain,,1788901560000.0,,3.06324114973471
2026-09-09T00:15:40+00:00,area_trajectory,grain,,1788901680000.0,,3.06324114973471
2026-09-09T00:15:40+00:00,area_trajectory,grain,,1788901800000.0,,3.2313369138948596
2026-09-09T00:15:40+00:00,area_trajectory,grain,,1788901920000.0,,3.2313369138948596
2026-09-09T00:15:40+00:00,area_trajectory,grain,,1788902040000.0,,3.16014331037924
2026-09-09T00:15:40+00:00,area_trajectory,grain,,1788902160000.0,,3.16014331037924
2026-09-09T00:15:40+00:00,area_trajectory,grain,,1788902280000.0,,3.16014331037924
2026-09-09T00:15:40+00:00,area_trajectory,grain,,1788902400000.0,,3.16014331037924
2026-09-09T00:15:40+00:00,area_trajectory,grain,,1788902520000.0,,3.24979467756674
2026-09-09T00:15:40+00:00,area_trajectory,grain,,1788902640000.0,,3.24979467756674
2026-09-09T00:15:40+00:00,area_trajectory,grain,,1788902760000.0,,3.2699000242464202
2026-09-09T00:15:40+00:00,area_trajectory,grain,,1788902880000.0,,3.2699000242464202
2026-09-09T00:15:40+00:00,area_trajectory,grain,,1788903000000.0,,3.3279096678011104
2026-09-09T00:15:40+00:00,area_trajectory,grain,,1788903120000.0,,3.3279096678011104
2026-09-09T00:15:40+00:00,area_trajectory,grain,,1788903240000.0,,3.29000573713705
2026-09-09T00:15:40+00:00,area_trajectory,grain,,1788903360000.0,,3.29000573713705
2026-09-09T00:15:40+00:00,area_trajectory,grain,,1788903480000.0,,3.29000573713705
2026-09-09T00:15:40+00:00,area_trajectory,grain,,1788903600000.0,,3.29000573713705
2026-09-09T00:15:40+00:00,area_trajectory,grain,,1788903720000.0,,3.2550681150667398
2026-09-09T00:15:40+00:00,area_trajectory,grain,,1788903840000.0,,3.2550681150667398
2026-09-09T00:15:40+00:00,area_trajectory,grain,,1788903960000.0,,3.2550681150667398
2026-09-09T00:15:40+00:00,area_trajectory,grain,,1788904080000.0,,3.2550681150667398
2026-09-09T00:15:40+00:00,area_trajectory,grain,,1788904200000.0,,3.2735258787386097
2026-09-09T00:15:40+00:00,area_trajectory,grain,,1788904320000.0,,3.2735258787386097
2026-09-09T00:15:40+00:00,area_trajectory,grain,,1788904440000.0,,3.29264245588705
2026-09-09T00:15:40+00:00,area_trajectory,grain,,1788904560000.0,,3.29264245588705
2026-09-09T00:15:40+00:00,area_trajectory,grain,,1788904680000.0,,3.23562194807455
2026-09-09T00:15:40+00:00,area_trajectory,grain,,1788904800000.0,,3.23562194807455
2026-09-09T00:15:40+00:00,area_trajectory,grain,,1788904920000.0,,3.3285688474886097
2026-09-09T00:15:40+00:00,area_trajectory,grain,,1788905040000.0,,3.3285688474886097
2026-09-09T00:15:40+00:00,area_trajectory,grain,,1788905160000.0,,3.2184825437776703
2026-09-09T00:15:40+00:00,area_trajectory,grain,,1788905280000.0,,3.2184825437776703
2026-09-09T00:15:40+00:00,area_trajectory,grain,,1788905400000.0,,3.3285688474886097
2026-09-09T00:15:40+00:00,area_trajectory,grain,,1788905520000.0,,3.3285688474886097
2026-09-09T00:15:40+00:00,area_trajectory,grain,,1788905640000.0,,3.2946203611604896
2026-09-09T00:15:40+00:00,area_trajectory,grain,,1788905760000.0,,3.2946203611604896
2026-09-09T00:15:40+00:00,area_trajectory,grain,,1788905880000.0,,3.33054675276205
2026-09-09T00:15:40+00:00,area_trajectory,grain,,1788906000000.0,,3.33054675276205
2026-09-09T00:15:40+00:00,area_trajectory,grain,,1788906120000.0,,3.2929720457308
2026-09-09T00:15:40+00:00,area_trajectory,grain,,1788906240000.0,,3.2929720457308
2026-09-09T00:15:40+00:00,area_trajectory,grain,,1788906360000.0,,3.2781401365511096
2026-09-09T00:15:40+00:00,area_trajectory,grain,,1788906480000.0,,3.2781401365511096
2026-09-09T00:15:40+00:00,area_trajectory,grain,,1788906600000.0,,3.29593872053549
2026-09-09T00:15:40+00:00,area_trajectory,grain,,1788906720000.0,,3.29593872053549
2026-09-09T00:15:40+00:00,area_trajectory,grain,,1788906840000.0,,3.2408953855745497
2026-09-09T00:15:40+00:00,area_trajectory,grain,,1788906960000.0,,3.2408953855745497
2026-09-09T00:15:40+00:00,area_trajectory,grain,,1788907080000.0,,3.28143603498861
2026-09-09T00:15:40+00:00,area_trajectory,grain,,1788907200000.0,,3.28143603498861
2026-09-09T00:15:40+00:00,area_trajectory,grain,,1788907320000.0,,3.28143603498861
2026-09-09T00:15:40+00:00,area_trajectory,grain,,1788907440000.0,,3.28143603498861
2026-09-09T00:15:40+00:00,area_trajectory,grain,,1788907560000.0,,3.3022009275667403
2026-09-09T00:15:40+00:00,area_trajectory,grain,,1788907680000.0,,3.3022009275667403
2026-09-09T00:15:40+00:00,area_trajectory,grain,,1788907800000.0,,3.28539147932455
2026-09-09T00:15:40+00:00,area_trajectory,grain,,1788907920000.0,,3.28539147932455
2026-09-09T00:15:40+00:00,area_trajectory,grain,,1788908040000.0,,3.28539147932455
2026-09-09T00:15:40+00:00,area_trajectory,grain,,1788908160000.0,,3.2675928953401696
2026-09-09T00:15:40+00:00,area_trajectory,grain,,1788908280000.0,,3.2675928953401696
2026-09-09T00:15:40+00:00,area_trajectory,grain,,1788908400000.0,,3.2675928953401696
2026-09-09T00:15:40+00:00,area_trajectory,grain,,1788908520000.0,,3.2675928953401696
2026-09-09T00:15:40+00:00,area_trajectory,grain,,1788908640000.0,,3.27022998030111
2026-09-09T00:15:40+00:00,area_trajectory,grain,,1788908760000.0,,3.3097818601839197
2026-09-09T00:15:40+00:00,area_trajectory,grain,,1788908880000.0,,3.3097818601839197
2026-09-09T00:15:40+00:00,area_trajectory,grain,,1788909000000.0,,3.3097818601839197
2026-09-09T00:15:40+00:00,area_trajectory,grain,,1788909120000.0,,3.3097818601839197
2026-09-09T00:15:40+00:00,area_trajectory,grain,,1788909240000.0,,3.27616259748861
2026-09-09T00:15:40+00:00,area_trajectory,grain,,1788909360000.0,,3.27616259748861
2026-09-09T00:15:40+00:00,area_trajectory,grain,,1788909480000.0,,3.3348314207308003
2026-09-09T00:15:40+00:00,area_trajectory,grain,,1788909600000.0,,3.3348314207308003
2026-09-09T00:15:40+00:00,area_trajectory,grain,,1788909720000.0,,3.28011767561361
2026-09-09T00:15:40+00:00,area_trajectory,grain,,1788909840000.0,,3.28011767561361
2026-09-09T00:15:40+00:00,area_trajectory,grain,,1788909960000.0,,3.2082648924104897
2026-09-09T00:15:40+00:00,area_trajectory,grain,,1788910080000.0,,3.2082648924104897
2026-09-09T00:15:40+00:00,area_trajectory,grain,,1788910200000.0,,3.30483764631674
2026-09-09T00:15:40+00:00,area_trajectory,grain,,1788910320000.0,,3.30483764631674
2026-09-09T00:15:40+00:00,area_trajectory,grain,,1788910440000.0,,3.30483764631674
2026-09-09T00:15:40+00:00,area_trajectory,grain,,1788910560000.0,,3.30483764631674
2026-09-09T00:15:40+00:00,area_trajectory,grain,,1788910680000.0,,3.2883577879183
2026-09-09T00:15:40+00:00,area_trajectory,grain,,1788910800000.0,,3.2883577879183
2026-09-09T00:15:40+00:00,area_trajectory,grain,,1788910920000.0,,3.2550681150667398
2026-09-09T00:15:40+00:00,area_trajectory,grain,,1788911040000.0,,3.2550681150667398
2026-09-09T00:15:40+00:00,area_trajectory,grain,,1788911160000.0,,3.3321947019808
2026-09-09T00:15:40+00:00,area_trajectory,grain,,1788911280000.0,,3.3321947019808
2026-09-09T00:15:40+00:00,area_trajectory,grain,,1788911400000.0,,3.31406652815267
2026-09-09T00:15:40+00:00,area_trajectory,grain,,1788911520000.0,,3.31406652815267
2026-09-09T00:15:40+00:00,area_trajectory,grain,,1788911640000.0,,3.2975866697542404
2026-09-09T00:15:40+00:00,area_trajectory,grain,,1788911760000.0,,3.2975866697542404
2026-09-09T00:15:40+00:00,area_trajectory,grain,,1788911880000.0,,3.2975866697542404
2026-09-09T00:15:40+00:00,area_trajectory,grain,,1788912000000.0,,3.2975866697542404
2026-09-09T00:15:40+00:00,area_trajectory,grain,,1788912120000.0,,3.2975866697542404
2026-09-09T00:15:40+00:00,area_trajectory,grain,,1788912240000.0,,3.30318969709799
2026-09-09T00:15:40+00:00,area_trajectory,grain,,1788912360000.0,,3.26726330549642
2026-09-09T00:15:40+00:00,area_trajectory,grain,,1788912480000.0,,3.26726330549642
2026-09-09T00:15:40+00:00,area_trajectory,grain,,1788912600000.0,,3.3097818601839197
2026-09-09T00:15:40+00:00,area_trajectory,grain,,1788912720000.0,,3.3097818601839197
2026-09-09T00:15:40+00:00,area_trajectory,grain,,1788912840000.0,,3.2359515379183
2026-09-09T00:15:40+00:00,area_trajectory,grain,,1788912960000.0,,3.2359515379183
2026-09-09T00:15:40+00:00,area_trajectory,grain,,1788913080000.0,,3.31340734846517
2026-09-09T00:15:40+00:00,area_trajectory,grain,,1788913200000.0,,3.31340734846517
2026-09-09T00:15:40+00:00,area_trajectory,grain,,1788913320000.0,,3.27912890608236
2026-09-09T00:15:40+00:00,area_trajectory,grain,,1788913440000.0,,3.27912890608236
2026-09-09T00:15:40+00:00,area_trajectory,grain,,1788913560000.0,,3.33582019026205
2026-09-09T00:15:40+00:00,area_trajectory,grain,,1788913680000.0,,3.33582019026205
2026-09-09T00:15:40+00:00,area_trajectory,grain,,1788913800000.0,,3.32296582014486
2026-09-09T00:15:40+00:00,area_trajectory,grain,,1788913920000.0,,3.32296582014486
2026-09-09T00:15:40+00:00,area_trajectory,grain,,1788914040000.0,,3.32296582014486
2026-09-09T00:15:40+00:00,area_trajectory,grain,,1788914160000.0,,3.32296582014486
2026-09-09T00:15:40+00:00,area_trajectory,grain,,1788914280000.0,,3.34867456037924
2026-09-09T00:15:40+00:00,area_trajectory,grain,,1788914400000.0,,3.34867456037924
2026-09-09T00:15:40+00:00,area_trajectory,grain,,1788914520000.0,,3.29593872053549
2026-09-09T00:15:40+00:00,area_trajectory,grain,,1788914640000.0,,3.29593872053549
2026-09-09T00:15:40+00:00,area_trajectory,grain,,1788914760000.0,,3.31406652815267
2026-09-09T00:15:40+00:00,area_trajectory,grain,,1788914880000.0,,3.31406652815267
2026-09-09T00:15:40+00:00,area_trajectory,grain,,1788915000000.0,,3.31406652815267
2026-09-09T00:15:40+00:00,area_trajectory,grain,,1788915120000.0,,3.31406652815267
2026-09-09T00:15:40+00:00,area_trajectory,grain,,1788915240000.0,,3.3226362303011103
2026-09-09T00:15:40+00:00,area_trajectory,grain,,1788915360000.0,,3.3226362303011103
2026-09-09T00:15:40+00:00,area_trajectory,grain,,1788915480000.0,,3.3226362303011103
2026-09-09T00:15:40+00:00,area_trajectory,grain,,1788915600000.0,,3.3226362303011103
2026-09-09T00:15:40+00:00,area_trajectory,grain,,1788915720000.0,,3.36185852034017
2026-09-09T00:15:40+00:00,area_trajectory,grain,,1788915840000.0,,3.36185852034017
2026-09-09T00:15:40+00:00,area_trajectory,grain,,1788915960000.0,,3.2728666990511104
2026-09-09T00:15:40+00:00,area_trajectory,grain,,1788916080000.0,,3.2728666990511104
2026-09-09T00:15:40+00:00,area_trajectory,grain,,1788916200000.0,,3.34867456037924
2026-09-09T00:15:40+00:00,area_trajectory,milford_haven,,1788843600000.0,,5.14908313751221
2026-09-09T00:15:40+00:00,area_trajectory,milford_haven,,1788843720000.0,,5.14908313751221
2026-09-09T00:15:40+00:00,area_trajectory,milford_haven,,1788843840000.0,,5.21744441986084
2026-09-09T00:15:40+00:00,area_trajectory,milford_haven,,1788843960000.0,,5.21744441986084
2026-09-09T00:15:40+00:00,area_trajectory,milford_haven,,1788844080000.0,,5.11490201950073
2026-09-09T00:15:40+00:00,area_trajectory,milford_haven,,1788844200000.0,,5.11490201950073
2026-09-09T00:15:40+00:00,area_trajectory,milford_haven,,1788844320000.0,,5.11490201950073
2026-09-09T00:15:40+00:00,area_trajectory,milford_haven,,1788844440000.0,,5.11490201950073
2026-09-09T00:15:40+00:00,area_trajectory,milford_haven,,1788844560000.0,,5.11490201950073
2026-09-09T00:15:40+00:00,area_trajectory,milford_haven,,1788844680000.0,,5.11490201950073
2026-09-09T00:15:40+00:00,area_trajectory,milford_haven,,1788844800000.0,,5.11490201950073
2026-09-09T00:15:40+00:00,area_trajectory,milford_haven,,1788844920000.0,,5.11490201950073
2026-09-09T00:15:40+00:00,area_trajectory,milford_haven,,1788845040000.0,,5.0172429084777805
2026-09-09T00:15:40+00:00,area_trajectory,milford_haven,,1788845160000.0,,5.0172429084777805
2026-09-09T00:15:40+00:00,area_trajectory,milford_haven,,1788845280000.0,,5.0172429084777805
2026-09-09T00:15:40+00:00,area_trajectory,milford_haven,,1788845400000.0,,5.0172429084777805
2026-09-09T00:15:40+00:00,area_trajectory,milford_haven,,1788845520000.0,,5.0172429084777805
2026-09-09T00:15:40+00:00,area_trajectory,milford_haven,,1788845640000.0,,5.0172429084777805
2026-09-09T00:15:40+00:00,area_trajectory,milford_haven,,1788845760000.0,,5.0172429084777805
2026-09-09T00:15:40+00:00,area_trajectory,milford_haven,,1788845880000.0,,5.0172429084777805
2026-09-09T00:15:40+00:00,area_trajectory,milford_haven,,1788846000000.0,,5.0172429084777805
2026-09-09T00:15:40+00:00,area_trajectory,milford_haven,,1788846120000.0,,5.0172429084777805
2026-09-09T00:15:40+00:00,area_trajectory,milford_haven,,1788846240000.0,,5.0172429084777805
2026-09-09T00:15:40+00:00,area_trajectory,milford_haven,,1788846360000.0,,5.0172429084777805
2026-09-09T00:15:40+00:00,area_trajectory,milford_haven,,1788846480000.0,,5.0172429084777805
2026-09-09T00:15:40+00:00,area_trajectory,milford_haven,,1788846600000.0,,5.0172429084777805
2026-09-09T00:15:40+00:00,area_trajectory,milford_haven,,1788846720000.0,,5.0172429084777805
2026-09-09T00:15:40+00:00,area_trajectory,milford_haven,,1788846840000.0,,5.0172429084777805
2026-09-09T00:15:40+00:00,area_trajectory,milford_haven,,1788846960000.0,,5.0172429084777805
2026-09-09T00:15:40+00:00,area_trajectory,milford_haven,,1788847080000.0,,5.0172429084777805
2026-09-09T00:15:40+00:00,area_trajectory,milford_haven,,1788847200000.0,,5.0172429084777805
2026-09-09T00:15:40+00:00,area_trajectory,milford_haven,,1788847320000.0,,5.0172429084777805
2026-09-09T00:15:40+00:00,area_trajectory,milford_haven,,1788847440000.0,,5.01480150222778
2026-09-09T00:15:40+00:00,area_trajectory,milford_haven,,1788847560000.0,,5.01480150222778
2026-09-09T00:15:40+00:00,area_trajectory,milford_haven,,1788847680000.0,,5.01480150222778
2026-09-09T00:15:40+00:00,area_trajectory,milford_haven,,1788847800000.0,,5.01480150222778
2026-09-09T00:15:40+00:00,area_trajectory,milford_haven,,1788847920000.0,,5.01480150222778
2026-09-09T00:15:40+00:00,area_trajectory,milford_haven,,1788848040000.0,,5.01480150222778
2026-09-09T00:15:40+00:00,area_trajectory,milford_haven,,1788848160000.0,,5.01480150222778
2026-09-09T00:15:40+00:00,area_trajectory,milford_haven,,1788848280000.0,,5.01480150222778
2026-09-09T00:15:40+00:00,area_trajectory,milford_haven,,1788848400000.0,,5.01480150222778
2026-09-09T00:15:40+00:00,area_trajectory,milford_haven,,1788848520000.0,,5.01480150222778
2026-09-09T00:15:40+00:00,area_trajectory,milford_haven,,1788848640000.0,,5.01480150222778
2026-09-09T00:15:40+00:00,area_trajectory,milford_haven,,1788848760000.0,,5.01480150222778
2026-09-09T00:15:40+00:00,area_trajectory,milford_haven,,1788848880000.0,,5.01480150222778
2026-09-09T00:15:40+00:00,area_trajectory,milford_haven,,1788849000000.0,,5.01480150222778
2026-09-09T00:15:40+00:00,area_trajectory,milford_haven,,1788849120000.0,,5.01480150222778
2026-09-09T00:15:40+00:00,area_trajectory,milford_haven,,1788849240000.0,,5.01480150222778
2026-09-09T00:15:40+00:00,area_trajectory,milford_haven,,1788849360000.0,,5.01480150222778
2026-09-09T00:15:40+00:00,area_trajectory,milford_haven,,1788849480000.0,,5.01480150222778
2026-09-09T00:15:40+00:00,area_trajectory,milford_haven,,1788849600000.0,,5.01480150222778
2026-09-09T00:15:40+00:00,area_trajectory,milford_haven,,1788849720000.0,,5.01480150222778
2026-09-09T00:15:40+00:00,area_trajectory,milford_haven,,1788849840000.0,,5.01480150222778
2026-09-09T00:15:40+00:00,area_trajectory,milford_haven,,1788849960000.0,,5.01480150222778
2026-09-09T00:15:40+00:00,area_trajectory,milford_haven,,1788850080000.0,,5.01480150222778
2026-09-09T00:15:40+00:00,area_trajectory,milford_haven,,1788850200000.0,,5.01480150222778
2026-09-09T00:15:40+00:00,area_trajectory,milford_haven,,1788850320000.0,,5.01480150222778
2026-09-09T00:15:40+00:00,area_trajectory,milford_haven,,1788850440000.0,,5.01480150222778
2026-09-09T00:15:40+00:00,area_trajectory,milford_haven,,1788850560000.0,,5.01480150222778
2026-09-09T00:15:40+00:00,area_trajectory,milford_haven,,1788850680000.0,,5.01480150222778
2026-09-09T00:15:40+00:00,area_trajectory,milford_haven,,1788850800000.0,,5.01480150222778
2026-09-09T00:15:40+00:00,area_trajectory,milford_haven,,1788850920000.0,,5.01480150222778
2026-09-09T00:15:40+00:00,area_trajectory,milford_haven,,1788851040000.0,,5.00259399414062
2026-09-09T00:15:40+00:00,area_trajectory,milford_haven,,1788851160000.0,,5.00259399414062
2026-09-09T00:15:40+00:00,area_trajectory,milford_haven,,1788851280000.0,,5.00259399414062
2026-09-09T00:15:40+00:00,area_trajectory,milford_haven,,1788851400000.0,,5.00259399414062
2026-09-09T00:15:40+00:00,area_trajectory,milford_haven,,1788851520000.0,,5.00259399414062
2026-09-09T00:15:40+00:00,area_trajectory,milford_haven,,1788851640000.0,,5.00259399414062
2026-09-09T00:15:40+00:00,area_trajectory,milford_haven,,1788851760000.0,,5.00259399414062
2026-09-09T00:15:40+00:00,area_trajectory,milford_haven,,1788851880000.0,,5.00259399414062
2026-09-09T00:15:40+00:00,area_trajectory,milford_haven,,1788852000000.0,,5.00259399414062
2026-09-09T00:15:40+00:00,area_trajectory,milford_haven,,1788852120000.0,,5.00259399414062
2026-09-09T00:15:40+00:00,area_trajectory,milford_haven,,1788852240000.0,,5.00259399414062
2026-09-09T00:15:40+00:00,area_trajectory,milford_haven,,1788852360000.0,,5.00259399414062
2026-09-09T00:15:40+00:00,area_trajectory,milford_haven,,1788852480000.0,,5.00259399414062
2026-09-09T00:15:40+00:00,area_trajectory,milford_haven,,1788852600000.0,,5.00259399414062
2026-09-09T00:15:40+00:00,area_trajectory,milford_haven,,1788852720000.0,,5.00259399414062
2026-09-09T00:15:40+00:00,area_trajectory,milford_haven,,1788852840000.0,,5.00259399414062
2026-09-09T00:15:40+00:00,area_trajectory,milford_haven,,1788852960000.0,,5.00259399414062
2026-09-09T00:15:40+00:00,area_trajectory,milford_haven,,1788853080000.0,,5.00259399414062
2026-09-09T00:15:40+00:00,area_trajectory,milford_haven,,1788853200000.0,,5.00259399414062
2026-09-09T00:15:40+00:00,area_trajectory,milford_haven,,1788853320000.0,,5.00259399414062
2026-09-09T00:15:40+00:00,area_trajectory,milford_haven,,1788853440000.0,,5.00259399414062
2026-09-09T00:15:40+00:00,area_trajectory,milford_haven,,1788853560000.0,,5.00259399414062
2026-09-09T00:15:40+00:00,area_trajectory,milford_haven,,1788853680000.0,,5.00259399414062
2026-09-09T00:15:40+00:00,area_trajectory,milford_haven,,1788853800000.0,,5.00259399414062
2026-09-09T00:15:40+00:00,area_trajectory,milford_haven,,1788853920000.0,,5.00259399414062
2026-09-09T00:15:40+00:00,area_trajectory,milford_haven,,1788854040000.0,,5.00259399414062
2026-09-09T00:15:40+00:00,area_trajectory,milford_haven,,1788854160000.0,,5.00259399414062
2026-09-09T00:15:40+00:00,area_trajectory,milford_haven,,1788854280000.0,,5.00259399414062
2026-09-09T00:15:40+00:00,area_trajectory,milford_haven,,1788854400000.0,,5.00259399414062
2026-09-09T00:15:40+00:00,area_trajectory,milford_haven,,1788854520000.0,,5.00259399414062
2026-09-09T00:15:40+00:00,area_trajectory,milford_haven,,1788854640000.0,,4.9732961654663095
2026-09-09T00:15:40+00:00,area_trajectory,milford_haven,,1788854760000.0,,4.9732961654663095
2026-09-09T00:15:40+00:00,area_trajectory,milford_haven,,1788854880000.0,,4.9732961654663095
2026-09-09T00:15:40+00:00,area_trajectory,milford_haven,,1788855000000.0,,4.9732961654663095
2026-09-09T00:15:40+00:00,area_trajectory,milford_haven,,1788855120000.0,,4.9732961654663095
2026-09-09T00:15:40+00:00,area_trajectory,milford_haven,,1788855240000.0,,4.9732961654663095
2026-09-09T00:15:40+00:00,area_trajectory,milford_haven,,1788855360000.0,,4.9732961654663095
2026-09-09T00:15:40+00:00,area_trajectory,milford_haven,,1788855480000.0,,4.9732961654663095
2026-09-09T00:15:40+00:00,area_trajectory,milford_haven,,1788855600000.0,,4.9732961654663095
2026-09-09T00:15:40+00:00,area_trajectory,milford_haven,,1788855720000.0,,4.9732961654663095
2026-09-09T00:15:40+00:00,area_trajectory,milford_haven,,1788855840000.0,,4.9732961654663095
2026-09-09T00:15:40+00:00,area_trajectory,milford_haven,,1788855960000.0,,4.9732961654663095
2026-09-09T00:15:40+00:00,area_trajectory,milford_haven,,1788856080000.0,,4.9732961654663095
2026-09-09T00:15:40+00:00,area_trajectory,milford_haven,,1788856200000.0,,4.9732961654663095
2026-09-09T00:15:40+00:00,area_trajectory,milford_haven,,1788856320000.0,,4.9732961654663095
2026-09-09T00:15:40+00:00,area_trajectory,milford_haven,,1788856440000.0,,4.9732961654663095
2026-09-09T00:15:40+00:00,area_trajectory,milford_haven,,1788856560000.0,,4.9732961654663095
2026-09-09T00:15:40+00:00,area_trajectory,milford_haven,,1788856680000.0,,4.9732961654663095
2026-09-09T00:15:40+00:00,area_trajectory,milford_haven,,1788856800000.0,,4.9732961654663095
2026-09-09T00:15:40+00:00,area_trajectory,milford_haven,,1788856920000.0,,4.9732961654663095
2026-09-09T00:15:40+00:00,area_trajectory,milford_haven,,1788857040000.0,,4.9732961654663095
2026-09-09T00:15:40+00:00,area_trajectory,milford_haven,,1788857160000.0,,4.9732961654663095
2026-09-09T00:15:40+00:00,area_trajectory,milford_haven,,1788857280000.0,,4.9732961654663095
2026-09-09T00:15:40+00:00,area_trajectory,milford_haven,,1788857400000.0,,4.9732961654663095
2026-09-09T00:15:40+00:00,area_trajectory,milford_haven,,1788857520000.0,,4.9732961654663095
2026-09-09T00:15:40+00:00,area_trajectory,milford_haven,,1788857640000.0,,4.9732961654663095
2026-09-09T00:15:40+00:00,area_trajectory,milford_haven,,1788857760000.0,,4.9732961654663095
2026-09-09T00:15:40+00:00,area_trajectory,milford_haven,,1788857880000.0,,4.9732961654663095
2026-09-09T00:15:40+00:00,area_trajectory,milford_haven,,1788858000000.0,,4.9732961654663095
2026-09-09T00:15:40+00:00,area_trajectory,milford_haven,,1788858120000.0,,4.9732961654663095
2026-09-09T00:15:40+00:00,area_trajectory,milford_haven,,1788858240000.0,,4.9635305404663095
2026-09-09T00:15:40+00:00,area_trajectory,milford_haven,,1788858360000.0,,4.9635305404663095
2026-09-09T00:15:40+00:00,area_trajectory,milford_haven,,1788858480000.0,,4.9635305404663095
2026-09-09T00:15:40+00:00,area_trajectory,milford_haven,,1788858600000.0,,4.9635305404663095
2026-09-09T00:15:40+00:00,area_trajectory,milford_haven,,1788858720000.0,,4.9635305404663095
2026-09-09T00:15:40+00:00,area_trajectory,milford_haven,,1788858840000.0,,4.9635305404663095
2026-09-09T00:15:40+00:00,area_trajectory,milford_haven,,1788858960000.0,,4.9635305404663095
2026-09-09T00:15:40+00:00,area_trajectory,milford_haven,,1788859080000.0,,4.9635305404663095
2026-09-09T00:15:40+00:00,area_trajectory,milford_haven,,1788859200000.0,,4.9635305404663095
2026-09-09T00:15:40+00:00,area_trajectory,milford_haven,,1788859320000.0,,4.9635305404663095
2026-09-09T00:15:40+00:00,area_trajectory,milford_haven,,1788859440000.0,,4.9635305404663095
2026-09-09T00:15:40+00:00,area_trajectory,milford_haven,,1788859560000.0,,4.9635305404663095
2026-09-09T00:15:40+00:00,area_trajectory,milford_haven,,1788859680000.0,,4.9635305404663095
2026-09-09T00:15:40+00:00,area_trajectory,milford_haven,,1788859800000.0,,4.9635305404663095
2026-09-09T00:15:40+00:00,area_trajectory,milford_haven,,1788859920000.0,,4.9635305404663095
2026-09-09T00:15:40+00:00,area_trajectory,milford_haven,,1788860040000.0,,4.9635305404663095
2026-09-09T00:15:40+00:00,area_trajectory,milford_haven,,1788860160000.0,,4.9635305404663095
2026-09-09T00:15:40+00:00,area_trajectory,milford_haven,,1788860280000.0,,4.9635305404663095
2026-09-09T00:15:40+00:00,area_trajectory,milford_haven,,1788860400000.0,,4.9635305404663095
2026-09-09T00:15:40+00:00,area_trajectory,milford_haven,,1788860520000.0,,4.9635305404663095
2026-09-09T00:15:40+00:00,area_trajectory,milford_haven,,1788860640000.0,,4.9635305404663095
2026-09-09T00:15:40+00:00,area_trajectory,milford_haven,,1788860760000.0,,4.9635305404663095
2026-09-09T00:15:40+00:00,area_trajectory,milford_haven,,1788860880000.0,,4.9635305404663095
2026-09-09T00:15:40+00:00,area_trajectory,milford_haven,,1788861000000.0,,4.9635305404663095
2026-09-09T00:15:40+00:00,area_trajectory,milford_haven,,1788861120000.0,,4.9635305404663095
2026-09-09T00:15:40+00:00,area_trajectory,milford_haven,,1788861240000.0,,4.9635305404663095
2026-09-09T00:15:40+00:00,area_trajectory,milford_haven,,1788861360000.0,,4.9635305404663095
2026-09-09T00:15:40+00:00,area_trajectory,milford_haven,,1788861480000.0,,4.9635305404663095
2026-09-09T00:15:40+00:00,area_trajectory,milford_haven,,1788861600000.0,,4.9635305404663095
2026-09-09T00:15:40+00:00,area_trajectory,milford_haven,,1788861720000.0,,4.9635305404663095
2026-09-09T00:15:40+00:00,area_trajectory,milford_haven,,1788861840000.0,,4.98062086105347
2026-09-09T00:15:40+00:00,area_trajectory,milford_haven,,1788861960000.0,,4.98062086105347
2026-09-09T00:15:40+00:00,area_trajectory,milford_haven,,1788862080000.0,,4.98062086105347
2026-09-09T00:15:40+00:00,area_trajectory,milford_haven,,1788862200000.0,,4.98062086105347
2026-09-09T00:15:40+00:00,area_trajectory,milford_haven,,1788862320000.0,,4.98062086105347
2026-09-09T00:15:40+00:00,area_trajectory,milford_haven,,1788862440000.0,,4.98062086105347
2026-09-09T00:15:40+00:00,area_trajectory,milford_haven,,1788862560000.0,,4.98062086105347
2026-09-09T00:15:40+00:00,area_trajectory,milford_haven,,1788862680000.0,,4.98062086105347
2026-09-09T00:15:40+00:00,area_trajectory,milford_haven,,1788862800000.0,,4.98062086105347
2026-09-09T00:15:40+00:00,area_trajectory,milford_haven,,1788862920000.0,,4.98062086105347
2026-09-09T00:15:40+00:00,area_trajectory,milford_haven,,1788863040000.0,,4.98062086105347
2026-09-09T00:15:40+00:00,area_trajectory,milford_haven,,1788863160000.0,,4.98062086105347
2026-09-09T00:15:40+00:00,area_trajectory,milford_haven,,1788863280000.0,,4.98062086105347
2026-09-09T00:15:40+00:00,area_trajectory,milford_haven,,1788863400000.0,,4.98062086105347
2026-09-09T00:15:40+00:00,area_trajectory,milford_haven,,1788863520000.0,,4.98062086105347
2026-09-09T00:15:40+00:00,area_trajectory,milford_haven,,1788863640000.0,,4.98062086105347
2026-09-09T00:15:40+00:00,area_trajectory,milford_haven,,1788863760000.0,,4.98062086105347
2026-09-09T00:15:40+00:00,area_trajectory,milford_haven,,1788863880000.0,,4.98062086105347
2026-09-09T00:15:40+00:00,area_trajectory,milford_haven,,1788864000000.0,,4.98062086105347
2026-09-09T00:15:40+00:00,area_trajectory,milford_haven,,1788864120000.0,,4.98062086105347
2026-09-09T00:15:40+00:00,area_trajectory,milford_haven,,1788864240000.0,,4.98062086105347
2026-09-09T00:15:40+00:00,area_trajectory,milford_haven,,1788864360000.0,,4.98062086105347
2026-09-09T00:15:40+00:00,area_trajectory,milford_haven,,1788864480000.0,,4.98062086105347
2026-09-09T00:15:40+00:00,area_trajectory,milford_haven,,1788864600000.0,,4.98062086105347
2026-09-09T00:15:40+00:00,area_trajectory,milford_haven,,1788864720000.0,,4.98062086105347
2026-09-09T00:15:40+00:00,area_trajectory,milford_haven,,1788864840000.0,,4.98062086105347
2026-09-09T00:15:40+00:00,area_trajectory,milford_haven,,1788864960000.0,,4.98062086105347
2026-09-09T00:15:40+00:00,area_trajectory,milford_haven,,1788865080000.0,,4.98062086105347
2026-09-09T00:15:40+00:00,area_trajectory,milford_haven,,1788865200000.0,,4.98062086105347
2026-09-09T00:15:40+00:00,area_trajectory,milford_haven,,1788865320000.0,,4.98062086105347
2026-09-09T00:15:40+00:00,area_trajectory,milford_haven,,1788865440000.0,,4.98062086105347
2026-09-09T00:15:40+00:00,area_trajectory,milford_haven,,1788865560000.0,,4.98062086105347
2026-09-09T00:15:40+00:00,area_trajectory,milford_haven,,1788865680000.0,,4.98062086105347
2026-09-09T00:15:40+00:00,area_trajectory,milford_haven,,1788865800000.0,,4.98062086105347
2026-09-09T00:15:40+00:00,area_trajectory,milford_haven,,1788865920000.0,,4.98062086105347
2026-09-09T00:15:40+00:00,area_trajectory,milford_haven,,1788866040000.0,,4.98062086105347
2026-09-09T00:15:40+00:00,area_trajectory,milford_haven,,1788866160000.0,,4.98062086105347
2026-09-09T00:15:40+00:00,area_trajectory,milford_haven,,1788866280000.0,,4.98062086105347
2026-09-09T00:15:40+00:00,area_trajectory,milford_haven,,1788866400000.0,,4.98062086105347
2026-09-09T00:15:40+00:00,area_trajectory,milford_haven,,1788866520000.0,,4.98062086105347
2026-09-09T00:15:40+00:00,area_trajectory,milford_haven,,1788866640000.0,,4.98062086105347
2026-09-09T00:15:40+00:00,area_trajectory,milford_haven,,1788866760000.0,,4.98062086105347
2026-09-09T00:15:40+00:00,area_trajectory,milford_haven,,1788866880000.0,,4.98062086105347
2026-09-09T00:15:40+00:00,area_trajectory,milford_haven,,1788867000000.0,,4.82680749893188
2026-09-09T00:15:40+00:00,area_trajectory,milford_haven,,1788867120000.0,,4.82680749893188
2026-09-09T00:15:40+00:00,area_trajectory,milford_haven,,1788867240000.0,,4.82680749893188
2026-09-09T00:15:40+00:00,area_trajectory,milford_haven,,1788867360000.0,,4.82680749893188
2026-09-09T00:15:40+00:00,area_trajectory,milford_haven,,1788867480000.0,,4.82680749893188
2026-09-09T00:15:40+00:00,area_trajectory,milford_haven,,1788867600000.0,,4.82680749893188
2026-09-09T00:15:40+00:00,area_trajectory,milford_haven,,1788867720000.0,,4.82680749893188
2026-09-09T00:15:40+00:00,area_trajectory,milford_haven,,1788867840000.0,,4.82680749893188
2026-09-09T00:15:40+00:00,area_trajectory,milford_haven,,1788867960000.0,,4.82680749893188
2026-09-09T00:15:40+00:00,area_trajectory,milford_haven,,1788868080000.0,,4.9635305404663095
2026-09-09T00:15:40+00:00,area_trajectory,milford_haven,,1788868200000.0,,5.0587482452392605
2026-09-09T00:15:40+00:00,area_trajectory,milford_haven,,1788868320000.0,,5.0587482452392605
2026-09-09T00:15:40+00:00,area_trajectory,milford_haven,,1788868440000.0,,5.0587482452392605
2026-09-09T00:15:40+00:00,area_trajectory,milford_haven,,1788868560000.0,,5.0587482452392605
2026-09-09T00:15:40+00:00,area_trajectory,milford_haven,,1788868680000.0,,4.96108913421631
2026-09-09T00:15:40+00:00,area_trajectory,milford_haven,,1788868800000.0,,4.96108913421631
2026-09-09T00:15:40+00:00,area_trajectory,milford_haven,,1788868920000.0,,4.96108913421631
2026-09-09T00:15:40+00:00,area_trajectory,milford_haven,,1788869040000.0,,4.97817945480347
2026-09-09T00:15:40+00:00,area_trajectory,milford_haven,,1788869160000.0,,4.97817945480347
2026-09-09T00:15:40+00:00,area_trajectory,milford_haven,,1788869280000.0,,4.97817945480347
2026-09-09T00:15:40+00:00,area_trajectory,milford_haven,,1788869400000.0,,4.97817945480347
2026-09-09T00:15:40+00:00,area_trajectory,milford_haven,,1788869520000.0,,4.97817945480347
2026-09-09T00:15:40+00:00,area_trajectory,milford_haven,,1788869640000.0,,4.97817945480347
2026-09-09T00:15:40+00:00,area_trajectory,milford_haven,,1788869760000.0,,4.97817945480347
2026-09-09T00:15:40+00:00,area_trajectory,milford_haven,,1788869880000.0,,4.97817945480347
2026-09-09T00:15:40+00:00,area_trajectory,milford_haven,,1788870000000.0,,4.97817945480347
2026-09-09T00:15:40+00:00,area_trajectory,milford_haven,,1788870120000.0,,4.88540315628052
2026-09-09T00:15:40+00:00,area_trajectory,milford_haven,,1788870240000.0,,4.88540315628052
2026-09-09T00:15:40+00:00,area_trajectory,milford_haven,,1788870360000.0,,4.88540315628052
2026-09-09T00:15:40+00:00,area_trajectory,milford_haven,,1788870480000.0,,4.9684133529663095
2026-09-09T00:15:40+00:00,area_trajectory,milford_haven,,1788870600000.0,,4.9684133529663095
2026-09-09T00:15:40+00:00,area_trajectory,milford_haven,,1788870720000.0,,4.9684133529663095
2026-09-09T00:15:40+00:00,area_trajectory,milford_haven,,1788870840000.0,,4.9684133529663095
2026-09-09T00:15:40+00:00,area_trajectory,milford_haven,,1788870960000.0,,4.9684133529663095
2026-09-09T00:15:40+00:00,area_trajectory,milford_haven,,1788871080000.0,,4.9684133529663095
2026-09-09T00:15:40+00:00,area_trajectory,milford_haven,,1788871200000.0,,4.9684133529663095
2026-09-09T00:15:40+00:00,area_trajectory,milford_haven,,1788871320000.0,,4.9684133529663095
2026-09-09T00:15:40+00:00,area_trajectory,milford_haven,,1788871440000.0,,4.9684133529663095
2026-09-09T00:15:40+00:00,area_trajectory,milford_haven,,1788871560000.0,,4.9684133529663095
2026-09-09T00:15:40+00:00,area_trajectory,milford_haven,,1788871680000.0,,4.9684133529663095
2026-09-09T00:15:40+00:00,area_trajectory,milford_haven,,1788871800000.0,,4.9684133529663095
2026-09-09T00:15:40+00:00,area_trajectory,milford_haven,,1788871920000.0,,4.9684133529663095
2026-09-09T00:15:40+00:00,area_trajectory,milford_haven,,1788872040000.0,,4.9684133529663095
2026-09-09T00:15:40+00:00,area_trajectory,milford_haven,,1788872160000.0,,4.9684133529663095
2026-09-09T00:15:40+00:00,area_trajectory,milford_haven,,1788872280000.0,,4.9684133529663095
2026-09-09T00:15:40+00:00,area_trajectory,milford_haven,,1788872400000.0,,4.9684133529663095
2026-09-09T00:15:40+00:00,area_trajectory,milford_haven,,1788872520000.0,,4.9684133529663095
2026-09-09T00:15:40+00:00,area_trajectory,milford_haven,,1788872640000.0,,4.94888162612915
2026-09-09T00:15:40+00:00,area_trajectory,milford_haven,,1788872760000.0,,4.94888162612915
2026-09-09T00:15:40+00:00,area_trajectory,milford_haven,,1788872880000.0,,4.94888162612915
2026-09-09T00:15:40+00:00,area_trajectory,milford_haven,,1788873000000.0,,4.94888162612915
2026-09-09T00:15:40+00:00,area_trajectory,milford_haven,,1788873120000.0,,4.94888162612915
2026-09-09T00:15:40+00:00,area_trajectory,milford_haven,,1788873240000.0,,4.94888162612915
2026-09-09T00:15:40+00:00,area_trajectory,milford_haven,,1788873360000.0,,4.94888162612915
2026-09-09T00:15:40+00:00,area_trajectory,milford_haven,,1788873480000.0,,4.94888162612915
2026-09-09T00:15:40+00:00,area_trajectory,milford_haven,,1788873600000.0,,4.94888162612915
2026-09-09T00:15:40+00:00,area_trajectory,milford_haven,,1788873720000.0,,4.94888162612915
2026-09-09T00:15:40+00:00,area_trajectory,milford_haven,,1788873840000.0,,4.94888162612915
2026-09-09T00:15:40+00:00,area_trajectory,milford_haven,,1788873960000.0,,4.94888162612915
2026-09-09T00:15:40+00:00,area_trajectory,milford_haven,,1788874080000.0,,4.94888162612915
2026-09-09T00:15:40+00:00,area_trajectory,milford_haven,,1788874200000.0,,4.94888162612915
2026-09-09T00:15:40+00:00,area_trajectory,milford_haven,,1788874320000.0,,4.94888162612915
2026-09-09T00:15:40+00:00,area_trajectory,milford_haven,,1788874440000.0,,4.94888162612915
2026-09-09T00:15:40+00:00,area_trajectory,milford_haven,,1788874560000.0,,4.94888162612915
2026-09-09T00:15:40+00:00,area_trajectory,milford_haven,,1788874680000.0,,4.94888162612915
2026-09-09T00:15:40+00:00,area_trajectory,milford_haven,,1788874800000.0,,4.94888162612915
2026-09-09T00:15:40+00:00,area_trajectory,milford_haven,,1788874920000.0,,4.94888162612915
2026-09-09T00:15:40+00:00,area_trajectory,milford_haven,,1788875040000.0,,4.94888162612915
2026-09-09T00:15:40+00:00,area_trajectory,milford_haven,,1788875160000.0,,4.94888162612915
2026-09-09T00:15:40+00:00,area_trajectory,milford_haven,,1788875280000.0,,4.94888162612915
2026-09-09T00:15:40+00:00,area_trajectory,milford_haven,,1788875400000.0,,4.94888162612915
2026-09-09T00:15:40+00:00,area_trajectory,milford_haven,,1788875520000.0,,4.94888162612915
2026-09-09T00:15:40+00:00,area_trajectory,milford_haven,,1788875640000.0,,4.94888162612915
2026-09-09T00:15:40+00:00,area_trajectory,milford_haven,,1788875760000.0,,4.94888162612915
2026-09-09T00:15:40+00:00,area_trajectory,milford_haven,,1788875880000.0,,4.94888162612915
2026-09-09T00:15:40+00:00,area_trajectory,milford_haven,,1788876000000.0,,4.94888162612915
2026-09-09T00:15:40+00:00,area_trajectory,milford_haven,,1788876120000.0,,4.94888162612915
2026-09-09T00:15:40+00:00,area_trajectory,milford_haven,,1788876240000.0,,4.96108913421631
2026-09-09T00:15:40+00:00,area_trajectory,milford_haven,,1788876360000.0,,4.96108913421631
2026-09-09T00:15:40+00:00,area_trajectory,milford_haven,,1788876480000.0,,4.96108913421631
2026-09-09T00:15:40+00:00,area_trajectory,milford_haven,,1788876600000.0,,4.96108913421631
2026-09-09T00:15:40+00:00,area_trajectory,milford_haven,,1788876720000.0,,4.96108913421631
2026-09-09T00:15:40+00:00,area_trajectory,milford_haven,,1788876840000.0,,4.96108913421631
2026-09-09T00:15:40+00:00,area_trajectory,milford_haven,,1788876960000.0,,4.96108913421631
2026-09-09T00:15:40+00:00,area_trajectory,milford_haven,,1788877080000.0,,4.96108913421631
2026-09-09T00:15:40+00:00,area_trajectory,milford_haven,,1788877200000.0,,4.96108913421631
2026-09-09T00:15:40+00:00,area_trajectory,milford_haven,,1788877320000.0,,4.96108913421631
2026-09-09T00:15:40+00:00,area_trajectory,milford_haven,,1788877440000.0,,4.96108913421631
2026-09-09T00:15:40+00:00,area_trajectory,milford_haven,,1788877560000.0,,4.96108913421631
2026-09-09T00:15:40+00:00,area_trajectory,milford_haven,,1788877680000.0,,4.96108913421631
2026-09-09T00:15:40+00:00,area_trajectory,milford_haven,,1788877800000.0,,4.96108913421631
2026-09-09T00:15:40+00:00,area_trajectory,milford_haven,,1788877920000.0,,4.96108913421631
2026-09-09T00:15:40+00:00,area_trajectory,milford_haven,,1788878040000.0,,4.96108913421631
2026-09-09T00:15:40+00:00,area_trajectory,milford_haven,,1788878160000.0,,4.96108913421631
2026-09-09T00:15:40+00:00,area_trajectory,milford_haven,,1788878280000.0,,4.96108913421631
2026-09-09T00:15:40+00:00,area_trajectory,milford_haven,,1788878400000.0,,4.96108913421631
2026-09-09T00:15:40+00:00,area_trajectory,milford_haven,,1788878520000.0,,4.96108913421631
2026-09-09T00:15:40+00:00,area_trajectory,milford_haven,,1788878640000.0,,4.96108913421631
2026-09-09T00:15:40+00:00,area_trajectory,milford_haven,,1788878760000.0,,4.96108913421631
2026-09-09T00:15:40+00:00,area_trajectory,milford_haven,,1788878880000.0,,4.96108913421631
2026-09-09T00:15:40+00:00,area_trajectory,milford_haven,,1788879000000.0,,4.96108913421631
2026-09-09T00:15:40+00:00,area_trajectory,milford_haven,,1788879120000.0,,4.96108913421631
2026-09-09T00:15:40+00:00,area_trajectory,milford_haven,,1788879240000.0,,4.96108913421631
2026-09-09T00:15:40+00:00,area_trajectory,milford_haven,,1788879360000.0,,4.96108913421631
2026-09-09T00:15:40+00:00,area_trajectory,milford_haven,,1788879480000.0,,4.96108913421631
2026-09-09T00:15:40+00:00,area_trajectory,milford_haven,,1788879600000.0,,4.96108913421631
2026-09-09T00:15:40+00:00,area_trajectory,milford_haven,,1788879720000.0,,4.96108913421631
2026-09-09T00:15:40+00:00,area_trajectory,milford_haven,,1788879840000.0,,4.9244666099548295
2026-09-09T00:15:40+00:00,area_trajectory,milford_haven,,1788879960000.0,,4.9244666099548295
2026-09-09T00:15:40+00:00,area_trajectory,milford_haven,,1788880080000.0,,4.9244666099548295
2026-09-09T00:15:40+00:00,area_trajectory,milford_haven,,1788880200000.0,,4.9244666099548295
2026-09-09T00:15:40+00:00,area_trajectory,milford_haven,,1788880320000.0,,4.9244666099548295
2026-09-09T00:15:40+00:00,area_trajectory,milford_haven,,1788880440000.0,,4.9244666099548295
2026-09-09T00:15:40+00:00,area_trajectory,milford_haven,,1788880560000.0,,4.9244666099548295
2026-09-09T00:15:40+00:00,area_trajectory,milford_haven,,1788880680000.0,,4.9244666099548295
2026-09-09T00:15:40+00:00,area_trajectory,milford_haven,,1788880800000.0,,4.9244666099548295
2026-09-09T00:15:40+00:00,area_trajectory,milford_haven,,1788880920000.0,,4.9244666099548295
2026-09-09T00:15:40+00:00,area_trajectory,milford_haven,,1788881040000.0,,4.9244666099548295
2026-09-09T00:15:40+00:00,area_trajectory,milford_haven,,1788881160000.0,,4.9244666099548295
2026-09-09T00:15:40+00:00,area_trajectory,milford_haven,,1788881280000.0,,4.9244666099548295
2026-09-09T00:15:40+00:00,area_trajectory,milford_haven,,1788881400000.0,,4.9244666099548295
2026-09-09T00:15:40+00:00,area_trajectory,milford_haven,,1788881520000.0,,4.9244666099548295
2026-09-09T00:15:40+00:00,area_trajectory,milford_haven,,1788881640000.0,,4.9293494224548295
2026-09-09T00:15:40+00:00,area_trajectory,milford_haven,,1788881760000.0,,4.9293494224548295
2026-09-09T00:15:40+00:00,area_trajectory,milford_haven,,1788881880000.0,,4.9293494224548295
2026-09-09T00:15:40+00:00,area_trajectory,milford_haven,,1788882000000.0,,4.9293494224548295
2026-09-09T00:15:40+00:00,area_trajectory,milford_haven,,1788882120000.0,,4.9293494224548295
2026-09-09T00:15:40+00:00,area_trajectory,milford_haven,,1788882240000.0,,4.9293494224548295
2026-09-09T00:15:40+00:00,area_trajectory,milford_haven,,1788882360000.0,,4.9293494224548295
2026-09-09T00:15:40+00:00,area_trajectory,milford_haven,,1788882480000.0,,4.9293494224548295
2026-09-09T00:15:40+00:00,area_trajectory,milford_haven,,1788882600000.0,,4.9293494224548295
2026-09-09T00:15:40+00:00,area_trajectory,milford_haven,,1788882720000.0,,4.9293494224548295
2026-09-09T00:15:40+00:00,area_trajectory,milford_haven,,1788882840000.0,,4.9293494224548295
2026-09-09T00:15:40+00:00,area_trajectory,milford_haven,,1788882960000.0,,4.9293494224548295
2026-09-09T00:15:40+00:00,area_trajectory,milford_haven,,1788883080000.0,,4.9293494224548295
2026-09-09T00:15:40+00:00,area_trajectory,milford_haven,,1788883200000.0,,4.9293494224548295
2026-09-09T00:15:40+00:00,area_trajectory,milford_haven,,1788883320000.0,,4.9293494224548295
2026-09-09T00:15:40+00:00,area_trajectory,milford_haven,,1788883440000.0,,4.90493488311768
2026-09-09T00:15:40+00:00,area_trajectory,milford_haven,,1788883560000.0,,4.90493488311768
2026-09-09T00:15:40+00:00,area_trajectory,milford_haven,,1788883680000.0,,4.90493488311768
2026-09-09T00:15:40+00:00,area_trajectory,milford_haven,,1788883800000.0,,4.90493488311768
2026-09-09T00:15:40+00:00,area_trajectory,milford_haven,,1788883920000.0,,4.90493488311768
2026-09-09T00:15:40+00:00,area_trajectory,milford_haven,,1788884040000.0,,4.90493488311768
2026-09-09T00:15:40+00:00,area_trajectory,milford_haven,,1788884160000.0,,4.90493488311768
2026-09-09T00:15:40+00:00,area_trajectory,milford_haven,,1788884280000.0,,4.90493488311768
2026-09-09T00:15:40+00:00,area_trajectory,milford_haven,,1788884400000.0,,4.90493488311768
2026-09-09T00:15:40+00:00,area_trajectory,milford_haven,,1788884520000.0,,4.90493488311768
2026-09-09T00:15:40+00:00,area_trajectory,milford_haven,,1788884640000.0,,4.90493488311768
2026-09-09T00:15:40+00:00,area_trajectory,milford_haven,,1788884760000.0,,4.90493488311768
2026-09-09T00:15:40+00:00,area_trajectory,milford_haven,,1788884880000.0,,4.90493488311768
2026-09-09T00:15:40+00:00,area_trajectory,milford_haven,,1788885000000.0,,4.90493488311768
2026-09-09T00:15:40+00:00,area_trajectory,milford_haven,,1788885120000.0,,4.90493488311768
2026-09-09T00:15:40+00:00,area_trajectory,milford_haven,,1788885240000.0,,4.90493488311768
2026-09-09T00:15:40+00:00,area_trajectory,milford_haven,,1788885360000.0,,4.90493488311768
2026-09-09T00:15:40+00:00,area_trajectory,milford_haven,,1788885480000.0,,4.90493488311768
2026-09-09T00:15:40+00:00,area_trajectory,milford_haven,,1788885600000.0,,4.90493488311768
2026-09-09T00:15:40+00:00,area_trajectory,milford_haven,,1788885720000.0,,4.90493488311768
2026-09-09T00:15:40+00:00,area_trajectory,milford_haven,,1788885840000.0,,4.90493488311768
2026-09-09T00:15:40+00:00,area_trajectory,milford_haven,,1788885960000.0,,4.90493488311768
2026-09-09T00:15:40+00:00,area_trajectory,milford_haven,,1788886080000.0,,4.90493488311768
2026-09-09T00:15:40+00:00,area_trajectory,milford_haven,,1788886200000.0,,4.90493488311768
2026-09-09T00:15:40+00:00,area_trajectory,milford_haven,,1788886320000.0,,4.90493488311768
2026-09-09T00:15:40+00:00,area_trajectory,milford_haven,,1788886440000.0,,4.90493488311768
2026-09-09T00:15:40+00:00,area_trajectory,milford_haven,,1788886560000.0,,4.90493488311768
2026-09-09T00:15:40+00:00,area_trajectory,milford_haven,,1788886680000.0,,4.90493488311768
2026-09-09T00:15:40+00:00,area_trajectory,milford_haven,,1788886800000.0,,4.90493488311768
2026-09-09T00:15:40+00:00,area_trajectory,milford_haven,,1788886920000.0,,4.90493488311768
2026-09-09T00:15:40+00:00,area_trajectory,milford_haven,,1788887040000.0,,4.892727375030519
2026-09-09T00:15:40+00:00,area_trajectory,milford_haven,,1788887160000.0,,4.892727375030519
2026-09-09T00:15:40+00:00,area_trajectory,milford_haven,,1788887280000.0,,4.892727375030519
2026-09-09T00:15:40+00:00,area_trajectory,milford_haven,,1788887400000.0,,4.892727375030519
2026-09-09T00:15:40+00:00,area_trajectory,milford_haven,,1788887520000.0,,4.892727375030519
2026-09-09T00:15:40+00:00,area_trajectory,milford_haven,,1788887640000.0,,4.892727375030519
2026-09-09T00:15:40+00:00,area_trajectory,milford_haven,,1788887760000.0,,4.892727375030519
2026-09-09T00:15:40+00:00,area_trajectory,milford_haven,,1788887880000.0,,4.892727375030519
2026-09-09T00:15:40+00:00,area_trajectory,milford_haven,,1788888000000.0,,4.892727375030519
2026-09-09T00:15:40+00:00,area_trajectory,milford_haven,,1788888120000.0,,4.892727375030519
2026-09-09T00:15:40+00:00,area_trajectory,milford_haven,,1788888240000.0,,4.892727375030519
2026-09-09T00:15:40+00:00,area_trajectory,milford_haven,,1788888360000.0,,4.892727375030519
2026-09-09T00:15:40+00:00,area_trajectory,milford_haven,,1788888480000.0,,4.892727375030519
2026-09-09T00:15:40+00:00,area_trajectory,milford_haven,,1788888600000.0,,4.892727375030519
2026-09-09T00:15:40+00:00,area_trajectory,milford_haven,,1788888720000.0,,4.892727375030519
2026-09-09T00:15:40+00:00,area_trajectory,milford_haven,,1788888840000.0,,4.892727375030519
2026-09-09T00:15:40+00:00,area_trajectory,milford_haven,,1788888960000.0,,4.892727375030519
2026-09-09T00:15:40+00:00,area_trajectory,milford_haven,,1788889080000.0,,4.892727375030519
2026-09-09T00:15:40+00:00,area_trajectory,milford_haven,,1788889200000.0,,4.892727375030519
2026-09-09T00:15:40+00:00,area_trajectory,milford_haven,,1788889320000.0,,4.892727375030519
2026-09-09T00:15:40+00:00,area_trajectory,milford_haven,,1788889440000.0,,4.892727375030519
2026-09-09T00:15:40+00:00,area_trajectory,milford_haven,,1788889560000.0,,4.892727375030519
2026-09-09T00:15:40+00:00,area_trajectory,milford_haven,,1788889680000.0,,4.892727375030519
2026-09-09T00:15:40+00:00,area_trajectory,milford_haven,,1788889800000.0,,4.892727375030519
2026-09-09T00:15:40+00:00,area_trajectory,milford_haven,,1788889920000.0,,4.892727375030519
2026-09-09T00:15:40+00:00,area_trajectory,milford_haven,,1788890040000.0,,4.892727375030519
2026-09-09T00:15:40+00:00,area_trajectory,milford_haven,,1788890160000.0,,4.892727375030519
2026-09-09T00:15:40+00:00,area_trajectory,milford_haven,,1788890280000.0,,4.892727375030519
2026-09-09T00:15:40+00:00,area_trajectory,milford_haven,,1788890400000.0,,4.892727375030519
2026-09-09T00:15:40+00:00,area_trajectory,milford_haven,,1788890520000.0,,4.892727375030519
2026-09-09T00:15:40+00:00,area_trajectory,milford_haven,,1788890640000.0,,4.892727375030519
2026-09-09T00:15:40+00:00,area_trajectory,milford_haven,,1788890760000.0,,4.892727375030519
2026-09-09T00:15:40+00:00,area_trajectory,milford_haven,,1788890880000.0,,4.88051986694336
2026-09-09T00:15:40+00:00,area_trajectory,milford_haven,,1788891000000.0,,4.88051986694336
2026-09-09T00:15:40+00:00,area_trajectory,milford_haven,,1788891120000.0,,4.88051986694336
2026-09-09T00:15:40+00:00,area_trajectory,milford_haven,,1788891240000.0,,4.88051986694336
2026-09-09T00:15:40+00:00,area_trajectory,milford_haven,,1788891360000.0,,4.88051986694336
2026-09-09T00:15:40+00:00,area_trajectory,milford_haven,,1788891480000.0,,4.88051986694336
2026-09-09T00:15:40+00:00,area_trajectory,milford_haven,,1788891600000.0,,4.88051986694336
2026-09-09T00:15:40+00:00,area_trajectory,milford_haven,,1788891720000.0,,4.88051986694336
2026-09-09T00:15:40+00:00,area_trajectory,milford_haven,,1788891840000.0,,4.88051986694336
2026-09-09T00:15:40+00:00,area_trajectory,milford_haven,,1788891960000.0,,4.88051986694336
2026-09-09T00:15:40+00:00,area_trajectory,milford_haven,,1788892080000.0,,4.88051986694336
2026-09-09T00:15:40+00:00,area_trajectory,milford_haven,,1788892200000.0,,4.88051986694336
2026-09-09T00:15:40+00:00,area_trajectory,milford_haven,,1788892320000.0,,4.88051986694336
2026-09-09T00:15:40+00:00,area_trajectory,milford_haven,,1788892440000.0,,4.9684133529663095
2026-09-09T00:15:40+00:00,area_trajectory,milford_haven,,1788892560000.0,,4.9684133529663095
2026-09-09T00:15:40+00:00,area_trajectory,milford_haven,,1788892680000.0,,4.9684133529663095
2026-09-09T00:15:40+00:00,area_trajectory,milford_haven,,1788892800000.0,,4.9684133529663095
2026-09-09T00:15:40+00:00,area_trajectory,milford_haven,,1788892920000.0,,4.9684133529663095
2026-09-09T00:15:40+00:00,area_trajectory,milford_haven,,1788893040000.0,,4.9684133529663095
2026-09-09T00:15:40+00:00,area_trajectory,milford_haven,,1788893160000.0,,4.9684133529663095
2026-09-09T00:15:40+00:00,area_trajectory,milford_haven,,1788893280000.0,,4.88784456253052
2026-09-09T00:15:40+00:00,area_trajectory,milford_haven,,1788893400000.0,,4.88784456253052
2026-09-09T00:15:40+00:00,area_trajectory,milford_haven,,1788893520000.0,,4.88784456253052
2026-09-09T00:15:40+00:00,area_trajectory,milford_haven,,1788893640000.0,,4.88784456253052
2026-09-09T00:15:40+00:00,area_trajectory,milford_haven,,1788893760000.0,,4.88784456253052
2026-09-09T00:15:40+00:00,area_trajectory,milford_haven,,1788893880000.0,,4.88784456253052
2026-09-09T00:15:40+00:00,area_trajectory,milford_haven,,1788894000000.0,,4.88784456253052
2026-09-09T00:15:40+00:00,area_trajectory,milford_haven,,1788894120000.0,,4.88784456253052
2026-09-09T00:15:40+00:00,area_trajectory,milford_haven,,1788894240000.0,,4.895168781280519
2026-09-09T00:15:40+00:00,area_trajectory,milford_haven,,1788894360000.0,,4.895168781280519
2026-09-09T00:15:40+00:00,area_trajectory,milford_haven,,1788894480000.0,,4.895168781280519
2026-09-09T00:15:40+00:00,area_trajectory,milford_haven,,1788894600000.0,,4.895168781280519
2026-09-09T00:15:40+00:00,area_trajectory,milford_haven,,1788894720000.0,,4.895168781280519
2026-09-09T00:15:40+00:00,area_trajectory,milford_haven,,1788894840000.0,,4.895168781280519
2026-09-09T00:15:40+00:00,area_trajectory,milford_haven,,1788894960000.0,,4.895168781280519
2026-09-09T00:15:40+00:00,area_trajectory,milford_haven,,1788895080000.0,,4.895168781280519
2026-09-09T00:15:40+00:00,area_trajectory,milford_haven,,1788895200000.0,,4.895168781280519
2026-09-09T00:15:40+00:00,area_trajectory,milford_haven,,1788895320000.0,,4.895168781280519
2026-09-09T00:15:40+00:00,area_trajectory,milford_haven,,1788895440000.0,,4.895168781280519
2026-09-09T00:15:40+00:00,area_trajectory,milford_haven,,1788895560000.0,,4.895168781280519
2026-09-09T00:15:40+00:00,area_trajectory,milford_haven,,1788895680000.0,,4.895168781280519
2026-09-09T00:15:40+00:00,area_trajectory,milford_haven,,1788895800000.0,,4.895168781280519
2026-09-09T00:15:40+00:00,area_trajectory,milford_haven,,1788895920000.0,,4.895168781280519
2026-09-09T00:15:40+00:00,area_trajectory,milford_haven,,1788896040000.0,,4.895168781280519
2026-09-09T00:15:40+00:00,area_trajectory,milford_haven,,1788896160000.0,,4.895168781280519
2026-09-09T00:15:40+00:00,area_trajectory,milford_haven,,1788896280000.0,,4.895168781280519
2026-09-09T00:15:40+00:00,area_trajectory,milford_haven,,1788896400000.0,,4.895168781280519
2026-09-09T00:15:40+00:00,area_trajectory,milford_haven,,1788896520000.0,,4.895168781280519
2026-09-09T00:15:40+00:00,area_trajectory,milford_haven,,1788896640000.0,,4.895168781280519
2026-09-09T00:15:40+00:00,area_trajectory,milford_haven,,1788896760000.0,,4.895168781280519
2026-09-09T00:15:40+00:00,area_trajectory,milford_haven,,1788896880000.0,,4.895168781280519
2026-09-09T00:15:40+00:00,area_trajectory,milford_haven,,1788897000000.0,,4.895168781280519
2026-09-09T00:15:40+00:00,area_trajectory,milford_haven,,1788897120000.0,,4.895168781280519
2026-09-09T00:15:40+00:00,area_trajectory,milford_haven,,1788897240000.0,,4.895168781280519
2026-09-09T00:15:40+00:00,area_trajectory,milford_haven,,1788897360000.0,,4.895168781280519
2026-09-09T00:15:40+00:00,area_trajectory,milford_haven,,1788897480000.0,,4.895168781280519
2026-09-09T00:15:40+00:00,area_trajectory,milford_haven,,1788897600000.0,,4.895168781280519
2026-09-09T00:15:40+00:00,area_trajectory,milford_haven,,1788897720000.0,,4.895168781280519
2026-09-09T00:15:40+00:00,area_trajectory,milford_haven,,1788897840000.0,,4.9317913055419895
2026-09-09T00:15:40+00:00,area_trajectory,milford_haven,,1788897960000.0,,4.9317913055419895
2026-09-09T00:15:40+00:00,area_trajectory,milford_haven,,1788898080000.0,,4.9317913055419895
2026-09-09T00:15:40+00:00,area_trajectory,milford_haven,,1788898200000.0,,4.9317913055419895
2026-09-09T00:15:40+00:00,area_trajectory,milford_haven,,1788898320000.0,,4.9317913055419895
2026-09-09T00:15:40+00:00,area_trajectory,milford_haven,,1788898440000.0,,4.9317913055419895
2026-09-09T00:15:40+00:00,area_trajectory,milford_haven,,1788898560000.0,,4.9317913055419895
2026-09-09T00:15:40+00:00,area_trajectory,milford_haven,,1788898680000.0,,4.9317913055419895
2026-09-09T00:15:40+00:00,area_trajectory,milford_haven,,1788898800000.0,,4.9317913055419895
2026-09-09T00:15:40+00:00,area_trajectory,milford_haven,,1788898920000.0,,4.9317913055419895
2026-09-09T00:15:40+00:00,area_trajectory,milford_haven,,1788899040000.0,,4.9317913055419895
2026-09-09T00:15:40+00:00,area_trajectory,milford_haven,,1788899160000.0,,4.9317913055419895
2026-09-09T00:15:40+00:00,area_trajectory,milford_haven,,1788899280000.0,,4.9317913055419895
2026-09-09T00:15:40+00:00,area_trajectory,milford_haven,,1788899400000.0,,4.9317913055419895
2026-09-09T00:15:40+00:00,area_trajectory,milford_haven,,1788899520000.0,,4.9317913055419895
2026-09-09T00:15:40+00:00,area_trajectory,milford_haven,,1788899640000.0,,4.9317913055419895
2026-09-09T00:15:40+00:00,area_trajectory,milford_haven,,1788899760000.0,,4.9317913055419895
2026-09-09T00:15:40+00:00,area_trajectory,milford_haven,,1788899880000.0,,4.9317913055419895
2026-09-09T00:15:40+00:00,area_trajectory,milford_haven,,1788900000000.0,,4.9317913055419895
2026-09-09T00:15:40+00:00,area_trajectory,milford_haven,,1788900120000.0,,4.9317913055419895
2026-09-09T00:15:40+00:00,area_trajectory,milford_haven,,1788900240000.0,,4.9317913055419895
2026-09-09T00:15:40+00:00,area_trajectory,milford_haven,,1788900360000.0,,4.9317913055419895
2026-09-09T00:15:40+00:00,area_trajectory,milford_haven,,1788900480000.0,,4.9317913055419895
2026-09-09T00:15:40+00:00,area_trajectory,milford_haven,,1788900600000.0,,4.9317913055419895
2026-09-09T00:15:40+00:00,area_trajectory,milford_haven,,1788900720000.0,,4.9317913055419895
2026-09-09T00:15:40+00:00,area_trajectory,milford_haven,,1788900840000.0,,4.9317913055419895
2026-09-09T00:15:40+00:00,area_trajectory,milford_haven,,1788900960000.0,,4.9317913055419895
2026-09-09T00:15:40+00:00,area_trajectory,milford_haven,,1788901080000.0,,4.9317913055419895
2026-09-09T00:15:40+00:00,area_trajectory,milford_haven,,1788901200000.0,,4.9317913055419895
2026-09-09T00:15:40+00:00,area_trajectory,milford_haven,,1788901320000.0,,4.9317913055419895
2026-09-09T00:15:40+00:00,area_trajectory,milford_haven,,1788901440000.0,,4.9244666099548295
2026-09-09T00:15:40+00:00,area_trajectory,milford_haven,,1788901560000.0,,4.9244666099548295
2026-09-09T00:15:40+00:00,area_trajectory,milford_haven,,1788901680000.0,,4.9244666099548295
2026-09-09T00:15:40+00:00,area_trajectory,milford_haven,,1788901800000.0,,4.9244666099548295
2026-09-09T00:15:40+00:00,area_trajectory,milford_haven,,1788901920000.0,,4.9244666099548295
2026-09-09T00:15:40+00:00,area_trajectory,milford_haven,,1788902040000.0,,4.9244666099548295
2026-09-09T00:15:40+00:00,area_trajectory,milford_haven,,1788902160000.0,,4.9244666099548295
2026-09-09T00:15:40+00:00,area_trajectory,milford_haven,,1788902280000.0,,4.9244666099548295
2026-09-09T00:15:40+00:00,area_trajectory,milford_haven,,1788902400000.0,,4.9244666099548295
2026-09-09T00:15:40+00:00,area_trajectory,milford_haven,,1788902520000.0,,4.9244666099548295
2026-09-09T00:15:40+00:00,area_trajectory,milford_haven,,1788902640000.0,,4.9244666099548295
2026-09-09T00:15:40+00:00,area_trajectory,milford_haven,,1788902760000.0,,4.9244666099548295
2026-09-09T00:15:40+00:00,area_trajectory,milford_haven,,1788902880000.0,,4.9244666099548295
2026-09-09T00:15:40+00:00,area_trajectory,milford_haven,,1788903000000.0,,4.9244666099548295
2026-09-09T00:15:40+00:00,area_trajectory,milford_haven,,1788903120000.0,,4.9244666099548295
2026-09-09T00:15:40+00:00,area_trajectory,milford_haven,,1788903240000.0,,4.9244666099548295
2026-09-09T00:15:40+00:00,area_trajectory,milford_haven,,1788903360000.0,,4.9244666099548295
2026-09-09T00:15:40+00:00,area_trajectory,milford_haven,,1788903480000.0,,4.9244666099548295
2026-09-09T00:15:40+00:00,area_trajectory,milford_haven,,1788903600000.0,,4.9244666099548295
2026-09-09T00:15:40+00:00,area_trajectory,milford_haven,,1788903720000.0,,4.9244666099548295
2026-09-09T00:15:40+00:00,area_trajectory,milford_haven,,1788903840000.0,,4.9244666099548295
2026-09-09T00:15:40+00:00,area_trajectory,milford_haven,,1788903960000.0,,4.9244666099548295
2026-09-09T00:15:40+00:00,area_trajectory,milford_haven,,1788904080000.0,,4.9244666099548295
2026-09-09T00:15:40+00:00,area_trajectory,milford_haven,,1788904200000.0,,4.9244666099548295
2026-09-09T00:15:40+00:00,area_trajectory,milford_haven,,1788904320000.0,,4.9244666099548295
2026-09-09T00:15:40+00:00,area_trajectory,milford_haven,,1788904440000.0,,4.9244666099548295
2026-09-09T00:15:40+00:00,area_trajectory,milford_haven,,1788904560000.0,,4.9244666099548295
2026-09-09T00:15:40+00:00,area_trajectory,milford_haven,,1788904680000.0,,4.9244666099548295
2026-09-09T00:15:40+00:00,area_trajectory,milford_haven,,1788904800000.0,,4.9244666099548295
2026-09-09T00:15:40+00:00,area_trajectory,milford_haven,,1788904920000.0,,4.9244666099548295
2026-09-09T00:15:40+00:00,area_trajectory,milford_haven,,1788905040000.0,,4.95132303237915
2026-09-09T00:15:40+00:00,area_trajectory,milford_haven,,1788905160000.0,,4.95132303237915
2026-09-09T00:15:40+00:00,area_trajectory,milford_haven,,1788905280000.0,,4.95132303237915
2026-09-09T00:15:40+00:00,area_trajectory,milford_haven,,1788905400000.0,,4.95132303237915
2026-09-09T00:15:40+00:00,area_trajectory,milford_haven,,1788905520000.0,,4.95132303237915
2026-09-09T00:15:40+00:00,area_trajectory,milford_haven,,1788905640000.0,,4.95132303237915
2026-09-09T00:15:40+00:00,area_trajectory,milford_haven,,1788905760000.0,,4.95132303237915
2026-09-09T00:15:40+00:00,area_trajectory,milford_haven,,1788905880000.0,,4.95132303237915
2026-09-09T00:15:40+00:00,area_trajectory,milford_haven,,1788906000000.0,,4.95132303237915
2026-09-09T00:15:40+00:00,area_trajectory,milford_haven,,1788906120000.0,,4.95132303237915
2026-09-09T00:15:40+00:00,area_trajectory,milford_haven,,1788906240000.0,,4.95132303237915
2026-09-09T00:15:40+00:00,area_trajectory,milford_haven,,1788906360000.0,,4.95132303237915
2026-09-09T00:15:40+00:00,area_trajectory,milford_haven,,1788906480000.0,,4.95132303237915
2026-09-09T00:15:40+00:00,area_trajectory,milford_haven,,1788906600000.0,,4.95132303237915
2026-09-09T00:15:40+00:00,area_trajectory,milford_haven,,1788906720000.0,,4.95132303237915
2026-09-09T00:15:40+00:00,area_trajectory,milford_haven,,1788906840000.0,,4.95132303237915
2026-09-09T00:15:40+00:00,area_trajectory,milford_haven,,1788906960000.0,,4.95132303237915
2026-09-09T00:15:40+00:00,area_trajectory,milford_haven,,1788907080000.0,,4.95132303237915
2026-09-09T00:15:40+00:00,area_trajectory,milford_haven,,1788907200000.0,,4.95132303237915
2026-09-09T00:15:40+00:00,area_trajectory,milford_haven,,1788907320000.0,,4.95132303237915
2026-09-09T00:15:40+00:00,area_trajectory,milford_haven,,1788907440000.0,,4.95132303237915
2026-09-09T00:15:40+00:00,area_trajectory,milford_haven,,1788907560000.0,,4.95132303237915
2026-09-09T00:15:40+00:00,area_trajectory,milford_haven,,1788907680000.0,,4.95132303237915
2026-09-09T00:15:40+00:00,area_trajectory,milford_haven,,1788907800000.0,,4.95132303237915
2026-09-09T00:15:40+00:00,area_trajectory,milford_haven,,1788907920000.0,,4.95132303237915
2026-09-09T00:15:40+00:00,area_trajectory,milford_haven,,1788908040000.0,,4.95132303237915
2026-09-09T00:15:40+00:00,area_trajectory,milford_haven,,1788908160000.0,,4.95132303237915
2026-09-09T00:15:40+00:00,area_trajectory,milford_haven,,1788908280000.0,,4.95132303237915
2026-09-09T00:15:40+00:00,area_trajectory,milford_haven,,1788908400000.0,,4.95132303237915
2026-09-09T00:15:40+00:00,area_trajectory,milford_haven,,1788908520000.0,,4.95132303237915
2026-09-09T00:15:40+00:00,area_trajectory,milford_haven,,1788908640000.0,,4.9586472511291495
2026-09-09T00:15:40+00:00,area_trajectory,milford_haven,,1788908760000.0,,4.9586472511291495
2026-09-09T00:15:40+00:00,area_trajectory,milford_haven,,1788908880000.0,,4.9586472511291495
2026-09-09T00:15:40+00:00,area_trajectory,milford_haven,,1788909000000.0,,4.9586472511291495
2026-09-09T00:15:40+00:00,area_trajectory,milford_haven,,1788909120000.0,,4.9586472511291495
2026-09-09T00:15:40+00:00,area_trajectory,milford_haven,,1788909240000.0,,4.9586472511291495
2026-09-09T00:15:40+00:00,area_trajectory,milford_haven,,1788909360000.0,,4.9586472511291495
2026-09-09T00:15:40+00:00,area_trajectory,milford_haven,,1788909480000.0,,4.9586472511291495
2026-09-09T00:15:40+00:00,area_trajectory,milford_haven,,1788909600000.0,,4.9586472511291495
2026-09-09T00:15:40+00:00,area_trajectory,milford_haven,,1788909720000.0,,4.9586472511291495
2026-09-09T00:15:40+00:00,area_trajectory,milford_haven,,1788909840000.0,,4.9586472511291495
2026-09-09T00:15:40+00:00,area_trajectory,milford_haven,,1788909960000.0,,4.9586472511291495
2026-09-09T00:15:40+00:00,area_trajectory,milford_haven,,1788910080000.0,,4.9586472511291495
2026-09-09T00:15:40+00:00,area_trajectory,milford_haven,,1788910200000.0,,4.9586472511291495
2026-09-09T00:15:40+00:00,area_trajectory,milford_haven,,1788910320000.0,,4.9586472511291495
2026-09-09T00:15:40+00:00,area_trajectory,milford_haven,,1788910440000.0,,4.9586472511291495
2026-09-09T00:15:40+00:00,area_trajectory,milford_haven,,1788910560000.0,,4.9586472511291495
2026-09-09T00:15:40+00:00,area_trajectory,milford_haven,,1788910680000.0,,4.9586472511291495
2026-09-09T00:15:40+00:00,area_trajectory,milford_haven,,1788910800000.0,,4.9586472511291495
2026-09-09T00:15:40+00:00,area_trajectory,milford_haven,,1788910920000.0,,4.9586472511291495
2026-09-09T00:15:40+00:00,area_trajectory,milford_haven,,1788911040000.0,,4.9586472511291495
2026-09-09T00:15:40+00:00,area_trajectory,milford_haven,,1788911160000.0,,4.9586472511291495
2026-09-09T00:15:40+00:00,area_trajectory,milford_haven,,1788911280000.0,,4.9586472511291495
2026-09-09T00:15:40+00:00,area_trajectory,milford_haven,,1788911400000.0,,4.9586472511291495
2026-09-09T00:15:40+00:00,area_trajectory,milford_haven,,1788911520000.0,,4.9586472511291495
2026-09-09T00:15:40+00:00,area_trajectory,milford_haven,,1788911640000.0,,4.9586472511291495
2026-09-09T00:15:40+00:00,area_trajectory,milford_haven,,1788911760000.0,,4.9586472511291495
2026-09-09T00:15:40+00:00,area_trajectory,milford_haven,,1788911880000.0,,4.9586472511291495
2026-09-09T00:15:40+00:00,area_trajectory,milford_haven,,1788912000000.0,,4.9586472511291495
2026-09-09T00:15:40+00:00,area_trajectory,milford_haven,,1788912120000.0,,4.9586472511291495
2026-09-09T00:15:40+00:00,area_trajectory,milford_haven,,1788912240000.0,,4.95620584487915
2026-09-09T00:15:40+00:00,area_trajectory,milford_haven,,1788912360000.0,,4.95620584487915
2026-09-09T00:15:40+00:00,area_trajectory,milford_haven,,1788912480000.0,,4.95620584487915
2026-09-09T00:15:40+00:00,area_trajectory,milford_haven,,1788912600000.0,,4.95620584487915
2026-09-09T00:15:40+00:00,area_trajectory,milford_haven,,1788912720000.0,,4.95620584487915
2026-09-09T00:15:40+00:00,area_trajectory,milford_haven,,1788912840000.0,,4.95620584487915
2026-09-09T00:15:40+00:00,area_trajectory,milford_haven,,1788912960000.0,,4.95620584487915
2026-09-09T00:15:40+00:00,area_trajectory,milford_haven,,1788913080000.0,,4.95620584487915
2026-09-09T00:15:40+00:00,area_trajectory,milford_haven,,1788913200000.0,,4.95620584487915
2026-09-09T00:15:40+00:00,area_trajectory,milford_haven,,1788913320000.0,,4.95620584487915
2026-09-09T00:15:40+00:00,area_trajectory,milford_haven,,1788913440000.0,,4.95620584487915
2026-09-09T00:15:40+00:00,area_trajectory,milford_haven,,1788913560000.0,,4.95620584487915
2026-09-09T00:15:40+00:00,area_trajectory,milford_haven,,1788913680000.0,,4.95620584487915
2026-09-09T00:15:40+00:00,area_trajectory,milford_haven,,1788913800000.0,,4.95620584487915
2026-09-09T00:15:40+00:00,area_trajectory,milford_haven,,1788913920000.0,,4.95620584487915
2026-09-09T00:15:40+00:00,area_trajectory,milford_haven,,1788914040000.0,,4.95620584487915
2026-09-09T00:15:40+00:00,area_trajectory,milford_haven,,1788914160000.0,,4.95620584487915
2026-09-09T00:15:40+00:00,area_trajectory,milford_haven,,1788914280000.0,,4.95620584487915
2026-09-09T00:15:40+00:00,area_trajectory,milford_haven,,1788914400000.0,,4.95620584487915
2026-09-09T00:15:40+00:00,area_trajectory,milford_haven,,1788914520000.0,,4.95620584487915
2026-09-09T00:15:40+00:00,area_trajectory,milford_haven,,1788914640000.0,,4.95620584487915
2026-09-09T00:15:40+00:00,area_trajectory,milford_haven,,1788914760000.0,,4.95620584487915
2026-09-09T00:15:40+00:00,area_trajectory,milford_haven,,1788914880000.0,,4.95620584487915
2026-09-09T00:15:40+00:00,area_trajectory,milford_haven,,1788915000000.0,,4.95620584487915
2026-09-09T00:15:40+00:00,area_trajectory,milford_haven,,1788915120000.0,,4.95620584487915
2026-09-09T00:15:40+00:00,area_trajectory,milford_haven,,1788915240000.0,,4.95620584487915
2026-09-09T00:15:40+00:00,area_trajectory,milford_haven,,1788915360000.0,,4.95620584487915
2026-09-09T00:15:40+00:00,area_trajectory,milford_haven,,1788915480000.0,,4.95620584487915
2026-09-09T00:15:40+00:00,area_trajectory,milford_haven,,1788915600000.0,,4.95620584487915
2026-09-09T00:15:40+00:00,area_trajectory,milford_haven,,1788915720000.0,,4.95620584487915
2026-09-09T00:15:40+00:00,area_trajectory,milford_haven,,1788915840000.0,,4.90249347686768
2026-09-09T00:15:40+00:00,area_trajectory,milford_haven,,1788915960000.0,,4.90249347686768
2026-09-09T00:15:40+00:00,area_trajectory,milford_haven,,1788916080000.0,,5.0709557533264205
2026-09-09T00:15:40+00:00,area_trajectory,milford_haven,,1788916200000.0,,5.15396595001221
2026-09-09T00:15:40+00:00,subterminal_latest,grain,nts1,,01:00,0.00
2026-09-09T00:15:40+00:00,subterminal_latest,grain,nts1,,01:02,0.00
2026-09-09T00:15:40+00:00,subterminal_latest,grain,nts1,,01:04,0.00
2026-09-09T00:15:40+00:00,subterminal_latest,grain,nts1,,01:06,0.00
2026-09-09T00:15:40+00:00,subterminal_latest,grain,nts1,,01:08,0.00
2026-09-09T00:15:40+00:00,subterminal_latest,grain,nts1,,01:10,0.00
2026-09-09T00:15:40+00:00,subterminal_latest,grain,nts2,,01:00,0.00
2026-09-09T00:15:40+00:00,subterminal_latest,grain,nts2,,01:02,0.00
2026-09-09T00:15:40+00:00,subterminal_latest,grain,nts2,,01:04,0.00
2026-09-09T00:15:40+00:00,subterminal_latest,grain,nts2,,01:06,0.00
2026-09-09T00:15:40+00:00,subterminal_latest,grain,nts2,,01:08,0.00
2026-09-09T00:15:40+00:00,subterminal_latest,grain,nts2,,01:10,0.00
2026-09-09T00:15:40+00:00,subterminal_latest,dragon,,,01:00,0.00
2026-09-09T00:15:40+00:00,subterminal_latest,dragon,,,01:02,0.00
2026-09-09T00:15:40+00:00,subterminal_latest,dragon,,,01:04,0.00
2026-09-09T00:15:40+00:00,subterminal_latest,dragon,,,01:06,0.00
2026-09-09T00:15:40+00:00,subterminal_latest,dragon,,,01:08,0.00
2026-09-09T00:15:40+00:00,subterminal_latest,dragon,,,01:10,0.00
2026-09-09T00:15:40+00:00,subterminal_latest,south_hook,,,01:00,4.96
2026-09-09T00:15:40+00:00,subterminal_latest,south_hook,,,01:02,4.96
2026-09-09T00:15:40+00:00,subterminal_latest,south_hook,,,01:04,4.90
2026-09-09T00:15:40+00:00,subterminal_latest,south_hook,,,01:06,4.90
2026-09-09T00:15:40+00:00,subterminal_latest,south_hook,,,01:08,5.15
2026-09-09T00:15:40+00:00,subterminal_latest,south_hook,,,01:10,5.15
