snapshot_utc,series,terminal,sub,epoch_ms,time_label,value_mcm_d
2026-09-23T00:33:59+00:00,area_trajectory,grain,,1790053200000.0,,7.61014819319174
2026-09-23T00:33:59+00:00,area_trajectory,grain,,1790053320000.0,,7.61014819319174
2026-09-23T00:33:59+00:00,area_trajectory,grain,,1790053440000.0,,7.60564306623861
2026-09-23T00:33:59+00:00,area_trajectory,grain,,1790053560000.0,,7.73524775679037
2026-09-23T00:33:59+00:00,area_trajectory,grain,,1790053680000.0,,7.94472422773764
2026-09-23T00:33:59+00:00,area_trajectory,grain,,1790053800000.0,,8.09230914289877
2026-09-23T00:33:59+00:00,area_trajectory,grain,,1790053920000.0,,8.31606784040854
2026-09-23T00:33:59+00:00,area_trajectory,grain,,1790054040000.0,,8.380010284256189
2026-09-23T00:33:59+00:00,area_trajectory,grain,,1790054160000.0,,8.51331297285482
2026-09-23T00:33:59+00:00,area_trajectory,grain,,1790054280000.0,,8.622555969070639
2026-09-23T00:33:59+00:00,area_trajectory,grain,,1790054400000.0,,8.717772720169279
2026-09-23T00:33:59+00:00,area_trajectory,grain,,1790054520000.0,,8.70063368208334
2026-09-23T00:33:59+00:00,area_trajectory,grain,,1790054640000.0,,8.70063368208334
2026-09-23T00:33:59+00:00,area_trajectory,grain,,1790054760000.0,,8.854114517044279
2026-09-23T00:33:59+00:00,area_trajectory,grain,,1790054880000.0,,8.854114517044279
2026-09-23T00:33:59+00:00,area_trajectory,grain,,1790055000000.0,,8.897292251419278
2026-09-23T00:33:59+00:00,area_trajectory,grain,,1790055120000.0,,8.897292251419278
2026-09-23T00:33:59+00:00,area_trajectory,grain,,1790055240000.0,,9.0200850523226
2026-09-23T00:33:59+00:00,area_trajectory,grain,,1790055360000.0,,9.09625883467123
2026-09-23T00:33:59+00:00,area_trajectory,grain,,1790055480000.0,,9.05901408369467
2026-09-23T00:33:59+00:00,area_trajectory,grain,,1790055600000.0,,9.17565417463705
2026-09-23T00:33:59+00:00,area_trajectory,grain,,1790055720000.0,,9.2494456785433
2026-09-23T00:33:59+00:00,area_trajectory,grain,,1790055840000.0,,9.88025355513021
2026-09-23T00:33:59+00:00,area_trajectory,grain,,1790055960000.0,,9.78265834028646
2026-09-23T00:33:59+00:00,area_trajectory,grain,,1790056080000.0,,9.18517565901205
2026-09-23T00:33:59+00:00,area_trajectory,grain,,1790056200000.0,,9.73168060285971
2026-09-23T00:33:59+00:00,area_trajectory,grain,,1790056320000.0,,9.73168060285971
2026-09-23T00:33:59+00:00,area_trajectory,grain,,1790056440000.0,,9.692458312820639
2026-09-23T00:33:59+00:00,area_trajectory,grain,,1790056560000.0,,9.60676304609701
2026-09-23T00:33:59+00:00,area_trajectory,grain,,1790056680000.0,,9.49686241133138
2026-09-23T00:33:59+00:00,area_trajectory,grain,,1790056800000.0,,9.4040260313265
2026-09-23T00:33:59+00:00,area_trajectory,grain,,1790056920000.0,,9.4040260313265
2026-09-23T00:33:59+00:00,area_trajectory,grain,,1790057040000.0,,9.48345974714682
2026-09-23T00:33:59+00:00,area_trajectory,grain,,1790057160000.0,,9.48345974714682
2026-09-23T00:33:59+00:00,area_trajectory,grain,,1790057280000.0,,9.48345974714682
2026-09-23T00:33:59+00:00,area_trajectory,grain,,1790057400000.0,,9.48345974714682
2026-09-23T00:33:59+00:00,area_trajectory,grain,,1790057520000.0,,9.48345974714682
2026-09-23T00:33:59+00:00,area_trajectory,grain,,1790057640000.0,,9.532128448318689
2026-09-23T00:33:59+00:00,area_trajectory,grain,,1790057760000.0,,9.532128448318689
2026-09-23T00:33:59+00:00,area_trajectory,grain,,1790057880000.0,,9.49125784284994
2026-09-23T00:33:59+00:00,area_trajectory,grain,,1790058000000.0,,9.49125784284994
2026-09-23T00:33:59+00:00,area_trajectory,grain,,1790058120000.0,,9.49125784284994
2026-09-23T00:33:59+00:00,area_trajectory,grain,,1790058240000.0,,9.49125784284994
2026-09-23T00:33:59+00:00,area_trajectory,grain,,1790058360000.0,,9.5271842344515
2026-09-23T00:33:59+00:00,area_trajectory,grain,,1790058480000.0,,9.5271842344515
2026-09-23T00:33:59+00:00,area_trajectory,grain,,1790058600000.0,,9.48532522566244
2026-09-23T00:33:59+00:00,area_trajectory,grain,,1790058720000.0,,9.48532522566244
2026-09-23T00:33:59+00:00,area_trajectory,grain,,1790058840000.0,,9.48532522566244
2026-09-23T00:33:59+00:00,area_trajectory,grain,,1790058960000.0,,9.36154402143881
2026-09-23T00:33:59+00:00,area_trajectory,grain,,1790059080000.0,,9.3776942899935
2026-09-23T00:33:59+00:00,area_trajectory,grain,,1790059200000.0,,9.46576992781088
2026-09-23T00:33:59+00:00,area_trajectory,grain,,1790059320000.0,,9.44236831648275
2026-09-23T00:33:59+00:00,area_trajectory,grain,,1790059440000.0,,9.44236831648275
2026-09-23T00:33:59+00:00,area_trajectory,grain,,1790059560000.0,,9.46016690046713
2026-09-23T00:33:59+00:00,area_trajectory,grain,,1790059680000.0,,9.46016690046713
2026-09-23T00:33:59+00:00,area_trajectory,grain,,1790059800000.0,,9.496422881912439
2026-09-23T00:33:59+00:00,area_trajectory,grain,,1790059920000.0,,9.496422881912439
2026-09-23T00:33:59+00:00,area_trajectory,grain,,1790060040000.0,,9.530701324295249
2026-09-23T00:33:59+00:00,area_trajectory,grain,,1790060160000.0,,9.530701324295249
2026-09-23T00:33:59+00:00,area_trajectory,grain,,1790060280000.0,,9.46972500593588
2026-09-23T00:33:59+00:00,area_trajectory,grain,,1790060400000.0,,9.46972500593588
2026-09-23T00:33:59+00:00,area_trajectory,grain,,1790060520000.0,,9.46972500593588
2026-09-23T00:33:59+00:00,area_trajectory,grain,,1790060640000.0,,9.45068167097494
2026-09-23T00:33:59+00:00,area_trajectory,grain,,1790060760000.0,,9.45068167097494
2026-09-23T00:33:59+00:00,area_trajectory,grain,,1790060880000.0,,9.46683193952963
2026-09-23T00:33:59+00:00,area_trajectory,grain,,1790061000000.0,,9.46683193952963
2026-09-23T00:33:59+00:00,area_trajectory,grain,,1790061120000.0,,9.46683193952963
2026-09-23T00:33:59+00:00,area_trajectory,grain,,1790061240000.0,,9.439804839920251
2026-09-23T00:33:59+00:00,area_trajectory,grain,,1790061360000.0,,9.439804839920251
2026-09-23T00:33:59+00:00,area_trajectory,grain,,1790061480000.0,,9.45496633894369
2026-09-23T00:33:59+00:00,area_trajectory,grain,,1790061600000.0,,9.45496633894369
2026-09-23T00:33:59+00:00,area_trajectory,grain,,1790061720000.0,,9.51132803327963
2026-09-23T00:33:59+00:00,area_trajectory,grain,,1790061840000.0,,9.51132803327963
2026-09-23T00:33:59+00:00,area_trajectory,grain,,1790061960000.0,,9.46847988874838
2026-09-23T00:33:59+00:00,area_trajectory,grain,,1790062080000.0,,9.46847988874838
2026-09-23T00:33:59+00:00,area_trajectory,grain,,1790062200000.0,,9.44573745710775
2026-09-23T00:33:59+00:00,area_trajectory,grain,,1790062320000.0,,9.44573745710775
2026-09-23T00:33:59+00:00,area_trajectory,grain,,1790062440000.0,,9.44573745710775
2026-09-23T00:33:59+00:00,area_trajectory,grain,,1790062560000.0,,9.44573745710775
2026-09-23T00:33:59+00:00,area_trajectory,grain,,1790062680000.0,,9.49847366316244
2026-09-23T00:33:59+00:00,area_trajectory,grain,,1790062800000.0,,9.49847366316244
2026-09-23T00:33:59+00:00,area_trajectory,grain,,1790062920000.0,,9.51363516218588
2026-09-23T00:33:59+00:00,area_trajectory,grain,,1790063040000.0,,9.51363516218588
2026-09-23T00:33:59+00:00,area_trajectory,grain,,1790063160000.0,,9.43420144636556
2026-09-23T00:33:59+00:00,area_trajectory,grain,,1790063280000.0,,9.43420144636556
2026-09-23T00:33:59+00:00,area_trajectory,grain,,1790063400000.0,,9.47012783796713
2026-09-23T00:33:59+00:00,area_trajectory,grain,,1790063520000.0,,9.47012783796713
2026-09-23T00:33:59+00:00,area_trajectory,grain,,1790063640000.0,,9.505395049881189
2026-09-23T00:33:59+00:00,area_trajectory,grain,,1790063760000.0,,9.505395049881189
2026-09-23T00:33:59+00:00,area_trajectory,grain,,1790063880000.0,,9.46452481062338
2026-09-23T00:33:59+00:00,area_trajectory,grain,,1790064000000.0,,9.46452481062338
2026-09-23T00:33:59+00:00,area_trajectory,grain,,1790064120000.0,,9.405015533279629
2026-09-23T00:33:59+00:00,area_trajectory,grain,,1790064240000.0,,9.52835647566244
2026-09-23T00:33:59+00:00,area_trajectory,grain,,1790064360000.0,,9.44742385847494
2026-09-23T00:33:59+00:00,area_trajectory,grain,,1790064480000.0,,9.44742385847494
2026-09-23T00:33:59+00:00,area_trajectory,grain,,1790064600000.0,,9.53311721784994
2026-09-23T00:33:59+00:00,area_trajectory,grain,,1790064720000.0,,9.510374786209319
2026-09-23T00:33:59+00:00,area_trajectory,grain,,1790064840000.0,,9.510374786209319
2026-09-23T00:33:59+00:00,area_trajectory,grain,,1790064960000.0,,9.510374786209319
2026-09-23T00:33:59+00:00,area_trajectory,grain,,1790065080000.0,,9.510374786209319
2026-09-23T00:33:59+00:00,area_trajectory,grain,,1790065200000.0,,9.44658120710775
2026-09-23T00:33:59+00:00,area_trajectory,grain,,1790065320000.0,,9.44658120710775
2026-09-23T00:33:59+00:00,area_trajectory,grain,,1790065440000.0,,9.529894195389
2026-09-23T00:33:59+00:00,area_trajectory,grain,,1790065560000.0,,9.48770559675619
2026-09-23T00:33:59+00:00,area_trajectory,grain,,1790065680000.0,,9.48770559675619
2026-09-23T00:33:59+00:00,area_trajectory,grain,,1790065800000.0,,9.52495034773275
2026-09-23T00:33:59+00:00,area_trajectory,grain,,1790065920000.0,,9.52495034773275
2026-09-23T00:33:59+00:00,area_trajectory,grain,,1790066040000.0,,9.43925698835775
2026-09-23T00:33:59+00:00,area_trajectory,grain,,1790066160000.0,,9.43925698835775
2026-09-23T00:33:59+00:00,area_trajectory,grain,,1790066280000.0,,9.43925698835775
2026-09-23T00:33:59+00:00,area_trajectory,grain,,1790066400000.0,,9.5273307188265
2026-09-23T00:33:59+00:00,area_trajectory,grain,,1790066520000.0,,9.56160916120932
2026-09-23T00:33:59+00:00,area_trajectory,grain,,1790066640000.0,,9.48067654402182
2026-09-23T00:33:59+00:00,area_trajectory,grain,,1790066760000.0,,9.40289077742025
2026-09-23T00:33:59+00:00,area_trajectory,grain,,1790066880000.0,,9.40289077742025
2026-09-23T00:33:59+00:00,area_trajectory,grain,,1790067000000.0,,9.42200772077963
2026-09-23T00:33:59+00:00,area_trajectory,grain,,1790067120000.0,,9.49579922468588
2026-09-23T00:33:59+00:00,area_trajectory,grain,,1790067240000.0,,9.42182380659506
2026-09-23T00:33:59+00:00,area_trajectory,grain,,1790067360000.0,,9.49561721784994
2026-09-23T00:33:59+00:00,area_trajectory,grain,,1790067480000.0,,9.41882058699056
2026-09-23T00:33:59+00:00,area_trajectory,grain,,1790067600000.0,,9.41882058699056
2026-09-23T00:33:59+00:00,area_trajectory,grain,,1790067720000.0,,9.41882058699056
2026-09-23T00:33:59+00:00,area_trajectory,grain,,1790067840000.0,,9.41167947370931
2026-09-23T00:33:59+00:00,area_trajectory,grain,,1790067960000.0,,9.44694668562338
2026-09-23T00:33:59+00:00,area_trajectory,grain,,1790068080000.0,,9.48550979597494
2026-09-23T00:33:59+00:00,area_trajectory,grain,,1790068200000.0,,9.48550979597494
2026-09-23T00:33:59+00:00,area_trajectory,grain,,1790068320000.0,,9.48550979597494
2026-09-23T00:33:59+00:00,area_trajectory,grain,,1790068440000.0,,9.46672244245932
2026-09-23T00:33:59+00:00,area_trajectory,grain,,1790068560000.0,,9.44859463484213
2026-09-23T00:33:59+00:00,area_trajectory,grain,,1790068680000.0,,9.44859463484213
2026-09-23T00:33:59+00:00,area_trajectory,grain,,1790068800000.0,,9.44859463484213
2026-09-23T00:33:59+00:00,area_trajectory,grain,,1790068920000.0,,9.42750015242025
2026-09-23T00:33:59+00:00,area_trajectory,grain,,1790069040000.0,,9.50264883406088
2026-09-23T00:33:59+00:00,area_trajectory,grain,,1790069160000.0,,9.50264883406088
2026-09-23T00:33:59+00:00,area_trajectory,grain,,1790069280000.0,,9.50264883406088
2026-09-23T00:33:59+00:00,area_trajectory,grain,,1790069400000.0,,9.427170562576501
2026-09-23T00:33:59+00:00,area_trajectory,grain,,1790069520000.0,,9.427170562576501
2026-09-23T00:33:59+00:00,area_trajectory,grain,,1790069640000.0,,9.44595754988119
2026-09-23T00:33:59+00:00,area_trajectory,grain,,1790069760000.0,,9.44595754988119
2026-09-23T00:33:59+00:00,area_trajectory,grain,,1790069880000.0,,9.44595754988119
2026-09-23T00:33:59+00:00,area_trajectory,grain,,1790070000000.0,,9.464085723709319
2026-09-23T00:33:59+00:00,area_trajectory,grain,,1790070120000.0,,9.464085723709319
2026-09-23T00:33:59+00:00,area_trajectory,grain,,1790070240000.0,,9.387911941360679
2026-09-23T00:33:59+00:00,area_trajectory,grain,,1790070360000.0,,9.387911941360679
2026-09-23T00:33:59+00:00,area_trajectory,grain,,1790070480000.0,,9.49265017683432
2026-09-23T00:33:59+00:00,area_trajectory,grain,,1790070600000.0,,9.421239044021819
2026-09-23T00:33:59+00:00,area_trajectory,grain,,1790070720000.0,,9.421239044021819
2026-09-23T00:33:59+00:00,area_trajectory,grain,,1790070840000.0,,9.44101516706869
2026-09-23T00:33:59+00:00,area_trajectory,grain,,1790070960000.0,,9.40344046003744
2026-09-23T00:33:59+00:00,area_trajectory,grain,,1790071080000.0,,9.40344046003744
2026-09-23T00:33:59+00:00,area_trajectory,grain,,1790071200000.0,,9.40344046003744
2026-09-23T00:33:59+00:00,area_trajectory,grain,,1790071320000.0,,9.46046133406088
2026-09-23T00:33:59+00:00,area_trajectory,grain,,1790071440000.0,,9.42567092878744
2026-09-23T00:33:59+00:00,area_trajectory,grain,,1790071560000.0,,9.42567092878744
2026-09-23T00:33:59+00:00,area_trajectory,grain,,1790071680000.0,,9.53992874128744
2026-09-23T00:33:59+00:00,area_trajectory,grain,,1790071800000.0,,9.46152334577963
2026-09-23T00:33:59+00:00,area_trajectory,grain,,1790071920000.0,,9.2284251707308
2026-09-23T00:33:59+00:00,area_trajectory,grain,,1790072040000.0,,9.2284251707308
2026-09-23T00:33:59+00:00,area_trajectory,grain,,1790072160000.0,,9.47122683699056
2026-09-23T00:33:59+00:00,area_trajectory,grain,,1790072280000.0,,9.23406665022299
2026-09-23T00:33:59+00:00,area_trajectory,grain,,1790072400000.0,,9.255122756790369
2026-09-23T00:33:59+00:00,area_trajectory,grain,,1790072520000.0,,9.30273017866537
2026-09-23T00:33:59+00:00,area_trajectory,grain,,1790072640000.0,,9.30273017866537
2026-09-23T00:33:59+00:00,area_trajectory,grain,,1790072760000.0,,9.51268513472006
2026-09-23T00:33:59+00:00,area_trajectory,grain,,1790072880000.0,,9.63496699507162
2026-09-23T00:33:59+00:00,area_trajectory,grain,,1790073000000.0,,9.63496699507162
2026-09-23T00:33:59+00:00,area_trajectory,grain,,1790073120000.0,,9.63496699507162
2026-09-23T00:33:59+00:00,area_trajectory,grain,,1790073240000.0,,9.63496699507162
2026-09-23T00:33:59+00:00,area_trajectory,grain,,1790073360000.0,,9.66232368452474
2026-09-23T00:33:59+00:00,area_trajectory,grain,,1790073480000.0,,9.66232368452474
2026-09-23T00:33:59+00:00,area_trajectory,grain,,1790073600000.0,,9.66232368452474
2026-09-23T00:33:59+00:00,area_trajectory,grain,,1790073720000.0,,9.68425979597494
2026-09-23T00:33:59+00:00,area_trajectory,grain,,1790073840000.0,,9.66052859480306
2026-09-23T00:33:59+00:00,area_trajectory,grain,,1790073960000.0,,9.66052859480306
2026-09-23T00:33:59+00:00,area_trajectory,grain,,1790074080000.0,,9.66052859480306
2026-09-23T00:33:59+00:00,area_trajectory,grain,,1790074200000.0,,9.676678863357749
2026-09-23T00:33:59+00:00,area_trajectory,grain,,1790074320000.0,,9.52378169233724
2026-09-23T00:33:59+00:00,area_trajectory,grain,,1790074440000.0,,9.52378169233724
2026-09-23T00:33:59+00:00,area_trajectory,grain,,1790074560000.0,,9.52378169233724
2026-09-23T00:33:59+00:00,area_trajectory,grain,,1790074680000.0,,9.52378169233724
2026-09-23T00:33:59+00:00,area_trajectory,grain,,1790074800000.0,,9.560696853470061
2026-09-23T00:33:59+00:00,area_trajectory,grain,,1790074920000.0,,9.63449026472494
2026-09-23T00:33:59+00:00,area_trajectory,grain,,1790075040000.0,,9.572598708938811
2026-09-23T00:33:59+00:00,area_trajectory,grain,,1790075160000.0,,9.55414094526693
2026-09-23T00:33:59+00:00,area_trajectory,grain,,1790075280000.0,,9.61248017866537
2026-09-23T00:33:59+00:00,area_trajectory,grain,,1790075400000.0,,9.61248017866537
2026-09-23T00:33:59+00:00,area_trajectory,grain,,1790075520000.0,,9.61248017866537
2026-09-23T00:33:59+00:00,area_trajectory,grain,,1790075640000.0,,9.55644807417318
2026-09-23T00:33:59+00:00,area_trajectory,grain,,1790075760000.0,,9.65137287886068
2026-09-23T00:33:59+00:00,area_trajectory,grain,,1790075880000.0,,9.65137287886068
2026-09-23T00:33:59+00:00,area_trajectory,grain,,1790076000000.0,,9.65137287886068
2026-09-23T00:33:59+00:00,area_trajectory,grain,,1790076120000.0,,9.64968801863119
2026-09-23T00:33:59+00:00,area_trajectory,grain,,1790076240000.0,,9.58852961714193
2026-09-23T00:33:59+00:00,area_trajectory,grain,,1790076360000.0,,9.58852961714193
2026-09-23T00:33:59+00:00,area_trajectory,grain,,1790076480000.0,,9.58852961714193
2026-09-23T00:33:59+00:00,area_trajectory,grain,,1790076600000.0,,9.572049392532561
2026-09-23T00:33:59+00:00,area_trajectory,grain,,1790076720000.0,,9.60995332319662
2026-09-23T00:33:59+00:00,area_trajectory,grain,,1790076840000.0,,9.56234590132162
2026-09-23T00:33:59+00:00,area_trajectory,grain,,1790076960000.0,,9.56234590132162
2026-09-23T00:33:59+00:00,area_trajectory,grain,,1790077080000.0,,9.61636164839193
2026-09-23T00:33:59+00:00,area_trajectory,grain,,1790077200000.0,,9.65327680952474
2026-09-23T00:33:59+00:00,area_trajectory,grain,,1790077320000.0,,9.65327680952474
2026-09-23T00:33:59+00:00,area_trajectory,grain,,1790077440000.0,,9.65327680952474
2026-09-23T00:33:59+00:00,area_trajectory,grain,,1790077560000.0,,9.63613740522787
2026-09-23T00:33:59+00:00,area_trajectory,grain,,1790077680000.0,,9.65492475874349
2026-09-23T00:33:59+00:00,area_trajectory,grain,,1790077800000.0,,9.65492475874349
2026-09-23T00:33:59+00:00,area_trajectory,grain,,1790077920000.0,,9.65492475874349
2026-09-23T00:33:59+00:00,area_trajectory,grain,,1790078040000.0,,9.63778572065756
2026-09-23T00:33:59+00:00,area_trajectory,grain,,1790078160000.0,,9.59889265425131
2026-09-23T00:33:59+00:00,area_trajectory,grain,,1790078280000.0,,9.59889265425131
2026-09-23T00:33:59+00:00,area_trajectory,grain,,1790078400000.0,,9.52034040815756
2026-09-23T00:33:59+00:00,area_trajectory,grain,,1790078520000.0,,9.57637251264974
2026-09-23T00:33:59+00:00,area_trajectory,grain,,1790078640000.0,,9.62482112104818
2026-09-23T00:33:59+00:00,area_trajectory,grain,,1790078760000.0,,9.62482112104818
2026-09-23T00:33:59+00:00,area_trajectory,grain,,1790078880000.0,,9.62482112104818
2026-09-23T00:33:59+00:00,area_trajectory,grain,,1790079000000.0,,9.64294892866537
2026-09-23T00:33:59+00:00,area_trajectory,grain,,1790079120000.0,,9.62383235151693
2026-09-23T00:33:59+00:00,area_trajectory,grain,,1790079240000.0,,9.62383235151693
2026-09-23T00:33:59+00:00,area_trajectory,grain,,1790079360000.0,,9.62383235151693
2026-09-23T00:33:59+00:00,area_trajectory,grain,,1790079480000.0,,9.60471540815756
2026-09-23T00:33:59+00:00,area_trajectory,grain,,1790079600000.0,,9.60471540815756
2026-09-23T00:33:59+00:00,area_trajectory,grain,,1790079720000.0,,9.60471540815756
2026-09-23T00:33:59+00:00,area_trajectory,grain,,1790079840000.0,,9.60471540815756
2026-09-23T00:33:59+00:00,area_trajectory,grain,,1790079960000.0,,9.62350276167318
2026-09-23T00:33:59+00:00,area_trajectory,grain,,1790080080000.0,,9.62350276167318
2026-09-23T00:33:59+00:00,area_trajectory,grain,,1790080200000.0,,9.62350276167318
2026-09-23T00:33:59+00:00,area_trajectory,grain,,1790080320000.0,,9.62350276167318
2026-09-23T00:33:59+00:00,area_trajectory,grain,,1790080440000.0,,9.64426765425131
2026-09-23T00:33:59+00:00,area_trajectory,grain,,1790080560000.0,,9.67528608686849
2026-09-23T00:33:59+00:00,area_trajectory,grain,,1790080680000.0,,9.74669912702963
2026-09-23T00:33:59+00:00,area_trajectory,grain,,1790080800000.0,,9.83715513594076
2026-09-23T00:33:59+00:00,area_trajectory,grain,,1790080920000.0,,9.7999103849642
2026-09-23T00:33:59+00:00,area_trajectory,grain,,1790081040000.0,,9.902340316604821
2026-09-23T00:33:59+00:00,area_trajectory,grain,,1790081160000.0,,9.902340316604821
2026-09-23T00:33:59+00:00,area_trajectory,grain,,1790081280000.0,,9.976133727859711
2026-09-23T00:33:59+00:00,area_trajectory,grain,,1790081400000.0,,9.95701678450033
2026-09-23T00:33:59+00:00,area_trajectory,grain,,1790081520000.0,,9.95701678450033
2026-09-23T00:33:59+00:00,area_trajectory,grain,,1790081640000.0,,9.95701678450033
2026-09-23T00:33:59+00:00,area_trajectory,grain,,1790081760000.0,,9.95701678450033
2026-09-23T00:33:59+00:00,area_trajectory,grain,,1790081880000.0,,9.93954815657064
2026-09-23T00:33:59+00:00,area_trajectory,grain,,1790082000000.0,,10.0109611967318
2026-09-23T00:33:59+00:00,area_trajectory,grain,,1790082120000.0,,10.0109611967318
2026-09-23T00:33:59+00:00,area_trajectory,grain,,1790082240000.0,,9.94053692610189
2026-09-23T00:33:59+00:00,area_trajectory,grain,,1790082360000.0,,9.94053692610189
2026-09-23T00:33:59+00:00,area_trajectory,grain,,1790082480000.0,,9.922408752273771
2026-09-23T00:33:59+00:00,area_trajectory,grain,,1790082600000.0,,9.922408752273771
2026-09-23T00:33:59+00:00,area_trajectory,grain,,1790082720000.0,,9.922408752273771
2026-09-23T00:33:59+00:00,area_trajectory,grain,,1790082840000.0,,9.99887579328939
2026-09-23T00:33:59+00:00,area_trajectory,grain,,1790082960000.0,,9.67605667097494
2026-09-23T00:33:59+00:00,area_trajectory,grain,,1790083080000.0,,9.95456390364096
2026-09-23T00:33:59+00:00,area_trajectory,grain,,1790083200000.0,,10.0331161497347
2026-09-23T00:33:59+00:00,area_trajectory,grain,,1790083320000.0,,9.91124005110189
2026-09-23T00:33:59+00:00,area_trajectory,grain,,1790083440000.0,,9.969249694656579
2026-09-23T00:33:59+00:00,area_trajectory,grain,,1790083560000.0,,10.0692271879427
2026-09-23T00:33:59+00:00,area_trajectory,grain,,1790083680000.0,,9.9049777677767
2026-09-23T00:33:59+00:00,area_trajectory,grain,,1790083800000.0,,9.79928424055502
2026-09-23T00:33:59+00:00,area_trajectory,grain,,1790083920000.0,,10.0928100736849
2026-09-23T00:33:59+00:00,area_trajectory,grain,,1790084040000.0,,10.0071148069613
2026-09-23T00:33:59+00:00,area_trajectory,grain,,1790084160000.0,,10.0071148069613
2026-09-23T00:33:59+00:00,area_trajectory,grain,,1790084280000.0,,9.98997540266439
2026-09-23T00:33:59+00:00,area_trajectory,grain,,1790084400000.0,,9.76156268293783
2026-09-23T00:33:59+00:00,area_trajectory,grain,,1790084520000.0,,9.83773646528646
2026-09-23T00:33:59+00:00,area_trajectory,grain,,1790084640000.0,,9.928192474197601
2026-09-23T00:33:59+00:00,area_trajectory,grain,,1790084760000.0,,9.95518499739096
2026-09-23T00:33:59+00:00,area_trajectory,grain,,1790084880000.0,,9.99407769758627
2026-09-23T00:33:59+00:00,area_trajectory,grain,,1790085000000.0,,10.0845337064974
2026-09-23T00:33:59+00:00,area_trajectory,grain,,1790085120000.0,,10.0845337064974
2026-09-23T00:33:59+00:00,area_trajectory,grain,,1790085240000.0,,10.0107402952425
2026-09-23T00:33:59+00:00,area_trajectory,grain,,1790085360000.0,,9.84956866438314
2026-09-23T00:33:59+00:00,area_trajectory,grain,,1790085480000.0,,10.0733254545443
2026-09-23T00:33:59+00:00,area_trajectory,grain,,1790085600000.0,,9.89241534407064
2026-09-23T00:33:59+00:00,area_trajectory,grain,,1790085720000.0,,9.932626403640961
2026-09-23T00:33:59+00:00,area_trajectory,grain,,1790085840000.0,,9.8430851896517
2026-09-23T00:33:59+00:00,area_trajectory,grain,,1790085960000.0,,9.8430851896517
2026-09-23T00:33:59+00:00,area_trajectory,grain,,1790086080000.0,,10.0644635160677
2026-09-23T00:33:59+00:00,area_trajectory,grain,,1790086200000.0,,9.85550054914877
2026-09-23T00:33:59+00:00,area_trajectory,grain,,1790086320000.0,,10.0005230863802
2026-09-23T00:33:59+00:00,area_trajectory,grain,,1790086440000.0,,10.0005230863802
2026-09-23T00:33:59+00:00,area_trajectory,grain,,1790086560000.0,,9.89816522200033
2026-09-23T00:33:59+00:00,area_trajectory,grain,,1790086680000.0,,9.89816522200033
2026-09-23T00:33:59+00:00,area_trajectory,grain,,1790086800000.0,,9.94002459700033
2026-09-23T00:33:59+00:00,area_trajectory,grain,,1790086920000.0,,9.8495685880892
2026-09-23T00:33:59+00:00,area_trajectory,grain,,1790087040000.0,,9.95192645246908
2026-09-23T00:33:59+00:00,area_trajectory,grain,,1790087160000.0,,9.91098297102377
2026-09-23T00:33:59+00:00,area_trajectory,grain,,1790087280000.0,,9.9699813841097
2026-09-23T00:33:59+00:00,area_trajectory,grain,,1790087400000.0,,9.9699813841097
2026-09-23T00:33:59+00:00,area_trajectory,grain,,1790087520000.0,,9.9699813841097
2026-09-23T00:33:59+00:00,area_trajectory,grain,,1790087640000.0,,10.0814571684115
2026-09-23T00:33:59+00:00,area_trajectory,grain,,1790087760000.0,,9.94035491926596
2026-09-23T00:33:59+00:00,area_trajectory,grain,,1790087880000.0,,10.0665164945833
2026-09-23T00:33:59+00:00,area_trajectory,grain,,1790088000000.0,,9.91416892988607
2026-09-23T00:33:59+00:00,area_trajectory,grain,,1790088120000.0,,10.007005309891001
2026-09-23T00:33:59+00:00,area_trajectory,grain,,1790088240000.0,,9.98986590559408
2026-09-23T00:33:59+00:00,area_trajectory,grain,,1790088360000.0,,9.98986590559408
2026-09-23T00:33:59+00:00,area_trajectory,grain,,1790088480000.0,,10.0874630277865
2026-09-23T00:33:59+00:00,area_trajectory,grain,,1790088600000.0,,10.0406608274691
2026-09-23T00:33:59+00:00,area_trajectory,grain,,1790088720000.0,,9.98693585188314
2026-09-23T00:33:59+00:00,area_trajectory,grain,,1790088840000.0,,9.98693585188314
2026-09-23T00:33:59+00:00,area_trajectory,grain,,1790088960000.0,,9.98931622297689
2026-09-23T00:33:59+00:00,area_trajectory,grain,,1790089080000.0,,9.78112046797201
2026-09-23T00:33:59+00:00,area_trajectory,grain,,1790089200000.0,,9.98287135298178
2026-09-23T00:33:59+00:00,area_trajectory,grain,,1790089320000.0,,9.98287135298178
2026-09-23T00:33:59+00:00,area_trajectory,grain,,1790089440000.0,,10.0447610014193
2026-09-23T00:33:59+00:00,area_trajectory,grain,,1790089560000.0,,9.91336187727377
2026-09-23T00:33:59+00:00,area_trajectory,grain,,1790089680000.0,,9.89457488996908
2026-09-23T00:33:59+00:00,area_trajectory,grain,,1790089800000.0,,9.97550941450521
2026-09-23T00:33:59+00:00,area_trajectory,grain,,1790089920000.0,,9.87553192121908
2026-09-23T00:33:59+00:00,area_trajectory,grain,,1790090040000.0,,9.79936004621908
2026-09-23T00:33:59+00:00,area_trajectory,grain,,1790090160000.0,,9.85388775618002
2026-09-23T00:33:59+00:00,area_trajectory,grain,,1790090280000.0,,9.85388775618002
2026-09-23T00:33:59+00:00,area_trajectory,grain,,1790090400000.0,,9.73010655195638
2026-09-23T00:33:59+00:00,area_trajectory,grain,,1790090520000.0,,9.77756793196127
2026-09-23T00:33:59+00:00,area_trajectory,grain,,1790090640000.0,,9.79734405500814
2026-09-23T00:33:59+00:00,area_trajectory,grain,,1790090760000.0,,9.82114776594564
2026-09-23T00:33:59+00:00,area_trajectory,grain,,1790090880000.0,,9.82114776594564
2026-09-23T00:33:59+00:00,area_trajectory,grain,,1790091000000.0,,9.77694390852377
2026-09-23T00:33:59+00:00,area_trajectory,grain,,1790091120000.0,,9.77694390852377
2026-09-23T00:33:59+00:00,area_trajectory,grain,,1790091240000.0,,9.77694390852377
2026-09-23T00:33:59+00:00,area_trajectory,grain,,1790091360000.0,,9.77694390852377
2026-09-23T00:33:59+00:00,area_trajectory,grain,,1790091480000.0,,9.79737921125814
2026-09-23T00:33:59+00:00,area_trajectory,grain,,1790091600000.0,,9.90449781782552
2026-09-23T00:33:59+00:00,area_trajectory,grain,,1790091720000.0,,9.740250305008141
2026-09-23T00:33:59+00:00,area_trajectory,grain,,1790091840000.0,,9.740250305008141
2026-09-23T00:33:59+00:00,area_trajectory,grain,,1790091960000.0,,9.016119079422209
2026-09-23T00:33:59+00:00,area_trajectory,grain,,1790092080000.0,,9.03919110090658
2026-09-23T00:33:59+00:00,area_trajectory,grain,,1790092200000.0,,9.03919110090658
2026-09-23T00:33:59+00:00,area_trajectory,grain,,1790092320000.0,,9.03919110090658
2026-09-23T00:33:59+00:00,area_trajectory,grain,,1790092440000.0,,9.165352676223959
2026-09-23T00:33:59+00:00,area_trajectory,grain,,1790092560000.0,,9.4803032377474
2026-09-23T00:33:59+00:00,area_trajectory,grain,,1790092680000.0,,9.4279350736849
2026-09-23T00:33:59+00:00,area_trajectory,grain,,1790092800000.0,,9.29565612776205
2026-09-23T00:33:59+00:00,area_trajectory,grain,,1790092920000.0,,9.29565612776205
2026-09-23T00:33:59+00:00,area_trajectory,grain,,1790093040000.0,,9.3123187254183
2026-09-23T00:33:59+00:00,area_trajectory,grain,,1790093160000.0,,9.452728210281581
2026-09-23T00:33:59+00:00,area_trajectory,grain,,1790093280000.0,,9.426544128250331
2026-09-23T00:33:59+00:00,area_trajectory,grain,,1790093400000.0,,9.21761613447592
2026-09-23T00:33:59+00:00,area_trajectory,grain,,1790093520000.0,,9.36706982405111
2026-09-23T00:33:59+00:00,area_trajectory,grain,,1790093640000.0,,9.36706982405111
2026-09-23T00:33:59+00:00,area_trajectory,grain,,1790093760000.0,,9.36706982405111
2026-09-23T00:33:59+00:00,area_trajectory,grain,,1790093880000.0,,9.4250794676058
2026-09-23T00:33:59+00:00,area_trajectory,grain,,1790094000000.0,,9.46430175764486
2026-09-23T00:33:59+00:00,area_trajectory,grain,,1790094120000.0,,9.46430175764486
2026-09-23T00:33:59+00:00,area_trajectory,grain,,1790094240000.0,,9.592843704055989
2026-09-23T00:33:59+00:00,area_trajectory,grain,,1790094360000.0,,9.71930055220053
2026-09-23T00:33:59+00:00,area_trajectory,grain,,1790094480000.0,,9.62371675093099
2026-09-23T00:33:59+00:00,area_trajectory,grain,,1790094600000.0,,9.62371675093099
2026-09-23T00:33:59+00:00,area_trajectory,grain,,1790094720000.0,,9.52849999983236
2026-09-23T00:33:59+00:00,area_trajectory,grain,,1790094840000.0,,9.58369146711752
2026-09-23T00:33:59+00:00,area_trajectory,grain,,1790094960000.0,,9.7050923002474
2026-09-23T00:33:59+00:00,area_trajectory,grain,,1790095080000.0,,9.7050923002474
2026-09-23T00:33:59+00:00,area_trajectory,grain,,1790095200000.0,,9.7050923002474
2026-09-23T00:33:59+00:00,area_trajectory,grain,,1790095320000.0,,9.65748297102377
2026-09-23T00:33:59+00:00,area_trajectory,grain,,1790095440000.0,,9.70362562544271
2026-09-23T00:33:59+00:00,area_trajectory,grain,,1790095560000.0,,9.610789245437829
2026-09-23T00:33:59+00:00,area_trajectory,grain,,1790095680000.0,,9.610789245437829
2026-09-23T00:33:59+00:00,area_trajectory,grain,,1790095800000.0,,9.665832580398769
2026-09-23T00:33:59+00:00,area_trajectory,grain,,1790095920000.0,,9.50634580976888
2026-09-23T00:33:59+00:00,area_trajectory,grain,,1790096040000.0,,9.615844787430019
2026-09-23T00:33:59+00:00,area_trajectory,grain,,1790096160000.0,,9.52062803633138
2026-09-23T00:33:59+00:00,area_trajectory,grain,,1790096280000.0,,9.6463134306185
2026-09-23T00:33:59+00:00,area_trajectory,grain,,1790096400000.0,,9.514951400589199
2026-09-23T00:33:59+00:00,area_trajectory,grain,,1790096520000.0,,9.67919891340658
2026-09-23T00:33:59+00:00,area_trajectory,grain,,1790096640000.0,,9.63635223371908
2026-09-23T00:33:59+00:00,area_trajectory,grain,,1790096760000.0,,9.63635223371908
2026-09-23T00:33:59+00:00,area_trajectory,grain,,1790096880000.0,,9.51026316816732
2026-09-23T00:33:59+00:00,area_trajectory,grain,,1790097000000.0,,9.612621032547201
2026-09-23T00:33:59+00:00,area_trajectory,grain,,1790097120000.0,,9.612621032547201
2026-09-23T00:33:59+00:00,area_trajectory,grain,,1790097240000.0,,9.626903259109701
2026-09-23T00:33:59+00:00,area_trajectory,grain,,1790097360000.0,,9.66619842512533
2026-09-23T00:33:59+00:00,area_trajectory,grain,,1790097480000.0,,9.542417220901699
2026-09-23T00:33:59+00:00,area_trajectory,grain,,1790097600000.0,,9.490049056839199
2026-09-23T00:33:59+00:00,area_trajectory,grain,,1790097720000.0,,9.63525360090658
2026-09-23T00:33:59+00:00,area_trajectory,grain,,1790097840000.0,,9.60987408430502
2026-09-23T00:33:59+00:00,area_trajectory,grain,,1790097960000.0,,9.52417881758138
2026-09-23T00:33:59+00:00,area_trajectory,grain,,1790098080000.0,,9.52417881758138
2026-09-23T00:33:59+00:00,area_trajectory,grain,,1790098200000.0,,9.648290969680989
2026-09-23T00:33:59+00:00,area_trajectory,grain,,1790098320000.0,,9.50510032637045
2026-09-23T00:33:59+00:00,area_trajectory,grain,,1790098440000.0,,9.76932533247396
2026-09-23T00:33:59+00:00,area_trajectory,grain,,1790098560000.0,,9.64078338606283
2026-09-23T00:33:59+00:00,area_trajectory,grain,,1790098680000.0,,9.75980384809896
2026-09-23T00:33:59+00:00,area_trajectory,grain,,1790098800000.0,,9.766836196731779
2026-09-23T00:33:59+00:00,area_trajectory,grain,,1790098920000.0,,9.55735972578451
2026-09-23T00:33:59+00:00,area_trajectory,grain,,1790099040000.0,,9.79302027876302
2026-09-23T00:33:59+00:00,area_trajectory,grain,,1790099160000.0,,9.73303309614584
2026-09-23T00:33:59+00:00,area_trajectory,grain,,1790099280000.0,,9.69615484602377
2026-09-23T00:33:59+00:00,area_trajectory,grain,,1790099400000.0,,9.803273452591151
2026-09-23T00:33:59+00:00,area_trajectory,grain,,1790099520000.0,,9.64616705305502
2026-09-23T00:33:59+00:00,area_trajectory,grain,,1790099640000.0,,9.66403887922689
2026-09-23T00:33:59+00:00,area_trajectory,grain,,1790099760000.0,,9.52524156172201
2026-09-23T00:33:59+00:00,area_trajectory,grain,,1790099880000.0,,9.62997979719564
2026-09-23T00:33:59+00:00,area_trajectory,grain,,1790100000000.0,,9.62997979719564
2026-09-23T00:33:59+00:00,area_trajectory,grain,,1790100120000.0,,9.64711920149252
2026-09-23T00:33:59+00:00,area_trajectory,grain,,1790100240000.0,,9.58999029524252
2026-09-23T00:33:59+00:00,area_trajectory,grain,,1790100360000.0,,9.66484307844564
2026-09-23T00:33:59+00:00,area_trajectory,grain,,1790100480000.0,,9.47917222578451
2026-09-23T00:33:59+00:00,area_trajectory,grain,,1790100600000.0,,9.73574378950521
2026-09-23T00:33:59+00:00,area_trajectory,grain,,1790100720000.0,,9.85355677778646
2026-09-23T00:33:59+00:00,area_trajectory,grain,,1790100840000.0,,9.72263446028158
2026-09-23T00:33:59+00:00,area_trajectory,grain,,1790100960000.0,,9.72263446028158
2026-09-23T00:33:59+00:00,area_trajectory,grain,,1790101080000.0,,9.72717481977865
2026-09-23T00:33:59+00:00,area_trajectory,grain,,1790101200000.0,,9.74156793196127
2026-09-23T00:33:59+00:00,area_trajectory,grain,,1790101320000.0,,9.8320239408724
2026-09-23T00:33:59+00:00,area_trajectory,grain,,1790101440000.0,,9.69396051008627
2026-09-23T00:33:59+00:00,area_trajectory,grain,,1790101560000.0,,9.67458648664877
2026-09-23T00:33:59+00:00,area_trajectory,grain,,1790101680000.0,,9.526012069534511
2026-09-23T00:33:59+00:00,area_trajectory,grain,,1790101800000.0,,9.61408770735189
2026-09-23T00:33:59+00:00,area_trajectory,grain,,1790101920000.0,,9.61408770735189
2026-09-23T00:33:59+00:00,area_trajectory,grain,,1790102040000.0,,9.740542175125329
2026-09-23T00:33:59+00:00,area_trajectory,grain,,1790102160000.0,,9.58680345137045
2026-09-23T00:33:59+00:00,area_trajectory,grain,,1790102280000.0,,9.58680345137045
2026-09-23T00:33:59+00:00,area_trajectory,grain,,1790102400000.0,,9.705823913406581
2026-09-23T00:33:59+00:00,area_trajectory,grain,,1790102520000.0,,9.7138446653597
2026-09-23T00:33:59+00:00,area_trajectory,grain,,1790102640000.0,,9.86190602095053
2026-09-23T00:33:59+00:00,area_trajectory,grain,,1790102760000.0,,9.77383229048178
2026-09-23T00:33:59+00:00,area_trajectory,grain,,1790102880000.0,,9.73336407453939
2026-09-23T00:33:59+00:00,area_trajectory,grain,,1790103000000.0,,9.72856780989096
2026-09-23T00:33:59+00:00,area_trajectory,grain,,1790103120000.0,,9.68048248274252
2026-09-23T00:33:59+00:00,area_trajectory,grain,,1790103240000.0,,9.57336387617514
2026-09-23T00:33:59+00:00,area_trajectory,grain,,1790103360000.0,,9.8161655424349
2026-09-23T00:33:59+00:00,area_trajectory,grain,,1790103480000.0,,9.86340821821615
2026-09-23T00:33:59+00:00,area_trajectory,grain,,1790103600000.0,,9.67942120344564
2026-09-23T00:33:59+00:00,area_trajectory,grain,,1790103720000.0,,9.66275860578939
2026-09-23T00:33:59+00:00,area_trajectory,grain,,1790103840000.0,,9.53421665937826
2026-09-23T00:33:59+00:00,area_trajectory,grain,,1790103960000.0,,9.529455917190761
2026-09-23T00:33:59+00:00,area_trajectory,grain,,1790104080000.0,,9.64847637922689
2026-09-23T00:33:59+00:00,area_trajectory,grain,,1790104200000.0,,9.72226788313314
2026-09-23T00:33:59+00:00,area_trajectory,grain,,1790104320000.0,,9.83414723188803
2026-09-23T00:33:59+00:00,area_trajectory,grain,,1790104440000.0,,9.73471942121908
2026-09-23T00:33:59+00:00,area_trajectory,grain,,1790104560000.0,,9.710988220047211
2026-09-23T00:33:59+00:00,area_trajectory,grain,,1790104680000.0,,9.63957708723471
2026-09-23T00:33:59+00:00,area_trajectory,grain,,1790104800000.0,,9.63957708723471
2026-09-23T00:33:59+00:00,area_trajectory,grain,,1790104920000.0,,9.63005369551107
2026-09-23T00:33:59+00:00,area_trajectory,grain,,1790105040000.0,,9.541357772659511
2026-09-23T00:33:59+00:00,area_trajectory,grain,,1790105160000.0,,9.66751934797689
2026-09-23T00:33:59+00:00,area_trajectory,grain,,1790105280000.0,,9.65323712141439
2026-09-23T00:33:59+00:00,area_trajectory,grain,,1790105400000.0,,9.70937652571127
2026-09-23T00:33:59+00:00,area_trajectory,grain,,1790105520000.0,,9.6701542356722
2026-09-23T00:33:59+00:00,area_trajectory,grain,,1790105640000.0,,9.6844364622347
2026-09-23T00:33:59+00:00,area_trajectory,grain,,1790105760000.0,,9.6844364622347
2026-09-23T00:33:59+00:00,area_trajectory,grain,,1790105880000.0,,9.735524352859711
2026-09-23T00:33:59+00:00,area_trajectory,grain,,1790106000000.0,,9.735524352859711
2026-09-23T00:33:59+00:00,area_trajectory,grain,,1790106120000.0,,9.735524352859711
2026-09-23T00:33:59+00:00,area_trajectory,grain,,1790106240000.0,,9.73076361067221
2026-09-23T00:33:59+00:00,area_trajectory,grain,,1790106360000.0,,9.6016349943392
2026-09-23T00:33:59+00:00,area_trajectory,grain,,1790106480000.0,,9.78998219282553
2026-09-23T00:33:59+00:00,area_trajectory,grain,,1790106600000.0,,9.78998219282553
2026-09-23T00:33:59+00:00,area_trajectory,grain,,1790106720000.0,,9.556702010940759
2026-09-23T00:33:59+00:00,area_trajectory,grain,,1790106840000.0,,9.83839564497396
2026-09-23T00:33:59+00:00,area_trajectory,grain,,1790106960000.0,,9.666274230789389
2026-09-23T00:33:59+00:00,area_trajectory,grain,,1790107080000.0,,9.666274230789389
2026-09-23T00:33:59+00:00,area_trajectory,grain,,1790107200000.0,,9.82576100141928
2026-09-23T00:33:59+00:00,area_trajectory,grain,,1790107320000.0,,9.80301856977865
2026-09-23T00:33:59+00:00,area_trajectory,grain,,1790107440000.0,,9.59116172773764
2026-09-23T00:33:59+00:00,area_trajectory,grain,,1790107560000.0,,9.73530543501303
2026-09-23T00:33:59+00:00,area_trajectory,grain,,1790107680000.0,,9.66151202375814
2026-09-23T00:33:59+00:00,area_trajectory,grain,,1790107800000.0,,9.69425201399252
2026-09-23T00:33:59+00:00,area_trajectory,grain,,1790107920000.0,,9.69425201399252
2026-09-23T00:33:59+00:00,area_trajectory,grain,,1790108040000.0,,9.69425201399252
2026-09-23T00:33:59+00:00,area_trajectory,grain,,1790108160000.0,,9.52286338789388
2026-09-23T00:33:59+00:00,area_trajectory,grain,,1790108280000.0,,9.68711090071127
2026-09-23T00:33:59+00:00,area_trajectory,grain,,1790108400000.0,,9.63474273664877
2026-09-23T00:33:59+00:00,area_trajectory,grain,,1790108520000.0,,9.63474273664877
2026-09-23T00:33:59+00:00,area_trajectory,grain,,1790108640000.0,,9.63474273664877
2026-09-23T00:33:59+00:00,area_trajectory,grain,,1790108760000.0,,9.7908237455599
2026-09-23T00:33:59+00:00,area_trajectory,grain,,1790108880000.0,,9.59676548750326
2026-09-23T00:33:59+00:00,area_trajectory,grain,,1790109000000.0,,9.73720928938314
2026-09-23T00:33:59+00:00,area_trajectory,grain,,1790109120000.0,,9.83956715376303
2026-09-23T00:33:59+00:00,area_trajectory,grain,,1790109240000.0,,9.65136834700033
2026-09-23T00:33:59+00:00,area_trajectory,grain,,1790109360000.0,,9.66916656477377
2026-09-23T00:33:59+00:00,area_trajectory,grain,,1790109480000.0,,9.75248146040365
2026-09-23T00:33:59+00:00,area_trajectory,grain,,1790109600000.0,,9.75248146040365
2026-09-23T00:33:59+00:00,area_trajectory,grain,,1790109720000.0,,9.728675842117521
2026-09-23T00:33:59+00:00,area_trajectory,grain,,1790109840000.0,,9.706263000320641
2026-09-23T00:33:59+00:00,area_trajectory,grain,,1790109960000.0,,9.706263000320641
2026-09-23T00:33:59+00:00,area_trajectory,grain,,1790110080000.0,,9.78957789595052
2026-09-23T00:33:59+00:00,area_trajectory,grain,,1790110200000.0,,9.92112460310385
2026-09-23T00:33:59+00:00,area_trajectory,grain,,1790110320000.0,,9.5712043302767
2026-09-23T00:33:59+00:00,area_trajectory,grain,,1790110440000.0,,9.78782191450521
2026-09-23T00:33:59+00:00,area_trajectory,grain,,1790110560000.0,,9.6045295255892
2026-09-23T00:33:59+00:00,area_trajectory,grain,,1790110680000.0,,9.68571929914877
2026-09-23T00:33:59+00:00,area_trajectory,grain,,1790110800000.0,,9.70516546614096
2026-09-23T00:33:59+00:00,area_trajectory,grain,,1790110920000.0,,9.70516546614096
2026-09-23T00:33:59+00:00,area_trajectory,grain,,1790111040000.0,,9.783719619583339
2026-09-23T00:33:59+00:00,area_trajectory,grain,,1790111160000.0,,9.66502801496908
2026-09-23T00:33:59+00:00,area_trajectory,grain,,1790111280000.0,,9.519823470901699
2026-09-23T00:33:59+00:00,area_trajectory,grain,,1790111400000.0,,9.73167840559408
2026-09-23T00:33:59+00:00,area_trajectory,grain,,1790111520000.0,,9.73167840559408
2026-09-23T00:33:59+00:00,area_trajectory,grain,,1790111640000.0,,9.64785345442221
2026-09-23T00:33:59+00:00,area_trajectory,grain,,1790111760000.0,,9.688466613601891
2026-09-23T00:33:59+00:00,area_trajectory,grain,,1790111880000.0,,9.70750958235189
2026-09-23T00:33:59+00:00,area_trajectory,grain,,1790112000000.0,,9.79320484907552
2026-09-23T00:33:59+00:00,area_trajectory,grain,,1790112120000.0,,9.83696668989584
2026-09-23T00:33:59+00:00,area_trajectory,grain,,1790112240000.0,,9.740834777664391
2026-09-23T00:33:59+00:00,area_trajectory,grain,,1790112360000.0,,9.65276104719564
2026-09-23T00:33:59+00:00,area_trajectory,grain,,1790112480000.0,,9.807487075638019
2026-09-23T00:33:59+00:00,area_trajectory,grain,,1790112600000.0,,9.54121055586264
2026-09-23T00:33:59+00:00,area_trajectory,grain,,1790112720000.0,,9.69923211653158
2026-09-23T00:33:59+00:00,area_trajectory,grain,,1790112840000.0,,9.80873109419271
2026-09-23T00:33:59+00:00,area_trajectory,grain,,1790112960000.0,,9.63972283918783
2026-09-23T00:33:59+00:00,area_trajectory,grain,,1790113080000.0,,9.76749684126303
2026-09-23T00:33:59+00:00,area_trajectory,grain,,1790113200000.0,,9.73255921919271
2026-09-23T00:33:59+00:00,area_trajectory,grain,,1790113320000.0,,9.5207023771517
2026-09-23T00:33:59+00:00,area_trajectory,grain,,1790113440000.0,,9.66114617903158
2026-09-23T00:33:59+00:00,area_trajectory,grain,,1790113560000.0,,9.62254673750326
2026-09-23T00:33:59+00:00,area_trajectory,grain,,1790113680000.0,,9.60277061445639
2026-09-23T00:33:59+00:00,area_trajectory,grain,,1790113800000.0,,9.7670200346224
2026-09-23T00:33:59+00:00,area_trajectory,grain,,1790113920000.0,,9.7670200346224
2026-09-23T00:33:59+00:00,area_trajectory,grain,,1790114040000.0,,9.66048699934408
2026-09-23T00:33:59+00:00,area_trajectory,grain,,1790114160000.0,,9.75716896040365
2026-09-23T00:33:59+00:00,area_trajectory,grain,,1790114280000.0,,9.8500034330599
2026-09-23T00:33:59+00:00,area_trajectory,grain,,1790114400000.0,,9.61434288008138
2026-09-23T00:33:59+00:00,area_trajectory,grain,,1790114520000.0,,9.80056605513021
2026-09-23T00:33:59+00:00,area_trajectory,grain,,1790114640000.0,,9.78829579145834
2026-09-23T00:33:59+00:00,area_trajectory,grain,,1790114760000.0,,9.78829579145834
2026-09-23T00:33:59+00:00,area_trajectory,grain,,1790114880000.0,,9.54787449629232
2026-09-23T00:33:59+00:00,area_trajectory,grain,,1790115000000.0,,9.68872186262533
2026-09-23T00:33:59+00:00,area_trajectory,grain,,1790115120000.0,,9.74343524153158
2026-09-23T00:33:59+00:00,area_trajectory,grain,,1790115240000.0,,9.81246791059896
2026-09-23T00:33:59+00:00,area_trajectory,grain,,1790115360000.0,,9.68868670637533
2026-09-23T00:33:59+00:00,area_trajectory,grain,,1790115480000.0,,9.633973327469079
2026-09-23T00:33:59+00:00,area_trajectory,grain,,1790115600000.0,,9.57709812910482
2026-09-23T00:33:59+00:00,area_trajectory,grain,,1790115720000.0,,9.6651737669222
2026-09-23T00:33:59+00:00,area_trajectory,grain,,1790115840000.0,,9.6651737669222
2026-09-23T00:33:59+00:00,area_trajectory,grain,,1790115960000.0,,9.5819328459017
2026-09-23T00:33:59+00:00,area_trajectory,grain,,1790116080000.0,,9.801113540481781
2026-09-23T00:33:59+00:00,area_trajectory,grain,,1790116200000.0,,9.801113540481781
2026-09-23T00:33:59+00:00,area_trajectory,grain,,1790116320000.0,,9.622583801101891
2026-09-23T00:33:59+00:00,area_trajectory,grain,,1790116440000.0,,9.67795635969564
2026-09-23T00:33:59+00:00,area_trajectory,grain,,1790116560000.0,,9.78983570845053
2026-09-23T00:33:59+00:00,area_trajectory,grain,,1790116680000.0,,9.587500350784511
2026-09-23T00:33:59+00:00,area_trajectory,grain,,1790116800000.0,,9.62082554609701
2026-09-23T00:33:59+00:00,area_trajectory,grain,,1790116920000.0,,9.7023823393099
2026-09-23T00:33:59+00:00,area_trajectory,grain,,1790117040000.0,,9.75940321333334
2026-09-23T00:33:59+00:00,area_trajectory,grain,,1790117160000.0,,9.75940321333334
2026-09-23T00:33:59+00:00,area_trajectory,grain,,1790117280000.0,,9.62371824629232
2026-09-23T00:33:59+00:00,area_trajectory,grain,,1790117400000.0,,9.7355975950472
2026-09-23T00:33:59+00:00,area_trajectory,grain,,1790117520000.0,,9.59229661543295
2026-09-23T00:33:59+00:00,area_trajectory,grain,,1790117640000.0,,9.59229661543295
2026-09-23T00:33:59+00:00,area_trajectory,grain,,1790117760000.0,,9.80177308638021
2026-09-23T00:33:59+00:00,area_trajectory,grain,,1790117880000.0,,9.70728948957846
2026-09-23T00:33:59+00:00,area_trajectory,grain,,1790118000000.0,,9.67103350813314
2026-09-23T00:33:59+00:00,area_trajectory,grain,,1790118120000.0,,9.66627276594564
2026-09-23T00:33:59+00:00,area_trajectory,grain,,1790118240000.0,,9.64722979719564
2026-09-23T00:33:59+00:00,area_trajectory,grain,,1790118360000.0,,9.782106826614589
2026-09-23T00:33:59+00:00,area_trajectory,grain,,1790118480000.0,,9.67685699446127
2026-09-23T00:33:59+00:00,area_trajectory,grain,,1790118600000.0,,9.67685699446127
2026-09-23T00:33:59+00:00,area_trajectory,grain,,1790118720000.0,,9.7768344877474
2026-09-23T00:33:59+00:00,area_trajectory,grain,,1790118840000.0,,9.601489974807949
2026-09-23T00:33:59+00:00,area_trajectory,grain,,1790118960000.0,,9.69212799055502
2026-09-23T00:33:59+00:00,area_trajectory,grain,,1790119080000.0,,9.69212799055502
2026-09-23T00:33:59+00:00,area_trajectory,grain,,1790119200000.0,,9.69212799055502
2026-09-23T00:33:59+00:00,area_trajectory,grain,,1790119320000.0,,9.70717889387533
2026-09-23T00:33:59+00:00,area_trajectory,grain,,1790119440000.0,,9.72629547102377
2026-09-23T00:33:59+00:00,area_trajectory,grain,,1790119560000.0,,9.69535064680502
2026-09-23T00:33:59+00:00,area_trajectory,grain,,1790119680000.0,,9.72391509993002
2026-09-23T00:33:59+00:00,area_trajectory,grain,,1790119800000.0,,9.72391509993002
2026-09-23T00:33:59+00:00,area_trajectory,grain,,1790119920000.0,,9.80561830122396
2026-09-23T00:33:59+00:00,area_trajectory,grain,,1790120040000.0,,9.69373895246908
2026-09-23T00:33:59+00:00,area_trajectory,grain,,1790120160000.0,,9.61280633528158
2026-09-23T00:33:59+00:00,area_trajectory,grain,,1790120280000.0,,9.67875946028158
2026-09-23T00:33:59+00:00,area_trajectory,grain,,1790120400000.0,,9.61141355879232
2026-09-23T00:33:59+00:00,area_trajectory,grain,,1790120520000.0,,9.73757513410971
2026-09-23T00:33:59+00:00,area_trajectory,grain,,1790120640000.0,,9.80660780317709
2026-09-23T00:33:59+00:00,area_trajectory,grain,,1790120760000.0,,9.68044622785971
2026-09-23T00:33:59+00:00,area_trajectory,grain,,1790120880000.0,,9.68044622785971
2026-09-23T00:33:59+00:00,area_trajectory,grain,,1790121000000.0,,9.68044622785971
2026-09-23T00:33:59+00:00,area_trajectory,grain,,1790121120000.0,,9.76614149458334
2026-09-23T00:33:59+00:00,area_trajectory,grain,,1790121240000.0,,9.65158843977377
2026-09-23T00:33:59+00:00,area_trajectory,grain,,1790121360000.0,,9.709598083328459
2026-09-23T00:33:59+00:00,area_trajectory,grain,,1790121480000.0,,9.84052040083334
2026-09-23T00:33:59+00:00,area_trajectory,grain,,1790121600000.0,,9.84052040083334
2026-09-23T00:33:59+00:00,area_trajectory,grain,,1790121720000.0,,9.7867954252474
2026-09-23T00:33:59+00:00,area_trajectory,grain,,1790121840000.0,,9.734425353836269
2026-09-23T00:33:59+00:00,area_trajectory,grain,,1790121960000.0,,9.72966461164877
2026-09-23T00:33:59+00:00,area_trajectory,grain,,1790122080000.0,,9.72966461164877
2026-09-23T00:33:59+00:00,area_trajectory,grain,,1790122200000.0,,9.629689025711269
2026-09-23T00:33:59+00:00,area_trajectory,grain,,1790122320000.0,,9.67220758039877
2026-09-23T00:33:59+00:00,area_trajectory,grain,,1790122440000.0,,9.8150317533724
2026-09-23T00:33:59+00:00,area_trajectory,grain,,1790122560000.0,,9.8340747221224
2026-09-23T00:33:59+00:00,area_trajectory,grain,,1790122680000.0,,9.640492248367519
2026-09-23T00:33:59+00:00,area_trajectory,grain,,1790122800000.0,,9.776980163406579
2026-09-23T00:33:59+00:00,area_trajectory,grain,,1790122920000.0,,9.688906432937829
2026-09-23T00:33:59+00:00,area_trajectory,grain,,1790123040000.0,,9.79364466841146
2026-09-23T00:33:59+00:00,area_trajectory,grain,,1790123160000.0,,9.81309083540365
2026-09-23T00:33:59+00:00,area_trajectory,grain,,1790123280000.0,,9.88395228559896
2026-09-23T00:33:59+00:00,area_trajectory,grain,,1790123400000.0,,9.688759948562831
2026-09-23T00:33:59+00:00,area_trajectory,grain,,1790123520000.0,,9.80301966841146
2026-09-23T00:33:59+00:00,area_trajectory,grain,,1790123640000.0,,9.69535137922689
2026-09-23T00:33:59+00:00,area_trajectory,grain,,1790123760000.0,,9.63452256758138
2026-09-23T00:33:59+00:00,area_trajectory,grain,,1790123880000.0,,9.65832627851888
2026-09-23T00:33:59+00:00,area_trajectory,grain,,1790124000000.0,,9.65832627851888
2026-09-23T00:33:59+00:00,area_trajectory,grain,,1790124120000.0,,9.70117486555502
2026-09-23T00:33:59+00:00,area_trajectory,grain,,1790124240000.0,,9.84367054731771
2026-09-23T00:33:59+00:00,area_trajectory,grain,,1790124360000.0,,9.76035565168783
2026-09-23T00:33:59+00:00,area_trajectory,grain,,1790124480000.0,,9.76035565168783
2026-09-23T00:33:59+00:00,area_trajectory,grain,,1790124600000.0,,9.686854919265961
2026-09-23T00:33:59+00:00,area_trajectory,grain,,1790124720000.0,,9.70351751692221
2026-09-23T00:33:59+00:00,area_trajectory,grain,,1790124840000.0,,9.62020262129232
2026-09-23T00:33:59+00:00,area_trajectory,grain,,1790124960000.0,,9.505137969803059
2026-09-23T00:33:59+00:00,area_trajectory,grain,,1790125080000.0,,9.809831191848959
2026-09-23T00:33:59+00:00,area_trajectory,grain,,1790125200000.0,,9.64265289289877
2026-09-23T00:33:59+00:00,area_trajectory,grain,,1790125320000.0,,9.7664340971224
2026-09-23T00:33:59+00:00,area_trajectory,grain,,1790125440000.0,,9.604565048050139
2026-09-23T00:33:59+00:00,area_trajectory,grain,,1790125560000.0,,9.67220684797689
2026-09-23T00:33:59+00:00,area_trajectory,grain,,1790125680000.0,,9.5172599943392
2026-09-23T00:33:59+00:00,area_trajectory,grain,,1790125800000.0,,9.602953353714199
2026-09-23T00:33:59+00:00,area_trajectory,grain,,1790125920000.0,,9.77434388716146
2026-09-23T00:33:59+00:00,area_trajectory,grain,,1790126040000.0,,9.62437860090658
2026-09-23T00:33:59+00:00,area_trajectory,grain,,1790126160000.0,,9.58662181074545
2026-09-23T00:33:59+00:00,area_trajectory,grain,,1790126280000.0,,9.58662181074545
2026-09-23T00:33:59+00:00,area_trajectory,grain,,1790126400000.0,,9.66755633528158
2026-09-23T00:33:59+00:00,area_trajectory,grain,,1790126520000.0,,9.71937408430502
2026-09-23T00:33:59+00:00,area_trajectory,grain,,1790126640000.0,,9.54011265547201
2026-09-23T00:33:59+00:00,area_trajectory,grain,,1790126760000.0,,9.704360168289389
2026-09-23T00:33:59+00:00,area_trajectory,grain,,1790126880000.0,,9.74958721907064
2026-09-23T00:33:59+00:00,area_trajectory,grain,,1790127000000.0,,9.6874423216097
2026-09-23T00:33:59+00:00,area_trajectory,grain,,1790127120000.0,,9.63239898664877
2026-09-23T00:33:59+00:00,area_trajectory,grain,,1790127240000.0,,9.503857040237639
2026-09-23T00:33:59+00:00,area_trajectory,milford_haven,,1790053200000.0,,7.29270315170288
2026-09-23T00:33:59+00:00,area_trajectory,milford_haven,,1790053320000.0,,7.29270315170288
2026-09-23T00:33:59+00:00,area_trajectory,milford_haven,,1790053440000.0,,7.30491065979004
2026-09-23T00:33:59+00:00,area_trajectory,milford_haven,,1790053560000.0,,7.30491065979004
2026-09-23T00:33:59+00:00,area_trajectory,milford_haven,,1790053680000.0,,7.30491065979004
2026-09-23T00:33:59+00:00,area_trajectory,milford_haven,,1790053800000.0,,7.30491065979004
2026-09-23T00:33:59+00:00,area_trajectory,milford_haven,,1790053920000.0,,7.30491065979004
2026-09-23T00:33:59+00:00,area_trajectory,milford_haven,,1790054040000.0,,7.35374021530151
2026-09-23T00:33:59+00:00,area_trajectory,milford_haven,,1790054160000.0,,7.35374021530151
2026-09-23T00:33:59+00:00,area_trajectory,milford_haven,,1790054280000.0,,7.35374021530151
2026-09-23T00:33:59+00:00,area_trajectory,milford_haven,,1790054400000.0,,7.35374021530151
2026-09-23T00:33:59+00:00,area_trajectory,milford_haven,,1790054520000.0,,7.35374021530151
2026-09-23T00:33:59+00:00,area_trajectory,milford_haven,,1790054640000.0,,7.331766605377201
2026-09-23T00:33:59+00:00,area_trajectory,milford_haven,,1790054760000.0,,7.331766605377201
2026-09-23T00:33:59+00:00,area_trajectory,milford_haven,,1790054880000.0,,7.331766605377201
2026-09-23T00:33:59+00:00,area_trajectory,milford_haven,,1790055000000.0,,7.331766605377201
2026-09-23T00:33:59+00:00,area_trajectory,milford_haven,,1790055120000.0,,7.331766605377201
2026-09-23T00:33:59+00:00,area_trajectory,milford_haven,,1790055240000.0,,7.331766605377201
2026-09-23T00:33:59+00:00,area_trajectory,milford_haven,,1790055360000.0,,7.331766605377201
2026-09-23T00:33:59+00:00,area_trajectory,milford_haven,,1790055480000.0,,7.331766605377201
2026-09-23T00:33:59+00:00,area_trajectory,milford_haven,,1790055600000.0,,7.30246877670288
2026-09-23T00:33:59+00:00,area_trajectory,milford_haven,,1790055720000.0,,7.348856925964359
2026-09-23T00:33:59+00:00,area_trajectory,milford_haven,,1790055840000.0,,7.348856925964359
2026-09-23T00:33:59+00:00,area_trajectory,milford_haven,,1790055960000.0,,7.348856925964359
2026-09-23T00:33:59+00:00,area_trajectory,milford_haven,,1790056080000.0,,7.348856925964359
2026-09-23T00:33:59+00:00,area_trajectory,milford_haven,,1790056200000.0,,7.348856925964359
2026-09-23T00:33:59+00:00,area_trajectory,milford_haven,,1790056320000.0,,7.348856925964359
2026-09-23T00:33:59+00:00,area_trajectory,milford_haven,,1790056440000.0,,7.348856925964359
2026-09-23T00:33:59+00:00,area_trajectory,milford_haven,,1790056560000.0,,7.348856925964359
2026-09-23T00:33:59+00:00,area_trajectory,milford_haven,,1790056680000.0,,7.343974113464361
2026-09-23T00:33:59+00:00,area_trajectory,milford_haven,,1790056800000.0,,7.343974113464361
2026-09-23T00:33:59+00:00,area_trajectory,milford_haven,,1790056920000.0,,7.343974113464361
2026-09-23T00:33:59+00:00,area_trajectory,milford_haven,,1790057040000.0,,7.31223487854004
2026-09-23T00:33:59+00:00,area_trajectory,milford_haven,,1790057160000.0,,7.31223487854004
2026-09-23T00:33:59+00:00,area_trajectory,milford_haven,,1790057280000.0,,7.31223487854004
2026-09-23T00:33:59+00:00,area_trajectory,milford_haven,,1790057400000.0,,7.31223487854004
2026-09-23T00:33:59+00:00,area_trajectory,milford_haven,,1790057520000.0,,7.31223487854004
2026-09-23T00:33:59+00:00,area_trajectory,milford_haven,,1790057640000.0,,7.31223487854004
2026-09-23T00:33:59+00:00,area_trajectory,milford_haven,,1790057760000.0,,7.31223487854004
2026-09-23T00:33:59+00:00,area_trajectory,milford_haven,,1790057880000.0,,7.31223487854004
2026-09-23T00:33:59+00:00,area_trajectory,milford_haven,,1790058000000.0,,7.31223487854004
2026-09-23T00:33:59+00:00,area_trajectory,milford_haven,,1790058120000.0,,7.31223487854004
2026-09-23T00:33:59+00:00,area_trajectory,milford_haven,,1790058240000.0,,7.24387359619141
2026-09-23T00:33:59+00:00,area_trajectory,milford_haven,,1790058360000.0,,7.29514455795288
2026-09-23T00:33:59+00:00,area_trajectory,milford_haven,,1790058480000.0,,7.29514455795288
2026-09-23T00:33:59+00:00,area_trajectory,milford_haven,,1790058600000.0,,7.29514455795288
2026-09-23T00:33:59+00:00,area_trajectory,milford_haven,,1790058720000.0,,7.29514455795288
2026-09-23T00:33:59+00:00,area_trajectory,milford_haven,,1790058840000.0,,7.29514455795288
2026-09-23T00:33:59+00:00,area_trajectory,milford_haven,,1790058960000.0,,7.28537845611572
2026-09-23T00:33:59+00:00,area_trajectory,milford_haven,,1790059080000.0,,7.28537845611572
2026-09-23T00:33:59+00:00,area_trajectory,milford_haven,,1790059200000.0,,7.28537845611572
2026-09-23T00:33:59+00:00,area_trajectory,milford_haven,,1790059320000.0,,7.28537845611572
2026-09-23T00:33:59+00:00,area_trajectory,milford_haven,,1790059440000.0,,7.28537845611572
2026-09-23T00:33:59+00:00,area_trajectory,milford_haven,,1790059560000.0,,7.28537845611572
2026-09-23T00:33:59+00:00,area_trajectory,milford_haven,,1790059680000.0,,7.28537845611572
2026-09-23T00:33:59+00:00,area_trajectory,milford_haven,,1790059800000.0,,7.28537845611572
2026-09-23T00:33:59+00:00,area_trajectory,milford_haven,,1790059920000.0,,7.334208011627201
2026-09-23T00:33:59+00:00,area_trajectory,milford_haven,,1790060040000.0,,7.334208011627201
2026-09-23T00:33:59+00:00,area_trajectory,milford_haven,,1790060160000.0,,7.334208011627201
2026-09-23T00:33:59+00:00,area_trajectory,milford_haven,,1790060280000.0,,7.334208011627201
2026-09-23T00:33:59+00:00,area_trajectory,milford_haven,,1790060400000.0,,7.334208011627201
2026-09-23T00:33:59+00:00,area_trajectory,milford_haven,,1790060520000.0,,7.334208011627201
2026-09-23T00:33:59+00:00,area_trajectory,milford_haven,,1790060640000.0,,7.30735206604004
2026-09-23T00:33:59+00:00,area_trajectory,milford_haven,,1790060760000.0,,7.343974113464361
2026-09-23T00:33:59+00:00,area_trajectory,milford_haven,,1790060880000.0,,7.343974113464361
2026-09-23T00:33:59+00:00,area_trajectory,milford_haven,,1790061000000.0,,7.343974113464361
2026-09-23T00:33:59+00:00,area_trajectory,milford_haven,,1790061120000.0,,7.343974113464361
2026-09-23T00:33:59+00:00,area_trajectory,milford_haven,,1790061240000.0,,7.343974113464361
2026-09-23T00:33:59+00:00,area_trajectory,milford_haven,,1790061360000.0,,7.28781986236572
2026-09-23T00:33:59+00:00,area_trajectory,milford_haven,,1790061480000.0,,7.28781986236572
2026-09-23T00:33:59+00:00,area_trajectory,milford_haven,,1790061600000.0,,7.28781986236572
2026-09-23T00:33:59+00:00,area_trajectory,milford_haven,,1790061720000.0,,7.28781986236572
2026-09-23T00:33:59+00:00,area_trajectory,milford_haven,,1790061840000.0,,7.28781986236572
2026-09-23T00:33:59+00:00,area_trajectory,milford_haven,,1790061960000.0,,7.28781986236572
2026-09-23T00:33:59+00:00,area_trajectory,milford_haven,,1790062080000.0,,7.31955909729004
2026-09-23T00:33:59+00:00,area_trajectory,milford_haven,,1790062200000.0,,7.31955909729004
2026-09-23T00:33:59+00:00,area_trajectory,milford_haven,,1790062320000.0,,7.31955909729004
2026-09-23T00:33:59+00:00,area_trajectory,milford_haven,,1790062440000.0,,7.31955909729004
2026-09-23T00:33:59+00:00,area_trajectory,milford_haven,,1790062560000.0,,7.31955909729004
2026-09-23T00:33:59+00:00,area_trajectory,milford_haven,,1790062680000.0,,7.31955909729004
2026-09-23T00:33:59+00:00,area_trajectory,milford_haven,,1790062800000.0,,7.31955909729004
2026-09-23T00:33:59+00:00,area_trajectory,milford_haven,,1790062920000.0,,7.31955909729004
2026-09-23T00:33:59+00:00,area_trajectory,milford_haven,,1790063040000.0,,7.31955909729004
2026-09-23T00:33:59+00:00,area_trajectory,milford_haven,,1790063160000.0,,7.334208011627201
2026-09-23T00:33:59+00:00,area_trajectory,milford_haven,,1790063280000.0,,7.331766605377201
2026-09-23T00:33:59+00:00,area_trajectory,milford_haven,,1790063400000.0,,7.331766605377201
2026-09-23T00:33:59+00:00,area_trajectory,milford_haven,,1790063520000.0,,7.30002737045288
2026-09-23T00:33:59+00:00,area_trajectory,milford_haven,,1790063640000.0,,7.30002737045288
2026-09-23T00:33:59+00:00,area_trajectory,milford_haven,,1790063760000.0,,7.30002737045288
2026-09-23T00:33:59+00:00,area_trajectory,milford_haven,,1790063880000.0,,7.30002737045288
2026-09-23T00:33:59+00:00,area_trajectory,milford_haven,,1790064000000.0,,7.30002737045288
2026-09-23T00:33:59+00:00,area_trajectory,milford_haven,,1790064120000.0,,7.30002737045288
2026-09-23T00:33:59+00:00,area_trajectory,milford_haven,,1790064240000.0,,7.30491065979004
2026-09-23T00:33:59+00:00,area_trajectory,milford_haven,,1790064360000.0,,7.30491065979004
2026-09-23T00:33:59+00:00,area_trajectory,milford_haven,,1790064480000.0,,7.30491065979004
2026-09-23T00:33:59+00:00,area_trajectory,milford_haven,,1790064600000.0,,7.30491065979004
2026-09-23T00:33:59+00:00,area_trajectory,milford_haven,,1790064720000.0,,7.30491065979004
2026-09-23T00:33:59+00:00,area_trajectory,milford_haven,,1790064840000.0,,7.30491065979004
2026-09-23T00:33:59+00:00,area_trajectory,milford_haven,,1790064960000.0,,7.30491065979004
2026-09-23T00:33:59+00:00,area_trajectory,milford_haven,,1790065080000.0,,7.30491065979004
2026-09-23T00:33:59+00:00,area_trajectory,milford_haven,,1790065200000.0,,7.30491065979004
2026-09-23T00:33:59+00:00,area_trajectory,milford_haven,,1790065320000.0,,7.30491065979004
2026-09-23T00:33:59+00:00,area_trajectory,milford_haven,,1790065440000.0,,7.30491065979004
2026-09-23T00:33:59+00:00,area_trajectory,milford_haven,,1790065560000.0,,7.30491065979004
2026-09-23T00:33:59+00:00,area_trajectory,milford_haven,,1790065680000.0,,7.30491065979004
2026-09-23T00:33:59+00:00,area_trajectory,milford_haven,,1790065800000.0,,7.30491065979004
2026-09-23T00:33:59+00:00,area_trajectory,milford_haven,,1790065920000.0,,7.30491065979004
2026-09-23T00:33:59+00:00,area_trajectory,milford_haven,,1790066040000.0,,7.30491065979004
2026-09-23T00:33:59+00:00,area_trajectory,milford_haven,,1790066160000.0,,7.30491065979004
2026-09-23T00:33:59+00:00,area_trajectory,milford_haven,,1790066280000.0,,7.30491065979004
2026-09-23T00:33:59+00:00,area_trajectory,milford_haven,,1790066400000.0,,7.30491065979004
2026-09-23T00:33:59+00:00,area_trajectory,milford_haven,,1790066520000.0,,7.30491065979004
2026-09-23T00:33:59+00:00,area_trajectory,milford_haven,,1790066640000.0,,7.30491065979004
2026-09-23T00:33:59+00:00,area_trajectory,milford_haven,,1790066760000.0,,7.30491065979004
2026-09-23T00:33:59+00:00,area_trajectory,milford_haven,,1790066880000.0,,7.30491065979004
2026-09-23T00:33:59+00:00,area_trajectory,milford_haven,,1790067000000.0,,7.30491065979004
2026-09-23T00:33:59+00:00,area_trajectory,milford_haven,,1790067120000.0,,7.30491065979004
2026-09-23T00:33:59+00:00,area_trajectory,milford_haven,,1790067240000.0,,7.30491065979004
2026-09-23T00:33:59+00:00,area_trajectory,milford_haven,,1790067360000.0,,7.30491065979004
2026-09-23T00:33:59+00:00,area_trajectory,milford_haven,,1790067480000.0,,7.30491065979004
2026-09-23T00:33:59+00:00,area_trajectory,milford_haven,,1790067600000.0,,7.30491065979004
2026-09-23T00:33:59+00:00,area_trajectory,milford_haven,,1790067720000.0,,7.30491065979004
2026-09-23T00:33:59+00:00,area_trajectory,milford_haven,,1790067840000.0,,7.3220009803772
2026-09-23T00:33:59+00:00,area_trajectory,milford_haven,,1790067960000.0,,7.3220009803772
2026-09-23T00:33:59+00:00,area_trajectory,milford_haven,,1790068080000.0,,7.3220009803772
2026-09-23T00:33:59+00:00,area_trajectory,milford_haven,,1790068200000.0,,7.3220009803772
2026-09-23T00:33:59+00:00,area_trajectory,milford_haven,,1790068320000.0,,7.3220009803772
2026-09-23T00:33:59+00:00,area_trajectory,milford_haven,,1790068440000.0,,7.3220009803772
2026-09-23T00:33:59+00:00,area_trajectory,milford_haven,,1790068560000.0,,7.3220009803772
2026-09-23T00:33:59+00:00,area_trajectory,milford_haven,,1790068680000.0,,7.3220009803772
2026-09-23T00:33:59+00:00,area_trajectory,milford_haven,,1790068800000.0,,7.3220009803772
2026-09-23T00:33:59+00:00,area_trajectory,milford_haven,,1790068920000.0,,7.3220009803772
2026-09-23T00:33:59+00:00,area_trajectory,milford_haven,,1790069040000.0,,7.3220009803772
2026-09-23T00:33:59+00:00,area_trajectory,milford_haven,,1790069160000.0,,7.3220009803772
2026-09-23T00:33:59+00:00,area_trajectory,milford_haven,,1790069280000.0,,7.3220009803772
2026-09-23T00:33:59+00:00,area_trajectory,milford_haven,,1790069400000.0,,7.3220009803772
2026-09-23T00:33:59+00:00,area_trajectory,milford_haven,,1790069520000.0,,7.3220009803772
2026-09-23T00:33:59+00:00,area_trajectory,milford_haven,,1790069640000.0,,7.3220009803772
2026-09-23T00:33:59+00:00,area_trajectory,milford_haven,,1790069760000.0,,7.3220009803772
2026-09-23T00:33:59+00:00,area_trajectory,milford_haven,,1790069880000.0,,7.3220009803772
2026-09-23T00:33:59+00:00,area_trajectory,milford_haven,,1790070000000.0,,7.3220009803772
2026-09-23T00:33:59+00:00,area_trajectory,milford_haven,,1790070120000.0,,7.3220009803772
2026-09-23T00:33:59+00:00,area_trajectory,milford_haven,,1790070240000.0,,7.3220009803772
2026-09-23T00:33:59+00:00,area_trajectory,milford_haven,,1790070360000.0,,7.3220009803772
2026-09-23T00:33:59+00:00,area_trajectory,milford_haven,,1790070480000.0,,7.3220009803772
2026-09-23T00:33:59+00:00,area_trajectory,milford_haven,,1790070600000.0,,7.3220009803772
2026-09-23T00:33:59+00:00,area_trajectory,milford_haven,,1790070720000.0,,7.3220009803772
2026-09-23T00:33:59+00:00,area_trajectory,milford_haven,,1790070840000.0,,7.3220009803772
2026-09-23T00:33:59+00:00,area_trajectory,milford_haven,,1790070960000.0,,7.3220009803772
2026-09-23T00:33:59+00:00,area_trajectory,milford_haven,,1790071080000.0,,7.3220009803772
2026-09-23T00:33:59+00:00,area_trajectory,milford_haven,,1790071200000.0,,7.3220009803772
2026-09-23T00:33:59+00:00,area_trajectory,milford_haven,,1790071320000.0,,7.3220009803772
2026-09-23T00:33:59+00:00,area_trajectory,milford_haven,,1790071440000.0,,7.3220009803772
2026-09-23T00:33:59+00:00,area_trajectory,milford_haven,,1790071560000.0,,7.36838912963867
2026-09-23T00:33:59+00:00,area_trajectory,milford_haven,,1790071680000.0,,7.28781986236572
2026-09-23T00:33:59+00:00,area_trajectory,milford_haven,,1790071800000.0,,7.28781986236572
2026-09-23T00:33:59+00:00,area_trajectory,milford_haven,,1790071920000.0,,7.28781986236572
2026-09-23T00:33:59+00:00,area_trajectory,milford_haven,,1790072040000.0,,7.28781986236572
2026-09-23T00:33:59+00:00,area_trajectory,milford_haven,,1790072160000.0,,7.28781986236572
2026-09-23T00:33:59+00:00,area_trajectory,milford_haven,,1790072280000.0,,7.28781986236572
2026-09-23T00:33:59+00:00,area_trajectory,milford_haven,,1790072400000.0,,7.383037567138669
2026-09-23T00:33:59+00:00,area_trajectory,milford_haven,,1790072520000.0,,7.383037567138669
2026-09-23T00:33:59+00:00,area_trajectory,milford_haven,,1790072640000.0,,7.383037567138669
2026-09-23T00:33:59+00:00,area_trajectory,milford_haven,,1790072760000.0,,7.383037567138669
2026-09-23T00:33:59+00:00,area_trajectory,milford_haven,,1790072880000.0,,7.383037567138669
2026-09-23T00:33:59+00:00,area_trajectory,milford_haven,,1790073000000.0,,7.18771934509277
2026-09-23T00:33:59+00:00,area_trajectory,milford_haven,,1790073120000.0,,7.273170948028559
2026-09-23T00:33:59+00:00,area_trajectory,milford_haven,,1790073240000.0,,7.273170948028559
2026-09-23T00:33:59+00:00,area_trajectory,milford_haven,,1790073360000.0,,7.273170948028559
2026-09-23T00:33:59+00:00,area_trajectory,milford_haven,,1790073480000.0,,7.273170948028559
2026-09-23T00:33:59+00:00,area_trajectory,milford_haven,,1790073600000.0,,7.273170948028559
2026-09-23T00:33:59+00:00,area_trajectory,milford_haven,,1790073720000.0,,7.273170948028559
2026-09-23T00:33:59+00:00,area_trajectory,milford_haven,,1790073840000.0,,7.273170948028559
2026-09-23T00:33:59+00:00,area_trajectory,milford_haven,,1790073960000.0,,7.273170948028559
2026-09-23T00:33:59+00:00,area_trajectory,milford_haven,,1790074080000.0,,7.273170948028559
2026-09-23T00:33:59+00:00,area_trajectory,milford_haven,,1790074200000.0,,7.273170948028559
2026-09-23T00:33:59+00:00,area_trajectory,milford_haven,,1790074320000.0,,7.273170948028559
2026-09-23T00:33:59+00:00,area_trajectory,milford_haven,,1790074440000.0,,7.273170948028559
2026-09-23T00:33:59+00:00,area_trajectory,milford_haven,,1790074560000.0,,7.273170948028559
2026-09-23T00:33:59+00:00,area_trajectory,milford_haven,,1790074680000.0,,7.31955909729004
2026-09-23T00:33:59+00:00,area_trajectory,milford_haven,,1790074800000.0,,7.31955909729004
2026-09-23T00:33:59+00:00,area_trajectory,milford_haven,,1790074920000.0,,7.31955909729004
2026-09-23T00:33:59+00:00,area_trajectory,milford_haven,,1790075040000.0,,7.275612831115719
2026-09-23T00:33:59+00:00,area_trajectory,milford_haven,,1790075160000.0,,7.36594724655151
2026-09-23T00:33:59+00:00,area_trajectory,milford_haven,,1790075280000.0,,7.28293704986572
2026-09-23T00:33:59+00:00,area_trajectory,milford_haven,,1790075400000.0,,7.28293704986572
2026-09-23T00:33:59+00:00,area_trajectory,milford_haven,,1790075520000.0,,7.28293704986572
2026-09-23T00:33:59+00:00,area_trajectory,milford_haven,,1790075640000.0,,7.28293704986572
2026-09-23T00:33:59+00:00,area_trajectory,milford_haven,,1790075760000.0,,7.29270315170288
2026-09-23T00:33:59+00:00,area_trajectory,milford_haven,,1790075880000.0,,7.29270315170288
2026-09-23T00:33:59+00:00,area_trajectory,milford_haven,,1790076000000.0,,7.29270315170288
2026-09-23T00:33:59+00:00,area_trajectory,milford_haven,,1790076120000.0,,7.29270315170288
2026-09-23T00:33:59+00:00,area_trajectory,milford_haven,,1790076240000.0,,7.29270315170288
2026-09-23T00:33:59+00:00,area_trajectory,milford_haven,,1790076360000.0,,7.29270315170288
2026-09-23T00:33:59+00:00,area_trajectory,milford_haven,,1790076480000.0,,7.29270315170288
2026-09-23T00:33:59+00:00,area_trajectory,milford_haven,,1790076600000.0,,7.29270315170288
2026-09-23T00:33:59+00:00,area_trajectory,milford_haven,,1790076720000.0,,7.29270315170288
2026-09-23T00:33:59+00:00,area_trajectory,milford_haven,,1790076840000.0,,7.29270315170288
2026-09-23T00:33:59+00:00,area_trajectory,milford_haven,,1790076960000.0,,7.29270315170288
2026-09-23T00:33:59+00:00,area_trajectory,milford_haven,,1790077080000.0,,7.29270315170288
2026-09-23T00:33:59+00:00,area_trajectory,milford_haven,,1790077200000.0,,7.29270315170288
2026-09-23T00:33:59+00:00,area_trajectory,milford_haven,,1790077320000.0,,7.29270315170288
2026-09-23T00:33:59+00:00,area_trajectory,milford_haven,,1790077440000.0,,7.29270315170288
2026-09-23T00:33:59+00:00,area_trajectory,milford_haven,,1790077560000.0,,7.29270315170288
2026-09-23T00:33:59+00:00,area_trajectory,milford_haven,,1790077680000.0,,7.29270315170288
2026-09-23T00:33:59+00:00,area_trajectory,milford_haven,,1790077800000.0,,7.29270315170288
2026-09-23T00:33:59+00:00,area_trajectory,milford_haven,,1790077920000.0,,7.341532707214361
2026-09-23T00:33:59+00:00,area_trajectory,milford_haven,,1790078040000.0,,7.341532707214361
2026-09-23T00:33:59+00:00,area_trajectory,milford_haven,,1790078160000.0,,7.341532707214361
2026-09-23T00:33:59+00:00,area_trajectory,milford_haven,,1790078280000.0,,7.36594724655151
2026-09-23T00:33:59+00:00,area_trajectory,milford_haven,,1790078400000.0,,7.36594724655151
2026-09-23T00:33:59+00:00,area_trajectory,milford_haven,,1790078520000.0,,7.36594724655151
2026-09-23T00:33:59+00:00,area_trajectory,milford_haven,,1790078640000.0,,7.28293704986572
2026-09-23T00:33:59+00:00,area_trajectory,milford_haven,,1790078760000.0,,7.28293704986572
2026-09-23T00:33:59+00:00,area_trajectory,milford_haven,,1790078880000.0,,7.29758596420288
2026-09-23T00:33:59+00:00,area_trajectory,milford_haven,,1790079000000.0,,7.29758596420288
2026-09-23T00:33:59+00:00,area_trajectory,milford_haven,,1790079120000.0,,7.29758596420288
2026-09-23T00:33:59+00:00,area_trajectory,milford_haven,,1790079240000.0,,7.390362262725829
2026-09-23T00:33:59+00:00,area_trajectory,milford_haven,,1790079360000.0,,7.390362262725829
2026-09-23T00:33:59+00:00,area_trajectory,milford_haven,,1790079480000.0,,7.390362262725829
2026-09-23T00:33:59+00:00,area_trajectory,milford_haven,,1790079600000.0,,7.390362262725829
2026-09-23T00:33:59+00:00,area_trajectory,milford_haven,,1790079720000.0,,7.390362262725829
2026-09-23T00:33:59+00:00,area_trajectory,milford_haven,,1790079840000.0,,7.390362262725829
2026-09-23T00:33:59+00:00,area_trajectory,milford_haven,,1790079960000.0,,7.390362262725829
2026-09-23T00:33:59+00:00,area_trajectory,milford_haven,,1790080080000.0,,7.390362262725829
2026-09-23T00:33:59+00:00,area_trajectory,milford_haven,,1790080200000.0,,7.29270315170288
2026-09-23T00:33:59+00:00,area_trajectory,milford_haven,,1790080320000.0,,7.29270315170288
2026-09-23T00:33:59+00:00,area_trajectory,milford_haven,,1790080440000.0,,7.29270315170288
2026-09-23T00:33:59+00:00,area_trajectory,milford_haven,,1790080560000.0,,7.31711769104004
2026-09-23T00:33:59+00:00,area_trajectory,milford_haven,,1790080680000.0,,7.31711769104004
2026-09-23T00:33:59+00:00,area_trajectory,milford_haven,,1790080800000.0,,7.31711769104004
2026-09-23T00:33:59+00:00,area_trajectory,milford_haven,,1790080920000.0,,7.31711769104004
2026-09-23T00:33:59+00:00,area_trajectory,milford_haven,,1790081040000.0,,7.31711769104004
2026-09-23T00:33:59+00:00,area_trajectory,milford_haven,,1790081160000.0,,7.31711769104004
2026-09-23T00:33:59+00:00,area_trajectory,milford_haven,,1790081280000.0,,7.31711769104004
2026-09-23T00:33:59+00:00,area_trajectory,milford_haven,,1790081400000.0,,7.31711769104004
2026-09-23T00:33:59+00:00,area_trajectory,milford_haven,,1790081520000.0,,7.31711769104004
2026-09-23T00:33:59+00:00,area_trajectory,milford_haven,,1790081640000.0,,7.30002737045288
2026-09-23T00:33:59+00:00,area_trajectory,milford_haven,,1790081760000.0,,7.30002737045288
2026-09-23T00:33:59+00:00,area_trajectory,milford_haven,,1790081880000.0,,7.30002737045288
2026-09-23T00:33:59+00:00,area_trajectory,milford_haven,,1790082000000.0,,7.29026174545288
2026-09-23T00:33:59+00:00,area_trajectory,milford_haven,,1790082120000.0,,7.29026174545288
2026-09-23T00:33:59+00:00,area_trajectory,milford_haven,,1790082240000.0,,7.263405323028561
2026-09-23T00:33:59+00:00,area_trajectory,milford_haven,,1790082360000.0,,7.263405323028561
2026-09-23T00:33:59+00:00,area_trajectory,milford_haven,,1790082480000.0,,7.263405323028561
2026-09-23T00:33:59+00:00,area_trajectory,milford_haven,,1790082600000.0,,7.263405323028561
2026-09-23T00:33:59+00:00,area_trajectory,milford_haven,,1790082720000.0,,7.30491065979004
2026-09-23T00:33:59+00:00,area_trajectory,milford_haven,,1790082840000.0,,7.30491065979004
2026-09-23T00:33:59+00:00,area_trajectory,milford_haven,,1790082960000.0,,7.30491065979004
2026-09-23T00:33:59+00:00,area_trajectory,milford_haven,,1790083080000.0,,7.30491065979004
2026-09-23T00:33:59+00:00,area_trajectory,milford_haven,,1790083200000.0,,7.21457576751709
2026-09-23T00:33:59+00:00,area_trajectory,milford_haven,,1790083320000.0,,7.21457576751709
2026-09-23T00:33:59+00:00,area_trajectory,milford_haven,,1790083440000.0,,7.30491065979004
2026-09-23T00:33:59+00:00,area_trajectory,milford_haven,,1790083560000.0,,7.30491065979004
2026-09-23T00:33:59+00:00,area_trajectory,milford_haven,,1790083680000.0,,7.30491065979004
2026-09-23T00:33:59+00:00,area_trajectory,milford_haven,,1790083800000.0,,7.30491065979004
2026-09-23T00:33:59+00:00,area_trajectory,milford_haven,,1790083920000.0,,7.30491065979004
2026-09-23T00:33:59+00:00,area_trajectory,milford_haven,,1790084040000.0,,7.30246877670288
2026-09-23T00:33:59+00:00,area_trajectory,milford_haven,,1790084160000.0,,7.30246877670288
2026-09-23T00:33:59+00:00,area_trajectory,milford_haven,,1790084280000.0,,7.260963916778561
2026-09-23T00:33:59+00:00,area_trajectory,milford_haven,,1790084400000.0,,7.260963916778561
2026-09-23T00:33:59+00:00,area_trajectory,milford_haven,,1790084520000.0,,7.260963916778561
2026-09-23T00:33:59+00:00,area_trajectory,milford_haven,,1790084640000.0,,7.260963916778561
2026-09-23T00:33:59+00:00,area_trajectory,milford_haven,,1790084760000.0,,7.260963916778561
2026-09-23T00:33:59+00:00,area_trajectory,milford_haven,,1790084880000.0,,7.260963916778561
2026-09-23T00:33:59+00:00,area_trajectory,milford_haven,,1790085000000.0,,7.260963916778561
2026-09-23T00:33:59+00:00,area_trajectory,milford_haven,,1790085120000.0,,7.221899986267091
2026-09-23T00:33:59+00:00,area_trajectory,milford_haven,,1790085240000.0,,7.13156509399414
2026-09-23T00:33:59+00:00,area_trajectory,milford_haven,,1790085360000.0,,7.13156509399414
2026-09-23T00:33:59+00:00,area_trajectory,milford_haven,,1790085480000.0,,7.13156509399414
2026-09-23T00:33:59+00:00,area_trajectory,milford_haven,,1790085600000.0,,7.02414035797119
2026-09-23T00:33:59+00:00,area_trajectory,milford_haven,,1790085720000.0,,7.02414035797119
2026-09-23T00:33:59+00:00,area_trajectory,milford_haven,,1790085840000.0,,6.9264807701110795
2026-09-23T00:33:59+00:00,area_trajectory,milford_haven,,1790085960000.0,,6.64571046829224
2026-09-23T00:33:59+00:00,area_trajectory,milford_haven,,1790086080000.0,,6.64571046829224
2026-09-23T00:33:59+00:00,area_trajectory,milford_haven,,1790086200000.0,,6.63594484329224
2026-09-23T00:33:59+00:00,area_trajectory,milford_haven,,1790086320000.0,,6.63594484329224
2026-09-23T00:33:59+00:00,area_trajectory,milford_haven,,1790086440000.0,,6.64082765579224
2026-09-23T00:33:59+00:00,area_trajectory,milford_haven,,1790086560000.0,,6.64082765579224
2026-09-23T00:33:59+00:00,area_trajectory,milford_haven,,1790086680000.0,,6.64082765579224
2026-09-23T00:33:59+00:00,area_trajectory,milford_haven,,1790086800000.0,,6.64082765579224
2026-09-23T00:33:59+00:00,area_trajectory,milford_haven,,1790086920000.0,,6.64082765579224
2026-09-23T00:33:59+00:00,area_trajectory,milford_haven,,1790087040000.0,,6.64082765579224
2026-09-23T00:33:59+00:00,area_trajectory,milford_haven,,1790087160000.0,,6.64082765579224
2026-09-23T00:33:59+00:00,area_trajectory,milford_haven,,1790087280000.0,,6.64082765579224
2026-09-23T00:33:59+00:00,area_trajectory,milford_haven,,1790087400000.0,,6.64082765579224
2026-09-23T00:33:59+00:00,area_trajectory,milford_haven,,1790087520000.0,,6.64082765579224
2026-09-23T00:33:59+00:00,area_trajectory,milford_haven,,1790087640000.0,,6.618854522705081
2026-09-23T00:33:59+00:00,area_trajectory,milford_haven,,1790087760000.0,,6.618854522705081
2026-09-23T00:33:59+00:00,area_trajectory,milford_haven,,1790087880000.0,,6.618854522705081
2026-09-23T00:33:59+00:00,area_trajectory,milford_haven,,1790088000000.0,,6.618854522705081
2026-09-23T00:33:59+00:00,area_trajectory,milford_haven,,1790088120000.0,,6.618854522705081
2026-09-23T00:33:59+00:00,area_trajectory,milford_haven,,1790088240000.0,,6.70430612564087
2026-09-23T00:33:59+00:00,area_trajectory,milford_haven,,1790088360000.0,,6.70430612564087
2026-09-23T00:33:59+00:00,area_trajectory,milford_haven,,1790088480000.0,,6.70430612564087
2026-09-23T00:33:59+00:00,area_trajectory,milford_haven,,1790088600000.0,,6.64326906204224
2026-09-23T00:33:59+00:00,area_trajectory,milford_haven,,1790088720000.0,,6.64326906204224
2026-09-23T00:33:59+00:00,area_trajectory,milford_haven,,1790088840000.0,,6.64326906204224
2026-09-23T00:33:59+00:00,area_trajectory,milford_haven,,1790088960000.0,,6.64326906204224
2026-09-23T00:33:59+00:00,area_trajectory,milford_haven,,1790089080000.0,,6.64326906204224
2026-09-23T00:33:59+00:00,area_trajectory,milford_haven,,1790089200000.0,,6.64326906204224
2026-09-23T00:33:59+00:00,area_trajectory,milford_haven,,1790089320000.0,,6.6579179763794
2026-09-23T00:33:59+00:00,area_trajectory,milford_haven,,1790089440000.0,,6.6505937576294
2026-09-23T00:33:59+00:00,area_trajectory,milford_haven,,1790089560000.0,,6.6505937576294
2026-09-23T00:33:59+00:00,area_trajectory,milford_haven,,1790089680000.0,,6.667684078216549
2026-09-23T00:33:59+00:00,area_trajectory,milford_haven,,1790089800000.0,,6.5749077796936
2026-09-23T00:33:59+00:00,area_trajectory,milford_haven,,1790089920000.0,,6.5749077796936
2026-09-23T00:33:59+00:00,area_trajectory,milford_haven,,1790090040000.0,,6.51875352859497
2026-09-23T00:33:59+00:00,area_trajectory,milford_haven,,1790090160000.0,,6.51875352859497
2026-09-23T00:33:59+00:00,area_trajectory,milford_haven,,1790090280000.0,,6.4674825668335005
2026-09-23T00:33:59+00:00,area_trajectory,milford_haven,,1790090400000.0,,6.4674825668335005
2026-09-23T00:33:59+00:00,area_trajectory,milford_haven,,1790090520000.0,,6.4674825668335005
2026-09-23T00:33:59+00:00,area_trajectory,milford_haven,,1790090640000.0,,6.404004096984861
2026-09-23T00:33:59+00:00,area_trajectory,milford_haven,,1790090760000.0,,6.404004096984861
2026-09-23T00:33:59+00:00,area_trajectory,milford_haven,,1790090880000.0,,6.404004096984861
2026-09-23T00:33:59+00:00,area_trajectory,milford_haven,,1790091000000.0,,6.391796588897701
2026-09-23T00:33:59+00:00,area_trajectory,milford_haven,,1790091120000.0,,6.391796588897701
2026-09-23T00:33:59+00:00,area_trajectory,milford_haven,,1790091240000.0,,6.391796588897701
2026-09-23T00:33:59+00:00,area_trajectory,milford_haven,,1790091360000.0,,6.43330192565918
2026-09-23T00:33:59+00:00,area_trajectory,milford_haven,,1790091480000.0,,6.43330192565918
2026-09-23T00:33:59+00:00,area_trajectory,milford_haven,,1790091600000.0,,6.43330192565918
2026-09-23T00:33:59+00:00,area_trajectory,milford_haven,,1790091720000.0,,6.41865301132202
2026-09-23T00:33:59+00:00,area_trajectory,milford_haven,,1790091840000.0,,6.41865301132202
2026-09-23T00:33:59+00:00,area_trajectory,milford_haven,,1790091960000.0,,6.41865301132202
2026-09-23T00:33:59+00:00,area_trajectory,milford_haven,,1790092080000.0,,6.41865301132202
2026-09-23T00:33:59+00:00,area_trajectory,milford_haven,,1790092200000.0,,6.41865301132202
2026-09-23T00:33:59+00:00,area_trajectory,milford_haven,,1790092320000.0,,6.401562690734861
2026-09-23T00:33:59+00:00,area_trajectory,milford_haven,,1790092440000.0,,6.401562690734861
2026-09-23T00:33:59+00:00,area_trajectory,milford_haven,,1790092560000.0,,6.401562690734861
2026-09-23T00:33:59+00:00,area_trajectory,milford_haven,,1790092680000.0,,6.401562690734861
2026-09-23T00:33:59+00:00,area_trajectory,milford_haven,,1790092800000.0,,6.401562690734861
2026-09-23T00:33:59+00:00,area_trajectory,milford_haven,,1790092920000.0,,6.401562690734861
2026-09-23T00:33:59+00:00,area_trajectory,milford_haven,,1790093040000.0,,6.401562690734861
2026-09-23T00:33:59+00:00,area_trajectory,milford_haven,,1790093160000.0,,6.42109441757202
2026-09-23T00:33:59+00:00,area_trajectory,milford_haven,,1790093280000.0,,6.42109441757202
2026-09-23T00:33:59+00:00,area_trajectory,milford_haven,,1790093400000.0,,6.41865301132202
2026-09-23T00:33:59+00:00,area_trajectory,milford_haven,,1790093520000.0,,6.41865301132202
2026-09-23T00:33:59+00:00,area_trajectory,milford_haven,,1790093640000.0,,6.41865301132202
2026-09-23T00:33:59+00:00,area_trajectory,milford_haven,,1790093760000.0,,6.41865301132202
2026-09-23T00:33:59+00:00,area_trajectory,milford_haven,,1790093880000.0,,6.41865301132202
2026-09-23T00:33:59+00:00,area_trajectory,milford_haven,,1790094000000.0,,6.41865301132202
2026-09-23T00:33:59+00:00,area_trajectory,milford_haven,,1790094120000.0,,6.41865301132202
2026-09-23T00:33:59+00:00,area_trajectory,milford_haven,,1790094240000.0,,6.41865301132202
2026-09-23T00:33:59+00:00,area_trajectory,milford_haven,,1790094360000.0,,6.41865301132202
2026-09-23T00:33:59+00:00,area_trajectory,milford_haven,,1790094480000.0,,6.41865301132202
2026-09-23T00:33:59+00:00,area_trajectory,milford_haven,,1790094600000.0,,6.33808422088623
2026-09-23T00:33:59+00:00,area_trajectory,milford_haven,,1790094720000.0,,6.2160100936889595
2026-09-23T00:33:59+00:00,area_trajectory,milford_haven,,1790094840000.0,,6.2160100936889595
2026-09-23T00:33:59+00:00,area_trajectory,milford_haven,,1790094960000.0,,6.2160100936889595
2026-09-23T00:33:59+00:00,area_trajectory,milford_haven,,1790095080000.0,,6.18671226501465
2026-09-23T00:33:59+00:00,area_trajectory,milford_haven,,1790095200000.0,,6.18671226501465
2026-09-23T00:33:59+00:00,area_trajectory,milford_haven,,1790095320000.0,,6.18671226501465
2026-09-23T00:33:59+00:00,area_trajectory,milford_haven,,1790095440000.0,,6.18671226501465
2026-09-23T00:33:59+00:00,area_trajectory,milford_haven,,1790095560000.0,,6.18671226501465
2026-09-23T00:33:59+00:00,area_trajectory,milford_haven,,1790095680000.0,,6.181829452514649
2026-09-23T00:33:59+00:00,area_trajectory,milford_haven,,1790095800000.0,,6.181829452514649
2026-09-23T00:33:59+00:00,area_trajectory,milford_haven,,1790095920000.0,,6.181829452514649
2026-09-23T00:33:59+00:00,area_trajectory,milford_haven,,1790096040000.0,,6.181829452514649
2026-09-23T00:33:59+00:00,area_trajectory,milford_haven,,1790096160000.0,,6.14276552200317
2026-09-23T00:33:59+00:00,area_trajectory,milford_haven,,1790096280000.0,,6.14276552200317
2026-09-23T00:33:59+00:00,area_trajectory,milford_haven,,1790096400000.0,,6.14276552200317
2026-09-23T00:33:59+00:00,area_trajectory,milford_haven,,1790096520000.0,,6.14276552200317
2026-09-23T00:33:59+00:00,area_trajectory,milford_haven,,1790096640000.0,,6.0939359664917
2026-09-23T00:33:59+00:00,area_trajectory,milford_haven,,1790096760000.0,,6.0939359664917
2026-09-23T00:33:59+00:00,area_trajectory,milford_haven,,1790096880000.0,,6.130558013916019
2026-09-23T00:33:59+00:00,area_trajectory,milford_haven,,1790097000000.0,,6.130558013916019
2026-09-23T00:33:59+00:00,area_trajectory,milford_haven,,1790097120000.0,,6.130558013916019
2026-09-23T00:33:59+00:00,area_trajectory,milford_haven,,1790097240000.0,,6.130558013916019
2026-09-23T00:33:59+00:00,area_trajectory,milford_haven,,1790097360000.0,,6.130558013916019
2026-09-23T00:33:59+00:00,area_trajectory,milford_haven,,1790097480000.0,,6.10858488082886
2026-09-23T00:33:59+00:00,area_trajectory,milford_haven,,1790097600000.0,,6.10858488082886
2026-09-23T00:33:59+00:00,area_trajectory,milford_haven,,1790097720000.0,,6.10858488082886
2026-09-23T00:33:59+00:00,area_trajectory,milford_haven,,1790097840000.0,,6.10858488082886
2026-09-23T00:33:59+00:00,area_trajectory,milford_haven,,1790097960000.0,,6.11102628707886
2026-09-23T00:33:59+00:00,area_trajectory,milford_haven,,1790098080000.0,,6.11102628707886
2026-09-23T00:33:59+00:00,area_trajectory,milford_haven,,1790098200000.0,,6.11102628707886
2026-09-23T00:33:59+00:00,area_trajectory,milford_haven,,1790098320000.0,,6.11102628707886
2026-09-23T00:33:59+00:00,area_trajectory,milford_haven,,1790098440000.0,,6.11102628707886
2026-09-23T00:33:59+00:00,area_trajectory,milford_haven,,1790098560000.0,,6.11102628707886
2026-09-23T00:33:59+00:00,area_trajectory,milford_haven,,1790098680000.0,,6.11102628707886
2026-09-23T00:33:59+00:00,area_trajectory,milford_haven,,1790098800000.0,,6.11102628707886
2026-09-23T00:33:59+00:00,area_trajectory,milford_haven,,1790098920000.0,,6.11590909957886
2026-09-23T00:33:59+00:00,area_trajectory,milford_haven,,1790099040000.0,,6.11590909957886
2026-09-23T00:33:59+00:00,area_trajectory,milford_haven,,1790099160000.0,,6.11590909957886
2026-09-23T00:33:59+00:00,area_trajectory,milford_haven,,1790099280000.0,,6.128116607666019
2026-09-23T00:33:59+00:00,area_trajectory,milford_haven,,1790099400000.0,,6.128116607666019
2026-09-23T00:33:59+00:00,area_trajectory,milford_haven,,1790099520000.0,,6.128116607666019
2026-09-23T00:33:59+00:00,area_trajectory,milford_haven,,1790099640000.0,,6.128116607666019
2026-09-23T00:33:59+00:00,area_trajectory,milford_haven,,1790099760000.0,,6.128116607666019
2026-09-23T00:33:59+00:00,area_trajectory,milford_haven,,1790099880000.0,,6.128116607666019
2026-09-23T00:33:59+00:00,area_trajectory,milford_haven,,1790100000000.0,,6.128116607666019
2026-09-23T00:33:59+00:00,area_trajectory,milford_haven,,1790100120000.0,,6.128116607666019
2026-09-23T00:33:59+00:00,area_trajectory,milford_haven,,1790100240000.0,,6.11346769332886
2026-09-23T00:33:59+00:00,area_trajectory,milford_haven,,1790100360000.0,,6.11346769332886
2026-09-23T00:33:59+00:00,area_trajectory,milford_haven,,1790100480000.0,,6.0988187789917
2026-09-23T00:33:59+00:00,area_trajectory,milford_haven,,1790100600000.0,,6.0988187789917
2026-09-23T00:33:59+00:00,area_trajectory,milford_haven,,1790100720000.0,,6.0988187789917
2026-09-23T00:33:59+00:00,area_trajectory,milford_haven,,1790100840000.0,,6.0988187789917
2026-09-23T00:33:59+00:00,area_trajectory,milford_haven,,1790100960000.0,,6.0988187789917
2026-09-23T00:33:59+00:00,area_trajectory,milford_haven,,1790101080000.0,,6.0988187789917
2026-09-23T00:33:59+00:00,area_trajectory,milford_haven,,1790101200000.0,,6.0988187789917
2026-09-23T00:33:59+00:00,area_trajectory,milford_haven,,1790101320000.0,,6.0988187789917
2026-09-23T00:33:59+00:00,area_trajectory,milford_haven,,1790101440000.0,,6.184270858764649
2026-09-23T00:33:59+00:00,area_trajectory,milford_haven,,1790101560000.0,,6.184270858764649
2026-09-23T00:33:59+00:00,area_trajectory,milford_haven,,1790101680000.0,,6.184270858764649
2026-09-23T00:33:59+00:00,area_trajectory,milford_haven,,1790101800000.0,,6.184270858764649
2026-09-23T00:33:59+00:00,area_trajectory,milford_haven,,1790101920000.0,,6.184270858764649
2026-09-23T00:33:59+00:00,area_trajectory,milford_haven,,1790102040000.0,,6.0890531539917
2026-09-23T00:33:59+00:00,area_trajectory,milford_haven,,1790102160000.0,,6.0890531539917
2026-09-23T00:33:59+00:00,area_trajectory,milford_haven,,1790102280000.0,,6.0890531539917
2026-09-23T00:33:59+00:00,area_trajectory,milford_haven,,1790102400000.0,,6.0890531539917
2026-09-23T00:33:59+00:00,area_trajectory,milford_haven,,1790102520000.0,,6.0890531539917
2026-09-23T00:33:59+00:00,area_trajectory,milford_haven,,1790102640000.0,,6.13788270950317
2026-09-23T00:33:59+00:00,area_trajectory,milford_haven,,1790102760000.0,,6.13788270950317
2026-09-23T00:33:59+00:00,area_trajectory,milford_haven,,1790102880000.0,,6.13788270950317
2026-09-23T00:33:59+00:00,area_trajectory,milford_haven,,1790103000000.0,,6.13788270950317
2026-09-23T00:33:59+00:00,area_trajectory,milford_haven,,1790103120000.0,,6.13788270950317
2026-09-23T00:33:59+00:00,area_trajectory,milford_haven,,1790103240000.0,,6.13788270950317
2026-09-23T00:33:59+00:00,area_trajectory,milford_haven,,1790103360000.0,,6.13788270950317
2026-09-23T00:33:59+00:00,area_trajectory,milford_haven,,1790103480000.0,,6.13788270950317
2026-09-23T00:33:59+00:00,area_trajectory,milford_haven,,1790103600000.0,,6.13788270950317
2026-09-23T00:33:59+00:00,area_trajectory,milford_haven,,1790103720000.0,,6.13788270950317
2026-09-23T00:33:59+00:00,area_trajectory,milford_haven,,1790103840000.0,,6.13788270950317
2026-09-23T00:33:59+00:00,area_trajectory,milford_haven,,1790103960000.0,,6.13788270950317
2026-09-23T00:33:59+00:00,area_trajectory,milford_haven,,1790104080000.0,,6.13788270950317
2026-09-23T00:33:59+00:00,area_trajectory,milford_haven,,1790104200000.0,,6.13788270950317
2026-09-23T00:33:59+00:00,area_trajectory,milford_haven,,1790104320000.0,,6.13788270950317
2026-09-23T00:33:59+00:00,area_trajectory,milford_haven,,1790104440000.0,,6.19647836685181
2026-09-23T00:33:59+00:00,area_trajectory,milford_haven,,1790104560000.0,,6.19647836685181
2026-09-23T00:33:59+00:00,area_trajectory,milford_haven,,1790104680000.0,,6.19647836685181
2026-09-23T00:33:59+00:00,area_trajectory,milford_haven,,1790104800000.0,,6.19647836685181
2026-09-23T00:33:59+00:00,area_trajectory,milford_haven,,1790104920000.0,,6.19647836685181
2026-09-23T00:33:59+00:00,area_trajectory,milford_haven,,1790105040000.0,,6.19647836685181
2026-09-23T00:33:59+00:00,area_trajectory,milford_haven,,1790105160000.0,,6.19647836685181
2026-09-23T00:33:59+00:00,area_trajectory,milford_haven,,1790105280000.0,,6.19647836685181
2026-09-23T00:33:59+00:00,area_trajectory,milford_haven,,1790105400000.0,,6.19647836685181
2026-09-23T00:33:59+00:00,area_trajectory,milford_haven,,1790105520000.0,,6.19647836685181
2026-09-23T00:33:59+00:00,area_trajectory,milford_haven,,1790105640000.0,,6.19647836685181
2026-09-23T00:33:59+00:00,area_trajectory,milford_haven,,1790105760000.0,,6.19403648376465
2026-09-23T00:33:59+00:00,area_trajectory,milford_haven,,1790105880000.0,,6.19403648376465
2026-09-23T00:33:59+00:00,area_trajectory,milford_haven,,1790106000000.0,,6.181829452514649
2026-09-23T00:33:59+00:00,area_trajectory,milford_haven,,1790106120000.0,,6.181829452514649
2026-09-23T00:33:59+00:00,area_trajectory,milford_haven,,1790106240000.0,,6.181829452514649
2026-09-23T00:33:59+00:00,area_trajectory,milford_haven,,1790106360000.0,,6.181829452514649
2026-09-23T00:33:59+00:00,area_trajectory,milford_haven,,1790106480000.0,,6.181829452514649
2026-09-23T00:33:59+00:00,area_trajectory,milford_haven,,1790106600000.0,,6.181829452514649
2026-09-23T00:33:59+00:00,area_trajectory,milford_haven,,1790106720000.0,,6.22333431243896
2026-09-23T00:33:59+00:00,area_trajectory,milford_haven,,1790106840000.0,,6.22333431243896
2026-09-23T00:33:59+00:00,area_trajectory,milford_haven,,1790106960000.0,,6.22333431243896
2026-09-23T00:33:59+00:00,area_trajectory,milford_haven,,1790107080000.0,,6.22333431243896
2026-09-23T00:33:59+00:00,area_trajectory,milford_haven,,1790107200000.0,,6.22333431243896
2026-09-23T00:33:59+00:00,area_trajectory,milford_haven,,1790107320000.0,,6.22333431243896
2026-09-23T00:33:59+00:00,area_trajectory,milford_haven,,1790107440000.0,,6.20380258560181
2026-09-23T00:33:59+00:00,area_trajectory,milford_haven,,1790107560000.0,,6.20380258560181
2026-09-23T00:33:59+00:00,area_trajectory,milford_haven,,1790107680000.0,,6.20380258560181
2026-09-23T00:33:59+00:00,area_trajectory,milford_haven,,1790107800000.0,,6.20380258560181
2026-09-23T00:33:59+00:00,area_trajectory,milford_haven,,1790107920000.0,,6.20380258560181
2026-09-23T00:33:59+00:00,area_trajectory,milford_haven,,1790108040000.0,,6.181829452514649
2026-09-23T00:33:59+00:00,area_trajectory,milford_haven,,1790108160000.0,,6.181829452514649
2026-09-23T00:33:59+00:00,area_trajectory,milford_haven,,1790108280000.0,,6.181829452514649
2026-09-23T00:33:59+00:00,area_trajectory,milford_haven,,1790108400000.0,,6.181829452514649
2026-09-23T00:33:59+00:00,area_trajectory,milford_haven,,1790108520000.0,,6.181829452514649
2026-09-23T00:33:59+00:00,area_trajectory,milford_haven,,1790108640000.0,,6.181829452514649
2026-09-23T00:33:59+00:00,area_trajectory,milford_haven,,1790108760000.0,,6.181829452514649
2026-09-23T00:33:59+00:00,area_trajectory,milford_haven,,1790108880000.0,,6.181829452514649
2026-09-23T00:33:59+00:00,area_trajectory,milford_haven,,1790109000000.0,,6.181829452514649
2026-09-23T00:33:59+00:00,area_trajectory,milford_haven,,1790109120000.0,,6.181829452514649
2026-09-23T00:33:59+00:00,area_trajectory,milford_haven,,1790109240000.0,,6.181829452514649
2026-09-23T00:33:59+00:00,area_trajectory,milford_haven,,1790109360000.0,,6.0890531539917
2026-09-23T00:33:59+00:00,area_trajectory,milford_haven,,1790109480000.0,,6.0890531539917
2026-09-23T00:33:59+00:00,area_trajectory,milford_haven,,1790109600000.0,,6.0890531539917
2026-09-23T00:33:59+00:00,area_trajectory,milford_haven,,1790109720000.0,,6.0890531539917
2026-09-23T00:33:59+00:00,area_trajectory,milford_haven,,1790109840000.0,,6.0890531539917
2026-09-23T00:33:59+00:00,area_trajectory,milford_haven,,1790109960000.0,,6.0890531539917
2026-09-23T00:33:59+00:00,area_trajectory,milford_haven,,1790110080000.0,,6.0890531539917
2026-09-23T00:33:59+00:00,area_trajectory,milford_haven,,1790110200000.0,,6.0890531539917
2026-09-23T00:33:59+00:00,area_trajectory,milford_haven,,1790110320000.0,,6.0890531539917
2026-09-23T00:33:59+00:00,area_trajectory,milford_haven,,1790110440000.0,,6.0890531539917
2026-09-23T00:33:59+00:00,area_trajectory,milford_haven,,1790110560000.0,,6.0890531539917
2026-09-23T00:33:59+00:00,area_trajectory,milford_haven,,1790110680000.0,,6.0890531539917
2026-09-23T00:33:59+00:00,area_trajectory,milford_haven,,1790110800000.0,,6.0890531539917
2026-09-23T00:33:59+00:00,area_trajectory,milford_haven,,1790110920000.0,,6.0890531539917
2026-09-23T00:33:59+00:00,area_trajectory,milford_haven,,1790111040000.0,,6.14520692825317
2026-09-23T00:33:59+00:00,area_trajectory,milford_haven,,1790111160000.0,,6.14520692825317
2026-09-23T00:33:59+00:00,area_trajectory,milford_haven,,1790111280000.0,,6.10370206832886
2026-09-23T00:33:59+00:00,area_trajectory,milford_haven,,1790111400000.0,,6.10370206832886
2026-09-23T00:33:59+00:00,area_trajectory,milford_haven,,1790111520000.0,,6.10370206832886
2026-09-23T00:33:59+00:00,area_trajectory,milford_haven,,1790111640000.0,,6.10370206832886
2026-09-23T00:33:59+00:00,area_trajectory,milford_haven,,1790111760000.0,,6.10858488082886
2026-09-23T00:33:59+00:00,area_trajectory,milford_haven,,1790111880000.0,,6.10858488082886
2026-09-23T00:33:59+00:00,area_trajectory,milford_haven,,1790112000000.0,,6.10858488082886
2026-09-23T00:33:59+00:00,area_trajectory,milford_haven,,1790112120000.0,,6.10858488082886
2026-09-23T00:33:59+00:00,area_trajectory,milford_haven,,1790112240000.0,,6.14764833450317
2026-09-23T00:33:59+00:00,area_trajectory,milford_haven,,1790112360000.0,,6.14764833450317
2026-09-23T00:33:59+00:00,area_trajectory,milford_haven,,1790112480000.0,,6.14764833450317
2026-09-23T00:33:59+00:00,area_trajectory,milford_haven,,1790112600000.0,,6.14764833450317
2026-09-23T00:33:59+00:00,area_trajectory,milford_haven,,1790112720000.0,,6.14764833450317
2026-09-23T00:33:59+00:00,area_trajectory,milford_haven,,1790112840000.0,,6.0914945602417
2026-09-23T00:33:59+00:00,area_trajectory,milford_haven,,1790112960000.0,,6.0914945602417
2026-09-23T00:33:59+00:00,area_trajectory,milford_haven,,1790113080000.0,,6.0914945602417
2026-09-23T00:33:59+00:00,area_trajectory,milford_haven,,1790113200000.0,,6.08416986465454
2026-09-23T00:33:59+00:00,area_trajectory,milford_haven,,1790113320000.0,,6.08416986465454
2026-09-23T00:33:59+00:00,area_trajectory,milford_haven,,1790113440000.0,,6.08416986465454
2026-09-23T00:33:59+00:00,area_trajectory,milford_haven,,1790113560000.0,,6.08416986465454
2026-09-23T00:33:59+00:00,area_trajectory,milford_haven,,1790113680000.0,,6.0890531539917
2026-09-23T00:33:59+00:00,area_trajectory,milford_haven,,1790113800000.0,,6.0890531539917
2026-09-23T00:33:59+00:00,area_trajectory,milford_haven,,1790113920000.0,,6.123233795166021
2026-09-23T00:33:59+00:00,area_trajectory,milford_haven,,1790114040000.0,,6.123233795166021
2026-09-23T00:33:59+00:00,area_trajectory,milford_haven,,1790114160000.0,,6.123233795166021
2026-09-23T00:33:59+00:00,area_trajectory,milford_haven,,1790114280000.0,,6.125675201416021
2026-09-23T00:33:59+00:00,area_trajectory,milford_haven,,1790114400000.0,,6.125675201416021
2026-09-23T00:33:59+00:00,area_trajectory,milford_haven,,1790114520000.0,,6.125675201416021
2026-09-23T00:33:59+00:00,area_trajectory,milford_haven,,1790114640000.0,,6.130558013916019
2026-09-23T00:33:59+00:00,area_trajectory,milford_haven,,1790114760000.0,,6.130558013916019
2026-09-23T00:33:59+00:00,area_trajectory,milford_haven,,1790114880000.0,,6.130558013916019
2026-09-23T00:33:59+00:00,area_trajectory,milford_haven,,1790115000000.0,,6.130558013916019
2026-09-23T00:33:59+00:00,area_trajectory,milford_haven,,1790115120000.0,,6.130558013916019
2026-09-23T00:33:59+00:00,area_trajectory,milford_haven,,1790115240000.0,,6.130558013916019
2026-09-23T00:33:59+00:00,area_trajectory,milford_haven,,1790115360000.0,,6.07440423965454
2026-09-23T00:33:59+00:00,area_trajectory,milford_haven,,1790115480000.0,,6.07440423965454
2026-09-23T00:33:59+00:00,area_trajectory,milford_haven,,1790115600000.0,,6.07440423965454
2026-09-23T00:33:59+00:00,area_trajectory,milford_haven,,1790115720000.0,,6.10370206832886
2026-09-23T00:33:59+00:00,area_trajectory,milford_haven,,1790115840000.0,,6.10370206832886
2026-09-23T00:33:59+00:00,area_trajectory,milford_haven,,1790115960000.0,,6.10370206832886
2026-09-23T00:33:59+00:00,area_trajectory,milford_haven,,1790116080000.0,,6.10370206832886
2026-09-23T00:33:59+00:00,area_trajectory,milford_haven,,1790116200000.0,,6.10370206832886
2026-09-23T00:33:59+00:00,area_trajectory,milford_haven,,1790116320000.0,,6.128116607666019
2026-09-23T00:33:59+00:00,area_trajectory,milford_haven,,1790116440000.0,,6.128116607666019
2026-09-23T00:33:59+00:00,area_trajectory,milford_haven,,1790116560000.0,,6.128116607666019
2026-09-23T00:33:59+00:00,area_trajectory,milford_haven,,1790116680000.0,,6.128116607666019
2026-09-23T00:33:59+00:00,area_trajectory,milford_haven,,1790116800000.0,,6.128116607666019
2026-09-23T00:33:59+00:00,area_trajectory,milford_haven,,1790116920000.0,,6.128116607666019
2026-09-23T00:33:59+00:00,area_trajectory,milford_haven,,1790117040000.0,,6.14520692825317
2026-09-23T00:33:59+00:00,area_trajectory,milford_haven,,1790117160000.0,,6.14520692825317
2026-09-23T00:33:59+00:00,area_trajectory,milford_haven,,1790117280000.0,,6.14520692825317
2026-09-23T00:33:59+00:00,area_trajectory,milford_haven,,1790117400000.0,,6.132999420166019
2026-09-23T00:33:59+00:00,area_trajectory,milford_haven,,1790117520000.0,,6.132999420166019
2026-09-23T00:33:59+00:00,area_trajectory,milford_haven,,1790117640000.0,,6.132999420166019
2026-09-23T00:33:59+00:00,area_trajectory,milford_haven,,1790117760000.0,,6.132999420166019
2026-09-23T00:33:59+00:00,area_trajectory,milford_haven,,1790117880000.0,,6.132999420166019
2026-09-23T00:33:59+00:00,area_trajectory,milford_haven,,1790118000000.0,,6.132999420166019
2026-09-23T00:33:59+00:00,area_trajectory,milford_haven,,1790118120000.0,,6.132999420166019
2026-09-23T00:33:59+00:00,area_trajectory,milford_haven,,1790118240000.0,,6.11346769332886
2026-09-23T00:33:59+00:00,area_trajectory,milford_haven,,1790118360000.0,,6.11346769332886
2026-09-23T00:33:59+00:00,area_trajectory,milford_haven,,1790118480000.0,,6.13788270950317
2026-09-23T00:33:59+00:00,area_trajectory,milford_haven,,1790118600000.0,,6.13788270950317
2026-09-23T00:33:59+00:00,area_trajectory,milford_haven,,1790118720000.0,,6.13788270950317
2026-09-23T00:33:59+00:00,area_trajectory,milford_haven,,1790118840000.0,,6.13788270950317
2026-09-23T00:33:59+00:00,area_trajectory,milford_haven,,1790118960000.0,,6.1012601852417
2026-09-23T00:33:59+00:00,area_trajectory,milford_haven,,1790119080000.0,,6.1012601852417
2026-09-23T00:33:59+00:00,area_trajectory,milford_haven,,1790119200000.0,,6.1012601852417
2026-09-23T00:33:59+00:00,area_trajectory,milford_haven,,1790119320000.0,,6.1012601852417
2026-09-23T00:33:59+00:00,area_trajectory,milford_haven,,1790119440000.0,,6.13544130325317
2026-09-23T00:33:59+00:00,area_trajectory,milford_haven,,1790119560000.0,,6.0890531539917
2026-09-23T00:33:59+00:00,area_trajectory,milford_haven,,1790119680000.0,,6.125675201416021
2026-09-23T00:33:59+00:00,area_trajectory,milford_haven,,1790119800000.0,,6.125675201416021
2026-09-23T00:33:59+00:00,area_trajectory,milford_haven,,1790119920000.0,,6.125675201416021
2026-09-23T00:33:59+00:00,area_trajectory,milford_haven,,1790120040000.0,,6.125675201416021
2026-09-23T00:33:59+00:00,area_trajectory,milford_haven,,1790120160000.0,,6.125675201416021
2026-09-23T00:33:59+00:00,area_trajectory,milford_haven,,1790120280000.0,,6.14520692825317
2026-09-23T00:33:59+00:00,area_trajectory,milford_haven,,1790120400000.0,,6.14520692825317
2026-09-23T00:33:59+00:00,area_trajectory,milford_haven,,1790120520000.0,,6.14520692825317
2026-09-23T00:33:59+00:00,area_trajectory,milford_haven,,1790120640000.0,,6.14520692825317
2026-09-23T00:33:59+00:00,area_trajectory,milford_haven,,1790120760000.0,,6.14520692825317
2026-09-23T00:33:59+00:00,area_trajectory,milford_haven,,1790120880000.0,,6.14520692825317
2026-09-23T00:33:59+00:00,area_trajectory,milford_haven,,1790121000000.0,,6.14520692825317
2026-09-23T00:33:59+00:00,area_trajectory,milford_haven,,1790121120000.0,,6.14520692825317
2026-09-23T00:33:59+00:00,area_trajectory,milford_haven,,1790121240000.0,,6.14520692825317
2026-09-23T00:33:59+00:00,area_trajectory,milford_haven,,1790121360000.0,,6.14520692825317
2026-09-23T00:33:59+00:00,area_trajectory,milford_haven,,1790121480000.0,,6.14520692825317
2026-09-23T00:33:59+00:00,area_trajectory,milford_haven,,1790121600000.0,,6.14520692825317
2026-09-23T00:33:59+00:00,area_trajectory,milford_haven,,1790121720000.0,,6.14520692825317
2026-09-23T00:33:59+00:00,area_trajectory,milford_haven,,1790121840000.0,,6.13788270950317
2026-09-23T00:33:59+00:00,area_trajectory,milford_haven,,1790121960000.0,,6.13788270950317
2026-09-23T00:33:59+00:00,area_trajectory,milford_haven,,1790122080000.0,,6.13788270950317
2026-09-23T00:33:59+00:00,area_trajectory,milford_haven,,1790122200000.0,,6.14032411575317
2026-09-23T00:33:59+00:00,area_trajectory,milford_haven,,1790122320000.0,,6.14032411575317
2026-09-23T00:33:59+00:00,area_trajectory,milford_haven,,1790122440000.0,,6.132999420166019
2026-09-23T00:33:59+00:00,area_trajectory,milford_haven,,1790122560000.0,,6.132999420166019
2026-09-23T00:33:59+00:00,area_trajectory,milford_haven,,1790122680000.0,,6.132999420166019
2026-09-23T00:33:59+00:00,area_trajectory,milford_haven,,1790122800000.0,,6.132999420166019
2026-09-23T00:33:59+00:00,area_trajectory,milford_haven,,1790122920000.0,,6.10370206832886
2026-09-23T00:33:59+00:00,area_trajectory,milford_haven,,1790123040000.0,,6.10370206832886
2026-09-23T00:33:59+00:00,area_trajectory,milford_haven,,1790123160000.0,,6.10370206832886
2026-09-23T00:33:59+00:00,area_trajectory,milford_haven,,1790123280000.0,,6.10370206832886
2026-09-23T00:33:59+00:00,area_trajectory,milford_haven,,1790123400000.0,,6.132999420166019
2026-09-23T00:33:59+00:00,area_trajectory,milford_haven,,1790123520000.0,,6.132999420166019
2026-09-23T00:33:59+00:00,area_trajectory,milford_haven,,1790123640000.0,,6.296578884124759
2026-09-23T00:33:59+00:00,area_trajectory,milford_haven,,1790123760000.0,,6.0866117477417
2026-09-23T00:33:59+00:00,area_trajectory,milford_haven,,1790123880000.0,,6.0866117477417
2026-09-23T00:33:59+00:00,area_trajectory,milford_haven,,1790124000000.0,,6.0866117477417
2026-09-23T00:33:59+00:00,area_trajectory,milford_haven,,1790124120000.0,,6.0866117477417
2026-09-23T00:33:59+00:00,area_trajectory,milford_haven,,1790124240000.0,,6.0866117477417
2026-09-23T00:33:59+00:00,area_trajectory,milford_haven,,1790124360000.0,,6.13788270950317
2026-09-23T00:33:59+00:00,area_trajectory,milford_haven,,1790124480000.0,,6.13788270950317
2026-09-23T00:33:59+00:00,area_trajectory,milford_haven,,1790124600000.0,,6.13788270950317
2026-09-23T00:33:59+00:00,area_trajectory,milford_haven,,1790124720000.0,,6.13788270950317
2026-09-23T00:33:59+00:00,area_trajectory,milford_haven,,1790124840000.0,,6.181829452514649
2026-09-23T00:33:59+00:00,area_trajectory,milford_haven,,1790124960000.0,,6.181829452514649
2026-09-23T00:33:59+00:00,area_trajectory,milford_haven,,1790125080000.0,,6.181829452514649
2026-09-23T00:33:59+00:00,area_trajectory,milford_haven,,1790125200000.0,,6.181829452514649
2026-09-23T00:33:59+00:00,area_trajectory,milford_haven,,1790125320000.0,,6.181829452514649
2026-09-23T00:33:59+00:00,area_trajectory,milford_haven,,1790125440000.0,,6.176946163177489
2026-09-23T00:33:59+00:00,area_trajectory,milford_haven,,1790125560000.0,,6.176946163177489
2026-09-23T00:33:59+00:00,area_trajectory,milford_haven,,1790125680000.0,,6.176946163177489
2026-09-23T00:33:59+00:00,area_trajectory,milford_haven,,1790125800000.0,,6.176946163177489
2026-09-23T00:33:59+00:00,area_trajectory,milford_haven,,1790125920000.0,,6.15741443634033
2026-09-23T00:33:59+00:00,area_trajectory,milford_haven,,1790126040000.0,,6.15741443634033
2026-09-23T00:33:59+00:00,area_trajectory,milford_haven,,1790126160000.0,,6.15741443634033
2026-09-23T00:33:59+00:00,area_trajectory,milford_haven,,1790126280000.0,,6.15741443634033
2026-09-23T00:33:59+00:00,area_trajectory,milford_haven,,1790126400000.0,,6.15741443634033
2026-09-23T00:33:59+00:00,area_trajectory,milford_haven,,1790126520000.0,,6.15741443634033
2026-09-23T00:33:59+00:00,area_trajectory,milford_haven,,1790126640000.0,,6.15741443634033
2026-09-23T00:33:59+00:00,area_trajectory,milford_haven,,1790126760000.0,,6.15741443634033
2026-09-23T00:33:59+00:00,area_trajectory,milford_haven,,1790126880000.0,,6.159855842590329
2026-09-23T00:33:59+00:00,area_trajectory,milford_haven,,1790127000000.0,,6.159855842590329
2026-09-23T00:33:59+00:00,area_trajectory,milford_haven,,1790127120000.0,,6.159855842590329
2026-09-23T00:33:59+00:00,area_trajectory,milford_haven,,1790127240000.0,,6.159855842590329
2026-09-23T00:33:59+00:00,subterminal_latest,grain,nts1,,01:24,0.00
2026-09-23T00:33:59+00:00,subterminal_latest,grain,nts1,,01:26,0.00
2026-09-23T00:33:59+00:00,subterminal_latest,grain,nts1,,01:28,0.00
2026-09-23T00:33:59+00:00,subterminal_latest,grain,nts1,,01:30,0.00
2026-09-23T00:33:59+00:00,subterminal_latest,grain,nts1,,01:32,0.00
2026-09-23T00:33:59+00:00,subterminal_latest,grain,nts1,,01:34,0.00
2026-09-23T00:33:59+00:00,subterminal_latest,grain,nts2,,01:24,6.34
2026-09-23T00:33:59+00:00,subterminal_latest,grain,nts2,,01:26,6.51
2026-09-23T00:33:59+00:00,subterminal_latest,grain,nts2,,01:28,6.55
2026-09-23T00:33:59+00:00,subterminal_latest,grain,nts2,,01:30,6.45
2026-09-23T00:33:59+00:00,subterminal_latest,grain,nts2,,01:32,6.45
2026-09-23T00:33:59+00:00,subterminal_latest,grain,nts2,,01:34,6.32
2026-09-23T00:33:59+00:00,subterminal_latest,dragon,,,01:24,0.00
2026-09-23T00:33:59+00:00,subterminal_latest,dragon,,,01:26,0.00
2026-09-23T00:33:59+00:00,subterminal_latest,dragon,,,01:28,0.00
2026-09-23T00:33:59+00:00,subterminal_latest,dragon,,,01:30,0.00
2026-09-23T00:33:59+00:00,subterminal_latest,dragon,,,01:32,0.00
2026-09-23T00:33:59+00:00,subterminal_latest,dragon,,,01:34,0.00
2026-09-23T00:33:59+00:00,subterminal_latest,south_hook,,,01:24,6.16
2026-09-23T00:33:59+00:00,subterminal_latest,south_hook,,,01:26,6.16
2026-09-23T00:33:59+00:00,subterminal_latest,south_hook,,,01:28,6.16
2026-09-23T00:33:59+00:00,subterminal_latest,south_hook,,,01:30,6.16
2026-09-23T00:33:59+00:00,subterminal_latest,south_hook,,,01:32,6.16
2026-09-23T00:33:59+00:00,subterminal_latest,south_hook,,,01:34,6.16
