snapshot_utc,terminal,gas_day,period_from,period_to,indicator,period_type,value_kwh,unit,operator_key,point_key,direction,flow_status,last_update
2026-09-03T00:16:49+00:00,gate,2026-07-20,2026-07-20T06:00:00+02:00,2026-07-21T06:00:00+02:00,Physical Flow,day,317010164.0,kWh/d,NL-TSO-0001,LNG-00027,entry,Confirmed,2026-08-21T09:25:49+02:00
2026-09-03T00:16:49+00:00,gate,2026-07-21,2026-07-21T06:00:00+02:00,2026-07-22T06:00:00+02:00,Physical Flow,day,374765389.0,kWh/d,NL-TSO-0001,LNG-00027,entry,Confirmed,2026-08-21T09:25:49+02:00
2026-09-03T00:16:49+00:00,gate,2026-07-22,2026-07-22T06:00:00+02:00,2026-07-23T06:00:00+02:00,Physical Flow,day,361018587.0,kWh/d,NL-TSO-0001,LNG-00027,entry,Confirmed,2026-08-21T09:25:49+02:00
2026-09-03T00:16:49+00:00,gate,2026-07-23,2026-07-23T06:00:00+02:00,2026-07-24T06:00:00+02:00,Physical Flow,day,366091413.0,kWh/d,NL-TSO-0001,LNG-00027,entry,Confirmed,2026-08-21T09:25:49+02:00
2026-09-03T00:16:49+00:00,gate,2026-07-24,2026-07-24T06:00:00+02:00,2026-07-25T06:00:00+02:00,Physical Flow,day,339561297.0,kWh/d,NL-TSO-0001,LNG-00027,entry,Confirmed,2026-08-21T09:25:49+02:00
2026-09-03T00:16:49+00:00,gate,2026-07-25,2026-07-25T06:00:00+02:00,2026-07-26T06:00:00+02:00,Physical Flow,day,353483862.0,kWh/d,NL-TSO-0001,LNG-00027,entry,Confirmed,2026-08-21T09:25:49+02:00
2026-09-03T00:16:49+00:00,gate,2026-07-26,2026-07-26T06:00:00+02:00,2026-07-27T06:00:00+02:00,Physical Flow,day,345768052.0,kWh/d,NL-TSO-0001,LNG-00027,entry,Confirmed,2026-08-21T09:25:49+02:00
2026-09-03T00:16:49+00:00,gate,2026-07-27,2026-07-27T06:00:00+02:00,2026-07-28T06:00:00+02:00,Physical Flow,day,431360348.0,kWh/d,NL-TSO-0001,LNG-00027,entry,Confirmed,2026-08-21T09:25:49+02:00
2026-09-03T00:16:49+00:00,gate,2026-07-28,2026-07-28T06:00:00+02:00,2026-07-29T06:00:00+02:00,Physical Flow,day,433976106.0,kWh/d,NL-TSO-0001,LNG-00027,entry,Confirmed,2026-08-21T09:25:49+02:00
2026-09-03T00:16:49+00:00,gate,2026-07-29,2026-07-29T06:00:00+02:00,2026-07-30T06:00:00+02:00,Physical Flow,day,397709146.0,kWh/d,NL-TSO-0001,LNG-00027,entry,Confirmed,2026-08-21T09:25:49+02:00
2026-09-03T00:16:49+00:00,gate,2026-07-30,2026-07-30T06:00:00+02:00,2026-07-31T06:00:00+02:00,Physical Flow,day,386003391.0,kWh/d,NL-TSO-0001,LNG-00027,entry,Confirmed,2026-08-21T09:25:49+02:00
2026-09-03T00:16:49+00:00,gate,2026-07-31,2026-07-31T06:00:00+02:00,2026-08-01T06:00:00+02:00,Physical Flow,day,403609343.0,kWh/d,NL-TSO-0001,LNG-00027,entry,Confirmed,2026-08-21T09:25:49+02:00
2026-09-03T00:16:49+00:00,gate,2026-08-01,2026-08-01T06:00:00+02:00,2026-08-02T06:00:00+02:00,Physical Flow,day,271457500.0,kWh/d,NL-TSO-0001,LNG-00027,entry,Provisional,2026-08-02T09:23:09+02:00
2026-09-03T00:16:49+00:00,gate,2026-08-02,2026-08-02T06:00:00+02:00,2026-08-03T06:00:00+02:00,Physical Flow,day,271233056.0,kWh/d,NL-TSO-0001,LNG-00027,entry,Provisional,2026-08-03T09:37:49+02:00
2026-09-03T00:16:49+00:00,gate,2026-08-03,2026-08-03T06:00:00+02:00,2026-08-04T06:00:00+02:00,Physical Flow,day,346730278.0,kWh/d,NL-TSO-0001,LNG-00027,entry,Provisional,2026-08-04T09:36:49+02:00
2026-09-03T00:16:49+00:00,gate,2026-08-04,2026-08-04T06:00:00+02:00,2026-08-05T06:00:00+02:00,Physical Flow,day,427989722.0,kWh/d,NL-TSO-0001,LNG-00027,entry,Provisional,2026-08-05T09:20:49+02:00
2026-09-03T00:16:49+00:00,gate,2026-08-05,2026-08-05T06:00:00+02:00,2026-08-06T06:00:00+02:00,Physical Flow,day,446585278.0,kWh/d,NL-TSO-0001,LNG-00027,entry,Provisional,2026-08-06T09:42:10+02:00
2026-09-03T00:16:49+00:00,gate,2026-08-06,2026-08-06T06:00:00+02:00,2026-08-07T06:00:00+02:00,Physical Flow,day,445142778.0,kWh/d,NL-TSO-0001,LNG-00027,entry,Provisional,2026-08-07T09:33:09+02:00
2026-09-03T00:16:49+00:00,gate,2026-08-07,2026-08-07T06:00:00+02:00,2026-08-08T06:00:00+02:00,Physical Flow,day,463282500.0,kWh/d,NL-TSO-0001,LNG-00027,entry,Provisional,2026-08-08T09:30:09+02:00
2026-09-03T00:16:49+00:00,gate,2026-08-08,2026-08-08T06:00:00+02:00,2026-08-09T06:00:00+02:00,Physical Flow,day,431891667.0,kWh/d,NL-TSO-0001,LNG-00027,entry,Provisional,2026-08-10T09:40:29+02:00
2026-09-03T00:16:49+00:00,gate,2026-08-09,2026-08-09T06:00:00+02:00,2026-08-10T06:00:00+02:00,Physical Flow,day,433641944.0,kWh/d,NL-TSO-0001,LNG-00027,entry,Provisional,2026-08-10T09:40:29+02:00
2026-09-03T00:16:49+00:00,gate,2026-08-10,2026-08-10T06:00:00+02:00,2026-08-11T06:00:00+02:00,Physical Flow,day,451635000.0,kWh/d,NL-TSO-0001,LNG-00027,entry,Provisional,2026-08-12T09:14:49+02:00
2026-09-03T00:16:49+00:00,gate,2026-08-11,2026-08-11T06:00:00+02:00,2026-08-12T06:00:00+02:00,Physical Flow,day,461847778.0,kWh/d,NL-TSO-0001,LNG-00027,entry,Provisional,2026-08-12T09:14:49+02:00
2026-09-03T00:16:49+00:00,gate,2026-08-12,2026-08-12T06:00:00+02:00,2026-08-13T06:00:00+02:00,Physical Flow,day,460919722.0,kWh/d,NL-TSO-0001,LNG-00027,entry,Provisional,2026-08-13T09:37:10+02:00
2026-09-03T00:16:49+00:00,gate,2026-08-13,2026-08-13T06:00:00+02:00,2026-08-14T06:00:00+02:00,Physical Flow,day,457090833.0,kWh/d,NL-TSO-0001,LNG-00027,entry,Provisional,2026-08-14T09:42:50+02:00
2026-09-03T00:16:49+00:00,gate,2026-08-14,2026-08-14T06:00:00+02:00,2026-08-15T06:00:00+02:00,Physical Flow,day,452339722.0,kWh/d,NL-TSO-0001,LNG-00027,entry,Provisional,2026-08-15T09:31:12+02:00
2026-09-03T00:16:49+00:00,gate,2026-08-15,2026-08-15T06:00:00+02:00,2026-08-16T06:00:00+02:00,Physical Flow,day,426550833.0,kWh/d,NL-TSO-0001,LNG-00027,entry,Provisional,2026-08-16T09:04:49+02:00
2026-09-03T00:16:49+00:00,gate,2026-08-16,2026-08-16T06:00:00+02:00,2026-08-17T06:00:00+02:00,Physical Flow,day,446080556.0,kWh/d,NL-TSO-0001,LNG-00027,entry,Provisional,2026-08-17T09:23:09+02:00
2026-09-03T00:16:49+00:00,gate,2026-08-17,2026-08-17T06:00:00+02:00,2026-08-18T06:00:00+02:00,Physical Flow,day,463992778.0,kWh/d,NL-TSO-0001,LNG-00027,entry,Provisional,2026-08-18T09:36:09+02:00
2026-09-03T00:16:49+00:00,gate,2026-08-18,2026-08-18T06:00:00+02:00,2026-08-19T06:00:00+02:00,Physical Flow,day,465606389.0,kWh/d,NL-TSO-0001,LNG-00027,entry,Provisional,2026-08-20T09:13:49+02:00
2026-09-03T00:16:49+00:00,gate,2026-08-19,2026-08-19T06:00:00+02:00,2026-08-20T06:00:00+02:00,Physical Flow,day,467292222.0,kWh/d,NL-TSO-0001,LNG-00027,entry,Provisional,2026-08-20T09:13:49+02:00
2026-09-03T00:16:49+00:00,gate,2026-08-20,2026-08-20T06:00:00+02:00,2026-08-21T06:00:00+02:00,Physical Flow,day,465933030.0,kWh/d,NL-TSO-0001,LNG-00027,entry,Provisional,2026-08-21T09:25:49+02:00
2026-09-03T00:16:49+00:00,gate,2026-08-21,2026-08-21T06:00:00+02:00,2026-08-22T06:00:00+02:00,Physical Flow,day,462539167.0,kWh/d,NL-TSO-0001,LNG-00027,entry,Provisional,2026-08-22T09:23:50+02:00
2026-09-03T00:16:49+00:00,gate,2026-08-22,2026-08-22T06:00:00+02:00,2026-08-23T06:00:00+02:00,Physical Flow,day,450504722.0,kWh/d,NL-TSO-0001,LNG-00027,entry,Provisional,2026-08-23T09:16:29+02:00
2026-09-03T00:16:49+00:00,gate,2026-08-23,2026-08-23T06:00:00+02:00,2026-08-24T06:00:00+02:00,Physical Flow,day,451762500.0,kWh/d,NL-TSO-0001,LNG-00027,entry,Provisional,2026-08-24T09:21:09+02:00
2026-09-03T00:16:49+00:00,gate,2026-08-24,2026-08-24T06:00:00+02:00,2026-08-25T06:00:00+02:00,Physical Flow,day,451415000.0,kWh/d,NL-TSO-0001,LNG-00027,entry,Provisional,2026-08-25T09:29:09+02:00
2026-09-03T00:16:49+00:00,gate,2026-08-25,2026-08-25T06:00:00+02:00,2026-08-26T06:00:00+02:00,Physical Flow,day,450946389.0,kWh/d,NL-TSO-0001,LNG-00027,entry,Provisional,2026-08-26T09:30:29+02:00
2026-09-03T00:16:49+00:00,gate,2026-08-26,2026-08-26T06:00:00+02:00,2026-08-27T06:00:00+02:00,Physical Flow,day,448635556.0,kWh/d,NL-TSO-0001,LNG-00027,entry,Provisional,2026-08-27T09:17:10+02:00
2026-09-03T00:16:49+00:00,gate,2026-08-27,2026-08-27T06:00:00+02:00,2026-08-28T06:00:00+02:00,Physical Flow,day,448191185.0,kWh/d,NL-TSO-0001,LNG-00027,entry,Provisional,2026-08-28T09:56:10+02:00
2026-09-03T00:16:49+00:00,gate,2026-08-28,2026-08-28T06:00:00+02:00,2026-08-29T06:00:00+02:00,Physical Flow,day,448798333.0,kWh/d,NL-TSO-0001,LNG-00027,entry,Provisional,2026-08-29T09:27:09+02:00
2026-09-03T00:16:49+00:00,gate,2026-08-29,2026-08-29T06:00:00+02:00,2026-08-30T06:00:00+02:00,Physical Flow,day,447909444.0,kWh/d,NL-TSO-0001,LNG-00027,entry,Provisional,2026-08-30T09:26:10+02:00
2026-09-03T00:16:49+00:00,gate,2026-08-30,2026-08-30T06:00:00+02:00,2026-08-31T06:00:00+02:00,Physical Flow,day,448193056.0,kWh/d,NL-TSO-0001,LNG-00027,entry,Provisional,2026-08-31T09:30:50+02:00
2026-09-03T00:16:49+00:00,gate,2026-08-31,2026-08-31T06:00:00+02:00,2026-09-01T06:00:00+02:00,Physical Flow,day,440005278.0,kWh/d,NL-TSO-0001,LNG-00027,entry,Provisional,2026-09-01T09:42:49+02:00
2026-09-03T00:16:49+00:00,gate,2026-09-01,2026-09-01T06:00:00+02:00,2026-09-02T06:00:00+02:00,Physical Flow,day,485595000.0,kWh/d,NL-TSO-0001,LNG-00027,entry,Provisional,2026-09-02T09:31:30+02:00
2026-09-03T00:16:49+00:00,eems,2026-07-20,2026-07-20T06:00:00+02:00,2026-07-21T06:00:00+02:00,Physical Flow,day,21375340.0,kWh/d,NL-TSO-0001,LNG-00068,entry,Confirmed,2026-08-06T09:42:10+02:00
2026-09-03T00:16:49+00:00,eems,2026-07-21,2026-07-21T06:00:00+02:00,2026-07-22T06:00:00+02:00,Physical Flow,day,21370002.0,kWh/d,NL-TSO-0001,LNG-00068,entry,Confirmed,2026-08-05T09:20:49+02:00
2026-09-03T00:16:49+00:00,eems,2026-07-22,2026-07-22T06:00:00+02:00,2026-07-23T06:00:00+02:00,Physical Flow,day,21400903.0,kWh/d,NL-TSO-0001,LNG-00068,entry,Confirmed,2026-08-05T09:20:49+02:00
2026-09-03T00:16:49+00:00,eems,2026-07-23,2026-07-23T06:00:00+02:00,2026-07-24T06:00:00+02:00,Physical Flow,day,21401492.0,kWh/d,NL-TSO-0001,LNG-00068,entry,Confirmed,2026-08-05T09:20:49+02:00
2026-09-03T00:16:49+00:00,eems,2026-07-24,2026-07-24T06:00:00+02:00,2026-07-25T06:00:00+02:00,Physical Flow,day,21355999.0,kWh/d,NL-TSO-0001,LNG-00068,entry,Confirmed,2026-08-05T09:20:49+02:00
2026-09-03T00:16:49+00:00,eems,2026-07-25,2026-07-25T06:00:00+02:00,2026-07-26T06:00:00+02:00,Physical Flow,day,22309960.0,kWh/d,NL-TSO-0001,LNG-00068,entry,Confirmed,2026-08-05T09:20:49+02:00
2026-09-03T00:16:49+00:00,eems,2026-07-26,2026-07-26T06:00:00+02:00,2026-07-27T06:00:00+02:00,Physical Flow,day,22375945.0,kWh/d,NL-TSO-0001,LNG-00068,entry,Confirmed,2026-08-05T09:20:49+02:00
2026-09-03T00:16:49+00:00,eems,2026-07-27,2026-07-27T06:00:00+02:00,2026-07-28T06:00:00+02:00,Physical Flow,day,22349292.0,kWh/d,NL-TSO-0001,LNG-00068,entry,Confirmed,2026-08-05T09:20:49+02:00
2026-09-03T00:16:49+00:00,eems,2026-07-28,2026-07-28T06:00:00+02:00,2026-07-29T06:00:00+02:00,Physical Flow,day,20382445.0,kWh/d,NL-TSO-0001,LNG-00068,entry,Confirmed,2026-08-05T09:20:49+02:00
2026-09-03T00:16:49+00:00,eems,2026-07-29,2026-07-29T06:00:00+02:00,2026-07-30T06:00:00+02:00,Physical Flow,day,17300691.0,kWh/d,NL-TSO-0001,LNG-00068,entry,Confirmed,2026-08-05T09:20:49+02:00
2026-09-03T00:16:49+00:00,eems,2026-07-30,2026-07-30T06:00:00+02:00,2026-07-31T06:00:00+02:00,Physical Flow,day,17325528.0,kWh/d,NL-TSO-0001,LNG-00068,entry,Confirmed,2026-08-05T09:20:49+02:00
2026-09-03T00:16:49+00:00,eems,2026-07-31,2026-07-31T06:00:00+02:00,2026-08-01T06:00:00+02:00,Physical Flow,day,17357087.0,kWh/d,NL-TSO-0001,LNG-00068,entry,Confirmed,2026-08-05T09:20:49+02:00
2026-09-03T00:16:49+00:00,eems,2026-08-01,2026-08-01T06:00:00+02:00,2026-08-02T06:00:00+02:00,Physical Flow,day,17023902.0,kWh/d,NL-TSO-0001,LNG-00068,entry,Provisional,2026-08-02T09:23:09+02:00
2026-09-03T00:16:49+00:00,eems,2026-08-02,2026-08-02T06:00:00+02:00,2026-08-03T06:00:00+02:00,Physical Flow,day,17529956.0,kWh/d,NL-TSO-0001,LNG-00068,entry,Provisional,2026-08-03T09:37:49+02:00
2026-09-03T00:16:49+00:00,eems,2026-08-03,2026-08-03T06:00:00+02:00,2026-08-04T06:00:00+02:00,Physical Flow,day,17453419.0,kWh/d,NL-TSO-0001,LNG-00068,entry,Provisional,2026-08-04T09:36:49+02:00
2026-09-03T00:16:49+00:00,eems,2026-08-04,2026-08-04T06:00:00+02:00,2026-08-05T06:00:00+02:00,Physical Flow,day,64173931.0,kWh/d,NL-TSO-0001,LNG-00068,entry,Provisional,2026-08-05T09:20:49+02:00
2026-09-03T00:16:49+00:00,eems,2026-08-05,2026-08-05T06:00:00+02:00,2026-08-06T06:00:00+02:00,Physical Flow,day,110094543.0,kWh/d,NL-TSO-0001,LNG-00068,entry,Provisional,2026-08-06T09:42:10+02:00
2026-09-03T00:16:49+00:00,eems,2026-08-06,2026-08-06T06:00:00+02:00,2026-08-07T06:00:00+02:00,Physical Flow,day,111320278.0,kWh/d,NL-TSO-0001,LNG-00068,entry,Provisional,2026-08-07T09:33:09+02:00
2026-09-03T00:16:49+00:00,eems,2026-08-07,2026-08-07T06:00:00+02:00,2026-08-08T06:00:00+02:00,Physical Flow,day,217119103.0,kWh/d,NL-TSO-0001,LNG-00068,entry,Provisional,2026-08-08T09:30:09+02:00
2026-09-03T00:16:49+00:00,eems,2026-08-08,2026-08-08T06:00:00+02:00,2026-08-09T06:00:00+02:00,Physical Flow,day,254235882.0,kWh/d,NL-TSO-0001,LNG-00068,entry,Provisional,2026-08-10T09:40:29+02:00
2026-09-03T00:16:49+00:00,eems,2026-08-09,2026-08-09T06:00:00+02:00,2026-08-10T06:00:00+02:00,Physical Flow,day,252910360.0,kWh/d,NL-TSO-0001,LNG-00068,entry,Provisional,2026-08-10T09:40:29+02:00
2026-09-03T00:16:49+00:00,eems,2026-08-10,2026-08-10T06:00:00+02:00,2026-08-11T06:00:00+02:00,Physical Flow,day,251381159.0,kWh/d,NL-TSO-0001,LNG-00068,entry,Provisional,2026-08-12T09:14:49+02:00
2026-09-03T00:16:49+00:00,eems,2026-08-11,2026-08-11T06:00:00+02:00,2026-08-12T06:00:00+02:00,Physical Flow,day,251433757.0,kWh/d,NL-TSO-0001,LNG-00068,entry,Provisional,2026-08-12T09:14:49+02:00
2026-09-03T00:16:49+00:00,eems,2026-08-12,2026-08-12T06:00:00+02:00,2026-08-13T06:00:00+02:00,Physical Flow,day,277043457.0,kWh/d,NL-TSO-0001,LNG-00068,entry,Provisional,2026-08-13T09:37:10+02:00
2026-09-03T00:16:49+00:00,eems,2026-08-13,2026-08-13T06:00:00+02:00,2026-08-14T06:00:00+02:00,Physical Flow,day,277808457.0,kWh/d,NL-TSO-0001,LNG-00068,entry,Provisional,2026-08-14T09:42:50+02:00
2026-09-03T00:16:49+00:00,eems,2026-08-14,2026-08-14T06:00:00+02:00,2026-08-15T06:00:00+02:00,Physical Flow,day,277329858.0,kWh/d,NL-TSO-0001,LNG-00068,entry,Provisional,2026-08-15T09:31:12+02:00
2026-09-03T00:16:49+00:00,eems,2026-08-15,2026-08-15T06:00:00+02:00,2026-08-16T06:00:00+02:00,Physical Flow,day,309404871.0,kWh/d,NL-TSO-0001,LNG-00068,entry,Provisional,2026-08-16T09:04:49+02:00
2026-09-03T00:16:49+00:00,eems,2026-08-16,2026-08-16T06:00:00+02:00,2026-08-17T06:00:00+02:00,Physical Flow,day,306932082.0,kWh/d,NL-TSO-0001,LNG-00068,entry,Provisional,2026-08-17T09:23:09+02:00
2026-09-03T00:16:49+00:00,eems,2026-08-17,2026-08-17T06:00:00+02:00,2026-08-18T06:00:00+02:00,Physical Flow,day,306860403.0,kWh/d,NL-TSO-0001,LNG-00068,entry,Provisional,2026-08-18T09:36:09+02:00
2026-09-03T00:16:49+00:00,eems,2026-08-18,2026-08-18T06:00:00+02:00,2026-08-19T06:00:00+02:00,Physical Flow,day,181503912.0,kWh/d,NL-TSO-0001,LNG-00068,entry,Provisional,2026-08-20T09:13:49+02:00
2026-09-03T00:16:49+00:00,eems,2026-08-19,2026-08-19T06:00:00+02:00,2026-08-20T06:00:00+02:00,Physical Flow,day,219795933.0,kWh/d,NL-TSO-0001,LNG-00068,entry,Provisional,2026-08-20T09:13:49+02:00
2026-09-03T00:16:49+00:00,eems,2026-08-20,2026-08-20T06:00:00+02:00,2026-08-21T06:00:00+02:00,Physical Flow,day,219330068.0,kWh/d,NL-TSO-0001,LNG-00068,entry,Provisional,2026-08-21T09:25:49+02:00
2026-09-03T00:16:49+00:00,eems,2026-08-21,2026-08-21T06:00:00+02:00,2026-08-22T06:00:00+02:00,Physical Flow,day,218082835.0,kWh/d,NL-TSO-0001,LNG-00068,entry,Provisional,2026-08-22T09:23:50+02:00
2026-09-03T00:16:49+00:00,eems,2026-08-22,2026-08-22T06:00:00+02:00,2026-08-23T06:00:00+02:00,Physical Flow,day,173646956.0,kWh/d,NL-TSO-0001,LNG-00068,entry,Provisional,2026-08-23T09:16:29+02:00
2026-09-03T00:16:49+00:00,eems,2026-08-23,2026-08-23T06:00:00+02:00,2026-08-24T06:00:00+02:00,Physical Flow,day,175025289.0,kWh/d,NL-TSO-0001,LNG-00068,entry,Provisional,2026-08-24T09:21:09+02:00
2026-09-03T00:16:49+00:00,eems,2026-08-24,2026-08-24T06:00:00+02:00,2026-08-25T06:00:00+02:00,Physical Flow,day,188318356.0,kWh/d,NL-TSO-0001,LNG-00068,entry,Provisional,2026-08-25T09:29:09+02:00
2026-09-03T00:16:49+00:00,eems,2026-08-25,2026-08-25T06:00:00+02:00,2026-08-26T06:00:00+02:00,Physical Flow,day,187359722.0,kWh/d,NL-TSO-0001,LNG-00068,entry,Provisional,2026-08-26T09:30:29+02:00
2026-09-03T00:16:49+00:00,eems,2026-08-26,2026-08-26T06:00:00+02:00,2026-08-27T06:00:00+02:00,Physical Flow,day,252855833.0,kWh/d,NL-TSO-0001,LNG-00068,entry,Provisional,2026-08-27T09:17:10+02:00
2026-09-03T00:16:49+00:00,eems,2026-08-27,2026-08-27T06:00:00+02:00,2026-08-28T06:00:00+02:00,Physical Flow,day,250520833.0,kWh/d,NL-TSO-0001,LNG-00068,entry,Provisional,2026-08-28T09:56:10+02:00
2026-09-03T00:16:49+00:00,eems,2026-08-28,2026-08-28T06:00:00+02:00,2026-08-29T06:00:00+02:00,Physical Flow,day,249423056.0,kWh/d,NL-TSO-0001,LNG-00068,entry,Provisional,2026-08-29T09:27:09+02:00
2026-09-03T00:16:49+00:00,eems,2026-08-29,2026-08-29T06:00:00+02:00,2026-08-30T06:00:00+02:00,Physical Flow,day,301190000.0,kWh/d,NL-TSO-0001,LNG-00068,entry,Provisional,2026-08-30T09:26:10+02:00
2026-09-03T00:16:49+00:00,eems,2026-08-30,2026-08-30T06:00:00+02:00,2026-08-31T06:00:00+02:00,Physical Flow,day,297410833.0,kWh/d,NL-TSO-0001,LNG-00068,entry,Provisional,2026-08-31T09:30:50+02:00
2026-09-03T00:16:49+00:00,eems,2026-08-31,2026-08-31T06:00:00+02:00,2026-09-01T06:00:00+02:00,Physical Flow,day,299396667.0,kWh/d,NL-TSO-0001,LNG-00068,entry,Provisional,2026-09-01T09:42:49+02:00
2026-09-03T00:16:49+00:00,eems,2026-09-01,2026-09-01T06:00:00+02:00,2026-09-02T06:00:00+02:00,Physical Flow,day,307481667.0,kWh/d,NL-TSO-0001,LNG-00068,entry,Provisional,2026-09-02T09:31:30+02:00
2026-09-03T00:16:49+00:00,zeebrugge,2026-07-20,2026-07-20T06:00:00+02:00,2026-07-21T06:00:00+02:00,Physical Flow,day,167003227.0,kWh/d,BE-TSO-0001,LNG-00017,entry,Confirmed,2026-08-30T01:04:50+02:00
2026-09-03T00:16:49+00:00,zeebrugge,2026-07-21,2026-07-21T06:00:00+02:00,2026-07-22T06:00:00+02:00,Physical Flow,day,139276465.0,kWh/d,BE-TSO-0001,LNG-00017,entry,Confirmed,2026-08-30T01:04:50+02:00
2026-09-03T00:16:49+00:00,zeebrugge,2026-07-22,2026-07-22T06:00:00+02:00,2026-07-23T06:00:00+02:00,Physical Flow,day,126506400.0,kWh/d,BE-TSO-0001,LNG-00017,entry,Confirmed,2026-08-30T01:04:50+02:00
2026-09-03T00:16:49+00:00,zeebrugge,2026-07-23,2026-07-23T06:00:00+02:00,2026-07-24T06:00:00+02:00,Physical Flow,day,121429490.0,kWh/d,BE-TSO-0001,LNG-00017,entry,Confirmed,2026-08-30T01:04:50+02:00
2026-09-03T00:16:49+00:00,zeebrugge,2026-07-24,2026-07-24T06:00:00+02:00,2026-07-25T06:00:00+02:00,Physical Flow,day,100804508.0,kWh/d,BE-TSO-0001,LNG-00017,entry,Confirmed,2026-08-30T01:04:50+02:00
2026-09-03T00:16:49+00:00,zeebrugge,2026-07-25,2026-07-25T06:00:00+02:00,2026-07-26T06:00:00+02:00,Physical Flow,day,72738557.0,kWh/d,BE-TSO-0001,LNG-00017,entry,Confirmed,2026-08-30T01:04:50+02:00
2026-09-03T00:16:49+00:00,zeebrugge,2026-07-26,2026-07-26T06:00:00+02:00,2026-07-27T06:00:00+02:00,Physical Flow,day,96377768.0,kWh/d,BE-TSO-0001,LNG-00017,entry,Confirmed,2026-08-30T01:04:50+02:00
2026-09-03T00:16:49+00:00,zeebrugge,2026-07-27,2026-07-27T06:00:00+02:00,2026-07-28T06:00:00+02:00,Physical Flow,day,136075894.0,kWh/d,BE-TSO-0001,LNG-00017,entry,Confirmed,2026-08-30T01:04:50+02:00
2026-09-03T00:16:49+00:00,zeebrugge,2026-07-28,2026-07-28T06:00:00+02:00,2026-07-29T06:00:00+02:00,Physical Flow,day,64744274.0,kWh/d,BE-TSO-0001,LNG-00017,entry,Confirmed,2026-08-30T01:04:50+02:00
2026-09-03T00:16:49+00:00,zeebrugge,2026-07-29,2026-07-29T06:00:00+02:00,2026-07-30T06:00:00+02:00,Physical Flow,day,140684324.0,kWh/d,BE-TSO-0001,LNG-00017,entry,Confirmed,2026-08-30T01:04:50+02:00
2026-09-03T00:16:49+00:00,zeebrugge,2026-07-30,2026-07-30T06:00:00+02:00,2026-07-31T06:00:00+02:00,Physical Flow,day,134025913.0,kWh/d,BE-TSO-0001,LNG-00017,entry,Confirmed,2026-08-30T01:04:50+02:00
2026-09-03T00:16:49+00:00,zeebrugge,2026-07-31,2026-07-31T06:00:00+02:00,2026-08-01T06:00:00+02:00,Physical Flow,day,129661454.0,kWh/d,BE-TSO-0001,LNG-00017,entry,Confirmed,2026-08-30T01:04:50+02:00
2026-09-03T00:16:49+00:00,zeebrugge,2026-08-01,2026-08-01T06:00:00+02:00,2026-08-02T06:00:00+02:00,Physical Flow,day,124850695.0,kWh/d,BE-TSO-0001,LNG-00017,entry,Confirmed,2026-08-02T10:34:50+02:00
2026-09-03T00:16:49+00:00,zeebrugge,2026-08-02,2026-08-02T06:00:00+02:00,2026-08-03T06:00:00+02:00,Physical Flow,day,112810674.0,kWh/d,BE-TSO-0001,LNG-00017,entry,Confirmed,2026-08-03T10:34:50+02:00
2026-09-03T00:16:49+00:00,zeebrugge,2026-08-03,2026-08-03T06:00:00+02:00,2026-08-04T06:00:00+02:00,Physical Flow,day,22041479.0,kWh/d,BE-TSO-0001,LNG-00017,entry,Confirmed,2026-08-04T10:33:32+02:00
2026-09-03T00:16:49+00:00,zeebrugge,2026-08-04,2026-08-04T06:00:00+02:00,2026-08-05T06:00:00+02:00,Physical Flow,day,22156434.0,kWh/d,BE-TSO-0001,LNG-00017,entry,Confirmed,2026-08-05T10:34:29+02:00
2026-09-03T00:16:49+00:00,zeebrugge,2026-08-05,2026-08-05T06:00:00+02:00,2026-08-06T06:00:00+02:00,Physical Flow,day,22293493.0,kWh/d,BE-TSO-0001,LNG-00017,entry,Confirmed,2026-08-06T10:36:49+02:00
2026-09-03T00:16:49+00:00,zeebrugge,2026-08-06,2026-08-06T06:00:00+02:00,2026-08-07T06:00:00+02:00,Physical Flow,day,22266094.0,kWh/d,BE-TSO-0001,LNG-00017,entry,Confirmed,2026-08-07T10:36:50+02:00
2026-09-03T00:16:49+00:00,zeebrugge,2026-08-07,2026-08-07T06:00:00+02:00,2026-08-08T06:00:00+02:00,Physical Flow,day,22140097.0,kWh/d,BE-TSO-0001,LNG-00017,entry,Confirmed,2026-08-08T10:37:09+02:00
2026-09-03T00:16:49+00:00,zeebrugge,2026-08-08,2026-08-08T06:00:00+02:00,2026-08-09T06:00:00+02:00,Physical Flow,day,22025580.0,kWh/d,BE-TSO-0001,LNG-00017,entry,Confirmed,2026-08-09T10:36:49+02:00
2026-09-03T00:16:49+00:00,zeebrugge,2026-08-09,2026-08-09T06:00:00+02:00,2026-08-10T06:00:00+02:00,Physical Flow,day,22493813.0,kWh/d,BE-TSO-0001,LNG-00017,entry,Confirmed,2026-08-10T10:38:49+02:00
2026-09-03T00:16:49+00:00,zeebrugge,2026-08-10,2026-08-10T06:00:00+02:00,2026-08-11T06:00:00+02:00,Physical Flow,day,22310816.0,kWh/d,BE-TSO-0001,LNG-00017,entry,Confirmed,2026-08-11T10:33:29+02:00
2026-09-03T00:16:49+00:00,zeebrugge,2026-08-11,2026-08-11T06:00:00+02:00,2026-08-12T06:00:00+02:00,Physical Flow,day,22182236.0,kWh/d,BE-TSO-0001,LNG-00017,entry,Confirmed,2026-08-12T10:34:09+02:00
2026-09-03T00:16:49+00:00,zeebrugge,2026-08-12,2026-08-12T06:00:00+02:00,2026-08-13T06:00:00+02:00,Physical Flow,day,34983241.0,kWh/d,BE-TSO-0001,LNG-00017,entry,Confirmed,2026-08-13T10:34:50+02:00
2026-09-03T00:16:49+00:00,zeebrugge,2026-08-13,2026-08-13T06:00:00+02:00,2026-08-14T06:00:00+02:00,Physical Flow,day,32931083.0,kWh/d,BE-TSO-0001,LNG-00017,entry,Confirmed,2026-08-14T10:34:49+02:00
2026-09-03T00:16:49+00:00,zeebrugge,2026-08-14,2026-08-14T06:00:00+02:00,2026-08-15T06:00:00+02:00,Physical Flow,day,27889066.0,kWh/d,BE-TSO-0001,LNG-00017,entry,Confirmed,2026-08-15T10:35:49+02:00
2026-09-03T00:16:49+00:00,zeebrugge,2026-08-15,2026-08-15T06:00:00+02:00,2026-08-16T06:00:00+02:00,Physical Flow,day,31566186.0,kWh/d,BE-TSO-0001,LNG-00017,entry,Confirmed,2026-08-16T10:34:49+02:00
2026-09-03T00:16:49+00:00,zeebrugge,2026-08-16,2026-08-16T06:00:00+02:00,2026-08-17T06:00:00+02:00,Physical Flow,day,39454105.0,kWh/d,BE-TSO-0001,LNG-00017,entry,Confirmed,2026-08-17T10:40:29+02:00
2026-09-03T00:16:49+00:00,zeebrugge,2026-08-17,2026-08-17T06:00:00+02:00,2026-08-18T06:00:00+02:00,Physical Flow,day,25251450.0,kWh/d,BE-TSO-0001,LNG-00017,entry,Confirmed,2026-08-18T10:39:10+02:00
2026-09-03T00:16:49+00:00,zeebrugge,2026-08-18,2026-08-18T06:00:00+02:00,2026-08-19T06:00:00+02:00,Physical Flow,day,51498313.0,kWh/d,BE-TSO-0001,LNG-00017,entry,Confirmed,2026-08-19T10:38:10+02:00
2026-09-03T00:16:49+00:00,zeebrugge,2026-08-19,2026-08-19T06:00:00+02:00,2026-08-20T06:00:00+02:00,Physical Flow,day,44542054.0,kWh/d,BE-TSO-0001,LNG-00017,entry,Confirmed,2026-08-20T10:38:30+02:00
2026-09-03T00:16:49+00:00,zeebrugge,2026-08-20,2026-08-20T06:00:00+02:00,2026-08-21T06:00:00+02:00,Physical Flow,day,54363193.0,kWh/d,BE-TSO-0001,LNG-00017,entry,Confirmed,2026-08-21T10:43:50+02:00
2026-09-03T00:16:49+00:00,zeebrugge,2026-08-21,2026-08-21T06:00:00+02:00,2026-08-22T06:00:00+02:00,Physical Flow,day,51442863.0,kWh/d,BE-TSO-0001,LNG-00017,entry,Confirmed,2026-08-22T10:37:29+02:00
2026-09-03T00:16:49+00:00,zeebrugge,2026-08-22,2026-08-22T06:00:00+02:00,2026-08-23T06:00:00+02:00,Physical Flow,day,38598889.0,kWh/d,BE-TSO-0001,LNG-00017,entry,Confirmed,2026-08-23T10:34:09+02:00
2026-09-03T00:16:49+00:00,zeebrugge,2026-08-23,2026-08-23T06:00:00+02:00,2026-08-24T06:00:00+02:00,Physical Flow,day,38184779.0,kWh/d,BE-TSO-0001,LNG-00017,entry,Confirmed,2026-08-24T10:39:09+02:00
2026-09-03T00:16:49+00:00,zeebrugge,2026-08-24,2026-08-24T06:00:00+02:00,2026-08-25T06:00:00+02:00,Physical Flow,day,52648332.0,kWh/d,BE-TSO-0001,LNG-00017,entry,Confirmed,2026-08-25T10:34:10+02:00
2026-09-03T00:16:49+00:00,zeebrugge,2026-08-25,2026-08-25T06:00:00+02:00,2026-08-26T06:00:00+02:00,Physical Flow,day,63891673.0,kWh/d,BE-TSO-0001,LNG-00017,entry,Confirmed,2026-08-26T10:34:52+02:00
2026-09-03T00:16:49+00:00,zeebrugge,2026-08-26,2026-08-26T06:00:00+02:00,2026-08-27T06:00:00+02:00,Physical Flow,day,48915381.0,kWh/d,BE-TSO-0001,LNG-00017,entry,Confirmed,2026-08-27T10:37:09+02:00
2026-09-03T00:16:49+00:00,zeebrugge,2026-08-27,2026-08-27T06:00:00+02:00,2026-08-28T06:00:00+02:00,Physical Flow,day,145705011.0,kWh/d,BE-TSO-0001,LNG-00017,entry,Confirmed,2026-08-28T10:39:09+02:00
2026-09-03T00:16:49+00:00,zeebrugge,2026-08-28,2026-08-28T06:00:00+02:00,2026-08-29T06:00:00+02:00,Physical Flow,day,97740763.0,kWh/d,BE-TSO-0001,LNG-00017,entry,Confirmed,2026-08-29T10:35:30+02:00
2026-09-03T00:16:49+00:00,zeebrugge,2026-08-29,2026-08-29T06:00:00+02:00,2026-08-30T06:00:00+02:00,Physical Flow,day,65868232.0,kWh/d,BE-TSO-0001,LNG-00017,entry,Confirmed,2026-08-30T10:36:09+02:00
2026-09-03T00:16:49+00:00,zeebrugge,2026-08-30,2026-08-30T06:00:00+02:00,2026-08-31T06:00:00+02:00,Physical Flow,day,165713724.0,kWh/d,BE-TSO-0001,LNG-00017,entry,Confirmed,2026-08-31T10:34:09+02:00
2026-09-03T00:16:49+00:00,zeebrugge,2026-08-31,2026-08-31T06:00:00+02:00,2026-09-01T06:00:00+02:00,Physical Flow,day,191397051.0,kWh/d,BE-TSO-0001,LNG-00017,entry,Confirmed,2026-09-01T10:35:43+02:00
2026-09-03T00:16:49+00:00,zeebrugge,2026-09-01,2026-09-01T06:00:00+02:00,2026-09-02T06:00:00+02:00,Physical Flow,day,217198959.0,kWh/d,BE-TSO-0001,LNG-00017,entry,Confirmed,2026-09-02T10:36:29+02:00
2026-09-03T00:16:49+00:00,dunkerque,2026-07-20,2026-07-20T06:00:00+02:00,2026-07-21T06:00:00+02:00,Physical Flow,day,167406468.0,kWh/d,FR-TSO-0003,LNG-00003,entry,Provisional,2026-08-15T01:03:29+02:00
2026-09-03T00:16:49+00:00,dunkerque,2026-07-21,2026-07-21T06:00:00+02:00,2026-07-22T06:00:00+02:00,Physical Flow,day,173294048.0,kWh/d,FR-TSO-0003,LNG-00003,entry,Provisional,2026-08-15T01:03:29+02:00
2026-09-03T00:16:49+00:00,dunkerque,2026-07-22,2026-07-22T06:00:00+02:00,2026-07-23T06:00:00+02:00,Physical Flow,day,171277493.0,kWh/d,FR-TSO-0003,LNG-00003,entry,Provisional,2026-08-15T01:03:29+02:00
2026-09-03T00:16:49+00:00,dunkerque,2026-07-23,2026-07-23T06:00:00+02:00,2026-07-24T06:00:00+02:00,Physical Flow,day,171433628.0,kWh/d,FR-TSO-0003,LNG-00003,entry,Provisional,2026-08-15T01:03:29+02:00
2026-09-03T00:16:49+00:00,dunkerque,2026-07-24,2026-07-24T06:00:00+02:00,2026-07-25T06:00:00+02:00,Physical Flow,day,171309289.0,kWh/d,FR-TSO-0003,LNG-00003,entry,Provisional,2026-08-15T01:03:29+02:00
2026-09-03T00:16:49+00:00,dunkerque,2026-07-25,2026-07-25T06:00:00+02:00,2026-07-26T06:00:00+02:00,Physical Flow,day,154758596.0,kWh/d,FR-TSO-0003,LNG-00003,entry,Provisional,2026-08-15T01:03:29+02:00
2026-09-03T00:16:49+00:00,dunkerque,2026-07-26,2026-07-26T06:00:00+02:00,2026-07-27T06:00:00+02:00,Physical Flow,day,154711276.0,kWh/d,FR-TSO-0003,LNG-00003,entry,Provisional,2026-08-15T01:03:29+02:00
2026-09-03T00:16:49+00:00,dunkerque,2026-07-27,2026-07-27T06:00:00+02:00,2026-07-28T06:00:00+02:00,Physical Flow,day,164037867.0,kWh/d,FR-TSO-0003,LNG-00003,entry,Provisional,2026-08-15T01:03:29+02:00
2026-09-03T00:16:49+00:00,dunkerque,2026-07-28,2026-07-28T06:00:00+02:00,2026-07-29T06:00:00+02:00,Physical Flow,day,167768765.0,kWh/d,FR-TSO-0003,LNG-00003,entry,Provisional,2026-07-30T15:17:50+02:00
2026-09-03T00:16:49+00:00,dunkerque,2026-07-29,2026-07-29T06:00:00+02:00,2026-07-30T06:00:00+02:00,Physical Flow,day,167766724.0,kWh/d,FR-TSO-0003,LNG-00003,entry,Provisional,2026-07-31T15:07:30+02:00
2026-09-03T00:16:49+00:00,dunkerque,2026-07-30,2026-07-30T06:00:00+02:00,2026-07-31T06:00:00+02:00,Physical Flow,day,167477257.0,kWh/d,FR-TSO-0003,LNG-00003,entry,Provisional,2026-08-01T15:16:50+02:00
2026-09-03T00:16:49+00:00,dunkerque,2026-07-31,2026-07-31T06:00:00+02:00,2026-08-01T06:00:00+02:00,Physical Flow,day,167547545.0,kWh/d,FR-TSO-0003,LNG-00003,entry,Provisional,2026-08-02T15:29:10+02:00
2026-09-03T00:16:49+00:00,dunkerque,2026-08-01,2026-08-01T06:00:00+02:00,2026-08-02T06:00:00+02:00,Physical Flow,day,178682048.0,kWh/d,FR-TSO-0003,LNG-00003,entry,Provisional,2026-08-03T15:03:50+02:00
2026-09-03T00:16:49+00:00,dunkerque,2026-08-02,2026-08-02T06:00:00+02:00,2026-08-03T06:00:00+02:00,Physical Flow,day,178633254.0,kWh/d,FR-TSO-0003,LNG-00003,entry,Provisional,2026-08-04T15:18:50+02:00
2026-09-03T00:16:49+00:00,dunkerque,2026-08-03,2026-08-03T06:00:00+02:00,2026-08-04T06:00:00+02:00,Physical Flow,day,247329085.0,kWh/d,FR-TSO-0003,LNG-00003,entry,Provisional,2026-08-05T15:15:29+02:00
2026-09-03T00:16:49+00:00,dunkerque,2026-08-04,2026-08-04T06:00:00+02:00,2026-08-05T06:00:00+02:00,Physical Flow,day,274682752.0,kWh/d,FR-TSO-0003,LNG-00003,entry,Provisional,2026-08-06T15:25:30+02:00
2026-09-03T00:16:49+00:00,dunkerque,2026-08-05,2026-08-05T06:00:00+02:00,2026-08-06T06:00:00+02:00,Physical Flow,day,251446025.0,kWh/d,FR-TSO-0003,LNG-00003,entry,Provisional,2026-08-07T15:17:30+02:00
2026-09-03T00:16:49+00:00,dunkerque,2026-08-06,2026-08-06T06:00:00+02:00,2026-08-07T06:00:00+02:00,Physical Flow,day,212257165.0,kWh/d,FR-TSO-0003,LNG-00003,entry,Provisional,2026-08-08T15:10:29+02:00
2026-09-03T00:16:49+00:00,dunkerque,2026-08-07,2026-08-07T06:00:00+02:00,2026-08-08T06:00:00+02:00,Physical Flow,day,256601444.0,kWh/d,FR-TSO-0003,LNG-00003,entry,Provisional,2026-08-09T15:08:29+02:00
2026-09-03T00:16:49+00:00,dunkerque,2026-08-08,2026-08-08T06:00:00+02:00,2026-08-09T06:00:00+02:00,Physical Flow,day,196965744.0,kWh/d,FR-TSO-0003,LNG-00003,entry,Provisional,2026-08-10T15:13:50+02:00
2026-09-03T00:16:49+00:00,dunkerque,2026-08-09,2026-08-09T06:00:00+02:00,2026-08-10T06:00:00+02:00,Physical Flow,day,197033281.0,kWh/d,FR-TSO-0003,LNG-00003,entry,Provisional,2026-08-11T15:13:30+02:00
2026-09-03T00:16:49+00:00,dunkerque,2026-08-10,2026-08-10T06:00:00+02:00,2026-08-11T06:00:00+02:00,Physical Flow,day,256575749.0,kWh/d,FR-TSO-0003,LNG-00003,entry,Provisional,2026-08-12T15:13:30+02:00
2026-09-03T00:16:49+00:00,dunkerque,2026-08-11,2026-08-11T06:00:00+02:00,2026-08-12T06:00:00+02:00,Physical Flow,day,256608992.0,kWh/d,FR-TSO-0003,LNG-00003,entry,Provisional,2026-08-13T15:15:09+02:00
2026-09-03T00:16:49+00:00,dunkerque,2026-08-12,2026-08-12T06:00:00+02:00,2026-08-13T06:00:00+02:00,Physical Flow,day,256334584.0,kWh/d,FR-TSO-0003,LNG-00003,entry,Provisional,2026-08-14T15:11:29+02:00
2026-09-03T00:16:49+00:00,dunkerque,2026-08-13,2026-08-13T06:00:00+02:00,2026-08-14T06:00:00+02:00,Physical Flow,day,281777333.0,kWh/d,FR-TSO-0003,LNG-00003,entry,Provisional,2026-08-15T15:13:29+02:00
2026-09-03T00:16:49+00:00,dunkerque,2026-08-14,2026-08-14T06:00:00+02:00,2026-08-15T06:00:00+02:00,Physical Flow,day,248378115.0,kWh/d,FR-TSO-0003,LNG-00003,entry,Provisional,2026-08-16T15:10:10+02:00
2026-09-03T00:16:49+00:00,dunkerque,2026-08-15,2026-08-15T06:00:00+02:00,2026-08-16T06:00:00+02:00,Physical Flow,day,221799159.0,kWh/d,FR-TSO-0003,LNG-00003,entry,Provisional,2026-08-17T15:03:51+02:00
2026-09-03T00:16:49+00:00,dunkerque,2026-08-16,2026-08-16T06:00:00+02:00,2026-08-17T06:00:00+02:00,Physical Flow,day,221702501.0,kWh/d,FR-TSO-0003,LNG-00003,entry,Provisional,2026-08-18T15:26:53+02:00
2026-09-03T00:16:49+00:00,dunkerque,2026-08-17,2026-08-17T06:00:00+02:00,2026-08-18T06:00:00+02:00,Physical Flow,day,227460274.0,kWh/d,FR-TSO-0003,LNG-00003,entry,Provisional,2026-08-19T15:13:50+02:00
2026-09-03T00:16:49+00:00,dunkerque,2026-08-18,2026-08-18T06:00:00+02:00,2026-08-19T06:00:00+02:00,Physical Flow,day,361094143.0,kWh/d,FR-TSO-0003,LNG-00003,entry,Provisional,2026-08-20T15:14:10+02:00
2026-09-03T00:16:49+00:00,dunkerque,2026-08-19,2026-08-19T06:00:00+02:00,2026-08-20T06:00:00+02:00,Physical Flow,day,362351054.0,kWh/d,FR-TSO-0003,LNG-00003,entry,Provisional,2026-08-21T15:22:30+02:00
2026-09-03T00:16:49+00:00,dunkerque,2026-08-20,2026-08-20T06:00:00+02:00,2026-08-21T06:00:00+02:00,Physical Flow,day,428048600.0,kWh/d,FR-TSO-0003,LNG-00003,entry,Provisional,2026-08-22T15:15:10+02:00
2026-09-03T00:16:49+00:00,dunkerque,2026-08-21,2026-08-21T06:00:00+02:00,2026-08-22T06:00:00+02:00,Physical Flow,day,532691361.0,kWh/d,FR-TSO-0003,LNG-00003,entry,Provisional,2026-08-23T15:17:31+02:00
2026-09-03T00:16:49+00:00,dunkerque,2026-08-22,2026-08-22T06:00:00+02:00,2026-08-23T06:00:00+02:00,Physical Flow,day,374367325.0,kWh/d,FR-TSO-0003,LNG-00003,entry,Provisional,2026-08-24T15:05:09+02:00
2026-09-03T00:16:49+00:00,dunkerque,2026-08-23,2026-08-23T06:00:00+02:00,2026-08-24T06:00:00+02:00,Physical Flow,day,370490471.0,kWh/d,FR-TSO-0003,LNG-00003,entry,Provisional,2026-08-25T15:26:50+02:00
2026-09-03T00:16:49+00:00,dunkerque,2026-08-24,2026-08-24T06:00:00+02:00,2026-08-25T06:00:00+02:00,Physical Flow,day,489720260.0,kWh/d,FR-TSO-0003,LNG-00003,entry,Provisional,2026-08-26T15:11:49+02:00
2026-09-03T00:16:49+00:00,dunkerque,2026-08-25,2026-08-25T06:00:00+02:00,2026-08-26T06:00:00+02:00,Physical Flow,day,387733625.0,kWh/d,FR-TSO-0003,LNG-00003,entry,Provisional,2026-08-27T15:17:50+02:00
2026-09-03T00:16:49+00:00,dunkerque,2026-08-26,2026-08-26T06:00:00+02:00,2026-08-27T06:00:00+02:00,Physical Flow,day,410572406.0,kWh/d,FR-TSO-0003,LNG-00003,entry,Provisional,2026-08-28T15:17:10+02:00
2026-09-03T00:16:49+00:00,dunkerque,2026-08-27,2026-08-27T06:00:00+02:00,2026-08-28T06:00:00+02:00,Physical Flow,day,358746614.0,kWh/d,FR-TSO-0003,LNG-00003,entry,Provisional,2026-08-29T15:15:51+02:00
2026-09-03T00:16:49+00:00,dunkerque,2026-08-28,2026-08-28T06:00:00+02:00,2026-08-29T06:00:00+02:00,Physical Flow,day,250496565.0,kWh/d,FR-TSO-0003,LNG-00003,entry,Provisional,2026-08-30T15:03:30+02:00
2026-09-03T00:16:49+00:00,dunkerque,2026-08-29,2026-08-29T06:00:00+02:00,2026-08-30T06:00:00+02:00,Physical Flow,day,290665395.0,kWh/d,FR-TSO-0003,LNG-00003,entry,Provisional,2026-08-31T15:09:50+02:00
2026-09-03T00:16:49+00:00,dunkerque,2026-08-30,2026-08-30T06:00:00+02:00,2026-08-31T06:00:00+02:00,Physical Flow,day,197104972.0,kWh/d,FR-TSO-0003,LNG-00003,entry,Provisional,2026-09-01T15:08:49+02:00
2026-09-03T00:16:49+00:00,dunkerque,2026-08-31,2026-08-31T06:00:00+02:00,2026-09-01T06:00:00+02:00,Physical Flow,day,194470843.0,kWh/d,FR-TSO-0003,LNG-00003,entry,Provisional,2026-09-02T15:21:09+02:00
2026-09-03T00:16:49+00:00,dunkerque,2026-09-01,2026-09-01T06:00:00+02:00,2026-09-02T06:00:00+02:00,Physical Flow,day,360023295.0,kWh/d,FR-TSO-0003,LNG-00003,entry,Provisional,2026-09-02T15:21:09+02:00
2026-09-03T00:16:49+00:00,grain,2026-07-20,2026-07-20T06:00:00+02:00,2026-07-21T06:00:00+02:00,Physical Flow,day,0.0,kWh/d,UK-TSO-0001,LNG-00008,entry,Confirmed,2026-08-25T17:52:49+02:00
2026-09-03T00:16:49+00:00,grain,2026-07-21,2026-07-21T06:00:00+02:00,2026-07-22T06:00:00+02:00,Physical Flow,day,147309.0,kWh/d,UK-TSO-0001,LNG-00008,entry,Confirmed,2026-08-25T17:52:49+02:00
2026-09-03T00:16:49+00:00,grain,2026-07-22,2026-07-22T06:00:00+02:00,2026-07-23T06:00:00+02:00,Physical Flow,day,147309.0,kWh/d,UK-TSO-0001,LNG-00008,entry,Confirmed,2026-08-25T17:52:49+02:00
2026-09-03T00:16:49+00:00,grain,2026-07-23,2026-07-23T06:00:00+02:00,2026-07-24T06:00:00+02:00,Physical Flow,day,0.0,kWh/d,UK-TSO-0001,LNG-00008,entry,Confirmed,2026-08-25T17:52:49+02:00
2026-09-03T00:16:49+00:00,grain,2026-07-24,2026-07-24T06:00:00+02:00,2026-07-25T06:00:00+02:00,Physical Flow,day,0.0,kWh/d,UK-TSO-0001,LNG-00008,entry,Confirmed,2026-08-25T17:52:49+02:00
2026-09-03T00:16:49+00:00,grain,2026-07-25,2026-07-25T06:00:00+02:00,2026-07-26T06:00:00+02:00,Physical Flow,day,0.0,kWh/d,UK-TSO-0001,LNG-00008,entry,Confirmed,2026-08-25T17:52:49+02:00
2026-09-03T00:16:49+00:00,grain,2026-07-26,2026-07-26T06:00:00+02:00,2026-07-27T06:00:00+02:00,Physical Flow,day,0.0,kWh/d,UK-TSO-0001,LNG-00008,entry,Confirmed,2026-08-25T17:52:49+02:00
2026-09-03T00:16:49+00:00,grain,2026-07-27,2026-07-27T06:00:00+02:00,2026-07-28T06:00:00+02:00,Physical Flow,day,0.0,kWh/d,UK-TSO-0001,LNG-00008,entry,Confirmed,2026-08-25T17:52:49+02:00
2026-09-03T00:16:49+00:00,grain,2026-07-28,2026-07-28T06:00:00+02:00,2026-07-29T06:00:00+02:00,Physical Flow,day,0.0,kWh/d,UK-TSO-0001,LNG-00008,entry,Confirmed,2026-08-25T17:52:49+02:00
2026-09-03T00:16:49+00:00,grain,2026-07-29,2026-07-29T06:00:00+02:00,2026-07-30T06:00:00+02:00,Physical Flow,day,0.0,kWh/d,UK-TSO-0001,LNG-00008,entry,Confirmed,2026-08-25T17:52:49+02:00
2026-09-03T00:16:49+00:00,grain,2026-07-30,2026-07-30T06:00:00+02:00,2026-07-31T06:00:00+02:00,Physical Flow,day,0.0,kWh/d,UK-TSO-0001,LNG-00008,entry,Confirmed,2026-08-25T17:52:49+02:00
2026-09-03T00:16:49+00:00,grain,2026-07-31,2026-07-31T06:00:00+02:00,2026-08-01T06:00:00+02:00,Physical Flow,day,0.0,kWh/d,UK-TSO-0001,LNG-00008,entry,Confirmed,2026-08-25T17:52:49+02:00
2026-09-03T00:16:49+00:00,grain,2026-08-01,2026-08-01T06:00:00+02:00,2026-08-02T06:00:00+02:00,Physical Flow,day,0.0,kWh/d,UK-TSO-0001,LNG-00008,entry,Provisional,2026-08-05T17:53:29+02:00
2026-09-03T00:16:49+00:00,grain,2026-08-02,2026-08-02T06:00:00+02:00,2026-08-03T06:00:00+02:00,Physical Flow,day,0.0,kWh/d,UK-TSO-0001,LNG-00008,entry,Provisional,2026-08-08T17:53:30+02:00
2026-09-03T00:16:49+00:00,grain,2026-08-03,2026-08-03T06:00:00+02:00,2026-08-04T06:00:00+02:00,Physical Flow,day,0.0,kWh/d,UK-TSO-0001,LNG-00008,entry,Provisional,2026-08-09T17:51:09+02:00
2026-09-03T00:16:49+00:00,grain,2026-08-04,2026-08-04T06:00:00+02:00,2026-08-05T06:00:00+02:00,Physical Flow,day,0.0,kWh/d,UK-TSO-0001,LNG-00008,entry,Provisional,2026-08-10T17:51:49+02:00
2026-09-03T00:16:49+00:00,grain,2026-08-05,2026-08-05T06:00:00+02:00,2026-08-06T06:00:00+02:00,Physical Flow,day,0.0,kWh/d,UK-TSO-0001,LNG-00008,entry,Provisional,2026-08-11T17:52:50+02:00
2026-09-03T00:16:49+00:00,grain,2026-08-06,2026-08-06T06:00:00+02:00,2026-08-07T06:00:00+02:00,Physical Flow,day,0.0,kWh/d,UK-TSO-0001,LNG-00008,entry,Provisional,2026-08-12T17:51:49+02:00
2026-09-03T00:16:49+00:00,grain,2026-08-07,2026-08-07T06:00:00+02:00,2026-08-08T06:00:00+02:00,Physical Flow,day,0.0,kWh/d,UK-TSO-0001,LNG-00008,entry,Provisional,2026-08-13T17:54:09+02:00
2026-09-03T00:16:49+00:00,grain,2026-08-08,2026-08-08T06:00:00+02:00,2026-08-09T06:00:00+02:00,Physical Flow,day,0.0,kWh/d,UK-TSO-0001,LNG-00008,entry,Provisional,2026-08-13T17:54:09+02:00
2026-09-03T00:16:49+00:00,grain,2026-08-09,2026-08-09T06:00:00+02:00,2026-08-10T06:00:00+02:00,Physical Flow,day,0.0,kWh/d,UK-TSO-0001,LNG-00008,entry,Provisional,2026-08-12T17:51:49+02:00
2026-09-03T00:16:49+00:00,grain,2026-08-10,2026-08-10T06:00:00+02:00,2026-08-11T06:00:00+02:00,Physical Flow,day,261882.0,kWh/d,UK-TSO-0001,LNG-00008,entry,Provisional,2026-08-16T17:51:29+02:00
2026-09-03T00:16:49+00:00,grain,2026-08-11,2026-08-11T06:00:00+02:00,2026-08-12T06:00:00+02:00,Physical Flow,day,0.0,kWh/d,UK-TSO-0001,LNG-00008,entry,Provisional,2026-08-15T17:54:29+02:00
2026-09-03T00:16:49+00:00,grain,2026-08-12,2026-08-12T06:00:00+02:00,2026-08-13T06:00:00+02:00,Physical Flow,day,654705.0,kWh/d,UK-TSO-0001,LNG-00008,entry,Provisional,2026-08-18T17:52:49+02:00
2026-09-03T00:16:49+00:00,grain,2026-08-13,2026-08-13T06:00:00+02:00,2026-08-14T06:00:00+02:00,Physical Flow,day,0.0,kWh/d,UK-TSO-0001,LNG-00008,entry,Provisional,2026-08-19T17:53:49+02:00
2026-09-03T00:16:49+00:00,grain,2026-08-14,2026-08-14T06:00:00+02:00,2026-08-15T06:00:00+02:00,Physical Flow,day,0.0,kWh/d,UK-TSO-0001,LNG-00008,entry,Provisional,2026-08-19T17:53:49+02:00
2026-09-03T00:16:49+00:00,grain,2026-08-15,2026-08-15T06:00:00+02:00,2026-08-16T06:00:00+02:00,Physical Flow,day,0.0,kWh/d,UK-TSO-0001,LNG-00008,entry,Provisional,2026-08-21T17:53:49+02:00
2026-09-03T00:16:49+00:00,grain,2026-08-16,2026-08-16T06:00:00+02:00,2026-08-17T06:00:00+02:00,Physical Flow,day,0.0,kWh/d,UK-TSO-0001,LNG-00008,entry,Provisional,2026-08-22T17:53:49+02:00
2026-09-03T00:16:49+00:00,grain,2026-08-17,2026-08-17T06:00:00+02:00,2026-08-18T06:00:00+02:00,Physical Flow,day,0.0,kWh/d,UK-TSO-0001,LNG-00008,entry,Provisional,2026-08-23T17:53:29+02:00
2026-09-03T00:16:49+00:00,grain,2026-08-18,2026-08-18T06:00:00+02:00,2026-08-19T06:00:00+02:00,Physical Flow,day,0.0,kWh/d,UK-TSO-0001,LNG-00008,entry,Provisional,2026-08-24T17:53:29+02:00
2026-09-03T00:16:49+00:00,grain,2026-08-19,2026-08-19T06:00:00+02:00,2026-08-20T06:00:00+02:00,Physical Flow,day,0.0,kWh/d,UK-TSO-0001,LNG-00008,entry,Provisional,2026-08-25T17:52:49+02:00
2026-09-03T00:16:49+00:00,grain,2026-08-20,2026-08-20T06:00:00+02:00,2026-08-21T06:00:00+02:00,Physical Flow,day,0.0,kWh/d,UK-TSO-0001,LNG-00008,entry,Provisional,2026-08-26T17:52:09+02:00
2026-09-03T00:16:49+00:00,grain,2026-08-21,2026-08-21T06:00:00+02:00,2026-08-22T06:00:00+02:00,Physical Flow,day,0.0,kWh/d,UK-TSO-0001,LNG-00008,entry,Provisional,2026-08-27T17:52:09+02:00
2026-09-03T00:16:49+00:00,grain,2026-08-22,2026-08-22T06:00:00+02:00,2026-08-23T06:00:00+02:00,Physical Flow,day,0.0,kWh/d,UK-TSO-0001,LNG-00008,entry,Provisional,2026-08-28T17:57:09+02:00
2026-09-03T00:16:49+00:00,grain,2026-08-23,2026-08-23T06:00:00+02:00,2026-08-24T06:00:00+02:00,Physical Flow,day,0.0,kWh/d,UK-TSO-0001,LNG-00008,entry,Provisional,2026-08-29T17:52:30+02:00
2026-09-03T00:16:49+00:00,grain,2026-08-24,2026-08-24T06:00:00+02:00,2026-08-25T06:00:00+02:00,Physical Flow,day,0.0,kWh/d,UK-TSO-0001,LNG-00008,entry,Provisional,2026-08-30T17:51:30+02:00
2026-09-03T00:16:49+00:00,grain,2026-08-25,2026-08-25T06:00:00+02:00,2026-08-26T06:00:00+02:00,Physical Flow,day,0.0,kWh/d,UK-TSO-0001,LNG-00008,entry,Provisional,2026-08-31T17:52:10+02:00
2026-09-03T00:16:49+00:00,grain,2026-08-26,2026-08-26T06:00:00+02:00,2026-08-27T06:00:00+02:00,Physical Flow,day,0.0,kWh/d,UK-TSO-0001,LNG-00008,entry,Provisional,2026-09-01T17:52:50+02:00
2026-09-03T00:16:49+00:00,grain,2026-08-27,2026-08-27T06:00:00+02:00,2026-08-28T06:00:00+02:00,Physical Flow,day,0.0,kWh/d,UK-TSO-0001,LNG-00008,entry,Provisional,2026-09-02T17:53:50+02:00
2026-09-03T00:16:49+00:00,grain,2026-08-28,2026-08-28T06:00:00+02:00,2026-08-29T06:00:00+02:00,Physical Flow,day,0.0,kWh/d,UK-TSO-0001,LNG-00008,entry,Provisional,2026-09-03T01:52:10+02:00
2026-09-03T00:16:49+00:00,grain,2026-08-29,2026-08-29T06:00:00+02:00,2026-08-30T06:00:00+02:00,Physical Flow,day,0.0,kWh/d,UK-TSO-0001,LNG-00008,entry,Provisional,2026-09-03T01:52:10+02:00
2026-09-03T00:16:49+00:00,grain,2026-08-30,2026-08-30T06:00:00+02:00,2026-08-31T06:00:00+02:00,Physical Flow,day,0.0,kWh/d,UK-TSO-0001,LNG-00008,entry,Provisional,2026-09-03T01:52:10+02:00
2026-09-03T00:16:49+00:00,grain,2026-08-31,2026-08-31T06:00:00+02:00,2026-09-01T06:00:00+02:00,Physical Flow,day,0.0,kWh/d,UK-TSO-0001,LNG-00008,entry,Provisional,2026-09-03T01:52:10+02:00
2026-09-03T00:16:49+00:00,grain,2026-09-01,2026-09-01T06:00:00+02:00,2026-09-02T06:00:00+02:00,Physical Flow,day,0.0,kWh/d,UK-TSO-0001,LNG-00008,entry,Provisional,2026-09-03T01:52:10+02:00
2026-09-03T00:16:49+00:00,milford_haven,2026-07-20,2026-07-20T06:00:00+02:00,2026-07-21T06:00:00+02:00,Physical Flow,day,90428210.0,kWh/d,UK-TSO-0001,LNG-00049,entry,Confirmed,2026-08-25T17:52:49+02:00
2026-09-03T00:16:49+00:00,milford_haven,2026-07-21,2026-07-21T06:00:00+02:00,2026-07-22T06:00:00+02:00,Physical Flow,day,78331122.0,kWh/d,UK-TSO-0001,LNG-00049,entry,Confirmed,2026-08-25T17:52:49+02:00
2026-09-03T00:16:49+00:00,milford_haven,2026-07-22,2026-07-22T06:00:00+02:00,2026-07-23T06:00:00+02:00,Physical Flow,day,54356701.0,kWh/d,UK-TSO-0001,LNG-00049,entry,Confirmed,2026-08-25T17:52:49+02:00
2026-09-03T00:16:49+00:00,milford_haven,2026-07-23,2026-07-23T06:00:00+02:00,2026-07-24T06:00:00+02:00,Physical Flow,day,72435336.0,kWh/d,UK-TSO-0001,LNG-00049,entry,Confirmed,2026-08-25T17:52:49+02:00
2026-09-03T00:16:49+00:00,milford_haven,2026-07-24,2026-07-24T06:00:00+02:00,2026-07-25T06:00:00+02:00,Physical Flow,day,80969377.0,kWh/d,UK-TSO-0001,LNG-00049,entry,Confirmed,2026-08-25T17:52:49+02:00
2026-09-03T00:16:49+00:00,milford_haven,2026-07-25,2026-07-25T06:00:00+02:00,2026-07-26T06:00:00+02:00,Physical Flow,day,53940452.0,kWh/d,UK-TSO-0001,LNG-00049,entry,Confirmed,2026-08-25T17:52:49+02:00
2026-09-03T00:16:49+00:00,milford_haven,2026-07-26,2026-07-26T06:00:00+02:00,2026-07-27T06:00:00+02:00,Physical Flow,day,53945998.0,kWh/d,UK-TSO-0001,LNG-00049,entry,Confirmed,2026-08-25T17:52:49+02:00
2026-09-03T00:16:49+00:00,milford_haven,2026-07-27,2026-07-27T06:00:00+02:00,2026-07-28T06:00:00+02:00,Physical Flow,day,53934900.0,kWh/d,UK-TSO-0001,LNG-00049,entry,Confirmed,2026-08-25T17:52:49+02:00
2026-09-03T00:16:49+00:00,milford_haven,2026-07-28,2026-07-28T06:00:00+02:00,2026-07-29T06:00:00+02:00,Physical Flow,day,53940452.0,kWh/d,UK-TSO-0001,LNG-00049,entry,Confirmed,2026-08-25T17:52:49+02:00
2026-09-03T00:16:49+00:00,milford_haven,2026-07-29,2026-07-29T06:00:00+02:00,2026-07-30T06:00:00+02:00,Physical Flow,day,63941549.0,kWh/d,UK-TSO-0001,LNG-00049,entry,Confirmed,2026-08-25T17:52:49+02:00
2026-09-03T00:16:49+00:00,milford_haven,2026-07-30,2026-07-30T06:00:00+02:00,2026-07-31T06:00:00+02:00,Physical Flow,day,71936328.0,kWh/d,UK-TSO-0001,LNG-00049,entry,Confirmed,2026-08-25T17:52:49+02:00
2026-09-03T00:16:49+00:00,milford_haven,2026-07-31,2026-07-31T06:00:00+02:00,2026-08-01T06:00:00+02:00,Physical Flow,day,72199948.0,kWh/d,UK-TSO-0001,LNG-00049,entry,Confirmed,2026-08-25T17:52:49+02:00
2026-09-03T00:16:49+00:00,milford_haven,2026-08-01,2026-08-01T06:00:00+02:00,2026-08-02T06:00:00+02:00,Physical Flow,day,55305751.0,kWh/d,UK-TSO-0001,LNG-00049,entry,Provisional,2026-08-05T17:53:29+02:00
2026-09-03T00:16:49+00:00,milford_haven,2026-08-02,2026-08-02T06:00:00+02:00,2026-08-03T06:00:00+02:00,Physical Flow,day,55297426.0,kWh/d,UK-TSO-0001,LNG-00049,entry,Provisional,2026-08-08T17:53:30+02:00
2026-09-03T00:16:49+00:00,milford_haven,2026-08-03,2026-08-03T06:00:00+02:00,2026-08-04T06:00:00+02:00,Physical Flow,day,55408424.0,kWh/d,UK-TSO-0001,LNG-00049,entry,Provisional,2026-08-09T17:51:09+02:00
2026-09-03T00:16:49+00:00,milford_haven,2026-08-04,2026-08-04T06:00:00+02:00,2026-08-05T06:00:00+02:00,Physical Flow,day,55416749.0,kWh/d,UK-TSO-0001,LNG-00049,entry,Provisional,2026-08-10T17:51:49+02:00
2026-09-03T00:16:49+00:00,milford_haven,2026-08-05,2026-08-05T06:00:00+02:00,2026-08-06T06:00:00+02:00,Physical Flow,day,55411198.0,kWh/d,UK-TSO-0001,LNG-00049,entry,Provisional,2026-08-11T17:52:50+02:00
2026-09-03T00:16:49+00:00,milford_haven,2026-08-06,2026-08-06T06:00:00+02:00,2026-08-07T06:00:00+02:00,Physical Flow,day,55430625.0,kWh/d,UK-TSO-0001,LNG-00049,entry,Provisional,2026-08-12T17:51:49+02:00
2026-09-03T00:16:49+00:00,milford_haven,2026-08-07,2026-08-07T06:00:00+02:00,2026-08-08T06:00:00+02:00,Physical Flow,day,55411198.0,kWh/d,UK-TSO-0001,LNG-00049,entry,Provisional,2026-08-13T17:54:09+02:00
2026-09-03T00:16:49+00:00,milford_haven,2026-08-08,2026-08-08T06:00:00+02:00,2026-08-09T06:00:00+02:00,Physical Flow,day,54051449.0,kWh/d,UK-TSO-0001,LNG-00049,entry,Provisional,2026-08-13T17:54:09+02:00
2026-09-03T00:16:49+00:00,milford_haven,2026-08-09,2026-08-09T06:00:00+02:00,2026-08-10T06:00:00+02:00,Physical Flow,day,54045898.0,kWh/d,UK-TSO-0001,LNG-00049,entry,Provisional,2026-08-12T17:51:49+02:00
2026-09-03T00:16:49+00:00,milford_haven,2026-08-10,2026-08-10T06:00:00+02:00,2026-08-11T06:00:00+02:00,Physical Flow,day,54043125.0,kWh/d,UK-TSO-0001,LNG-00049,entry,Provisional,2026-08-16T17:51:29+02:00
2026-09-03T00:16:49+00:00,milford_haven,2026-08-11,2026-08-11T06:00:00+02:00,2026-08-12T06:00:00+02:00,Physical Flow,day,54048676.0,kWh/d,UK-TSO-0001,LNG-00049,entry,Provisional,2026-08-15T17:54:29+02:00
2026-09-03T00:16:49+00:00,milford_haven,2026-08-12,2026-08-12T06:00:00+02:00,2026-08-13T06:00:00+02:00,Physical Flow,day,54043125.0,kWh/d,UK-TSO-0001,LNG-00049,entry,Provisional,2026-08-18T17:52:49+02:00
2026-09-03T00:16:49+00:00,milford_haven,2026-08-13,2026-08-13T06:00:00+02:00,2026-08-14T06:00:00+02:00,Physical Flow,day,54045898.0,kWh/d,UK-TSO-0001,LNG-00049,entry,Provisional,2026-08-19T17:53:49+02:00
2026-09-03T00:16:49+00:00,milford_haven,2026-08-14,2026-08-14T06:00:00+02:00,2026-08-15T06:00:00+02:00,Physical Flow,day,54045898.0,kWh/d,UK-TSO-0001,LNG-00049,entry,Provisional,2026-08-19T17:53:49+02:00
2026-09-03T00:16:49+00:00,milford_haven,2026-08-15,2026-08-15T06:00:00+02:00,2026-08-16T06:00:00+02:00,Physical Flow,day,54040352.0,kWh/d,UK-TSO-0001,LNG-00049,entry,Provisional,2026-08-21T17:53:49+02:00
2026-09-03T00:16:49+00:00,milford_haven,2026-08-16,2026-08-16T06:00:00+02:00,2026-08-17T06:00:00+02:00,Physical Flow,day,54051449.0,kWh/d,UK-TSO-0001,LNG-00049,entry,Provisional,2026-08-22T17:53:49+02:00
2026-09-03T00:16:49+00:00,milford_haven,2026-08-17,2026-08-17T06:00:00+02:00,2026-08-18T06:00:00+02:00,Physical Flow,day,54037573.0,kWh/d,UK-TSO-0001,LNG-00049,entry,Provisional,2026-08-23T17:53:29+02:00
2026-09-03T00:16:49+00:00,milford_haven,2026-08-18,2026-08-18T06:00:00+02:00,2026-08-19T06:00:00+02:00,Physical Flow,day,54040352.0,kWh/d,UK-TSO-0001,LNG-00049,entry,Provisional,2026-08-24T17:53:29+02:00
2026-09-03T00:16:49+00:00,milford_haven,2026-08-19,2026-08-19T06:00:00+02:00,2026-08-20T06:00:00+02:00,Physical Flow,day,54034800.0,kWh/d,UK-TSO-0001,LNG-00049,entry,Provisional,2026-08-25T17:52:49+02:00
2026-09-03T00:16:49+00:00,milford_haven,2026-08-20,2026-08-20T06:00:00+02:00,2026-08-21T06:00:00+02:00,Physical Flow,day,54062552.0,kWh/d,UK-TSO-0001,LNG-00049,entry,Provisional,2026-08-26T17:52:09+02:00
2026-09-03T00:16:49+00:00,milford_haven,2026-08-21,2026-08-21T06:00:00+02:00,2026-08-22T06:00:00+02:00,Physical Flow,day,54040352.0,kWh/d,UK-TSO-0001,LNG-00049,entry,Provisional,2026-08-27T17:52:09+02:00
2026-09-03T00:16:49+00:00,milford_haven,2026-08-22,2026-08-22T06:00:00+02:00,2026-08-23T06:00:00+02:00,Physical Flow,day,54020924.0,kWh/d,UK-TSO-0001,LNG-00049,entry,Provisional,2026-08-28T17:57:09+02:00
2026-09-03T00:16:49+00:00,milford_haven,2026-08-23,2026-08-23T06:00:00+02:00,2026-08-24T06:00:00+02:00,Physical Flow,day,54045898.0,kWh/d,UK-TSO-0001,LNG-00049,entry,Provisional,2026-08-29T17:52:30+02:00
2026-09-03T00:16:49+00:00,milford_haven,2026-08-24,2026-08-24T06:00:00+02:00,2026-08-25T06:00:00+02:00,Physical Flow,day,54037573.0,kWh/d,UK-TSO-0001,LNG-00049,entry,Provisional,2026-08-30T17:51:30+02:00
2026-09-03T00:16:49+00:00,milford_haven,2026-08-25,2026-08-25T06:00:00+02:00,2026-08-26T06:00:00+02:00,Physical Flow,day,57567374.0,kWh/d,UK-TSO-0001,LNG-00049,entry,Provisional,2026-08-31T17:52:10+02:00
2026-09-03T00:16:49+00:00,milford_haven,2026-08-26,2026-08-26T06:00:00+02:00,2026-08-27T06:00:00+02:00,Physical Flow,day,76212604.0,kWh/d,UK-TSO-0001,LNG-00049,entry,Provisional,2026-09-01T17:52:50+02:00
2026-09-03T00:16:49+00:00,milford_haven,2026-08-27,2026-08-27T06:00:00+02:00,2026-08-28T06:00:00+02:00,Physical Flow,day,71911354.0,kWh/d,UK-TSO-0001,LNG-00049,entry,Provisional,2026-09-02T17:53:50+02:00
2026-09-03T00:16:49+00:00,milford_haven,2026-08-28,2026-08-28T06:00:00+02:00,2026-08-29T06:00:00+02:00,Physical Flow,day,71925226.0,kWh/d,UK-TSO-0001,LNG-00049,entry,Provisional,2026-09-03T01:52:10+02:00
2026-09-03T00:16:49+00:00,milford_haven,2026-08-29,2026-08-29T06:00:00+02:00,2026-08-30T06:00:00+02:00,Physical Flow,day,54015374.0,kWh/d,UK-TSO-0001,LNG-00049,entry,Provisional,2026-09-03T01:52:10+02:00
2026-09-03T00:16:49+00:00,milford_haven,2026-08-30,2026-08-30T06:00:00+02:00,2026-08-31T06:00:00+02:00,Physical Flow,day,54040352.0,kWh/d,UK-TSO-0001,LNG-00049,entry,Provisional,2026-09-03T01:52:10+02:00
2026-09-03T00:16:49+00:00,milford_haven,2026-08-31,2026-08-31T06:00:00+02:00,2026-09-01T06:00:00+02:00,Physical Flow,day,55982851.0,kWh/d,UK-TSO-0001,LNG-00049,entry,Provisional,2026-09-03T01:52:10+02:00
2026-09-03T00:16:49+00:00,milford_haven,2026-09-01,2026-09-01T06:00:00+02:00,2026-09-02T06:00:00+02:00,Physical Flow,day,54259575.0,kWh/d,UK-TSO-0001,LNG-00049,entry,Provisional,2026-09-03T01:52:10+02:00
2026-09-03T00:16:49+00:00,montoir,2026-07-20,2026-07-20T06:00:00+02:00,2026-07-21T06:00:00+02:00,Physical Flow,day,34894114.0,kWh/d,FR-TSO-0003,LNG-00024,entry,Provisional,2026-08-15T01:03:29+02:00
2026-09-03T00:16:49+00:00,montoir,2026-07-21,2026-07-21T06:00:00+02:00,2026-07-22T06:00:00+02:00,Physical Flow,day,34873570.0,kWh/d,FR-TSO-0003,LNG-00024,entry,Provisional,2026-08-15T01:03:29+02:00
2026-09-03T00:16:49+00:00,montoir,2026-07-22,2026-07-22T06:00:00+02:00,2026-07-23T06:00:00+02:00,Physical Flow,day,34870302.0,kWh/d,FR-TSO-0003,LNG-00024,entry,Provisional,2026-08-15T01:03:29+02:00
2026-09-03T00:16:49+00:00,montoir,2026-07-23,2026-07-23T06:00:00+02:00,2026-07-24T06:00:00+02:00,Physical Flow,day,34760973.0,kWh/d,FR-TSO-0003,LNG-00024,entry,Provisional,2026-08-15T01:03:29+02:00
2026-09-03T00:16:49+00:00,montoir,2026-07-24,2026-07-24T06:00:00+02:00,2026-07-25T06:00:00+02:00,Physical Flow,day,34832373.0,kWh/d,FR-TSO-0003,LNG-00024,entry,Provisional,2026-08-15T01:03:29+02:00
2026-09-03T00:16:49+00:00,montoir,2026-07-25,2026-07-25T06:00:00+02:00,2026-07-26T06:00:00+02:00,Physical Flow,day,35018369.0,kWh/d,FR-TSO-0003,LNG-00024,entry,Provisional,2026-08-15T01:03:29+02:00
2026-09-03T00:16:49+00:00,montoir,2026-07-26,2026-07-26T06:00:00+02:00,2026-07-27T06:00:00+02:00,Physical Flow,day,34887889.0,kWh/d,FR-TSO-0003,LNG-00024,entry,Provisional,2026-08-15T01:03:29+02:00
2026-09-03T00:16:49+00:00,montoir,2026-07-27,2026-07-27T06:00:00+02:00,2026-07-28T06:00:00+02:00,Physical Flow,day,137325310.0,kWh/d,FR-TSO-0003,LNG-00024,entry,Provisional,2026-08-15T01:03:29+02:00
2026-09-03T00:16:49+00:00,montoir,2026-07-28,2026-07-28T06:00:00+02:00,2026-07-29T06:00:00+02:00,Physical Flow,day,138772597.0,kWh/d,FR-TSO-0003,LNG-00024,entry,Provisional,2026-07-30T15:17:50+02:00
2026-09-03T00:16:49+00:00,montoir,2026-07-29,2026-07-29T06:00:00+02:00,2026-07-30T06:00:00+02:00,Physical Flow,day,162287602.0,kWh/d,FR-TSO-0003,LNG-00024,entry,Provisional,2026-07-31T15:07:30+02:00
2026-09-03T00:16:49+00:00,montoir,2026-07-30,2026-07-30T06:00:00+02:00,2026-07-31T06:00:00+02:00,Physical Flow,day,162145429.0,kWh/d,FR-TSO-0003,LNG-00024,entry,Provisional,2026-08-01T15:16:50+02:00
2026-09-03T00:16:49+00:00,montoir,2026-07-31,2026-07-31T06:00:00+02:00,2026-08-01T06:00:00+02:00,Physical Flow,day,162326812.0,kWh/d,FR-TSO-0003,LNG-00024,entry,Provisional,2026-08-02T15:29:10+02:00
2026-09-03T00:16:49+00:00,montoir,2026-08-01,2026-08-01T06:00:00+02:00,2026-08-02T06:00:00+02:00,Physical Flow,day,105061169.0,kWh/d,FR-TSO-0003,LNG-00024,entry,Provisional,2026-08-03T15:03:50+02:00
2026-09-03T00:16:49+00:00,montoir,2026-08-02,2026-08-02T06:00:00+02:00,2026-08-03T06:00:00+02:00,Physical Flow,day,104399446.0,kWh/d,FR-TSO-0003,LNG-00024,entry,Provisional,2026-08-04T15:18:50+02:00
2026-09-03T00:16:49+00:00,montoir,2026-08-03,2026-08-03T06:00:00+02:00,2026-08-04T06:00:00+02:00,Physical Flow,day,104342752.0,kWh/d,FR-TSO-0003,LNG-00024,entry,Provisional,2026-08-05T15:15:29+02:00
2026-09-03T00:16:49+00:00,montoir,2026-08-04,2026-08-04T06:00:00+02:00,2026-08-05T06:00:00+02:00,Physical Flow,day,104262841.0,kWh/d,FR-TSO-0003,LNG-00024,entry,Provisional,2026-08-06T15:25:30+02:00
2026-09-03T00:16:49+00:00,montoir,2026-08-05,2026-08-05T06:00:00+02:00,2026-08-06T06:00:00+02:00,Physical Flow,day,67310001.0,kWh/d,FR-TSO-0003,LNG-00024,entry,Provisional,2026-08-07T15:17:30+02:00
2026-09-03T00:16:49+00:00,montoir,2026-08-06,2026-08-06T06:00:00+02:00,2026-08-07T06:00:00+02:00,Physical Flow,day,67220165.0,kWh/d,FR-TSO-0003,LNG-00024,entry,Provisional,2026-08-08T15:10:29+02:00
2026-09-03T00:16:49+00:00,montoir,2026-08-07,2026-08-07T06:00:00+02:00,2026-08-08T06:00:00+02:00,Physical Flow,day,67067279.0,kWh/d,FR-TSO-0003,LNG-00024,entry,Provisional,2026-08-09T15:08:29+02:00
2026-09-03T00:16:49+00:00,montoir,2026-08-08,2026-08-08T06:00:00+02:00,2026-08-09T06:00:00+02:00,Physical Flow,day,69640037.0,kWh/d,FR-TSO-0003,LNG-00024,entry,Provisional,2026-08-10T15:13:50+02:00
2026-09-03T00:16:49+00:00,montoir,2026-08-09,2026-08-09T06:00:00+02:00,2026-08-10T06:00:00+02:00,Physical Flow,day,69619281.0,kWh/d,FR-TSO-0003,LNG-00024,entry,Provisional,2026-08-11T15:13:30+02:00
2026-09-03T00:16:49+00:00,montoir,2026-08-10,2026-08-10T06:00:00+02:00,2026-08-11T06:00:00+02:00,Physical Flow,day,69704739.0,kWh/d,FR-TSO-0003,LNG-00024,entry,Provisional,2026-08-12T15:13:30+02:00
2026-09-03T00:16:49+00:00,montoir,2026-08-11,2026-08-11T06:00:00+02:00,2026-08-12T06:00:00+02:00,Physical Flow,day,69682452.0,kWh/d,FR-TSO-0003,LNG-00024,entry,Provisional,2026-08-13T15:15:09+02:00
2026-09-03T00:16:49+00:00,montoir,2026-08-12,2026-08-12T06:00:00+02:00,2026-08-13T06:00:00+02:00,Physical Flow,day,69649275.0,kWh/d,FR-TSO-0003,LNG-00024,entry,Provisional,2026-08-14T15:11:29+02:00
2026-09-03T00:16:49+00:00,montoir,2026-08-13,2026-08-13T06:00:00+02:00,2026-08-14T06:00:00+02:00,Physical Flow,day,69697911.0,kWh/d,FR-TSO-0003,LNG-00024,entry,Provisional,2026-08-15T15:13:29+02:00
2026-09-03T00:16:49+00:00,montoir,2026-08-14,2026-08-14T06:00:00+02:00,2026-08-15T06:00:00+02:00,Physical Flow,day,34801440.0,kWh/d,FR-TSO-0003,LNG-00024,entry,Provisional,2026-08-16T15:10:10+02:00
2026-09-03T00:16:49+00:00,montoir,2026-08-15,2026-08-15T06:00:00+02:00,2026-08-16T06:00:00+02:00,Physical Flow,day,4053614.0,kWh/d,FR-TSO-0003,LNG-00024,entry,Provisional,2026-08-17T15:03:51+02:00
2026-09-03T00:16:49+00:00,montoir,2026-08-16,2026-08-16T06:00:00+02:00,2026-08-17T06:00:00+02:00,Physical Flow,day,4137633.0,kWh/d,FR-TSO-0003,LNG-00024,entry,Provisional,2026-08-18T15:26:53+02:00
2026-09-03T00:16:49+00:00,montoir,2026-08-17,2026-08-17T06:00:00+02:00,2026-08-18T06:00:00+02:00,Physical Flow,day,5010051.0,kWh/d,FR-TSO-0003,LNG-00024,entry,Provisional,2026-08-19T15:13:50+02:00
2026-09-03T00:16:49+00:00,montoir,2026-08-18,2026-08-18T06:00:00+02:00,2026-08-19T06:00:00+02:00,Physical Flow,day,5146938.0,kWh/d,FR-TSO-0003,LNG-00024,entry,Provisional,2026-08-20T15:14:10+02:00
2026-09-03T00:16:49+00:00,montoir,2026-08-19,2026-08-19T06:00:00+02:00,2026-08-20T06:00:00+02:00,Physical Flow,day,34911482.0,kWh/d,FR-TSO-0003,LNG-00024,entry,Provisional,2026-08-21T15:22:30+02:00
2026-09-03T00:16:49+00:00,montoir,2026-08-20,2026-08-20T06:00:00+02:00,2026-08-21T06:00:00+02:00,Physical Flow,day,34235679.0,kWh/d,FR-TSO-0003,LNG-00024,entry,Provisional,2026-08-22T15:15:10+02:00
2026-09-03T00:16:49+00:00,montoir,2026-08-21,2026-08-21T06:00:00+02:00,2026-08-22T06:00:00+02:00,Physical Flow,day,35015755.0,kWh/d,FR-TSO-0003,LNG-00024,entry,Provisional,2026-08-23T15:17:31+02:00
2026-09-03T00:16:49+00:00,montoir,2026-08-22,2026-08-22T06:00:00+02:00,2026-08-23T06:00:00+02:00,Physical Flow,day,34780709.0,kWh/d,FR-TSO-0003,LNG-00024,entry,Provisional,2026-08-24T15:05:09+02:00
2026-09-03T00:16:49+00:00,montoir,2026-08-23,2026-08-23T06:00:00+02:00,2026-08-24T06:00:00+02:00,Physical Flow,day,34893842.0,kWh/d,FR-TSO-0003,LNG-00024,entry,Provisional,2026-08-25T15:26:50+02:00
2026-09-03T00:16:49+00:00,montoir,2026-08-24,2026-08-24T06:00:00+02:00,2026-08-25T06:00:00+02:00,Physical Flow,day,71036664.0,kWh/d,FR-TSO-0003,LNG-00024,entry,Provisional,2026-08-26T15:11:49+02:00
2026-09-03T00:16:49+00:00,montoir,2026-08-25,2026-08-25T06:00:00+02:00,2026-08-26T06:00:00+02:00,Physical Flow,day,153578145.0,kWh/d,FR-TSO-0003,LNG-00024,entry,Provisional,2026-08-27T15:17:50+02:00
2026-09-03T00:16:49+00:00,montoir,2026-08-26,2026-08-26T06:00:00+02:00,2026-08-27T06:00:00+02:00,Physical Flow,day,156049036.0,kWh/d,FR-TSO-0003,LNG-00024,entry,Provisional,2026-08-28T15:17:10+02:00
2026-09-03T00:16:49+00:00,montoir,2026-08-27,2026-08-27T06:00:00+02:00,2026-08-28T06:00:00+02:00,Physical Flow,day,156152034.0,kWh/d,FR-TSO-0003,LNG-00024,entry,Provisional,2026-08-29T15:15:51+02:00
2026-09-03T00:16:49+00:00,montoir,2026-08-28,2026-08-28T06:00:00+02:00,2026-08-29T06:00:00+02:00,Physical Flow,day,232195648.0,kWh/d,FR-TSO-0003,LNG-00024,entry,Provisional,2026-08-30T15:03:30+02:00
2026-09-03T00:16:49+00:00,montoir,2026-08-29,2026-08-29T06:00:00+02:00,2026-08-30T06:00:00+02:00,Physical Flow,day,232320273.0,kWh/d,FR-TSO-0003,LNG-00024,entry,Provisional,2026-08-31T15:09:50+02:00
2026-09-03T00:16:49+00:00,montoir,2026-08-30,2026-08-30T06:00:00+02:00,2026-08-31T06:00:00+02:00,Physical Flow,day,230224201.0,kWh/d,FR-TSO-0003,LNG-00024,entry,Provisional,2026-09-01T15:08:49+02:00
2026-09-03T00:16:49+00:00,montoir,2026-08-31,2026-08-31T06:00:00+02:00,2026-09-01T06:00:00+02:00,Physical Flow,day,153544558.0,kWh/d,FR-TSO-0003,LNG-00024,entry,Provisional,2026-09-02T15:21:09+02:00
2026-09-03T00:16:49+00:00,montoir,2026-09-01,2026-09-01T06:00:00+02:00,2026-09-02T06:00:00+02:00,Physical Flow,day,88525587.0,kWh/d,FR-TSO-0003,LNG-00024,entry,Provisional,2026-09-02T15:21:09+02:00
2026-09-03T00:16:49+00:00,lehavre,2026-07-20,2026-07-20T06:00:00+02:00,2026-07-21T06:00:00+02:00,Physical Flow,day,0.0,kWh/d,FR-TSO-0003,LNG-00071,entry,Provisional,2026-08-15T01:03:29+02:00
2026-09-03T00:16:49+00:00,lehavre,2026-07-21,2026-07-21T06:00:00+02:00,2026-07-22T06:00:00+02:00,Physical Flow,day,0.0,kWh/d,FR-TSO-0003,LNG-00071,entry,Provisional,2026-08-15T01:03:29+02:00
2026-09-03T00:16:49+00:00,lehavre,2026-07-22,2026-07-22T06:00:00+02:00,2026-07-23T06:00:00+02:00,Physical Flow,day,0.0,kWh/d,FR-TSO-0003,LNG-00071,entry,Provisional,2026-08-15T01:03:29+02:00
2026-09-03T00:16:49+00:00,lehavre,2026-07-23,2026-07-23T06:00:00+02:00,2026-07-24T06:00:00+02:00,Physical Flow,day,0.0,kWh/d,FR-TSO-0003,LNG-00071,entry,Provisional,2026-08-15T01:03:29+02:00
2026-09-03T00:16:49+00:00,lehavre,2026-07-24,2026-07-24T06:00:00+02:00,2026-07-25T06:00:00+02:00,Physical Flow,day,0.0,kWh/d,FR-TSO-0003,LNG-00071,entry,Provisional,2026-08-15T01:03:29+02:00
2026-09-03T00:16:49+00:00,lehavre,2026-07-25,2026-07-25T06:00:00+02:00,2026-07-26T06:00:00+02:00,Physical Flow,day,0.0,kWh/d,FR-TSO-0003,LNG-00071,entry,Provisional,2026-08-15T01:03:29+02:00
2026-09-03T00:16:49+00:00,lehavre,2026-07-26,2026-07-26T06:00:00+02:00,2026-07-27T06:00:00+02:00,Physical Flow,day,0.0,kWh/d,FR-TSO-0003,LNG-00071,entry,Provisional,2026-08-15T01:03:29+02:00
2026-09-03T00:16:49+00:00,lehavre,2026-07-27,2026-07-27T06:00:00+02:00,2026-07-28T06:00:00+02:00,Physical Flow,day,0.0,kWh/d,FR-TSO-0003,LNG-00071,entry,Provisional,2026-08-15T01:03:29+02:00
2026-09-03T00:16:49+00:00,lehavre,2026-07-28,2026-07-28T06:00:00+02:00,2026-07-29T06:00:00+02:00,Physical Flow,day,0.0,kWh/d,FR-TSO-0003,LNG-00071,entry,Provisional,2026-07-30T15:17:50+02:00
2026-09-03T00:16:49+00:00,lehavre,2026-07-29,2026-07-29T06:00:00+02:00,2026-07-30T06:00:00+02:00,Physical Flow,day,0.0,kWh/d,FR-TSO-0003,LNG-00071,entry,Provisional,2026-07-31T15:07:30+02:00
2026-09-03T00:16:49+00:00,lehavre,2026-07-30,2026-07-30T06:00:00+02:00,2026-07-31T06:00:00+02:00,Physical Flow,day,0.0,kWh/d,FR-TSO-0003,LNG-00071,entry,Provisional,2026-08-01T15:16:50+02:00
2026-09-03T00:16:49+00:00,lehavre,2026-07-31,2026-07-31T06:00:00+02:00,2026-08-01T06:00:00+02:00,Physical Flow,day,0.0,kWh/d,FR-TSO-0003,LNG-00071,entry,Provisional,2026-08-02T15:29:10+02:00
2026-09-03T00:16:49+00:00,lehavre,2026-08-01,2026-08-01T06:00:00+02:00,2026-08-02T06:00:00+02:00,Physical Flow,day,0.0,kWh/d,FR-TSO-0003,LNG-00071,entry,Provisional,2026-08-03T15:03:50+02:00
2026-09-03T00:16:49+00:00,lehavre,2026-08-02,2026-08-02T06:00:00+02:00,2026-08-03T06:00:00+02:00,Physical Flow,day,0.0,kWh/d,FR-TSO-0003,LNG-00071,entry,Provisional,2026-08-04T15:18:50+02:00
2026-09-03T00:16:49+00:00,lehavre,2026-08-03,2026-08-03T06:00:00+02:00,2026-08-04T06:00:00+02:00,Physical Flow,day,0.0,kWh/d,FR-TSO-0003,LNG-00071,entry,Provisional,2026-08-05T15:15:29+02:00
2026-09-03T00:16:49+00:00,lehavre,2026-08-04,2026-08-04T06:00:00+02:00,2026-08-05T06:00:00+02:00,Physical Flow,day,0.0,kWh/d,FR-TSO-0003,LNG-00071,entry,Provisional,2026-08-06T15:25:30+02:00
2026-09-03T00:16:49+00:00,lehavre,2026-08-05,2026-08-05T06:00:00+02:00,2026-08-06T06:00:00+02:00,Physical Flow,day,0.0,kWh/d,FR-TSO-0003,LNG-00071,entry,Provisional,2026-08-07T15:17:30+02:00
2026-09-03T00:16:49+00:00,lehavre,2026-08-06,2026-08-06T06:00:00+02:00,2026-08-07T06:00:00+02:00,Physical Flow,day,0.0,kWh/d,FR-TSO-0003,LNG-00071,entry,Provisional,2026-08-08T15:10:29+02:00
2026-09-03T00:16:49+00:00,lehavre,2026-08-07,2026-08-07T06:00:00+02:00,2026-08-08T06:00:00+02:00,Physical Flow,day,0.0,kWh/d,FR-TSO-0003,LNG-00071,entry,Provisional,2026-08-09T15:08:29+02:00
2026-09-03T00:16:49+00:00,lehavre,2026-08-08,2026-08-08T06:00:00+02:00,2026-08-09T06:00:00+02:00,Physical Flow,day,0.0,kWh/d,FR-TSO-0003,LNG-00071,entry,Provisional,2026-08-10T15:13:50+02:00
2026-09-03T00:16:49+00:00,lehavre,2026-08-09,2026-08-09T06:00:00+02:00,2026-08-10T06:00:00+02:00,Physical Flow,day,0.0,kWh/d,FR-TSO-0003,LNG-00071,entry,Provisional,2026-08-11T15:13:30+02:00
2026-09-03T00:16:49+00:00,lehavre,2026-08-10,2026-08-10T06:00:00+02:00,2026-08-11T06:00:00+02:00,Physical Flow,day,0.0,kWh/d,FR-TSO-0003,LNG-00071,entry,Provisional,2026-08-12T15:13:30+02:00
2026-09-03T00:16:49+00:00,lehavre,2026-08-11,2026-08-11T06:00:00+02:00,2026-08-12T06:00:00+02:00,Physical Flow,day,0.0,kWh/d,FR-TSO-0003,LNG-00071,entry,Provisional,2026-08-13T15:15:09+02:00
2026-09-03T00:16:49+00:00,lehavre,2026-08-12,2026-08-12T06:00:00+02:00,2026-08-13T06:00:00+02:00,Physical Flow,day,0.0,kWh/d,FR-TSO-0003,LNG-00071,entry,Provisional,2026-08-14T15:11:29+02:00
2026-09-03T00:16:49+00:00,lehavre,2026-08-13,2026-08-13T06:00:00+02:00,2026-08-14T06:00:00+02:00,Physical Flow,day,0.0,kWh/d,FR-TSO-0003,LNG-00071,entry,Provisional,2026-08-15T15:13:29+02:00
2026-09-03T00:16:49+00:00,lehavre,2026-08-14,2026-08-14T06:00:00+02:00,2026-08-15T06:00:00+02:00,Physical Flow,day,0.0,kWh/d,FR-TSO-0003,LNG-00071,entry,Provisional,2026-08-16T15:10:10+02:00
2026-09-03T00:16:49+00:00,lehavre,2026-08-15,2026-08-15T06:00:00+02:00,2026-08-16T06:00:00+02:00,Physical Flow,day,0.0,kWh/d,FR-TSO-0003,LNG-00071,entry,Provisional,2026-08-17T15:03:51+02:00
2026-09-03T00:16:49+00:00,lehavre,2026-08-16,2026-08-16T06:00:00+02:00,2026-08-17T06:00:00+02:00,Physical Flow,day,0.0,kWh/d,FR-TSO-0003,LNG-00071,entry,Provisional,2026-08-18T15:26:53+02:00
2026-09-03T00:16:49+00:00,lehavre,2026-08-17,2026-08-17T06:00:00+02:00,2026-08-18T06:00:00+02:00,Physical Flow,day,0.0,kWh/d,FR-TSO-0003,LNG-00071,entry,Provisional,2026-08-19T15:13:50+02:00
2026-09-03T00:16:49+00:00,lehavre,2026-08-18,2026-08-18T06:00:00+02:00,2026-08-19T06:00:00+02:00,Physical Flow,day,0.0,kWh/d,FR-TSO-0003,LNG-00071,entry,Provisional,2026-08-20T15:14:10+02:00
2026-09-03T00:16:49+00:00,lehavre,2026-08-19,2026-08-19T06:00:00+02:00,2026-08-20T06:00:00+02:00,Physical Flow,day,0.0,kWh/d,FR-TSO-0003,LNG-00071,entry,Provisional,2026-08-21T15:22:30+02:00
2026-09-03T00:16:49+00:00,lehavre,2026-08-20,2026-08-20T06:00:00+02:00,2026-08-21T06:00:00+02:00,Physical Flow,day,0.0,kWh/d,FR-TSO-0003,LNG-00071,entry,Provisional,2026-08-22T15:15:10+02:00
2026-09-03T00:16:49+00:00,lehavre,2026-08-21,2026-08-21T06:00:00+02:00,2026-08-22T06:00:00+02:00,Physical Flow,day,0.0,kWh/d,FR-TSO-0003,LNG-00071,entry,Provisional,2026-08-23T15:17:31+02:00
2026-09-03T00:16:49+00:00,lehavre,2026-08-22,2026-08-22T06:00:00+02:00,2026-08-23T06:00:00+02:00,Physical Flow,day,0.0,kWh/d,FR-TSO-0003,LNG-00071,entry,Provisional,2026-08-24T15:05:09+02:00
2026-09-03T00:16:49+00:00,lehavre,2026-08-23,2026-08-23T06:00:00+02:00,2026-08-24T06:00:00+02:00,Physical Flow,day,0.0,kWh/d,FR-TSO-0003,LNG-00071,entry,Provisional,2026-08-25T15:26:50+02:00
2026-09-03T00:16:49+00:00,lehavre,2026-08-24,2026-08-24T06:00:00+02:00,2026-08-25T06:00:00+02:00,Physical Flow,day,0.0,kWh/d,FR-TSO-0003,LNG-00071,entry,Provisional,2026-08-26T15:11:49+02:00
2026-09-03T00:16:49+00:00,lehavre,2026-08-25,2026-08-25T06:00:00+02:00,2026-08-26T06:00:00+02:00,Physical Flow,day,0.0,kWh/d,FR-TSO-0003,LNG-00071,entry,Provisional,2026-08-27T15:17:50+02:00
2026-09-03T00:16:49+00:00,lehavre,2026-08-26,2026-08-26T06:00:00+02:00,2026-08-27T06:00:00+02:00,Physical Flow,day,0.0,kWh/d,FR-TSO-0003,LNG-00071,entry,Provisional,2026-08-28T15:17:10+02:00
2026-09-03T00:16:49+00:00,lehavre,2026-08-27,2026-08-27T06:00:00+02:00,2026-08-28T06:00:00+02:00,Physical Flow,day,0.0,kWh/d,FR-TSO-0003,LNG-00071,entry,Provisional,2026-08-29T15:15:51+02:00
2026-09-03T00:16:49+00:00,lehavre,2026-08-28,2026-08-28T06:00:00+02:00,2026-08-29T06:00:00+02:00,Physical Flow,day,0.0,kWh/d,FR-TSO-0003,LNG-00071,entry,Provisional,2026-08-30T15:03:30+02:00
2026-09-03T00:16:49+00:00,lehavre,2026-08-29,2026-08-29T06:00:00+02:00,2026-08-30T06:00:00+02:00,Physical Flow,day,0.0,kWh/d,FR-TSO-0003,LNG-00071,entry,Provisional,2026-08-31T15:09:50+02:00
2026-09-03T00:16:49+00:00,lehavre,2026-08-30,2026-08-30T06:00:00+02:00,2026-08-31T06:00:00+02:00,Physical Flow,day,0.0,kWh/d,FR-TSO-0003,LNG-00071,entry,Provisional,2026-09-01T15:08:49+02:00
2026-09-03T00:16:49+00:00,lehavre,2026-08-31,2026-08-31T06:00:00+02:00,2026-09-01T06:00:00+02:00,Physical Flow,day,0.0,kWh/d,FR-TSO-0003,LNG-00071,entry,Provisional,2026-09-02T15:21:09+02:00
2026-09-03T00:16:49+00:00,lehavre,2026-09-01,2026-09-01T06:00:00+02:00,2026-09-02T06:00:00+02:00,Physical Flow,day,0.0,kWh/d,FR-TSO-0003,LNG-00071,entry,Provisional,2026-09-02T15:21:09+02:00
2026-09-03T00:16:49+00:00,wilhelmshaven,2026-07-20,2026-07-20T06:00:00+02:00,2026-07-21T06:00:00+02:00,Physical Flow,day,116005328.0,kWh/d,DE-TSO-0009,LNG-00083,entry,Provisional,2026-07-21T08:26:09+02:00
2026-09-03T00:16:49+00:00,wilhelmshaven,2026-07-21,2026-07-21T06:00:00+02:00,2026-07-22T06:00:00+02:00,Physical Flow,day,23980125.0,kWh/d,DE-TSO-0009,LNG-00083,entry,Provisional,2026-07-22T08:31:50+02:00
2026-09-03T00:16:49+00:00,wilhelmshaven,2026-07-22,2026-07-22T06:00:00+02:00,2026-07-23T06:00:00+02:00,Physical Flow,day,182562779.0,kWh/d,DE-TSO-0009,LNG-00083,entry,Provisional,2026-07-23T08:26:30+02:00
2026-09-03T00:16:49+00:00,wilhelmshaven,2026-07-23,2026-07-23T06:00:00+02:00,2026-07-24T06:00:00+02:00,Physical Flow,day,187999347.0,kWh/d,DE-TSO-0009,LNG-00083,entry,Provisional,2026-07-24T08:28:50+02:00
2026-09-03T00:16:49+00:00,wilhelmshaven,2026-07-24,2026-07-24T06:00:00+02:00,2026-07-25T06:00:00+02:00,Physical Flow,day,170891790.0,kWh/d,DE-TSO-0009,LNG-00083,entry,Provisional,2026-07-25T08:28:09+02:00
2026-09-03T00:16:49+00:00,wilhelmshaven,2026-07-25,2026-07-25T06:00:00+02:00,2026-07-26T06:00:00+02:00,Physical Flow,day,169173178.0,kWh/d,DE-TSO-0009,LNG-00083,entry,Provisional,2026-07-26T08:30:09+02:00
2026-09-03T00:16:49+00:00,wilhelmshaven,2026-07-26,2026-07-26T06:00:00+02:00,2026-07-27T06:00:00+02:00,Physical Flow,day,166066721.0,kWh/d,DE-TSO-0009,LNG-00083,entry,Provisional,2026-07-27T08:37:10+02:00
2026-09-03T00:16:49+00:00,wilhelmshaven,2026-07-27,2026-07-27T06:00:00+02:00,2026-07-28T06:00:00+02:00,Physical Flow,day,169988033.0,kWh/d,DE-TSO-0009,LNG-00083,entry,Provisional,2026-07-28T08:36:49+02:00
2026-09-03T00:16:49+00:00,wilhelmshaven,2026-07-28,2026-07-28T06:00:00+02:00,2026-07-29T06:00:00+02:00,Physical Flow,day,169931319.0,kWh/d,DE-TSO-0009,LNG-00083,entry,Provisional,2026-07-29T08:28:09+02:00
2026-09-03T00:16:49+00:00,wilhelmshaven,2026-07-29,2026-07-29T06:00:00+02:00,2026-07-30T06:00:00+02:00,Physical Flow,day,170063211.0,kWh/d,DE-TSO-0009,LNG-00083,entry,Provisional,2026-07-30T08:43:30+02:00
2026-09-03T00:16:49+00:00,wilhelmshaven,2026-07-30,2026-07-30T06:00:00+02:00,2026-07-31T06:00:00+02:00,Physical Flow,day,165683781.0,kWh/d,DE-TSO-0009,LNG-00083,entry,Provisional,2026-07-31T09:04:49+02:00
2026-09-03T00:16:49+00:00,wilhelmshaven,2026-07-31,2026-07-31T06:00:00+02:00,2026-08-01T06:00:00+02:00,Physical Flow,day,245143279.0,kWh/d,DE-TSO-0009,LNG-00083,entry,Provisional,2026-08-01T09:55:49+02:00
2026-09-03T00:16:49+00:00,wilhelmshaven,2026-08-01,2026-08-01T06:00:00+02:00,2026-08-02T06:00:00+02:00,Physical Flow,day,247001783.0,kWh/d,DE-TSO-0009,LNG-00083,entry,Provisional,2026-08-02T08:24:50+02:00
2026-09-03T00:16:49+00:00,wilhelmshaven,2026-08-02,2026-08-02T06:00:00+02:00,2026-08-03T06:00:00+02:00,Physical Flow,day,246936935.0,kWh/d,DE-TSO-0009,LNG-00083,entry,Provisional,2026-08-03T08:45:09+02:00
2026-09-03T00:16:49+00:00,wilhelmshaven,2026-08-03,2026-08-03T06:00:00+02:00,2026-08-04T06:00:00+02:00,Physical Flow,day,246360255.0,kWh/d,DE-TSO-0009,LNG-00083,entry,Provisional,2026-08-04T09:11:29+02:00
2026-09-03T00:16:49+00:00,wilhelmshaven,2026-08-04,2026-08-04T06:00:00+02:00,2026-08-05T06:00:00+02:00,Physical Flow,day,263736291.0,kWh/d,DE-TSO-0009,LNG-00083,entry,Provisional,2026-08-05T08:46:29+02:00
2026-09-03T00:16:49+00:00,wilhelmshaven,2026-08-05,2026-08-05T06:00:00+02:00,2026-08-06T06:00:00+02:00,Physical Flow,day,265287132.0,kWh/d,DE-TSO-0009,LNG-00083,entry,Provisional,2026-08-06T08:51:09+02:00
2026-09-03T00:16:49+00:00,wilhelmshaven,2026-08-06,2026-08-06T06:00:00+02:00,2026-08-07T06:00:00+02:00,Physical Flow,day,247089528.0,kWh/d,DE-TSO-0009,LNG-00083,entry,Provisional,2026-08-07T08:48:50+02:00
2026-09-03T00:16:49+00:00,wilhelmshaven,2026-08-07,2026-08-07T06:00:00+02:00,2026-08-08T06:00:00+02:00,Physical Flow,day,178592911.0,kWh/d,DE-TSO-0009,LNG-00083,entry,Provisional,2026-08-08T08:49:09+02:00
2026-09-03T00:16:49+00:00,wilhelmshaven,2026-08-08,2026-08-08T06:00:00+02:00,2026-08-09T06:00:00+02:00,Physical Flow,day,220997482.0,kWh/d,DE-TSO-0009,LNG-00083,entry,Provisional,2026-08-09T08:27:30+02:00
2026-09-03T00:16:49+00:00,wilhelmshaven,2026-08-09,2026-08-09T06:00:00+02:00,2026-08-10T06:00:00+02:00,Physical Flow,day,221039259.0,kWh/d,DE-TSO-0009,LNG-00083,entry,Provisional,2026-08-10T08:38:29+02:00
2026-09-03T00:16:49+00:00,wilhelmshaven,2026-08-10,2026-08-10T06:00:00+02:00,2026-08-11T06:00:00+02:00,Physical Flow,day,247117128.0,kWh/d,DE-TSO-0009,LNG-00083,entry,Provisional,2026-08-11T08:32:29+02:00
2026-09-03T00:16:49+00:00,wilhelmshaven,2026-08-11,2026-08-11T06:00:00+02:00,2026-08-12T06:00:00+02:00,Physical Flow,day,245930434.0,kWh/d,DE-TSO-0009,LNG-00083,entry,Provisional,2026-08-12T08:24:49+02:00
2026-09-03T00:16:49+00:00,wilhelmshaven,2026-08-12,2026-08-12T06:00:00+02:00,2026-08-13T06:00:00+02:00,Physical Flow,day,225310883.0,kWh/d,DE-TSO-0009,LNG-00083,entry,Provisional,2026-08-13T08:24:49+02:00
2026-09-03T00:16:49+00:00,wilhelmshaven,2026-08-13,2026-08-13T06:00:00+02:00,2026-08-14T06:00:00+02:00,Physical Flow,day,205934525.0,kWh/d,DE-TSO-0009,LNG-00083,entry,Provisional,2026-08-14T08:40:10+02:00
2026-09-03T00:16:49+00:00,wilhelmshaven,2026-08-14,2026-08-14T06:00:00+02:00,2026-08-15T06:00:00+02:00,Physical Flow,day,200506097.0,kWh/d,DE-TSO-0009,LNG-00083,entry,Provisional,2026-08-15T08:50:09+02:00
2026-09-03T00:16:49+00:00,wilhelmshaven,2026-08-15,2026-08-15T06:00:00+02:00,2026-08-16T06:00:00+02:00,Physical Flow,day,200367258.0,kWh/d,DE-TSO-0009,LNG-00083,entry,Provisional,2026-08-16T08:26:09+02:00
2026-09-03T00:16:49+00:00,wilhelmshaven,2026-08-16,2026-08-16T06:00:00+02:00,2026-08-17T06:00:00+02:00,Physical Flow,day,255318953.0,kWh/d,DE-TSO-0009,LNG-00083,entry,Provisional,2026-08-17T08:49:09+02:00
2026-09-03T00:16:49+00:00,wilhelmshaven,2026-08-17,2026-08-17T06:00:00+02:00,2026-08-18T06:00:00+02:00,Physical Flow,day,282258683.0,kWh/d,DE-TSO-0009,LNG-00083,entry,Provisional,2026-08-18T08:49:09+02:00
2026-09-03T00:16:49+00:00,wilhelmshaven,2026-08-18,2026-08-18T06:00:00+02:00,2026-08-19T06:00:00+02:00,Physical Flow,day,257426298.0,kWh/d,DE-TSO-0009,LNG-00083,entry,Provisional,2026-08-20T08:51:09+02:00
2026-09-03T00:16:49+00:00,wilhelmshaven,2026-08-19,2026-08-19T06:00:00+02:00,2026-08-20T06:00:00+02:00,Physical Flow,day,218975856.0,kWh/d,DE-TSO-0009,LNG-00083,entry,Provisional,2026-08-20T08:51:09+02:00
2026-09-03T00:16:49+00:00,wilhelmshaven,2026-08-20,2026-08-20T06:00:00+02:00,2026-08-21T06:00:00+02:00,Physical Flow,day,242045118.0,kWh/d,DE-TSO-0009,LNG-00083,entry,Provisional,2026-08-21T08:47:09+02:00
2026-09-03T00:16:49+00:00,wilhelmshaven,2026-08-21,2026-08-21T06:00:00+02:00,2026-08-22T06:00:00+02:00,Physical Flow,day,251668142.0,kWh/d,DE-TSO-0009,LNG-00083,entry,Provisional,2026-08-22T09:07:09+02:00
2026-09-03T00:16:49+00:00,wilhelmshaven,2026-08-22,2026-08-22T06:00:00+02:00,2026-08-23T06:00:00+02:00,Physical Flow,day,231280370.0,kWh/d,DE-TSO-0009,LNG-00083,entry,Provisional,2026-08-23T08:27:29+02:00
2026-09-03T00:16:49+00:00,wilhelmshaven,2026-08-23,2026-08-23T06:00:00+02:00,2026-08-24T06:00:00+02:00,Physical Flow,day,233290314.0,kWh/d,DE-TSO-0009,LNG-00083,entry,Provisional,2026-08-24T08:42:29+02:00
2026-09-03T00:16:49+00:00,wilhelmshaven,2026-08-24,2026-08-24T06:00:00+02:00,2026-08-25T06:00:00+02:00,Physical Flow,day,246862776.0,kWh/d,DE-TSO-0009,LNG-00083,entry,Provisional,2026-08-26T08:54:10+02:00
2026-09-03T00:16:49+00:00,wilhelmshaven,2026-08-25,2026-08-25T06:00:00+02:00,2026-08-26T06:00:00+02:00,Physical Flow,day,246724988.0,kWh/d,DE-TSO-0009,LNG-00083,entry,Provisional,2026-08-26T08:54:10+02:00
2026-09-03T00:16:49+00:00,wilhelmshaven,2026-08-26,2026-08-26T06:00:00+02:00,2026-08-27T06:00:00+02:00,Physical Flow,day,247505308.0,kWh/d,DE-TSO-0009,LNG-00083,entry,Provisional,2026-08-27T08:39:30+02:00
2026-09-03T00:16:49+00:00,wilhelmshaven,2026-08-27,2026-08-27T06:00:00+02:00,2026-08-28T06:00:00+02:00,Physical Flow,day,242901817.0,kWh/d,DE-TSO-0009,LNG-00083,entry,Provisional,2026-08-28T08:29:29+02:00
2026-09-03T00:16:49+00:00,wilhelmshaven,2026-08-28,2026-08-28T06:00:00+02:00,2026-08-29T06:00:00+02:00,Physical Flow,day,245597448.0,kWh/d,DE-TSO-0009,LNG-00083,entry,Provisional,2026-08-29T08:47:49+02:00
2026-09-03T00:16:49+00:00,wilhelmshaven,2026-08-29,2026-08-29T06:00:00+02:00,2026-08-30T06:00:00+02:00,Physical Flow,day,247396490.0,kWh/d,DE-TSO-0009,LNG-00083,entry,Provisional,2026-08-30T08:29:30+02:00
2026-09-03T00:16:49+00:00,wilhelmshaven,2026-08-30,2026-08-30T06:00:00+02:00,2026-08-31T06:00:00+02:00,Physical Flow,day,247828421.0,kWh/d,DE-TSO-0009,LNG-00083,entry,Provisional,2026-08-31T08:36:09+02:00
2026-09-03T00:16:49+00:00,wilhelmshaven,2026-08-31,2026-08-31T06:00:00+02:00,2026-09-01T06:00:00+02:00,Physical Flow,day,247413581.0,kWh/d,DE-TSO-0009,LNG-00083,entry,Provisional,2026-09-01T09:34:49+02:00
2026-09-03T00:16:49+00:00,wilhelmshaven,2026-09-01,2026-09-01T06:00:00+02:00,2026-09-02T06:00:00+02:00,Physical Flow,day,247384899.0,kWh/d,DE-TSO-0009,LNG-00083,entry,Provisional,2026-09-02T08:27:49+02:00
2026-09-03T00:16:49+00:00,wilhelmshaven,2026-09-02,2026-09-02T06:00:00+02:00,2026-09-03T06:00:00+02:00,Physical Flow,day,198448992.0,kWh/d,DE-TSO-0009,LNG-00083,entry,Provisional,2026-09-03T02:10:09+02:00
2026-09-03T00:16:49+00:00,brunsbuettel,2026-07-20,2026-07-20T06:00:00+02:00,2026-07-21T06:00:00+02:00,Physical Flow,day,36197992.0,kWh/d,DE-TSO-0005,LNG-00060,entry,Confirmed,2026-08-21T11:03:49+02:00
2026-09-03T00:16:49+00:00,brunsbuettel,2026-07-21,2026-07-21T06:00:00+02:00,2026-07-22T06:00:00+02:00,Physical Flow,day,36242754.0,kWh/d,DE-TSO-0005,LNG-00060,entry,Confirmed,2026-08-21T11:03:49+02:00
2026-09-03T00:16:49+00:00,brunsbuettel,2026-07-22,2026-07-22T06:00:00+02:00,2026-07-23T06:00:00+02:00,Physical Flow,day,36182334.0,kWh/d,DE-TSO-0005,LNG-00060,entry,Confirmed,2026-08-21T11:03:49+02:00
2026-09-03T00:16:49+00:00,brunsbuettel,2026-07-23,2026-07-23T06:00:00+02:00,2026-07-24T06:00:00+02:00,Physical Flow,day,36406129.0,kWh/d,DE-TSO-0005,LNG-00060,entry,Confirmed,2026-08-21T11:03:49+02:00
2026-09-03T00:16:49+00:00,brunsbuettel,2026-07-24,2026-07-24T06:00:00+02:00,2026-07-25T06:00:00+02:00,Physical Flow,day,36324791.0,kWh/d,DE-TSO-0005,LNG-00060,entry,Confirmed,2026-08-21T11:03:49+02:00
2026-09-03T00:16:49+00:00,brunsbuettel,2026-07-25,2026-07-25T06:00:00+02:00,2026-07-26T06:00:00+02:00,Physical Flow,day,35367278.0,kWh/d,DE-TSO-0005,LNG-00060,entry,Confirmed,2026-08-21T11:03:49+02:00
2026-09-03T00:16:49+00:00,brunsbuettel,2026-07-26,2026-07-26T06:00:00+02:00,2026-07-27T06:00:00+02:00,Physical Flow,day,35911318.0,kWh/d,DE-TSO-0005,LNG-00060,entry,Confirmed,2026-08-21T11:03:49+02:00
2026-09-03T00:16:49+00:00,brunsbuettel,2026-07-27,2026-07-27T06:00:00+02:00,2026-07-28T06:00:00+02:00,Physical Flow,day,72561936.0,kWh/d,DE-TSO-0005,LNG-00060,entry,Confirmed,2026-08-21T11:03:49+02:00
2026-09-03T00:16:49+00:00,brunsbuettel,2026-07-28,2026-07-28T06:00:00+02:00,2026-07-29T06:00:00+02:00,Physical Flow,day,72531960.0,kWh/d,DE-TSO-0005,LNG-00060,entry,Confirmed,2026-08-21T11:03:49+02:00
2026-09-03T00:16:49+00:00,brunsbuettel,2026-07-29,2026-07-29T06:00:00+02:00,2026-07-30T06:00:00+02:00,Physical Flow,day,70571584.0,kWh/d,DE-TSO-0005,LNG-00060,entry,Confirmed,2026-08-21T11:03:49+02:00
2026-09-03T00:16:49+00:00,brunsbuettel,2026-07-30,2026-07-30T06:00:00+02:00,2026-07-31T06:00:00+02:00,Physical Flow,day,72184933.0,kWh/d,DE-TSO-0005,LNG-00060,entry,Confirmed,2026-08-21T11:03:49+02:00
2026-09-03T00:16:49+00:00,brunsbuettel,2026-07-31,2026-07-31T06:00:00+02:00,2026-08-01T06:00:00+02:00,Physical Flow,day,72404712.0,kWh/d,DE-TSO-0005,LNG-00060,entry,Confirmed,2026-08-21T11:03:49+02:00
2026-09-03T00:16:49+00:00,brunsbuettel,2026-08-01,2026-08-01T06:00:00+02:00,2026-08-02T06:00:00+02:00,Physical Flow,day,70087413.0,kWh/d,DE-TSO-0005,LNG-00060,entry,Provisional,2026-08-08T16:23:09+02:00
2026-09-03T00:16:49+00:00,brunsbuettel,2026-08-02,2026-08-02T06:00:00+02:00,2026-08-03T06:00:00+02:00,Physical Flow,day,70085832.0,kWh/d,DE-TSO-0005,LNG-00060,entry,Provisional,2026-08-09T16:22:51+02:00
2026-09-03T00:16:49+00:00,brunsbuettel,2026-08-03,2026-08-03T06:00:00+02:00,2026-08-04T06:00:00+02:00,Physical Flow,day,68410826.0,kWh/d,DE-TSO-0005,LNG-00060,entry,Provisional,2026-08-10T16:20:09+02:00
2026-09-03T00:16:49+00:00,brunsbuettel,2026-08-04,2026-08-04T06:00:00+02:00,2026-08-05T06:00:00+02:00,Physical Flow,day,36260629.0,kWh/d,DE-TSO-0005,LNG-00060,entry,Provisional,2026-08-11T16:21:50+02:00
2026-09-03T00:16:49+00:00,brunsbuettel,2026-08-05,2026-08-05T06:00:00+02:00,2026-08-06T06:00:00+02:00,Physical Flow,day,36243526.0,kWh/d,DE-TSO-0005,LNG-00060,entry,Provisional,2026-08-12T16:22:10+02:00
2026-09-03T00:16:49+00:00,brunsbuettel,2026-08-06,2026-08-06T06:00:00+02:00,2026-08-07T06:00:00+02:00,Physical Flow,day,34218540.0,kWh/d,DE-TSO-0005,LNG-00060,entry,Provisional,2026-08-13T16:20:29+02:00
2026-09-03T00:16:49+00:00,brunsbuettel,2026-08-07,2026-08-07T06:00:00+02:00,2026-08-08T06:00:00+02:00,Physical Flow,day,36211581.0,kWh/d,DE-TSO-0005,LNG-00060,entry,Provisional,2026-08-14T16:23:49+02:00
2026-09-03T00:16:49+00:00,brunsbuettel,2026-08-08,2026-08-08T06:00:00+02:00,2026-08-09T06:00:00+02:00,Physical Flow,day,36166192.0,kWh/d,DE-TSO-0005,LNG-00060,entry,Provisional,2026-08-15T16:21:50+02:00
2026-09-03T00:16:49+00:00,brunsbuettel,2026-08-09,2026-08-09T06:00:00+02:00,2026-08-10T06:00:00+02:00,Physical Flow,day,36165207.0,kWh/d,DE-TSO-0005,LNG-00060,entry,Provisional,2026-08-16T16:22:30+02:00
2026-09-03T00:16:49+00:00,brunsbuettel,2026-08-10,2026-08-10T06:00:00+02:00,2026-08-11T06:00:00+02:00,Physical Flow,day,95862350.0,kWh/d,DE-TSO-0005,LNG-00060,entry,Provisional,2026-08-17T16:21:09+02:00
2026-09-03T00:16:49+00:00,brunsbuettel,2026-08-11,2026-08-11T06:00:00+02:00,2026-08-12T06:00:00+02:00,Physical Flow,day,96898692.0,kWh/d,DE-TSO-0005,LNG-00060,entry,Provisional,2026-08-18T16:24:10+02:00
2026-09-03T00:16:49+00:00,brunsbuettel,2026-08-12,2026-08-12T06:00:00+02:00,2026-08-13T06:00:00+02:00,Physical Flow,day,96415816.0,kWh/d,DE-TSO-0005,LNG-00060,entry,Provisional,2026-08-19T16:22:30+02:00
2026-09-03T00:16:49+00:00,brunsbuettel,2026-08-13,2026-08-13T06:00:00+02:00,2026-08-14T06:00:00+02:00,Physical Flow,day,96622389.0,kWh/d,DE-TSO-0005,LNG-00060,entry,Provisional,2026-08-20T16:21:29+02:00
2026-09-03T00:16:49+00:00,brunsbuettel,2026-08-14,2026-08-14T06:00:00+02:00,2026-08-15T06:00:00+02:00,Physical Flow,day,95141770.0,kWh/d,DE-TSO-0005,LNG-00060,entry,Provisional,2026-08-21T16:27:52+02:00
2026-09-03T00:16:49+00:00,brunsbuettel,2026-08-15,2026-08-15T06:00:00+02:00,2026-08-16T06:00:00+02:00,Physical Flow,day,68073035.0,kWh/d,DE-TSO-0005,LNG-00060,entry,Provisional,2026-08-22T16:23:30+02:00
2026-09-03T00:16:49+00:00,brunsbuettel,2026-08-16,2026-08-16T06:00:00+02:00,2026-08-17T06:00:00+02:00,Physical Flow,day,69849761.0,kWh/d,DE-TSO-0005,LNG-00060,entry,Provisional,2026-08-23T16:21:51+02:00
2026-09-03T00:16:49+00:00,brunsbuettel,2026-08-17,2026-08-17T06:00:00+02:00,2026-08-18T06:00:00+02:00,Physical Flow,day,95444316.0,kWh/d,DE-TSO-0005,LNG-00060,entry,Provisional,2026-08-24T16:22:50+02:00
2026-09-03T00:16:49+00:00,brunsbuettel,2026-08-18,2026-08-18T06:00:00+02:00,2026-08-19T06:00:00+02:00,Physical Flow,day,95536708.0,kWh/d,DE-TSO-0005,LNG-00060,entry,Provisional,2026-08-25T16:25:30+02:00
2026-09-03T00:16:49+00:00,brunsbuettel,2026-08-19,2026-08-19T06:00:00+02:00,2026-08-20T06:00:00+02:00,Physical Flow,day,93870725.0,kWh/d,DE-TSO-0005,LNG-00060,entry,Provisional,2026-08-26T16:23:49+02:00
2026-09-03T00:16:49+00:00,brunsbuettel,2026-08-20,2026-08-20T06:00:00+02:00,2026-08-21T06:00:00+02:00,Physical Flow,day,91870494.0,kWh/d,DE-TSO-0005,LNG-00060,entry,Provisional,2026-08-27T16:22:09+02:00
2026-09-03T00:16:49+00:00,brunsbuettel,2026-08-21,2026-08-21T06:00:00+02:00,2026-08-22T06:00:00+02:00,Physical Flow,day,60394797.0,kWh/d,DE-TSO-0005,LNG-00060,entry,Provisional,2026-08-28T16:22:30+02:00
2026-09-03T00:16:49+00:00,brunsbuettel,2026-08-22,2026-08-22T06:00:00+02:00,2026-08-23T06:00:00+02:00,Physical Flow,day,31062730.0,kWh/d,DE-TSO-0005,LNG-00060,entry,Provisional,2026-08-29T16:20:58+02:00
2026-09-03T00:16:49+00:00,brunsbuettel,2026-08-23,2026-08-23T06:00:00+02:00,2026-08-24T06:00:00+02:00,Physical Flow,day,29821363.0,kWh/d,DE-TSO-0005,LNG-00060,entry,Provisional,2026-08-30T16:24:29+02:00
2026-09-03T00:16:49+00:00,brunsbuettel,2026-08-24,2026-08-24T06:00:00+02:00,2026-08-25T06:00:00+02:00,Physical Flow,day,38112451.0,kWh/d,DE-TSO-0005,LNG-00060,entry,Provisional,2026-08-31T16:19:30+02:00
2026-09-03T00:16:49+00:00,brunsbuettel,2026-08-25,2026-08-25T06:00:00+02:00,2026-08-26T06:00:00+02:00,Physical Flow,day,26570478.0,kWh/d,DE-TSO-0005,LNG-00060,entry,Provisional,2026-09-01T16:34:50+02:00
2026-09-03T00:16:49+00:00,brunsbuettel,2026-08-26,2026-08-26T06:00:00+02:00,2026-08-27T06:00:00+02:00,Physical Flow,day,26607543.0,kWh/d,DE-TSO-0005,LNG-00060,entry,Provisional,2026-09-02T16:23:30+02:00
2026-09-03T00:16:49+00:00,brunsbuettel,2026-08-27,2026-08-27T06:00:00+02:00,2026-08-28T06:00:00+02:00,Physical Flow,day,28963761.0,kWh/d,DE-TSO-0005,LNG-00060,entry,Provisional,2026-08-28T08:29:29+02:00
2026-09-03T00:16:49+00:00,brunsbuettel,2026-08-28,2026-08-28T06:00:00+02:00,2026-08-29T06:00:00+02:00,Physical Flow,day,26593799.0,kWh/d,DE-TSO-0005,LNG-00060,entry,Provisional,2026-08-29T08:29:49+02:00
2026-09-03T00:16:49+00:00,brunsbuettel,2026-08-29,2026-08-29T06:00:00+02:00,2026-08-30T06:00:00+02:00,Physical Flow,day,26604350.0,kWh/d,DE-TSO-0005,LNG-00060,entry,Provisional,2026-08-30T08:29:30+02:00
2026-09-03T00:16:49+00:00,brunsbuettel,2026-08-30,2026-08-30T06:00:00+02:00,2026-08-31T06:00:00+02:00,Physical Flow,day,26579698.0,kWh/d,DE-TSO-0005,LNG-00060,entry,Provisional,2026-08-31T08:26:09+02:00
2026-09-03T00:16:49+00:00,brunsbuettel,2026-08-31,2026-08-31T06:00:00+02:00,2026-09-01T06:00:00+02:00,Physical Flow,day,35314279.0,kWh/d,DE-TSO-0005,LNG-00060,entry,Provisional,2026-09-01T08:33:51+02:00
2026-09-03T00:16:49+00:00,brunsbuettel,2026-09-01,2026-09-01T06:00:00+02:00,2026-09-02T06:00:00+02:00,Physical Flow,day,35174371.0,kWh/d,DE-TSO-0005,LNG-00060,entry,Provisional,2026-09-02T08:27:49+02:00
2026-09-03T00:16:49+00:00,mukran,2026-07-20,2026-07-20T06:00:00+02:00,2026-07-21T06:00:00+02:00,Physical Flow,day,1694985.0,kWh/d,DE-TSO-0001,LNG-00079,entry,Confirmed,2026-08-12T05:16:09+02:00
2026-09-03T00:16:49+00:00,mukran,2026-07-21,2026-07-21T06:00:00+02:00,2026-07-22T06:00:00+02:00,Physical Flow,day,778849.0,kWh/d,DE-TSO-0001,LNG-00079,entry,Confirmed,2026-08-12T05:16:09+02:00
2026-09-03T00:16:49+00:00,mukran,2026-07-22,2026-07-22T06:00:00+02:00,2026-07-23T06:00:00+02:00,Physical Flow,day,2921106.0,kWh/d,DE-TSO-0001,LNG-00079,entry,Confirmed,2026-08-12T05:16:09+02:00
2026-09-03T00:16:49+00:00,mukran,2026-07-23,2026-07-23T06:00:00+02:00,2026-07-24T06:00:00+02:00,Physical Flow,day,0.0,kWh/d,DE-TSO-0001,LNG-00079,entry,Confirmed,2026-08-12T05:16:09+02:00
2026-09-03T00:16:49+00:00,mukran,2026-07-24,2026-07-24T06:00:00+02:00,2026-07-25T06:00:00+02:00,Physical Flow,day,3309033.0,kWh/d,DE-TSO-0001,LNG-00079,entry,Confirmed,2026-08-12T05:16:09+02:00
2026-09-03T00:16:49+00:00,mukran,2026-07-25,2026-07-25T06:00:00+02:00,2026-07-26T06:00:00+02:00,Physical Flow,day,0.0,kWh/d,DE-TSO-0001,LNG-00079,entry,Confirmed,2026-08-12T05:16:09+02:00
2026-09-03T00:16:49+00:00,mukran,2026-07-26,2026-07-26T06:00:00+02:00,2026-07-27T06:00:00+02:00,Physical Flow,day,3727788.0,kWh/d,DE-TSO-0001,LNG-00079,entry,Confirmed,2026-08-12T05:16:09+02:00
2026-09-03T00:16:49+00:00,mukran,2026-07-27,2026-07-27T06:00:00+02:00,2026-07-28T06:00:00+02:00,Physical Flow,day,0.0,kWh/d,DE-TSO-0001,LNG-00079,entry,Confirmed,2026-08-12T05:16:09+02:00
2026-09-03T00:16:49+00:00,mukran,2026-07-28,2026-07-28T06:00:00+02:00,2026-07-29T06:00:00+02:00,Physical Flow,day,3290247.0,kWh/d,DE-TSO-0001,LNG-00079,entry,Confirmed,2026-08-12T05:16:09+02:00
2026-09-03T00:16:49+00:00,mukran,2026-07-29,2026-07-29T06:00:00+02:00,2026-07-30T06:00:00+02:00,Physical Flow,day,2611426.0,kWh/d,DE-TSO-0001,LNG-00079,entry,Confirmed,2026-08-12T05:16:09+02:00
2026-09-03T00:16:49+00:00,mukran,2026-07-30,2026-07-30T06:00:00+02:00,2026-07-31T06:00:00+02:00,Physical Flow,day,0.0,kWh/d,DE-TSO-0001,LNG-00079,entry,Confirmed,2026-08-12T05:16:09+02:00
2026-09-03T00:16:49+00:00,mukran,2026-07-31,2026-07-31T06:00:00+02:00,2026-08-01T06:00:00+02:00,Physical Flow,day,3394176.0,kWh/d,DE-TSO-0001,LNG-00079,entry,Confirmed,2026-08-12T05:16:09+02:00
2026-09-03T00:16:49+00:00,mukran,2026-08-01,2026-08-01T06:00:00+02:00,2026-08-02T06:00:00+02:00,Physical Flow,day,725530.0,kWh/d,DE-TSO-0001,LNG-00079,entry,Provisional,2026-08-02T09:06:09+02:00
2026-09-03T00:16:49+00:00,mukran,2026-08-02,2026-08-02T06:00:00+02:00,2026-08-03T06:00:00+02:00,Physical Flow,day,1480844.0,kWh/d,DE-TSO-0001,LNG-00079,entry,Provisional,2026-08-03T09:09:09+02:00
2026-09-03T00:16:49+00:00,mukran,2026-08-03,2026-08-03T06:00:00+02:00,2026-08-04T06:00:00+02:00,Physical Flow,day,1680056.0,kWh/d,DE-TSO-0001,LNG-00079,entry,Provisional,2026-08-04T09:11:29+02:00
2026-09-03T00:16:49+00:00,mukran,2026-08-04,2026-08-04T06:00:00+02:00,2026-08-05T06:00:00+02:00,Physical Flow,day,1162972.0,kWh/d,DE-TSO-0001,LNG-00079,entry,Provisional,2026-08-05T09:07:09+02:00
2026-09-03T00:16:49+00:00,mukran,2026-08-05,2026-08-05T06:00:00+02:00,2026-08-06T06:00:00+02:00,Physical Flow,day,2685502.0,kWh/d,DE-TSO-0001,LNG-00079,entry,Provisional,2026-08-06T09:09:50+02:00
2026-09-03T00:16:49+00:00,mukran,2026-08-06,2026-08-06T06:00:00+02:00,2026-08-07T06:00:00+02:00,Physical Flow,day,0.0,kWh/d,DE-TSO-0001,LNG-00079,entry,Provisional,2026-08-07T09:10:29+02:00
2026-09-03T00:16:49+00:00,mukran,2026-08-07,2026-08-07T06:00:00+02:00,2026-08-08T06:00:00+02:00,Physical Flow,day,3291559.0,kWh/d,DE-TSO-0001,LNG-00079,entry,Provisional,2026-08-08T09:11:09+02:00
2026-09-03T00:16:49+00:00,mukran,2026-08-08,2026-08-08T06:00:00+02:00,2026-08-09T06:00:00+02:00,Physical Flow,day,0.0,kWh/d,DE-TSO-0001,LNG-00079,entry,Provisional,2026-08-09T09:04:09+02:00
2026-09-03T00:16:49+00:00,mukran,2026-08-09,2026-08-09T06:00:00+02:00,2026-08-10T06:00:00+02:00,Physical Flow,day,3204939.0,kWh/d,DE-TSO-0001,LNG-00079,entry,Provisional,2026-08-10T09:08:49+02:00
2026-09-03T00:16:49+00:00,mukran,2026-08-10,2026-08-10T06:00:00+02:00,2026-08-11T06:00:00+02:00,Physical Flow,day,0.0,kWh/d,DE-TSO-0001,LNG-00079,entry,Provisional,2026-08-11T09:13:49+02:00
2026-09-03T00:16:49+00:00,mukran,2026-08-11,2026-08-11T06:00:00+02:00,2026-08-12T06:00:00+02:00,Physical Flow,day,3540246.0,kWh/d,DE-TSO-0001,LNG-00079,entry,Provisional,2026-08-12T09:14:49+02:00
2026-09-03T00:16:49+00:00,mukran,2026-08-12,2026-08-12T06:00:00+02:00,2026-08-13T06:00:00+02:00,Physical Flow,day,3185060.0,kWh/d,DE-TSO-0001,LNG-00079,entry,Provisional,2026-08-13T09:03:49+02:00
2026-09-03T00:16:49+00:00,mukran,2026-08-13,2026-08-13T06:00:00+02:00,2026-08-14T06:00:00+02:00,Physical Flow,day,0.0,kWh/d,DE-TSO-0001,LNG-00079,entry,Provisional,2026-08-14T09:04:49+02:00
2026-09-03T00:16:49+00:00,mukran,2026-08-14,2026-08-14T06:00:00+02:00,2026-08-15T06:00:00+02:00,Physical Flow,day,0.0,kWh/d,DE-TSO-0001,LNG-00079,entry,Provisional,2026-08-15T09:13:51+02:00
2026-09-03T00:16:49+00:00,mukran,2026-08-15,2026-08-15T06:00:00+02:00,2026-08-16T06:00:00+02:00,Physical Flow,day,3255353.0,kWh/d,DE-TSO-0001,LNG-00079,entry,Provisional,2026-08-16T09:04:49+02:00
2026-09-03T00:16:49+00:00,mukran,2026-08-16,2026-08-16T06:00:00+02:00,2026-08-17T06:00:00+02:00,Physical Flow,day,3703189.0,kWh/d,DE-TSO-0001,LNG-00079,entry,Provisional,2026-08-17T09:06:30+02:00
2026-09-03T00:16:49+00:00,mukran,2026-08-17,2026-08-17T06:00:00+02:00,2026-08-18T06:00:00+02:00,Physical Flow,day,0.0,kWh/d,DE-TSO-0001,LNG-00079,entry,Provisional,2026-08-18T09:09:29+02:00
2026-09-03T00:16:49+00:00,mukran,2026-08-18,2026-08-18T06:00:00+02:00,2026-08-19T06:00:00+02:00,Physical Flow,day,1842741.0,kWh/d,DE-TSO-0001,LNG-00079,entry,Provisional,2026-08-19T09:15:10+02:00
2026-09-03T00:16:49+00:00,mukran,2026-08-19,2026-08-19T06:00:00+02:00,2026-08-20T06:00:00+02:00,Physical Flow,day,2952635.0,kWh/d,DE-TSO-0001,LNG-00079,entry,Provisional,2026-08-20T09:13:49+02:00
2026-09-03T00:16:49+00:00,mukran,2026-08-20,2026-08-20T06:00:00+02:00,2026-08-21T06:00:00+02:00,Physical Flow,day,0.0,kWh/d,DE-TSO-0001,LNG-00079,entry,Provisional,2026-08-21T09:09:09+02:00
2026-09-03T00:16:49+00:00,mukran,2026-08-21,2026-08-21T06:00:00+02:00,2026-08-22T06:00:00+02:00,Physical Flow,day,2912715.0,kWh/d,DE-TSO-0001,LNG-00079,entry,Provisional,2026-08-22T09:07:09+02:00
2026-09-03T00:16:49+00:00,mukran,2026-08-22,2026-08-22T06:00:00+02:00,2026-08-23T06:00:00+02:00,Physical Flow,day,0.0,kWh/d,DE-TSO-0001,LNG-00079,entry,Provisional,2026-08-23T09:05:09+02:00
2026-09-03T00:16:49+00:00,mukran,2026-08-23,2026-08-23T06:00:00+02:00,2026-08-24T06:00:00+02:00,Physical Flow,day,0.0,kWh/d,DE-TSO-0001,LNG-00079,entry,Provisional,2026-08-24T09:04:49+02:00
2026-09-03T00:16:49+00:00,mukran,2026-08-24,2026-08-24T06:00:00+02:00,2026-08-25T06:00:00+02:00,Physical Flow,day,43689467.0,kWh/d,DE-TSO-0001,LNG-00079,entry,Provisional,2026-08-25T09:08:29+02:00
2026-09-03T00:16:49+00:00,mukran,2026-08-25,2026-08-25T06:00:00+02:00,2026-08-26T06:00:00+02:00,Physical Flow,day,102967117.0,kWh/d,DE-TSO-0001,LNG-00079,entry,Provisional,2026-08-26T09:12:10+02:00
2026-09-03T00:16:49+00:00,mukran,2026-08-26,2026-08-26T06:00:00+02:00,2026-08-27T06:00:00+02:00,Physical Flow,day,116820284.0,kWh/d,DE-TSO-0001,LNG-00079,entry,Provisional,2026-08-27T09:17:10+02:00
2026-09-03T00:16:49+00:00,mukran,2026-08-27,2026-08-27T06:00:00+02:00,2026-08-28T06:00:00+02:00,Physical Flow,day,148285416.0,kWh/d,DE-TSO-0001,LNG-00079,entry,Provisional,2026-08-28T09:07:09+02:00
2026-09-03T00:16:49+00:00,mukran,2026-08-28,2026-08-28T06:00:00+02:00,2026-08-29T06:00:00+02:00,Physical Flow,day,148233510.0,kWh/d,DE-TSO-0001,LNG-00079,entry,Provisional,2026-08-29T09:14:09+02:00
2026-09-03T00:16:49+00:00,mukran,2026-08-29,2026-08-29T06:00:00+02:00,2026-08-30T06:00:00+02:00,Physical Flow,day,135739249.0,kWh/d,DE-TSO-0001,LNG-00079,entry,Provisional,2026-08-30T09:07:49+02:00
2026-09-03T00:16:49+00:00,mukran,2026-08-30,2026-08-30T06:00:00+02:00,2026-08-31T06:00:00+02:00,Physical Flow,day,135800131.0,kWh/d,DE-TSO-0001,LNG-00079,entry,Provisional,2026-08-31T09:13:29+02:00
2026-09-03T00:16:49+00:00,mukran,2026-08-31,2026-08-31T06:00:00+02:00,2026-09-01T06:00:00+02:00,Physical Flow,day,132236723.0,kWh/d,DE-TSO-0001,LNG-00079,entry,Provisional,2026-09-01T09:07:29+02:00
2026-09-03T00:16:49+00:00,mukran,2026-09-01,2026-09-01T06:00:00+02:00,2026-09-02T06:00:00+02:00,Physical Flow,day,0.0,kWh/d,DE-TSO-0001,LNG-00079,entry,Provisional,2026-09-02T09:08:09+02:00
2026-09-03T00:16:49+00:00,mukran,2026-07-20,2026-07-20T06:00:00+02:00,2026-07-21T06:00:00+02:00,Physical Flow,day,2030891.0,kWh/d,DE-TSO-0018,LNG-00079,entry,Provisional,2026-08-30T01:08:09+02:00
2026-09-03T00:16:49+00:00,mukran,2026-07-21,2026-07-21T06:00:00+02:00,2026-07-22T06:00:00+02:00,Physical Flow,day,912139.0,kWh/d,DE-TSO-0018,LNG-00079,entry,Provisional,2026-08-30T01:08:09+02:00
2026-09-03T00:16:49+00:00,mukran,2026-07-22,2026-07-22T06:00:00+02:00,2026-07-23T06:00:00+02:00,Physical Flow,day,3382354.0,kWh/d,DE-TSO-0018,LNG-00079,entry,Provisional,2026-08-30T01:08:09+02:00
2026-09-03T00:16:49+00:00,mukran,2026-07-23,2026-07-23T06:00:00+02:00,2026-07-24T06:00:00+02:00,Physical Flow,day,0.0,kWh/d,DE-TSO-0018,LNG-00079,entry,Provisional,2026-08-30T01:08:09+02:00
2026-09-03T00:16:49+00:00,mukran,2026-07-24,2026-07-24T06:00:00+02:00,2026-07-25T06:00:00+02:00,Physical Flow,day,3831370.0,kWh/d,DE-TSO-0018,LNG-00079,entry,Provisional,2026-08-30T01:08:09+02:00
2026-09-03T00:16:49+00:00,mukran,2026-07-25,2026-07-25T06:00:00+02:00,2026-07-26T06:00:00+02:00,Physical Flow,day,0.0,kWh/d,DE-TSO-0018,LNG-00079,entry,Provisional,2026-08-30T01:08:09+02:00
2026-09-03T00:16:49+00:00,mukran,2026-07-26,2026-07-26T06:00:00+02:00,2026-07-27T06:00:00+02:00,Physical Flow,day,3713901.0,kWh/d,DE-TSO-0018,LNG-00079,entry,Provisional,2026-08-30T01:08:09+02:00
2026-09-03T00:16:49+00:00,mukran,2026-07-27,2026-07-27T06:00:00+02:00,2026-07-28T06:00:00+02:00,Physical Flow,day,0.0,kWh/d,DE-TSO-0018,LNG-00079,entry,Provisional,2026-08-30T01:08:09+02:00
2026-09-03T00:16:49+00:00,mukran,2026-07-28,2026-07-28T06:00:00+02:00,2026-07-29T06:00:00+02:00,Physical Flow,day,0.0,kWh/d,DE-TSO-0018,LNG-00079,entry,Provisional,2026-08-30T01:08:09+02:00
2026-09-03T00:16:49+00:00,mukran,2026-07-29,2026-07-29T06:00:00+02:00,2026-07-30T06:00:00+02:00,Physical Flow,day,3505621.0,kWh/d,DE-TSO-0018,LNG-00079,entry,Provisional,2026-08-30T01:08:09+02:00
2026-09-03T00:16:49+00:00,mukran,2026-07-30,2026-07-30T06:00:00+02:00,2026-07-31T06:00:00+02:00,Physical Flow,day,0.0,kWh/d,DE-TSO-0018,LNG-00079,entry,Provisional,2026-08-30T01:08:09+02:00
2026-09-03T00:16:49+00:00,mukran,2026-07-31,2026-07-31T06:00:00+02:00,2026-08-01T06:00:00+02:00,Physical Flow,day,4032493.0,kWh/d,DE-TSO-0018,LNG-00079,entry,Provisional,2026-08-30T01:08:09+02:00
2026-09-03T00:16:49+00:00,mukran,2026-08-01,2026-08-01T06:00:00+02:00,2026-08-02T06:00:00+02:00,Physical Flow,day,842737.0,kWh/d,DE-TSO-0018,LNG-00079,entry,Provisional,2026-08-02T10:34:50+02:00
2026-09-03T00:16:49+00:00,mukran,2026-08-02,2026-08-02T06:00:00+02:00,2026-08-03T06:00:00+02:00,Physical Flow,day,1896705.0,kWh/d,DE-TSO-0018,LNG-00079,entry,Provisional,2026-08-03T10:34:50+02:00
2026-09-03T00:16:49+00:00,mukran,2026-08-03,2026-08-03T06:00:00+02:00,2026-08-04T06:00:00+02:00,Physical Flow,day,1667129.0,kWh/d,DE-TSO-0018,LNG-00079,entry,Provisional,2026-08-04T10:33:32+02:00
2026-09-03T00:16:49+00:00,mukran,2026-08-04,2026-08-04T06:00:00+02:00,2026-08-05T06:00:00+02:00,Physical Flow,day,1283701.0,kWh/d,DE-TSO-0018,LNG-00079,entry,Provisional,2026-08-05T10:34:29+02:00
2026-09-03T00:16:49+00:00,mukran,2026-08-05,2026-08-05T06:00:00+02:00,2026-08-06T06:00:00+02:00,Physical Flow,day,2883875.0,kWh/d,DE-TSO-0018,LNG-00079,entry,Provisional,2026-08-06T10:34:09+02:00
2026-09-03T00:16:49+00:00,mukran,2026-08-06,2026-08-06T06:00:00+02:00,2026-08-07T06:00:00+02:00,Physical Flow,day,0.0,kWh/d,DE-TSO-0018,LNG-00079,entry,Provisional,2026-08-07T10:34:10+02:00
2026-09-03T00:16:49+00:00,mukran,2026-08-07,2026-08-07T06:00:00+02:00,2026-08-08T06:00:00+02:00,Physical Flow,day,3795906.0,kWh/d,DE-TSO-0018,LNG-00079,entry,Provisional,2026-08-08T10:34:09+02:00
2026-09-03T00:16:49+00:00,mukran,2026-08-08,2026-08-08T06:00:00+02:00,2026-08-09T06:00:00+02:00,Physical Flow,day,0.0,kWh/d,DE-TSO-0018,LNG-00079,entry,Provisional,2026-08-09T10:33:29+02:00
2026-09-03T00:16:49+00:00,mukran,2026-08-09,2026-08-09T06:00:00+02:00,2026-08-10T06:00:00+02:00,Physical Flow,day,3264655.0,kWh/d,DE-TSO-0018,LNG-00079,entry,Provisional,2026-08-10T10:33:49+02:00
2026-09-03T00:16:49+00:00,mukran,2026-08-10,2026-08-10T06:00:00+02:00,2026-08-11T06:00:00+02:00,Physical Flow,day,0.0,kWh/d,DE-TSO-0018,LNG-00079,entry,Provisional,2026-08-11T10:33:29+02:00
2026-09-03T00:16:49+00:00,mukran,2026-08-11,2026-08-11T06:00:00+02:00,2026-08-12T06:00:00+02:00,Physical Flow,day,4519202.0,kWh/d,DE-TSO-0018,LNG-00079,entry,Provisional,2026-08-12T10:34:09+02:00
2026-09-03T00:16:49+00:00,mukran,2026-08-12,2026-08-12T06:00:00+02:00,2026-08-13T06:00:00+02:00,Physical Flow,day,3830803.0,kWh/d,DE-TSO-0018,LNG-00079,entry,Provisional,2026-08-13T10:34:50+02:00
2026-09-03T00:16:49+00:00,mukran,2026-08-13,2026-08-13T06:00:00+02:00,2026-08-14T06:00:00+02:00,Physical Flow,day,0.0,kWh/d,DE-TSO-0018,LNG-00079,entry,Provisional,2026-08-14T10:34:49+02:00
2026-09-03T00:16:49+00:00,mukran,2026-08-20,2026-08-20T06:00:00+02:00,2026-08-21T06:00:00+02:00,Physical Flow,day,0.0,kWh/d,DE-TSO-0018,LNG-00079,entry,Provisional,2026-08-21T10:35:29+02:00
2026-09-03T00:16:49+00:00,mukran,2026-08-24,2026-08-24T06:00:00+02:00,2026-08-25T06:00:00+02:00,Physical Flow,day,547285.0,kWh/d,DE-TSO-0018,LNG-00079,entry,Provisional,2026-08-25T10:34:10+02:00
2026-09-03T00:16:49+00:00,mukran,2026-08-28,2026-08-28T06:00:00+02:00,2026-08-29T06:00:00+02:00,Physical Flow,day,6038787.0,kWh/d,DE-TSO-0018,LNG-00079,entry,Provisional,2026-08-29T10:35:30+02:00
2026-09-03T00:16:49+00:00,mukran,2026-08-31,2026-08-31T06:00:00+02:00,2026-09-01T06:00:00+02:00,Physical Flow,day,5625841.0,kWh/d,DE-TSO-0018,LNG-00079,entry,Provisional,2026-09-01T10:35:43+02:00
2026-09-03T00:16:49+00:00,gate,2026-07-20,2026-07-20T06:00:00+02:00,2026-07-21T06:00:00+02:00,Nomination,day,318728400.0,kWh/d,NL-TSO-0001,LNG-00027,entry,,2026-07-19T16:04:10+02:00
2026-09-03T00:16:49+00:00,gate,2026-07-21,2026-07-21T06:00:00+02:00,2026-07-22T06:00:00+02:00,Nomination,day,373832400.0,kWh/d,NL-TSO-0001,LNG-00027,entry,,2026-07-20T16:12:10+02:00
2026-09-03T00:16:49+00:00,gate,2026-07-22,2026-07-22T06:00:00+02:00,2026-07-23T06:00:00+02:00,Nomination,day,374362560.0,kWh/d,NL-TSO-0001,LNG-00027,entry,,2026-07-21T16:02:49+02:00
2026-09-03T00:16:49+00:00,gate,2026-07-23,2026-07-23T06:00:00+02:00,2026-07-24T06:00:00+02:00,Nomination,day,283282560.0,kWh/d,NL-TSO-0001,LNG-00027,entry,,2026-07-22T15:57:29+02:00
2026-09-03T00:16:49+00:00,gate,2026-07-24,2026-07-24T06:00:00+02:00,2026-07-25T06:00:00+02:00,Nomination,day,430138560.0,kWh/d,NL-TSO-0001,LNG-00027,entry,,2026-07-23T16:07:10+02:00
2026-09-03T00:16:49+00:00,gate,2026-07-25,2026-07-25T06:00:00+02:00,2026-07-26T06:00:00+02:00,Nomination,day,430138560.0,kWh/d,NL-TSO-0001,LNG-00027,entry,,2026-07-24T15:53:29+02:00
2026-09-03T00:16:49+00:00,gate,2026-07-26,2026-07-26T06:00:00+02:00,2026-07-27T06:00:00+02:00,Nomination,day,304076160.0,kWh/d,NL-TSO-0001,LNG-00027,entry,,2026-07-25T16:12:29+02:00
2026-09-03T00:16:49+00:00,gate,2026-07-27,2026-07-27T06:00:00+02:00,2026-07-28T06:00:00+02:00,Nomination,day,387116160.0,kWh/d,NL-TSO-0001,LNG-00027,entry,,2026-07-26T16:06:30+02:00
2026-09-03T00:16:49+00:00,gate,2026-07-28,2026-07-28T06:00:00+02:00,2026-07-29T06:00:00+02:00,Nomination,day,296904000.0,kWh/d,NL-TSO-0001,LNG-00027,entry,,2026-07-27T15:58:49+02:00
2026-09-03T00:16:49+00:00,gate,2026-07-29,2026-07-29T06:00:00+02:00,2026-07-30T06:00:00+02:00,Nomination,day,296304000.0,kWh/d,NL-TSO-0001,LNG-00027,entry,,2026-07-28T16:16:49+02:00
2026-09-03T00:16:49+00:00,gate,2026-07-30,2026-07-30T06:00:00+02:00,2026-07-31T06:00:00+02:00,Nomination,day,434492160.0,kWh/d,NL-TSO-0001,LNG-00027,entry,,2026-07-29T16:16:29+02:00
2026-09-03T00:16:49+00:00,gate,2026-07-31,2026-07-31T06:00:00+02:00,2026-08-01T06:00:00+02:00,Nomination,day,413588160.0,kWh/d,NL-TSO-0001,LNG-00027,entry,,2026-07-30T16:20:10+02:00
2026-09-03T00:16:49+00:00,gate,2026-08-01,2026-08-01T06:00:00+02:00,2026-08-02T06:00:00+02:00,Nomination,day,211272000.0,kWh/d,NL-TSO-0001,LNG-00027,entry,,2026-07-31T16:28:49+02:00
2026-09-03T00:16:49+00:00,gate,2026-08-02,2026-08-02T06:00:00+02:00,2026-08-03T06:00:00+02:00,Nomination,day,269467440.0,kWh/d,NL-TSO-0001,LNG-00027,entry,,2026-08-01T16:45:29+02:00
2026-09-03T00:16:49+00:00,gate,2026-08-03,2026-08-03T06:00:00+02:00,2026-08-04T06:00:00+02:00,Nomination,day,408739440.0,kWh/d,NL-TSO-0001,LNG-00027,entry,,2026-08-02T16:08:31+02:00
2026-09-03T00:16:49+00:00,gate,2026-08-04,2026-08-04T06:00:00+02:00,2026-08-05T06:00:00+02:00,Nomination,day,452203440.0,kWh/d,NL-TSO-0001,LNG-00027,entry,,2026-08-03T16:31:19+02:00
2026-09-03T00:16:49+00:00,gate,2026-08-05,2026-08-05T06:00:00+02:00,2026-08-06T06:00:00+02:00,Nomination,day,449299440.0,kWh/d,NL-TSO-0001,LNG-00027,entry,,2026-08-04T16:19:50+02:00
2026-09-03T00:16:49+00:00,gate,2026-08-06,2026-08-06T06:00:00+02:00,2026-08-07T06:00:00+02:00,Nomination,day,448483440.0,kWh/d,NL-TSO-0001,LNG-00027,entry,,2026-08-05T16:04:29+02:00
2026-09-03T00:16:49+00:00,gate,2026-08-07,2026-08-07T06:00:00+02:00,2026-08-08T06:00:00+02:00,Nomination,day,445387440.0,kWh/d,NL-TSO-0001,LNG-00027,entry,,2026-08-06T16:10:30+02:00
2026-09-03T00:16:49+00:00,gate,2026-08-08,2026-08-08T06:00:00+02:00,2026-08-09T06:00:00+02:00,Nomination,day,439123440.0,kWh/d,NL-TSO-0001,LNG-00027,entry,,2026-08-07T16:19:49+02:00
2026-09-03T00:16:49+00:00,gate,2026-08-09,2026-08-09T06:00:00+02:00,2026-08-10T06:00:00+02:00,Nomination,day,436075440.0,kWh/d,NL-TSO-0001,LNG-00027,entry,,2026-08-08T15:53:50+02:00
2026-09-03T00:16:49+00:00,gate,2026-08-10,2026-08-10T06:00:00+02:00,2026-08-11T06:00:00+02:00,Nomination,day,452885520.0,kWh/d,NL-TSO-0001,LNG-00027,entry,,2026-08-09T16:15:10+02:00
2026-09-03T00:16:49+00:00,gate,2026-08-11,2026-08-11T06:00:00+02:00,2026-08-12T06:00:00+02:00,Nomination,day,351528000.0,kWh/d,NL-TSO-0001,LNG-00027,entry,,2026-08-10T16:26:50+02:00
2026-09-03T00:16:49+00:00,gate,2026-08-12,2026-08-12T06:00:00+02:00,2026-08-13T06:00:00+02:00,Nomination,day,352685520.0,kWh/d,NL-TSO-0001,LNG-00027,entry,,2026-08-11T16:15:30+02:00
2026-09-03T00:16:49+00:00,gate,2026-08-13,2026-08-13T06:00:00+02:00,2026-08-14T06:00:00+02:00,Nomination,day,356477520.0,kWh/d,NL-TSO-0001,LNG-00027,entry,,2026-08-12T16:05:10+02:00
2026-09-03T00:16:49+00:00,gate,2026-08-14,2026-08-14T06:00:00+02:00,2026-08-15T06:00:00+02:00,Nomination,day,356477520.0,kWh/d,NL-TSO-0001,LNG-00027,entry,,2026-08-13T16:25:32+02:00
2026-09-03T00:16:49+00:00,gate,2026-08-15,2026-08-15T06:00:00+02:00,2026-08-16T06:00:00+02:00,Nomination,day,340133520.0,kWh/d,NL-TSO-0001,LNG-00027,entry,,2026-08-14T16:11:50+02:00
2026-09-03T00:16:49+00:00,gate,2026-08-16,2026-08-16T06:00:00+02:00,2026-08-17T06:00:00+02:00,Nomination,day,448716960.0,kWh/d,NL-TSO-0001,LNG-00027,entry,,2026-08-15T16:04:50+02:00
2026-09-03T00:16:49+00:00,gate,2026-08-17,2026-08-17T06:00:00+02:00,2026-08-18T06:00:00+02:00,Nomination,day,450660960.0,kWh/d,NL-TSO-0001,LNG-00027,entry,,2026-08-16T15:58:10+02:00
2026-09-03T00:16:49+00:00,gate,2026-08-18,2026-08-18T06:00:00+02:00,2026-08-19T06:00:00+02:00,Nomination,day,356748960.0,kWh/d,NL-TSO-0001,LNG-00027,entry,,2026-08-17T15:56:10+02:00
2026-09-03T00:16:49+00:00,gate,2026-08-19,2026-08-19T06:00:00+02:00,2026-08-20T06:00:00+02:00,Nomination,day,356748960.0,kWh/d,NL-TSO-0001,LNG-00027,entry,,2026-08-19T15:51:11+02:00
2026-09-03T00:16:49+00:00,gate,2026-08-20,2026-08-20T06:00:00+02:00,2026-08-21T06:00:00+02:00,Nomination,day,356052960.0,kWh/d,NL-TSO-0001,LNG-00027,entry,,2026-08-19T15:51:11+02:00
2026-09-03T00:16:49+00:00,gate,2026-08-21,2026-08-21T06:00:00+02:00,2026-08-22T06:00:00+02:00,Nomination,day,275467200.0,kWh/d,NL-TSO-0001,LNG-00027,entry,,2026-08-20T16:15:29+02:00
2026-09-03T00:16:49+00:00,gate,2026-08-22,2026-08-22T06:00:00+02:00,2026-08-23T06:00:00+02:00,Nomination,day,430747200.0,kWh/d,NL-TSO-0001,LNG-00027,entry,,2026-08-22T15:59:10+02:00
2026-09-03T00:16:49+00:00,gate,2026-08-23,2026-08-23T06:00:00+02:00,2026-08-24T06:00:00+02:00,Nomination,day,453691200.0,kWh/d,NL-TSO-0001,LNG-00027,entry,,2026-08-22T15:59:10+02:00
2026-09-03T00:16:49+00:00,gate,2026-08-24,2026-08-24T06:00:00+02:00,2026-08-25T06:00:00+02:00,Nomination,day,453715200.0,kWh/d,NL-TSO-0001,LNG-00027,entry,,2026-08-23T16:05:30+02:00
2026-09-03T00:16:49+00:00,gate,2026-08-25,2026-08-25T06:00:00+02:00,2026-08-26T06:00:00+02:00,Nomination,day,452851200.0,kWh/d,NL-TSO-0001,LNG-00027,entry,,2026-08-24T16:06:51+02:00
2026-09-03T00:16:49+00:00,gate,2026-08-26,2026-08-26T06:00:00+02:00,2026-08-27T06:00:00+02:00,Nomination,day,407347200.0,kWh/d,NL-TSO-0001,LNG-00027,entry,,2026-08-26T16:02:30+02:00
2026-09-03T00:16:49+00:00,gate,2026-08-27,2026-08-27T06:00:00+02:00,2026-08-28T06:00:00+02:00,Nomination,day,405451200.0,kWh/d,NL-TSO-0001,LNG-00027,entry,,2026-08-26T16:02:30+02:00
2026-09-03T00:16:49+00:00,gate,2026-08-28,2026-08-28T06:00:00+02:00,2026-08-29T06:00:00+02:00,Nomination,day,405691200.0,kWh/d,NL-TSO-0001,LNG-00027,entry,,2026-08-27T16:11:55+02:00
2026-09-03T00:16:49+00:00,gate,2026-08-29,2026-08-29T06:00:00+02:00,2026-08-30T06:00:00+02:00,Nomination,day,296539200.0,kWh/d,NL-TSO-0001,LNG-00027,entry,,2026-08-28T16:12:49+02:00
2026-09-03T00:16:49+00:00,gate,2026-08-30,2026-08-30T06:00:00+02:00,2026-08-31T06:00:00+02:00,Nomination,day,406227840.0,kWh/d,NL-TSO-0001,LNG-00027,entry,,2026-08-29T16:03:49+02:00
2026-09-03T00:16:49+00:00,gate,2026-08-31,2026-08-31T06:00:00+02:00,2026-09-01T06:00:00+02:00,Nomination,day,397563840.0,kWh/d,NL-TSO-0001,LNG-00027,entry,,2026-08-30T16:00:30+02:00
2026-09-03T00:16:49+00:00,gate,2026-09-01,2026-09-01T06:00:00+02:00,2026-09-02T06:00:00+02:00,Nomination,day,406659840.0,kWh/d,NL-TSO-0001,LNG-00027,entry,,2026-08-31T16:04:50+02:00
2026-09-03T00:16:49+00:00,gate,2026-09-02,2026-09-02T06:00:00+02:00,2026-09-03T06:00:00+02:00,Nomination,day,489483840.0,kWh/d,NL-TSO-0001,LNG-00027,entry,,2026-09-01T16:05:30+02:00
2026-09-03T00:16:49+00:00,gate,2026-09-03,2026-09-03T06:00:00+02:00,2026-09-04T06:00:00+02:00,Nomination,day,451884480.0,kWh/d,NL-TSO-0001,LNG-00027,entry,,2026-09-02T16:16:24+02:00
2026-09-03T00:16:49+00:00,eems,2026-07-20,2026-07-20T06:00:00+02:00,2026-07-21T06:00:00+02:00,Nomination,day,21422304.0,kWh/d,NL-TSO-0001,LNG-00068,entry,,2026-07-19T16:04:10+02:00
2026-09-03T00:16:49+00:00,eems,2026-07-21,2026-07-21T06:00:00+02:00,2026-07-22T06:00:00+02:00,Nomination,day,21422304.0,kWh/d,NL-TSO-0001,LNG-00068,entry,,2026-07-20T16:12:10+02:00
2026-09-03T00:16:49+00:00,eems,2026-07-22,2026-07-22T06:00:00+02:00,2026-07-23T06:00:00+02:00,Nomination,day,21422304.0,kWh/d,NL-TSO-0001,LNG-00068,entry,,2026-07-21T16:02:49+02:00
2026-09-03T00:16:49+00:00,eems,2026-07-23,2026-07-23T06:00:00+02:00,2026-07-24T06:00:00+02:00,Nomination,day,21422304.0,kWh/d,NL-TSO-0001,LNG-00068,entry,,2026-07-22T15:57:29+02:00
2026-09-03T00:16:49+00:00,eems,2026-07-24,2026-07-24T06:00:00+02:00,2026-07-25T06:00:00+02:00,Nomination,day,21422328.0,kWh/d,NL-TSO-0001,LNG-00068,entry,,2026-07-23T16:07:10+02:00
2026-09-03T00:16:49+00:00,eems,2026-07-25,2026-07-25T06:00:00+02:00,2026-07-26T06:00:00+02:00,Nomination,day,22455384.0,kWh/d,NL-TSO-0001,LNG-00068,entry,,2026-07-24T15:53:29+02:00
2026-09-03T00:16:49+00:00,eems,2026-07-26,2026-07-26T06:00:00+02:00,2026-07-27T06:00:00+02:00,Nomination,day,22455384.0,kWh/d,NL-TSO-0001,LNG-00068,entry,,2026-07-25T16:12:29+02:00
2026-09-03T00:16:49+00:00,eems,2026-07-27,2026-07-27T06:00:00+02:00,2026-07-28T06:00:00+02:00,Nomination,day,22455384.0,kWh/d,NL-TSO-0001,LNG-00068,entry,,2026-07-26T16:06:30+02:00
2026-09-03T00:16:49+00:00,eems,2026-07-28,2026-07-28T06:00:00+02:00,2026-07-29T06:00:00+02:00,Nomination,day,19877688.0,kWh/d,NL-TSO-0001,LNG-00068,entry,,2026-07-27T15:58:49+02:00
2026-09-03T00:16:49+00:00,eems,2026-07-29,2026-07-29T06:00:00+02:00,2026-07-30T06:00:00+02:00,Nomination,day,17299992.0,kWh/d,NL-TSO-0001,LNG-00068,entry,,2026-07-28T16:16:49+02:00
2026-09-03T00:16:49+00:00,eems,2026-07-30,2026-07-30T06:00:00+02:00,2026-07-31T06:00:00+02:00,Nomination,day,17299992.0,kWh/d,NL-TSO-0001,LNG-00068,entry,,2026-07-29T16:16:29+02:00
2026-09-03T00:16:49+00:00,eems,2026-07-31,2026-07-31T06:00:00+02:00,2026-08-01T06:00:00+02:00,Nomination,day,17299992.0,kWh/d,NL-TSO-0001,LNG-00068,entry,,2026-07-30T16:20:10+02:00
2026-09-03T00:16:49+00:00,eems,2026-08-01,2026-08-01T06:00:00+02:00,2026-08-02T06:00:00+02:00,Nomination,day,17299992.0,kWh/d,NL-TSO-0001,LNG-00068,entry,,2026-07-31T16:28:49+02:00
2026-09-03T00:16:49+00:00,eems,2026-08-02,2026-08-02T06:00:00+02:00,2026-08-03T06:00:00+02:00,Nomination,day,17299992.0,kWh/d,NL-TSO-0001,LNG-00068,entry,,2026-08-01T16:45:29+02:00
2026-09-03T00:16:49+00:00,eems,2026-08-03,2026-08-03T06:00:00+02:00,2026-08-04T06:00:00+02:00,Nomination,day,17299992.0,kWh/d,NL-TSO-0001,LNG-00068,entry,,2026-08-02T16:08:31+02:00
2026-09-03T00:16:49+00:00,eems,2026-08-04,2026-08-04T06:00:00+02:00,2026-08-05T06:00:00+02:00,Nomination,day,63861720.0,kWh/d,NL-TSO-0001,LNG-00068,entry,,2026-08-03T16:31:19+02:00
2026-09-03T00:16:49+00:00,eems,2026-08-05,2026-08-05T06:00:00+02:00,2026-08-06T06:00:00+02:00,Nomination,day,110423496.0,kWh/d,NL-TSO-0001,LNG-00068,entry,,2026-08-04T16:19:50+02:00
2026-09-03T00:16:49+00:00,eems,2026-08-06,2026-08-06T06:00:00+02:00,2026-08-07T06:00:00+02:00,Nomination,day,92136384.0,kWh/d,NL-TSO-0001,LNG-00068,entry,,2026-08-05T16:04:29+02:00
2026-09-03T00:16:49+00:00,eems,2026-08-07,2026-08-07T06:00:00+02:00,2026-08-08T06:00:00+02:00,Nomination,day,198415032.0,kWh/d,NL-TSO-0001,LNG-00068,entry,,2026-08-06T16:10:30+02:00
2026-09-03T00:16:49+00:00,eems,2026-08-08,2026-08-08T06:00:00+02:00,2026-08-09T06:00:00+02:00,Nomination,day,252493152.0,kWh/d,NL-TSO-0001,LNG-00068,entry,,2026-08-07T16:19:49+02:00
2026-09-03T00:16:49+00:00,eems,2026-08-09,2026-08-09T06:00:00+02:00,2026-08-10T06:00:00+02:00,Nomination,day,252493152.0,kWh/d,NL-TSO-0001,LNG-00068,entry,,2026-08-08T15:53:50+02:00
2026-09-03T00:16:49+00:00,eems,2026-08-10,2026-08-10T06:00:00+02:00,2026-08-11T06:00:00+02:00,Nomination,day,252493152.0,kWh/d,NL-TSO-0001,LNG-00068,entry,,2026-08-09T16:15:10+02:00
2026-09-03T00:16:49+00:00,eems,2026-08-11,2026-08-11T06:00:00+02:00,2026-08-12T06:00:00+02:00,Nomination,day,252493152.0,kWh/d,NL-TSO-0001,LNG-00068,entry,,2026-08-10T16:26:50+02:00
2026-09-03T00:16:49+00:00,eems,2026-08-12,2026-08-12T06:00:00+02:00,2026-08-13T06:00:00+02:00,Nomination,day,277528128.0,kWh/d,NL-TSO-0001,LNG-00068,entry,,2026-08-11T16:15:30+02:00
2026-09-03T00:16:49+00:00,eems,2026-08-13,2026-08-13T06:00:00+02:00,2026-08-14T06:00:00+02:00,Nomination,day,277528128.0,kWh/d,NL-TSO-0001,LNG-00068,entry,,2026-08-12T16:05:10+02:00
2026-09-03T00:16:49+00:00,eems,2026-08-14,2026-08-14T06:00:00+02:00,2026-08-15T06:00:00+02:00,Nomination,day,279035112.0,kWh/d,NL-TSO-0001,LNG-00068,entry,,2026-08-13T16:25:32+02:00
2026-09-03T00:16:49+00:00,eems,2026-08-15,2026-08-15T06:00:00+02:00,2026-08-16T06:00:00+02:00,Nomination,day,307117728.0,kWh/d,NL-TSO-0001,LNG-00068,entry,,2026-08-14T16:11:50+02:00
2026-09-03T00:16:49+00:00,eems,2026-08-16,2026-08-16T06:00:00+02:00,2026-08-17T06:00:00+02:00,Nomination,day,307117728.0,kWh/d,NL-TSO-0001,LNG-00068,entry,,2026-08-15T16:04:50+02:00
2026-09-03T00:16:49+00:00,eems,2026-08-17,2026-08-17T06:00:00+02:00,2026-08-18T06:00:00+02:00,Nomination,day,307117728.0,kWh/d,NL-TSO-0001,LNG-00068,entry,,2026-08-16T15:58:10+02:00
2026-09-03T00:16:49+00:00,eems,2026-08-18,2026-08-18T06:00:00+02:00,2026-08-19T06:00:00+02:00,Nomination,day,181912080.0,kWh/d,NL-TSO-0001,LNG-00068,entry,,2026-08-17T15:56:10+02:00
2026-09-03T00:16:49+00:00,eems,2026-08-19,2026-08-19T06:00:00+02:00,2026-08-20T06:00:00+02:00,Nomination,day,219491280.0,kWh/d,NL-TSO-0001,LNG-00068,entry,,2026-08-19T15:51:11+02:00
2026-09-03T00:16:49+00:00,eems,2026-08-20,2026-08-20T06:00:00+02:00,2026-08-21T06:00:00+02:00,Nomination,day,219491280.0,kWh/d,NL-TSO-0001,LNG-00068,entry,,2026-08-19T15:51:11+02:00
2026-09-03T00:16:49+00:00,eems,2026-08-21,2026-08-21T06:00:00+02:00,2026-08-22T06:00:00+02:00,Nomination,day,218592144.0,kWh/d,NL-TSO-0001,LNG-00068,entry,,2026-08-20T16:15:29+02:00
2026-09-03T00:16:49+00:00,eems,2026-08-22,2026-08-22T06:00:00+02:00,2026-08-23T06:00:00+02:00,Nomination,day,174018192.0,kWh/d,NL-TSO-0001,LNG-00068,entry,,2026-08-22T15:59:10+02:00
2026-09-03T00:16:49+00:00,eems,2026-08-23,2026-08-23T06:00:00+02:00,2026-08-24T06:00:00+02:00,Nomination,day,174018192.0,kWh/d,NL-TSO-0001,LNG-00068,entry,,2026-08-22T15:59:10+02:00
2026-09-03T00:16:49+00:00,eems,2026-08-24,2026-08-24T06:00:00+02:00,2026-08-25T06:00:00+02:00,Nomination,day,188784288.0,kWh/d,NL-TSO-0001,LNG-00068,entry,,2026-08-23T16:05:30+02:00
2026-09-03T00:16:49+00:00,eems,2026-08-25,2026-08-25T06:00:00+02:00,2026-08-26T06:00:00+02:00,Nomination,day,188784288.0,kWh/d,NL-TSO-0001,LNG-00068,entry,,2026-08-24T16:06:51+02:00
2026-09-03T00:16:49+00:00,eems,2026-08-26,2026-08-26T06:00:00+02:00,2026-08-27T06:00:00+02:00,Nomination,day,52216872.0,kWh/d,NL-TSO-0001,LNG-00068,entry,,2026-08-26T16:02:30+02:00
2026-09-03T00:16:49+00:00,eems,2026-08-27,2026-08-27T06:00:00+02:00,2026-08-28T06:00:00+02:00,Nomination,day,49482096.0,kWh/d,NL-TSO-0001,LNG-00068,entry,,2026-08-26T16:02:30+02:00
2026-09-03T00:16:49+00:00,eems,2026-08-28,2026-08-28T06:00:00+02:00,2026-08-29T06:00:00+02:00,Nomination,day,249265224.0,kWh/d,NL-TSO-0001,LNG-00068,entry,,2026-08-27T16:11:55+02:00
2026-09-03T00:16:49+00:00,eems,2026-08-29,2026-08-29T06:00:00+02:00,2026-08-30T06:00:00+02:00,Nomination,day,0.0,kWh/d,NL-TSO-0001,LNG-00068,entry,,2026-08-28T16:12:49+02:00
2026-09-03T00:16:49+00:00,eems,2026-08-30,2026-08-30T06:00:00+02:00,2026-08-31T06:00:00+02:00,Nomination,day,299519904.0,kWh/d,NL-TSO-0001,LNG-00068,entry,,2026-08-29T16:03:49+02:00
2026-09-03T00:16:49+00:00,eems,2026-08-31,2026-08-31T06:00:00+02:00,2026-09-01T06:00:00+02:00,Nomination,day,299519904.0,kWh/d,NL-TSO-0001,LNG-00068,entry,,2026-08-30T16:00:30+02:00
2026-09-03T00:16:49+00:00,eems,2026-09-01,2026-09-01T06:00:00+02:00,2026-09-02T06:00:00+02:00,Nomination,day,0.0,kWh/d,NL-TSO-0001,LNG-00068,entry,,2026-08-31T16:04:50+02:00
2026-09-03T00:16:49+00:00,eems,2026-09-02,2026-09-02T06:00:00+02:00,2026-09-03T06:00:00+02:00,Nomination,day,159583128.0,kWh/d,NL-TSO-0001,LNG-00068,entry,,2026-09-01T16:05:30+02:00
2026-09-03T00:16:49+00:00,eems,2026-09-03,2026-09-03T06:00:00+02:00,2026-09-04T06:00:00+02:00,Nomination,day,314678928.0,kWh/d,NL-TSO-0001,LNG-00068,entry,,2026-09-02T16:16:24+02:00
2026-09-03T00:16:49+00:00,zeebrugge,2026-07-20,2026-07-20T06:00:00+02:00,2026-07-21T06:00:00+02:00,Nomination,day,121968000.0,kWh/d,BE-TSO-0001,LNG-00017,entry,,2026-07-20T15:23:31+02:00
2026-09-03T00:16:49+00:00,zeebrugge,2026-07-21,2026-07-21T06:00:00+02:00,2026-07-22T06:00:00+02:00,Nomination,day,360000.0,kWh/d,BE-TSO-0001,LNG-00017,entry,,2026-07-21T15:22:30+02:00
2026-09-03T00:16:49+00:00,zeebrugge,2026-07-22,2026-07-22T06:00:00+02:00,2026-07-23T06:00:00+02:00,Nomination,day,360000.0,kWh/d,BE-TSO-0001,LNG-00017,entry,,2026-07-22T15:23:09+02:00
2026-09-03T00:16:49+00:00,zeebrugge,2026-07-23,2026-07-23T06:00:00+02:00,2026-07-24T06:00:00+02:00,Nomination,day,360000.0,kWh/d,BE-TSO-0001,LNG-00017,entry,,2026-07-23T15:21:30+02:00
2026-09-03T00:16:49+00:00,zeebrugge,2026-07-24,2026-07-24T06:00:00+02:00,2026-07-25T06:00:00+02:00,Nomination,day,360000.0,kWh/d,BE-TSO-0001,LNG-00017,entry,,2026-07-24T15:27:09+02:00
2026-09-03T00:16:49+00:00,zeebrugge,2026-07-25,2026-07-25T06:00:00+02:00,2026-07-26T06:00:00+02:00,Nomination,day,360000.0,kWh/d,BE-TSO-0001,LNG-00017,entry,,2026-07-25T15:07:49+02:00
2026-09-03T00:16:49+00:00,zeebrugge,2026-07-26,2026-07-26T06:00:00+02:00,2026-07-27T06:00:00+02:00,Nomination,day,119184000.0,kWh/d,BE-TSO-0001,LNG-00017,entry,,2026-07-26T15:15:50+02:00
2026-09-03T00:16:49+00:00,zeebrugge,2026-07-27,2026-07-27T06:00:00+02:00,2026-07-28T06:00:00+02:00,Nomination,day,119184000.0,kWh/d,BE-TSO-0001,LNG-00017,entry,,2026-07-27T15:21:09+02:00
2026-09-03T00:16:49+00:00,zeebrugge,2026-07-28,2026-07-28T06:00:00+02:00,2026-07-29T06:00:00+02:00,Nomination,day,360000.0,kWh/d,BE-TSO-0001,LNG-00017,entry,,2026-07-28T15:17:30+02:00
2026-09-03T00:16:49+00:00,zeebrugge,2026-07-29,2026-07-29T06:00:00+02:00,2026-07-30T06:00:00+02:00,Nomination,day,360000.0,kWh/d,BE-TSO-0001,LNG-00017,entry,,2026-07-29T15:21:10+02:00
2026-09-03T00:16:49+00:00,zeebrugge,2026-07-30,2026-07-30T06:00:00+02:00,2026-07-31T06:00:00+02:00,Nomination,day,360000.0,kWh/d,BE-TSO-0001,LNG-00017,entry,,2026-07-30T15:17:50+02:00
2026-09-03T00:16:49+00:00,zeebrugge,2026-07-31,2026-07-31T06:00:00+02:00,2026-08-01T06:00:00+02:00,Nomination,day,360000.0,kWh/d,BE-TSO-0001,LNG-00017,entry,,2026-07-31T15:07:30+02:00
2026-09-03T00:16:49+00:00,zeebrugge,2026-08-01,2026-08-01T06:00:00+02:00,2026-08-02T06:00:00+02:00,Nomination,day,17051352.0,kWh/d,BE-TSO-0001,LNG-00017,entry,,2026-08-01T15:16:50+02:00
2026-09-03T00:16:49+00:00,zeebrugge,2026-08-02,2026-08-02T06:00:00+02:00,2026-08-03T06:00:00+02:00,Nomination,day,225772848.0,kWh/d,BE-TSO-0001,LNG-00017,entry,,2026-08-02T15:29:10+02:00
2026-09-03T00:16:49+00:00,zeebrugge,2026-08-03,2026-08-03T06:00:00+02:00,2026-08-04T06:00:00+02:00,Nomination,day,18011352.0,kWh/d,BE-TSO-0001,LNG-00017,entry,,2026-08-03T15:03:50+02:00
2026-09-03T00:16:49+00:00,zeebrugge,2026-08-04,2026-08-04T06:00:00+02:00,2026-08-05T06:00:00+02:00,Nomination,day,17051352.0,kWh/d,BE-TSO-0001,LNG-00017,entry,,2026-08-04T15:18:50+02:00
2026-09-03T00:16:49+00:00,zeebrugge,2026-08-05,2026-08-05T06:00:00+02:00,2026-08-06T06:00:00+02:00,Nomination,day,17051352.0,kWh/d,BE-TSO-0001,LNG-00017,entry,,2026-08-05T15:15:29+02:00
2026-09-03T00:16:49+00:00,zeebrugge,2026-08-06,2026-08-06T06:00:00+02:00,2026-08-07T06:00:00+02:00,Nomination,day,17051352.0,kWh/d,BE-TSO-0001,LNG-00017,entry,,2026-08-06T15:25:30+02:00
2026-09-03T00:16:49+00:00,zeebrugge,2026-08-07,2026-08-07T06:00:00+02:00,2026-08-08T06:00:00+02:00,Nomination,day,17051352.0,kWh/d,BE-TSO-0001,LNG-00017,entry,,2026-08-07T15:17:30+02:00
2026-09-03T00:16:49+00:00,zeebrugge,2026-08-08,2026-08-08T06:00:00+02:00,2026-08-09T06:00:00+02:00,Nomination,day,17051352.0,kWh/d,BE-TSO-0001,LNG-00017,entry,,2026-08-08T15:10:29+02:00
2026-09-03T00:16:49+00:00,zeebrugge,2026-08-09,2026-08-09T06:00:00+02:00,2026-08-10T06:00:00+02:00,Nomination,day,18011352.0,kWh/d,BE-TSO-0001,LNG-00017,entry,,2026-08-09T15:08:29+02:00
2026-09-03T00:16:49+00:00,zeebrugge,2026-08-10,2026-08-10T06:00:00+02:00,2026-08-11T06:00:00+02:00,Nomination,day,18011352.0,kWh/d,BE-TSO-0001,LNG-00017,entry,,2026-08-10T15:13:50+02:00
2026-09-03T00:16:49+00:00,zeebrugge,2026-08-11,2026-08-11T06:00:00+02:00,2026-08-12T06:00:00+02:00,Nomination,day,17051280.0,kWh/d,BE-TSO-0001,LNG-00017,entry,,2026-08-11T15:13:30+02:00
2026-09-03T00:16:49+00:00,zeebrugge,2026-08-12,2026-08-12T06:00:00+02:00,2026-08-13T06:00:00+02:00,Nomination,day,17051352.0,kWh/d,BE-TSO-0001,LNG-00017,entry,,2026-08-12T15:13:30+02:00
2026-09-03T00:16:49+00:00,zeebrugge,2026-08-13,2026-08-13T06:00:00+02:00,2026-08-14T06:00:00+02:00,Nomination,day,17051352.0,kWh/d,BE-TSO-0001,LNG-00017,entry,,2026-08-13T15:15:09+02:00
2026-09-03T00:16:49+00:00,zeebrugge,2026-08-14,2026-08-14T06:00:00+02:00,2026-08-15T06:00:00+02:00,Nomination,day,17051352.0,kWh/d,BE-TSO-0001,LNG-00017,entry,,2026-08-14T15:11:29+02:00
2026-09-03T00:16:49+00:00,zeebrugge,2026-08-15,2026-08-15T06:00:00+02:00,2026-08-16T06:00:00+02:00,Nomination,day,17051352.0,kWh/d,BE-TSO-0001,LNG-00017,entry,,2026-08-15T15:13:29+02:00
2026-09-03T00:16:49+00:00,zeebrugge,2026-08-16,2026-08-16T06:00:00+02:00,2026-08-17T06:00:00+02:00,Nomination,day,18364344.0,kWh/d,BE-TSO-0001,LNG-00017,entry,,2026-08-16T15:10:10+02:00
2026-09-03T00:16:49+00:00,zeebrugge,2026-08-17,2026-08-17T06:00:00+02:00,2026-08-18T06:00:00+02:00,Nomination,day,20387352.0,kWh/d,BE-TSO-0001,LNG-00017,entry,,2026-08-17T15:03:51+02:00
2026-09-03T00:16:49+00:00,zeebrugge,2026-08-18,2026-08-18T06:00:00+02:00,2026-08-19T06:00:00+02:00,Nomination,day,17051352.0,kWh/d,BE-TSO-0001,LNG-00017,entry,,2026-08-18T15:26:53+02:00
2026-09-03T00:16:49+00:00,zeebrugge,2026-08-19,2026-08-19T06:00:00+02:00,2026-08-20T06:00:00+02:00,Nomination,day,17051352.0,kWh/d,BE-TSO-0001,LNG-00017,entry,,2026-08-19T15:13:50+02:00
2026-09-03T00:16:49+00:00,zeebrugge,2026-08-20,2026-08-20T06:00:00+02:00,2026-08-21T06:00:00+02:00,Nomination,day,17051352.0,kWh/d,BE-TSO-0001,LNG-00017,entry,,2026-08-20T15:14:10+02:00
2026-09-03T00:16:49+00:00,zeebrugge,2026-08-21,2026-08-21T06:00:00+02:00,2026-08-22T06:00:00+02:00,Nomination,day,17051352.0,kWh/d,BE-TSO-0001,LNG-00017,entry,,2026-08-21T15:22:30+02:00
2026-09-03T00:16:49+00:00,zeebrugge,2026-08-22,2026-08-22T06:00:00+02:00,2026-08-23T06:00:00+02:00,Nomination,day,17051352.0,kWh/d,BE-TSO-0001,LNG-00017,entry,,2026-08-22T15:15:10+02:00
2026-09-03T00:16:49+00:00,zeebrugge,2026-08-23,2026-08-23T06:00:00+02:00,2026-08-24T06:00:00+02:00,Nomination,day,17935344.0,kWh/d,BE-TSO-0001,LNG-00017,entry,,2026-08-23T15:17:31+02:00
2026-09-03T00:16:49+00:00,zeebrugge,2026-08-24,2026-08-24T06:00:00+02:00,2026-08-25T06:00:00+02:00,Nomination,day,21179352.0,kWh/d,BE-TSO-0001,LNG-00017,entry,,2026-08-24T15:05:09+02:00
2026-09-03T00:16:49+00:00,zeebrugge,2026-08-25,2026-08-25T06:00:00+02:00,2026-08-26T06:00:00+02:00,Nomination,day,360000.0,kWh/d,BE-TSO-0001,LNG-00017,entry,,2026-08-25T15:26:50+02:00
2026-09-03T00:16:49+00:00,zeebrugge,2026-08-26,2026-08-26T06:00:00+02:00,2026-08-27T06:00:00+02:00,Nomination,day,17051352.0,kWh/d,BE-TSO-0001,LNG-00017,entry,,2026-08-26T15:11:49+02:00
2026-09-03T00:16:49+00:00,zeebrugge,2026-08-27,2026-08-27T06:00:00+02:00,2026-08-28T06:00:00+02:00,Nomination,day,32092944.0,kWh/d,BE-TSO-0001,LNG-00017,entry,,2026-08-27T15:17:50+02:00
2026-09-03T00:16:49+00:00,zeebrugge,2026-08-28,2026-08-28T06:00:00+02:00,2026-08-29T06:00:00+02:00,Nomination,day,32092728.0,kWh/d,BE-TSO-0001,LNG-00017,entry,,2026-08-28T15:17:10+02:00
2026-09-03T00:16:49+00:00,zeebrugge,2026-08-29,2026-08-29T06:00:00+02:00,2026-08-30T06:00:00+02:00,Nomination,day,32092728.0,kWh/d,BE-TSO-0001,LNG-00017,entry,,2026-08-29T15:15:51+02:00
2026-09-03T00:16:49+00:00,zeebrugge,2026-08-30,2026-08-30T06:00:00+02:00,2026-08-31T06:00:00+02:00,Nomination,day,151625760.0,kWh/d,BE-TSO-0001,LNG-00017,entry,,2026-08-30T15:03:30+02:00
2026-09-03T00:16:49+00:00,zeebrugge,2026-08-31,2026-08-31T06:00:00+02:00,2026-09-01T06:00:00+02:00,Nomination,day,154692912.0,kWh/d,BE-TSO-0001,LNG-00017,entry,,2026-08-31T15:09:50+02:00
2026-09-03T00:16:49+00:00,zeebrugge,2026-09-01,2026-09-01T06:00:00+02:00,2026-09-02T06:00:00+02:00,Nomination,day,193104263.0,kWh/d,BE-TSO-0001,LNG-00017,entry,,2026-09-01T15:08:49+02:00
2026-09-03T00:16:49+00:00,zeebrugge,2026-09-02,2026-09-02T06:00:00+02:00,2026-09-03T06:00:00+02:00,Nomination,day,220244543.0,kWh/d,BE-TSO-0001,LNG-00017,entry,,2026-09-02T15:21:09+02:00
2026-09-03T00:16:49+00:00,zeebrugge,2026-09-03,2026-09-03T06:00:00+02:00,2026-09-04T06:00:00+02:00,Nomination,day,257975233.0,kWh/d,BE-TSO-0001,LNG-00017,entry,,2026-09-02T15:21:09+02:00
2026-09-03T00:16:49+00:00,dunkerque,2026-07-20,2026-07-20T06:00:00+02:00,2026-07-21T06:00:00+02:00,Nomination,day,136331568.0,kWh/d,FR-TSO-0003,LNG-00003,entry,,2026-07-21T15:22:30+02:00
2026-09-03T00:16:49+00:00,dunkerque,2026-07-21,2026-07-21T06:00:00+02:00,2026-07-22T06:00:00+02:00,Nomination,day,80324256.0,kWh/d,FR-TSO-0003,LNG-00003,entry,,2026-07-22T15:23:09+02:00
2026-09-03T00:16:49+00:00,dunkerque,2026-07-22,2026-07-22T06:00:00+02:00,2026-07-23T06:00:00+02:00,Nomination,day,81830640.0,kWh/d,FR-TSO-0003,LNG-00003,entry,,2026-07-23T15:21:30+02:00
2026-09-03T00:16:49+00:00,dunkerque,2026-07-23,2026-07-23T06:00:00+02:00,2026-07-24T06:00:00+02:00,Nomination,day,84230640.0,kWh/d,FR-TSO-0003,LNG-00003,entry,,2026-07-24T15:27:09+02:00
2026-09-03T00:16:49+00:00,dunkerque,2026-07-24,2026-07-24T06:00:00+02:00,2026-07-25T06:00:00+02:00,Nomination,day,84230640.0,kWh/d,FR-TSO-0003,LNG-00003,entry,,2026-07-25T15:07:49+02:00
2026-09-03T00:16:49+00:00,dunkerque,2026-07-25,2026-07-25T06:00:00+02:00,2026-07-26T06:00:00+02:00,Nomination,day,76598640.0,kWh/d,FR-TSO-0003,LNG-00003,entry,,2026-07-26T15:15:50+02:00
2026-09-03T00:16:49+00:00,dunkerque,2026-07-26,2026-07-26T06:00:00+02:00,2026-07-27T06:00:00+02:00,Nomination,day,153806640.0,kWh/d,FR-TSO-0003,LNG-00003,entry,,2026-07-27T15:21:09+02:00
2026-09-03T00:16:49+00:00,dunkerque,2026-07-27,2026-07-27T06:00:00+02:00,2026-07-28T06:00:00+02:00,Nomination,day,163238640.0,kWh/d,FR-TSO-0003,LNG-00003,entry,,2026-07-28T15:17:30+02:00
2026-09-03T00:16:49+00:00,dunkerque,2026-07-28,2026-07-28T06:00:00+02:00,2026-07-29T06:00:00+02:00,Nomination,day,165332256.0,kWh/d,FR-TSO-0003,LNG-00003,entry,,2026-07-29T15:21:10+02:00
2026-09-03T00:16:49+00:00,dunkerque,2026-07-29,2026-07-29T06:00:00+02:00,2026-07-30T06:00:00+02:00,Nomination,day,166838640.0,kWh/d,FR-TSO-0003,LNG-00003,entry,,2026-07-30T15:17:50+02:00
2026-09-03T00:16:49+00:00,dunkerque,2026-07-30,2026-07-30T06:00:00+02:00,2026-07-31T06:00:00+02:00,Nomination,day,166838640.0,kWh/d,FR-TSO-0003,LNG-00003,entry,,2026-07-31T15:07:30+02:00
2026-09-03T00:16:49+00:00,dunkerque,2026-07-31,2026-07-31T06:00:00+02:00,2026-08-01T06:00:00+02:00,Nomination,day,165332256.0,kWh/d,FR-TSO-0003,LNG-00003,entry,,2026-08-01T15:16:50+02:00
2026-09-03T00:16:49+00:00,dunkerque,2026-08-01,2026-08-01T06:00:00+02:00,2026-08-02T06:00:00+02:00,Nomination,day,143655096.0,kWh/d,FR-TSO-0003,LNG-00003,entry,,2026-08-02T15:29:10+02:00
2026-09-03T00:16:49+00:00,dunkerque,2026-08-02,2026-08-02T06:00:00+02:00,2026-08-03T06:00:00+02:00,Nomination,day,177971520.0,kWh/d,FR-TSO-0003,LNG-00003,entry,,2026-08-03T15:03:50+02:00
2026-09-03T00:16:49+00:00,dunkerque,2026-08-03,2026-08-03T06:00:00+02:00,2026-08-04T06:00:00+02:00,Nomination,day,217473528.0,kWh/d,FR-TSO-0003,LNG-00003,entry,,2026-08-04T15:18:50+02:00
2026-09-03T00:16:49+00:00,dunkerque,2026-08-04,2026-08-04T06:00:00+02:00,2026-08-05T06:00:00+02:00,Nomination,day,183119496.0,kWh/d,FR-TSO-0003,LNG-00003,entry,,2026-08-05T15:15:29+02:00
2026-09-03T00:16:49+00:00,dunkerque,2026-08-05,2026-08-05T06:00:00+02:00,2026-08-06T06:00:00+02:00,Nomination,day,187328526.0,kWh/d,FR-TSO-0003,LNG-00003,entry,,2026-08-06T15:25:30+02:00
2026-09-03T00:16:49+00:00,dunkerque,2026-08-06,2026-08-06T06:00:00+02:00,2026-08-07T06:00:00+02:00,Nomination,day,183153528.0,kWh/d,FR-TSO-0003,LNG-00003,entry,,2026-08-07T15:17:30+02:00
2026-09-03T00:16:49+00:00,dunkerque,2026-08-07,2026-08-07T06:00:00+02:00,2026-08-08T06:00:00+02:00,Nomination,day,195153696.0,kWh/d,FR-TSO-0003,LNG-00003,entry,,2026-08-08T15:10:29+02:00
2026-09-03T00:16:49+00:00,dunkerque,2026-08-08,2026-08-08T06:00:00+02:00,2026-08-09T06:00:00+02:00,Nomination,day,193647312.0,kWh/d,FR-TSO-0003,LNG-00003,entry,,2026-08-09T15:08:29+02:00
2026-09-03T00:16:49+00:00,dunkerque,2026-08-09,2026-08-09T06:00:00+02:00,2026-08-10T06:00:00+02:00,Nomination,day,183153696.0,kWh/d,FR-TSO-0003,LNG-00003,entry,,2026-08-10T15:13:50+02:00
2026-09-03T00:16:49+00:00,dunkerque,2026-08-10,2026-08-10T06:00:00+02:00,2026-08-11T06:00:00+02:00,Nomination,day,217473696.0,kWh/d,FR-TSO-0003,LNG-00003,entry,,2026-08-11T15:13:30+02:00
2026-09-03T00:16:49+00:00,dunkerque,2026-08-11,2026-08-11T06:00:00+02:00,2026-08-12T06:00:00+02:00,Nomination,day,183153696.0,kWh/d,FR-TSO-0003,LNG-00003,entry,,2026-08-12T15:13:30+02:00
2026-09-03T00:16:49+00:00,dunkerque,2026-08-12,2026-08-12T06:00:00+02:00,2026-08-13T06:00:00+02:00,Nomination,day,189153696.0,kWh/d,FR-TSO-0003,LNG-00003,entry,,2026-08-13T15:15:09+02:00
2026-09-03T00:16:49+00:00,dunkerque,2026-08-13,2026-08-13T06:00:00+02:00,2026-08-14T06:00:00+02:00,Nomination,day,189153696.0,kWh/d,FR-TSO-0003,LNG-00003,entry,,2026-08-14T15:11:29+02:00
2026-09-03T00:16:49+00:00,dunkerque,2026-08-14,2026-08-14T06:00:00+02:00,2026-08-15T06:00:00+02:00,Nomination,day,214764456.0,kWh/d,FR-TSO-0003,LNG-00003,entry,,2026-08-15T15:13:29+02:00
2026-09-03T00:16:49+00:00,dunkerque,2026-08-15,2026-08-15T06:00:00+02:00,2026-08-16T06:00:00+02:00,Nomination,day,183153696.0,kWh/d,FR-TSO-0003,LNG-00003,entry,,2026-08-16T15:10:10+02:00
2026-09-03T00:16:49+00:00,dunkerque,2026-08-16,2026-08-16T06:00:00+02:00,2026-08-17T06:00:00+02:00,Nomination,day,194109768.0,kWh/d,FR-TSO-0003,LNG-00003,entry,,2026-08-17T15:03:51+02:00
2026-09-03T00:16:49+00:00,dunkerque,2026-08-17,2026-08-17T06:00:00+02:00,2026-08-18T06:00:00+02:00,Nomination,day,188251536.0,kWh/d,FR-TSO-0003,LNG-00003,entry,,2026-08-18T15:26:53+02:00
2026-09-03T00:16:49+00:00,dunkerque,2026-08-18,2026-08-18T06:00:00+02:00,2026-08-19T06:00:00+02:00,Nomination,day,294909384.0,kWh/d,FR-TSO-0003,LNG-00003,entry,,2026-08-19T15:13:50+02:00
2026-09-03T00:16:49+00:00,dunkerque,2026-08-19,2026-08-19T06:00:00+02:00,2026-08-20T06:00:00+02:00,Nomination,day,295514856.0,kWh/d,FR-TSO-0003,LNG-00003,entry,,2026-08-20T15:14:10+02:00
2026-09-03T00:16:49+00:00,dunkerque,2026-08-20,2026-08-20T06:00:00+02:00,2026-08-21T06:00:00+02:00,Nomination,day,324014856.0,kWh/d,FR-TSO-0003,LNG-00003,entry,,2026-08-21T15:22:30+02:00
2026-09-03T00:16:49+00:00,dunkerque,2026-08-21,2026-08-21T06:00:00+02:00,2026-08-22T06:00:00+02:00,Nomination,day,317134848.0,kWh/d,FR-TSO-0003,LNG-00003,entry,,2026-08-22T15:15:10+02:00
2026-09-03T00:16:49+00:00,dunkerque,2026-08-22,2026-08-22T06:00:00+02:00,2026-08-23T06:00:00+02:00,Nomination,day,338430312.0,kWh/d,FR-TSO-0003,LNG-00003,entry,,2026-08-23T15:17:31+02:00
2026-09-03T00:16:49+00:00,dunkerque,2026-08-23,2026-08-23T06:00:00+02:00,2026-08-24T06:00:00+02:00,Nomination,day,286908848.0,kWh/d,FR-TSO-0003,LNG-00003,entry,,2026-08-24T15:05:09+02:00
2026-09-03T00:16:49+00:00,dunkerque,2026-08-24,2026-08-24T06:00:00+02:00,2026-08-25T06:00:00+02:00,Nomination,day,366434856.0,kWh/d,FR-TSO-0003,LNG-00003,entry,,2026-08-25T15:26:50+02:00
2026-09-03T00:16:49+00:00,dunkerque,2026-08-25,2026-08-25T06:00:00+02:00,2026-08-26T06:00:00+02:00,Nomination,day,311996760.0,kWh/d,FR-TSO-0003,LNG-00003,entry,,2026-08-26T15:11:49+02:00
2026-09-03T00:16:49+00:00,dunkerque,2026-08-26,2026-08-26T06:00:00+02:00,2026-08-27T06:00:00+02:00,Nomination,day,253941408.0,kWh/d,FR-TSO-0003,LNG-00003,entry,,2026-08-27T15:17:50+02:00
2026-09-03T00:16:49+00:00,dunkerque,2026-08-27,2026-08-27T06:00:00+02:00,2026-08-28T06:00:00+02:00,Nomination,day,188035656.0,kWh/d,FR-TSO-0003,LNG-00003,entry,,2026-08-28T15:17:10+02:00
2026-09-03T00:16:49+00:00,dunkerque,2026-08-28,2026-08-28T06:00:00+02:00,2026-08-29T06:00:00+02:00,Nomination,day,169645536.0,kWh/d,FR-TSO-0003,LNG-00003,entry,,2026-08-29T15:15:51+02:00
2026-09-03T00:16:49+00:00,dunkerque,2026-08-29,2026-08-29T06:00:00+02:00,2026-08-30T06:00:00+02:00,Nomination,day,160835352.0,kWh/d,FR-TSO-0003,LNG-00003,entry,,2026-08-30T15:03:30+02:00
2026-09-03T00:16:49+00:00,dunkerque,2026-08-30,2026-08-30T06:00:00+02:00,2026-08-31T06:00:00+02:00,Nomination,day,169835352.0,kWh/d,FR-TSO-0003,LNG-00003,entry,,2026-08-31T15:09:50+02:00
2026-09-03T00:16:49+00:00,dunkerque,2026-08-31,2026-08-31T06:00:00+02:00,2026-09-01T06:00:00+02:00,Nomination,day,167221348.0,kWh/d,FR-TSO-0003,LNG-00003,entry,,2026-09-01T15:08:49+02:00
2026-09-03T00:16:49+00:00,dunkerque,2026-09-01,2026-09-01T06:00:00+02:00,2026-09-02T06:00:00+02:00,Nomination,day,154772536.0,kWh/d,FR-TSO-0003,LNG-00003,entry,,2026-09-02T15:21:09+02:00
2026-09-03T00:16:49+00:00,dunkerque,2026-09-02,2026-09-02T06:00:00+02:00,2026-09-03T06:00:00+02:00,Nomination,day,157948032.0,kWh/d,FR-TSO-0003,LNG-00003,entry,,2026-09-02T15:21:09+02:00
2026-09-03T00:16:49+00:00,dunkerque,2026-09-03,2026-09-03T06:00:00+02:00,2026-09-04T06:00:00+02:00,Nomination,day,,kWh/d,FR-TSO-0003,LNG-00003,entry,,2026-09-02T15:21:09+02:00
2026-09-03T00:16:49+00:00,dunkerque,2026-09-04,2026-09-04T06:00:00+02:00,2026-09-05T06:00:00+02:00,Nomination,day,,kWh/d,FR-TSO-0003,LNG-00003,entry,,2026-09-02T15:21:09+02:00
2026-09-03T00:16:49+00:00,grain,2026-07-20,2026-07-20T06:00:00+02:00,2026-07-21T06:00:00+02:00,Nomination,day,0.0,kWh/d,UK-TSO-0001,LNG-00008,entry,,2026-07-20T17:53:09+02:00
2026-09-03T00:16:49+00:00,grain,2026-07-21,2026-07-21T06:00:00+02:00,2026-07-22T06:00:00+02:00,Nomination,day,0.0,kWh/d,UK-TSO-0001,LNG-00008,entry,,2026-07-21T17:51:29+02:00
2026-09-03T00:16:49+00:00,grain,2026-07-22,2026-07-22T06:00:00+02:00,2026-07-23T06:00:00+02:00,Nomination,day,0.0,kWh/d,UK-TSO-0001,LNG-00008,entry,,2026-07-22T17:54:09+02:00
2026-09-03T00:16:49+00:00,grain,2026-07-23,2026-07-23T06:00:00+02:00,2026-07-24T06:00:00+02:00,Nomination,day,0.0,kWh/d,UK-TSO-0001,LNG-00008,entry,,2026-07-23T17:53:09+02:00
2026-09-03T00:16:49+00:00,grain,2026-07-24,2026-07-24T06:00:00+02:00,2026-07-25T06:00:00+02:00,Nomination,day,0.0,kWh/d,UK-TSO-0001,LNG-00008,entry,,2026-07-24T17:53:29+02:00
2026-09-03T00:16:49+00:00,grain,2026-07-25,2026-07-25T06:00:00+02:00,2026-07-26T06:00:00+02:00,Nomination,day,0.0,kWh/d,UK-TSO-0001,LNG-00008,entry,,2026-07-25T17:52:30+02:00
2026-09-03T00:16:49+00:00,grain,2026-07-26,2026-07-26T06:00:00+02:00,2026-07-27T06:00:00+02:00,Nomination,day,0.0,kWh/d,UK-TSO-0001,LNG-00008,entry,,2026-07-26T17:53:09+02:00
2026-09-03T00:16:49+00:00,grain,2026-07-27,2026-07-27T06:00:00+02:00,2026-07-28T06:00:00+02:00,Nomination,day,0.0,kWh/d,UK-TSO-0001,LNG-00008,entry,,2026-07-27T17:53:10+02:00
2026-09-03T00:16:49+00:00,grain,2026-07-28,2026-07-28T06:00:00+02:00,2026-07-29T06:00:00+02:00,Nomination,day,0.0,kWh/d,UK-TSO-0001,LNG-00008,entry,,2026-07-28T17:51:30+02:00
2026-09-03T00:16:49+00:00,grain,2026-07-29,2026-07-29T06:00:00+02:00,2026-07-30T06:00:00+02:00,Nomination,day,0.0,kWh/d,UK-TSO-0001,LNG-00008,entry,,2026-07-29T17:51:29+02:00
2026-09-03T00:16:49+00:00,grain,2026-07-30,2026-07-30T06:00:00+02:00,2026-07-31T06:00:00+02:00,Nomination,day,0.0,kWh/d,UK-TSO-0001,LNG-00008,entry,,2026-07-30T17:52:50+02:00
2026-09-03T00:16:49+00:00,grain,2026-07-31,2026-07-31T06:00:00+02:00,2026-08-01T06:00:00+02:00,Nomination,day,0.0,kWh/d,UK-TSO-0001,LNG-00008,entry,,2026-07-31T17:53:09+02:00
2026-09-03T00:16:49+00:00,grain,2026-08-01,2026-08-01T06:00:00+02:00,2026-08-02T06:00:00+02:00,Nomination,day,0.0,kWh/d,UK-TSO-0001,LNG-00008,entry,,2026-08-01T17:55:29+02:00
2026-09-03T00:16:49+00:00,grain,2026-08-02,2026-08-02T06:00:00+02:00,2026-08-03T06:00:00+02:00,Nomination,day,0.0,kWh/d,UK-TSO-0001,LNG-00008,entry,,2026-08-02T17:56:51+02:00
2026-09-03T00:16:49+00:00,grain,2026-08-03,2026-08-03T06:00:00+02:00,2026-08-04T06:00:00+02:00,Nomination,day,0.0,kWh/d,UK-TSO-0001,LNG-00008,entry,,2026-08-03T17:53:49+02:00
2026-09-03T00:16:49+00:00,grain,2026-08-04,2026-08-04T06:00:00+02:00,2026-08-05T06:00:00+02:00,Nomination,day,0.0,kWh/d,UK-TSO-0001,LNG-00008,entry,,2026-08-04T17:51:09+02:00
2026-09-03T00:16:49+00:00,grain,2026-08-05,2026-08-05T06:00:00+02:00,2026-08-06T06:00:00+02:00,Nomination,day,0.0,kWh/d,UK-TSO-0001,LNG-00008,entry,,2026-08-05T17:53:29+02:00
2026-09-03T00:16:49+00:00,grain,2026-08-06,2026-08-06T06:00:00+02:00,2026-08-07T06:00:00+02:00,Nomination,day,0.0,kWh/d,UK-TSO-0001,LNG-00008,entry,,2026-08-06T17:53:29+02:00
2026-09-03T00:16:49+00:00,grain,2026-08-07,2026-08-07T06:00:00+02:00,2026-08-08T06:00:00+02:00,Nomination,day,0.0,kWh/d,UK-TSO-0001,LNG-00008,entry,,2026-08-07T17:54:09+02:00
2026-09-03T00:16:49+00:00,grain,2026-08-08,2026-08-08T06:00:00+02:00,2026-08-09T06:00:00+02:00,Nomination,day,0.0,kWh/d,UK-TSO-0001,LNG-00008,entry,,2026-08-08T17:53:30+02:00
2026-09-03T00:16:49+00:00,grain,2026-08-09,2026-08-09T06:00:00+02:00,2026-08-10T06:00:00+02:00,Nomination,day,11788200.0,kWh/d,UK-TSO-0001,LNG-00008,entry,,2026-08-09T17:51:09+02:00
2026-09-03T00:16:49+00:00,grain,2026-08-10,2026-08-10T06:00:00+02:00,2026-08-11T06:00:00+02:00,Nomination,day,0.0,kWh/d,UK-TSO-0001,LNG-00008,entry,,2026-08-10T17:51:49+02:00
2026-09-03T00:16:49+00:00,grain,2026-08-11,2026-08-11T06:00:00+02:00,2026-08-12T06:00:00+02:00,Nomination,day,0.0,kWh/d,UK-TSO-0001,LNG-00008,entry,,2026-08-11T17:52:50+02:00
2026-09-03T00:16:49+00:00,grain,2026-08-12,2026-08-12T06:00:00+02:00,2026-08-13T06:00:00+02:00,Nomination,day,0.0,kWh/d,UK-TSO-0001,LNG-00008,entry,,2026-08-12T17:51:49+02:00
2026-09-03T00:16:49+00:00,grain,2026-08-13,2026-08-13T06:00:00+02:00,2026-08-14T06:00:00+02:00,Nomination,day,0.0,kWh/d,UK-TSO-0001,LNG-00008,entry,,2026-08-13T17:54:09+02:00
2026-09-03T00:16:49+00:00,grain,2026-08-14,2026-08-14T06:00:00+02:00,2026-08-15T06:00:00+02:00,Nomination,day,0.0,kWh/d,UK-TSO-0001,LNG-00008,entry,,2026-08-14T17:54:09+02:00
2026-09-03T00:16:49+00:00,grain,2026-08-15,2026-08-15T06:00:00+02:00,2026-08-16T06:00:00+02:00,Nomination,day,0.0,kWh/d,UK-TSO-0001,LNG-00008,entry,,2026-08-15T17:54:29+02:00
2026-09-03T00:16:49+00:00,grain,2026-08-16,2026-08-16T06:00:00+02:00,2026-08-17T06:00:00+02:00,Nomination,day,0.0,kWh/d,UK-TSO-0001,LNG-00008,entry,,2026-08-16T17:51:29+02:00
2026-09-03T00:16:49+00:00,grain,2026-08-17,2026-08-17T06:00:00+02:00,2026-08-18T06:00:00+02:00,Nomination,day,0.0,kWh/d,UK-TSO-0001,LNG-00008,entry,,2026-08-17T17:51:09+02:00
2026-09-03T00:16:49+00:00,grain,2026-08-18,2026-08-18T06:00:00+02:00,2026-08-19T06:00:00+02:00,Nomination,day,0.0,kWh/d,UK-TSO-0001,LNG-00008,entry,,2026-08-18T17:52:49+02:00
2026-09-03T00:16:49+00:00,grain,2026-08-19,2026-08-19T06:00:00+02:00,2026-08-20T06:00:00+02:00,Nomination,day,0.0,kWh/d,UK-TSO-0001,LNG-00008,entry,,2026-08-19T17:53:49+02:00
2026-09-03T00:16:49+00:00,grain,2026-08-20,2026-08-20T06:00:00+02:00,2026-08-21T06:00:00+02:00,Nomination,day,0.0,kWh/d,UK-TSO-0001,LNG-00008,entry,,2026-08-20T17:52:50+02:00
2026-09-03T00:16:49+00:00,grain,2026-08-21,2026-08-21T06:00:00+02:00,2026-08-22T06:00:00+02:00,Nomination,day,0.0,kWh/d,UK-TSO-0001,LNG-00008,entry,,2026-08-21T17:53:49+02:00
2026-09-03T00:16:49+00:00,grain,2026-08-22,2026-08-22T06:00:00+02:00,2026-08-23T06:00:00+02:00,Nomination,day,0.0,kWh/d,UK-TSO-0001,LNG-00008,entry,,2026-08-22T17:53:49+02:00
2026-09-03T00:16:49+00:00,grain,2026-08-23,2026-08-23T06:00:00+02:00,2026-08-24T06:00:00+02:00,Nomination,day,0.0,kWh/d,UK-TSO-0001,LNG-00008,entry,,2026-08-23T17:53:29+02:00
2026-09-03T00:16:49+00:00,grain,2026-08-24,2026-08-24T06:00:00+02:00,2026-08-25T06:00:00+02:00,Nomination,day,0.0,kWh/d,UK-TSO-0001,LNG-00008,entry,,2026-08-24T17:53:29+02:00
2026-09-03T00:16:49+00:00,grain,2026-08-25,2026-08-25T06:00:00+02:00,2026-08-26T06:00:00+02:00,Nomination,day,0.0,kWh/d,UK-TSO-0001,LNG-00008,entry,,2026-08-25T17:52:49+02:00
2026-09-03T00:16:49+00:00,grain,2026-08-26,2026-08-26T06:00:00+02:00,2026-08-27T06:00:00+02:00,Nomination,day,0.0,kWh/d,UK-TSO-0001,LNG-00008,entry,,2026-08-26T17:52:09+02:00
2026-09-03T00:16:49+00:00,grain,2026-08-27,2026-08-27T06:00:00+02:00,2026-08-28T06:00:00+02:00,Nomination,day,0.0,kWh/d,UK-TSO-0001,LNG-00008,entry,,2026-08-27T17:52:09+02:00
2026-09-03T00:16:49+00:00,grain,2026-08-28,2026-08-28T06:00:00+02:00,2026-08-29T06:00:00+02:00,Nomination,day,0.0,kWh/d,UK-TSO-0001,LNG-00008,entry,,2026-08-28T17:57:09+02:00
2026-09-03T00:16:49+00:00,grain,2026-08-29,2026-08-29T06:00:00+02:00,2026-08-30T06:00:00+02:00,Nomination,day,0.0,kWh/d,UK-TSO-0001,LNG-00008,entry,,2026-08-29T17:52:30+02:00
2026-09-03T00:16:49+00:00,grain,2026-08-30,2026-08-30T06:00:00+02:00,2026-08-31T06:00:00+02:00,Nomination,day,0.0,kWh/d,UK-TSO-0001,LNG-00008,entry,,2026-08-30T17:51:30+02:00
2026-09-03T00:16:49+00:00,grain,2026-08-31,2026-08-31T06:00:00+02:00,2026-09-01T06:00:00+02:00,Nomination,day,0.0,kWh/d,UK-TSO-0001,LNG-00008,entry,,2026-08-31T17:52:10+02:00
2026-09-03T00:16:49+00:00,grain,2026-09-01,2026-09-01T06:00:00+02:00,2026-09-02T06:00:00+02:00,Nomination,day,0.0,kWh/d,UK-TSO-0001,LNG-00008,entry,,2026-09-01T17:52:50+02:00
2026-09-03T00:16:49+00:00,grain,2026-09-02,2026-09-02T06:00:00+02:00,2026-09-03T06:00:00+02:00,Nomination,day,0.0,kWh/d,UK-TSO-0001,LNG-00008,entry,,2026-09-02T17:53:50+02:00
2026-09-03T00:16:49+00:00,grain,2026-09-03,2026-09-03T06:00:00+02:00,2026-09-04T06:00:00+02:00,Nomination,day,0.0,kWh/d,UK-TSO-0001,LNG-00008,entry,,2026-09-03T01:52:10+02:00
2026-09-03T00:16:49+00:00,milford_haven,2026-07-20,2026-07-20T06:00:00+02:00,2026-07-21T06:00:00+02:00,Nomination,day,72396562.0,kWh/d,UK-TSO-0001,LNG-00049,entry,,2026-07-20T17:53:09+02:00
2026-09-03T00:16:49+00:00,milford_haven,2026-07-21,2026-07-21T06:00:00+02:00,2026-07-22T06:00:00+02:00,Nomination,day,50323603.0,kWh/d,UK-TSO-0001,LNG-00049,entry,,2026-07-21T17:51:29+02:00
2026-09-03T00:16:49+00:00,milford_haven,2026-07-22,2026-07-22T06:00:00+02:00,2026-07-23T06:00:00+02:00,Nomination,day,32341603.0,kWh/d,UK-TSO-0001,LNG-00049,entry,,2026-07-22T17:54:09+02:00
2026-09-03T00:16:49+00:00,milford_haven,2026-07-23,2026-07-23T06:00:00+02:00,2026-07-24T06:00:00+02:00,Nomination,day,32341603.0,kWh/d,UK-TSO-0001,LNG-00049,entry,,2026-07-23T17:53:09+02:00
2026-09-03T00:16:49+00:00,milford_haven,2026-07-24,2026-07-24T06:00:00+02:00,2026-07-25T06:00:00+02:00,Nomination,day,32341603.0,kWh/d,UK-TSO-0001,LNG-00049,entry,,2026-07-24T17:53:29+02:00
2026-09-03T00:16:49+00:00,milford_haven,2026-07-25,2026-07-25T06:00:00+02:00,2026-07-26T06:00:00+02:00,Nomination,day,32341603.0,kWh/d,UK-TSO-0001,LNG-00049,entry,,2026-07-25T17:52:30+02:00
2026-09-03T00:16:49+00:00,milford_haven,2026-07-26,2026-07-26T06:00:00+02:00,2026-07-27T06:00:00+02:00,Nomination,day,54354622.0,kWh/d,UK-TSO-0001,LNG-00049,entry,,2026-07-26T17:53:09+02:00
2026-09-03T00:16:49+00:00,milford_haven,2026-07-27,2026-07-27T06:00:00+02:00,2026-07-28T06:00:00+02:00,Nomination,day,53955022.0,kWh/d,UK-TSO-0001,LNG-00049,entry,,2026-07-27T17:53:10+02:00
2026-09-03T00:16:49+00:00,milford_haven,2026-07-28,2026-07-28T06:00:00+02:00,2026-07-29T06:00:00+02:00,Nomination,day,32341603.0,kWh/d,UK-TSO-0001,LNG-00049,entry,,2026-07-28T17:51:30+02:00
2026-09-03T00:16:49+00:00,milford_haven,2026-07-29,2026-07-29T06:00:00+02:00,2026-07-30T06:00:00+02:00,Nomination,day,42331603.0,kWh/d,UK-TSO-0001,LNG-00049,entry,,2026-07-29T17:51:29+02:00
2026-09-03T00:16:49+00:00,milford_haven,2026-07-30,2026-07-30T06:00:00+02:00,2026-07-31T06:00:00+02:00,Nomination,day,50314581.0,kWh/d,UK-TSO-0001,LNG-00049,entry,,2026-07-30T17:52:50+02:00
2026-09-03T00:16:49+00:00,milford_haven,2026-07-31,2026-07-31T06:00:00+02:00,2026-08-01T06:00:00+02:00,Nomination,day,49605811.0,kWh/d,UK-TSO-0001,LNG-00049,entry,,2026-07-31T17:53:09+02:00
2026-09-03T00:16:49+00:00,milford_haven,2026-08-01,2026-08-01T06:00:00+02:00,2026-08-02T06:00:00+02:00,Nomination,day,51127538.0,kWh/d,UK-TSO-0001,LNG-00049,entry,,2026-08-01T17:55:29+02:00
2026-09-03T00:16:49+00:00,milford_haven,2026-08-02,2026-08-02T06:00:00+02:00,2026-08-03T06:00:00+02:00,Nomination,day,55316893.0,kWh/d,UK-TSO-0001,LNG-00049,entry,,2026-08-02T17:56:51+02:00
2026-09-03T00:16:49+00:00,milford_haven,2026-08-03,2026-08-03T06:00:00+02:00,2026-08-04T06:00:00+02:00,Nomination,day,55316893.0,kWh/d,UK-TSO-0001,LNG-00049,entry,,2026-08-03T17:53:49+02:00
2026-09-03T00:16:49+00:00,milford_haven,2026-08-04,2026-08-04T06:00:00+02:00,2026-08-05T06:00:00+02:00,Nomination,day,51230357.0,kWh/d,UK-TSO-0001,LNG-00049,entry,,2026-08-04T17:51:09+02:00
2026-09-03T00:16:49+00:00,milford_haven,2026-08-05,2026-08-05T06:00:00+02:00,2026-08-06T06:00:00+02:00,Nomination,day,51230357.0,kWh/d,UK-TSO-0001,LNG-00049,entry,,2026-08-05T17:53:29+02:00
2026-09-03T00:16:49+00:00,milford_haven,2026-08-06,2026-08-06T06:00:00+02:00,2026-08-07T06:00:00+02:00,Nomination,day,19831669.0,kWh/d,UK-TSO-0001,LNG-00049,entry,,2026-08-06T17:53:29+02:00
2026-09-03T00:16:49+00:00,milford_haven,2026-08-07,2026-08-07T06:00:00+02:00,2026-08-08T06:00:00+02:00,Nomination,day,19831669.0,kWh/d,UK-TSO-0001,LNG-00049,entry,,2026-08-07T17:54:09+02:00
2026-09-03T00:16:49+00:00,milford_haven,2026-08-08,2026-08-08T06:00:00+02:00,2026-08-09T06:00:00+02:00,Nomination,day,51230357.0,kWh/d,UK-TSO-0001,LNG-00049,entry,,2026-08-08T17:53:30+02:00
2026-09-03T00:16:49+00:00,milford_haven,2026-08-09,2026-08-09T06:00:00+02:00,2026-08-10T06:00:00+02:00,Nomination,day,54051082.0,kWh/d,UK-TSO-0001,LNG-00049,entry,,2026-08-09T17:51:09+02:00
2026-09-03T00:16:49+00:00,milford_haven,2026-08-10,2026-08-10T06:00:00+02:00,2026-08-11T06:00:00+02:00,Nomination,day,54051082.0,kWh/d,UK-TSO-0001,LNG-00049,entry,,2026-08-10T17:51:49+02:00
2026-09-03T00:16:49+00:00,milford_haven,2026-08-11,2026-08-11T06:00:00+02:00,2026-08-12T06:00:00+02:00,Nomination,day,19831669.0,kWh/d,UK-TSO-0001,LNG-00049,entry,,2026-08-11T17:52:50+02:00
2026-09-03T00:16:49+00:00,milford_haven,2026-08-12,2026-08-12T06:00:00+02:00,2026-08-13T06:00:00+02:00,Nomination,day,19831669.0,kWh/d,UK-TSO-0001,LNG-00049,entry,,2026-08-12T17:51:49+02:00
2026-09-03T00:16:49+00:00,milford_haven,2026-08-13,2026-08-13T06:00:00+02:00,2026-08-14T06:00:00+02:00,Nomination,day,19831669.0,kWh/d,UK-TSO-0001,LNG-00049,entry,,2026-08-13T17:54:09+02:00
2026-09-03T00:16:49+00:00,milford_haven,2026-08-14,2026-08-14T06:00:00+02:00,2026-08-15T06:00:00+02:00,Nomination,day,51230357.0,kWh/d,UK-TSO-0001,LNG-00049,entry,,2026-08-14T17:54:09+02:00
2026-09-03T00:16:49+00:00,milford_haven,2026-08-15,2026-08-15T06:00:00+02:00,2026-08-16T06:00:00+02:00,Nomination,day,19831669.0,kWh/d,UK-TSO-0001,LNG-00049,entry,,2026-08-15T17:54:29+02:00
2026-09-03T00:16:49+00:00,milford_haven,2026-08-16,2026-08-16T06:00:00+02:00,2026-08-17T06:00:00+02:00,Nomination,day,54051082.0,kWh/d,UK-TSO-0001,LNG-00049,entry,,2026-08-16T17:51:29+02:00
2026-09-03T00:16:49+00:00,milford_haven,2026-08-17,2026-08-17T06:00:00+02:00,2026-08-18T06:00:00+02:00,Nomination,day,54051082.0,kWh/d,UK-TSO-0001,LNG-00049,entry,,2026-08-17T17:51:09+02:00
2026-09-03T00:16:49+00:00,milford_haven,2026-08-18,2026-08-18T06:00:00+02:00,2026-08-19T06:00:00+02:00,Nomination,day,19831669.0,kWh/d,UK-TSO-0001,LNG-00049,entry,,2026-08-18T17:52:49+02:00
2026-09-03T00:16:49+00:00,milford_haven,2026-08-19,2026-08-19T06:00:00+02:00,2026-08-20T06:00:00+02:00,Nomination,day,19831669.0,kWh/d,UK-TSO-0001,LNG-00049,entry,,2026-08-19T17:53:49+02:00
2026-09-03T00:16:49+00:00,milford_haven,2026-08-20,2026-08-20T06:00:00+02:00,2026-08-21T06:00:00+02:00,Nomination,day,19831669.0,kWh/d,UK-TSO-0001,LNG-00049,entry,,2026-08-20T17:52:50+02:00
2026-09-03T00:16:49+00:00,milford_haven,2026-08-21,2026-08-21T06:00:00+02:00,2026-08-22T06:00:00+02:00,Nomination,day,19831669.0,kWh/d,UK-TSO-0001,LNG-00049,entry,,2026-08-21T17:53:49+02:00
2026-09-03T00:16:49+00:00,milford_haven,2026-08-22,2026-08-22T06:00:00+02:00,2026-08-23T06:00:00+02:00,Nomination,day,19831669.0,kWh/d,UK-TSO-0001,LNG-00049,entry,,2026-08-22T17:53:49+02:00
2026-09-03T00:16:49+00:00,milford_haven,2026-08-23,2026-08-23T06:00:00+02:00,2026-08-24T06:00:00+02:00,Nomination,day,54051082.0,kWh/d,UK-TSO-0001,LNG-00049,entry,,2026-08-23T17:53:29+02:00
2026-09-03T00:16:49+00:00,milford_haven,2026-08-24,2026-08-24T06:00:00+02:00,2026-08-25T06:00:00+02:00,Nomination,day,54051082.0,kWh/d,UK-TSO-0001,LNG-00049,entry,,2026-08-24T17:53:29+02:00
2026-09-03T00:16:49+00:00,milford_haven,2026-08-25,2026-08-25T06:00:00+02:00,2026-08-26T06:00:00+02:00,Nomination,day,51230357.0,kWh/d,UK-TSO-0001,LNG-00049,entry,,2026-08-25T17:52:49+02:00
2026-09-03T00:16:49+00:00,milford_haven,2026-08-26,2026-08-26T06:00:00+02:00,2026-08-27T06:00:00+02:00,Nomination,day,61115276.0,kWh/d,UK-TSO-0001,LNG-00049,entry,,2026-08-26T17:52:09+02:00
2026-09-03T00:16:49+00:00,milford_haven,2026-08-27,2026-08-27T06:00:00+02:00,2026-08-28T06:00:00+02:00,Nomination,day,69107276.0,kWh/d,UK-TSO-0001,LNG-00049,entry,,2026-08-27T17:52:09+02:00
2026-09-03T00:16:49+00:00,milford_haven,2026-08-28,2026-08-28T06:00:00+02:00,2026-08-29T06:00:00+02:00,Nomination,day,37708588.0,kWh/d,UK-TSO-0001,LNG-00049,entry,,2026-08-28T17:57:09+02:00
2026-09-03T00:16:49+00:00,milford_haven,2026-08-29,2026-08-29T06:00:00+02:00,2026-08-30T06:00:00+02:00,Nomination,day,51230357.0,kWh/d,UK-TSO-0001,LNG-00049,entry,,2026-08-29T17:52:30+02:00
2026-09-03T00:16:49+00:00,milford_haven,2026-08-30,2026-08-30T06:00:00+02:00,2026-08-31T06:00:00+02:00,Nomination,day,51230357.0,kWh/d,UK-TSO-0001,LNG-00049,entry,,2026-08-30T17:51:30+02:00
2026-09-03T00:16:49+00:00,milford_haven,2026-08-31,2026-08-31T06:00:00+02:00,2026-09-01T06:00:00+02:00,Nomination,day,55997814.0,kWh/d,UK-TSO-0001,LNG-00049,entry,,2026-08-31T17:52:10+02:00
2026-09-03T00:16:49+00:00,milford_haven,2026-09-01,2026-09-01T06:00:00+02:00,2026-09-02T06:00:00+02:00,Nomination,day,54269586.0,kWh/d,UK-TSO-0001,LNG-00049,entry,,2026-09-01T17:52:50+02:00
2026-09-03T00:16:49+00:00,milford_haven,2026-09-02,2026-09-02T06:00:00+02:00,2026-09-03T06:00:00+02:00,Nomination,day,44650018.0,kWh/d,UK-TSO-0001,LNG-00049,entry,,2026-09-02T17:53:50+02:00
2026-09-03T00:16:49+00:00,milford_haven,2026-09-03,2026-09-03T06:00:00+02:00,2026-09-04T06:00:00+02:00,Nomination,day,44650018.0,kWh/d,UK-TSO-0001,LNG-00049,entry,,2026-09-03T01:52:10+02:00
2026-09-03T00:16:49+00:00,montoir,2026-07-20,2026-07-20T06:00:00+02:00,2026-07-21T06:00:00+02:00,Nomination,day,45835529.0,kWh/d,FR-TSO-0003,LNG-00024,entry,,2026-07-21T15:22:30+02:00
2026-09-03T00:16:49+00:00,montoir,2026-07-21,2026-07-21T06:00:00+02:00,2026-07-22T06:00:00+02:00,Nomination,day,56770818.0,kWh/d,FR-TSO-0003,LNG-00024,entry,,2026-07-22T15:23:09+02:00
2026-09-03T00:16:49+00:00,montoir,2026-07-22,2026-07-22T06:00:00+02:00,2026-07-23T06:00:00+02:00,Nomination,day,56770818.0,kWh/d,FR-TSO-0003,LNG-00024,entry,,2026-07-23T15:21:30+02:00
2026-09-03T00:16:49+00:00,montoir,2026-07-23,2026-07-23T06:00:00+02:00,2026-07-24T06:00:00+02:00,Nomination,day,56770818.0,kWh/d,FR-TSO-0003,LNG-00024,entry,,2026-07-24T15:27:09+02:00
2026-09-03T00:16:49+00:00,montoir,2026-07-24,2026-07-24T06:00:00+02:00,2026-07-25T06:00:00+02:00,Nomination,day,56770818.0,kWh/d,FR-TSO-0003,LNG-00024,entry,,2026-07-25T15:07:49+02:00
2026-09-03T00:16:49+00:00,montoir,2026-07-25,2026-07-25T06:00:00+02:00,2026-07-26T06:00:00+02:00,Nomination,day,56770818.0,kWh/d,FR-TSO-0003,LNG-00024,entry,,2026-07-26T15:15:50+02:00
2026-09-03T00:16:49+00:00,montoir,2026-07-26,2026-07-26T06:00:00+02:00,2026-07-27T06:00:00+02:00,Nomination,day,56770818.0,kWh/d,FR-TSO-0003,LNG-00024,entry,,2026-07-27T15:21:09+02:00
2026-09-03T00:16:49+00:00,montoir,2026-07-27,2026-07-27T06:00:00+02:00,2026-07-28T06:00:00+02:00,Nomination,day,133743627.0,kWh/d,FR-TSO-0003,LNG-00024,entry,,2026-07-28T15:17:30+02:00
2026-09-03T00:16:49+00:00,montoir,2026-07-28,2026-07-28T06:00:00+02:00,2026-07-29T06:00:00+02:00,Nomination,day,133743627.0,kWh/d,FR-TSO-0003,LNG-00024,entry,,2026-07-29T15:21:10+02:00
2026-09-03T00:16:49+00:00,montoir,2026-07-29,2026-07-29T06:00:00+02:00,2026-07-30T06:00:00+02:00,Nomination,day,162233393.0,kWh/d,FR-TSO-0003,LNG-00024,entry,,2026-07-30T15:17:50+02:00
2026-09-03T00:16:49+00:00,montoir,2026-07-30,2026-07-30T06:00:00+02:00,2026-07-31T06:00:00+02:00,Nomination,day,162233393.0,kWh/d,FR-TSO-0003,LNG-00024,entry,,2026-07-31T15:07:30+02:00
2026-09-03T00:16:49+00:00,montoir,2026-07-31,2026-07-31T06:00:00+02:00,2026-08-01T06:00:00+02:00,Nomination,day,162233393.0,kWh/d,FR-TSO-0003,LNG-00024,entry,,2026-08-01T15:16:50+02:00
2026-09-03T00:16:49+00:00,montoir,2026-08-01,2026-08-01T06:00:00+02:00,2026-08-02T06:00:00+02:00,Nomination,day,105253860.0,kWh/d,FR-TSO-0003,LNG-00024,entry,,2026-08-02T15:29:10+02:00
2026-09-03T00:16:49+00:00,montoir,2026-08-02,2026-08-02T06:00:00+02:00,2026-08-03T06:00:00+02:00,Nomination,day,104346499.0,kWh/d,FR-TSO-0003,LNG-00024,entry,,2026-08-03T15:03:50+02:00
2026-09-03T00:16:49+00:00,montoir,2026-08-03,2026-08-03T06:00:00+02:00,2026-08-04T06:00:00+02:00,Nomination,day,104346499.0,kWh/d,FR-TSO-0003,LNG-00024,entry,,2026-08-04T15:18:50+02:00
2026-09-03T00:16:49+00:00,montoir,2026-08-04,2026-08-04T06:00:00+02:00,2026-08-05T06:00:00+02:00,Nomination,day,104346499.0,kWh/d,FR-TSO-0003,LNG-00024,entry,,2026-08-05T15:15:29+02:00
2026-09-03T00:16:49+00:00,montoir,2026-08-05,2026-08-05T06:00:00+02:00,2026-08-06T06:00:00+02:00,Nomination,day,67096293.0,kWh/d,FR-TSO-0003,LNG-00024,entry,,2026-08-06T15:25:30+02:00
2026-09-03T00:16:49+00:00,montoir,2026-08-06,2026-08-06T06:00:00+02:00,2026-08-07T06:00:00+02:00,Nomination,day,67096293.0,kWh/d,FR-TSO-0003,LNG-00024,entry,,2026-08-07T15:17:30+02:00
2026-09-03T00:16:49+00:00,montoir,2026-08-07,2026-08-07T06:00:00+02:00,2026-08-08T06:00:00+02:00,Nomination,day,67096293.0,kWh/d,FR-TSO-0003,LNG-00024,entry,,2026-08-08T15:10:29+02:00
2026-09-03T00:16:49+00:00,montoir,2026-08-08,2026-08-08T06:00:00+02:00,2026-08-09T06:00:00+02:00,Nomination,day,69641652.0,kWh/d,FR-TSO-0003,LNG-00024,entry,,2026-08-09T15:08:29+02:00
2026-09-03T00:16:49+00:00,montoir,2026-08-09,2026-08-09T06:00:00+02:00,2026-08-10T06:00:00+02:00,Nomination,day,69641652.0,kWh/d,FR-TSO-0003,LNG-00024,entry,,2026-08-10T15:13:50+02:00
2026-09-03T00:16:49+00:00,montoir,2026-08-10,2026-08-10T06:00:00+02:00,2026-08-11T06:00:00+02:00,Nomination,day,69641652.0,kWh/d,FR-TSO-0003,LNG-00024,entry,,2026-08-11T15:13:30+02:00
2026-09-03T00:16:49+00:00,montoir,2026-08-11,2026-08-11T06:00:00+02:00,2026-08-12T06:00:00+02:00,Nomination,day,69641652.0,kWh/d,FR-TSO-0003,LNG-00024,entry,,2026-08-12T15:13:30+02:00
2026-09-03T00:16:49+00:00,montoir,2026-08-12,2026-08-12T06:00:00+02:00,2026-08-13T06:00:00+02:00,Nomination,day,69641652.0,kWh/d,FR-TSO-0003,LNG-00024,entry,,2026-08-13T15:15:09+02:00
2026-09-03T00:16:49+00:00,montoir,2026-08-13,2026-08-13T06:00:00+02:00,2026-08-14T06:00:00+02:00,Nomination,day,69641652.0,kWh/d,FR-TSO-0003,LNG-00024,entry,,2026-08-14T15:11:29+02:00
2026-09-03T00:16:49+00:00,montoir,2026-08-14,2026-08-14T06:00:00+02:00,2026-08-15T06:00:00+02:00,Nomination,day,34820826.0,kWh/d,FR-TSO-0003,LNG-00024,entry,,2026-08-15T15:13:29+02:00
2026-09-03T00:16:49+00:00,montoir,2026-08-15,2026-08-15T06:00:00+02:00,2026-08-16T06:00:00+02:00,Nomination,day,34820826.0,kWh/d,FR-TSO-0003,LNG-00024,entry,,2026-08-16T15:10:10+02:00
2026-09-03T00:16:49+00:00,montoir,2026-08-16,2026-08-16T06:00:00+02:00,2026-08-17T06:00:00+02:00,Nomination,day,17710525.0,kWh/d,FR-TSO-0003,LNG-00024,entry,,2026-08-17T15:03:51+02:00
2026-09-03T00:16:49+00:00,montoir,2026-08-17,2026-08-17T06:00:00+02:00,2026-08-18T06:00:00+02:00,Nomination,day,17710525.0,kWh/d,FR-TSO-0003,LNG-00024,entry,,2026-08-18T15:26:53+02:00
2026-09-03T00:16:49+00:00,montoir,2026-08-18,2026-08-18T06:00:00+02:00,2026-08-19T06:00:00+02:00,Nomination,day,34820826.0,kWh/d,FR-TSO-0003,LNG-00024,entry,,2026-08-19T15:13:50+02:00
2026-09-03T00:16:49+00:00,montoir,2026-08-19,2026-08-19T06:00:00+02:00,2026-08-20T06:00:00+02:00,Nomination,day,34820826.0,kWh/d,FR-TSO-0003,LNG-00024,entry,,2026-08-20T15:14:10+02:00
2026-09-03T00:16:49+00:00,montoir,2026-08-20,2026-08-20T06:00:00+02:00,2026-08-21T06:00:00+02:00,Nomination,day,34820826.0,kWh/d,FR-TSO-0003,LNG-00024,entry,,2026-08-21T15:22:30+02:00
2026-09-03T00:16:49+00:00,montoir,2026-08-21,2026-08-21T06:00:00+02:00,2026-08-22T06:00:00+02:00,Nomination,day,34820826.0,kWh/d,FR-TSO-0003,LNG-00024,entry,,2026-08-22T15:15:10+02:00
2026-09-03T00:16:49+00:00,montoir,2026-08-22,2026-08-22T06:00:00+02:00,2026-08-23T06:00:00+02:00,Nomination,day,34820826.0,kWh/d,FR-TSO-0003,LNG-00024,entry,,2026-08-23T15:17:31+02:00
2026-09-03T00:16:49+00:00,montoir,2026-08-23,2026-08-23T06:00:00+02:00,2026-08-24T06:00:00+02:00,Nomination,day,34820826.0,kWh/d,FR-TSO-0003,LNG-00024,entry,,2026-08-24T15:05:09+02:00
2026-09-03T00:16:49+00:00,montoir,2026-08-24,2026-08-24T06:00:00+02:00,2026-08-25T06:00:00+02:00,Nomination,day,69641652.0,kWh/d,FR-TSO-0003,LNG-00024,entry,,2026-08-25T15:26:50+02:00
2026-09-03T00:16:49+00:00,montoir,2026-08-25,2026-08-25T06:00:00+02:00,2026-08-26T06:00:00+02:00,Nomination,day,153528187.0,kWh/d,FR-TSO-0003,LNG-00024,entry,,2026-08-26T15:11:49+02:00
2026-09-03T00:16:49+00:00,montoir,2026-08-26,2026-08-26T06:00:00+02:00,2026-08-27T06:00:00+02:00,Nomination,day,156175224.0,kWh/d,FR-TSO-0003,LNG-00024,entry,,2026-08-27T15:17:50+02:00
2026-09-03T00:16:49+00:00,montoir,2026-08-27,2026-08-27T06:00:00+02:00,2026-08-28T06:00:00+02:00,Nomination,day,156175224.0,kWh/d,FR-TSO-0003,LNG-00024,entry,,2026-08-28T15:17:10+02:00
2026-09-03T00:16:49+00:00,montoir,2026-08-28,2026-08-28T06:00:00+02:00,2026-08-29T06:00:00+02:00,Nomination,day,232277558.0,kWh/d,FR-TSO-0003,LNG-00024,entry,,2026-08-29T15:15:51+02:00
2026-09-03T00:16:49+00:00,montoir,2026-08-29,2026-08-29T06:00:00+02:00,2026-08-30T06:00:00+02:00,Nomination,day,232277558.0,kWh/d,FR-TSO-0003,LNG-00024,entry,,2026-08-30T15:03:30+02:00
2026-09-03T00:16:49+00:00,montoir,2026-08-30,2026-08-30T06:00:00+02:00,2026-08-31T06:00:00+02:00,Nomination,day,231284919.0,kWh/d,FR-TSO-0003,LNG-00024,entry,,2026-08-31T15:09:50+02:00
2026-09-03T00:16:49+00:00,montoir,2026-08-31,2026-08-31T06:00:00+02:00,2026-09-01T06:00:00+02:00,Nomination,day,153528187.0,kWh/d,FR-TSO-0003,LNG-00024,entry,,2026-09-01T15:08:49+02:00
2026-09-03T00:16:49+00:00,montoir,2026-09-01,2026-09-01T06:00:00+02:00,2026-09-02T06:00:00+02:00,Nomination,day,136638208.0,kWh/d,FR-TSO-0003,LNG-00024,entry,,2026-09-02T15:21:09+02:00
2026-09-03T00:16:49+00:00,montoir,2026-09-02,2026-09-02T06:00:00+02:00,2026-09-03T06:00:00+02:00,Nomination,day,106747816.0,kWh/d,FR-TSO-0003,LNG-00024,entry,,2026-09-02T15:21:09+02:00
2026-09-03T00:16:49+00:00,montoir,2026-09-03,2026-09-03T06:00:00+02:00,2026-09-04T06:00:00+02:00,Nomination,day,,kWh/d,FR-TSO-0003,LNG-00024,entry,,2026-09-02T15:21:09+02:00
2026-09-03T00:16:49+00:00,montoir,2026-09-04,2026-09-04T06:00:00+02:00,2026-09-05T06:00:00+02:00,Nomination,day,,kWh/d,FR-TSO-0003,LNG-00024,entry,,2026-09-02T15:21:09+02:00
2026-09-03T00:16:49+00:00,lehavre,2026-07-20,2026-07-20T06:00:00+02:00,2026-07-21T06:00:00+02:00,Nomination,day,,kWh/d,FR-TSO-0003,LNG-00071,entry,,2026-07-21T15:22:30+02:00
2026-09-03T00:16:49+00:00,lehavre,2026-07-21,2026-07-21T06:00:00+02:00,2026-07-22T06:00:00+02:00,Nomination,day,,kWh/d,FR-TSO-0003,LNG-00071,entry,,2026-07-22T15:23:09+02:00
2026-09-03T00:16:49+00:00,lehavre,2026-07-22,2026-07-22T06:00:00+02:00,2026-07-23T06:00:00+02:00,Nomination,day,,kWh/d,FR-TSO-0003,LNG-00071,entry,,2026-07-23T15:21:30+02:00
2026-09-03T00:16:49+00:00,lehavre,2026-07-23,2026-07-23T06:00:00+02:00,2026-07-24T06:00:00+02:00,Nomination,day,,kWh/d,FR-TSO-0003,LNG-00071,entry,,2026-07-24T15:27:09+02:00
2026-09-03T00:16:49+00:00,lehavre,2026-07-24,2026-07-24T06:00:00+02:00,2026-07-25T06:00:00+02:00,Nomination,day,,kWh/d,FR-TSO-0003,LNG-00071,entry,,2026-07-25T15:07:49+02:00
2026-09-03T00:16:49+00:00,lehavre,2026-07-25,2026-07-25T06:00:00+02:00,2026-07-26T06:00:00+02:00,Nomination,day,,kWh/d,FR-TSO-0003,LNG-00071,entry,,2026-07-26T15:15:50+02:00
2026-09-03T00:16:49+00:00,lehavre,2026-07-26,2026-07-26T06:00:00+02:00,2026-07-27T06:00:00+02:00,Nomination,day,,kWh/d,FR-TSO-0003,LNG-00071,entry,,2026-07-27T15:21:09+02:00
2026-09-03T00:16:49+00:00,lehavre,2026-07-27,2026-07-27T06:00:00+02:00,2026-07-28T06:00:00+02:00,Nomination,day,,kWh/d,FR-TSO-0003,LNG-00071,entry,,2026-07-28T15:17:30+02:00
2026-09-03T00:16:49+00:00,lehavre,2026-07-28,2026-07-28T06:00:00+02:00,2026-07-29T06:00:00+02:00,Nomination,day,,kWh/d,FR-TSO-0003,LNG-00071,entry,,2026-07-29T15:21:10+02:00
2026-09-03T00:16:49+00:00,lehavre,2026-07-29,2026-07-29T06:00:00+02:00,2026-07-30T06:00:00+02:00,Nomination,day,,kWh/d,FR-TSO-0003,LNG-00071,entry,,2026-07-30T15:17:50+02:00
2026-09-03T00:16:49+00:00,lehavre,2026-07-30,2026-07-30T06:00:00+02:00,2026-07-31T06:00:00+02:00,Nomination,day,,kWh/d,FR-TSO-0003,LNG-00071,entry,,2026-07-31T15:07:30+02:00
2026-09-03T00:16:49+00:00,lehavre,2026-07-31,2026-07-31T06:00:00+02:00,2026-08-01T06:00:00+02:00,Nomination,day,,kWh/d,FR-TSO-0003,LNG-00071,entry,,2026-08-01T15:16:50+02:00
2026-09-03T00:16:49+00:00,lehavre,2026-08-01,2026-08-01T06:00:00+02:00,2026-08-02T06:00:00+02:00,Nomination,day,,kWh/d,FR-TSO-0003,LNG-00071,entry,,2026-08-02T15:29:10+02:00
2026-09-03T00:16:49+00:00,lehavre,2026-08-02,2026-08-02T06:00:00+02:00,2026-08-03T06:00:00+02:00,Nomination,day,,kWh/d,FR-TSO-0003,LNG-00071,entry,,2026-08-03T15:03:50+02:00
2026-09-03T00:16:49+00:00,lehavre,2026-08-03,2026-08-03T06:00:00+02:00,2026-08-04T06:00:00+02:00,Nomination,day,,kWh/d,FR-TSO-0003,LNG-00071,entry,,2026-08-04T15:18:50+02:00
2026-09-03T00:16:49+00:00,lehavre,2026-08-04,2026-08-04T06:00:00+02:00,2026-08-05T06:00:00+02:00,Nomination,day,,kWh/d,FR-TSO-0003,LNG-00071,entry,,2026-08-05T15:15:29+02:00
2026-09-03T00:16:49+00:00,lehavre,2026-08-05,2026-08-05T06:00:00+02:00,2026-08-06T06:00:00+02:00,Nomination,day,,kWh/d,FR-TSO-0003,LNG-00071,entry,,2026-08-06T15:25:30+02:00
2026-09-03T00:16:49+00:00,lehavre,2026-08-06,2026-08-06T06:00:00+02:00,2026-08-07T06:00:00+02:00,Nomination,day,,kWh/d,FR-TSO-0003,LNG-00071,entry,,2026-08-07T15:17:30+02:00
2026-09-03T00:16:49+00:00,lehavre,2026-08-07,2026-08-07T06:00:00+02:00,2026-08-08T06:00:00+02:00,Nomination,day,,kWh/d,FR-TSO-0003,LNG-00071,entry,,2026-08-08T15:10:29+02:00
2026-09-03T00:16:49+00:00,lehavre,2026-08-08,2026-08-08T06:00:00+02:00,2026-08-09T06:00:00+02:00,Nomination,day,,kWh/d,FR-TSO-0003,LNG-00071,entry,,2026-08-09T15:08:29+02:00
2026-09-03T00:16:49+00:00,lehavre,2026-08-09,2026-08-09T06:00:00+02:00,2026-08-10T06:00:00+02:00,Nomination,day,,kWh/d,FR-TSO-0003,LNG-00071,entry,,2026-08-10T15:13:50+02:00
2026-09-03T00:16:49+00:00,lehavre,2026-08-10,2026-08-10T06:00:00+02:00,2026-08-11T06:00:00+02:00,Nomination,day,,kWh/d,FR-TSO-0003,LNG-00071,entry,,2026-08-11T15:13:30+02:00
2026-09-03T00:16:49+00:00,lehavre,2026-08-11,2026-08-11T06:00:00+02:00,2026-08-12T06:00:00+02:00,Nomination,day,,kWh/d,FR-TSO-0003,LNG-00071,entry,,2026-08-12T15:13:30+02:00
2026-09-03T00:16:49+00:00,lehavre,2026-08-12,2026-08-12T06:00:00+02:00,2026-08-13T06:00:00+02:00,Nomination,day,,kWh/d,FR-TSO-0003,LNG-00071,entry,,2026-08-13T15:15:09+02:00
2026-09-03T00:16:49+00:00,lehavre,2026-08-13,2026-08-13T06:00:00+02:00,2026-08-14T06:00:00+02:00,Nomination,day,,kWh/d,FR-TSO-0003,LNG-00071,entry,,2026-08-14T15:11:29+02:00
2026-09-03T00:16:49+00:00,lehavre,2026-08-14,2026-08-14T06:00:00+02:00,2026-08-15T06:00:00+02:00,Nomination,day,,kWh/d,FR-TSO-0003,LNG-00071,entry,,2026-08-15T15:13:29+02:00
2026-09-03T00:16:49+00:00,lehavre,2026-08-15,2026-08-15T06:00:00+02:00,2026-08-16T06:00:00+02:00,Nomination,day,,kWh/d,FR-TSO-0003,LNG-00071,entry,,2026-08-16T15:10:10+02:00
2026-09-03T00:16:49+00:00,lehavre,2026-08-16,2026-08-16T06:00:00+02:00,2026-08-17T06:00:00+02:00,Nomination,day,,kWh/d,FR-TSO-0003,LNG-00071,entry,,2026-08-17T15:03:51+02:00
2026-09-03T00:16:49+00:00,lehavre,2026-08-17,2026-08-17T06:00:00+02:00,2026-08-18T06:00:00+02:00,Nomination,day,,kWh/d,FR-TSO-0003,LNG-00071,entry,,2026-08-18T15:26:53+02:00
2026-09-03T00:16:49+00:00,lehavre,2026-08-18,2026-08-18T06:00:00+02:00,2026-08-19T06:00:00+02:00,Nomination,day,,kWh/d,FR-TSO-0003,LNG-00071,entry,,2026-08-19T15:13:50+02:00
2026-09-03T00:16:49+00:00,lehavre,2026-08-19,2026-08-19T06:00:00+02:00,2026-08-20T06:00:00+02:00,Nomination,day,,kWh/d,FR-TSO-0003,LNG-00071,entry,,2026-08-20T15:14:10+02:00
2026-09-03T00:16:49+00:00,lehavre,2026-08-20,2026-08-20T06:00:00+02:00,2026-08-21T06:00:00+02:00,Nomination,day,,kWh/d,FR-TSO-0003,LNG-00071,entry,,2026-08-21T15:22:30+02:00
2026-09-03T00:16:49+00:00,lehavre,2026-08-21,2026-08-21T06:00:00+02:00,2026-08-22T06:00:00+02:00,Nomination,day,,kWh/d,FR-TSO-0003,LNG-00071,entry,,2026-08-22T15:15:10+02:00
2026-09-03T00:16:49+00:00,lehavre,2026-08-22,2026-08-22T06:00:00+02:00,2026-08-23T06:00:00+02:00,Nomination,day,,kWh/d,FR-TSO-0003,LNG-00071,entry,,2026-08-23T15:17:31+02:00
2026-09-03T00:16:49+00:00,lehavre,2026-08-23,2026-08-23T06:00:00+02:00,2026-08-24T06:00:00+02:00,Nomination,day,,kWh/d,FR-TSO-0003,LNG-00071,entry,,2026-08-24T15:05:09+02:00
2026-09-03T00:16:49+00:00,lehavre,2026-08-24,2026-08-24T06:00:00+02:00,2026-08-25T06:00:00+02:00,Nomination,day,,kWh/d,FR-TSO-0003,LNG-00071,entry,,2026-08-25T15:26:50+02:00
2026-09-03T00:16:49+00:00,lehavre,2026-08-25,2026-08-25T06:00:00+02:00,2026-08-26T06:00:00+02:00,Nomination,day,,kWh/d,FR-TSO-0003,LNG-00071,entry,,2026-08-26T15:11:49+02:00
2026-09-03T00:16:49+00:00,lehavre,2026-08-26,2026-08-26T06:00:00+02:00,2026-08-27T06:00:00+02:00,Nomination,day,,kWh/d,FR-TSO-0003,LNG-00071,entry,,2026-08-27T15:17:50+02:00
2026-09-03T00:16:49+00:00,lehavre,2026-08-27,2026-08-27T06:00:00+02:00,2026-08-28T06:00:00+02:00,Nomination,day,,kWh/d,FR-TSO-0003,LNG-00071,entry,,2026-08-28T15:17:10+02:00
2026-09-03T00:16:49+00:00,lehavre,2026-08-28,2026-08-28T06:00:00+02:00,2026-08-29T06:00:00+02:00,Nomination,day,,kWh/d,FR-TSO-0003,LNG-00071,entry,,2026-08-29T15:15:51+02:00
2026-09-03T00:16:49+00:00,lehavre,2026-08-29,2026-08-29T06:00:00+02:00,2026-08-30T06:00:00+02:00,Nomination,day,,kWh/d,FR-TSO-0003,LNG-00071,entry,,2026-08-30T15:03:30+02:00
2026-09-03T00:16:49+00:00,lehavre,2026-08-30,2026-08-30T06:00:00+02:00,2026-08-31T06:00:00+02:00,Nomination,day,,kWh/d,FR-TSO-0003,LNG-00071,entry,,2026-08-31T15:09:50+02:00
2026-09-03T00:16:49+00:00,lehavre,2026-08-31,2026-08-31T06:00:00+02:00,2026-09-01T06:00:00+02:00,Nomination,day,,kWh/d,FR-TSO-0003,LNG-00071,entry,,2026-09-01T15:08:49+02:00
2026-09-03T00:16:49+00:00,lehavre,2026-09-01,2026-09-01T06:00:00+02:00,2026-09-02T06:00:00+02:00,Nomination,day,,kWh/d,FR-TSO-0003,LNG-00071,entry,,2026-09-02T15:21:09+02:00
2026-09-03T00:16:49+00:00,lehavre,2026-09-02,2026-09-02T06:00:00+02:00,2026-09-03T06:00:00+02:00,Nomination,day,,kWh/d,FR-TSO-0003,LNG-00071,entry,,2026-09-02T15:21:09+02:00
2026-09-03T00:16:49+00:00,lehavre,2026-09-03,2026-09-03T06:00:00+02:00,2026-09-04T06:00:00+02:00,Nomination,day,,kWh/d,FR-TSO-0003,LNG-00071,entry,,2026-09-02T15:21:09+02:00
2026-09-03T00:16:49+00:00,lehavre,2026-09-04,2026-09-04T06:00:00+02:00,2026-09-05T06:00:00+02:00,Nomination,day,,kWh/d,FR-TSO-0003,LNG-00071,entry,,2026-09-02T15:21:09+02:00
2026-09-03T00:16:49+00:00,wilhelmshaven,2026-07-20,2026-07-20T06:00:00+02:00,2026-07-21T06:00:00+02:00,Nomination,day,115728000.0,kWh/d,DE-TSO-0009,LNG-00083,entry,,2026-07-19T19:46:49+02:00
2026-09-03T00:16:49+00:00,wilhelmshaven,2026-07-21,2026-07-21T06:00:00+02:00,2026-07-22T06:00:00+02:00,Nomination,day,37890000.0,kWh/d,DE-TSO-0009,LNG-00083,entry,,2026-07-20T15:46:09+02:00
2026-09-03T00:16:49+00:00,wilhelmshaven,2026-07-22,2026-07-22T06:00:00+02:00,2026-07-23T06:00:00+02:00,Nomination,day,182952000.0,kWh/d,DE-TSO-0009,LNG-00083,entry,,2026-07-21T15:52:10+02:00
2026-09-03T00:16:49+00:00,wilhelmshaven,2026-07-23,2026-07-23T06:00:00+02:00,2026-07-24T06:00:00+02:00,Nomination,day,187200000.0,kWh/d,DE-TSO-0009,LNG-00083,entry,,2026-07-22T15:48:30+02:00
2026-09-03T00:16:49+00:00,wilhelmshaven,2026-07-24,2026-07-24T06:00:00+02:00,2026-07-25T06:00:00+02:00,Nomination,day,169440000.0,kWh/d,DE-TSO-0009,LNG-00083,entry,,2026-07-23T15:50:29+02:00
2026-09-03T00:16:49+00:00,wilhelmshaven,2026-07-25,2026-07-25T06:00:00+02:00,2026-07-26T06:00:00+02:00,Nomination,day,169440000.0,kWh/d,DE-TSO-0009,LNG-00083,entry,,2026-07-24T19:45:10+02:00
2026-09-03T00:16:49+00:00,wilhelmshaven,2026-07-26,2026-07-26T06:00:00+02:00,2026-07-27T06:00:00+02:00,Nomination,day,169440000.0,kWh/d,DE-TSO-0009,LNG-00083,entry,,2026-07-25T19:49:29+02:00
2026-09-03T00:16:49+00:00,wilhelmshaven,2026-07-27,2026-07-27T06:00:00+02:00,2026-07-28T06:00:00+02:00,Nomination,day,169440000.0,kWh/d,DE-TSO-0009,LNG-00083,entry,,2026-07-26T15:49:50+02:00
2026-09-03T00:16:49+00:00,wilhelmshaven,2026-07-28,2026-07-28T06:00:00+02:00,2026-07-29T06:00:00+02:00,Nomination,day,169440000.0,kWh/d,DE-TSO-0009,LNG-00083,entry,,2026-07-27T15:58:49+02:00
2026-09-03T00:16:49+00:00,wilhelmshaven,2026-07-29,2026-07-29T06:00:00+02:00,2026-07-30T06:00:00+02:00,Nomination,day,169440000.0,kWh/d,DE-TSO-0009,LNG-00083,entry,,2026-07-28T15:50:50+02:00
2026-09-03T00:16:49+00:00,wilhelmshaven,2026-07-30,2026-07-30T06:00:00+02:00,2026-07-31T06:00:00+02:00,Nomination,day,169440000.0,kWh/d,DE-TSO-0009,LNG-00083,entry,,2026-07-29T15:54:50+02:00
2026-09-03T00:16:49+00:00,wilhelmshaven,2026-07-31,2026-07-31T06:00:00+02:00,2026-08-01T06:00:00+02:00,Nomination,day,246552000.0,kWh/d,DE-TSO-0009,LNG-00083,entry,,2026-07-30T15:48:30+02:00
2026-09-03T00:16:49+00:00,wilhelmshaven,2026-08-01,2026-08-01T06:00:00+02:00,2026-08-02T06:00:00+02:00,Nomination,day,246552000.0,kWh/d,DE-TSO-0009,LNG-00083,entry,,2026-07-31T15:56:10+02:00
2026-09-03T00:16:49+00:00,wilhelmshaven,2026-08-02,2026-08-02T06:00:00+02:00,2026-08-03T06:00:00+02:00,Nomination,day,246552000.0,kWh/d,DE-TSO-0009,LNG-00083,entry,,2026-08-01T17:11:09+02:00
2026-09-03T00:16:49+00:00,wilhelmshaven,2026-08-03,2026-08-03T06:00:00+02:00,2026-08-04T06:00:00+02:00,Nomination,day,246552000.0,kWh/d,DE-TSO-0009,LNG-00083,entry,,2026-08-02T15:51:30+02:00
2026-09-03T00:16:49+00:00,wilhelmshaven,2026-08-04,2026-08-04T06:00:00+02:00,2026-08-05T06:00:00+02:00,Nomination,day,262800000.0,kWh/d,DE-TSO-0009,LNG-00083,entry,,2026-08-03T15:52:10+02:00
2026-09-03T00:16:49+00:00,wilhelmshaven,2026-08-05,2026-08-05T06:00:00+02:00,2026-08-06T06:00:00+02:00,Nomination,day,267048000.0,kWh/d,DE-TSO-0009,LNG-00083,entry,,2026-08-04T15:50:50+02:00
2026-09-03T00:16:49+00:00,wilhelmshaven,2026-08-06,2026-08-06T06:00:00+02:00,2026-08-07T06:00:00+02:00,Nomination,day,246552000.0,kWh/d,DE-TSO-0009,LNG-00083,entry,,2026-08-05T15:51:50+02:00
2026-09-03T00:16:49+00:00,wilhelmshaven,2026-08-07,2026-08-07T06:00:00+02:00,2026-08-08T06:00:00+02:00,Nomination,day,178152000.0,kWh/d,DE-TSO-0009,LNG-00083,entry,,2026-08-06T15:48:11+02:00
2026-09-03T00:16:49+00:00,wilhelmshaven,2026-08-08,2026-08-08T06:00:00+02:00,2026-08-09T06:00:00+02:00,Nomination,day,220392000.0,kWh/d,DE-TSO-0009,LNG-00083,entry,,2026-08-07T15:53:50+02:00
2026-09-03T00:16:49+00:00,wilhelmshaven,2026-08-09,2026-08-09T06:00:00+02:00,2026-08-10T06:00:00+02:00,Nomination,day,220392000.0,kWh/d,DE-TSO-0009,LNG-00083,entry,,2026-08-08T15:47:30+02:00
2026-09-03T00:16:49+00:00,wilhelmshaven,2026-08-10,2026-08-10T06:00:00+02:00,2026-08-11T06:00:00+02:00,Nomination,day,246552000.0,kWh/d,DE-TSO-0009,LNG-00083,entry,,2026-08-09T15:50:29+02:00
2026-09-03T00:16:49+00:00,wilhelmshaven,2026-08-11,2026-08-11T06:00:00+02:00,2026-08-12T06:00:00+02:00,Nomination,day,246552000.0,kWh/d,DE-TSO-0009,LNG-00083,entry,,2026-08-10T15:40:50+02:00
2026-09-03T00:16:49+00:00,wilhelmshaven,2026-08-12,2026-08-12T06:00:00+02:00,2026-08-13T06:00:00+02:00,Nomination,day,246552000.0,kWh/d,DE-TSO-0009,LNG-00083,entry,,2026-08-11T15:55:30+02:00
2026-09-03T00:16:49+00:00,wilhelmshaven,2026-08-13,2026-08-13T06:00:00+02:00,2026-08-14T06:00:00+02:00,Nomination,day,204633000.0,kWh/d,DE-TSO-0009,LNG-00083,entry,,2026-08-12T15:57:36+02:00
2026-09-03T00:16:49+00:00,wilhelmshaven,2026-08-14,2026-08-14T06:00:00+02:00,2026-08-15T06:00:00+02:00,Nomination,day,200040000.0,kWh/d,DE-TSO-0009,LNG-00083,entry,,2026-08-13T15:48:50+02:00
2026-09-03T00:16:49+00:00,wilhelmshaven,2026-08-15,2026-08-15T06:00:00+02:00,2026-08-16T06:00:00+02:00,Nomination,day,200040000.0,kWh/d,DE-TSO-0009,LNG-00083,entry,,2026-08-14T15:51:29+02:00
2026-09-03T00:16:49+00:00,wilhelmshaven,2026-08-16,2026-08-16T06:00:00+02:00,2026-08-17T06:00:00+02:00,Nomination,day,256800000.0,kWh/d,DE-TSO-0009,LNG-00083,entry,,2026-08-15T15:49:30+02:00
2026-09-03T00:16:49+00:00,wilhelmshaven,2026-08-17,2026-08-17T06:00:00+02:00,2026-08-18T06:00:00+02:00,Nomination,day,284400000.0,kWh/d,DE-TSO-0009,LNG-00083,entry,,2026-08-16T15:48:29+02:00
2026-09-03T00:16:49+00:00,wilhelmshaven,2026-08-18,2026-08-18T06:00:00+02:00,2026-08-19T06:00:00+02:00,Nomination,day,256800000.0,kWh/d,DE-TSO-0009,LNG-00083,entry,,2026-08-17T15:49:10+02:00
2026-09-03T00:16:49+00:00,wilhelmshaven,2026-08-19,2026-08-19T06:00:00+02:00,2026-08-20T06:00:00+02:00,Nomination,day,217753728.0,kWh/d,DE-TSO-0009,LNG-00083,entry,,2026-08-18T16:03:50+02:00
2026-09-03T00:16:49+00:00,wilhelmshaven,2026-08-20,2026-08-20T06:00:00+02:00,2026-08-21T06:00:00+02:00,Nomination,day,245280000.0,kWh/d,DE-TSO-0009,LNG-00083,entry,,2026-08-19T19:48:29+02:00
2026-09-03T00:16:49+00:00,wilhelmshaven,2026-08-21,2026-08-21T06:00:00+02:00,2026-08-22T06:00:00+02:00,Nomination,day,250320000.0,kWh/d,DE-TSO-0009,LNG-00083,entry,,2026-08-20T19:46:29+02:00
2026-09-03T00:16:49+00:00,wilhelmshaven,2026-08-22,2026-08-22T06:00:00+02:00,2026-08-23T06:00:00+02:00,Nomination,day,232080000.0,kWh/d,DE-TSO-0009,LNG-00083,entry,,2026-08-21T19:49:29+02:00
2026-09-03T00:16:49+00:00,wilhelmshaven,2026-08-23,2026-08-23T06:00:00+02:00,2026-08-24T06:00:00+02:00,Nomination,day,232080000.0,kWh/d,DE-TSO-0009,LNG-00083,entry,,2026-08-22T15:50:09+02:00
2026-09-03T00:16:49+00:00,wilhelmshaven,2026-08-24,2026-08-24T06:00:00+02:00,2026-08-25T06:00:00+02:00,Nomination,day,247920000.0,kWh/d,DE-TSO-0009,LNG-00083,entry,,2026-08-23T15:51:49+02:00
2026-09-03T00:16:49+00:00,wilhelmshaven,2026-08-25,2026-08-25T06:00:00+02:00,2026-08-26T06:00:00+02:00,Nomination,day,247920000.0,kWh/d,DE-TSO-0009,LNG-00083,entry,,2026-08-24T15:50:10+02:00
2026-09-03T00:16:49+00:00,wilhelmshaven,2026-08-26,2026-08-26T06:00:00+02:00,2026-08-27T06:00:00+02:00,Nomination,day,247200000.0,kWh/d,DE-TSO-0009,LNG-00083,entry,,2026-08-25T15:48:09+02:00
2026-09-03T00:16:49+00:00,wilhelmshaven,2026-08-27,2026-08-27T06:00:00+02:00,2026-08-28T06:00:00+02:00,Nomination,day,242952000.0,kWh/d,DE-TSO-0009,LNG-00083,entry,,2026-08-26T15:51:10+02:00
2026-09-03T00:16:49+00:00,wilhelmshaven,2026-08-28,2026-08-28T06:00:00+02:00,2026-08-29T06:00:00+02:00,Nomination,day,245712000.0,kWh/d,DE-TSO-0009,LNG-00083,entry,,2026-08-27T19:48:30+02:00
2026-09-03T00:16:49+00:00,wilhelmshaven,2026-08-29,2026-08-29T06:00:00+02:00,2026-08-30T06:00:00+02:00,Nomination,day,247488000.0,kWh/d,DE-TSO-0009,LNG-00083,entry,,2026-08-28T15:49:29+02:00
2026-09-03T00:16:49+00:00,wilhelmshaven,2026-08-30,2026-08-30T06:00:00+02:00,2026-08-31T06:00:00+02:00,Nomination,day,247488000.0,kWh/d,DE-TSO-0009,LNG-00083,entry,,2026-08-29T15:53:01+02:00
2026-09-03T00:16:49+00:00,wilhelmshaven,2026-08-31,2026-08-31T06:00:00+02:00,2026-09-01T06:00:00+02:00,Nomination,day,247200000.0,kWh/d,DE-TSO-0009,LNG-00083,entry,,2026-08-30T15:50:09+02:00
2026-09-03T00:16:49+00:00,wilhelmshaven,2026-09-01,2026-09-01T06:00:00+02:00,2026-09-02T06:00:00+02:00,Nomination,day,247200000.0,kWh/d,DE-TSO-0009,LNG-00083,entry,,2026-08-31T19:48:09+02:00
2026-09-03T00:16:49+00:00,wilhelmshaven,2026-09-02,2026-09-02T06:00:00+02:00,2026-09-03T06:00:00+02:00,Nomination,day,250560000.0,kWh/d,DE-TSO-0009,LNG-00083,entry,,2026-09-01T19:52:09+02:00
2026-09-03T00:16:49+00:00,wilhelmshaven,2026-09-03,2026-09-03T06:00:00+02:00,2026-09-04T06:00:00+02:00,Nomination,day,257676000.0,kWh/d,DE-TSO-0009,LNG-00083,entry,,2026-09-02T20:04:10+02:00
2026-09-03T00:16:49+00:00,brunsbuettel,2026-07-20,2026-07-20T06:00:00+02:00,2026-07-21T06:00:00+02:00,Nomination,day,36000000.0,kWh/d,DE-TSO-0005,LNG-00060,entry,,2026-07-19T15:18:29+02:00
2026-09-03T00:16:49+00:00,brunsbuettel,2026-07-21,2026-07-21T06:00:00+02:00,2026-07-22T06:00:00+02:00,Nomination,day,36000000.0,kWh/d,DE-TSO-0005,LNG-00060,entry,,2026-07-20T15:23:31+02:00
2026-09-03T00:16:49+00:00,brunsbuettel,2026-07-22,2026-07-22T06:00:00+02:00,2026-07-23T06:00:00+02:00,Nomination,day,36000000.0,kWh/d,DE-TSO-0005,LNG-00060,entry,,2026-07-21T15:22:30+02:00
2026-09-03T00:16:49+00:00,brunsbuettel,2026-07-23,2026-07-23T06:00:00+02:00,2026-07-24T06:00:00+02:00,Nomination,day,36000000.0,kWh/d,DE-TSO-0005,LNG-00060,entry,,2026-07-22T15:23:09+02:00
2026-09-03T00:16:49+00:00,brunsbuettel,2026-07-24,2026-07-24T06:00:00+02:00,2026-07-25T06:00:00+02:00,Nomination,day,36000000.0,kWh/d,DE-TSO-0005,LNG-00060,entry,,2026-07-23T15:21:30+02:00
2026-09-03T00:16:49+00:00,brunsbuettel,2026-07-25,2026-07-25T06:00:00+02:00,2026-07-26T06:00:00+02:00,Nomination,day,36000000.0,kWh/d,DE-TSO-0005,LNG-00060,entry,,2026-07-24T15:27:09+02:00
2026-09-03T00:16:49+00:00,brunsbuettel,2026-07-26,2026-07-26T06:00:00+02:00,2026-07-27T06:00:00+02:00,Nomination,day,36000000.0,kWh/d,DE-TSO-0005,LNG-00060,entry,,2026-07-25T15:43:29+02:00
2026-09-03T00:16:49+00:00,brunsbuettel,2026-07-27,2026-07-27T06:00:00+02:00,2026-07-28T06:00:00+02:00,Nomination,day,72000000.0,kWh/d,DE-TSO-0005,LNG-00060,entry,,2026-07-26T15:15:50+02:00
2026-09-03T00:16:49+00:00,brunsbuettel,2026-07-28,2026-07-28T06:00:00+02:00,2026-07-29T06:00:00+02:00,Nomination,day,72000000.0,kWh/d,DE-TSO-0005,LNG-00060,entry,,2026-07-27T15:21:09+02:00
2026-09-03T00:16:49+00:00,brunsbuettel,2026-07-29,2026-07-29T06:00:00+02:00,2026-07-30T06:00:00+02:00,Nomination,day,72000000.0,kWh/d,DE-TSO-0005,LNG-00060,entry,,2026-07-28T15:17:30+02:00
2026-09-03T00:16:49+00:00,brunsbuettel,2026-07-30,2026-07-30T06:00:00+02:00,2026-07-31T06:00:00+02:00,Nomination,day,72000000.0,kWh/d,DE-TSO-0005,LNG-00060,entry,,2026-07-29T15:21:10+02:00
2026-09-03T00:16:49+00:00,brunsbuettel,2026-07-31,2026-07-31T06:00:00+02:00,2026-08-01T06:00:00+02:00,Nomination,day,72000000.0,kWh/d,DE-TSO-0005,LNG-00060,entry,,2026-07-30T15:17:50+02:00
2026-09-03T00:16:49+00:00,brunsbuettel,2026-08-01,2026-08-01T06:00:00+02:00,2026-08-02T06:00:00+02:00,Nomination,day,69480000.0,kWh/d,DE-TSO-0005,LNG-00060,entry,,2026-07-31T15:13:29+02:00
2026-09-03T00:16:49+00:00,brunsbuettel,2026-08-02,2026-08-02T06:00:00+02:00,2026-08-03T06:00:00+02:00,Nomination,day,69480000.0,kWh/d,DE-TSO-0005,LNG-00060,entry,,2026-08-01T15:16:50+02:00
2026-09-03T00:16:49+00:00,brunsbuettel,2026-08-03,2026-08-03T06:00:00+02:00,2026-08-04T06:00:00+02:00,Nomination,day,69480000.0,kWh/d,DE-TSO-0005,LNG-00060,entry,,2026-08-02T15:29:10+02:00
2026-09-03T00:16:49+00:00,brunsbuettel,2026-08-04,2026-08-04T06:00:00+02:00,2026-08-05T06:00:00+02:00,Nomination,day,0.0,kWh/d,DE-TSO-0005,LNG-00060,entry,,2026-08-03T15:14:51+02:00
2026-09-03T00:16:49+00:00,brunsbuettel,2026-08-05,2026-08-05T06:00:00+02:00,2026-08-06T06:00:00+02:00,Nomination,day,36000000.0,kWh/d,DE-TSO-0005,LNG-00060,entry,,2026-08-04T15:18:50+02:00
2026-09-03T00:16:49+00:00,brunsbuettel,2026-08-06,2026-08-06T06:00:00+02:00,2026-08-07T06:00:00+02:00,Nomination,day,0.0,kWh/d,DE-TSO-0005,LNG-00060,entry,,2026-08-05T15:15:29+02:00
2026-09-03T00:16:49+00:00,brunsbuettel,2026-08-07,2026-08-07T06:00:00+02:00,2026-08-08T06:00:00+02:00,Nomination,day,0.0,kWh/d,DE-TSO-0005,LNG-00060,entry,,2026-08-06T15:25:30+02:00
2026-09-03T00:16:49+00:00,brunsbuettel,2026-08-08,2026-08-08T06:00:00+02:00,2026-08-09T06:00:00+02:00,Nomination,day,36000000.0,kWh/d,DE-TSO-0005,LNG-00060,entry,,2026-08-07T15:48:10+02:00
2026-09-03T00:16:49+00:00,brunsbuettel,2026-08-09,2026-08-09T06:00:00+02:00,2026-08-10T06:00:00+02:00,Nomination,day,36000000.0,kWh/d,DE-TSO-0005,LNG-00060,entry,,2026-08-08T15:19:30+02:00
2026-09-03T00:16:49+00:00,brunsbuettel,2026-08-10,2026-08-10T06:00:00+02:00,2026-08-11T06:00:00+02:00,Nomination,day,96000000.0,kWh/d,DE-TSO-0005,LNG-00060,entry,,2026-08-09T15:15:09+02:00
2026-09-03T00:16:49+00:00,brunsbuettel,2026-08-11,2026-08-11T06:00:00+02:00,2026-08-12T06:00:00+02:00,Nomination,day,96000000.0,kWh/d,DE-TSO-0005,LNG-00060,entry,,2026-08-10T15:13:50+02:00
2026-09-03T00:16:49+00:00,brunsbuettel,2026-08-12,2026-08-12T06:00:00+02:00,2026-08-13T06:00:00+02:00,Nomination,day,96000000.0,kWh/d,DE-TSO-0005,LNG-00060,entry,,2026-08-11T15:13:30+02:00
2026-09-03T00:16:49+00:00,brunsbuettel,2026-08-13,2026-08-13T06:00:00+02:00,2026-08-14T06:00:00+02:00,Nomination,day,0.0,kWh/d,DE-TSO-0005,LNG-00060,entry,,2026-08-12T15:13:30+02:00
2026-09-03T00:16:49+00:00,brunsbuettel,2026-08-14,2026-08-14T06:00:00+02:00,2026-08-15T06:00:00+02:00,Nomination,day,0.0,kWh/d,DE-TSO-0005,LNG-00060,entry,,2026-08-13T15:15:09+02:00
2026-09-03T00:16:49+00:00,brunsbuettel,2026-08-15,2026-08-15T06:00:00+02:00,2026-08-16T06:00:00+02:00,Nomination,day,69480000.0,kWh/d,DE-TSO-0005,LNG-00060,entry,,2026-08-14T15:20:49+02:00
2026-09-03T00:16:49+00:00,brunsbuettel,2026-08-16,2026-08-16T06:00:00+02:00,2026-08-17T06:00:00+02:00,Nomination,day,69480000.0,kWh/d,DE-TSO-0005,LNG-00060,entry,,2026-08-15T15:19:30+02:00
2026-09-03T00:16:49+00:00,brunsbuettel,2026-08-17,2026-08-17T06:00:00+02:00,2026-08-18T06:00:00+02:00,Nomination,day,97200000.0,kWh/d,DE-TSO-0005,LNG-00060,entry,,2026-08-16T15:18:30+02:00
2026-09-03T00:16:49+00:00,brunsbuettel,2026-08-18,2026-08-18T06:00:00+02:00,2026-08-19T06:00:00+02:00,Nomination,day,0.0,kWh/d,DE-TSO-0005,LNG-00060,entry,,2026-08-17T15:12:12+02:00
2026-09-03T00:16:49+00:00,brunsbuettel,2026-08-19,2026-08-19T06:00:00+02:00,2026-08-20T06:00:00+02:00,Nomination,day,0.0,kWh/d,DE-TSO-0005,LNG-00060,entry,,2026-08-18T15:26:53+02:00
2026-09-03T00:16:49+00:00,brunsbuettel,2026-08-20,2026-08-20T06:00:00+02:00,2026-08-21T06:00:00+02:00,Nomination,day,0.0,kWh/d,DE-TSO-0005,LNG-00060,entry,,2026-08-19T15:13:50+02:00
2026-09-03T00:16:49+00:00,brunsbuettel,2026-08-21,2026-08-21T06:00:00+02:00,2026-08-22T06:00:00+02:00,Nomination,day,0.0,kWh/d,DE-TSO-0005,LNG-00060,entry,,2026-08-20T15:14:10+02:00
2026-09-03T00:16:49+00:00,brunsbuettel,2026-08-22,2026-08-22T06:00:00+02:00,2026-08-23T06:00:00+02:00,Nomination,day,26400000.0,kWh/d,DE-TSO-0005,LNG-00060,entry,,2026-08-21T15:22:30+02:00
2026-09-03T00:16:49+00:00,brunsbuettel,2026-08-23,2026-08-23T06:00:00+02:00,2026-08-24T06:00:00+02:00,Nomination,day,26400000.0,kWh/d,DE-TSO-0005,LNG-00060,entry,,2026-08-22T15:15:10+02:00
2026-09-03T00:16:49+00:00,brunsbuettel,2026-08-24,2026-08-24T06:00:00+02:00,2026-08-25T06:00:00+02:00,Nomination,day,37680000.0,kWh/d,DE-TSO-0005,LNG-00060,entry,,2026-08-23T15:17:31+02:00
2026-09-03T00:16:49+00:00,brunsbuettel,2026-08-25,2026-08-25T06:00:00+02:00,2026-08-26T06:00:00+02:00,Nomination,day,26400000.0,kWh/d,DE-TSO-0005,LNG-00060,entry,,2026-08-24T15:15:50+02:00
2026-09-03T00:16:49+00:00,brunsbuettel,2026-08-26,2026-08-26T06:00:00+02:00,2026-08-27T06:00:00+02:00,Nomination,day,26400000.0,kWh/d,DE-TSO-0005,LNG-00060,entry,,2026-08-25T15:26:50+02:00
2026-09-03T00:16:49+00:00,brunsbuettel,2026-08-27,2026-08-27T06:00:00+02:00,2026-08-28T06:00:00+02:00,Nomination,day,26400000.0,kWh/d,DE-TSO-0005,LNG-00060,entry,,2026-08-26T15:20:11+02:00
2026-09-03T00:16:49+00:00,brunsbuettel,2026-08-28,2026-08-28T06:00:00+02:00,2026-08-29T06:00:00+02:00,Nomination,day,26400000.0,kWh/d,DE-TSO-0005,LNG-00060,entry,,2026-08-27T15:17:50+02:00
2026-09-03T00:16:49+00:00,brunsbuettel,2026-08-29,2026-08-29T06:00:00+02:00,2026-08-30T06:00:00+02:00,Nomination,day,26400000.0,kWh/d,DE-TSO-0005,LNG-00060,entry,,2026-08-28T15:17:10+02:00
2026-09-03T00:16:49+00:00,brunsbuettel,2026-08-30,2026-08-30T06:00:00+02:00,2026-08-31T06:00:00+02:00,Nomination,day,26400000.0,kWh/d,DE-TSO-0005,LNG-00060,entry,,2026-08-29T15:15:51+02:00
2026-09-03T00:16:49+00:00,brunsbuettel,2026-08-31,2026-08-31T06:00:00+02:00,2026-09-01T06:00:00+02:00,Nomination,day,35064000.0,kWh/d,DE-TSO-0005,LNG-00060,entry,,2026-08-30T15:15:49+02:00
2026-09-03T00:16:49+00:00,brunsbuettel,2026-09-01,2026-09-01T06:00:00+02:00,2026-09-02T06:00:00+02:00,Nomination,day,35064000.0,kWh/d,DE-TSO-0005,LNG-00060,entry,,2026-08-31T15:17:57+02:00
2026-09-03T00:16:49+00:00,brunsbuettel,2026-09-02,2026-09-02T06:00:00+02:00,2026-09-03T06:00:00+02:00,Nomination,day,26400000.0,kWh/d,DE-TSO-0005,LNG-00060,entry,,2026-09-01T16:05:30+02:00
2026-09-03T00:16:49+00:00,brunsbuettel,2026-09-03,2026-09-03T06:00:00+02:00,2026-09-04T06:00:00+02:00,Nomination,day,26400000.0,kWh/d,DE-TSO-0005,LNG-00060,entry,,2026-09-02T15:21:09+02:00
2026-09-03T00:16:49+00:00,mukran,2026-07-20,2026-07-20T06:00:00+02:00,2026-07-21T06:00:00+02:00,Nomination,day,0.0,kWh/d,DE-TSO-0001,LNG-00079,entry,,2026-07-19T14:41:09+02:00
2026-09-03T00:16:49+00:00,mukran,2026-07-21,2026-07-21T06:00:00+02:00,2026-07-22T06:00:00+02:00,Nomination,day,0.0,kWh/d,DE-TSO-0001,LNG-00079,entry,,2026-07-20T14:43:29+02:00
2026-09-03T00:16:49+00:00,mukran,2026-07-22,2026-07-22T06:00:00+02:00,2026-07-23T06:00:00+02:00,Nomination,day,0.0,kWh/d,DE-TSO-0001,LNG-00079,entry,,2026-07-21T14:42:30+02:00
2026-09-03T00:16:49+00:00,mukran,2026-07-23,2026-07-23T06:00:00+02:00,2026-07-24T06:00:00+02:00,Nomination,day,0.0,kWh/d,DE-TSO-0001,LNG-00079,entry,,2026-07-22T14:41:50+02:00
2026-09-03T00:16:49+00:00,mukran,2026-07-24,2026-07-24T06:00:00+02:00,2026-07-25T06:00:00+02:00,Nomination,day,0.0,kWh/d,DE-TSO-0001,LNG-00079,entry,,2026-07-23T14:43:09+02:00
2026-09-03T00:16:49+00:00,mukran,2026-07-25,2026-07-25T06:00:00+02:00,2026-07-26T06:00:00+02:00,Nomination,day,0.0,kWh/d,DE-TSO-0001,LNG-00079,entry,,2026-07-24T14:43:10+02:00
2026-09-03T00:16:49+00:00,mukran,2026-07-26,2026-07-26T06:00:00+02:00,2026-07-27T06:00:00+02:00,Nomination,day,0.0,kWh/d,DE-TSO-0001,LNG-00079,entry,,2026-07-25T14:36:29+02:00
2026-09-03T00:16:49+00:00,mukran,2026-07-27,2026-07-27T06:00:00+02:00,2026-07-28T06:00:00+02:00,Nomination,day,0.0,kWh/d,DE-TSO-0001,LNG-00079,entry,,2026-07-26T14:43:09+02:00
2026-09-03T00:16:49+00:00,mukran,2026-07-28,2026-07-28T06:00:00+02:00,2026-07-29T06:00:00+02:00,Nomination,day,0.0,kWh/d,DE-TSO-0001,LNG-00079,entry,,2026-07-27T14:43:29+02:00
2026-09-03T00:16:49+00:00,mukran,2026-07-29,2026-07-29T06:00:00+02:00,2026-07-30T06:00:00+02:00,Nomination,day,0.0,kWh/d,DE-TSO-0001,LNG-00079,entry,,2026-07-28T14:37:49+02:00
2026-09-03T00:16:49+00:00,mukran,2026-07-30,2026-07-30T06:00:00+02:00,2026-07-31T06:00:00+02:00,Nomination,day,0.0,kWh/d,DE-TSO-0001,LNG-00079,entry,,2026-07-29T14:39:11+02:00
2026-09-03T00:16:49+00:00,mukran,2026-07-31,2026-07-31T06:00:00+02:00,2026-08-01T06:00:00+02:00,Nomination,day,0.0,kWh/d,DE-TSO-0001,LNG-00079,entry,,2026-07-30T14:39:50+02:00
2026-09-03T00:16:49+00:00,mukran,2026-08-01,2026-08-01T06:00:00+02:00,2026-08-02T06:00:00+02:00,Nomination,day,0.0,kWh/d,DE-TSO-0001,LNG-00079,entry,,2026-07-31T14:39:29+02:00
2026-09-03T00:16:49+00:00,mukran,2026-08-02,2026-08-02T06:00:00+02:00,2026-08-03T06:00:00+02:00,Nomination,day,0.0,kWh/d,DE-TSO-0001,LNG-00079,entry,,2026-08-01T14:39:50+02:00
2026-09-03T00:16:49+00:00,mukran,2026-08-03,2026-08-03T06:00:00+02:00,2026-08-04T06:00:00+02:00,Nomination,day,0.0,kWh/d,DE-TSO-0001,LNG-00079,entry,,2026-08-02T14:42:48+02:00
2026-09-03T00:16:49+00:00,mukran,2026-08-04,2026-08-04T06:00:00+02:00,2026-08-05T06:00:00+02:00,Nomination,day,0.0,kWh/d,DE-TSO-0001,LNG-00079,entry,,2026-08-03T14:38:30+02:00
2026-09-03T00:16:49+00:00,mukran,2026-08-05,2026-08-05T06:00:00+02:00,2026-08-06T06:00:00+02:00,Nomination,day,0.0,kWh/d,DE-TSO-0001,LNG-00079,entry,,2026-08-04T14:39:49+02:00
2026-09-03T00:16:49+00:00,mukran,2026-08-06,2026-08-06T06:00:00+02:00,2026-08-07T06:00:00+02:00,Nomination,day,0.0,kWh/d,DE-TSO-0001,LNG-00079,entry,,2026-08-05T14:39:50+02:00
2026-09-03T00:16:49+00:00,mukran,2026-08-07,2026-08-07T06:00:00+02:00,2026-08-08T06:00:00+02:00,Nomination,day,0.0,kWh/d,DE-TSO-0001,LNG-00079,entry,,2026-08-06T14:39:50+02:00
2026-09-03T00:16:49+00:00,mukran,2026-08-08,2026-08-08T06:00:00+02:00,2026-08-09T06:00:00+02:00,Nomination,day,0.0,kWh/d,DE-TSO-0001,LNG-00079,entry,,2026-08-07T14:39:49+02:00
2026-09-03T00:16:49+00:00,mukran,2026-08-09,2026-08-09T06:00:00+02:00,2026-08-10T06:00:00+02:00,Nomination,day,0.0,kWh/d,DE-TSO-0001,LNG-00079,entry,,2026-08-08T14:38:09+02:00
2026-09-03T00:16:49+00:00,mukran,2026-08-10,2026-08-10T06:00:00+02:00,2026-08-11T06:00:00+02:00,Nomination,day,0.0,kWh/d,DE-TSO-0001,LNG-00079,entry,,2026-08-09T14:38:10+02:00
2026-09-03T00:16:49+00:00,mukran,2026-08-11,2026-08-11T06:00:00+02:00,2026-08-12T06:00:00+02:00,Nomination,day,0.0,kWh/d,DE-TSO-0001,LNG-00079,entry,,2026-08-10T14:40:29+02:00
2026-09-03T00:16:49+00:00,mukran,2026-08-12,2026-08-12T06:00:00+02:00,2026-08-13T06:00:00+02:00,Nomination,day,0.0,kWh/d,DE-TSO-0001,LNG-00079,entry,,2026-08-11T14:39:10+02:00
2026-09-03T00:16:49+00:00,mukran,2026-08-13,2026-08-13T06:00:00+02:00,2026-08-14T06:00:00+02:00,Nomination,day,0.0,kWh/d,DE-TSO-0001,LNG-00079,entry,,2026-08-12T14:39:50+02:00
2026-09-03T00:16:49+00:00,mukran,2026-08-14,2026-08-14T06:00:00+02:00,2026-08-15T06:00:00+02:00,Nomination,day,0.0,kWh/d,DE-TSO-0001,LNG-00079,entry,,2026-08-13T14:39:50+02:00
2026-09-03T00:16:49+00:00,mukran,2026-08-15,2026-08-15T06:00:00+02:00,2026-08-16T06:00:00+02:00,Nomination,day,0.0,kWh/d,DE-TSO-0001,LNG-00079,entry,,2026-08-14T14:39:29+02:00
2026-09-03T00:16:49+00:00,mukran,2026-08-16,2026-08-16T06:00:00+02:00,2026-08-17T06:00:00+02:00,Nomination,day,0.0,kWh/d,DE-TSO-0001,LNG-00079,entry,,2026-08-15T14:38:50+02:00
2026-09-03T00:16:49+00:00,mukran,2026-08-17,2026-08-17T06:00:00+02:00,2026-08-18T06:00:00+02:00,Nomination,day,0.0,kWh/d,DE-TSO-0001,LNG-00079,entry,,2026-08-16T14:39:29+02:00
2026-09-03T00:16:49+00:00,mukran,2026-08-18,2026-08-18T06:00:00+02:00,2026-08-19T06:00:00+02:00,Nomination,day,0.0,kWh/d,DE-TSO-0001,LNG-00079,entry,,2026-08-17T14:39:31+02:00
2026-09-03T00:16:49+00:00,mukran,2026-08-19,2026-08-19T06:00:00+02:00,2026-08-20T06:00:00+02:00,Nomination,day,0.0,kWh/d,DE-TSO-0001,LNG-00079,entry,,2026-08-18T14:38:30+02:00
2026-09-03T00:16:49+00:00,mukran,2026-08-20,2026-08-20T06:00:00+02:00,2026-08-21T06:00:00+02:00,Nomination,day,0.0,kWh/d,DE-TSO-0001,LNG-00079,entry,,2026-08-19T14:38:50+02:00
2026-09-03T00:16:49+00:00,mukran,2026-08-21,2026-08-21T06:00:00+02:00,2026-08-22T06:00:00+02:00,Nomination,day,0.0,kWh/d,DE-TSO-0001,LNG-00079,entry,,2026-08-20T14:39:29+02:00
2026-09-03T00:16:49+00:00,mukran,2026-08-22,2026-08-22T06:00:00+02:00,2026-08-23T06:00:00+02:00,Nomination,day,0.0,kWh/d,DE-TSO-0001,LNG-00079,entry,,2026-08-21T14:38:09+02:00
2026-09-03T00:16:49+00:00,mukran,2026-08-23,2026-08-23T06:00:00+02:00,2026-08-24T06:00:00+02:00,Nomination,day,0.0,kWh/d,DE-TSO-0001,LNG-00079,entry,,2026-08-22T14:39:29+02:00
2026-09-03T00:16:49+00:00,mukran,2026-08-24,2026-08-24T06:00:00+02:00,2026-08-25T06:00:00+02:00,Nomination,day,0.0,kWh/d,DE-TSO-0001,LNG-00079,entry,,2026-08-23T14:39:29+02:00
2026-09-03T00:16:49+00:00,mukran,2026-08-25,2026-08-25T06:00:00+02:00,2026-08-26T06:00:00+02:00,Nomination,day,0.0,kWh/d,DE-TSO-0001,LNG-00079,entry,,2026-08-24T14:37:49+02:00
2026-09-03T00:16:49+00:00,mukran,2026-08-26,2026-08-26T06:00:00+02:00,2026-08-27T06:00:00+02:00,Nomination,day,0.0,kWh/d,DE-TSO-0001,LNG-00079,entry,,2026-08-25T14:43:49+02:00
2026-09-03T00:16:49+00:00,mukran,2026-08-27,2026-08-27T06:00:00+02:00,2026-08-28T06:00:00+02:00,Nomination,day,0.0,kWh/d,DE-TSO-0001,LNG-00079,entry,,2026-08-26T14:39:29+02:00
2026-09-03T00:16:49+00:00,mukran,2026-08-28,2026-08-28T06:00:00+02:00,2026-08-29T06:00:00+02:00,Nomination,day,0.0,kWh/d,DE-TSO-0001,LNG-00079,entry,,2026-08-27T14:41:50+02:00
2026-09-03T00:16:49+00:00,mukran,2026-08-29,2026-08-29T06:00:00+02:00,2026-08-30T06:00:00+02:00,Nomination,day,0.0,kWh/d,DE-TSO-0001,LNG-00079,entry,,2026-08-28T14:38:09+02:00
2026-09-03T00:16:49+00:00,mukran,2026-08-30,2026-08-30T06:00:00+02:00,2026-08-31T06:00:00+02:00,Nomination,day,0.0,kWh/d,DE-TSO-0001,LNG-00079,entry,,2026-08-29T14:40:49+02:00
2026-09-03T00:16:49+00:00,mukran,2026-08-31,2026-08-31T06:00:00+02:00,2026-09-01T06:00:00+02:00,Nomination,day,0.0,kWh/d,DE-TSO-0001,LNG-00079,entry,,2026-08-30T14:36:50+02:00
2026-09-03T00:16:49+00:00,mukran,2026-09-01,2026-09-01T06:00:00+02:00,2026-09-02T06:00:00+02:00,Nomination,day,0.0,kWh/d,DE-TSO-0001,LNG-00079,entry,,2026-08-31T14:35:29+02:00
2026-09-03T00:16:49+00:00,mukran,2026-09-02,2026-09-02T06:00:00+02:00,2026-09-03T06:00:00+02:00,Nomination,day,0.0,kWh/d,DE-TSO-0001,LNG-00079,entry,,2026-09-01T14:35:49+02:00
2026-09-03T00:16:49+00:00,mukran,2026-09-03,2026-09-03T06:00:00+02:00,2026-09-04T06:00:00+02:00,Nomination,day,0.0,kWh/d,DE-TSO-0001,LNG-00079,entry,,2026-09-02T14:40:15+02:00
2026-09-03T00:16:49+00:00,mukran,2026-07-20,2026-07-20T06:00:00+02:00,2026-07-21T06:00:00+02:00,Nomination,day,0.0,kWh/d,DE-TSO-0018,LNG-00079,entry,,2026-07-20T15:23:31+02:00
2026-09-03T00:16:49+00:00,mukran,2026-07-21,2026-07-21T06:00:00+02:00,2026-07-22T06:00:00+02:00,Nomination,day,0.0,kWh/d,DE-TSO-0018,LNG-00079,entry,,2026-07-21T15:22:30+02:00
2026-09-03T00:16:49+00:00,mukran,2026-07-22,2026-07-22T06:00:00+02:00,2026-07-23T06:00:00+02:00,Nomination,day,0.0,kWh/d,DE-TSO-0018,LNG-00079,entry,,2026-07-22T15:23:09+02:00
2026-09-03T00:16:49+00:00,mukran,2026-07-23,2026-07-23T06:00:00+02:00,2026-07-24T06:00:00+02:00,Nomination,day,0.0,kWh/d,DE-TSO-0018,LNG-00079,entry,,2026-07-23T15:21:30+02:00
2026-09-03T00:16:49+00:00,mukran,2026-07-24,2026-07-24T06:00:00+02:00,2026-07-25T06:00:00+02:00,Nomination,day,0.0,kWh/d,DE-TSO-0018,LNG-00079,entry,,2026-07-24T15:27:09+02:00
2026-09-03T00:16:49+00:00,mukran,2026-07-25,2026-07-25T06:00:00+02:00,2026-07-26T06:00:00+02:00,Nomination,day,0.0,kWh/d,DE-TSO-0018,LNG-00079,entry,,2026-07-25T15:07:49+02:00
2026-09-03T00:16:49+00:00,mukran,2026-07-26,2026-07-26T06:00:00+02:00,2026-07-27T06:00:00+02:00,Nomination,day,0.0,kWh/d,DE-TSO-0018,LNG-00079,entry,,2026-07-26T15:15:50+02:00
2026-09-03T00:16:49+00:00,mukran,2026-07-27,2026-07-27T06:00:00+02:00,2026-07-28T06:00:00+02:00,Nomination,day,0.0,kWh/d,DE-TSO-0018,LNG-00079,entry,,2026-07-27T15:21:09+02:00
2026-09-03T00:16:49+00:00,mukran,2026-07-28,2026-07-28T06:00:00+02:00,2026-07-29T06:00:00+02:00,Nomination,day,0.0,kWh/d,DE-TSO-0018,LNG-00079,entry,,2026-07-28T19:44:09+02:00
2026-09-03T00:16:49+00:00,mukran,2026-07-29,2026-07-29T06:00:00+02:00,2026-07-30T06:00:00+02:00,Nomination,day,0.0,kWh/d,DE-TSO-0018,LNG-00079,entry,,2026-07-29T15:21:10+02:00
2026-09-03T00:16:49+00:00,mukran,2026-07-30,2026-07-30T06:00:00+02:00,2026-07-31T06:00:00+02:00,Nomination,day,0.0,kWh/d,DE-TSO-0018,LNG-00079,entry,,2026-07-30T15:17:50+02:00
2026-09-03T00:16:49+00:00,mukran,2026-07-31,2026-07-31T06:00:00+02:00,2026-08-01T06:00:00+02:00,Nomination,day,0.0,kWh/d,DE-TSO-0018,LNG-00079,entry,,2026-07-31T15:07:30+02:00
2026-09-03T00:16:49+00:00,mukran,2026-08-01,2026-08-01T06:00:00+02:00,2026-08-02T06:00:00+02:00,Nomination,day,0.0,kWh/d,DE-TSO-0018,LNG-00079,entry,,2026-08-01T15:16:50+02:00
2026-09-03T00:16:49+00:00,mukran,2026-08-02,2026-08-02T06:00:00+02:00,2026-08-03T06:00:00+02:00,Nomination,day,0.0,kWh/d,DE-TSO-0018,LNG-00079,entry,,2026-08-02T15:29:10+02:00
2026-09-03T00:16:49+00:00,mukran,2026-08-03,2026-08-03T06:00:00+02:00,2026-08-04T06:00:00+02:00,Nomination,day,0.0,kWh/d,DE-TSO-0018,LNG-00079,entry,,2026-08-03T15:03:50+02:00
2026-09-03T00:16:49+00:00,mukran,2026-08-04,2026-08-04T06:00:00+02:00,2026-08-05T06:00:00+02:00,Nomination,day,0.0,kWh/d,DE-TSO-0018,LNG-00079,entry,,2026-08-04T15:18:50+02:00
2026-09-03T00:16:49+00:00,mukran,2026-08-05,2026-08-05T06:00:00+02:00,2026-08-06T06:00:00+02:00,Nomination,day,0.0,kWh/d,DE-TSO-0018,LNG-00079,entry,,2026-08-05T15:15:29+02:00
2026-09-03T00:16:49+00:00,mukran,2026-08-06,2026-08-06T06:00:00+02:00,2026-08-07T06:00:00+02:00,Nomination,day,0.0,kWh/d,DE-TSO-0018,LNG-00079,entry,,2026-08-06T15:25:30+02:00
2026-09-03T00:16:49+00:00,mukran,2026-08-07,2026-08-07T06:00:00+02:00,2026-08-08T06:00:00+02:00,Nomination,day,0.0,kWh/d,DE-TSO-0018,LNG-00079,entry,,2026-08-07T15:17:30+02:00
2026-09-03T00:16:49+00:00,mukran,2026-08-08,2026-08-08T06:00:00+02:00,2026-08-09T06:00:00+02:00,Nomination,day,0.0,kWh/d,DE-TSO-0018,LNG-00079,entry,,2026-08-08T15:10:29+02:00
2026-09-03T00:16:49+00:00,mukran,2026-08-09,2026-08-09T06:00:00+02:00,2026-08-10T06:00:00+02:00,Nomination,day,0.0,kWh/d,DE-TSO-0018,LNG-00079,entry,,2026-08-09T15:08:29+02:00
2026-09-03T00:16:49+00:00,mukran,2026-08-10,2026-08-10T06:00:00+02:00,2026-08-11T06:00:00+02:00,Nomination,day,0.0,kWh/d,DE-TSO-0018,LNG-00079,entry,,2026-08-10T15:13:50+02:00
2026-09-03T00:16:49+00:00,mukran,2026-08-11,2026-08-11T06:00:00+02:00,2026-08-12T06:00:00+02:00,Nomination,day,0.0,kWh/d,DE-TSO-0018,LNG-00079,entry,,2026-08-11T15:13:30+02:00
2026-09-03T00:16:49+00:00,mukran,2026-08-12,2026-08-12T06:00:00+02:00,2026-08-13T06:00:00+02:00,Nomination,day,0.0,kWh/d,DE-TSO-0018,LNG-00079,entry,,2026-08-12T15:13:30+02:00
2026-09-03T00:16:49+00:00,mukran,2026-08-13,2026-08-13T06:00:00+02:00,2026-08-14T06:00:00+02:00,Nomination,day,0.0,kWh/d,DE-TSO-0018,LNG-00079,entry,,2026-08-13T15:15:09+02:00
2026-09-03T00:16:49+00:00,mukran,2026-08-14,2026-08-14T06:00:00+02:00,2026-08-15T06:00:00+02:00,Nomination,day,0.0,kWh/d,DE-TSO-0018,LNG-00079,entry,,2026-08-14T15:11:29+02:00
2026-09-03T00:16:49+00:00,mukran,2026-08-15,2026-08-15T06:00:00+02:00,2026-08-16T06:00:00+02:00,Nomination,day,0.0,kWh/d,DE-TSO-0018,LNG-00079,entry,,2026-08-15T15:13:29+02:00
2026-09-03T00:16:49+00:00,mukran,2026-08-16,2026-08-16T06:00:00+02:00,2026-08-17T06:00:00+02:00,Nomination,day,0.0,kWh/d,DE-TSO-0018,LNG-00079,entry,,2026-08-16T15:10:10+02:00
2026-09-03T00:16:49+00:00,mukran,2026-08-17,2026-08-17T06:00:00+02:00,2026-08-18T06:00:00+02:00,Nomination,day,0.0,kWh/d,DE-TSO-0018,LNG-00079,entry,,2026-08-17T15:03:51+02:00
2026-09-03T00:16:49+00:00,mukran,2026-08-18,2026-08-18T06:00:00+02:00,2026-08-19T06:00:00+02:00,Nomination,day,0.0,kWh/d,DE-TSO-0018,LNG-00079,entry,,2026-08-18T15:26:53+02:00
2026-09-03T00:16:49+00:00,mukran,2026-08-19,2026-08-19T06:00:00+02:00,2026-08-20T06:00:00+02:00,Nomination,day,0.0,kWh/d,DE-TSO-0018,LNG-00079,entry,,2026-08-19T15:13:50+02:00
2026-09-03T00:16:49+00:00,mukran,2026-08-20,2026-08-20T06:00:00+02:00,2026-08-21T06:00:00+02:00,Nomination,day,0.0,kWh/d,DE-TSO-0018,LNG-00079,entry,,2026-08-20T15:14:10+02:00
2026-09-03T00:16:49+00:00,mukran,2026-08-21,2026-08-21T06:00:00+02:00,2026-08-22T06:00:00+02:00,Nomination,day,0.0,kWh/d,DE-TSO-0018,LNG-00079,entry,,2026-08-21T15:22:30+02:00
2026-09-03T00:16:49+00:00,mukran,2026-08-22,2026-08-22T06:00:00+02:00,2026-08-23T06:00:00+02:00,Nomination,day,0.0,kWh/d,DE-TSO-0018,LNG-00079,entry,,2026-08-22T15:15:10+02:00
2026-09-03T00:16:49+00:00,mukran,2026-08-23,2026-08-23T06:00:00+02:00,2026-08-24T06:00:00+02:00,Nomination,day,0.0,kWh/d,DE-TSO-0018,LNG-00079,entry,,2026-08-23T15:17:31+02:00
2026-09-03T00:16:49+00:00,mukran,2026-08-24,2026-08-24T06:00:00+02:00,2026-08-25T06:00:00+02:00,Nomination,day,0.0,kWh/d,DE-TSO-0018,LNG-00079,entry,,2026-08-24T15:05:09+02:00
2026-09-03T00:16:49+00:00,mukran,2026-08-25,2026-08-25T06:00:00+02:00,2026-08-26T06:00:00+02:00,Nomination,day,0.0,kWh/d,DE-TSO-0018,LNG-00079,entry,,2026-08-25T15:26:50+02:00
2026-09-03T00:16:49+00:00,mukran,2026-08-26,2026-08-26T06:00:00+02:00,2026-08-27T06:00:00+02:00,Nomination,day,0.0,kWh/d,DE-TSO-0018,LNG-00079,entry,,2026-08-26T15:11:49+02:00
2026-09-03T00:16:49+00:00,mukran,2026-08-27,2026-08-27T06:00:00+02:00,2026-08-28T06:00:00+02:00,Nomination,day,0.0,kWh/d,DE-TSO-0018,LNG-00079,entry,,2026-08-27T15:17:50+02:00
2026-09-03T00:16:49+00:00,mukran,2026-08-28,2026-08-28T06:00:00+02:00,2026-08-29T06:00:00+02:00,Nomination,day,0.0,kWh/d,DE-TSO-0018,LNG-00079,entry,,2026-08-28T15:17:10+02:00
2026-09-03T00:16:49+00:00,mukran,2026-08-29,2026-08-29T06:00:00+02:00,2026-08-30T06:00:00+02:00,Nomination,day,0.0,kWh/d,DE-TSO-0018,LNG-00079,entry,,2026-08-29T15:15:51+02:00
2026-09-03T00:16:49+00:00,mukran,2026-08-30,2026-08-30T06:00:00+02:00,2026-08-31T06:00:00+02:00,Nomination,day,0.0,kWh/d,DE-TSO-0018,LNG-00079,entry,,2026-08-30T15:03:30+02:00
2026-09-03T00:16:49+00:00,mukran,2026-08-31,2026-08-31T06:00:00+02:00,2026-09-01T06:00:00+02:00,Nomination,day,0.0,kWh/d,DE-TSO-0018,LNG-00079,entry,,2026-08-31T15:09:50+02:00
2026-09-03T00:16:49+00:00,mukran,2026-09-01,2026-09-01T06:00:00+02:00,2026-09-02T06:00:00+02:00,Nomination,day,0.0,kWh/d,DE-TSO-0018,LNG-00079,entry,,2026-09-01T15:08:49+02:00
2026-09-03T00:16:49+00:00,mukran,2026-09-02,2026-09-02T06:00:00+02:00,2026-09-03T06:00:00+02:00,Nomination,day,0.0,kWh/d,DE-TSO-0018,LNG-00079,entry,,2026-09-02T15:21:09+02:00
2026-09-03T00:16:49+00:00,mukran,2026-09-03,2026-09-03T06:00:00+02:00,2026-09-04T06:00:00+02:00,Nomination,day,0.0,kWh/d,DE-TSO-0018,LNG-00079,entry,,2026-09-02T15:21:09+02:00
