snapshot_utc,terminal,gas_day,period_from,period_to,indicator,period_type,value_kwh,unit,operator_key,point_key,direction,flow_status,last_update
2026-09-25T00:33:49+00:00,gate,2026-08-11,2026-08-11T06:00:00+02:00,2026-08-12T06:00:00+02:00,Physical Flow,day,461847752.0,kWh/d,NL-TSO-0001,LNG-00027,entry,Confirmed,2026-09-18T09:31:10+02:00
2026-09-25T00:33:49+00:00,gate,2026-08-12,2026-08-12T06:00:00+02:00,2026-08-13T06:00:00+02:00,Physical Flow,day,460919406.0,kWh/d,NL-TSO-0001,LNG-00027,entry,Confirmed,2026-09-18T09:31:10+02:00
2026-09-25T00:33:49+00:00,gate,2026-08-13,2026-08-13T06:00:00+02:00,2026-08-14T06:00:00+02:00,Physical Flow,day,457091524.0,kWh/d,NL-TSO-0001,LNG-00027,entry,Confirmed,2026-09-18T09:31:10+02:00
2026-09-25T00:33:49+00:00,gate,2026-08-14,2026-08-14T06:00:00+02:00,2026-08-15T06:00:00+02:00,Physical Flow,day,452339877.0,kWh/d,NL-TSO-0001,LNG-00027,entry,Confirmed,2026-09-18T09:31:10+02:00
2026-09-25T00:33:49+00:00,gate,2026-08-15,2026-08-15T06:00:00+02:00,2026-08-16T06:00:00+02:00,Physical Flow,day,426550760.0,kWh/d,NL-TSO-0001,LNG-00027,entry,Confirmed,2026-09-18T09:31:10+02:00
2026-09-25T00:33:49+00:00,gate,2026-08-16,2026-08-16T06:00:00+02:00,2026-08-17T06:00:00+02:00,Physical Flow,day,446088118.0,kWh/d,NL-TSO-0001,LNG-00027,entry,Confirmed,2026-09-18T09:31:10+02:00
2026-09-25T00:33:49+00:00,gate,2026-08-17,2026-08-17T06:00:00+02:00,2026-08-18T06:00:00+02:00,Physical Flow,day,463992752.0,kWh/d,NL-TSO-0001,LNG-00027,entry,Confirmed,2026-09-18T09:31:10+02:00
2026-09-25T00:33:49+00:00,gate,2026-08-18,2026-08-18T06:00:00+02:00,2026-08-19T06:00:00+02:00,Physical Flow,day,465606658.0,kWh/d,NL-TSO-0001,LNG-00027,entry,Confirmed,2026-09-18T09:31:10+02:00
2026-09-25T00:33:49+00:00,gate,2026-08-19,2026-08-19T06:00:00+02:00,2026-08-20T06:00:00+02:00,Physical Flow,day,467292191.0,kWh/d,NL-TSO-0001,LNG-00027,entry,Confirmed,2026-09-18T09:31:10+02:00
2026-09-25T00:33:49+00:00,gate,2026-08-20,2026-08-20T06:00:00+02:00,2026-08-21T06:00:00+02:00,Physical Flow,day,465932294.0,kWh/d,NL-TSO-0001,LNG-00027,entry,Confirmed,2026-09-18T09:31:10+02:00
2026-09-25T00:33:49+00:00,gate,2026-08-21,2026-08-21T06:00:00+02:00,2026-08-22T06:00:00+02:00,Physical Flow,day,462539200.0,kWh/d,NL-TSO-0001,LNG-00027,entry,Confirmed,2026-09-18T09:31:10+02:00
2026-09-25T00:33:49+00:00,gate,2026-08-22,2026-08-22T06:00:00+02:00,2026-08-23T06:00:00+02:00,Physical Flow,day,450504504.0,kWh/d,NL-TSO-0001,LNG-00027,entry,Confirmed,2026-09-18T09:31:10+02:00
2026-09-25T00:33:49+00:00,gate,2026-08-23,2026-08-23T06:00:00+02:00,2026-08-24T06:00:00+02:00,Physical Flow,day,451762653.0,kWh/d,NL-TSO-0001,LNG-00027,entry,Confirmed,2026-09-18T09:31:10+02:00
2026-09-25T00:33:49+00:00,gate,2026-08-24,2026-08-24T06:00:00+02:00,2026-08-25T06:00:00+02:00,Physical Flow,day,451414731.0,kWh/d,NL-TSO-0001,LNG-00027,entry,Confirmed,2026-09-18T09:31:10+02:00
2026-09-25T00:33:49+00:00,gate,2026-08-25,2026-08-25T06:00:00+02:00,2026-08-26T06:00:00+02:00,Physical Flow,day,450946586.0,kWh/d,NL-TSO-0001,LNG-00027,entry,Confirmed,2026-09-18T09:31:10+02:00
2026-09-25T00:33:49+00:00,gate,2026-08-26,2026-08-26T06:00:00+02:00,2026-08-27T06:00:00+02:00,Physical Flow,day,448635535.0,kWh/d,NL-TSO-0001,LNG-00027,entry,Confirmed,2026-09-18T09:31:10+02:00
2026-09-25T00:33:49+00:00,gate,2026-08-27,2026-08-27T06:00:00+02:00,2026-08-28T06:00:00+02:00,Physical Flow,day,448291150.0,kWh/d,NL-TSO-0001,LNG-00027,entry,Confirmed,2026-09-18T09:31:10+02:00
2026-09-25T00:33:49+00:00,gate,2026-08-28,2026-08-28T06:00:00+02:00,2026-08-29T06:00:00+02:00,Physical Flow,day,448798254.0,kWh/d,NL-TSO-0001,LNG-00027,entry,Confirmed,2026-09-18T09:31:10+02:00
2026-09-25T00:33:49+00:00,gate,2026-08-29,2026-08-29T06:00:00+02:00,2026-08-30T06:00:00+02:00,Physical Flow,day,447909473.0,kWh/d,NL-TSO-0001,LNG-00027,entry,Confirmed,2026-09-18T09:31:10+02:00
2026-09-25T00:33:49+00:00,gate,2026-08-30,2026-08-30T06:00:00+02:00,2026-08-31T06:00:00+02:00,Physical Flow,day,448192895.0,kWh/d,NL-TSO-0001,LNG-00027,entry,Confirmed,2026-09-18T09:31:10+02:00
2026-09-25T00:33:49+00:00,gate,2026-08-31,2026-08-31T06:00:00+02:00,2026-09-01T06:00:00+02:00,Physical Flow,day,440005345.0,kWh/d,NL-TSO-0001,LNG-00027,entry,Confirmed,2026-09-18T09:31:10+02:00
2026-09-25T00:33:49+00:00,gate,2026-09-01,2026-09-01T06:00:00+02:00,2026-09-02T06:00:00+02:00,Physical Flow,day,485595000.0,kWh/d,NL-TSO-0001,LNG-00027,entry,Provisional,2026-09-02T09:31:30+02:00
2026-09-25T00:33:49+00:00,gate,2026-09-02,2026-09-02T06:00:00+02:00,2026-09-03T06:00:00+02:00,Physical Flow,day,449909167.0,kWh/d,NL-TSO-0001,LNG-00027,entry,Provisional,2026-09-03T09:28:09+02:00
2026-09-25T00:33:49+00:00,gate,2026-09-03,2026-09-03T06:00:00+02:00,2026-09-04T06:00:00+02:00,Physical Flow,day,450855556.0,kWh/d,NL-TSO-0001,LNG-00027,entry,Provisional,2026-09-04T09:40:09+02:00
2026-09-25T00:33:49+00:00,gate,2026-09-04,2026-09-04T06:00:00+02:00,2026-09-05T06:00:00+02:00,Physical Flow,day,458184167.0,kWh/d,NL-TSO-0001,LNG-00027,entry,Provisional,2026-09-05T09:28:49+02:00
2026-09-25T00:33:49+00:00,gate,2026-09-05,2026-09-05T06:00:00+02:00,2026-09-06T06:00:00+02:00,Physical Flow,day,457741111.0,kWh/d,NL-TSO-0001,LNG-00027,entry,Provisional,2026-09-06T09:25:29+02:00
2026-09-25T00:33:49+00:00,gate,2026-09-06,2026-09-06T06:00:00+02:00,2026-09-07T06:00:00+02:00,Physical Flow,day,457808611.0,kWh/d,NL-TSO-0001,LNG-00027,entry,Provisional,2026-09-07T09:30:29+02:00
2026-09-25T00:33:49+00:00,gate,2026-09-07,2026-09-07T06:00:00+02:00,2026-09-08T06:00:00+02:00,Physical Flow,day,458488333.0,kWh/d,NL-TSO-0001,LNG-00027,entry,Provisional,2026-09-08T09:36:29+02:00
2026-09-25T00:33:49+00:00,gate,2026-09-08,2026-09-08T06:00:00+02:00,2026-09-09T06:00:00+02:00,Physical Flow,day,468437778.0,kWh/d,NL-TSO-0001,LNG-00027,entry,Provisional,2026-09-09T09:35:50+02:00
2026-09-25T00:33:49+00:00,gate,2026-09-09,2026-09-09T06:00:00+02:00,2026-09-10T06:00:00+02:00,Physical Flow,day,448178056.0,kWh/d,NL-TSO-0001,LNG-00027,entry,Provisional,2026-09-11T09:37:49+02:00
2026-09-25T00:33:49+00:00,gate,2026-09-10,2026-09-10T06:00:00+02:00,2026-09-11T06:00:00+02:00,Physical Flow,day,472511944.0,kWh/d,NL-TSO-0001,LNG-00027,entry,Provisional,2026-09-11T09:37:49+02:00
2026-09-25T00:33:49+00:00,gate,2026-09-11,2026-09-11T06:00:00+02:00,2026-09-12T06:00:00+02:00,Physical Flow,day,473229722.0,kWh/d,NL-TSO-0001,LNG-00027,entry,Provisional,2026-09-14T12:39:50+02:00
2026-09-25T00:33:49+00:00,gate,2026-09-12,2026-09-12T06:00:00+02:00,2026-09-13T06:00:00+02:00,Physical Flow,day,467755556.0,kWh/d,NL-TSO-0001,LNG-00027,entry,Provisional,2026-09-14T14:52:09+02:00
2026-09-25T00:33:49+00:00,gate,2026-09-13,2026-09-13T06:00:00+02:00,2026-09-14T06:00:00+02:00,Physical Flow,day,467150833.0,kWh/d,NL-TSO-0001,LNG-00027,entry,Provisional,2026-09-14T21:23:50+02:00
2026-09-25T00:33:49+00:00,gate,2026-09-14,2026-09-14T06:00:00+02:00,2026-09-15T06:00:00+02:00,Physical Flow,day,482766111.0,kWh/d,NL-TSO-0001,LNG-00027,entry,Provisional,2026-09-15T09:47:29+02:00
2026-09-25T00:33:49+00:00,gate,2026-09-15,2026-09-15T06:00:00+02:00,2026-09-16T06:00:00+02:00,Physical Flow,day,480403056.0,kWh/d,NL-TSO-0001,LNG-00027,entry,Provisional,2026-09-16T09:45:49+02:00
2026-09-25T00:33:49+00:00,gate,2026-09-16,2026-09-16T06:00:00+02:00,2026-09-17T06:00:00+02:00,Physical Flow,day,483247222.0,kWh/d,NL-TSO-0001,LNG-00027,entry,Provisional,2026-09-17T09:46:09+02:00
2026-09-25T00:33:49+00:00,gate,2026-09-17,2026-09-17T06:00:00+02:00,2026-09-18T06:00:00+02:00,Physical Flow,day,486004495.0,kWh/d,NL-TSO-0001,LNG-00027,entry,Provisional,2026-09-18T09:31:10+02:00
2026-09-25T00:33:49+00:00,gate,2026-09-18,2026-09-18T06:00:00+02:00,2026-09-19T06:00:00+02:00,Physical Flow,day,487734848.0,kWh/d,NL-TSO-0001,LNG-00027,entry,Provisional,2026-09-19T09:28:49+02:00
2026-09-25T00:33:49+00:00,gate,2026-09-19,2026-09-19T06:00:00+02:00,2026-09-20T06:00:00+02:00,Physical Flow,day,477709545.0,kWh/d,NL-TSO-0001,LNG-00027,entry,Provisional,2026-09-20T09:31:29+02:00
2026-09-25T00:33:49+00:00,gate,2026-09-20,2026-09-20T06:00:00+02:00,2026-09-21T06:00:00+02:00,Physical Flow,day,477424343.0,kWh/d,NL-TSO-0001,LNG-00027,entry,Provisional,2026-09-21T09:43:09+02:00
2026-09-25T00:33:49+00:00,gate,2026-09-21,2026-09-21T06:00:00+02:00,2026-09-22T06:00:00+02:00,Physical Flow,day,488203131.0,kWh/d,NL-TSO-0001,LNG-00027,entry,Provisional,2026-09-22T09:42:49+02:00
2026-09-25T00:33:49+00:00,gate,2026-09-22,2026-09-22T06:00:00+02:00,2026-09-23T06:00:00+02:00,Physical Flow,day,485049040.0,kWh/d,NL-TSO-0001,LNG-00027,entry,Provisional,2026-09-23T09:36:09+02:00
2026-09-25T00:33:49+00:00,eems,2026-08-11,2026-08-11T06:00:00+02:00,2026-08-12T06:00:00+02:00,Physical Flow,day,251435096.0,kWh/d,NL-TSO-0001,LNG-00068,entry,Confirmed,2026-09-03T09:28:09+02:00
2026-09-25T00:33:49+00:00,eems,2026-08-12,2026-08-12T06:00:00+02:00,2026-08-13T06:00:00+02:00,Physical Flow,day,277039485.0,kWh/d,NL-TSO-0001,LNG-00068,entry,Confirmed,2026-09-03T09:28:09+02:00
2026-09-25T00:33:49+00:00,eems,2026-08-13,2026-08-13T06:00:00+02:00,2026-08-14T06:00:00+02:00,Physical Flow,day,277805889.0,kWh/d,NL-TSO-0001,LNG-00068,entry,Confirmed,2026-09-03T09:28:09+02:00
2026-09-25T00:33:49+00:00,eems,2026-08-14,2026-08-14T06:00:00+02:00,2026-08-15T06:00:00+02:00,Physical Flow,day,277336553.0,kWh/d,NL-TSO-0001,LNG-00068,entry,Confirmed,2026-09-03T09:28:09+02:00
2026-09-25T00:33:49+00:00,eems,2026-08-15,2026-08-15T06:00:00+02:00,2026-08-16T06:00:00+02:00,Physical Flow,day,309413919.0,kWh/d,NL-TSO-0001,LNG-00068,entry,Confirmed,2026-09-03T09:28:09+02:00
2026-09-25T00:33:49+00:00,eems,2026-08-16,2026-08-16T06:00:00+02:00,2026-08-17T06:00:00+02:00,Physical Flow,day,307049647.0,kWh/d,NL-TSO-0001,LNG-00068,entry,Confirmed,2026-09-03T09:28:09+02:00
2026-09-25T00:33:49+00:00,eems,2026-08-17,2026-08-17T06:00:00+02:00,2026-08-18T06:00:00+02:00,Physical Flow,day,306830533.0,kWh/d,NL-TSO-0001,LNG-00068,entry,Confirmed,2026-09-03T09:28:09+02:00
2026-09-25T00:33:49+00:00,eems,2026-08-18,2026-08-18T06:00:00+02:00,2026-08-19T06:00:00+02:00,Physical Flow,day,181472190.0,kWh/d,NL-TSO-0001,LNG-00068,entry,Confirmed,2026-09-03T09:28:09+02:00
2026-09-25T00:33:49+00:00,eems,2026-08-19,2026-08-19T06:00:00+02:00,2026-08-20T06:00:00+02:00,Physical Flow,day,219834575.0,kWh/d,NL-TSO-0001,LNG-00068,entry,Confirmed,2026-09-03T09:28:09+02:00
2026-09-25T00:33:49+00:00,eems,2026-08-20,2026-08-20T06:00:00+02:00,2026-08-21T06:00:00+02:00,Physical Flow,day,219323758.0,kWh/d,NL-TSO-0001,LNG-00068,entry,Confirmed,2026-09-03T09:28:09+02:00
2026-09-25T00:33:49+00:00,eems,2026-08-21,2026-08-21T06:00:00+02:00,2026-08-22T06:00:00+02:00,Physical Flow,day,218068378.0,kWh/d,NL-TSO-0001,LNG-00068,entry,Confirmed,2026-09-03T09:28:09+02:00
2026-09-25T00:33:49+00:00,eems,2026-08-22,2026-08-22T06:00:00+02:00,2026-08-23T06:00:00+02:00,Physical Flow,day,173602495.0,kWh/d,NL-TSO-0001,LNG-00068,entry,Confirmed,2026-09-03T09:28:09+02:00
2026-09-25T00:33:49+00:00,eems,2026-08-23,2026-08-23T06:00:00+02:00,2026-08-24T06:00:00+02:00,Physical Flow,day,175043955.0,kWh/d,NL-TSO-0001,LNG-00068,entry,Confirmed,2026-09-03T09:28:09+02:00
2026-09-25T00:33:49+00:00,eems,2026-08-24,2026-08-24T06:00:00+02:00,2026-08-25T06:00:00+02:00,Physical Flow,day,188319768.0,kWh/d,NL-TSO-0001,LNG-00068,entry,Confirmed,2026-09-03T09:28:09+02:00
2026-09-25T00:33:49+00:00,eems,2026-08-25,2026-08-25T06:00:00+02:00,2026-08-26T06:00:00+02:00,Physical Flow,day,187388111.0,kWh/d,NL-TSO-0001,LNG-00068,entry,Confirmed,2026-09-03T09:28:09+02:00
2026-09-25T00:33:49+00:00,eems,2026-08-26,2026-08-26T06:00:00+02:00,2026-08-27T06:00:00+02:00,Physical Flow,day,252921336.0,kWh/d,NL-TSO-0001,LNG-00068,entry,Confirmed,2026-09-03T09:28:09+02:00
2026-09-25T00:33:49+00:00,eems,2026-08-27,2026-08-27T06:00:00+02:00,2026-08-28T06:00:00+02:00,Physical Flow,day,250505700.0,kWh/d,NL-TSO-0001,LNG-00068,entry,Confirmed,2026-09-03T09:28:09+02:00
2026-09-25T00:33:49+00:00,eems,2026-08-28,2026-08-28T06:00:00+02:00,2026-08-29T06:00:00+02:00,Physical Flow,day,249424027.0,kWh/d,NL-TSO-0001,LNG-00068,entry,Confirmed,2026-09-03T09:28:09+02:00
2026-09-25T00:33:49+00:00,eems,2026-08-29,2026-08-29T06:00:00+02:00,2026-08-30T06:00:00+02:00,Physical Flow,day,301197420.0,kWh/d,NL-TSO-0001,LNG-00068,entry,Confirmed,2026-09-03T09:28:09+02:00
2026-09-25T00:33:49+00:00,eems,2026-08-30,2026-08-30T06:00:00+02:00,2026-08-31T06:00:00+02:00,Physical Flow,day,297408225.0,kWh/d,NL-TSO-0001,LNG-00068,entry,Confirmed,2026-09-03T09:28:09+02:00
2026-09-25T00:33:49+00:00,eems,2026-08-31,2026-08-31T06:00:00+02:00,2026-09-01T06:00:00+02:00,Physical Flow,day,299410649.0,kWh/d,NL-TSO-0001,LNG-00068,entry,Confirmed,2026-09-04T09:40:09+02:00
2026-09-25T00:33:49+00:00,eems,2026-09-01,2026-09-01T06:00:00+02:00,2026-09-02T06:00:00+02:00,Physical Flow,day,307481667.0,kWh/d,NL-TSO-0001,LNG-00068,entry,Provisional,2026-09-02T09:31:30+02:00
2026-09-25T00:33:49+00:00,eems,2026-09-02,2026-09-02T06:00:00+02:00,2026-09-03T06:00:00+02:00,Physical Flow,day,314971000.0,kWh/d,NL-TSO-0001,LNG-00068,entry,Provisional,2026-09-03T09:28:09+02:00
2026-09-25T00:33:49+00:00,eems,2026-09-03,2026-09-03T06:00:00+02:00,2026-09-04T06:00:00+02:00,Physical Flow,day,315302795.0,kWh/d,NL-TSO-0001,LNG-00068,entry,Provisional,2026-09-04T09:40:09+02:00
2026-09-25T00:33:49+00:00,eems,2026-09-04,2026-09-04T06:00:00+02:00,2026-09-05T06:00:00+02:00,Physical Flow,day,285156571.0,kWh/d,NL-TSO-0001,LNG-00068,entry,Provisional,2026-09-05T09:28:49+02:00
2026-09-25T00:33:49+00:00,eems,2026-09-05,2026-09-05T06:00:00+02:00,2026-09-06T06:00:00+02:00,Physical Flow,day,134022511.0,kWh/d,NL-TSO-0001,LNG-00068,entry,Provisional,2026-09-06T09:25:29+02:00
2026-09-25T00:33:49+00:00,eems,2026-09-06,2026-09-06T06:00:00+02:00,2026-09-07T06:00:00+02:00,Physical Flow,day,140312500.0,kWh/d,NL-TSO-0001,LNG-00068,entry,Provisional,2026-09-07T09:30:29+02:00
2026-09-25T00:33:49+00:00,eems,2026-09-07,2026-09-07T06:00:00+02:00,2026-09-08T06:00:00+02:00,Physical Flow,day,156616990.0,kWh/d,NL-TSO-0001,LNG-00068,entry,Provisional,2026-09-08T09:36:29+02:00
2026-09-25T00:33:49+00:00,eems,2026-09-08,2026-09-08T06:00:00+02:00,2026-09-09T06:00:00+02:00,Physical Flow,day,25139587.0,kWh/d,NL-TSO-0001,LNG-00068,entry,Provisional,2026-09-09T09:35:50+02:00
2026-09-25T00:33:49+00:00,eems,2026-09-09,2026-09-09T06:00:00+02:00,2026-09-10T06:00:00+02:00,Physical Flow,day,46177222.0,kWh/d,NL-TSO-0001,LNG-00068,entry,Provisional,2026-09-11T09:37:49+02:00
2026-09-25T00:33:49+00:00,eems,2026-09-10,2026-09-10T06:00:00+02:00,2026-09-11T06:00:00+02:00,Physical Flow,day,46210833.0,kWh/d,NL-TSO-0001,LNG-00068,entry,Provisional,2026-09-11T09:37:49+02:00
2026-09-25T00:33:49+00:00,eems,2026-09-11,2026-09-11T06:00:00+02:00,2026-09-12T06:00:00+02:00,Physical Flow,day,46290556.0,kWh/d,NL-TSO-0001,LNG-00068,entry,Provisional,2026-09-14T12:39:50+02:00
2026-09-25T00:33:49+00:00,eems,2026-09-12,2026-09-12T06:00:00+02:00,2026-09-13T06:00:00+02:00,Physical Flow,day,119128889.0,kWh/d,NL-TSO-0001,LNG-00068,entry,Provisional,2026-09-14T14:52:09+02:00
2026-09-25T00:33:49+00:00,eems,2026-09-13,2026-09-13T06:00:00+02:00,2026-09-14T06:00:00+02:00,Physical Flow,day,121643611.0,kWh/d,NL-TSO-0001,LNG-00068,entry,Provisional,2026-09-14T21:23:50+02:00
2026-09-25T00:33:49+00:00,eems,2026-09-14,2026-09-14T06:00:00+02:00,2026-09-15T06:00:00+02:00,Physical Flow,day,228769722.0,kWh/d,NL-TSO-0001,LNG-00068,entry,Provisional,2026-09-15T09:47:29+02:00
2026-09-25T00:33:49+00:00,eems,2026-09-15,2026-09-15T06:00:00+02:00,2026-09-16T06:00:00+02:00,Physical Flow,day,251505000.0,kWh/d,NL-TSO-0001,LNG-00068,entry,Provisional,2026-09-16T09:45:49+02:00
2026-09-25T00:33:49+00:00,eems,2026-09-16,2026-09-16T06:00:00+02:00,2026-09-17T06:00:00+02:00,Physical Flow,day,246843611.0,kWh/d,NL-TSO-0001,LNG-00068,entry,Provisional,2026-09-17T09:46:09+02:00
2026-09-25T00:33:49+00:00,eems,2026-09-17,2026-09-17T06:00:00+02:00,2026-09-18T06:00:00+02:00,Physical Flow,day,248553889.0,kWh/d,NL-TSO-0001,LNG-00068,entry,Provisional,2026-09-18T09:31:10+02:00
2026-09-25T00:33:49+00:00,eems,2026-09-18,2026-09-18T06:00:00+02:00,2026-09-19T06:00:00+02:00,Physical Flow,day,250700556.0,kWh/d,NL-TSO-0001,LNG-00068,entry,Provisional,2026-09-19T09:28:49+02:00
2026-09-25T00:33:49+00:00,eems,2026-09-19,2026-09-19T06:00:00+02:00,2026-09-20T06:00:00+02:00,Physical Flow,day,276990000.0,kWh/d,NL-TSO-0001,LNG-00068,entry,Provisional,2026-09-20T09:31:29+02:00
2026-09-25T00:33:49+00:00,eems,2026-09-20,2026-09-20T06:00:00+02:00,2026-09-21T06:00:00+02:00,Physical Flow,day,275025278.0,kWh/d,NL-TSO-0001,LNG-00068,entry,Provisional,2026-09-21T09:43:09+02:00
2026-09-25T00:33:49+00:00,eems,2026-09-21,2026-09-21T06:00:00+02:00,2026-09-22T06:00:00+02:00,Physical Flow,day,274957500.0,kWh/d,NL-TSO-0001,LNG-00068,entry,Provisional,2026-09-22T09:42:49+02:00
2026-09-25T00:33:49+00:00,eems,2026-09-22,2026-09-22T06:00:00+02:00,2026-09-23T06:00:00+02:00,Physical Flow,day,253108611.0,kWh/d,NL-TSO-0001,LNG-00068,entry,Provisional,2026-09-23T09:36:09+02:00
2026-09-25T00:33:49+00:00,zeebrugge,2026-08-11,2026-08-11T06:00:00+02:00,2026-08-12T06:00:00+02:00,Physical Flow,day,21990304.0,kWh/d,BE-TSO-0001,LNG-00017,entry,Confirmed,2026-09-20T01:03:50+02:00
2026-09-25T00:33:49+00:00,zeebrugge,2026-08-12,2026-08-12T06:00:00+02:00,2026-08-13T06:00:00+02:00,Physical Flow,day,34731178.0,kWh/d,BE-TSO-0001,LNG-00017,entry,Confirmed,2026-09-20T01:03:50+02:00
2026-09-25T00:33:49+00:00,zeebrugge,2026-08-13,2026-08-13T06:00:00+02:00,2026-08-14T06:00:00+02:00,Physical Flow,day,32616034.0,kWh/d,BE-TSO-0001,LNG-00017,entry,Confirmed,2026-09-20T01:03:50+02:00
2026-09-25T00:33:49+00:00,zeebrugge,2026-08-14,2026-08-14T06:00:00+02:00,2026-08-15T06:00:00+02:00,Physical Flow,day,27365453.0,kWh/d,BE-TSO-0001,LNG-00017,entry,Confirmed,2026-09-20T01:03:50+02:00
2026-09-25T00:33:49+00:00,zeebrugge,2026-08-15,2026-08-15T06:00:00+02:00,2026-08-16T06:00:00+02:00,Physical Flow,day,31329282.0,kWh/d,BE-TSO-0001,LNG-00017,entry,Confirmed,2026-09-20T01:03:50+02:00
2026-09-25T00:33:49+00:00,zeebrugge,2026-08-16,2026-08-16T06:00:00+02:00,2026-08-17T06:00:00+02:00,Physical Flow,day,39270072.0,kWh/d,BE-TSO-0001,LNG-00017,entry,Confirmed,2026-09-20T01:03:50+02:00
2026-09-25T00:33:49+00:00,zeebrugge,2026-08-17,2026-08-17T06:00:00+02:00,2026-08-18T06:00:00+02:00,Physical Flow,day,25149489.0,kWh/d,BE-TSO-0001,LNG-00017,entry,Confirmed,2026-09-20T01:03:50+02:00
2026-09-25T00:33:49+00:00,zeebrugge,2026-08-18,2026-08-18T06:00:00+02:00,2026-08-19T06:00:00+02:00,Physical Flow,day,51454681.0,kWh/d,BE-TSO-0001,LNG-00017,entry,Confirmed,2026-09-20T01:03:50+02:00
2026-09-25T00:33:49+00:00,zeebrugge,2026-08-19,2026-08-19T06:00:00+02:00,2026-08-20T06:00:00+02:00,Physical Flow,day,44426650.0,kWh/d,BE-TSO-0001,LNG-00017,entry,Confirmed,2026-09-20T01:03:50+02:00
2026-09-25T00:33:49+00:00,zeebrugge,2026-08-20,2026-08-20T06:00:00+02:00,2026-08-21T06:00:00+02:00,Physical Flow,day,54254323.0,kWh/d,BE-TSO-0001,LNG-00017,entry,Confirmed,2026-09-20T01:03:50+02:00
2026-09-25T00:33:49+00:00,zeebrugge,2026-08-21,2026-08-21T06:00:00+02:00,2026-08-22T06:00:00+02:00,Physical Flow,day,51393569.0,kWh/d,BE-TSO-0001,LNG-00017,entry,Confirmed,2026-09-20T01:03:50+02:00
2026-09-25T00:33:49+00:00,zeebrugge,2026-08-22,2026-08-22T06:00:00+02:00,2026-08-23T06:00:00+02:00,Physical Flow,day,38180651.0,kWh/d,BE-TSO-0001,LNG-00017,entry,Confirmed,2026-09-20T01:03:50+02:00
2026-09-25T00:33:49+00:00,zeebrugge,2026-08-23,2026-08-23T06:00:00+02:00,2026-08-24T06:00:00+02:00,Physical Flow,day,37685907.0,kWh/d,BE-TSO-0001,LNG-00017,entry,Confirmed,2026-09-20T01:03:50+02:00
2026-09-25T00:33:49+00:00,zeebrugge,2026-08-24,2026-08-24T06:00:00+02:00,2026-08-25T06:00:00+02:00,Physical Flow,day,52496079.0,kWh/d,BE-TSO-0001,LNG-00017,entry,Confirmed,2026-09-20T01:03:50+02:00
2026-09-25T00:33:49+00:00,zeebrugge,2026-08-25,2026-08-25T06:00:00+02:00,2026-08-26T06:00:00+02:00,Physical Flow,day,63886015.0,kWh/d,BE-TSO-0001,LNG-00017,entry,Confirmed,2026-09-20T01:03:50+02:00
2026-09-25T00:33:49+00:00,zeebrugge,2026-08-26,2026-08-26T06:00:00+02:00,2026-08-27T06:00:00+02:00,Physical Flow,day,48865047.0,kWh/d,BE-TSO-0001,LNG-00017,entry,Confirmed,2026-09-20T01:03:50+02:00
2026-09-25T00:33:49+00:00,zeebrugge,2026-08-27,2026-08-27T06:00:00+02:00,2026-08-28T06:00:00+02:00,Physical Flow,day,145691610.0,kWh/d,BE-TSO-0001,LNG-00017,entry,Confirmed,2026-09-20T01:03:50+02:00
2026-09-25T00:33:49+00:00,zeebrugge,2026-08-28,2026-08-28T06:00:00+02:00,2026-08-29T06:00:00+02:00,Physical Flow,day,97704597.0,kWh/d,BE-TSO-0001,LNG-00017,entry,Confirmed,2026-09-20T01:03:50+02:00
2026-09-25T00:33:49+00:00,zeebrugge,2026-08-29,2026-08-29T06:00:00+02:00,2026-08-30T06:00:00+02:00,Physical Flow,day,65776200.0,kWh/d,BE-TSO-0001,LNG-00017,entry,Confirmed,2026-09-20T01:03:50+02:00
2026-09-25T00:33:49+00:00,zeebrugge,2026-08-30,2026-08-30T06:00:00+02:00,2026-08-31T06:00:00+02:00,Physical Flow,day,165432130.0,kWh/d,BE-TSO-0001,LNG-00017,entry,Confirmed,2026-09-20T01:03:50+02:00
2026-09-25T00:33:49+00:00,zeebrugge,2026-08-31,2026-08-31T06:00:00+02:00,2026-09-01T06:00:00+02:00,Physical Flow,day,191374317.0,kWh/d,BE-TSO-0001,LNG-00017,entry,Confirmed,2026-09-20T01:03:50+02:00
2026-09-25T00:33:49+00:00,zeebrugge,2026-09-01,2026-09-01T06:00:00+02:00,2026-09-02T06:00:00+02:00,Physical Flow,day,217198959.0,kWh/d,BE-TSO-0001,LNG-00017,entry,Confirmed,2026-09-02T10:36:29+02:00
2026-09-25T00:33:49+00:00,zeebrugge,2026-09-02,2026-09-02T06:00:00+02:00,2026-09-03T06:00:00+02:00,Physical Flow,day,304055094.0,kWh/d,BE-TSO-0001,LNG-00017,entry,Confirmed,2026-09-03T10:34:29+02:00
2026-09-25T00:33:49+00:00,zeebrugge,2026-09-03,2026-09-03T06:00:00+02:00,2026-09-04T06:00:00+02:00,Physical Flow,day,275512163.0,kWh/d,BE-TSO-0001,LNG-00017,entry,Confirmed,2026-09-04T10:33:30+02:00
2026-09-25T00:33:49+00:00,zeebrugge,2026-09-04,2026-09-04T06:00:00+02:00,2026-09-05T06:00:00+02:00,Physical Flow,day,261400997.0,kWh/d,BE-TSO-0001,LNG-00017,entry,Confirmed,2026-09-05T10:33:49+02:00
2026-09-25T00:33:49+00:00,zeebrugge,2026-09-05,2026-09-05T06:00:00+02:00,2026-09-06T06:00:00+02:00,Physical Flow,day,291496513.0,kWh/d,BE-TSO-0001,LNG-00017,entry,Confirmed,2026-09-06T10:33:49+02:00
2026-09-25T00:33:49+00:00,zeebrugge,2026-09-06,2026-09-06T06:00:00+02:00,2026-09-07T06:00:00+02:00,Physical Flow,day,246297705.0,kWh/d,BE-TSO-0001,LNG-00017,entry,Confirmed,2026-09-07T10:38:30+02:00
2026-09-25T00:33:49+00:00,zeebrugge,2026-09-07,2026-09-07T06:00:00+02:00,2026-09-08T06:00:00+02:00,Physical Flow,day,296843992.0,kWh/d,BE-TSO-0001,LNG-00017,entry,Confirmed,2026-09-08T10:37:29+02:00
2026-09-25T00:33:49+00:00,zeebrugge,2026-09-08,2026-09-08T06:00:00+02:00,2026-09-09T06:00:00+02:00,Physical Flow,day,226893902.0,kWh/d,BE-TSO-0001,LNG-00017,entry,Confirmed,2026-09-09T10:37:29+02:00
2026-09-25T00:33:49+00:00,zeebrugge,2026-09-09,2026-09-09T06:00:00+02:00,2026-09-10T06:00:00+02:00,Physical Flow,day,196054102.0,kWh/d,BE-TSO-0001,LNG-00017,entry,Confirmed,2026-09-10T10:38:09+02:00
2026-09-25T00:33:49+00:00,zeebrugge,2026-09-10,2026-09-10T06:00:00+02:00,2026-09-11T06:00:00+02:00,Physical Flow,day,213563417.0,kWh/d,BE-TSO-0001,LNG-00017,entry,Confirmed,2026-09-11T10:36:29+02:00
2026-09-25T00:33:49+00:00,zeebrugge,2026-09-11,2026-09-11T06:00:00+02:00,2026-09-12T06:00:00+02:00,Physical Flow,day,222468559.0,kWh/d,BE-TSO-0001,LNG-00017,entry,Confirmed,2026-09-14T12:10:29+02:00
2026-09-25T00:33:49+00:00,zeebrugge,2026-09-12,2026-09-12T06:00:00+02:00,2026-09-13T06:00:00+02:00,Physical Flow,day,105003183.0,kWh/d,BE-TSO-0001,LNG-00017,entry,Confirmed,2026-09-14T15:42:09+02:00
2026-09-25T00:33:49+00:00,zeebrugge,2026-09-13,2026-09-13T06:00:00+02:00,2026-09-14T06:00:00+02:00,Physical Flow,day,106630289.0,kWh/d,BE-TSO-0001,LNG-00017,entry,Confirmed,2026-09-14T21:53:29+02:00
2026-09-25T00:33:49+00:00,zeebrugge,2026-09-14,2026-09-14T06:00:00+02:00,2026-09-15T06:00:00+02:00,Physical Flow,day,91788382.0,kWh/d,BE-TSO-0001,LNG-00017,entry,Confirmed,2026-09-16T09:59:09+02:00
2026-09-25T00:33:49+00:00,zeebrugge,2026-09-15,2026-09-15T06:00:00+02:00,2026-09-16T06:00:00+02:00,Physical Flow,day,108733078.0,kWh/d,BE-TSO-0001,LNG-00017,entry,Confirmed,2026-09-16T10:37:29+02:00
2026-09-25T00:33:49+00:00,zeebrugge,2026-09-16,2026-09-16T06:00:00+02:00,2026-09-17T06:00:00+02:00,Physical Flow,day,104807638.0,kWh/d,BE-TSO-0001,LNG-00017,entry,Confirmed,2026-09-17T10:35:09+02:00
2026-09-25T00:33:49+00:00,zeebrugge,2026-09-17,2026-09-17T06:00:00+02:00,2026-09-18T06:00:00+02:00,Physical Flow,day,113626886.0,kWh/d,BE-TSO-0001,LNG-00017,entry,Confirmed,2026-09-18T10:34:29+02:00
2026-09-25T00:33:49+00:00,zeebrugge,2026-09-18,2026-09-18T06:00:00+02:00,2026-09-19T06:00:00+02:00,Physical Flow,day,115932990.0,kWh/d,BE-TSO-0001,LNG-00017,entry,Confirmed,2026-09-19T10:34:29+02:00
2026-09-25T00:33:49+00:00,zeebrugge,2026-09-19,2026-09-19T06:00:00+02:00,2026-09-20T06:00:00+02:00,Physical Flow,day,126252746.0,kWh/d,BE-TSO-0001,LNG-00017,entry,Confirmed,2026-09-20T10:36:10+02:00
2026-09-25T00:33:49+00:00,zeebrugge,2026-09-20,2026-09-20T06:00:00+02:00,2026-09-21T06:00:00+02:00,Physical Flow,day,175541036.0,kWh/d,BE-TSO-0001,LNG-00017,entry,Confirmed,2026-09-21T10:35:29+02:00
2026-09-25T00:33:49+00:00,zeebrugge,2026-09-21,2026-09-21T06:00:00+02:00,2026-09-22T06:00:00+02:00,Physical Flow,day,216032770.0,kWh/d,BE-TSO-0001,LNG-00017,entry,Confirmed,2026-09-22T10:36:09+02:00
2026-09-25T00:33:49+00:00,zeebrugge,2026-09-22,2026-09-22T06:00:00+02:00,2026-09-23T06:00:00+02:00,Physical Flow,day,263784382.0,kWh/d,BE-TSO-0001,LNG-00017,entry,Confirmed,2026-09-23T10:34:30+02:00
2026-09-25T00:33:49+00:00,zeebrugge,2026-09-23,2026-09-23T06:00:00+02:00,2026-09-24T06:00:00+02:00,Physical Flow,day,267054694.0,kWh/d,BE-TSO-0001,LNG-00017,entry,Confirmed,2026-09-24T10:37:09+02:00
2026-09-25T00:33:49+00:00,dunkerque,2026-08-11,2026-08-11T06:00:00+02:00,2026-08-12T06:00:00+02:00,Physical Flow,day,256608992.0,kWh/d,FR-TSO-0003,LNG-00003,entry,Provisional,2026-09-14T01:03:29+02:00
2026-09-25T00:33:49+00:00,dunkerque,2026-08-12,2026-08-12T06:00:00+02:00,2026-08-13T06:00:00+02:00,Physical Flow,day,256334584.0,kWh/d,FR-TSO-0003,LNG-00003,entry,Provisional,2026-09-14T01:03:29+02:00
2026-09-25T00:33:49+00:00,dunkerque,2026-08-13,2026-08-13T06:00:00+02:00,2026-08-14T06:00:00+02:00,Physical Flow,day,281777333.0,kWh/d,FR-TSO-0003,LNG-00003,entry,Provisional,2026-09-14T01:03:29+02:00
2026-09-25T00:33:49+00:00,dunkerque,2026-08-14,2026-08-14T06:00:00+02:00,2026-08-15T06:00:00+02:00,Physical Flow,day,248378115.0,kWh/d,FR-TSO-0003,LNG-00003,entry,Provisional,2026-09-14T01:03:29+02:00
2026-09-25T00:33:49+00:00,dunkerque,2026-08-15,2026-08-15T06:00:00+02:00,2026-08-16T06:00:00+02:00,Physical Flow,day,221799159.0,kWh/d,FR-TSO-0003,LNG-00003,entry,Provisional,2026-09-14T01:03:29+02:00
2026-09-25T00:33:49+00:00,dunkerque,2026-08-16,2026-08-16T06:00:00+02:00,2026-08-17T06:00:00+02:00,Physical Flow,day,221702501.0,kWh/d,FR-TSO-0003,LNG-00003,entry,Provisional,2026-09-14T01:03:29+02:00
2026-09-25T00:33:49+00:00,dunkerque,2026-08-17,2026-08-17T06:00:00+02:00,2026-08-18T06:00:00+02:00,Physical Flow,day,227460274.0,kWh/d,FR-TSO-0003,LNG-00003,entry,Provisional,2026-09-14T01:03:29+02:00
2026-09-25T00:33:49+00:00,dunkerque,2026-08-18,2026-08-18T06:00:00+02:00,2026-08-19T06:00:00+02:00,Physical Flow,day,361094143.0,kWh/d,FR-TSO-0003,LNG-00003,entry,Provisional,2026-09-14T01:03:29+02:00
2026-09-25T00:33:49+00:00,dunkerque,2026-08-19,2026-08-19T06:00:00+02:00,2026-08-20T06:00:00+02:00,Physical Flow,day,362351054.0,kWh/d,FR-TSO-0003,LNG-00003,entry,Provisional,2026-09-14T01:03:29+02:00
2026-09-25T00:33:49+00:00,dunkerque,2026-08-20,2026-08-20T06:00:00+02:00,2026-08-21T06:00:00+02:00,Physical Flow,day,428048600.0,kWh/d,FR-TSO-0003,LNG-00003,entry,Provisional,2026-09-14T01:03:29+02:00
2026-09-25T00:33:49+00:00,dunkerque,2026-08-21,2026-08-21T06:00:00+02:00,2026-08-22T06:00:00+02:00,Physical Flow,day,532691361.0,kWh/d,FR-TSO-0003,LNG-00003,entry,Provisional,2026-09-14T01:03:29+02:00
2026-09-25T00:33:49+00:00,dunkerque,2026-08-22,2026-08-22T06:00:00+02:00,2026-08-23T06:00:00+02:00,Physical Flow,day,374367325.0,kWh/d,FR-TSO-0003,LNG-00003,entry,Provisional,2026-09-14T01:03:29+02:00
2026-09-25T00:33:49+00:00,dunkerque,2026-08-23,2026-08-23T06:00:00+02:00,2026-08-24T06:00:00+02:00,Physical Flow,day,370490471.0,kWh/d,FR-TSO-0003,LNG-00003,entry,Provisional,2026-09-14T01:03:29+02:00
2026-09-25T00:33:49+00:00,dunkerque,2026-08-24,2026-08-24T06:00:00+02:00,2026-08-25T06:00:00+02:00,Physical Flow,day,489720260.0,kWh/d,FR-TSO-0003,LNG-00003,entry,Provisional,2026-09-14T01:03:29+02:00
2026-09-25T00:33:49+00:00,dunkerque,2026-08-25,2026-08-25T06:00:00+02:00,2026-08-26T06:00:00+02:00,Physical Flow,day,387733625.0,kWh/d,FR-TSO-0003,LNG-00003,entry,Provisional,2026-09-14T01:03:29+02:00
2026-09-25T00:33:49+00:00,dunkerque,2026-08-26,2026-08-26T06:00:00+02:00,2026-08-27T06:00:00+02:00,Physical Flow,day,410572406.0,kWh/d,FR-TSO-0003,LNG-00003,entry,Provisional,2026-09-14T01:03:29+02:00
2026-09-25T00:33:49+00:00,dunkerque,2026-08-27,2026-08-27T06:00:00+02:00,2026-08-28T06:00:00+02:00,Physical Flow,day,358746614.0,kWh/d,FR-TSO-0003,LNG-00003,entry,Provisional,2026-08-29T15:15:51+02:00
2026-09-25T00:33:49+00:00,dunkerque,2026-08-28,2026-08-28T06:00:00+02:00,2026-08-29T06:00:00+02:00,Physical Flow,day,250496565.0,kWh/d,FR-TSO-0003,LNG-00003,entry,Provisional,2026-08-30T15:03:30+02:00
2026-09-25T00:33:49+00:00,dunkerque,2026-08-29,2026-08-29T06:00:00+02:00,2026-08-30T06:00:00+02:00,Physical Flow,day,290665395.0,kWh/d,FR-TSO-0003,LNG-00003,entry,Provisional,2026-08-31T15:09:50+02:00
2026-09-25T00:33:49+00:00,dunkerque,2026-08-30,2026-08-30T06:00:00+02:00,2026-08-31T06:00:00+02:00,Physical Flow,day,197104972.0,kWh/d,FR-TSO-0003,LNG-00003,entry,Provisional,2026-09-01T15:08:49+02:00
2026-09-25T00:33:49+00:00,dunkerque,2026-08-31,2026-08-31T06:00:00+02:00,2026-09-01T06:00:00+02:00,Physical Flow,day,194470843.0,kWh/d,FR-TSO-0003,LNG-00003,entry,Provisional,2026-09-02T15:21:09+02:00
2026-09-25T00:33:49+00:00,dunkerque,2026-09-01,2026-09-01T06:00:00+02:00,2026-09-02T06:00:00+02:00,Physical Flow,day,360023295.0,kWh/d,FR-TSO-0003,LNG-00003,entry,Provisional,2026-09-03T15:28:29+02:00
2026-09-25T00:33:49+00:00,dunkerque,2026-09-02,2026-09-02T06:00:00+02:00,2026-09-03T06:00:00+02:00,Physical Flow,day,376608972.0,kWh/d,FR-TSO-0003,LNG-00003,entry,Provisional,2026-09-04T15:12:09+02:00
2026-09-25T00:33:49+00:00,dunkerque,2026-09-03,2026-09-03T06:00:00+02:00,2026-09-04T06:00:00+02:00,Physical Flow,day,382945482.0,kWh/d,FR-TSO-0003,LNG-00003,entry,Provisional,2026-09-05T15:12:53+02:00
2026-09-25T00:33:49+00:00,dunkerque,2026-09-04,2026-09-04T06:00:00+02:00,2026-09-05T06:00:00+02:00,Physical Flow,day,428008414.0,kWh/d,FR-TSO-0003,LNG-00003,entry,Provisional,2026-09-06T15:18:50+02:00
2026-09-25T00:33:49+00:00,dunkerque,2026-09-05,2026-09-05T06:00:00+02:00,2026-09-06T06:00:00+02:00,Physical Flow,day,476583216.0,kWh/d,FR-TSO-0003,LNG-00003,entry,Provisional,2026-09-07T15:14:09+02:00
2026-09-25T00:33:49+00:00,dunkerque,2026-09-06,2026-09-06T06:00:00+02:00,2026-09-07T06:00:00+02:00,Physical Flow,day,478663733.0,kWh/d,FR-TSO-0003,LNG-00003,entry,Provisional,2026-09-08T15:18:49+02:00
2026-09-25T00:33:49+00:00,dunkerque,2026-09-07,2026-09-07T06:00:00+02:00,2026-09-08T06:00:00+02:00,Physical Flow,day,486897018.0,kWh/d,FR-TSO-0003,LNG-00003,entry,Provisional,2026-09-09T15:28:10+02:00
2026-09-25T00:33:49+00:00,dunkerque,2026-09-08,2026-09-08T06:00:00+02:00,2026-09-09T06:00:00+02:00,Physical Flow,day,493809501.0,kWh/d,FR-TSO-0003,LNG-00003,entry,Provisional,2026-09-10T15:30:10+02:00
2026-09-25T00:33:49+00:00,dunkerque,2026-09-09,2026-09-09T06:00:00+02:00,2026-09-10T06:00:00+02:00,Physical Flow,day,496487435.0,kWh/d,FR-TSO-0003,LNG-00003,entry,Provisional,2026-09-11T15:18:10+02:00
2026-09-25T00:33:49+00:00,dunkerque,2026-09-10,2026-09-10T06:00:00+02:00,2026-09-11T06:00:00+02:00,Physical Flow,day,506503392.0,kWh/d,FR-TSO-0003,LNG-00003,entry,Provisional,2026-09-12T15:14:50+02:00
2026-09-25T00:33:49+00:00,dunkerque,2026-09-11,2026-09-11T06:00:00+02:00,2026-09-12T06:00:00+02:00,Physical Flow,day,516301326.0,kWh/d,FR-TSO-0003,LNG-00003,entry,Provisional,2026-09-13T15:04:49+02:00
2026-09-25T00:33:49+00:00,dunkerque,2026-09-12,2026-09-12T06:00:00+02:00,2026-09-13T06:00:00+02:00,Physical Flow,day,509559304.0,kWh/d,FR-TSO-0003,LNG-00003,entry,Provisional,2026-09-15T02:40:29+02:00
2026-09-25T00:33:49+00:00,dunkerque,2026-09-13,2026-09-13T06:00:00+02:00,2026-09-14T06:00:00+02:00,Physical Flow,day,506856567.0,kWh/d,FR-TSO-0003,LNG-00003,entry,Provisional,2026-09-15T15:17:49+02:00
2026-09-25T00:33:49+00:00,dunkerque,2026-09-14,2026-09-14T06:00:00+02:00,2026-09-15T06:00:00+02:00,Physical Flow,day,514550762.0,kWh/d,FR-TSO-0003,LNG-00003,entry,Provisional,2026-09-16T15:23:09+02:00
2026-09-25T00:33:49+00:00,dunkerque,2026-09-15,2026-09-15T06:00:00+02:00,2026-09-16T06:00:00+02:00,Physical Flow,day,21190045.0,kWh/d,FR-TSO-0003,LNG-00003,entry,Provisional,2026-09-17T15:18:29+02:00
2026-09-25T00:33:49+00:00,dunkerque,2026-09-16,2026-09-16T06:00:00+02:00,2026-09-17T06:00:00+02:00,Physical Flow,day,385106912.0,kWh/d,FR-TSO-0003,LNG-00003,entry,Provisional,2026-09-18T15:23:49+02:00
2026-09-25T00:33:49+00:00,dunkerque,2026-09-17,2026-09-17T06:00:00+02:00,2026-09-18T06:00:00+02:00,Physical Flow,day,559469422.0,kWh/d,FR-TSO-0003,LNG-00003,entry,Provisional,2026-09-19T15:11:49+02:00
2026-09-25T00:33:49+00:00,dunkerque,2026-09-18,2026-09-18T06:00:00+02:00,2026-09-19T06:00:00+02:00,Physical Flow,day,560373831.0,kWh/d,FR-TSO-0003,LNG-00003,entry,Provisional,2026-09-20T15:21:30+02:00
2026-09-25T00:33:49+00:00,dunkerque,2026-09-19,2026-09-19T06:00:00+02:00,2026-09-20T06:00:00+02:00,Physical Flow,day,509919029.0,kWh/d,FR-TSO-0003,LNG-00003,entry,Provisional,2026-09-21T15:18:29+02:00
2026-09-25T00:33:49+00:00,dunkerque,2026-09-20,2026-09-20T06:00:00+02:00,2026-09-21T06:00:00+02:00,Physical Flow,day,511150520.0,kWh/d,FR-TSO-0003,LNG-00003,entry,Provisional,2026-09-22T15:27:50+02:00
2026-09-25T00:33:49+00:00,dunkerque,2026-09-21,2026-09-21T06:00:00+02:00,2026-09-22T06:00:00+02:00,Physical Flow,day,561938421.0,kWh/d,FR-TSO-0003,LNG-00003,entry,Provisional,2026-09-23T15:07:50+02:00
2026-09-25T00:33:49+00:00,dunkerque,2026-09-22,2026-09-22T06:00:00+02:00,2026-09-23T06:00:00+02:00,Physical Flow,day,527749899.0,kWh/d,FR-TSO-0003,LNG-00003,entry,Provisional,2026-09-24T15:09:29+02:00
2026-09-25T00:33:49+00:00,dunkerque,2026-09-23,2026-09-23T06:00:00+02:00,2026-09-24T06:00:00+02:00,Physical Flow,day,574100147.0,kWh/d,FR-TSO-0003,LNG-00003,entry,Provisional,2026-09-24T15:09:29+02:00
2026-09-25T00:33:49+00:00,grain,2026-08-11,2026-08-11T06:00:00+02:00,2026-08-12T06:00:00+02:00,Physical Flow,day,0.0,kWh/d,UK-TSO-0001,LNG-00008,entry,Confirmed,2026-09-23T19:02:50+02:00
2026-09-25T00:33:49+00:00,grain,2026-08-12,2026-08-12T06:00:00+02:00,2026-08-13T06:00:00+02:00,Physical Flow,day,654705.0,kWh/d,UK-TSO-0001,LNG-00008,entry,Confirmed,2026-09-23T19:02:50+02:00
2026-09-25T00:33:49+00:00,grain,2026-08-13,2026-08-13T06:00:00+02:00,2026-08-14T06:00:00+02:00,Physical Flow,day,0.0,kWh/d,UK-TSO-0001,LNG-00008,entry,Confirmed,2026-09-23T19:02:50+02:00
2026-09-25T00:33:49+00:00,grain,2026-08-14,2026-08-14T06:00:00+02:00,2026-08-15T06:00:00+02:00,Physical Flow,day,0.0,kWh/d,UK-TSO-0001,LNG-00008,entry,Confirmed,2026-09-23T19:02:50+02:00
2026-09-25T00:33:49+00:00,grain,2026-08-15,2026-08-15T06:00:00+02:00,2026-08-16T06:00:00+02:00,Physical Flow,day,0.0,kWh/d,UK-TSO-0001,LNG-00008,entry,Confirmed,2026-09-23T19:02:50+02:00
2026-09-25T00:33:49+00:00,grain,2026-08-16,2026-08-16T06:00:00+02:00,2026-08-17T06:00:00+02:00,Physical Flow,day,0.0,kWh/d,UK-TSO-0001,LNG-00008,entry,Confirmed,2026-09-23T19:02:50+02:00
2026-09-25T00:33:49+00:00,grain,2026-08-17,2026-08-17T06:00:00+02:00,2026-08-18T06:00:00+02:00,Physical Flow,day,0.0,kWh/d,UK-TSO-0001,LNG-00008,entry,Confirmed,2026-09-23T19:02:50+02:00
2026-09-25T00:33:49+00:00,grain,2026-08-18,2026-08-18T06:00:00+02:00,2026-08-19T06:00:00+02:00,Physical Flow,day,0.0,kWh/d,UK-TSO-0001,LNG-00008,entry,Confirmed,2026-09-23T19:02:50+02:00
2026-09-25T00:33:49+00:00,grain,2026-08-19,2026-08-19T06:00:00+02:00,2026-08-20T06:00:00+02:00,Physical Flow,day,0.0,kWh/d,UK-TSO-0001,LNG-00008,entry,Confirmed,2026-09-23T19:02:50+02:00
2026-09-25T00:33:49+00:00,grain,2026-08-20,2026-08-20T06:00:00+02:00,2026-08-21T06:00:00+02:00,Physical Flow,day,0.0,kWh/d,UK-TSO-0001,LNG-00008,entry,Confirmed,2026-09-23T19:02:50+02:00
2026-09-25T00:33:49+00:00,grain,2026-08-21,2026-08-21T06:00:00+02:00,2026-08-22T06:00:00+02:00,Physical Flow,day,0.0,kWh/d,UK-TSO-0001,LNG-00008,entry,Confirmed,2026-09-23T19:02:50+02:00
2026-09-25T00:33:49+00:00,grain,2026-08-22,2026-08-22T06:00:00+02:00,2026-08-23T06:00:00+02:00,Physical Flow,day,0.0,kWh/d,UK-TSO-0001,LNG-00008,entry,Confirmed,2026-09-23T19:02:50+02:00
2026-09-25T00:33:49+00:00,grain,2026-08-23,2026-08-23T06:00:00+02:00,2026-08-24T06:00:00+02:00,Physical Flow,day,0.0,kWh/d,UK-TSO-0001,LNG-00008,entry,Confirmed,2026-09-23T19:02:50+02:00
2026-09-25T00:33:49+00:00,grain,2026-08-24,2026-08-24T06:00:00+02:00,2026-08-25T06:00:00+02:00,Physical Flow,day,0.0,kWh/d,UK-TSO-0001,LNG-00008,entry,Confirmed,2026-09-23T19:02:50+02:00
2026-09-25T00:33:49+00:00,grain,2026-08-25,2026-08-25T06:00:00+02:00,2026-08-26T06:00:00+02:00,Physical Flow,day,0.0,kWh/d,UK-TSO-0001,LNG-00008,entry,Confirmed,2026-09-23T19:02:50+02:00
2026-09-25T00:33:49+00:00,grain,2026-08-26,2026-08-26T06:00:00+02:00,2026-08-27T06:00:00+02:00,Physical Flow,day,0.0,kWh/d,UK-TSO-0001,LNG-00008,entry,Confirmed,2026-09-23T19:02:50+02:00
2026-09-25T00:33:49+00:00,grain,2026-08-27,2026-08-27T06:00:00+02:00,2026-08-28T06:00:00+02:00,Physical Flow,day,0.0,kWh/d,UK-TSO-0001,LNG-00008,entry,Confirmed,2026-09-23T19:02:50+02:00
2026-09-25T00:33:49+00:00,grain,2026-08-28,2026-08-28T06:00:00+02:00,2026-08-29T06:00:00+02:00,Physical Flow,day,0.0,kWh/d,UK-TSO-0001,LNG-00008,entry,Confirmed,2026-09-23T19:02:50+02:00
2026-09-25T00:33:49+00:00,grain,2026-08-29,2026-08-29T06:00:00+02:00,2026-08-30T06:00:00+02:00,Physical Flow,day,0.0,kWh/d,UK-TSO-0001,LNG-00008,entry,Confirmed,2026-09-23T19:02:50+02:00
2026-09-25T00:33:49+00:00,grain,2026-08-30,2026-08-30T06:00:00+02:00,2026-08-31T06:00:00+02:00,Physical Flow,day,0.0,kWh/d,UK-TSO-0001,LNG-00008,entry,Confirmed,2026-09-23T19:02:50+02:00
2026-09-25T00:33:49+00:00,grain,2026-08-31,2026-08-31T06:00:00+02:00,2026-09-01T06:00:00+02:00,Physical Flow,day,0.0,kWh/d,UK-TSO-0001,LNG-00008,entry,Confirmed,2026-09-23T19:02:50+02:00
2026-09-25T00:33:49+00:00,grain,2026-09-01,2026-09-01T06:00:00+02:00,2026-09-02T06:00:00+02:00,Physical Flow,day,0.0,kWh/d,UK-TSO-0001,LNG-00008,entry,Provisional,2026-09-05T17:53:29+02:00
2026-09-25T00:33:49+00:00,grain,2026-09-02,2026-09-02T06:00:00+02:00,2026-09-03T06:00:00+02:00,Physical Flow,day,0.0,kWh/d,UK-TSO-0001,LNG-00008,entry,Provisional,2026-09-05T17:53:29+02:00
2026-09-25T00:33:49+00:00,grain,2026-09-03,2026-09-03T06:00:00+02:00,2026-09-04T06:00:00+02:00,Physical Flow,day,0.0,kWh/d,UK-TSO-0001,LNG-00008,entry,Provisional,2026-09-09T18:01:49+02:00
2026-09-25T00:33:49+00:00,grain,2026-09-04,2026-09-04T06:00:00+02:00,2026-09-05T06:00:00+02:00,Physical Flow,day,196411.0,kWh/d,UK-TSO-0001,LNG-00008,entry,Provisional,2026-09-10T18:02:29+02:00
2026-09-25T00:33:49+00:00,grain,2026-09-05,2026-09-05T06:00:00+02:00,2026-09-06T06:00:00+02:00,Physical Flow,day,0.0,kWh/d,UK-TSO-0001,LNG-00008,entry,Provisional,2026-09-11T17:54:10+02:00
2026-09-25T00:33:49+00:00,grain,2026-09-06,2026-09-06T06:00:00+02:00,2026-09-07T06:00:00+02:00,Physical Flow,day,0.0,kWh/d,UK-TSO-0001,LNG-00008,entry,Provisional,2026-09-12T17:53:09+02:00
2026-09-25T00:33:49+00:00,grain,2026-09-07,2026-09-07T06:00:00+02:00,2026-09-08T06:00:00+02:00,Physical Flow,day,212579.0,kWh/d,UK-TSO-0001,LNG-00008,entry,Provisional,2026-09-11T17:54:10+02:00
2026-09-25T00:33:49+00:00,grain,2026-09-08,2026-09-08T06:00:00+02:00,2026-09-09T06:00:00+02:00,Physical Flow,day,0.0,kWh/d,UK-TSO-0001,LNG-00008,entry,Provisional,2026-09-15T03:28:30+02:00
2026-09-25T00:33:49+00:00,grain,2026-09-09,2026-09-09T06:00:00+02:00,2026-09-10T06:00:00+02:00,Physical Flow,day,0.0,kWh/d,UK-TSO-0001,LNG-00008,entry,Provisional,2026-09-12T17:53:09+02:00
2026-09-25T00:33:49+00:00,grain,2026-09-10,2026-09-10T06:00:00+02:00,2026-09-11T06:00:00+02:00,Physical Flow,day,0.0,kWh/d,UK-TSO-0001,LNG-00008,entry,Provisional,2026-09-16T17:54:49+02:00
2026-09-25T00:33:49+00:00,grain,2026-09-11,2026-09-11T06:00:00+02:00,2026-09-12T06:00:00+02:00,Physical Flow,day,0.0,kWh/d,UK-TSO-0001,LNG-00008,entry,Provisional,2026-09-16T17:54:49+02:00
2026-09-25T00:33:49+00:00,grain,2026-09-12,2026-09-12T06:00:00+02:00,2026-09-13T06:00:00+02:00,Physical Flow,day,0.0,kWh/d,UK-TSO-0001,LNG-00008,entry,Provisional,2026-09-18T17:54:29+02:00
2026-09-25T00:33:49+00:00,grain,2026-09-13,2026-09-13T06:00:00+02:00,2026-09-14T06:00:00+02:00,Physical Flow,day,0.0,kWh/d,UK-TSO-0001,LNG-00008,entry,Provisional,2026-09-19T17:53:50+02:00
2026-09-25T00:33:49+00:00,grain,2026-09-14,2026-09-14T06:00:00+02:00,2026-09-15T06:00:00+02:00,Physical Flow,day,0.0,kWh/d,UK-TSO-0001,LNG-00008,entry,Provisional,2026-09-20T17:54:29+02:00
2026-09-25T00:33:49+00:00,grain,2026-09-15,2026-09-15T06:00:00+02:00,2026-09-16T06:00:00+02:00,Physical Flow,day,0.0,kWh/d,UK-TSO-0001,LNG-00008,entry,Provisional,2026-09-21T17:54:29+02:00
2026-09-25T00:33:49+00:00,grain,2026-09-16,2026-09-16T06:00:00+02:00,2026-09-17T06:00:00+02:00,Physical Flow,day,0.0,kWh/d,UK-TSO-0001,LNG-00008,entry,Provisional,2026-09-20T17:54:29+02:00
2026-09-25T00:33:49+00:00,grain,2026-09-17,2026-09-17T06:00:00+02:00,2026-09-18T06:00:00+02:00,Physical Flow,day,0.0,kWh/d,UK-TSO-0001,LNG-00008,entry,Provisional,2026-09-22T18:01:49+02:00
2026-09-25T00:33:49+00:00,grain,2026-09-18,2026-09-18T06:00:00+02:00,2026-09-19T06:00:00+02:00,Physical Flow,day,0.0,kWh/d,UK-TSO-0001,LNG-00008,entry,Provisional,2026-09-24T18:59:49+02:00
2026-09-25T00:33:49+00:00,grain,2026-09-19,2026-09-19T06:00:00+02:00,2026-09-20T06:00:00+02:00,Physical Flow,day,0.0,kWh/d,UK-TSO-0001,LNG-00008,entry,Provisional,2026-09-25T01:52:09+02:00
2026-09-25T00:33:49+00:00,grain,2026-09-20,2026-09-20T06:00:00+02:00,2026-09-21T06:00:00+02:00,Physical Flow,day,0.0,kWh/d,UK-TSO-0001,LNG-00008,entry,Provisional,2026-09-25T01:52:09+02:00
2026-09-25T00:33:49+00:00,grain,2026-09-21,2026-09-21T06:00:00+02:00,2026-09-22T06:00:00+02:00,Physical Flow,day,49820059.0,kWh/d,UK-TSO-0001,LNG-00008,entry,Provisional,2026-09-25T01:52:09+02:00
2026-09-25T00:33:49+00:00,grain,2026-09-22,2026-09-22T06:00:00+02:00,2026-09-23T06:00:00+02:00,Physical Flow,day,69995411.0,kWh/d,UK-TSO-0001,LNG-00008,entry,Provisional,2026-09-25T01:52:09+02:00
2026-09-25T00:33:49+00:00,grain,2026-09-23,2026-09-23T06:00:00+02:00,2026-09-24T06:00:00+02:00,Physical Flow,day,37851695.0,kWh/d,UK-TSO-0001,LNG-00008,entry,Provisional,2026-09-25T01:52:09+02:00
2026-09-25T00:33:49+00:00,milford_haven,2026-08-11,2026-08-11T06:00:00+02:00,2026-08-12T06:00:00+02:00,Physical Flow,day,54048676.0,kWh/d,UK-TSO-0001,LNG-00049,entry,Confirmed,2026-09-23T19:02:50+02:00
2026-09-25T00:33:49+00:00,milford_haven,2026-08-12,2026-08-12T06:00:00+02:00,2026-08-13T06:00:00+02:00,Physical Flow,day,54043125.0,kWh/d,UK-TSO-0001,LNG-00049,entry,Confirmed,2026-09-23T19:02:50+02:00
2026-09-25T00:33:49+00:00,milford_haven,2026-08-13,2026-08-13T06:00:00+02:00,2026-08-14T06:00:00+02:00,Physical Flow,day,54045898.0,kWh/d,UK-TSO-0001,LNG-00049,entry,Confirmed,2026-09-23T19:02:50+02:00
2026-09-25T00:33:49+00:00,milford_haven,2026-08-14,2026-08-14T06:00:00+02:00,2026-08-15T06:00:00+02:00,Physical Flow,day,54045898.0,kWh/d,UK-TSO-0001,LNG-00049,entry,Confirmed,2026-09-23T19:02:50+02:00
2026-09-25T00:33:49+00:00,milford_haven,2026-08-15,2026-08-15T06:00:00+02:00,2026-08-16T06:00:00+02:00,Physical Flow,day,54040352.0,kWh/d,UK-TSO-0001,LNG-00049,entry,Confirmed,2026-09-23T19:02:50+02:00
2026-09-25T00:33:49+00:00,milford_haven,2026-08-16,2026-08-16T06:00:00+02:00,2026-08-17T06:00:00+02:00,Physical Flow,day,54051449.0,kWh/d,UK-TSO-0001,LNG-00049,entry,Confirmed,2026-09-23T19:02:50+02:00
2026-09-25T00:33:49+00:00,milford_haven,2026-08-17,2026-08-17T06:00:00+02:00,2026-08-18T06:00:00+02:00,Physical Flow,day,54037573.0,kWh/d,UK-TSO-0001,LNG-00049,entry,Confirmed,2026-09-23T19:02:50+02:00
2026-09-25T00:33:49+00:00,milford_haven,2026-08-18,2026-08-18T06:00:00+02:00,2026-08-19T06:00:00+02:00,Physical Flow,day,54040352.0,kWh/d,UK-TSO-0001,LNG-00049,entry,Confirmed,2026-09-23T19:02:50+02:00
2026-09-25T00:33:49+00:00,milford_haven,2026-08-19,2026-08-19T06:00:00+02:00,2026-08-20T06:00:00+02:00,Physical Flow,day,54034800.0,kWh/d,UK-TSO-0001,LNG-00049,entry,Confirmed,2026-09-23T19:02:50+02:00
2026-09-25T00:33:49+00:00,milford_haven,2026-08-20,2026-08-20T06:00:00+02:00,2026-08-21T06:00:00+02:00,Physical Flow,day,54062552.0,kWh/d,UK-TSO-0001,LNG-00049,entry,Confirmed,2026-09-23T19:02:50+02:00
2026-09-25T00:33:49+00:00,milford_haven,2026-08-21,2026-08-21T06:00:00+02:00,2026-08-22T06:00:00+02:00,Physical Flow,day,54040352.0,kWh/d,UK-TSO-0001,LNG-00049,entry,Confirmed,2026-09-23T19:02:50+02:00
2026-09-25T00:33:49+00:00,milford_haven,2026-08-22,2026-08-22T06:00:00+02:00,2026-08-23T06:00:00+02:00,Physical Flow,day,54020924.0,kWh/d,UK-TSO-0001,LNG-00049,entry,Confirmed,2026-09-23T19:02:50+02:00
2026-09-25T00:33:49+00:00,milford_haven,2026-08-23,2026-08-23T06:00:00+02:00,2026-08-24T06:00:00+02:00,Physical Flow,day,54045898.0,kWh/d,UK-TSO-0001,LNG-00049,entry,Confirmed,2026-09-23T19:02:50+02:00
2026-09-25T00:33:49+00:00,milford_haven,2026-08-24,2026-08-24T06:00:00+02:00,2026-08-25T06:00:00+02:00,Physical Flow,day,54037573.0,kWh/d,UK-TSO-0001,LNG-00049,entry,Confirmed,2026-09-23T19:02:50+02:00
2026-09-25T00:33:49+00:00,milford_haven,2026-08-25,2026-08-25T06:00:00+02:00,2026-08-26T06:00:00+02:00,Physical Flow,day,57567374.0,kWh/d,UK-TSO-0001,LNG-00049,entry,Confirmed,2026-09-23T19:02:50+02:00
2026-09-25T00:33:49+00:00,milford_haven,2026-08-26,2026-08-26T06:00:00+02:00,2026-08-27T06:00:00+02:00,Physical Flow,day,76212604.0,kWh/d,UK-TSO-0001,LNG-00049,entry,Confirmed,2026-09-23T19:02:50+02:00
2026-09-25T00:33:49+00:00,milford_haven,2026-08-27,2026-08-27T06:00:00+02:00,2026-08-28T06:00:00+02:00,Physical Flow,day,71911354.0,kWh/d,UK-TSO-0001,LNG-00049,entry,Confirmed,2026-09-23T19:02:50+02:00
2026-09-25T00:33:49+00:00,milford_haven,2026-08-28,2026-08-28T06:00:00+02:00,2026-08-29T06:00:00+02:00,Physical Flow,day,71925226.0,kWh/d,UK-TSO-0001,LNG-00049,entry,Confirmed,2026-09-23T19:02:50+02:00
2026-09-25T00:33:49+00:00,milford_haven,2026-08-29,2026-08-29T06:00:00+02:00,2026-08-30T06:00:00+02:00,Physical Flow,day,54015374.0,kWh/d,UK-TSO-0001,LNG-00049,entry,Confirmed,2026-09-23T19:02:50+02:00
2026-09-25T00:33:49+00:00,milford_haven,2026-08-30,2026-08-30T06:00:00+02:00,2026-08-31T06:00:00+02:00,Physical Flow,day,54040352.0,kWh/d,UK-TSO-0001,LNG-00049,entry,Confirmed,2026-09-23T19:02:50+02:00
2026-09-25T00:33:49+00:00,milford_haven,2026-08-31,2026-08-31T06:00:00+02:00,2026-09-01T06:00:00+02:00,Physical Flow,day,55982851.0,kWh/d,UK-TSO-0001,LNG-00049,entry,Confirmed,2026-09-23T19:02:50+02:00
2026-09-25T00:33:49+00:00,milford_haven,2026-09-01,2026-09-01T06:00:00+02:00,2026-09-02T06:00:00+02:00,Physical Flow,day,54259575.0,kWh/d,UK-TSO-0001,LNG-00049,entry,Provisional,2026-09-05T17:53:29+02:00
2026-09-25T00:33:49+00:00,milford_haven,2026-09-02,2026-09-02T06:00:00+02:00,2026-09-03T06:00:00+02:00,Physical Flow,day,54254024.0,kWh/d,UK-TSO-0001,LNG-00049,entry,Provisional,2026-09-05T17:53:29+02:00
2026-09-25T00:33:49+00:00,milford_haven,2026-09-03,2026-09-03T06:00:00+02:00,2026-09-04T06:00:00+02:00,Physical Flow,day,54254024.0,kWh/d,UK-TSO-0001,LNG-00049,entry,Provisional,2026-09-09T18:01:49+02:00
2026-09-25T00:33:49+00:00,milford_haven,2026-09-04,2026-09-04T06:00:00+02:00,2026-09-05T06:00:00+02:00,Physical Flow,day,54259575.0,kWh/d,UK-TSO-0001,LNG-00049,entry,Provisional,2026-09-10T18:02:29+02:00
2026-09-25T00:33:49+00:00,milford_haven,2026-09-05,2026-09-05T06:00:00+02:00,2026-09-06T06:00:00+02:00,Physical Flow,day,54259575.0,kWh/d,UK-TSO-0001,LNG-00049,entry,Provisional,2026-09-11T17:54:10+02:00
2026-09-25T00:33:49+00:00,milford_haven,2026-09-06,2026-09-06T06:00:00+02:00,2026-09-07T06:00:00+02:00,Physical Flow,day,54276224.0,kWh/d,UK-TSO-0001,LNG-00049,entry,Provisional,2026-09-12T17:53:09+02:00
2026-09-25T00:33:49+00:00,milford_haven,2026-09-07,2026-09-07T06:00:00+02:00,2026-09-08T06:00:00+02:00,Physical Flow,day,54245699.0,kWh/d,UK-TSO-0001,LNG-00049,entry,Provisional,2026-09-11T17:54:10+02:00
2026-09-25T00:33:49+00:00,milford_haven,2026-09-08,2026-09-08T06:00:00+02:00,2026-09-09T06:00:00+02:00,Physical Flow,day,54276224.0,kWh/d,UK-TSO-0001,LNG-00049,entry,Provisional,2026-09-15T03:28:30+02:00
2026-09-25T00:33:49+00:00,milford_haven,2026-09-09,2026-09-09T06:00:00+02:00,2026-09-10T06:00:00+02:00,Physical Flow,day,54251250.0,kWh/d,UK-TSO-0001,LNG-00049,entry,Provisional,2026-09-12T17:53:09+02:00
2026-09-25T00:33:49+00:00,milford_haven,2026-09-10,2026-09-10T06:00:00+02:00,2026-09-11T06:00:00+02:00,Physical Flow,day,54256801.0,kWh/d,UK-TSO-0001,LNG-00049,entry,Provisional,2026-09-16T17:54:49+02:00
2026-09-25T00:33:49+00:00,milford_haven,2026-09-11,2026-09-11T06:00:00+02:00,2026-09-12T06:00:00+02:00,Physical Flow,day,54267900.0,kWh/d,UK-TSO-0001,LNG-00049,entry,Provisional,2026-09-16T17:54:49+02:00
2026-09-25T00:33:49+00:00,milford_haven,2026-09-12,2026-09-12T06:00:00+02:00,2026-09-13T06:00:00+02:00,Physical Flow,day,54267900.0,kWh/d,UK-TSO-0001,LNG-00049,entry,Provisional,2026-09-18T17:54:29+02:00
2026-09-25T00:33:49+00:00,milford_haven,2026-09-13,2026-09-13T06:00:00+02:00,2026-09-14T06:00:00+02:00,Physical Flow,day,54248476.0,kWh/d,UK-TSO-0001,LNG-00049,entry,Provisional,2026-09-19T17:53:50+02:00
2026-09-25T00:33:49+00:00,milford_haven,2026-09-14,2026-09-14T06:00:00+02:00,2026-09-15T06:00:00+02:00,Physical Flow,day,63905474.0,kWh/d,UK-TSO-0001,LNG-00049,entry,Provisional,2026-09-20T17:54:29+02:00
2026-09-25T00:33:49+00:00,milford_haven,2026-09-15,2026-09-15T06:00:00+02:00,2026-09-16T06:00:00+02:00,Physical Flow,day,71911354.0,kWh/d,UK-TSO-0001,LNG-00049,entry,Provisional,2026-09-21T17:54:29+02:00
2026-09-25T00:33:49+00:00,milford_haven,2026-09-16,2026-09-16T06:00:00+02:00,2026-09-17T06:00:00+02:00,Physical Flow,day,71944652.0,kWh/d,UK-TSO-0001,LNG-00049,entry,Provisional,2026-09-20T17:54:29+02:00
2026-09-25T00:33:49+00:00,milford_haven,2026-09-17,2026-09-17T06:00:00+02:00,2026-09-18T06:00:00+02:00,Physical Flow,day,54259575.0,kWh/d,UK-TSO-0001,LNG-00049,entry,Provisional,2026-09-22T18:01:49+02:00
2026-09-25T00:33:49+00:00,milford_haven,2026-09-18,2026-09-18T06:00:00+02:00,2026-09-19T06:00:00+02:00,Physical Flow,day,54254024.0,kWh/d,UK-TSO-0001,LNG-00049,entry,Provisional,2026-09-24T18:59:49+02:00
2026-09-25T00:33:49+00:00,milford_haven,2026-09-19,2026-09-19T06:00:00+02:00,2026-09-20T06:00:00+02:00,Physical Flow,day,54248476.0,kWh/d,UK-TSO-0001,LNG-00049,entry,Provisional,2026-09-25T01:52:09+02:00
2026-09-25T00:33:49+00:00,milford_haven,2026-09-20,2026-09-20T06:00:00+02:00,2026-09-21T06:00:00+02:00,Physical Flow,day,54248476.0,kWh/d,UK-TSO-0001,LNG-00049,entry,Provisional,2026-09-25T01:52:09+02:00
2026-09-25T00:33:49+00:00,milford_haven,2026-09-21,2026-09-21T06:00:00+02:00,2026-09-22T06:00:00+02:00,Physical Flow,day,63944323.0,kWh/d,UK-TSO-0001,LNG-00049,entry,Provisional,2026-09-25T01:52:09+02:00
2026-09-25T00:33:49+00:00,milford_haven,2026-09-22,2026-09-22T06:00:00+02:00,2026-09-23T06:00:00+02:00,Physical Flow,day,71939097.0,kWh/d,UK-TSO-0001,LNG-00049,entry,Provisional,2026-09-25T01:52:09+02:00
2026-09-25T00:33:49+00:00,milford_haven,2026-09-23,2026-09-23T06:00:00+02:00,2026-09-24T06:00:00+02:00,Physical Flow,day,71916901.0,kWh/d,UK-TSO-0001,LNG-00049,entry,Provisional,2026-09-25T01:52:09+02:00
2026-09-25T00:33:49+00:00,montoir,2026-08-11,2026-08-11T06:00:00+02:00,2026-08-12T06:00:00+02:00,Physical Flow,day,69682452.0,kWh/d,FR-TSO-0003,LNG-00024,entry,Provisional,2026-09-14T01:03:29+02:00
2026-09-25T00:33:49+00:00,montoir,2026-08-12,2026-08-12T06:00:00+02:00,2026-08-13T06:00:00+02:00,Physical Flow,day,69649275.0,kWh/d,FR-TSO-0003,LNG-00024,entry,Provisional,2026-09-14T01:03:29+02:00
2026-09-25T00:33:49+00:00,montoir,2026-08-13,2026-08-13T06:00:00+02:00,2026-08-14T06:00:00+02:00,Physical Flow,day,69697911.0,kWh/d,FR-TSO-0003,LNG-00024,entry,Provisional,2026-09-14T01:03:29+02:00
2026-09-25T00:33:49+00:00,montoir,2026-08-14,2026-08-14T06:00:00+02:00,2026-08-15T06:00:00+02:00,Physical Flow,day,34801440.0,kWh/d,FR-TSO-0003,LNG-00024,entry,Provisional,2026-09-14T01:03:29+02:00
2026-09-25T00:33:49+00:00,montoir,2026-08-15,2026-08-15T06:00:00+02:00,2026-08-16T06:00:00+02:00,Physical Flow,day,4053614.0,kWh/d,FR-TSO-0003,LNG-00024,entry,Provisional,2026-09-14T01:03:29+02:00
2026-09-25T00:33:49+00:00,montoir,2026-08-16,2026-08-16T06:00:00+02:00,2026-08-17T06:00:00+02:00,Physical Flow,day,4137633.0,kWh/d,FR-TSO-0003,LNG-00024,entry,Provisional,2026-09-14T01:03:29+02:00
2026-09-25T00:33:49+00:00,montoir,2026-08-17,2026-08-17T06:00:00+02:00,2026-08-18T06:00:00+02:00,Physical Flow,day,5010051.0,kWh/d,FR-TSO-0003,LNG-00024,entry,Provisional,2026-09-14T01:03:29+02:00
2026-09-25T00:33:49+00:00,montoir,2026-08-18,2026-08-18T06:00:00+02:00,2026-08-19T06:00:00+02:00,Physical Flow,day,5146938.0,kWh/d,FR-TSO-0003,LNG-00024,entry,Provisional,2026-09-14T01:03:29+02:00
2026-09-25T00:33:49+00:00,montoir,2026-08-19,2026-08-19T06:00:00+02:00,2026-08-20T06:00:00+02:00,Physical Flow,day,34911482.0,kWh/d,FR-TSO-0003,LNG-00024,entry,Provisional,2026-09-14T01:03:29+02:00
2026-09-25T00:33:49+00:00,montoir,2026-08-20,2026-08-20T06:00:00+02:00,2026-08-21T06:00:00+02:00,Physical Flow,day,34248680.0,kWh/d,FR-TSO-0003,LNG-00024,entry,Provisional,2026-09-14T01:03:29+02:00
2026-09-25T00:33:49+00:00,montoir,2026-08-21,2026-08-21T06:00:00+02:00,2026-08-22T06:00:00+02:00,Physical Flow,day,35015755.0,kWh/d,FR-TSO-0003,LNG-00024,entry,Provisional,2026-09-14T01:03:29+02:00
2026-09-25T00:33:49+00:00,montoir,2026-08-22,2026-08-22T06:00:00+02:00,2026-08-23T06:00:00+02:00,Physical Flow,day,34780709.0,kWh/d,FR-TSO-0003,LNG-00024,entry,Provisional,2026-09-14T01:03:29+02:00
2026-09-25T00:33:49+00:00,montoir,2026-08-23,2026-08-23T06:00:00+02:00,2026-08-24T06:00:00+02:00,Physical Flow,day,34893842.0,kWh/d,FR-TSO-0003,LNG-00024,entry,Provisional,2026-09-14T01:03:29+02:00
2026-09-25T00:33:49+00:00,montoir,2026-08-24,2026-08-24T06:00:00+02:00,2026-08-25T06:00:00+02:00,Physical Flow,day,71036664.0,kWh/d,FR-TSO-0003,LNG-00024,entry,Provisional,2026-09-14T01:03:29+02:00
2026-09-25T00:33:49+00:00,montoir,2026-08-25,2026-08-25T06:00:00+02:00,2026-08-26T06:00:00+02:00,Physical Flow,day,153578145.0,kWh/d,FR-TSO-0003,LNG-00024,entry,Provisional,2026-09-14T01:03:29+02:00
2026-09-25T00:33:49+00:00,montoir,2026-08-26,2026-08-26T06:00:00+02:00,2026-08-27T06:00:00+02:00,Physical Flow,day,156049036.0,kWh/d,FR-TSO-0003,LNG-00024,entry,Provisional,2026-09-14T01:03:29+02:00
2026-09-25T00:33:49+00:00,montoir,2026-08-27,2026-08-27T06:00:00+02:00,2026-08-28T06:00:00+02:00,Physical Flow,day,156152034.0,kWh/d,FR-TSO-0003,LNG-00024,entry,Provisional,2026-08-29T15:15:51+02:00
2026-09-25T00:33:49+00:00,montoir,2026-08-28,2026-08-28T06:00:00+02:00,2026-08-29T06:00:00+02:00,Physical Flow,day,232195648.0,kWh/d,FR-TSO-0003,LNG-00024,entry,Provisional,2026-08-30T15:03:30+02:00
2026-09-25T00:33:49+00:00,montoir,2026-08-29,2026-08-29T06:00:00+02:00,2026-08-30T06:00:00+02:00,Physical Flow,day,232320273.0,kWh/d,FR-TSO-0003,LNG-00024,entry,Provisional,2026-08-31T15:09:50+02:00
2026-09-25T00:33:49+00:00,montoir,2026-08-30,2026-08-30T06:00:00+02:00,2026-08-31T06:00:00+02:00,Physical Flow,day,230224201.0,kWh/d,FR-TSO-0003,LNG-00024,entry,Provisional,2026-09-01T15:08:49+02:00
2026-09-25T00:33:49+00:00,montoir,2026-08-31,2026-08-31T06:00:00+02:00,2026-09-01T06:00:00+02:00,Physical Flow,day,153544558.0,kWh/d,FR-TSO-0003,LNG-00024,entry,Provisional,2026-09-02T15:21:09+02:00
2026-09-25T00:33:49+00:00,montoir,2026-09-01,2026-09-01T06:00:00+02:00,2026-09-02T06:00:00+02:00,Physical Flow,day,88525587.0,kWh/d,FR-TSO-0003,LNG-00024,entry,Provisional,2026-09-03T15:28:29+02:00
2026-09-25T00:33:49+00:00,montoir,2026-09-02,2026-09-02T06:00:00+02:00,2026-09-03T06:00:00+02:00,Physical Flow,day,69632316.0,kWh/d,FR-TSO-0003,LNG-00024,entry,Provisional,2026-09-04T15:12:09+02:00
2026-09-25T00:33:49+00:00,montoir,2026-09-03,2026-09-03T06:00:00+02:00,2026-09-04T06:00:00+02:00,Physical Flow,day,91978356.0,kWh/d,FR-TSO-0003,LNG-00024,entry,Provisional,2026-09-05T15:12:53+02:00
2026-09-25T00:33:49+00:00,montoir,2026-09-04,2026-09-04T06:00:00+02:00,2026-09-05T06:00:00+02:00,Physical Flow,day,69643090.0,kWh/d,FR-TSO-0003,LNG-00024,entry,Provisional,2026-09-06T15:18:50+02:00
2026-09-25T00:33:49+00:00,montoir,2026-09-05,2026-09-05T06:00:00+02:00,2026-09-06T06:00:00+02:00,Physical Flow,day,38711861.0,kWh/d,FR-TSO-0003,LNG-00024,entry,Provisional,2026-09-07T15:14:09+02:00
2026-09-25T00:33:49+00:00,montoir,2026-09-06,2026-09-06T06:00:00+02:00,2026-09-07T06:00:00+02:00,Physical Flow,day,36387831.0,kWh/d,FR-TSO-0003,LNG-00024,entry,Provisional,2026-09-08T15:18:49+02:00
2026-09-25T00:33:49+00:00,montoir,2026-09-07,2026-09-07T06:00:00+02:00,2026-09-08T06:00:00+02:00,Physical Flow,day,104161049.0,kWh/d,FR-TSO-0003,LNG-00024,entry,Provisional,2026-09-09T15:28:10+02:00
2026-09-25T00:33:49+00:00,montoir,2026-09-08,2026-09-08T06:00:00+02:00,2026-09-09T06:00:00+02:00,Physical Flow,day,103253650.0,kWh/d,FR-TSO-0003,LNG-00024,entry,Provisional,2026-09-10T15:30:10+02:00
2026-09-25T00:33:49+00:00,montoir,2026-09-09,2026-09-09T06:00:00+02:00,2026-09-10T06:00:00+02:00,Physical Flow,day,103084643.0,kWh/d,FR-TSO-0003,LNG-00024,entry,Provisional,2026-09-11T15:18:10+02:00
2026-09-25T00:33:49+00:00,montoir,2026-09-10,2026-09-10T06:00:00+02:00,2026-09-11T06:00:00+02:00,Physical Flow,day,133758758.0,kWh/d,FR-TSO-0003,LNG-00024,entry,Provisional,2026-09-12T15:14:50+02:00
2026-09-25T00:33:49+00:00,montoir,2026-09-11,2026-09-11T06:00:00+02:00,2026-09-12T06:00:00+02:00,Physical Flow,day,106570351.0,kWh/d,FR-TSO-0003,LNG-00024,entry,Provisional,2026-09-13T15:04:49+02:00
2026-09-25T00:33:49+00:00,montoir,2026-09-12,2026-09-12T06:00:00+02:00,2026-09-13T06:00:00+02:00,Physical Flow,day,106442807.0,kWh/d,FR-TSO-0003,LNG-00024,entry,Provisional,2026-09-15T02:40:29+02:00
2026-09-25T00:33:49+00:00,montoir,2026-09-13,2026-09-13T06:00:00+02:00,2026-09-14T06:00:00+02:00,Physical Flow,day,106731762.0,kWh/d,FR-TSO-0003,LNG-00024,entry,Provisional,2026-09-15T15:17:49+02:00
2026-09-25T00:33:49+00:00,montoir,2026-09-14,2026-09-14T06:00:00+02:00,2026-09-15T06:00:00+02:00,Physical Flow,day,180347642.0,kWh/d,FR-TSO-0003,LNG-00024,entry,Provisional,2026-09-16T15:23:09+02:00
2026-09-25T00:33:49+00:00,montoir,2026-09-15,2026-09-15T06:00:00+02:00,2026-09-16T06:00:00+02:00,Physical Flow,day,135709820.0,kWh/d,FR-TSO-0003,LNG-00024,entry,Provisional,2026-09-17T15:18:29+02:00
2026-09-25T00:33:49+00:00,montoir,2026-09-16,2026-09-16T06:00:00+02:00,2026-09-17T06:00:00+02:00,Physical Flow,day,155491330.0,kWh/d,FR-TSO-0003,LNG-00024,entry,Provisional,2026-09-18T15:23:49+02:00
2026-09-25T00:33:49+00:00,montoir,2026-09-17,2026-09-17T06:00:00+02:00,2026-09-18T06:00:00+02:00,Physical Flow,day,132362729.0,kWh/d,FR-TSO-0003,LNG-00024,entry,Provisional,2026-09-19T15:11:49+02:00
2026-09-25T00:33:49+00:00,montoir,2026-09-18,2026-09-18T06:00:00+02:00,2026-09-19T06:00:00+02:00,Physical Flow,day,308214982.0,kWh/d,FR-TSO-0003,LNG-00024,entry,Provisional,2026-09-20T15:21:30+02:00
2026-09-25T00:33:49+00:00,montoir,2026-09-19,2026-09-19T06:00:00+02:00,2026-09-20T06:00:00+02:00,Physical Flow,day,335472291.0,kWh/d,FR-TSO-0003,LNG-00024,entry,Provisional,2026-09-21T15:18:29+02:00
2026-09-25T00:33:49+00:00,montoir,2026-09-20,2026-09-20T06:00:00+02:00,2026-09-21T06:00:00+02:00,Physical Flow,day,337031934.0,kWh/d,FR-TSO-0003,LNG-00024,entry,Provisional,2026-09-22T15:27:50+02:00
2026-09-25T00:33:49+00:00,montoir,2026-09-21,2026-09-21T06:00:00+02:00,2026-09-22T06:00:00+02:00,Physical Flow,day,333991589.0,kWh/d,FR-TSO-0003,LNG-00024,entry,Provisional,2026-09-23T15:07:50+02:00
2026-09-25T00:33:49+00:00,montoir,2026-09-22,2026-09-22T06:00:00+02:00,2026-09-23T06:00:00+02:00,Physical Flow,day,171997651.0,kWh/d,FR-TSO-0003,LNG-00024,entry,Provisional,2026-09-24T15:09:29+02:00
2026-09-25T00:33:49+00:00,montoir,2026-09-23,2026-09-23T06:00:00+02:00,2026-09-24T06:00:00+02:00,Physical Flow,day,202244970.0,kWh/d,FR-TSO-0003,LNG-00024,entry,Provisional,2026-09-24T15:09:29+02:00
2026-09-25T00:33:49+00:00,lehavre,2026-08-11,2026-08-11T06:00:00+02:00,2026-08-12T06:00:00+02:00,Physical Flow,day,0.0,kWh/d,FR-TSO-0003,LNG-00071,entry,Provisional,2026-09-14T01:03:29+02:00
2026-09-25T00:33:49+00:00,lehavre,2026-08-12,2026-08-12T06:00:00+02:00,2026-08-13T06:00:00+02:00,Physical Flow,day,0.0,kWh/d,FR-TSO-0003,LNG-00071,entry,Provisional,2026-09-14T01:03:29+02:00
2026-09-25T00:33:49+00:00,lehavre,2026-08-13,2026-08-13T06:00:00+02:00,2026-08-14T06:00:00+02:00,Physical Flow,day,0.0,kWh/d,FR-TSO-0003,LNG-00071,entry,Provisional,2026-09-14T01:03:29+02:00
2026-09-25T00:33:49+00:00,lehavre,2026-08-14,2026-08-14T06:00:00+02:00,2026-08-15T06:00:00+02:00,Physical Flow,day,0.0,kWh/d,FR-TSO-0003,LNG-00071,entry,Provisional,2026-09-14T01:03:29+02:00
2026-09-25T00:33:49+00:00,lehavre,2026-08-15,2026-08-15T06:00:00+02:00,2026-08-16T06:00:00+02:00,Physical Flow,day,0.0,kWh/d,FR-TSO-0003,LNG-00071,entry,Provisional,2026-09-14T01:03:29+02:00
2026-09-25T00:33:49+00:00,lehavre,2026-08-16,2026-08-16T06:00:00+02:00,2026-08-17T06:00:00+02:00,Physical Flow,day,0.0,kWh/d,FR-TSO-0003,LNG-00071,entry,Provisional,2026-09-14T01:03:29+02:00
2026-09-25T00:33:49+00:00,lehavre,2026-08-17,2026-08-17T06:00:00+02:00,2026-08-18T06:00:00+02:00,Physical Flow,day,0.0,kWh/d,FR-TSO-0003,LNG-00071,entry,Provisional,2026-09-14T01:03:29+02:00
2026-09-25T00:33:49+00:00,lehavre,2026-08-18,2026-08-18T06:00:00+02:00,2026-08-19T06:00:00+02:00,Physical Flow,day,0.0,kWh/d,FR-TSO-0003,LNG-00071,entry,Provisional,2026-09-14T01:03:29+02:00
2026-09-25T00:33:49+00:00,lehavre,2026-08-19,2026-08-19T06:00:00+02:00,2026-08-20T06:00:00+02:00,Physical Flow,day,0.0,kWh/d,FR-TSO-0003,LNG-00071,entry,Provisional,2026-09-14T01:03:29+02:00
2026-09-25T00:33:49+00:00,lehavre,2026-08-20,2026-08-20T06:00:00+02:00,2026-08-21T06:00:00+02:00,Physical Flow,day,0.0,kWh/d,FR-TSO-0003,LNG-00071,entry,Provisional,2026-09-14T01:03:29+02:00
2026-09-25T00:33:49+00:00,lehavre,2026-08-21,2026-08-21T06:00:00+02:00,2026-08-22T06:00:00+02:00,Physical Flow,day,0.0,kWh/d,FR-TSO-0003,LNG-00071,entry,Provisional,2026-09-14T01:03:29+02:00
2026-09-25T00:33:49+00:00,lehavre,2026-08-22,2026-08-22T06:00:00+02:00,2026-08-23T06:00:00+02:00,Physical Flow,day,0.0,kWh/d,FR-TSO-0003,LNG-00071,entry,Provisional,2026-09-14T01:03:29+02:00
2026-09-25T00:33:49+00:00,lehavre,2026-08-23,2026-08-23T06:00:00+02:00,2026-08-24T06:00:00+02:00,Physical Flow,day,0.0,kWh/d,FR-TSO-0003,LNG-00071,entry,Provisional,2026-09-14T01:03:29+02:00
2026-09-25T00:33:49+00:00,lehavre,2026-08-24,2026-08-24T06:00:00+02:00,2026-08-25T06:00:00+02:00,Physical Flow,day,0.0,kWh/d,FR-TSO-0003,LNG-00071,entry,Provisional,2026-09-14T01:03:29+02:00
2026-09-25T00:33:49+00:00,lehavre,2026-08-25,2026-08-25T06:00:00+02:00,2026-08-26T06:00:00+02:00,Physical Flow,day,0.0,kWh/d,FR-TSO-0003,LNG-00071,entry,Provisional,2026-09-14T01:03:29+02:00
2026-09-25T00:33:49+00:00,lehavre,2026-08-26,2026-08-26T06:00:00+02:00,2026-08-27T06:00:00+02:00,Physical Flow,day,0.0,kWh/d,FR-TSO-0003,LNG-00071,entry,Provisional,2026-09-14T01:03:29+02:00
2026-09-25T00:33:49+00:00,lehavre,2026-08-27,2026-08-27T06:00:00+02:00,2026-08-28T06:00:00+02:00,Physical Flow,day,0.0,kWh/d,FR-TSO-0003,LNG-00071,entry,Provisional,2026-08-29T15:15:51+02:00
2026-09-25T00:33:49+00:00,lehavre,2026-08-28,2026-08-28T06:00:00+02:00,2026-08-29T06:00:00+02:00,Physical Flow,day,0.0,kWh/d,FR-TSO-0003,LNG-00071,entry,Provisional,2026-08-30T15:03:30+02:00
2026-09-25T00:33:49+00:00,lehavre,2026-08-29,2026-08-29T06:00:00+02:00,2026-08-30T06:00:00+02:00,Physical Flow,day,0.0,kWh/d,FR-TSO-0003,LNG-00071,entry,Provisional,2026-08-31T15:09:50+02:00
2026-09-25T00:33:49+00:00,lehavre,2026-08-30,2026-08-30T06:00:00+02:00,2026-08-31T06:00:00+02:00,Physical Flow,day,0.0,kWh/d,FR-TSO-0003,LNG-00071,entry,Provisional,2026-09-01T15:08:49+02:00
2026-09-25T00:33:49+00:00,lehavre,2026-08-31,2026-08-31T06:00:00+02:00,2026-09-01T06:00:00+02:00,Physical Flow,day,0.0,kWh/d,FR-TSO-0003,LNG-00071,entry,Provisional,2026-09-02T15:21:09+02:00
2026-09-25T00:33:49+00:00,lehavre,2026-09-01,2026-09-01T06:00:00+02:00,2026-09-02T06:00:00+02:00,Physical Flow,day,0.0,kWh/d,FR-TSO-0003,LNG-00071,entry,Provisional,2026-09-03T15:28:29+02:00
2026-09-25T00:33:49+00:00,lehavre,2026-09-02,2026-09-02T06:00:00+02:00,2026-09-03T06:00:00+02:00,Physical Flow,day,0.0,kWh/d,FR-TSO-0003,LNG-00071,entry,Provisional,2026-09-04T15:12:09+02:00
2026-09-25T00:33:49+00:00,lehavre,2026-09-03,2026-09-03T06:00:00+02:00,2026-09-04T06:00:00+02:00,Physical Flow,day,0.0,kWh/d,FR-TSO-0003,LNG-00071,entry,Provisional,2026-09-05T15:12:53+02:00
2026-09-25T00:33:49+00:00,lehavre,2026-09-04,2026-09-04T06:00:00+02:00,2026-09-05T06:00:00+02:00,Physical Flow,day,0.0,kWh/d,FR-TSO-0003,LNG-00071,entry,Provisional,2026-09-06T15:18:50+02:00
2026-09-25T00:33:49+00:00,lehavre,2026-09-05,2026-09-05T06:00:00+02:00,2026-09-06T06:00:00+02:00,Physical Flow,day,0.0,kWh/d,FR-TSO-0003,LNG-00071,entry,Provisional,2026-09-07T15:14:09+02:00
2026-09-25T00:33:49+00:00,lehavre,2026-09-06,2026-09-06T06:00:00+02:00,2026-09-07T06:00:00+02:00,Physical Flow,day,0.0,kWh/d,FR-TSO-0003,LNG-00071,entry,Provisional,2026-09-08T15:18:49+02:00
2026-09-25T00:33:49+00:00,lehavre,2026-09-07,2026-09-07T06:00:00+02:00,2026-09-08T06:00:00+02:00,Physical Flow,day,0.0,kWh/d,FR-TSO-0003,LNG-00071,entry,Provisional,2026-09-09T15:28:10+02:00
2026-09-25T00:33:49+00:00,lehavre,2026-09-08,2026-09-08T06:00:00+02:00,2026-09-09T06:00:00+02:00,Physical Flow,day,0.0,kWh/d,FR-TSO-0003,LNG-00071,entry,Provisional,2026-09-10T15:30:10+02:00
2026-09-25T00:33:49+00:00,lehavre,2026-09-09,2026-09-09T06:00:00+02:00,2026-09-10T06:00:00+02:00,Physical Flow,day,0.0,kWh/d,FR-TSO-0003,LNG-00071,entry,Provisional,2026-09-11T15:18:10+02:00
2026-09-25T00:33:49+00:00,lehavre,2026-09-10,2026-09-10T06:00:00+02:00,2026-09-11T06:00:00+02:00,Physical Flow,day,0.0,kWh/d,FR-TSO-0003,LNG-00071,entry,Provisional,2026-09-12T15:14:50+02:00
2026-09-25T00:33:49+00:00,lehavre,2026-09-11,2026-09-11T06:00:00+02:00,2026-09-12T06:00:00+02:00,Physical Flow,day,0.0,kWh/d,FR-TSO-0003,LNG-00071,entry,Provisional,2026-09-13T15:04:49+02:00
2026-09-25T00:33:49+00:00,lehavre,2026-09-12,2026-09-12T06:00:00+02:00,2026-09-13T06:00:00+02:00,Physical Flow,day,0.0,kWh/d,FR-TSO-0003,LNG-00071,entry,Provisional,2026-09-15T02:40:29+02:00
2026-09-25T00:33:49+00:00,lehavre,2026-09-13,2026-09-13T06:00:00+02:00,2026-09-14T06:00:00+02:00,Physical Flow,day,0.0,kWh/d,FR-TSO-0003,LNG-00071,entry,Provisional,2026-09-15T15:17:49+02:00
2026-09-25T00:33:49+00:00,lehavre,2026-09-14,2026-09-14T06:00:00+02:00,2026-09-15T06:00:00+02:00,Physical Flow,day,0.0,kWh/d,FR-TSO-0003,LNG-00071,entry,Provisional,2026-09-16T15:23:09+02:00
2026-09-25T00:33:49+00:00,lehavre,2026-09-15,2026-09-15T06:00:00+02:00,2026-09-16T06:00:00+02:00,Physical Flow,day,0.0,kWh/d,FR-TSO-0003,LNG-00071,entry,Provisional,2026-09-17T15:18:29+02:00
2026-09-25T00:33:49+00:00,lehavre,2026-09-16,2026-09-16T06:00:00+02:00,2026-09-17T06:00:00+02:00,Physical Flow,day,0.0,kWh/d,FR-TSO-0003,LNG-00071,entry,Provisional,2026-09-18T15:23:49+02:00
2026-09-25T00:33:49+00:00,lehavre,2026-09-17,2026-09-17T06:00:00+02:00,2026-09-18T06:00:00+02:00,Physical Flow,day,0.0,kWh/d,FR-TSO-0003,LNG-00071,entry,Provisional,2026-09-19T15:11:49+02:00
2026-09-25T00:33:49+00:00,lehavre,2026-09-18,2026-09-18T06:00:00+02:00,2026-09-19T06:00:00+02:00,Physical Flow,day,0.0,kWh/d,FR-TSO-0003,LNG-00071,entry,Provisional,2026-09-20T15:21:30+02:00
2026-09-25T00:33:49+00:00,lehavre,2026-09-19,2026-09-19T06:00:00+02:00,2026-09-20T06:00:00+02:00,Physical Flow,day,0.0,kWh/d,FR-TSO-0003,LNG-00071,entry,Provisional,2026-09-21T15:18:29+02:00
2026-09-25T00:33:49+00:00,lehavre,2026-09-20,2026-09-20T06:00:00+02:00,2026-09-21T06:00:00+02:00,Physical Flow,day,0.0,kWh/d,FR-TSO-0003,LNG-00071,entry,Provisional,2026-09-22T15:27:50+02:00
2026-09-25T00:33:49+00:00,lehavre,2026-09-21,2026-09-21T06:00:00+02:00,2026-09-22T06:00:00+02:00,Physical Flow,day,0.0,kWh/d,FR-TSO-0003,LNG-00071,entry,Provisional,2026-09-23T15:07:50+02:00
2026-09-25T00:33:49+00:00,lehavre,2026-09-22,2026-09-22T06:00:00+02:00,2026-09-23T06:00:00+02:00,Physical Flow,day,0.0,kWh/d,FR-TSO-0003,LNG-00071,entry,Provisional,2026-09-24T15:09:29+02:00
2026-09-25T00:33:49+00:00,lehavre,2026-09-23,2026-09-23T06:00:00+02:00,2026-09-24T06:00:00+02:00,Physical Flow,day,0.0,kWh/d,FR-TSO-0003,LNG-00071,entry,Provisional,2026-09-24T15:09:29+02:00
2026-09-25T00:33:49+00:00,wilhelmshaven,2026-08-11,2026-08-11T06:00:00+02:00,2026-08-12T06:00:00+02:00,Physical Flow,day,245930434.0,kWh/d,DE-TSO-0009,LNG-00083,entry,Provisional,2026-08-12T08:24:49+02:00
2026-09-25T00:33:49+00:00,wilhelmshaven,2026-08-12,2026-08-12T06:00:00+02:00,2026-08-13T06:00:00+02:00,Physical Flow,day,225310883.0,kWh/d,DE-TSO-0009,LNG-00083,entry,Provisional,2026-08-13T08:24:49+02:00
2026-09-25T00:33:49+00:00,wilhelmshaven,2026-08-13,2026-08-13T06:00:00+02:00,2026-08-14T06:00:00+02:00,Physical Flow,day,205934525.0,kWh/d,DE-TSO-0009,LNG-00083,entry,Provisional,2026-08-14T08:40:10+02:00
2026-09-25T00:33:49+00:00,wilhelmshaven,2026-08-14,2026-08-14T06:00:00+02:00,2026-08-15T06:00:00+02:00,Physical Flow,day,200506097.0,kWh/d,DE-TSO-0009,LNG-00083,entry,Provisional,2026-08-15T08:50:09+02:00
2026-09-25T00:33:49+00:00,wilhelmshaven,2026-08-15,2026-08-15T06:00:00+02:00,2026-08-16T06:00:00+02:00,Physical Flow,day,200367258.0,kWh/d,DE-TSO-0009,LNG-00083,entry,Provisional,2026-08-16T08:26:09+02:00
2026-09-25T00:33:49+00:00,wilhelmshaven,2026-08-16,2026-08-16T06:00:00+02:00,2026-08-17T06:00:00+02:00,Physical Flow,day,255318953.0,kWh/d,DE-TSO-0009,LNG-00083,entry,Provisional,2026-08-17T08:49:09+02:00
2026-09-25T00:33:49+00:00,wilhelmshaven,2026-08-17,2026-08-17T06:00:00+02:00,2026-08-18T06:00:00+02:00,Physical Flow,day,282258683.0,kWh/d,DE-TSO-0009,LNG-00083,entry,Provisional,2026-08-18T08:49:09+02:00
2026-09-25T00:33:49+00:00,wilhelmshaven,2026-08-18,2026-08-18T06:00:00+02:00,2026-08-19T06:00:00+02:00,Physical Flow,day,257426298.0,kWh/d,DE-TSO-0009,LNG-00083,entry,Provisional,2026-08-20T08:51:09+02:00
2026-09-25T00:33:49+00:00,wilhelmshaven,2026-08-19,2026-08-19T06:00:00+02:00,2026-08-20T06:00:00+02:00,Physical Flow,day,218975856.0,kWh/d,DE-TSO-0009,LNG-00083,entry,Provisional,2026-08-20T08:51:09+02:00
2026-09-25T00:33:49+00:00,wilhelmshaven,2026-08-20,2026-08-20T06:00:00+02:00,2026-08-21T06:00:00+02:00,Physical Flow,day,242045118.0,kWh/d,DE-TSO-0009,LNG-00083,entry,Provisional,2026-08-21T08:47:09+02:00
2026-09-25T00:33:49+00:00,wilhelmshaven,2026-08-21,2026-08-21T06:00:00+02:00,2026-08-22T06:00:00+02:00,Physical Flow,day,251668142.0,kWh/d,DE-TSO-0009,LNG-00083,entry,Provisional,2026-08-22T09:07:09+02:00
2026-09-25T00:33:49+00:00,wilhelmshaven,2026-08-22,2026-08-22T06:00:00+02:00,2026-08-23T06:00:00+02:00,Physical Flow,day,231280370.0,kWh/d,DE-TSO-0009,LNG-00083,entry,Provisional,2026-08-23T08:27:29+02:00
2026-09-25T00:33:49+00:00,wilhelmshaven,2026-08-23,2026-08-23T06:00:00+02:00,2026-08-24T06:00:00+02:00,Physical Flow,day,233290314.0,kWh/d,DE-TSO-0009,LNG-00083,entry,Provisional,2026-08-24T08:42:29+02:00
2026-09-25T00:33:49+00:00,wilhelmshaven,2026-08-24,2026-08-24T06:00:00+02:00,2026-08-25T06:00:00+02:00,Physical Flow,day,246862776.0,kWh/d,DE-TSO-0009,LNG-00083,entry,Provisional,2026-08-26T08:54:10+02:00
2026-09-25T00:33:49+00:00,wilhelmshaven,2026-08-25,2026-08-25T06:00:00+02:00,2026-08-26T06:00:00+02:00,Physical Flow,day,246724988.0,kWh/d,DE-TSO-0009,LNG-00083,entry,Provisional,2026-08-26T08:54:10+02:00
2026-09-25T00:33:49+00:00,wilhelmshaven,2026-08-26,2026-08-26T06:00:00+02:00,2026-08-27T06:00:00+02:00,Physical Flow,day,247505308.0,kWh/d,DE-TSO-0009,LNG-00083,entry,Provisional,2026-08-27T08:39:30+02:00
2026-09-25T00:33:49+00:00,wilhelmshaven,2026-08-27,2026-08-27T06:00:00+02:00,2026-08-28T06:00:00+02:00,Physical Flow,day,242901817.0,kWh/d,DE-TSO-0009,LNG-00083,entry,Provisional,2026-08-28T08:29:29+02:00
2026-09-25T00:33:49+00:00,wilhelmshaven,2026-08-28,2026-08-28T06:00:00+02:00,2026-08-29T06:00:00+02:00,Physical Flow,day,245597448.0,kWh/d,DE-TSO-0009,LNG-00083,entry,Provisional,2026-08-29T08:47:49+02:00
2026-09-25T00:33:49+00:00,wilhelmshaven,2026-08-29,2026-08-29T06:00:00+02:00,2026-08-30T06:00:00+02:00,Physical Flow,day,247396490.0,kWh/d,DE-TSO-0009,LNG-00083,entry,Provisional,2026-08-30T08:29:30+02:00
2026-09-25T00:33:49+00:00,wilhelmshaven,2026-08-30,2026-08-30T06:00:00+02:00,2026-08-31T06:00:00+02:00,Physical Flow,day,247828421.0,kWh/d,DE-TSO-0009,LNG-00083,entry,Provisional,2026-08-31T08:36:09+02:00
2026-09-25T00:33:49+00:00,wilhelmshaven,2026-08-31,2026-08-31T06:00:00+02:00,2026-09-01T06:00:00+02:00,Physical Flow,day,247413581.0,kWh/d,DE-TSO-0009,LNG-00083,entry,Provisional,2026-09-01T09:34:49+02:00
2026-09-25T00:33:49+00:00,wilhelmshaven,2026-09-01,2026-09-01T06:00:00+02:00,2026-09-02T06:00:00+02:00,Physical Flow,day,247384899.0,kWh/d,DE-TSO-0009,LNG-00083,entry,Provisional,2026-09-02T08:27:49+02:00
2026-09-25T00:33:49+00:00,wilhelmshaven,2026-09-02,2026-09-02T06:00:00+02:00,2026-09-03T06:00:00+02:00,Physical Flow,day,250954233.0,kWh/d,DE-TSO-0009,LNG-00083,entry,Provisional,2026-09-03T08:28:49+02:00
2026-09-25T00:33:49+00:00,wilhelmshaven,2026-09-03,2026-09-03T06:00:00+02:00,2026-09-04T06:00:00+02:00,Physical Flow,day,260038705.0,kWh/d,DE-TSO-0009,LNG-00083,entry,Provisional,2026-09-04T08:44:50+02:00
2026-09-25T00:33:49+00:00,wilhelmshaven,2026-09-04,2026-09-04T06:00:00+02:00,2026-09-05T06:00:00+02:00,Physical Flow,day,260506313.0,kWh/d,DE-TSO-0009,LNG-00083,entry,Provisional,2026-09-05T08:42:50+02:00
2026-09-25T00:33:49+00:00,wilhelmshaven,2026-09-05,2026-09-05T06:00:00+02:00,2026-09-06T06:00:00+02:00,Physical Flow,day,255498030.0,kWh/d,DE-TSO-0009,LNG-00083,entry,Provisional,2026-09-06T08:26:29+02:00
2026-09-25T00:33:49+00:00,wilhelmshaven,2026-09-06,2026-09-06T06:00:00+02:00,2026-09-07T06:00:00+02:00,Physical Flow,day,258846440.0,kWh/d,DE-TSO-0009,LNG-00083,entry,Provisional,2026-09-07T09:00:11+02:00
2026-09-25T00:33:49+00:00,wilhelmshaven,2026-09-07,2026-09-07T06:00:00+02:00,2026-09-08T06:00:00+02:00,Physical Flow,day,255588270.0,kWh/d,DE-TSO-0009,LNG-00083,entry,Provisional,2026-09-08T09:06:50+02:00
2026-09-25T00:33:49+00:00,wilhelmshaven,2026-09-08,2026-09-08T06:00:00+02:00,2026-09-09T06:00:00+02:00,Physical Flow,day,253367584.0,kWh/d,DE-TSO-0009,LNG-00083,entry,Provisional,2026-09-09T08:47:29+02:00
2026-09-25T00:33:49+00:00,wilhelmshaven,2026-09-09,2026-09-09T06:00:00+02:00,2026-09-10T06:00:00+02:00,Physical Flow,day,283460890.0,kWh/d,DE-TSO-0009,LNG-00083,entry,Provisional,2026-09-10T08:47:50+02:00
2026-09-25T00:33:49+00:00,wilhelmshaven,2026-09-10,2026-09-10T06:00:00+02:00,2026-09-11T06:00:00+02:00,Physical Flow,day,244663543.0,kWh/d,DE-TSO-0009,LNG-00083,entry,Provisional,2026-09-11T08:56:09+02:00
2026-09-25T00:33:49+00:00,wilhelmshaven,2026-09-11,2026-09-11T06:00:00+02:00,2026-09-12T06:00:00+02:00,Physical Flow,day,208080617.0,kWh/d,DE-TSO-0009,LNG-00083,entry,Provisional,2026-09-14T12:10:29+02:00
2026-09-25T00:33:49+00:00,wilhelmshaven,2026-09-12,2026-09-12T06:00:00+02:00,2026-09-13T06:00:00+02:00,Physical Flow,day,227824702.0,kWh/d,DE-TSO-0009,LNG-00083,entry,Provisional,2026-09-14T14:52:09+02:00
2026-09-25T00:33:49+00:00,wilhelmshaven,2026-09-13,2026-09-13T06:00:00+02:00,2026-09-14T06:00:00+02:00,Physical Flow,day,237572120.0,kWh/d,DE-TSO-0009,LNG-00083,entry,Provisional,2026-09-14T21:23:50+02:00
2026-09-25T00:33:49+00:00,wilhelmshaven,2026-09-14,2026-09-14T06:00:00+02:00,2026-09-15T06:00:00+02:00,Physical Flow,day,237773004.0,kWh/d,DE-TSO-0009,LNG-00083,entry,Provisional,2026-09-15T10:11:29+02:00
2026-09-25T00:33:49+00:00,wilhelmshaven,2026-09-15,2026-09-15T06:00:00+02:00,2026-09-16T06:00:00+02:00,Physical Flow,day,237496622.0,kWh/d,DE-TSO-0009,LNG-00083,entry,Provisional,2026-09-18T08:29:49+02:00
2026-09-25T00:33:49+00:00,wilhelmshaven,2026-09-16,2026-09-16T06:00:00+02:00,2026-09-17T06:00:00+02:00,Physical Flow,day,135451705.0,kWh/d,DE-TSO-0009,LNG-00083,entry,Provisional,2026-09-17T08:42:09+02:00
2026-09-25T00:33:49+00:00,wilhelmshaven,2026-09-17,2026-09-17T06:00:00+02:00,2026-09-18T06:00:00+02:00,Physical Flow,day,130663691.0,kWh/d,DE-TSO-0009,LNG-00083,entry,Provisional,2026-09-18T08:29:49+02:00
2026-09-25T00:33:49+00:00,wilhelmshaven,2026-09-18,2026-09-18T06:00:00+02:00,2026-09-19T06:00:00+02:00,Physical Flow,day,130621967.0,kWh/d,DE-TSO-0009,LNG-00083,entry,Provisional,2026-09-19T08:48:10+02:00
2026-09-25T00:33:49+00:00,wilhelmshaven,2026-09-19,2026-09-19T06:00:00+02:00,2026-09-20T06:00:00+02:00,Physical Flow,day,146700073.0,kWh/d,DE-TSO-0009,LNG-00083,entry,Provisional,2026-09-20T08:28:09+02:00
2026-09-25T00:33:49+00:00,wilhelmshaven,2026-09-20,2026-09-20T06:00:00+02:00,2026-09-21T06:00:00+02:00,Physical Flow,day,143080003.0,kWh/d,DE-TSO-0009,LNG-00083,entry,Provisional,2026-09-21T08:54:29+02:00
2026-09-25T00:33:49+00:00,wilhelmshaven,2026-09-21,2026-09-21T06:00:00+02:00,2026-09-22T06:00:00+02:00,Physical Flow,day,144536852.0,kWh/d,DE-TSO-0009,LNG-00083,entry,Provisional,2026-09-22T08:43:10+02:00
2026-09-25T00:33:49+00:00,wilhelmshaven,2026-09-22,2026-09-22T06:00:00+02:00,2026-09-23T06:00:00+02:00,Physical Flow,day,144074926.0,kWh/d,DE-TSO-0009,LNG-00083,entry,Provisional,2026-09-23T08:30:30+02:00
2026-09-25T00:33:49+00:00,wilhelmshaven,2026-09-23,2026-09-23T06:00:00+02:00,2026-09-24T06:00:00+02:00,Physical Flow,day,144404811.0,kWh/d,DE-TSO-0009,LNG-00083,entry,Provisional,2026-09-24T08:55:10+02:00
2026-09-25T00:33:49+00:00,wilhelmshaven,2026-09-24,2026-09-24T06:00:00+02:00,2026-09-25T06:00:00+02:00,Physical Flow,day,182774783.0,kWh/d,DE-TSO-0009,LNG-00083,entry,Provisional,2026-09-25T01:58:29+02:00
2026-09-25T00:33:49+00:00,brunsbuettel,2026-08-11,2026-08-11T06:00:00+02:00,2026-08-12T06:00:00+02:00,Physical Flow,day,96898692.0,kWh/d,DE-TSO-0005,LNG-00060,entry,Confirmed,2026-09-21T11:11:09+02:00
2026-09-25T00:33:49+00:00,brunsbuettel,2026-08-12,2026-08-12T06:00:00+02:00,2026-08-13T06:00:00+02:00,Physical Flow,day,96415816.0,kWh/d,DE-TSO-0005,LNG-00060,entry,Confirmed,2026-09-21T11:11:09+02:00
2026-09-25T00:33:49+00:00,brunsbuettel,2026-08-13,2026-08-13T06:00:00+02:00,2026-08-14T06:00:00+02:00,Physical Flow,day,96622389.0,kWh/d,DE-TSO-0005,LNG-00060,entry,Confirmed,2026-09-21T11:11:09+02:00
2026-09-25T00:33:49+00:00,brunsbuettel,2026-08-14,2026-08-14T06:00:00+02:00,2026-08-15T06:00:00+02:00,Physical Flow,day,95141770.0,kWh/d,DE-TSO-0005,LNG-00060,entry,Confirmed,2026-09-21T11:11:09+02:00
2026-09-25T00:33:49+00:00,brunsbuettel,2026-08-15,2026-08-15T06:00:00+02:00,2026-08-16T06:00:00+02:00,Physical Flow,day,68073035.0,kWh/d,DE-TSO-0005,LNG-00060,entry,Confirmed,2026-09-21T11:11:09+02:00
2026-09-25T00:33:49+00:00,brunsbuettel,2026-08-16,2026-08-16T06:00:00+02:00,2026-08-17T06:00:00+02:00,Physical Flow,day,69849761.0,kWh/d,DE-TSO-0005,LNG-00060,entry,Confirmed,2026-09-21T11:11:09+02:00
2026-09-25T00:33:49+00:00,brunsbuettel,2026-08-17,2026-08-17T06:00:00+02:00,2026-08-18T06:00:00+02:00,Physical Flow,day,95444316.0,kWh/d,DE-TSO-0005,LNG-00060,entry,Confirmed,2026-09-21T11:11:09+02:00
2026-09-25T00:33:49+00:00,brunsbuettel,2026-08-18,2026-08-18T06:00:00+02:00,2026-08-19T06:00:00+02:00,Physical Flow,day,95536708.0,kWh/d,DE-TSO-0005,LNG-00060,entry,Confirmed,2026-09-21T11:11:09+02:00
2026-09-25T00:33:49+00:00,brunsbuettel,2026-08-19,2026-08-19T06:00:00+02:00,2026-08-20T06:00:00+02:00,Physical Flow,day,93870725.0,kWh/d,DE-TSO-0005,LNG-00060,entry,Confirmed,2026-09-21T11:11:09+02:00
2026-09-25T00:33:49+00:00,brunsbuettel,2026-08-20,2026-08-20T06:00:00+02:00,2026-08-21T06:00:00+02:00,Physical Flow,day,91870494.0,kWh/d,DE-TSO-0005,LNG-00060,entry,Confirmed,2026-09-21T11:11:09+02:00
2026-09-25T00:33:49+00:00,brunsbuettel,2026-08-21,2026-08-21T06:00:00+02:00,2026-08-22T06:00:00+02:00,Physical Flow,day,60394797.0,kWh/d,DE-TSO-0005,LNG-00060,entry,Confirmed,2026-09-21T11:11:09+02:00
2026-09-25T00:33:49+00:00,brunsbuettel,2026-08-22,2026-08-22T06:00:00+02:00,2026-08-23T06:00:00+02:00,Physical Flow,day,31062730.0,kWh/d,DE-TSO-0005,LNG-00060,entry,Confirmed,2026-09-21T11:11:09+02:00
2026-09-25T00:33:49+00:00,brunsbuettel,2026-08-23,2026-08-23T06:00:00+02:00,2026-08-24T06:00:00+02:00,Physical Flow,day,29821363.0,kWh/d,DE-TSO-0005,LNG-00060,entry,Confirmed,2026-09-21T11:11:09+02:00
2026-09-25T00:33:49+00:00,brunsbuettel,2026-08-24,2026-08-24T06:00:00+02:00,2026-08-25T06:00:00+02:00,Physical Flow,day,38112451.0,kWh/d,DE-TSO-0005,LNG-00060,entry,Confirmed,2026-09-21T11:11:09+02:00
2026-09-25T00:33:49+00:00,brunsbuettel,2026-08-25,2026-08-25T06:00:00+02:00,2026-08-26T06:00:00+02:00,Physical Flow,day,26570478.0,kWh/d,DE-TSO-0005,LNG-00060,entry,Confirmed,2026-09-21T11:11:09+02:00
2026-09-25T00:33:49+00:00,brunsbuettel,2026-08-26,2026-08-26T06:00:00+02:00,2026-08-27T06:00:00+02:00,Physical Flow,day,26607543.0,kWh/d,DE-TSO-0005,LNG-00060,entry,Confirmed,2026-09-21T11:11:09+02:00
2026-09-25T00:33:49+00:00,brunsbuettel,2026-08-27,2026-08-27T06:00:00+02:00,2026-08-28T06:00:00+02:00,Physical Flow,day,28963761.0,kWh/d,DE-TSO-0005,LNG-00060,entry,Confirmed,2026-09-21T11:11:09+02:00
2026-09-25T00:33:49+00:00,brunsbuettel,2026-08-28,2026-08-28T06:00:00+02:00,2026-08-29T06:00:00+02:00,Physical Flow,day,26593799.0,kWh/d,DE-TSO-0005,LNG-00060,entry,Confirmed,2026-09-21T11:11:09+02:00
2026-09-25T00:33:49+00:00,brunsbuettel,2026-08-29,2026-08-29T06:00:00+02:00,2026-08-30T06:00:00+02:00,Physical Flow,day,26604350.0,kWh/d,DE-TSO-0005,LNG-00060,entry,Confirmed,2026-09-21T11:11:09+02:00
2026-09-25T00:33:49+00:00,brunsbuettel,2026-08-30,2026-08-30T06:00:00+02:00,2026-08-31T06:00:00+02:00,Physical Flow,day,26579698.0,kWh/d,DE-TSO-0005,LNG-00060,entry,Confirmed,2026-09-21T11:11:09+02:00
2026-09-25T00:33:49+00:00,brunsbuettel,2026-08-31,2026-08-31T06:00:00+02:00,2026-09-01T06:00:00+02:00,Physical Flow,day,35314279.0,kWh/d,DE-TSO-0005,LNG-00060,entry,Confirmed,2026-09-21T11:11:09+02:00
2026-09-25T00:33:49+00:00,brunsbuettel,2026-09-01,2026-09-01T06:00:00+02:00,2026-09-02T06:00:00+02:00,Physical Flow,day,35174371.0,kWh/d,DE-TSO-0005,LNG-00060,entry,Provisional,2026-09-08T16:36:30+02:00
2026-09-25T00:33:49+00:00,brunsbuettel,2026-09-02,2026-09-02T06:00:00+02:00,2026-09-03T06:00:00+02:00,Physical Flow,day,35325723.0,kWh/d,DE-TSO-0005,LNG-00060,entry,Provisional,2026-09-09T16:28:09+02:00
2026-09-25T00:33:49+00:00,brunsbuettel,2026-09-03,2026-09-03T06:00:00+02:00,2026-09-04T06:00:00+02:00,Physical Flow,day,35348392.0,kWh/d,DE-TSO-0005,LNG-00060,entry,Provisional,2026-09-10T16:31:30+02:00
2026-09-25T00:33:49+00:00,brunsbuettel,2026-09-04,2026-09-04T06:00:00+02:00,2026-09-05T06:00:00+02:00,Physical Flow,day,26568429.0,kWh/d,DE-TSO-0005,LNG-00060,entry,Provisional,2026-09-11T16:24:10+02:00
2026-09-25T00:33:49+00:00,brunsbuettel,2026-09-05,2026-09-05T06:00:00+02:00,2026-09-06T06:00:00+02:00,Physical Flow,day,26564629.0,kWh/d,DE-TSO-0005,LNG-00060,entry,Provisional,2026-09-12T16:24:29+02:00
2026-09-25T00:33:49+00:00,brunsbuettel,2026-09-06,2026-09-06T06:00:00+02:00,2026-09-07T06:00:00+02:00,Physical Flow,day,26558992.0,kWh/d,DE-TSO-0005,LNG-00060,entry,Provisional,2026-09-14T10:46:10+02:00
2026-09-25T00:33:49+00:00,brunsbuettel,2026-09-07,2026-09-07T06:00:00+02:00,2026-09-08T06:00:00+02:00,Physical Flow,day,26587544.0,kWh/d,DE-TSO-0005,LNG-00060,entry,Provisional,2026-09-15T03:44:29+02:00
2026-09-25T00:33:49+00:00,brunsbuettel,2026-09-08,2026-09-08T06:00:00+02:00,2026-09-09T06:00:00+02:00,Physical Flow,day,26569274.0,kWh/d,DE-TSO-0005,LNG-00060,entry,Provisional,2026-09-15T17:18:10+02:00
2026-09-25T00:33:49+00:00,brunsbuettel,2026-09-09,2026-09-09T06:00:00+02:00,2026-09-10T06:00:00+02:00,Physical Flow,day,26509831.0,kWh/d,DE-TSO-0005,LNG-00060,entry,Provisional,2026-09-16T16:22:49+02:00
2026-09-25T00:33:49+00:00,brunsbuettel,2026-09-10,2026-09-10T06:00:00+02:00,2026-09-11T06:00:00+02:00,Physical Flow,day,26556200.0,kWh/d,DE-TSO-0005,LNG-00060,entry,Provisional,2026-09-17T16:24:10+02:00
2026-09-25T00:33:49+00:00,brunsbuettel,2026-09-11,2026-09-11T06:00:00+02:00,2026-09-12T06:00:00+02:00,Physical Flow,day,26519370.0,kWh/d,DE-TSO-0005,LNG-00060,entry,Provisional,2026-09-18T16:22:52+02:00
2026-09-25T00:33:49+00:00,brunsbuettel,2026-09-12,2026-09-12T06:00:00+02:00,2026-09-13T06:00:00+02:00,Physical Flow,day,26589318.0,kWh/d,DE-TSO-0005,LNG-00060,entry,Provisional,2026-09-19T16:23:50+02:00
2026-09-25T00:33:49+00:00,brunsbuettel,2026-09-13,2026-09-13T06:00:00+02:00,2026-09-14T06:00:00+02:00,Physical Flow,day,26504571.0,kWh/d,DE-TSO-0005,LNG-00060,entry,Provisional,2026-09-20T16:26:11+02:00
2026-09-25T00:33:49+00:00,brunsbuettel,2026-09-14,2026-09-14T06:00:00+02:00,2026-09-15T06:00:00+02:00,Physical Flow,day,26615524.0,kWh/d,DE-TSO-0005,LNG-00060,entry,Provisional,2026-09-21T16:20:50+02:00
2026-09-25T00:33:49+00:00,brunsbuettel,2026-09-15,2026-09-15T06:00:00+02:00,2026-09-16T06:00:00+02:00,Physical Flow,day,26548841.0,kWh/d,DE-TSO-0005,LNG-00060,entry,Provisional,2026-09-22T16:56:10+02:00
2026-09-25T00:33:49+00:00,brunsbuettel,2026-09-16,2026-09-16T06:00:00+02:00,2026-09-17T06:00:00+02:00,Physical Flow,day,26483601.0,kWh/d,DE-TSO-0005,LNG-00060,entry,Provisional,2026-09-23T16:22:29+02:00
2026-09-25T00:33:49+00:00,brunsbuettel,2026-09-17,2026-09-17T06:00:00+02:00,2026-09-18T06:00:00+02:00,Physical Flow,day,26594450.0,kWh/d,DE-TSO-0005,LNG-00060,entry,Provisional,2026-09-24T16:23:10+02:00
2026-09-25T00:33:49+00:00,brunsbuettel,2026-09-18,2026-09-18T06:00:00+02:00,2026-09-19T06:00:00+02:00,Physical Flow,day,26514738.0,kWh/d,DE-TSO-0005,LNG-00060,entry,Provisional,2026-09-19T11:55:29+02:00
2026-09-25T00:33:49+00:00,brunsbuettel,2026-09-19,2026-09-19T06:00:00+02:00,2026-09-20T06:00:00+02:00,Physical Flow,day,89837116.0,kWh/d,DE-TSO-0005,LNG-00060,entry,Provisional,2026-09-20T11:54:09+02:00
2026-09-25T00:33:49+00:00,brunsbuettel,2026-09-20,2026-09-20T06:00:00+02:00,2026-09-21T06:00:00+02:00,Physical Flow,day,87607345.0,kWh/d,DE-TSO-0005,LNG-00060,entry,Provisional,2026-09-21T11:58:10+02:00
2026-09-25T00:33:49+00:00,brunsbuettel,2026-09-21,2026-09-21T06:00:00+02:00,2026-09-22T06:00:00+02:00,Physical Flow,day,90599651.0,kWh/d,DE-TSO-0005,LNG-00060,entry,Provisional,2026-09-22T11:53:09+02:00
2026-09-25T00:33:49+00:00,brunsbuettel,2026-09-22,2026-09-22T06:00:00+02:00,2026-09-23T06:00:00+02:00,Physical Flow,day,55749754.0,kWh/d,DE-TSO-0005,LNG-00060,entry,Provisional,2026-09-23T11:53:29+02:00
2026-09-25T00:33:49+00:00,brunsbuettel,2026-09-23,2026-09-23T06:00:00+02:00,2026-09-24T06:00:00+02:00,Physical Flow,day,55681668.0,kWh/d,DE-TSO-0005,LNG-00060,entry,Provisional,2026-09-24T11:53:29+02:00
2026-09-25T00:33:49+00:00,mukran,2026-08-11,2026-08-11T06:00:00+02:00,2026-08-12T06:00:00+02:00,Physical Flow,day,3540498.0,kWh/d,DE-TSO-0001,LNG-00079,entry,Confirmed,2026-09-12T11:07:09+02:00
2026-09-25T00:33:49+00:00,mukran,2026-08-12,2026-08-12T06:00:00+02:00,2026-08-13T06:00:00+02:00,Physical Flow,day,3208705.0,kWh/d,DE-TSO-0001,LNG-00079,entry,Confirmed,2026-09-12T11:07:09+02:00
2026-09-25T00:33:49+00:00,mukran,2026-08-13,2026-08-13T06:00:00+02:00,2026-08-14T06:00:00+02:00,Physical Flow,day,0.0,kWh/d,DE-TSO-0001,LNG-00079,entry,Confirmed,2026-09-12T11:07:09+02:00
2026-09-25T00:33:49+00:00,mukran,2026-08-14,2026-08-14T06:00:00+02:00,2026-08-15T06:00:00+02:00,Physical Flow,day,0.0,kWh/d,DE-TSO-0001,LNG-00079,entry,Confirmed,2026-09-12T11:07:09+02:00
2026-09-25T00:33:49+00:00,mukran,2026-08-15,2026-08-15T06:00:00+02:00,2026-08-16T06:00:00+02:00,Physical Flow,day,3255470.0,kWh/d,DE-TSO-0001,LNG-00079,entry,Confirmed,2026-09-12T11:07:09+02:00
2026-09-25T00:33:49+00:00,mukran,2026-08-16,2026-08-16T06:00:00+02:00,2026-08-17T06:00:00+02:00,Physical Flow,day,3705022.0,kWh/d,DE-TSO-0001,LNG-00079,entry,Confirmed,2026-09-12T11:07:09+02:00
2026-09-25T00:33:49+00:00,mukran,2026-08-17,2026-08-17T06:00:00+02:00,2026-08-18T06:00:00+02:00,Physical Flow,day,0.0,kWh/d,DE-TSO-0001,LNG-00079,entry,Confirmed,2026-09-12T11:07:09+02:00
2026-09-25T00:33:49+00:00,mukran,2026-08-18,2026-08-18T06:00:00+02:00,2026-08-19T06:00:00+02:00,Physical Flow,day,1860579.0,kWh/d,DE-TSO-0001,LNG-00079,entry,Confirmed,2026-09-12T11:07:09+02:00
2026-09-25T00:33:49+00:00,mukran,2026-08-19,2026-08-19T06:00:00+02:00,2026-08-20T06:00:00+02:00,Physical Flow,day,2952836.0,kWh/d,DE-TSO-0001,LNG-00079,entry,Confirmed,2026-09-12T11:07:09+02:00
2026-09-25T00:33:49+00:00,mukran,2026-08-20,2026-08-20T06:00:00+02:00,2026-08-21T06:00:00+02:00,Physical Flow,day,0.0,kWh/d,DE-TSO-0001,LNG-00079,entry,Confirmed,2026-09-12T11:07:09+02:00
2026-09-25T00:33:49+00:00,mukran,2026-08-21,2026-08-21T06:00:00+02:00,2026-08-22T06:00:00+02:00,Physical Flow,day,2935744.0,kWh/d,DE-TSO-0001,LNG-00079,entry,Confirmed,2026-09-12T11:07:09+02:00
2026-09-25T00:33:49+00:00,mukran,2026-08-22,2026-08-22T06:00:00+02:00,2026-08-23T06:00:00+02:00,Physical Flow,day,0.0,kWh/d,DE-TSO-0001,LNG-00079,entry,Confirmed,2026-09-12T11:07:09+02:00
2026-09-25T00:33:49+00:00,mukran,2026-08-23,2026-08-23T06:00:00+02:00,2026-08-24T06:00:00+02:00,Physical Flow,day,0.0,kWh/d,DE-TSO-0001,LNG-00079,entry,Confirmed,2026-09-12T11:07:09+02:00
2026-09-25T00:33:49+00:00,mukran,2026-08-24,2026-08-24T06:00:00+02:00,2026-08-25T06:00:00+02:00,Physical Flow,day,43687454.0,kWh/d,DE-TSO-0001,LNG-00079,entry,Confirmed,2026-09-12T11:07:09+02:00
2026-09-25T00:33:49+00:00,mukran,2026-08-25,2026-08-25T06:00:00+02:00,2026-08-26T06:00:00+02:00,Physical Flow,day,103063634.0,kWh/d,DE-TSO-0001,LNG-00079,entry,Confirmed,2026-09-12T11:07:09+02:00
2026-09-25T00:33:49+00:00,mukran,2026-08-26,2026-08-26T06:00:00+02:00,2026-08-27T06:00:00+02:00,Physical Flow,day,116827194.0,kWh/d,DE-TSO-0001,LNG-00079,entry,Confirmed,2026-09-12T11:07:09+02:00
2026-09-25T00:33:49+00:00,mukran,2026-08-27,2026-08-27T06:00:00+02:00,2026-08-28T06:00:00+02:00,Physical Flow,day,148293696.0,kWh/d,DE-TSO-0001,LNG-00079,entry,Confirmed,2026-09-12T11:07:09+02:00
2026-09-25T00:33:49+00:00,mukran,2026-08-28,2026-08-28T06:00:00+02:00,2026-08-29T06:00:00+02:00,Physical Flow,day,148233849.0,kWh/d,DE-TSO-0001,LNG-00079,entry,Confirmed,2026-09-12T11:07:09+02:00
2026-09-25T00:33:49+00:00,mukran,2026-08-29,2026-08-29T06:00:00+02:00,2026-08-30T06:00:00+02:00,Physical Flow,day,135741896.0,kWh/d,DE-TSO-0001,LNG-00079,entry,Confirmed,2026-09-12T11:07:09+02:00
2026-09-25T00:33:49+00:00,mukran,2026-08-30,2026-08-30T06:00:00+02:00,2026-08-31T06:00:00+02:00,Physical Flow,day,135799374.0,kWh/d,DE-TSO-0001,LNG-00079,entry,Confirmed,2026-09-12T11:07:09+02:00
2026-09-25T00:33:49+00:00,mukran,2026-08-31,2026-08-31T06:00:00+02:00,2026-09-01T06:00:00+02:00,Physical Flow,day,132298456.0,kWh/d,DE-TSO-0001,LNG-00079,entry,Confirmed,2026-09-12T11:07:09+02:00
2026-09-25T00:33:49+00:00,mukran,2026-09-01,2026-09-01T06:00:00+02:00,2026-09-02T06:00:00+02:00,Physical Flow,day,0.0,kWh/d,DE-TSO-0001,LNG-00079,entry,Provisional,2026-09-02T09:08:09+02:00
2026-09-25T00:33:49+00:00,mukran,2026-09-02,2026-09-02T06:00:00+02:00,2026-09-03T06:00:00+02:00,Physical Flow,day,0.0,kWh/d,DE-TSO-0001,LNG-00079,entry,Provisional,2026-09-03T09:05:29+02:00
2026-09-25T00:33:49+00:00,mukran,2026-09-03,2026-09-03T06:00:00+02:00,2026-09-04T06:00:00+02:00,Physical Flow,day,4348444.0,kWh/d,DE-TSO-0001,LNG-00079,entry,Provisional,2026-09-04T09:10:10+02:00
2026-09-25T00:33:49+00:00,mukran,2026-09-04,2026-09-04T06:00:00+02:00,2026-09-05T06:00:00+02:00,Physical Flow,day,0.0,kWh/d,DE-TSO-0001,LNG-00079,entry,Provisional,2026-09-05T09:10:29+02:00
2026-09-25T00:33:49+00:00,mukran,2026-09-05,2026-09-05T06:00:00+02:00,2026-09-06T06:00:00+02:00,Physical Flow,day,2763381.0,kWh/d,DE-TSO-0001,LNG-00079,entry,Provisional,2026-09-06T09:08:29+02:00
2026-09-25T00:33:49+00:00,mukran,2026-09-06,2026-09-06T06:00:00+02:00,2026-09-07T06:00:00+02:00,Physical Flow,day,0.0,kWh/d,DE-TSO-0001,LNG-00079,entry,Provisional,2026-09-07T09:15:29+02:00
2026-09-25T00:33:49+00:00,mukran,2026-09-07,2026-09-07T06:00:00+02:00,2026-09-08T06:00:00+02:00,Physical Flow,day,2871702.0,kWh/d,DE-TSO-0001,LNG-00079,entry,Provisional,2026-09-08T09:21:49+02:00
2026-09-25T00:33:49+00:00,mukran,2026-09-08,2026-09-08T06:00:00+02:00,2026-09-09T06:00:00+02:00,Physical Flow,day,535801.0,kWh/d,DE-TSO-0001,LNG-00079,entry,Provisional,2026-09-09T09:14:29+02:00
2026-09-25T00:33:49+00:00,mukran,2026-09-09,2026-09-09T06:00:00+02:00,2026-09-10T06:00:00+02:00,Physical Flow,day,2209432.0,kWh/d,DE-TSO-0001,LNG-00079,entry,Provisional,2026-09-10T09:08:09+02:00
2026-09-25T00:33:49+00:00,mukran,2026-09-10,2026-09-10T06:00:00+02:00,2026-09-11T06:00:00+02:00,Physical Flow,day,0.0,kWh/d,DE-TSO-0001,LNG-00079,entry,Provisional,2026-09-11T09:16:50+02:00
2026-09-25T00:33:49+00:00,mukran,2026-09-11,2026-09-11T06:00:00+02:00,2026-09-12T06:00:00+02:00,Physical Flow,day,4125923.0,kWh/d,DE-TSO-0001,LNG-00079,entry,Provisional,2026-09-12T11:52:50+02:00
2026-09-25T00:33:49+00:00,mukran,2026-09-12,2026-09-12T06:00:00+02:00,2026-09-13T06:00:00+02:00,Physical Flow,day,0.0,kWh/d,DE-TSO-0001,LNG-00079,entry,Provisional,2026-09-14T10:46:10+02:00
2026-09-25T00:33:49+00:00,mukran,2026-09-13,2026-09-13T06:00:00+02:00,2026-09-14T06:00:00+02:00,Physical Flow,day,2387435.0,kWh/d,DE-TSO-0001,LNG-00079,entry,Provisional,2026-09-14T21:53:29+02:00
2026-09-25T00:33:49+00:00,mukran,2026-09-14,2026-09-14T06:00:00+02:00,2026-09-15T06:00:00+02:00,Physical Flow,day,1559268.0,kWh/d,DE-TSO-0001,LNG-00079,entry,Provisional,2026-09-15T10:57:50+02:00
2026-09-25T00:33:49+00:00,mukran,2026-09-15,2026-09-15T06:00:00+02:00,2026-09-16T06:00:00+02:00,Physical Flow,day,376818.0,kWh/d,DE-TSO-0001,LNG-00079,entry,Provisional,2026-09-16T09:27:09+02:00
2026-09-25T00:33:49+00:00,mukran,2026-09-16,2026-09-16T06:00:00+02:00,2026-09-17T06:00:00+02:00,Physical Flow,day,3305455.0,kWh/d,DE-TSO-0001,LNG-00079,entry,Provisional,2026-09-17T09:04:29+02:00
2026-09-25T00:33:49+00:00,mukran,2026-09-17,2026-09-17T06:00:00+02:00,2026-09-18T06:00:00+02:00,Physical Flow,day,0.0,kWh/d,DE-TSO-0001,LNG-00079,entry,Provisional,2026-09-18T09:06:09+02:00
2026-09-25T00:33:49+00:00,mukran,2026-09-18,2026-09-18T06:00:00+02:00,2026-09-19T06:00:00+02:00,Physical Flow,day,3340838.0,kWh/d,DE-TSO-0001,LNG-00079,entry,Provisional,2026-09-19T09:07:50+02:00
2026-09-25T00:33:49+00:00,mukran,2026-09-19,2026-09-19T06:00:00+02:00,2026-09-20T06:00:00+02:00,Physical Flow,day,0.0,kWh/d,DE-TSO-0001,LNG-00079,entry,Provisional,2026-09-20T09:09:09+02:00
2026-09-25T00:33:49+00:00,mukran,2026-09-20,2026-09-20T06:00:00+02:00,2026-09-21T06:00:00+02:00,Physical Flow,day,2255592.0,kWh/d,DE-TSO-0001,LNG-00079,entry,Provisional,2026-09-21T09:12:29+02:00
2026-09-25T00:33:49+00:00,mukran,2026-09-21,2026-09-21T06:00:00+02:00,2026-09-22T06:00:00+02:00,Physical Flow,day,2720581.0,kWh/d,DE-TSO-0001,LNG-00079,entry,Provisional,2026-09-22T09:05:50+02:00
2026-09-25T00:33:49+00:00,mukran,2026-09-22,2026-09-22T06:00:00+02:00,2026-09-23T06:00:00+02:00,Physical Flow,day,1499696.0,kWh/d,DE-TSO-0001,LNG-00079,entry,Provisional,2026-09-23T09:13:09+02:00
2026-09-25T00:33:49+00:00,mukran,2026-09-23,2026-09-23T06:00:00+02:00,2026-09-24T06:00:00+02:00,Physical Flow,day,2220284.0,kWh/d,DE-TSO-0001,LNG-00079,entry,Provisional,2026-09-24T09:15:29+02:00
2026-09-25T00:33:49+00:00,mukran,2026-08-11,2026-08-11T06:00:00+02:00,2026-08-12T06:00:00+02:00,Physical Flow,day,4519202.0,kWh/d,DE-TSO-0018,LNG-00079,entry,Provisional,2026-08-12T10:34:09+02:00
2026-09-25T00:33:49+00:00,mukran,2026-08-12,2026-08-12T06:00:00+02:00,2026-08-13T06:00:00+02:00,Physical Flow,day,3830803.0,kWh/d,DE-TSO-0018,LNG-00079,entry,Provisional,2026-08-13T10:34:50+02:00
2026-09-25T00:33:49+00:00,mukran,2026-08-13,2026-08-13T06:00:00+02:00,2026-08-14T06:00:00+02:00,Physical Flow,day,0.0,kWh/d,DE-TSO-0018,LNG-00079,entry,Provisional,2026-09-20T01:07:50+02:00
2026-09-25T00:33:49+00:00,mukran,2026-08-20,2026-08-20T06:00:00+02:00,2026-08-21T06:00:00+02:00,Physical Flow,day,0.0,kWh/d,DE-TSO-0018,LNG-00079,entry,Provisional,2026-09-20T01:07:50+02:00
2026-09-25T00:33:49+00:00,mukran,2026-08-24,2026-08-24T06:00:00+02:00,2026-08-25T06:00:00+02:00,Physical Flow,day,547285.0,kWh/d,DE-TSO-0018,LNG-00079,entry,Provisional,2026-09-20T01:07:50+02:00
2026-09-25T00:33:49+00:00,mukran,2026-08-28,2026-08-28T06:00:00+02:00,2026-08-29T06:00:00+02:00,Physical Flow,day,6038787.0,kWh/d,DE-TSO-0018,LNG-00079,entry,Provisional,2026-09-20T01:07:50+02:00
2026-09-25T00:33:49+00:00,mukran,2026-08-31,2026-08-31T06:00:00+02:00,2026-09-01T06:00:00+02:00,Physical Flow,day,5625841.0,kWh/d,DE-TSO-0018,LNG-00079,entry,Provisional,2026-09-20T01:07:50+02:00
2026-09-25T00:33:49+00:00,mukran,2026-09-09,2026-09-09T06:00:00+02:00,2026-09-10T06:00:00+02:00,Physical Flow,day,0.0,kWh/d,DE-TSO-0018,LNG-00079,entry,Provisional,2026-09-10T10:35:09+02:00
2026-09-25T00:33:49+00:00,mukran,2026-09-22,2026-09-22T06:00:00+02:00,2026-09-23T06:00:00+02:00,Physical Flow,day,0.0,kWh/d,DE-TSO-0018,LNG-00079,entry,Provisional,2026-09-23T10:34:30+02:00
2026-09-25T00:33:49+00:00,gate,2026-08-11,2026-08-11T06:00:00+02:00,2026-08-12T06:00:00+02:00,Nomination,day,351528000.0,kWh/d,NL-TSO-0001,LNG-00027,entry,,2026-08-10T16:26:50+02:00
2026-09-25T00:33:49+00:00,gate,2026-08-12,2026-08-12T06:00:00+02:00,2026-08-13T06:00:00+02:00,Nomination,day,352685520.0,kWh/d,NL-TSO-0001,LNG-00027,entry,,2026-08-11T16:15:30+02:00
2026-09-25T00:33:49+00:00,gate,2026-08-13,2026-08-13T06:00:00+02:00,2026-08-14T06:00:00+02:00,Nomination,day,356477520.0,kWh/d,NL-TSO-0001,LNG-00027,entry,,2026-08-12T16:05:10+02:00
2026-09-25T00:33:49+00:00,gate,2026-08-14,2026-08-14T06:00:00+02:00,2026-08-15T06:00:00+02:00,Nomination,day,356477520.0,kWh/d,NL-TSO-0001,LNG-00027,entry,,2026-08-13T16:25:32+02:00
2026-09-25T00:33:49+00:00,gate,2026-08-15,2026-08-15T06:00:00+02:00,2026-08-16T06:00:00+02:00,Nomination,day,340133520.0,kWh/d,NL-TSO-0001,LNG-00027,entry,,2026-08-14T16:11:50+02:00
2026-09-25T00:33:49+00:00,gate,2026-08-16,2026-08-16T06:00:00+02:00,2026-08-17T06:00:00+02:00,Nomination,day,448716960.0,kWh/d,NL-TSO-0001,LNG-00027,entry,,2026-08-15T16:04:50+02:00
2026-09-25T00:33:49+00:00,gate,2026-08-17,2026-08-17T06:00:00+02:00,2026-08-18T06:00:00+02:00,Nomination,day,450660960.0,kWh/d,NL-TSO-0001,LNG-00027,entry,,2026-08-16T15:58:10+02:00
2026-09-25T00:33:49+00:00,gate,2026-08-18,2026-08-18T06:00:00+02:00,2026-08-19T06:00:00+02:00,Nomination,day,356748960.0,kWh/d,NL-TSO-0001,LNG-00027,entry,,2026-08-17T15:56:10+02:00
2026-09-25T00:33:49+00:00,gate,2026-08-19,2026-08-19T06:00:00+02:00,2026-08-20T06:00:00+02:00,Nomination,day,356748960.0,kWh/d,NL-TSO-0001,LNG-00027,entry,,2026-08-19T15:51:11+02:00
2026-09-25T00:33:49+00:00,gate,2026-08-20,2026-08-20T06:00:00+02:00,2026-08-21T06:00:00+02:00,Nomination,day,356052960.0,kWh/d,NL-TSO-0001,LNG-00027,entry,,2026-08-19T15:51:11+02:00
2026-09-25T00:33:49+00:00,gate,2026-08-21,2026-08-21T06:00:00+02:00,2026-08-22T06:00:00+02:00,Nomination,day,275467200.0,kWh/d,NL-TSO-0001,LNG-00027,entry,,2026-08-20T16:15:29+02:00
2026-09-25T00:33:49+00:00,gate,2026-08-22,2026-08-22T06:00:00+02:00,2026-08-23T06:00:00+02:00,Nomination,day,430747200.0,kWh/d,NL-TSO-0001,LNG-00027,entry,,2026-08-22T15:59:10+02:00
2026-09-25T00:33:49+00:00,gate,2026-08-23,2026-08-23T06:00:00+02:00,2026-08-24T06:00:00+02:00,Nomination,day,453691200.0,kWh/d,NL-TSO-0001,LNG-00027,entry,,2026-08-22T15:59:10+02:00
2026-09-25T00:33:49+00:00,gate,2026-08-24,2026-08-24T06:00:00+02:00,2026-08-25T06:00:00+02:00,Nomination,day,453715200.0,kWh/d,NL-TSO-0001,LNG-00027,entry,,2026-08-23T16:05:30+02:00
2026-09-25T00:33:49+00:00,gate,2026-08-25,2026-08-25T06:00:00+02:00,2026-08-26T06:00:00+02:00,Nomination,day,452851200.0,kWh/d,NL-TSO-0001,LNG-00027,entry,,2026-08-24T16:06:51+02:00
2026-09-25T00:33:49+00:00,gate,2026-08-26,2026-08-26T06:00:00+02:00,2026-08-27T06:00:00+02:00,Nomination,day,407347200.0,kWh/d,NL-TSO-0001,LNG-00027,entry,,2026-08-26T16:02:30+02:00
2026-09-25T00:33:49+00:00,gate,2026-08-27,2026-08-27T06:00:00+02:00,2026-08-28T06:00:00+02:00,Nomination,day,405451200.0,kWh/d,NL-TSO-0001,LNG-00027,entry,,2026-08-26T16:02:30+02:00
2026-09-25T00:33:49+00:00,gate,2026-08-28,2026-08-28T06:00:00+02:00,2026-08-29T06:00:00+02:00,Nomination,day,405691200.0,kWh/d,NL-TSO-0001,LNG-00027,entry,,2026-08-27T16:11:55+02:00
2026-09-25T00:33:49+00:00,gate,2026-08-29,2026-08-29T06:00:00+02:00,2026-08-30T06:00:00+02:00,Nomination,day,296539200.0,kWh/d,NL-TSO-0001,LNG-00027,entry,,2026-08-28T16:12:49+02:00
2026-09-25T00:33:49+00:00,gate,2026-08-30,2026-08-30T06:00:00+02:00,2026-08-31T06:00:00+02:00,Nomination,day,406227840.0,kWh/d,NL-TSO-0001,LNG-00027,entry,,2026-08-29T16:03:49+02:00
2026-09-25T00:33:49+00:00,gate,2026-08-31,2026-08-31T06:00:00+02:00,2026-09-01T06:00:00+02:00,Nomination,day,397563840.0,kWh/d,NL-TSO-0001,LNG-00027,entry,,2026-08-30T16:00:30+02:00
2026-09-25T00:33:49+00:00,gate,2026-09-01,2026-09-01T06:00:00+02:00,2026-09-02T06:00:00+02:00,Nomination,day,406659840.0,kWh/d,NL-TSO-0001,LNG-00027,entry,,2026-08-31T16:04:50+02:00
2026-09-25T00:33:49+00:00,gate,2026-09-02,2026-09-02T06:00:00+02:00,2026-09-03T06:00:00+02:00,Nomination,day,489483840.0,kWh/d,NL-TSO-0001,LNG-00027,entry,,2026-09-01T16:05:30+02:00
2026-09-25T00:33:49+00:00,gate,2026-09-03,2026-09-03T06:00:00+02:00,2026-09-04T06:00:00+02:00,Nomination,day,451884480.0,kWh/d,NL-TSO-0001,LNG-00027,entry,,2026-09-02T16:16:24+02:00
2026-09-25T00:33:49+00:00,gate,2026-09-04,2026-09-04T06:00:00+02:00,2026-09-05T06:00:00+02:00,Nomination,day,462876480.0,kWh/d,NL-TSO-0001,LNG-00027,entry,,2026-09-03T16:21:29+02:00
2026-09-25T00:33:49+00:00,gate,2026-09-05,2026-09-05T06:00:00+02:00,2026-09-06T06:00:00+02:00,Nomination,day,348852480.0,kWh/d,NL-TSO-0001,LNG-00027,entry,,2026-09-04T16:24:50+02:00
2026-09-25T00:33:49+00:00,gate,2026-09-06,2026-09-06T06:00:00+02:00,2026-09-07T06:00:00+02:00,Nomination,day,460836480.0,kWh/d,NL-TSO-0001,LNG-00027,entry,,2026-09-05T16:01:09+02:00
2026-09-25T00:33:49+00:00,gate,2026-09-07,2026-09-07T06:00:00+02:00,2026-09-08T06:00:00+02:00,Nomination,day,460764480.0,kWh/d,NL-TSO-0001,LNG-00027,entry,,2026-09-06T16:08:10+02:00
2026-09-25T00:33:49+00:00,gate,2026-09-08,2026-09-08T06:00:00+02:00,2026-09-09T06:00:00+02:00,Nomination,day,351276480.0,kWh/d,NL-TSO-0001,LNG-00027,entry,,2026-09-07T16:16:30+02:00
2026-09-25T00:33:49+00:00,gate,2026-09-09,2026-09-09T06:00:00+02:00,2026-09-10T06:00:00+02:00,Nomination,day,348780480.0,kWh/d,NL-TSO-0001,LNG-00027,entry,,2026-09-08T15:47:30+02:00
2026-09-25T00:33:49+00:00,gate,2026-09-10,2026-09-10T06:00:00+02:00,2026-09-11T06:00:00+02:00,Nomination,day,348756480.0,kWh/d,NL-TSO-0001,LNG-00027,entry,,2026-09-09T15:56:10+02:00
2026-09-25T00:33:49+00:00,gate,2026-09-11,2026-09-11T06:00:00+02:00,2026-09-12T06:00:00+02:00,Nomination,day,286044480.0,kWh/d,NL-TSO-0001,LNG-00027,entry,,2026-09-11T10:43:29+02:00
2026-09-25T00:33:49+00:00,gate,2026-09-12,2026-09-12T06:00:00+02:00,2026-09-13T06:00:00+02:00,Nomination,day,366156480.0,kWh/d,NL-TSO-0001,LNG-00027,entry,,2026-09-11T15:40:09+02:00
2026-09-25T00:33:49+00:00,gate,2026-09-13,2026-09-13T06:00:00+02:00,2026-09-14T06:00:00+02:00,Nomination,day,485308320.0,kWh/d,NL-TSO-0001,LNG-00027,entry,,2026-09-12T15:58:50+02:00
2026-09-25T00:33:49+00:00,gate,2026-09-14,2026-09-14T06:00:00+02:00,2026-09-15T06:00:00+02:00,Nomination,day,353304000.0,kWh/d,NL-TSO-0001,LNG-00027,entry,,2026-09-14T16:39:10+02:00
2026-09-25T00:33:49+00:00,gate,2026-09-15,2026-09-15T06:00:00+02:00,2026-09-16T06:00:00+02:00,Nomination,day,276000000.0,kWh/d,NL-TSO-0001,LNG-00027,entry,,2026-09-15T02:11:09+02:00
2026-09-25T00:33:49+00:00,gate,2026-09-16,2026-09-16T06:00:00+02:00,2026-09-17T06:00:00+02:00,Nomination,day,484492320.0,kWh/d,NL-TSO-0001,LNG-00027,entry,,2026-09-16T16:46:30+02:00
2026-09-25T00:33:49+00:00,gate,2026-09-17,2026-09-17T06:00:00+02:00,2026-09-18T06:00:00+02:00,Nomination,day,484492320.0,kWh/d,NL-TSO-0001,LNG-00027,entry,,2026-09-16T16:46:30+02:00
2026-09-25T00:33:49+00:00,gate,2026-09-18,2026-09-18T06:00:00+02:00,2026-09-19T06:00:00+02:00,Nomination,day,484492320.0,kWh/d,NL-TSO-0001,LNG-00027,entry,,2026-09-17T17:03:50+02:00
2026-09-25T00:33:49+00:00,gate,2026-09-19,2026-09-19T06:00:00+02:00,2026-09-20T06:00:00+02:00,Nomination,day,372892320.0,kWh/d,NL-TSO-0001,LNG-00027,entry,,2026-09-18T16:32:50+02:00
2026-09-25T00:33:49+00:00,gate,2026-09-20,2026-09-20T06:00:00+02:00,2026-09-21T06:00:00+02:00,Nomination,day,479453760.0,kWh/d,NL-TSO-0001,LNG-00027,entry,,2026-09-19T15:47:50+02:00
2026-09-25T00:33:49+00:00,gate,2026-09-21,2026-09-21T06:00:00+02:00,2026-09-22T06:00:00+02:00,Nomination,day,489695520.0,kWh/d,NL-TSO-0001,LNG-00027,entry,,2026-09-20T15:45:50+02:00
2026-09-25T00:33:49+00:00,gate,2026-09-22,2026-09-22T06:00:00+02:00,2026-09-23T06:00:00+02:00,Nomination,day,408023520.0,kWh/d,NL-TSO-0001,LNG-00027,entry,,2026-09-21T16:20:50+02:00
2026-09-25T00:33:49+00:00,gate,2026-09-23,2026-09-23T06:00:00+02:00,2026-09-24T06:00:00+02:00,Nomination,day,355632001.0,kWh/d,NL-TSO-0001,LNG-00027,entry,,2026-09-22T16:56:10+02:00
2026-09-25T00:33:49+00:00,gate,2026-09-24,2026-09-24T06:00:00+02:00,2026-09-25T06:00:00+02:00,Nomination,day,275304000.0,kWh/d,NL-TSO-0001,LNG-00027,entry,,2026-09-23T15:49:09+02:00
2026-09-25T00:33:49+00:00,gate,2026-09-25,2026-09-25T06:00:00+02:00,2026-09-26T06:00:00+02:00,Nomination,day,404956560.0,kWh/d,NL-TSO-0001,LNG-00027,entry,,2026-09-24T15:38:10+02:00
2026-09-25T00:33:49+00:00,eems,2026-08-11,2026-08-11T06:00:00+02:00,2026-08-12T06:00:00+02:00,Nomination,day,252493152.0,kWh/d,NL-TSO-0001,LNG-00068,entry,,2026-08-10T16:26:50+02:00
2026-09-25T00:33:49+00:00,eems,2026-08-12,2026-08-12T06:00:00+02:00,2026-08-13T06:00:00+02:00,Nomination,day,277528128.0,kWh/d,NL-TSO-0001,LNG-00068,entry,,2026-08-11T16:15:30+02:00
2026-09-25T00:33:49+00:00,eems,2026-08-13,2026-08-13T06:00:00+02:00,2026-08-14T06:00:00+02:00,Nomination,day,277528128.0,kWh/d,NL-TSO-0001,LNG-00068,entry,,2026-08-12T16:05:10+02:00
2026-09-25T00:33:49+00:00,eems,2026-08-14,2026-08-14T06:00:00+02:00,2026-08-15T06:00:00+02:00,Nomination,day,279035112.0,kWh/d,NL-TSO-0001,LNG-00068,entry,,2026-08-13T16:25:32+02:00
2026-09-25T00:33:49+00:00,eems,2026-08-15,2026-08-15T06:00:00+02:00,2026-08-16T06:00:00+02:00,Nomination,day,307117728.0,kWh/d,NL-TSO-0001,LNG-00068,entry,,2026-08-14T16:11:50+02:00
2026-09-25T00:33:49+00:00,eems,2026-08-16,2026-08-16T06:00:00+02:00,2026-08-17T06:00:00+02:00,Nomination,day,307117728.0,kWh/d,NL-TSO-0001,LNG-00068,entry,,2026-08-15T16:04:50+02:00
2026-09-25T00:33:49+00:00,eems,2026-08-17,2026-08-17T06:00:00+02:00,2026-08-18T06:00:00+02:00,Nomination,day,307117728.0,kWh/d,NL-TSO-0001,LNG-00068,entry,,2026-08-16T15:58:10+02:00
2026-09-25T00:33:49+00:00,eems,2026-08-18,2026-08-18T06:00:00+02:00,2026-08-19T06:00:00+02:00,Nomination,day,181912080.0,kWh/d,NL-TSO-0001,LNG-00068,entry,,2026-08-17T15:56:10+02:00
2026-09-25T00:33:49+00:00,eems,2026-08-19,2026-08-19T06:00:00+02:00,2026-08-20T06:00:00+02:00,Nomination,day,219491280.0,kWh/d,NL-TSO-0001,LNG-00068,entry,,2026-08-19T15:51:11+02:00
2026-09-25T00:33:49+00:00,eems,2026-08-20,2026-08-20T06:00:00+02:00,2026-08-21T06:00:00+02:00,Nomination,day,219491280.0,kWh/d,NL-TSO-0001,LNG-00068,entry,,2026-08-19T15:51:11+02:00
2026-09-25T00:33:49+00:00,eems,2026-08-21,2026-08-21T06:00:00+02:00,2026-08-22T06:00:00+02:00,Nomination,day,218592144.0,kWh/d,NL-TSO-0001,LNG-00068,entry,,2026-08-20T16:15:29+02:00
2026-09-25T00:33:49+00:00,eems,2026-08-22,2026-08-22T06:00:00+02:00,2026-08-23T06:00:00+02:00,Nomination,day,174018192.0,kWh/d,NL-TSO-0001,LNG-00068,entry,,2026-08-22T15:59:10+02:00
2026-09-25T00:33:49+00:00,eems,2026-08-23,2026-08-23T06:00:00+02:00,2026-08-24T06:00:00+02:00,Nomination,day,174018192.0,kWh/d,NL-TSO-0001,LNG-00068,entry,,2026-08-22T15:59:10+02:00
2026-09-25T00:33:49+00:00,eems,2026-08-24,2026-08-24T06:00:00+02:00,2026-08-25T06:00:00+02:00,Nomination,day,188784288.0,kWh/d,NL-TSO-0001,LNG-00068,entry,,2026-08-23T16:05:30+02:00
2026-09-25T00:33:49+00:00,eems,2026-08-25,2026-08-25T06:00:00+02:00,2026-08-26T06:00:00+02:00,Nomination,day,188784288.0,kWh/d,NL-TSO-0001,LNG-00068,entry,,2026-08-24T16:06:51+02:00
2026-09-25T00:33:49+00:00,eems,2026-08-26,2026-08-26T06:00:00+02:00,2026-08-27T06:00:00+02:00,Nomination,day,52216872.0,kWh/d,NL-TSO-0001,LNG-00068,entry,,2026-08-26T16:02:30+02:00
2026-09-25T00:33:49+00:00,eems,2026-08-27,2026-08-27T06:00:00+02:00,2026-08-28T06:00:00+02:00,Nomination,day,49482096.0,kWh/d,NL-TSO-0001,LNG-00068,entry,,2026-08-26T16:02:30+02:00
2026-09-25T00:33:49+00:00,eems,2026-08-28,2026-08-28T06:00:00+02:00,2026-08-29T06:00:00+02:00,Nomination,day,249265224.0,kWh/d,NL-TSO-0001,LNG-00068,entry,,2026-08-27T16:11:55+02:00
2026-09-25T00:33:49+00:00,eems,2026-08-29,2026-08-29T06:00:00+02:00,2026-08-30T06:00:00+02:00,Nomination,day,0.0,kWh/d,NL-TSO-0001,LNG-00068,entry,,2026-08-28T16:12:49+02:00
2026-09-25T00:33:49+00:00,eems,2026-08-30,2026-08-30T06:00:00+02:00,2026-08-31T06:00:00+02:00,Nomination,day,299519904.0,kWh/d,NL-TSO-0001,LNG-00068,entry,,2026-08-29T16:03:49+02:00
2026-09-25T00:33:49+00:00,eems,2026-08-31,2026-08-31T06:00:00+02:00,2026-09-01T06:00:00+02:00,Nomination,day,299519904.0,kWh/d,NL-TSO-0001,LNG-00068,entry,,2026-08-30T16:00:30+02:00
2026-09-25T00:33:49+00:00,eems,2026-09-01,2026-09-01T06:00:00+02:00,2026-09-02T06:00:00+02:00,Nomination,day,0.0,kWh/d,NL-TSO-0001,LNG-00068,entry,,2026-08-31T16:04:50+02:00
2026-09-25T00:33:49+00:00,eems,2026-09-02,2026-09-02T06:00:00+02:00,2026-09-03T06:00:00+02:00,Nomination,day,159583128.0,kWh/d,NL-TSO-0001,LNG-00068,entry,,2026-09-01T16:05:30+02:00
2026-09-25T00:33:49+00:00,eems,2026-09-03,2026-09-03T06:00:00+02:00,2026-09-04T06:00:00+02:00,Nomination,day,314678928.0,kWh/d,NL-TSO-0001,LNG-00068,entry,,2026-09-02T16:16:24+02:00
2026-09-25T00:33:49+00:00,eems,2026-09-04,2026-09-04T06:00:00+02:00,2026-09-05T06:00:00+02:00,Nomination,day,152959896.0,kWh/d,NL-TSO-0001,LNG-00068,entry,,2026-09-03T16:21:29+02:00
2026-09-25T00:33:49+00:00,eems,2026-09-05,2026-09-05T06:00:00+02:00,2026-09-06T06:00:00+02:00,Nomination,day,138631488.0,kWh/d,NL-TSO-0001,LNG-00068,entry,,2026-09-04T16:24:50+02:00
2026-09-25T00:33:49+00:00,eems,2026-09-06,2026-09-06T06:00:00+02:00,2026-09-07T06:00:00+02:00,Nomination,day,138631488.0,kWh/d,NL-TSO-0001,LNG-00068,entry,,2026-09-05T16:01:09+02:00
2026-09-25T00:33:49+00:00,eems,2026-09-07,2026-09-07T06:00:00+02:00,2026-09-08T06:00:00+02:00,Nomination,day,159072288.0,kWh/d,NL-TSO-0001,LNG-00068,entry,,2026-09-06T16:08:10+02:00
2026-09-25T00:33:49+00:00,eems,2026-09-08,2026-09-08T06:00:00+02:00,2026-09-09T06:00:00+02:00,Nomination,day,23637552.0,kWh/d,NL-TSO-0001,LNG-00068,entry,,2026-09-07T16:16:30+02:00
2026-09-25T00:33:49+00:00,eems,2026-09-09,2026-09-09T06:00:00+02:00,2026-09-10T06:00:00+02:00,Nomination,day,45941808.0,kWh/d,NL-TSO-0001,LNG-00068,entry,,2026-09-08T15:47:30+02:00
2026-09-25T00:33:49+00:00,eems,2026-09-10,2026-09-10T06:00:00+02:00,2026-09-11T06:00:00+02:00,Nomination,day,45941808.0,kWh/d,NL-TSO-0001,LNG-00068,entry,,2026-09-09T15:56:10+02:00
2026-09-25T00:33:49+00:00,eems,2026-09-11,2026-09-11T06:00:00+02:00,2026-09-12T06:00:00+02:00,Nomination,day,45941832.0,kWh/d,NL-TSO-0001,LNG-00068,entry,,2026-09-11T10:43:29+02:00
2026-09-25T00:33:49+00:00,eems,2026-09-12,2026-09-12T06:00:00+02:00,2026-09-13T06:00:00+02:00,Nomination,day,120183120.0,kWh/d,NL-TSO-0001,LNG-00068,entry,,2026-09-11T15:40:09+02:00
2026-09-25T00:33:49+00:00,eems,2026-09-13,2026-09-13T06:00:00+02:00,2026-09-14T06:00:00+02:00,Nomination,day,120183120.0,kWh/d,NL-TSO-0001,LNG-00068,entry,,2026-09-12T15:58:50+02:00
2026-09-25T00:33:49+00:00,eems,2026-09-14,2026-09-14T06:00:00+02:00,2026-09-15T06:00:00+02:00,Nomination,day,230232168.0,kWh/d,NL-TSO-0001,LNG-00068,entry,,2026-09-14T16:39:10+02:00
2026-09-25T00:33:49+00:00,eems,2026-09-15,2026-09-15T06:00:00+02:00,2026-09-16T06:00:00+02:00,Nomination,day,209701584.0,kWh/d,NL-TSO-0001,LNG-00068,entry,,2026-09-15T02:11:09+02:00
2026-09-25T00:33:49+00:00,eems,2026-09-16,2026-09-16T06:00:00+02:00,2026-09-17T06:00:00+02:00,Nomination,day,247781400.0,kWh/d,NL-TSO-0001,LNG-00068,entry,,2026-09-16T16:46:30+02:00
2026-09-25T00:33:49+00:00,eems,2026-09-17,2026-09-17T06:00:00+02:00,2026-09-18T06:00:00+02:00,Nomination,day,247781400.0,kWh/d,NL-TSO-0001,LNG-00068,entry,,2026-09-16T16:46:30+02:00
2026-09-25T00:33:49+00:00,eems,2026-09-18,2026-09-18T06:00:00+02:00,2026-09-19T06:00:00+02:00,Nomination,day,249318528.0,kWh/d,NL-TSO-0001,LNG-00068,entry,,2026-09-17T17:03:50+02:00
2026-09-25T00:33:49+00:00,eems,2026-09-19,2026-09-19T06:00:00+02:00,2026-09-20T06:00:00+02:00,Nomination,day,0.0,kWh/d,NL-TSO-0001,LNG-00068,entry,,2026-09-18T16:32:50+02:00
2026-09-25T00:33:49+00:00,eems,2026-09-20,2026-09-20T06:00:00+02:00,2026-09-21T06:00:00+02:00,Nomination,day,0.0,kWh/d,NL-TSO-0001,LNG-00068,entry,,2026-09-19T15:47:50+02:00
2026-09-25T00:33:49+00:00,eems,2026-09-21,2026-09-21T06:00:00+02:00,2026-09-22T06:00:00+02:00,Nomination,day,0.0,kWh/d,NL-TSO-0001,LNG-00068,entry,,2026-09-20T15:45:50+02:00
2026-09-25T00:33:49+00:00,eems,2026-09-22,2026-09-22T06:00:00+02:00,2026-09-23T06:00:00+02:00,Nomination,day,252493152.0,kWh/d,NL-TSO-0001,LNG-00068,entry,,2026-09-21T16:20:50+02:00
2026-09-25T00:33:49+00:00,eems,2026-09-23,2026-09-23T06:00:00+02:00,2026-09-24T06:00:00+02:00,Nomination,day,248047104.0,kWh/d,NL-TSO-0001,LNG-00068,entry,,2026-09-22T16:56:10+02:00
2026-09-25T00:33:49+00:00,eems,2026-09-24,2026-09-24T06:00:00+02:00,2026-09-25T06:00:00+02:00,Nomination,day,248047104.0,kWh/d,NL-TSO-0001,LNG-00068,entry,,2026-09-23T15:49:09+02:00
2026-09-25T00:33:49+00:00,eems,2026-09-25,2026-09-25T06:00:00+02:00,2026-09-26T06:00:00+02:00,Nomination,day,248594496.0,kWh/d,NL-TSO-0001,LNG-00068,entry,,2026-09-24T15:38:10+02:00
2026-09-25T00:33:49+00:00,zeebrugge,2026-08-11,2026-08-11T06:00:00+02:00,2026-08-12T06:00:00+02:00,Nomination,day,17051280.0,kWh/d,BE-TSO-0001,LNG-00017,entry,,2026-08-11T15:13:30+02:00
2026-09-25T00:33:49+00:00,zeebrugge,2026-08-12,2026-08-12T06:00:00+02:00,2026-08-13T06:00:00+02:00,Nomination,day,17051352.0,kWh/d,BE-TSO-0001,LNG-00017,entry,,2026-08-12T15:13:30+02:00
2026-09-25T00:33:49+00:00,zeebrugge,2026-08-13,2026-08-13T06:00:00+02:00,2026-08-14T06:00:00+02:00,Nomination,day,17051352.0,kWh/d,BE-TSO-0001,LNG-00017,entry,,2026-08-13T15:15:09+02:00
2026-09-25T00:33:49+00:00,zeebrugge,2026-08-14,2026-08-14T06:00:00+02:00,2026-08-15T06:00:00+02:00,Nomination,day,17051352.0,kWh/d,BE-TSO-0001,LNG-00017,entry,,2026-08-14T15:11:29+02:00
2026-09-25T00:33:49+00:00,zeebrugge,2026-08-15,2026-08-15T06:00:00+02:00,2026-08-16T06:00:00+02:00,Nomination,day,17051352.0,kWh/d,BE-TSO-0001,LNG-00017,entry,,2026-08-15T15:13:29+02:00
2026-09-25T00:33:49+00:00,zeebrugge,2026-08-16,2026-08-16T06:00:00+02:00,2026-08-17T06:00:00+02:00,Nomination,day,18364344.0,kWh/d,BE-TSO-0001,LNG-00017,entry,,2026-08-16T15:10:10+02:00
2026-09-25T00:33:49+00:00,zeebrugge,2026-08-17,2026-08-17T06:00:00+02:00,2026-08-18T06:00:00+02:00,Nomination,day,20387352.0,kWh/d,BE-TSO-0001,LNG-00017,entry,,2026-08-17T15:03:51+02:00
2026-09-25T00:33:49+00:00,zeebrugge,2026-08-18,2026-08-18T06:00:00+02:00,2026-08-19T06:00:00+02:00,Nomination,day,17051352.0,kWh/d,BE-TSO-0001,LNG-00017,entry,,2026-08-18T15:26:53+02:00
2026-09-25T00:33:49+00:00,zeebrugge,2026-08-19,2026-08-19T06:00:00+02:00,2026-08-20T06:00:00+02:00,Nomination,day,17051352.0,kWh/d,BE-TSO-0001,LNG-00017,entry,,2026-08-19T15:13:50+02:00
2026-09-25T00:33:49+00:00,zeebrugge,2026-08-20,2026-08-20T06:00:00+02:00,2026-08-21T06:00:00+02:00,Nomination,day,17051352.0,kWh/d,BE-TSO-0001,LNG-00017,entry,,2026-08-20T15:14:10+02:00
2026-09-25T00:33:49+00:00,zeebrugge,2026-08-21,2026-08-21T06:00:00+02:00,2026-08-22T06:00:00+02:00,Nomination,day,17051352.0,kWh/d,BE-TSO-0001,LNG-00017,entry,,2026-08-21T15:22:30+02:00
2026-09-25T00:33:49+00:00,zeebrugge,2026-08-22,2026-08-22T06:00:00+02:00,2026-08-23T06:00:00+02:00,Nomination,day,17051352.0,kWh/d,BE-TSO-0001,LNG-00017,entry,,2026-08-22T15:15:10+02:00
2026-09-25T00:33:49+00:00,zeebrugge,2026-08-23,2026-08-23T06:00:00+02:00,2026-08-24T06:00:00+02:00,Nomination,day,17935344.0,kWh/d,BE-TSO-0001,LNG-00017,entry,,2026-08-23T15:17:31+02:00
2026-09-25T00:33:49+00:00,zeebrugge,2026-08-24,2026-08-24T06:00:00+02:00,2026-08-25T06:00:00+02:00,Nomination,day,21179352.0,kWh/d,BE-TSO-0001,LNG-00017,entry,,2026-08-24T15:05:09+02:00
2026-09-25T00:33:49+00:00,zeebrugge,2026-08-25,2026-08-25T06:00:00+02:00,2026-08-26T06:00:00+02:00,Nomination,day,360000.0,kWh/d,BE-TSO-0001,LNG-00017,entry,,2026-08-25T15:26:50+02:00
2026-09-25T00:33:49+00:00,zeebrugge,2026-08-26,2026-08-26T06:00:00+02:00,2026-08-27T06:00:00+02:00,Nomination,day,17051352.0,kWh/d,BE-TSO-0001,LNG-00017,entry,,2026-08-26T15:11:49+02:00
2026-09-25T00:33:49+00:00,zeebrugge,2026-08-27,2026-08-27T06:00:00+02:00,2026-08-28T06:00:00+02:00,Nomination,day,32092944.0,kWh/d,BE-TSO-0001,LNG-00017,entry,,2026-08-27T15:17:50+02:00
2026-09-25T00:33:49+00:00,zeebrugge,2026-08-28,2026-08-28T06:00:00+02:00,2026-08-29T06:00:00+02:00,Nomination,day,32092728.0,kWh/d,BE-TSO-0001,LNG-00017,entry,,2026-08-28T15:17:10+02:00
2026-09-25T00:33:49+00:00,zeebrugge,2026-08-29,2026-08-29T06:00:00+02:00,2026-08-30T06:00:00+02:00,Nomination,day,32092728.0,kWh/d,BE-TSO-0001,LNG-00017,entry,,2026-08-29T15:15:51+02:00
2026-09-25T00:33:49+00:00,zeebrugge,2026-08-30,2026-08-30T06:00:00+02:00,2026-08-31T06:00:00+02:00,Nomination,day,151625760.0,kWh/d,BE-TSO-0001,LNG-00017,entry,,2026-08-30T15:03:30+02:00
2026-09-25T00:33:49+00:00,zeebrugge,2026-08-31,2026-08-31T06:00:00+02:00,2026-09-01T06:00:00+02:00,Nomination,day,154692912.0,kWh/d,BE-TSO-0001,LNG-00017,entry,,2026-08-31T15:09:50+02:00
2026-09-25T00:33:49+00:00,zeebrugge,2026-09-01,2026-09-01T06:00:00+02:00,2026-09-02T06:00:00+02:00,Nomination,day,193104263.0,kWh/d,BE-TSO-0001,LNG-00017,entry,,2026-09-01T15:08:49+02:00
2026-09-25T00:33:49+00:00,zeebrugge,2026-09-02,2026-09-02T06:00:00+02:00,2026-09-03T06:00:00+02:00,Nomination,day,220244543.0,kWh/d,BE-TSO-0001,LNG-00017,entry,,2026-09-02T15:21:09+02:00
2026-09-25T00:33:49+00:00,zeebrugge,2026-09-03,2026-09-03T06:00:00+02:00,2026-09-04T06:00:00+02:00,Nomination,day,257975233.0,kWh/d,BE-TSO-0001,LNG-00017,entry,,2026-09-03T15:28:29+02:00
2026-09-25T00:33:49+00:00,zeebrugge,2026-09-04,2026-09-04T06:00:00+02:00,2026-09-05T06:00:00+02:00,Nomination,day,257975233.0,kWh/d,BE-TSO-0001,LNG-00017,entry,,2026-09-04T15:12:09+02:00
2026-09-25T00:33:49+00:00,zeebrugge,2026-09-05,2026-09-05T06:00:00+02:00,2026-09-06T06:00:00+02:00,Nomination,day,250094329.0,kWh/d,BE-TSO-0001,LNG-00017,entry,,2026-09-05T15:12:53+02:00
2026-09-25T00:33:49+00:00,zeebrugge,2026-09-06,2026-09-06T06:00:00+02:00,2026-09-07T06:00:00+02:00,Nomination,day,251269321.0,kWh/d,BE-TSO-0001,LNG-00017,entry,,2026-09-06T15:18:50+02:00
2026-09-25T00:33:49+00:00,zeebrugge,2026-09-07,2026-09-07T06:00:00+02:00,2026-09-08T06:00:00+02:00,Nomination,day,281208510.0,kWh/d,BE-TSO-0001,LNG-00017,entry,,2026-09-07T15:14:09+02:00
2026-09-25T00:33:49+00:00,zeebrugge,2026-09-08,2026-09-08T06:00:00+02:00,2026-09-09T06:00:00+02:00,Nomination,day,249032502.0,kWh/d,BE-TSO-0001,LNG-00017,entry,,2026-09-08T15:18:49+02:00
2026-09-25T00:33:49+00:00,zeebrugge,2026-09-09,2026-09-09T06:00:00+02:00,2026-09-10T06:00:00+02:00,Nomination,day,206599398.0,kWh/d,BE-TSO-0001,LNG-00017,entry,,2026-09-09T15:28:10+02:00
2026-09-25T00:33:49+00:00,zeebrugge,2026-09-10,2026-09-10T06:00:00+02:00,2026-09-11T06:00:00+02:00,Nomination,day,249032502.0,kWh/d,BE-TSO-0001,LNG-00017,entry,,2026-09-10T15:30:10+02:00
2026-09-25T00:33:49+00:00,zeebrugge,2026-09-11,2026-09-11T06:00:00+02:00,2026-09-12T06:00:00+02:00,Nomination,day,245448316.0,kWh/d,BE-TSO-0001,LNG-00017,entry,,2026-09-11T15:18:10+02:00
2026-09-25T00:33:49+00:00,zeebrugge,2026-09-12,2026-09-12T06:00:00+02:00,2026-09-13T06:00:00+02:00,Nomination,day,141532277.0,kWh/d,BE-TSO-0001,LNG-00017,entry,,2026-09-12T15:14:50+02:00
2026-09-25T00:33:49+00:00,zeebrugge,2026-09-13,2026-09-13T06:00:00+02:00,2026-09-14T06:00:00+02:00,Nomination,day,135257285.0,kWh/d,BE-TSO-0001,LNG-00017,entry,,2026-09-14T15:42:09+02:00
2026-09-25T00:33:49+00:00,zeebrugge,2026-09-14,2026-09-14T06:00:00+02:00,2026-09-15T06:00:00+02:00,Nomination,day,135052277.0,kWh/d,BE-TSO-0001,LNG-00017,entry,,2026-09-15T00:40:49+02:00
2026-09-25T00:33:49+00:00,zeebrugge,2026-09-15,2026-09-15T06:00:00+02:00,2026-09-16T06:00:00+02:00,Nomination,day,148852277.0,kWh/d,BE-TSO-0001,LNG-00017,entry,,2026-09-16T09:59:09+02:00
2026-09-25T00:33:49+00:00,zeebrugge,2026-09-16,2026-09-16T06:00:00+02:00,2026-09-17T06:00:00+02:00,Nomination,day,150964352.0,kWh/d,BE-TSO-0001,LNG-00017,entry,,2026-09-16T15:23:09+02:00
2026-09-25T00:33:49+00:00,zeebrugge,2026-09-17,2026-09-17T06:00:00+02:00,2026-09-18T06:00:00+02:00,Nomination,day,72377256.0,kWh/d,BE-TSO-0001,LNG-00017,entry,,2026-09-17T15:18:29+02:00
2026-09-25T00:33:49+00:00,zeebrugge,2026-09-18,2026-09-18T06:00:00+02:00,2026-09-19T06:00:00+02:00,Nomination,day,72377256.0,kWh/d,BE-TSO-0001,LNG-00017,entry,,2026-09-18T15:23:49+02:00
2026-09-25T00:33:49+00:00,zeebrugge,2026-09-19,2026-09-19T06:00:00+02:00,2026-09-20T06:00:00+02:00,Nomination,day,76217256.0,kWh/d,BE-TSO-0001,LNG-00017,entry,,2026-09-19T15:11:49+02:00
2026-09-25T00:33:49+00:00,zeebrugge,2026-09-20,2026-09-20T06:00:00+02:00,2026-09-21T06:00:00+02:00,Nomination,day,179568168.0,kWh/d,BE-TSO-0001,LNG-00017,entry,,2026-09-20T15:21:30+02:00
2026-09-25T00:33:49+00:00,zeebrugge,2026-09-21,2026-09-21T06:00:00+02:00,2026-09-22T06:00:00+02:00,Nomination,day,224742168.0,kWh/d,BE-TSO-0001,LNG-00017,entry,,2026-09-21T15:18:29+02:00
2026-09-25T00:33:49+00:00,zeebrugge,2026-09-22,2026-09-22T06:00:00+02:00,2026-09-23T06:00:00+02:00,Nomination,day,78342168.0,kWh/d,BE-TSO-0001,LNG-00017,entry,,2026-09-22T15:27:50+02:00
2026-09-25T00:33:49+00:00,zeebrugge,2026-09-23,2026-09-23T06:00:00+02:00,2026-09-24T06:00:00+02:00,Nomination,day,360000.0,kWh/d,BE-TSO-0001,LNG-00017,entry,,2026-09-23T15:07:50+02:00
2026-09-25T00:33:49+00:00,zeebrugge,2026-09-24,2026-09-24T06:00:00+02:00,2026-09-25T06:00:00+02:00,Nomination,day,360000.0,kWh/d,BE-TSO-0001,LNG-00017,entry,,2026-09-24T15:09:29+02:00
2026-09-25T00:33:49+00:00,zeebrugge,2026-09-25,2026-09-25T06:00:00+02:00,2026-09-26T06:00:00+02:00,Nomination,day,360000.0,kWh/d,BE-TSO-0001,LNG-00017,entry,,2026-09-24T15:09:29+02:00
2026-09-25T00:33:49+00:00,dunkerque,2026-08-11,2026-08-11T06:00:00+02:00,2026-08-12T06:00:00+02:00,Nomination,day,183153696.0,kWh/d,FR-TSO-0003,LNG-00003,entry,,2026-08-12T15:13:30+02:00
2026-09-25T00:33:49+00:00,dunkerque,2026-08-12,2026-08-12T06:00:00+02:00,2026-08-13T06:00:00+02:00,Nomination,day,189153696.0,kWh/d,FR-TSO-0003,LNG-00003,entry,,2026-08-13T15:15:09+02:00
2026-09-25T00:33:49+00:00,dunkerque,2026-08-13,2026-08-13T06:00:00+02:00,2026-08-14T06:00:00+02:00,Nomination,day,189153696.0,kWh/d,FR-TSO-0003,LNG-00003,entry,,2026-08-14T15:11:29+02:00
2026-09-25T00:33:49+00:00,dunkerque,2026-08-14,2026-08-14T06:00:00+02:00,2026-08-15T06:00:00+02:00,Nomination,day,214764456.0,kWh/d,FR-TSO-0003,LNG-00003,entry,,2026-08-15T15:13:29+02:00
2026-09-25T00:33:49+00:00,dunkerque,2026-08-15,2026-08-15T06:00:00+02:00,2026-08-16T06:00:00+02:00,Nomination,day,183153696.0,kWh/d,FR-TSO-0003,LNG-00003,entry,,2026-08-16T15:10:10+02:00
2026-09-25T00:33:49+00:00,dunkerque,2026-08-16,2026-08-16T06:00:00+02:00,2026-08-17T06:00:00+02:00,Nomination,day,194109768.0,kWh/d,FR-TSO-0003,LNG-00003,entry,,2026-08-17T15:03:51+02:00
2026-09-25T00:33:49+00:00,dunkerque,2026-08-17,2026-08-17T06:00:00+02:00,2026-08-18T06:00:00+02:00,Nomination,day,188251536.0,kWh/d,FR-TSO-0003,LNG-00003,entry,,2026-08-18T15:26:53+02:00
2026-09-25T00:33:49+00:00,dunkerque,2026-08-18,2026-08-18T06:00:00+02:00,2026-08-19T06:00:00+02:00,Nomination,day,294909384.0,kWh/d,FR-TSO-0003,LNG-00003,entry,,2026-08-19T15:13:50+02:00
2026-09-25T00:33:49+00:00,dunkerque,2026-08-19,2026-08-19T06:00:00+02:00,2026-08-20T06:00:00+02:00,Nomination,day,295514856.0,kWh/d,FR-TSO-0003,LNG-00003,entry,,2026-08-20T15:14:10+02:00
2026-09-25T00:33:49+00:00,dunkerque,2026-08-20,2026-08-20T06:00:00+02:00,2026-08-21T06:00:00+02:00,Nomination,day,324014856.0,kWh/d,FR-TSO-0003,LNG-00003,entry,,2026-08-21T15:22:30+02:00
2026-09-25T00:33:49+00:00,dunkerque,2026-08-21,2026-08-21T06:00:00+02:00,2026-08-22T06:00:00+02:00,Nomination,day,317134848.0,kWh/d,FR-TSO-0003,LNG-00003,entry,,2026-08-22T15:15:10+02:00
2026-09-25T00:33:49+00:00,dunkerque,2026-08-22,2026-08-22T06:00:00+02:00,2026-08-23T06:00:00+02:00,Nomination,day,338430312.0,kWh/d,FR-TSO-0003,LNG-00003,entry,,2026-08-23T15:17:31+02:00
2026-09-25T00:33:49+00:00,dunkerque,2026-08-23,2026-08-23T06:00:00+02:00,2026-08-24T06:00:00+02:00,Nomination,day,286908848.0,kWh/d,FR-TSO-0003,LNG-00003,entry,,2026-08-24T15:05:09+02:00
2026-09-25T00:33:49+00:00,dunkerque,2026-08-24,2026-08-24T06:00:00+02:00,2026-08-25T06:00:00+02:00,Nomination,day,366434856.0,kWh/d,FR-TSO-0003,LNG-00003,entry,,2026-08-25T15:26:50+02:00
2026-09-25T00:33:49+00:00,dunkerque,2026-08-25,2026-08-25T06:00:00+02:00,2026-08-26T06:00:00+02:00,Nomination,day,311996760.0,kWh/d,FR-TSO-0003,LNG-00003,entry,,2026-08-26T15:11:49+02:00
2026-09-25T00:33:49+00:00,dunkerque,2026-08-26,2026-08-26T06:00:00+02:00,2026-08-27T06:00:00+02:00,Nomination,day,253941408.0,kWh/d,FR-TSO-0003,LNG-00003,entry,,2026-08-27T15:17:50+02:00
2026-09-25T00:33:49+00:00,dunkerque,2026-08-27,2026-08-27T06:00:00+02:00,2026-08-28T06:00:00+02:00,Nomination,day,188035656.0,kWh/d,FR-TSO-0003,LNG-00003,entry,,2026-08-28T15:17:10+02:00
2026-09-25T00:33:49+00:00,dunkerque,2026-08-28,2026-08-28T06:00:00+02:00,2026-08-29T06:00:00+02:00,Nomination,day,169645536.0,kWh/d,FR-TSO-0003,LNG-00003,entry,,2026-08-29T15:15:51+02:00
2026-09-25T00:33:49+00:00,dunkerque,2026-08-29,2026-08-29T06:00:00+02:00,2026-08-30T06:00:00+02:00,Nomination,day,160835352.0,kWh/d,FR-TSO-0003,LNG-00003,entry,,2026-08-30T15:03:30+02:00
2026-09-25T00:33:49+00:00,dunkerque,2026-08-30,2026-08-30T06:00:00+02:00,2026-08-31T06:00:00+02:00,Nomination,day,169835352.0,kWh/d,FR-TSO-0003,LNG-00003,entry,,2026-08-31T15:09:50+02:00
2026-09-25T00:33:49+00:00,dunkerque,2026-08-31,2026-08-31T06:00:00+02:00,2026-09-01T06:00:00+02:00,Nomination,day,167221348.0,kWh/d,FR-TSO-0003,LNG-00003,entry,,2026-09-01T15:08:49+02:00
2026-09-25T00:33:49+00:00,dunkerque,2026-09-01,2026-09-01T06:00:00+02:00,2026-09-02T06:00:00+02:00,Nomination,day,154772536.0,kWh/d,FR-TSO-0003,LNG-00003,entry,,2026-09-02T15:21:09+02:00
2026-09-25T00:33:49+00:00,dunkerque,2026-09-02,2026-09-02T06:00:00+02:00,2026-09-03T06:00:00+02:00,Nomination,day,157948032.0,kWh/d,FR-TSO-0003,LNG-00003,entry,,2026-09-03T15:28:29+02:00
2026-09-25T00:33:49+00:00,dunkerque,2026-09-03,2026-09-03T06:00:00+02:00,2026-09-04T06:00:00+02:00,Nomination,day,155506152.0,kWh/d,FR-TSO-0003,LNG-00003,entry,,2026-09-04T15:12:09+02:00
2026-09-25T00:33:49+00:00,dunkerque,2026-09-04,2026-09-04T06:00:00+02:00,2026-09-05T06:00:00+02:00,Nomination,day,133300000.0,kWh/d,FR-TSO-0003,LNG-00003,entry,,2026-09-05T15:12:53+02:00
2026-09-25T00:33:49+00:00,dunkerque,2026-09-05,2026-09-05T06:00:00+02:00,2026-09-06T06:00:00+02:00,Nomination,day,178891104.0,kWh/d,FR-TSO-0003,LNG-00003,entry,,2026-09-06T15:18:50+02:00
2026-09-25T00:33:49+00:00,dunkerque,2026-09-06,2026-09-06T06:00:00+02:00,2026-09-07T06:00:00+02:00,Nomination,day,246839088.0,kWh/d,FR-TSO-0003,LNG-00003,entry,,2026-09-07T15:14:09+02:00
2026-09-25T00:33:49+00:00,dunkerque,2026-09-07,2026-09-07T06:00:00+02:00,2026-09-08T06:00:00+02:00,Nomination,day,252559080.0,kWh/d,FR-TSO-0003,LNG-00003,entry,,2026-09-08T15:18:49+02:00
2026-09-25T00:33:49+00:00,dunkerque,2026-09-08,2026-09-08T06:00:00+02:00,2026-09-09T06:00:00+02:00,Nomination,day,264988944.0,kWh/d,FR-TSO-0003,LNG-00003,entry,,2026-09-09T15:28:10+02:00
2026-09-25T00:33:49+00:00,dunkerque,2026-09-09,2026-09-09T06:00:00+02:00,2026-09-10T06:00:00+02:00,Nomination,day,289145616.0,kWh/d,FR-TSO-0003,LNG-00003,entry,,2026-09-10T15:30:10+02:00
2026-09-25T00:33:49+00:00,dunkerque,2026-09-10,2026-09-10T06:00:00+02:00,2026-09-11T06:00:00+02:00,Nomination,day,289064088.0,kWh/d,FR-TSO-0003,LNG-00003,entry,,2026-09-11T15:18:10+02:00
2026-09-25T00:33:49+00:00,dunkerque,2026-09-11,2026-09-11T06:00:00+02:00,2026-09-12T06:00:00+02:00,Nomination,day,280313856.0,kWh/d,FR-TSO-0003,LNG-00003,entry,,2026-09-12T15:14:50+02:00
2026-09-25T00:33:49+00:00,dunkerque,2026-09-12,2026-09-12T06:00:00+02:00,2026-09-13T06:00:00+02:00,Nomination,day,255499800.0,kWh/d,FR-TSO-0003,LNG-00003,entry,,2026-09-13T15:04:49+02:00
2026-09-25T00:33:49+00:00,dunkerque,2026-09-13,2026-09-13T06:00:00+02:00,2026-09-14T06:00:00+02:00,Nomination,day,280920224.0,kWh/d,FR-TSO-0003,LNG-00003,entry,,2026-09-15T02:40:29+02:00
2026-09-25T00:33:49+00:00,dunkerque,2026-09-14,2026-09-14T06:00:00+02:00,2026-09-15T06:00:00+02:00,Nomination,day,281684880.0,kWh/d,FR-TSO-0003,LNG-00003,entry,,2026-09-15T15:17:49+02:00
2026-09-25T00:33:49+00:00,dunkerque,2026-09-15,2026-09-15T06:00:00+02:00,2026-09-16T06:00:00+02:00,Nomination,day,252024840.0,kWh/d,FR-TSO-0003,LNG-00003,entry,,2026-09-16T15:23:09+02:00
2026-09-25T00:33:49+00:00,dunkerque,2026-09-16,2026-09-16T06:00:00+02:00,2026-09-17T06:00:00+02:00,Nomination,day,88226856.0,kWh/d,FR-TSO-0003,LNG-00003,entry,,2026-09-17T15:18:29+02:00
2026-09-25T00:33:49+00:00,dunkerque,2026-09-17,2026-09-17T06:00:00+02:00,2026-09-18T06:00:00+02:00,Nomination,day,205765656.0,kWh/d,FR-TSO-0003,LNG-00003,entry,,2026-09-18T15:23:49+02:00
2026-09-25T00:33:49+00:00,dunkerque,2026-09-18,2026-09-18T06:00:00+02:00,2026-09-19T06:00:00+02:00,Nomination,day,156401472.0,kWh/d,FR-TSO-0003,LNG-00003,entry,,2026-09-19T15:11:49+02:00
2026-09-25T00:33:49+00:00,dunkerque,2026-09-19,2026-09-19T06:00:00+02:00,2026-09-20T06:00:00+02:00,Nomination,day,260950655.0,kWh/d,FR-TSO-0003,LNG-00003,entry,,2026-09-20T15:21:30+02:00
2026-09-25T00:33:49+00:00,dunkerque,2026-09-20,2026-09-20T06:00:00+02:00,2026-09-21T06:00:00+02:00,Nomination,day,271849107.0,kWh/d,FR-TSO-0003,LNG-00003,entry,,2026-09-21T15:18:29+02:00
2026-09-25T00:33:49+00:00,dunkerque,2026-09-21,2026-09-21T06:00:00+02:00,2026-09-22T06:00:00+02:00,Nomination,day,316942080.0,kWh/d,FR-TSO-0003,LNG-00003,entry,,2026-09-22T15:27:50+02:00
2026-09-25T00:33:49+00:00,dunkerque,2026-09-22,2026-09-22T06:00:00+02:00,2026-09-23T06:00:00+02:00,Nomination,day,284258088.0,kWh/d,FR-TSO-0003,LNG-00003,entry,,2026-09-23T15:07:50+02:00
2026-09-25T00:33:49+00:00,dunkerque,2026-09-23,2026-09-23T06:00:00+02:00,2026-09-24T06:00:00+02:00,Nomination,day,284253648.0,kWh/d,FR-TSO-0003,LNG-00003,entry,,2026-09-24T15:09:29+02:00
2026-09-25T00:33:49+00:00,dunkerque,2026-09-24,2026-09-24T06:00:00+02:00,2026-09-25T06:00:00+02:00,Nomination,day,248431920.0,kWh/d,FR-TSO-0003,LNG-00003,entry,,2026-09-24T15:09:29+02:00
2026-09-25T00:33:49+00:00,dunkerque,2026-09-25,2026-09-25T06:00:00+02:00,2026-09-26T06:00:00+02:00,Nomination,day,,kWh/d,FR-TSO-0003,LNG-00003,entry,,2026-09-24T15:09:29+02:00
2026-09-25T00:33:49+00:00,dunkerque,2026-09-26,2026-09-26T06:00:00+02:00,2026-09-27T06:00:00+02:00,Nomination,day,,kWh/d,FR-TSO-0003,LNG-00003,entry,,2026-09-24T15:09:29+02:00
2026-09-25T00:33:49+00:00,grain,2026-08-11,2026-08-11T06:00:00+02:00,2026-08-12T06:00:00+02:00,Nomination,day,0.0,kWh/d,UK-TSO-0001,LNG-00008,entry,,2026-08-11T17:52:50+02:00
2026-09-25T00:33:49+00:00,grain,2026-08-12,2026-08-12T06:00:00+02:00,2026-08-13T06:00:00+02:00,Nomination,day,0.0,kWh/d,UK-TSO-0001,LNG-00008,entry,,2026-08-12T17:51:49+02:00
2026-09-25T00:33:49+00:00,grain,2026-08-13,2026-08-13T06:00:00+02:00,2026-08-14T06:00:00+02:00,Nomination,day,0.0,kWh/d,UK-TSO-0001,LNG-00008,entry,,2026-08-13T17:54:09+02:00
2026-09-25T00:33:49+00:00,grain,2026-08-14,2026-08-14T06:00:00+02:00,2026-08-15T06:00:00+02:00,Nomination,day,0.0,kWh/d,UK-TSO-0001,LNG-00008,entry,,2026-08-14T17:54:09+02:00
2026-09-25T00:33:49+00:00,grain,2026-08-15,2026-08-15T06:00:00+02:00,2026-08-16T06:00:00+02:00,Nomination,day,0.0,kWh/d,UK-TSO-0001,LNG-00008,entry,,2026-08-15T17:54:29+02:00
2026-09-25T00:33:49+00:00,grain,2026-08-16,2026-08-16T06:00:00+02:00,2026-08-17T06:00:00+02:00,Nomination,day,0.0,kWh/d,UK-TSO-0001,LNG-00008,entry,,2026-08-16T17:51:29+02:00
2026-09-25T00:33:49+00:00,grain,2026-08-17,2026-08-17T06:00:00+02:00,2026-08-18T06:00:00+02:00,Nomination,day,0.0,kWh/d,UK-TSO-0001,LNG-00008,entry,,2026-08-17T17:51:09+02:00
2026-09-25T00:33:49+00:00,grain,2026-08-18,2026-08-18T06:00:00+02:00,2026-08-19T06:00:00+02:00,Nomination,day,0.0,kWh/d,UK-TSO-0001,LNG-00008,entry,,2026-08-18T17:52:49+02:00
2026-09-25T00:33:49+00:00,grain,2026-08-19,2026-08-19T06:00:00+02:00,2026-08-20T06:00:00+02:00,Nomination,day,0.0,kWh/d,UK-TSO-0001,LNG-00008,entry,,2026-08-19T17:53:49+02:00
2026-09-25T00:33:49+00:00,grain,2026-08-20,2026-08-20T06:00:00+02:00,2026-08-21T06:00:00+02:00,Nomination,day,0.0,kWh/d,UK-TSO-0001,LNG-00008,entry,,2026-08-20T17:52:50+02:00
2026-09-25T00:33:49+00:00,grain,2026-08-21,2026-08-21T06:00:00+02:00,2026-08-22T06:00:00+02:00,Nomination,day,0.0,kWh/d,UK-TSO-0001,LNG-00008,entry,,2026-08-21T17:53:49+02:00
2026-09-25T00:33:49+00:00,grain,2026-08-22,2026-08-22T06:00:00+02:00,2026-08-23T06:00:00+02:00,Nomination,day,0.0,kWh/d,UK-TSO-0001,LNG-00008,entry,,2026-08-22T17:53:49+02:00
2026-09-25T00:33:49+00:00,grain,2026-08-23,2026-08-23T06:00:00+02:00,2026-08-24T06:00:00+02:00,Nomination,day,0.0,kWh/d,UK-TSO-0001,LNG-00008,entry,,2026-08-23T17:53:29+02:00
2026-09-25T00:33:49+00:00,grain,2026-08-24,2026-08-24T06:00:00+02:00,2026-08-25T06:00:00+02:00,Nomination,day,0.0,kWh/d,UK-TSO-0001,LNG-00008,entry,,2026-08-24T17:53:29+02:00
2026-09-25T00:33:49+00:00,grain,2026-08-25,2026-08-25T06:00:00+02:00,2026-08-26T06:00:00+02:00,Nomination,day,0.0,kWh/d,UK-TSO-0001,LNG-00008,entry,,2026-08-25T17:52:49+02:00
2026-09-25T00:33:49+00:00,grain,2026-08-26,2026-08-26T06:00:00+02:00,2026-08-27T06:00:00+02:00,Nomination,day,0.0,kWh/d,UK-TSO-0001,LNG-00008,entry,,2026-08-26T17:52:09+02:00
2026-09-25T00:33:49+00:00,grain,2026-08-27,2026-08-27T06:00:00+02:00,2026-08-28T06:00:00+02:00,Nomination,day,0.0,kWh/d,UK-TSO-0001,LNG-00008,entry,,2026-08-27T17:52:09+02:00
2026-09-25T00:33:49+00:00,grain,2026-08-28,2026-08-28T06:00:00+02:00,2026-08-29T06:00:00+02:00,Nomination,day,0.0,kWh/d,UK-TSO-0001,LNG-00008,entry,,2026-08-28T17:57:09+02:00
2026-09-25T00:33:49+00:00,grain,2026-08-29,2026-08-29T06:00:00+02:00,2026-08-30T06:00:00+02:00,Nomination,day,0.0,kWh/d,UK-TSO-0001,LNG-00008,entry,,2026-08-29T17:52:30+02:00
2026-09-25T00:33:49+00:00,grain,2026-08-30,2026-08-30T06:00:00+02:00,2026-08-31T06:00:00+02:00,Nomination,day,0.0,kWh/d,UK-TSO-0001,LNG-00008,entry,,2026-08-30T17:51:30+02:00
2026-09-25T00:33:49+00:00,grain,2026-08-31,2026-08-31T06:00:00+02:00,2026-09-01T06:00:00+02:00,Nomination,day,0.0,kWh/d,UK-TSO-0001,LNG-00008,entry,,2026-08-31T17:52:10+02:00
2026-09-25T00:33:49+00:00,grain,2026-09-01,2026-09-01T06:00:00+02:00,2026-09-02T06:00:00+02:00,Nomination,day,0.0,kWh/d,UK-TSO-0001,LNG-00008,entry,,2026-09-01T17:52:50+02:00
2026-09-25T00:33:49+00:00,grain,2026-09-02,2026-09-02T06:00:00+02:00,2026-09-03T06:00:00+02:00,Nomination,day,0.0,kWh/d,UK-TSO-0001,LNG-00008,entry,,2026-09-02T17:53:50+02:00
2026-09-25T00:33:49+00:00,grain,2026-09-03,2026-09-03T06:00:00+02:00,2026-09-04T06:00:00+02:00,Nomination,day,0.0,kWh/d,UK-TSO-0001,LNG-00008,entry,,2026-09-03T17:54:30+02:00
2026-09-25T00:33:49+00:00,grain,2026-09-04,2026-09-04T06:00:00+02:00,2026-09-05T06:00:00+02:00,Nomination,day,0.0,kWh/d,UK-TSO-0001,LNG-00008,entry,,2026-09-04T17:51:30+02:00
2026-09-25T00:33:49+00:00,grain,2026-09-05,2026-09-05T06:00:00+02:00,2026-09-06T06:00:00+02:00,Nomination,day,0.0,kWh/d,UK-TSO-0001,LNG-00008,entry,,2026-09-05T17:53:29+02:00
2026-09-25T00:33:49+00:00,grain,2026-09-06,2026-09-06T06:00:00+02:00,2026-09-07T06:00:00+02:00,Nomination,day,0.0,kWh/d,UK-TSO-0001,LNG-00008,entry,,2026-09-06T17:55:49+02:00
2026-09-25T00:33:49+00:00,grain,2026-09-07,2026-09-07T06:00:00+02:00,2026-09-08T06:00:00+02:00,Nomination,day,0.0,kWh/d,UK-TSO-0001,LNG-00008,entry,,2026-09-07T17:51:29+02:00
2026-09-25T00:33:49+00:00,grain,2026-09-08,2026-09-08T06:00:00+02:00,2026-09-09T06:00:00+02:00,Nomination,day,0.0,kWh/d,UK-TSO-0001,LNG-00008,entry,,2026-09-08T17:57:29+02:00
2026-09-25T00:33:49+00:00,grain,2026-09-09,2026-09-09T06:00:00+02:00,2026-09-10T06:00:00+02:00,Nomination,day,0.0,kWh/d,UK-TSO-0001,LNG-00008,entry,,2026-09-09T18:01:49+02:00
2026-09-25T00:33:49+00:00,grain,2026-09-10,2026-09-10T06:00:00+02:00,2026-09-11T06:00:00+02:00,Nomination,day,0.0,kWh/d,UK-TSO-0001,LNG-00008,entry,,2026-09-10T18:02:29+02:00
2026-09-25T00:33:49+00:00,grain,2026-09-11,2026-09-11T06:00:00+02:00,2026-09-12T06:00:00+02:00,Nomination,day,0.0,kWh/d,UK-TSO-0001,LNG-00008,entry,,2026-09-11T17:54:10+02:00
2026-09-25T00:33:49+00:00,grain,2026-09-12,2026-09-12T06:00:00+02:00,2026-09-13T06:00:00+02:00,Nomination,day,0.0,kWh/d,UK-TSO-0001,LNG-00008,entry,,2026-09-12T17:53:09+02:00
2026-09-25T00:33:49+00:00,grain,2026-09-13,2026-09-13T06:00:00+02:00,2026-09-14T06:00:00+02:00,Nomination,day,0.0,kWh/d,UK-TSO-0001,LNG-00008,entry,,2026-09-13T17:52:09+02:00
2026-09-25T00:33:49+00:00,grain,2026-09-14,2026-09-14T06:00:00+02:00,2026-09-15T06:00:00+02:00,Nomination,day,0.0,kWh/d,UK-TSO-0001,LNG-00008,entry,,2026-09-15T03:28:30+02:00
2026-09-25T00:33:49+00:00,grain,2026-09-15,2026-09-15T06:00:00+02:00,2026-09-16T06:00:00+02:00,Nomination,day,0.0,kWh/d,UK-TSO-0001,LNG-00008,entry,,2026-09-15T18:25:49+02:00
2026-09-25T00:33:49+00:00,grain,2026-09-16,2026-09-16T06:00:00+02:00,2026-09-17T06:00:00+02:00,Nomination,day,0.0,kWh/d,UK-TSO-0001,LNG-00008,entry,,2026-09-16T17:54:49+02:00
2026-09-25T00:33:49+00:00,grain,2026-09-17,2026-09-17T06:00:00+02:00,2026-09-18T06:00:00+02:00,Nomination,day,0.0,kWh/d,UK-TSO-0001,LNG-00008,entry,,2026-09-17T17:54:09+02:00
2026-09-25T00:33:49+00:00,grain,2026-09-18,2026-09-18T06:00:00+02:00,2026-09-19T06:00:00+02:00,Nomination,day,0.0,kWh/d,UK-TSO-0001,LNG-00008,entry,,2026-09-18T17:54:29+02:00
2026-09-25T00:33:49+00:00,grain,2026-09-19,2026-09-19T06:00:00+02:00,2026-09-20T06:00:00+02:00,Nomination,day,0.0,kWh/d,UK-TSO-0001,LNG-00008,entry,,2026-09-19T17:53:50+02:00
2026-09-25T00:33:49+00:00,grain,2026-09-20,2026-09-20T06:00:00+02:00,2026-09-21T06:00:00+02:00,Nomination,day,0.0,kWh/d,UK-TSO-0001,LNG-00008,entry,,2026-09-20T17:54:29+02:00
2026-09-25T00:33:49+00:00,grain,2026-09-21,2026-09-21T06:00:00+02:00,2026-09-22T06:00:00+02:00,Nomination,day,38031648.0,kWh/d,UK-TSO-0001,LNG-00008,entry,,2026-09-21T17:54:29+02:00
2026-09-25T00:33:49+00:00,grain,2026-09-22,2026-09-22T06:00:00+02:00,2026-09-23T06:00:00+02:00,Nomination,day,49819848.0,kWh/d,UK-TSO-0001,LNG-00008,entry,,2026-09-22T18:01:49+02:00
2026-09-25T00:33:49+00:00,grain,2026-09-23,2026-09-23T06:00:00+02:00,2026-09-24T06:00:00+02:00,Nomination,day,0.0,kWh/d,UK-TSO-0001,LNG-00008,entry,,2026-09-23T19:02:50+02:00
2026-09-25T00:33:49+00:00,grain,2026-09-24,2026-09-24T06:00:00+02:00,2026-09-25T06:00:00+02:00,Nomination,day,,kWh/d,UK-TSO-0001,LNG-00008,entry,,2026-09-24T18:59:49+02:00
2026-09-25T00:33:49+00:00,grain,2026-09-25,2026-09-25T06:00:00+02:00,2026-09-26T06:00:00+02:00,Nomination,day,0.0,kWh/d,UK-TSO-0001,LNG-00008,entry,,2026-09-25T01:52:09+02:00
2026-09-25T00:33:49+00:00,milford_haven,2026-08-11,2026-08-11T06:00:00+02:00,2026-08-12T06:00:00+02:00,Nomination,day,19831669.0,kWh/d,UK-TSO-0001,LNG-00049,entry,,2026-08-11T17:52:50+02:00
2026-09-25T00:33:49+00:00,milford_haven,2026-08-12,2026-08-12T06:00:00+02:00,2026-08-13T06:00:00+02:00,Nomination,day,19831669.0,kWh/d,UK-TSO-0001,LNG-00049,entry,,2026-08-12T17:51:49+02:00
2026-09-25T00:33:49+00:00,milford_haven,2026-08-13,2026-08-13T06:00:00+02:00,2026-08-14T06:00:00+02:00,Nomination,day,19831669.0,kWh/d,UK-TSO-0001,LNG-00049,entry,,2026-08-13T17:54:09+02:00
2026-09-25T00:33:49+00:00,milford_haven,2026-08-14,2026-08-14T06:00:00+02:00,2026-08-15T06:00:00+02:00,Nomination,day,51230357.0,kWh/d,UK-TSO-0001,LNG-00049,entry,,2026-08-14T17:54:09+02:00
2026-09-25T00:33:49+00:00,milford_haven,2026-08-15,2026-08-15T06:00:00+02:00,2026-08-16T06:00:00+02:00,Nomination,day,19831669.0,kWh/d,UK-TSO-0001,LNG-00049,entry,,2026-08-15T17:54:29+02:00
2026-09-25T00:33:49+00:00,milford_haven,2026-08-16,2026-08-16T06:00:00+02:00,2026-08-17T06:00:00+02:00,Nomination,day,54051082.0,kWh/d,UK-TSO-0001,LNG-00049,entry,,2026-08-16T17:51:29+02:00
2026-09-25T00:33:49+00:00,milford_haven,2026-08-17,2026-08-17T06:00:00+02:00,2026-08-18T06:00:00+02:00,Nomination,day,54051082.0,kWh/d,UK-TSO-0001,LNG-00049,entry,,2026-08-17T17:51:09+02:00
2026-09-25T00:33:49+00:00,milford_haven,2026-08-18,2026-08-18T06:00:00+02:00,2026-08-19T06:00:00+02:00,Nomination,day,19831669.0,kWh/d,UK-TSO-0001,LNG-00049,entry,,2026-08-18T17:52:49+02:00
2026-09-25T00:33:49+00:00,milford_haven,2026-08-19,2026-08-19T06:00:00+02:00,2026-08-20T06:00:00+02:00,Nomination,day,19831669.0,kWh/d,UK-TSO-0001,LNG-00049,entry,,2026-08-19T17:53:49+02:00
2026-09-25T00:33:49+00:00,milford_haven,2026-08-20,2026-08-20T06:00:00+02:00,2026-08-21T06:00:00+02:00,Nomination,day,19831669.0,kWh/d,UK-TSO-0001,LNG-00049,entry,,2026-08-20T17:52:50+02:00
2026-09-25T00:33:49+00:00,milford_haven,2026-08-21,2026-08-21T06:00:00+02:00,2026-08-22T06:00:00+02:00,Nomination,day,19831669.0,kWh/d,UK-TSO-0001,LNG-00049,entry,,2026-08-21T17:53:49+02:00
2026-09-25T00:33:49+00:00,milford_haven,2026-08-22,2026-08-22T06:00:00+02:00,2026-08-23T06:00:00+02:00,Nomination,day,19831669.0,kWh/d,UK-TSO-0001,LNG-00049,entry,,2026-08-22T17:53:49+02:00
2026-09-25T00:33:49+00:00,milford_haven,2026-08-23,2026-08-23T06:00:00+02:00,2026-08-24T06:00:00+02:00,Nomination,day,54051082.0,kWh/d,UK-TSO-0001,LNG-00049,entry,,2026-08-23T17:53:29+02:00
2026-09-25T00:33:49+00:00,milford_haven,2026-08-24,2026-08-24T06:00:00+02:00,2026-08-25T06:00:00+02:00,Nomination,day,54051082.0,kWh/d,UK-TSO-0001,LNG-00049,entry,,2026-08-24T17:53:29+02:00
2026-09-25T00:33:49+00:00,milford_haven,2026-08-25,2026-08-25T06:00:00+02:00,2026-08-26T06:00:00+02:00,Nomination,day,51230357.0,kWh/d,UK-TSO-0001,LNG-00049,entry,,2026-08-25T17:52:49+02:00
2026-09-25T00:33:49+00:00,milford_haven,2026-08-26,2026-08-26T06:00:00+02:00,2026-08-27T06:00:00+02:00,Nomination,day,61115276.0,kWh/d,UK-TSO-0001,LNG-00049,entry,,2026-08-26T17:52:09+02:00
2026-09-25T00:33:49+00:00,milford_haven,2026-08-27,2026-08-27T06:00:00+02:00,2026-08-28T06:00:00+02:00,Nomination,day,69107276.0,kWh/d,UK-TSO-0001,LNG-00049,entry,,2026-08-27T17:52:09+02:00
2026-09-25T00:33:49+00:00,milford_haven,2026-08-28,2026-08-28T06:00:00+02:00,2026-08-29T06:00:00+02:00,Nomination,day,37708588.0,kWh/d,UK-TSO-0001,LNG-00049,entry,,2026-08-28T17:57:09+02:00
2026-09-25T00:33:49+00:00,milford_haven,2026-08-29,2026-08-29T06:00:00+02:00,2026-08-30T06:00:00+02:00,Nomination,day,51230357.0,kWh/d,UK-TSO-0001,LNG-00049,entry,,2026-08-29T17:52:30+02:00
2026-09-25T00:33:49+00:00,milford_haven,2026-08-30,2026-08-30T06:00:00+02:00,2026-08-31T06:00:00+02:00,Nomination,day,51230357.0,kWh/d,UK-TSO-0001,LNG-00049,entry,,2026-08-30T17:51:30+02:00
2026-09-25T00:33:49+00:00,milford_haven,2026-08-31,2026-08-31T06:00:00+02:00,2026-09-01T06:00:00+02:00,Nomination,day,55997814.0,kWh/d,UK-TSO-0001,LNG-00049,entry,,2026-08-31T17:52:10+02:00
2026-09-25T00:33:49+00:00,milford_haven,2026-09-01,2026-09-01T06:00:00+02:00,2026-09-02T06:00:00+02:00,Nomination,day,54269586.0,kWh/d,UK-TSO-0001,LNG-00049,entry,,2026-09-01T17:52:50+02:00
2026-09-25T00:33:49+00:00,milford_haven,2026-09-02,2026-09-02T06:00:00+02:00,2026-09-03T06:00:00+02:00,Nomination,day,44650018.0,kWh/d,UK-TSO-0001,LNG-00049,entry,,2026-09-02T17:53:50+02:00
2026-09-25T00:33:49+00:00,milford_haven,2026-09-03,2026-09-03T06:00:00+02:00,2026-09-04T06:00:00+02:00,Nomination,day,44650018.0,kWh/d,UK-TSO-0001,LNG-00049,entry,,2026-09-03T17:54:30+02:00
2026-09-25T00:33:49+00:00,milford_haven,2026-09-04,2026-09-04T06:00:00+02:00,2026-09-05T06:00:00+02:00,Nomination,day,44650018.0,kWh/d,UK-TSO-0001,LNG-00049,entry,,2026-09-04T17:51:30+02:00
2026-09-25T00:33:49+00:00,milford_haven,2026-09-05,2026-09-05T06:00:00+02:00,2026-09-06T06:00:00+02:00,Nomination,day,44650018.0,kWh/d,UK-TSO-0001,LNG-00049,entry,,2026-09-05T17:53:29+02:00
2026-09-25T00:33:49+00:00,milford_haven,2026-09-06,2026-09-06T06:00:00+02:00,2026-09-07T06:00:00+02:00,Nomination,day,54269586.0,kWh/d,UK-TSO-0001,LNG-00049,entry,,2026-09-06T17:55:49+02:00
2026-09-25T00:33:49+00:00,milford_haven,2026-09-07,2026-09-07T06:00:00+02:00,2026-09-08T06:00:00+02:00,Nomination,day,54269586.0,kWh/d,UK-TSO-0001,LNG-00049,entry,,2026-09-07T17:51:29+02:00
2026-09-25T00:33:49+00:00,milford_haven,2026-09-08,2026-09-08T06:00:00+02:00,2026-09-09T06:00:00+02:00,Nomination,day,44650018.0,kWh/d,UK-TSO-0001,LNG-00049,entry,,2026-09-08T17:57:29+02:00
2026-09-25T00:33:49+00:00,milford_haven,2026-09-09,2026-09-09T06:00:00+02:00,2026-09-10T06:00:00+02:00,Nomination,day,44650018.0,kWh/d,UK-TSO-0001,LNG-00049,entry,,2026-09-09T18:01:49+02:00
2026-09-25T00:33:49+00:00,milford_haven,2026-09-10,2026-09-10T06:00:00+02:00,2026-09-11T06:00:00+02:00,Nomination,day,44650018.0,kWh/d,UK-TSO-0001,LNG-00049,entry,,2026-09-10T18:02:29+02:00
2026-09-25T00:33:49+00:00,milford_haven,2026-09-11,2026-09-11T06:00:00+02:00,2026-09-12T06:00:00+02:00,Nomination,day,44650018.0,kWh/d,UK-TSO-0001,LNG-00049,entry,,2026-09-11T17:54:10+02:00
2026-09-25T00:33:49+00:00,milford_haven,2026-09-12,2026-09-12T06:00:00+02:00,2026-09-13T06:00:00+02:00,Nomination,day,44650018.0,kWh/d,UK-TSO-0001,LNG-00049,entry,,2026-09-12T17:53:09+02:00
2026-09-25T00:33:49+00:00,milford_haven,2026-09-13,2026-09-13T06:00:00+02:00,2026-09-14T06:00:00+02:00,Nomination,day,54269586.0,kWh/d,UK-TSO-0001,LNG-00049,entry,,2026-09-13T17:52:09+02:00
2026-09-25T00:33:49+00:00,milford_haven,2026-09-14,2026-09-14T06:00:00+02:00,2026-09-15T06:00:00+02:00,Nomination,day,63936000.0,kWh/d,UK-TSO-0001,LNG-00049,entry,,2026-09-15T03:28:30+02:00
2026-09-25T00:33:49+00:00,milford_haven,2026-09-15,2026-09-15T06:00:00+02:00,2026-09-16T06:00:00+02:00,Nomination,day,62308432.0,kWh/d,UK-TSO-0001,LNG-00049,entry,,2026-09-15T18:25:49+02:00
2026-09-25T00:33:49+00:00,milford_haven,2026-09-16,2026-09-16T06:00:00+02:00,2026-09-17T06:00:00+02:00,Nomination,day,62308432.0,kWh/d,UK-TSO-0001,LNG-00049,entry,,2026-09-16T17:54:49+02:00
2026-09-25T00:33:49+00:00,milford_haven,2026-09-17,2026-09-17T06:00:00+02:00,2026-09-18T06:00:00+02:00,Nomination,day,44650018.0,kWh/d,UK-TSO-0001,LNG-00049,entry,,2026-09-17T17:54:09+02:00
2026-09-25T00:33:49+00:00,milford_haven,2026-09-18,2026-09-18T06:00:00+02:00,2026-09-19T06:00:00+02:00,Nomination,day,19484711.0,kWh/d,UK-TSO-0001,LNG-00049,entry,,2026-09-18T17:54:29+02:00
2026-09-25T00:33:49+00:00,milford_haven,2026-09-19,2026-09-19T06:00:00+02:00,2026-09-20T06:00:00+02:00,Nomination,day,44650018.0,kWh/d,UK-TSO-0001,LNG-00049,entry,,2026-09-19T17:53:50+02:00
2026-09-25T00:33:49+00:00,milford_haven,2026-09-20,2026-09-20T06:00:00+02:00,2026-09-21T06:00:00+02:00,Nomination,day,54269586.0,kWh/d,UK-TSO-0001,LNG-00049,entry,,2026-09-20T17:54:29+02:00
2026-09-25T00:33:49+00:00,milford_haven,2026-09-21,2026-09-21T06:00:00+02:00,2026-09-22T06:00:00+02:00,Nomination,day,63936000.0,kWh/d,UK-TSO-0001,LNG-00049,entry,,2026-09-21T17:54:29+02:00
2026-09-25T00:33:49+00:00,milford_haven,2026-09-22,2026-09-22T06:00:00+02:00,2026-09-23T06:00:00+02:00,Nomination,day,71928000.0,kWh/d,UK-TSO-0001,LNG-00049,entry,,2026-09-22T18:01:49+02:00
2026-09-25T00:33:49+00:00,milford_haven,2026-09-23,2026-09-23T06:00:00+02:00,2026-09-24T06:00:00+02:00,Nomination,day,9036154.0,kWh/d,UK-TSO-0001,LNG-00049,entry,,2026-09-23T19:02:50+02:00
2026-09-25T00:33:49+00:00,milford_haven,2026-09-24,2026-09-24T06:00:00+02:00,2026-09-25T06:00:00+02:00,Nomination,day,,kWh/d,UK-TSO-0001,LNG-00049,entry,,2026-09-24T18:59:49+02:00
2026-09-25T00:33:49+00:00,milford_haven,2026-09-25,2026-09-25T06:00:00+02:00,2026-09-26T06:00:00+02:00,Nomination,day,19484711.0,kWh/d,UK-TSO-0001,LNG-00049,entry,,2026-09-25T01:52:09+02:00
2026-09-25T00:33:49+00:00,montoir,2026-08-11,2026-08-11T06:00:00+02:00,2026-08-12T06:00:00+02:00,Nomination,day,69641652.0,kWh/d,FR-TSO-0003,LNG-00024,entry,,2026-08-12T15:13:30+02:00
2026-09-25T00:33:49+00:00,montoir,2026-08-12,2026-08-12T06:00:00+02:00,2026-08-13T06:00:00+02:00,Nomination,day,69641652.0,kWh/d,FR-TSO-0003,LNG-00024,entry,,2026-08-13T15:15:09+02:00
2026-09-25T00:33:49+00:00,montoir,2026-08-13,2026-08-13T06:00:00+02:00,2026-08-14T06:00:00+02:00,Nomination,day,69641652.0,kWh/d,FR-TSO-0003,LNG-00024,entry,,2026-08-14T15:11:29+02:00
2026-09-25T00:33:49+00:00,montoir,2026-08-14,2026-08-14T06:00:00+02:00,2026-08-15T06:00:00+02:00,Nomination,day,34820826.0,kWh/d,FR-TSO-0003,LNG-00024,entry,,2026-08-15T15:13:29+02:00
2026-09-25T00:33:49+00:00,montoir,2026-08-15,2026-08-15T06:00:00+02:00,2026-08-16T06:00:00+02:00,Nomination,day,34820826.0,kWh/d,FR-TSO-0003,LNG-00024,entry,,2026-08-16T15:10:10+02:00
2026-09-25T00:33:49+00:00,montoir,2026-08-16,2026-08-16T06:00:00+02:00,2026-08-17T06:00:00+02:00,Nomination,day,17710525.0,kWh/d,FR-TSO-0003,LNG-00024,entry,,2026-08-17T15:03:51+02:00
2026-09-25T00:33:49+00:00,montoir,2026-08-17,2026-08-17T06:00:00+02:00,2026-08-18T06:00:00+02:00,Nomination,day,17710525.0,kWh/d,FR-TSO-0003,LNG-00024,entry,,2026-08-18T15:26:53+02:00
2026-09-25T00:33:49+00:00,montoir,2026-08-18,2026-08-18T06:00:00+02:00,2026-08-19T06:00:00+02:00,Nomination,day,34820826.0,kWh/d,FR-TSO-0003,LNG-00024,entry,,2026-08-19T15:13:50+02:00
2026-09-25T00:33:49+00:00,montoir,2026-08-19,2026-08-19T06:00:00+02:00,2026-08-20T06:00:00+02:00,Nomination,day,34820826.0,kWh/d,FR-TSO-0003,LNG-00024,entry,,2026-08-20T15:14:10+02:00
2026-09-25T00:33:49+00:00,montoir,2026-08-20,2026-08-20T06:00:00+02:00,2026-08-21T06:00:00+02:00,Nomination,day,34820826.0,kWh/d,FR-TSO-0003,LNG-00024,entry,,2026-08-21T15:22:30+02:00
2026-09-25T00:33:49+00:00,montoir,2026-08-21,2026-08-21T06:00:00+02:00,2026-08-22T06:00:00+02:00,Nomination,day,34820826.0,kWh/d,FR-TSO-0003,LNG-00024,entry,,2026-08-22T15:15:10+02:00
2026-09-25T00:33:49+00:00,montoir,2026-08-22,2026-08-22T06:00:00+02:00,2026-08-23T06:00:00+02:00,Nomination,day,34820826.0,kWh/d,FR-TSO-0003,LNG-00024,entry,,2026-08-23T15:17:31+02:00
2026-09-25T00:33:49+00:00,montoir,2026-08-23,2026-08-23T06:00:00+02:00,2026-08-24T06:00:00+02:00,Nomination,day,34820826.0,kWh/d,FR-TSO-0003,LNG-00024,entry,,2026-08-24T15:05:09+02:00
2026-09-25T00:33:49+00:00,montoir,2026-08-24,2026-08-24T06:00:00+02:00,2026-08-25T06:00:00+02:00,Nomination,day,69641652.0,kWh/d,FR-TSO-0003,LNG-00024,entry,,2026-08-25T15:26:50+02:00
2026-09-25T00:33:49+00:00,montoir,2026-08-25,2026-08-25T06:00:00+02:00,2026-08-26T06:00:00+02:00,Nomination,day,153528187.0,kWh/d,FR-TSO-0003,LNG-00024,entry,,2026-08-26T15:11:49+02:00
2026-09-25T00:33:49+00:00,montoir,2026-08-26,2026-08-26T06:00:00+02:00,2026-08-27T06:00:00+02:00,Nomination,day,156175224.0,kWh/d,FR-TSO-0003,LNG-00024,entry,,2026-08-27T15:17:50+02:00
2026-09-25T00:33:49+00:00,montoir,2026-08-27,2026-08-27T06:00:00+02:00,2026-08-28T06:00:00+02:00,Nomination,day,156175224.0,kWh/d,FR-TSO-0003,LNG-00024,entry,,2026-08-28T15:17:10+02:00
2026-09-25T00:33:49+00:00,montoir,2026-08-28,2026-08-28T06:00:00+02:00,2026-08-29T06:00:00+02:00,Nomination,day,232277558.0,kWh/d,FR-TSO-0003,LNG-00024,entry,,2026-08-29T15:15:51+02:00
2026-09-25T00:33:49+00:00,montoir,2026-08-29,2026-08-29T06:00:00+02:00,2026-08-30T06:00:00+02:00,Nomination,day,232277558.0,kWh/d,FR-TSO-0003,LNG-00024,entry,,2026-08-30T15:03:30+02:00
2026-09-25T00:33:49+00:00,montoir,2026-08-30,2026-08-30T06:00:00+02:00,2026-08-31T06:00:00+02:00,Nomination,day,231284919.0,kWh/d,FR-TSO-0003,LNG-00024,entry,,2026-08-31T15:09:50+02:00
2026-09-25T00:33:49+00:00,montoir,2026-08-31,2026-08-31T06:00:00+02:00,2026-09-01T06:00:00+02:00,Nomination,day,153528187.0,kWh/d,FR-TSO-0003,LNG-00024,entry,,2026-09-01T15:08:49+02:00
2026-09-25T00:33:49+00:00,montoir,2026-09-01,2026-09-01T06:00:00+02:00,2026-09-02T06:00:00+02:00,Nomination,day,136638208.0,kWh/d,FR-TSO-0003,LNG-00024,entry,,2026-09-02T15:21:09+02:00
2026-09-25T00:33:49+00:00,montoir,2026-09-02,2026-09-02T06:00:00+02:00,2026-09-03T06:00:00+02:00,Nomination,day,106747816.0,kWh/d,FR-TSO-0003,LNG-00024,entry,,2026-09-03T15:28:29+02:00
2026-09-25T00:33:49+00:00,montoir,2026-09-03,2026-09-03T06:00:00+02:00,2026-09-04T06:00:00+02:00,Nomination,day,92502932.0,kWh/d,FR-TSO-0003,LNG-00024,entry,,2026-09-04T15:12:09+02:00
2026-09-25T00:33:49+00:00,montoir,2026-09-04,2026-09-04T06:00:00+02:00,2026-09-05T06:00:00+02:00,Nomination,day,106747816.0,kWh/d,FR-TSO-0003,LNG-00024,entry,,2026-09-05T15:12:53+02:00
2026-09-25T00:33:49+00:00,montoir,2026-09-05,2026-09-05T06:00:00+02:00,2026-09-06T06:00:00+02:00,Nomination,day,71032880.0,kWh/d,FR-TSO-0003,LNG-00024,entry,,2026-09-06T15:18:50+02:00
2026-09-25T00:33:49+00:00,montoir,2026-09-06,2026-09-06T06:00:00+02:00,2026-09-07T06:00:00+02:00,Nomination,day,70433311.0,kWh/d,FR-TSO-0003,LNG-00024,entry,,2026-09-07T15:14:09+02:00
2026-09-25T00:33:49+00:00,montoir,2026-09-07,2026-09-07T06:00:00+02:00,2026-09-08T06:00:00+02:00,Nomination,day,103077558.0,kWh/d,FR-TSO-0003,LNG-00024,entry,,2026-09-08T15:18:49+02:00
2026-09-25T00:33:49+00:00,montoir,2026-09-08,2026-09-08T06:00:00+02:00,2026-09-09T06:00:00+02:00,Nomination,day,103077558.0,kWh/d,FR-TSO-0003,LNG-00024,entry,,2026-09-09T15:28:10+02:00
2026-09-25T00:33:49+00:00,montoir,2026-09-09,2026-09-09T06:00:00+02:00,2026-09-10T06:00:00+02:00,Nomination,day,103077558.0,kWh/d,FR-TSO-0003,LNG-00024,entry,,2026-09-10T15:30:10+02:00
2026-09-25T00:33:49+00:00,montoir,2026-09-10,2026-09-10T06:00:00+02:00,2026-09-11T06:00:00+02:00,Nomination,day,133743627.0,kWh/d,FR-TSO-0003,LNG-00024,entry,,2026-09-11T15:18:10+02:00
2026-09-25T00:33:49+00:00,montoir,2026-09-11,2026-09-11T06:00:00+02:00,2026-09-12T06:00:00+02:00,Nomination,day,106614901.0,kWh/d,FR-TSO-0003,LNG-00024,entry,,2026-09-12T15:14:50+02:00
2026-09-25T00:33:49+00:00,montoir,2026-09-12,2026-09-12T06:00:00+02:00,2026-09-13T06:00:00+02:00,Nomination,day,106614901.0,kWh/d,FR-TSO-0003,LNG-00024,entry,,2026-09-13T15:04:49+02:00
2026-09-25T00:33:49+00:00,montoir,2026-09-13,2026-09-13T06:00:00+02:00,2026-09-14T06:00:00+02:00,Nomination,day,106614901.0,kWh/d,FR-TSO-0003,LNG-00024,entry,,2026-09-15T02:40:29+02:00
2026-09-25T00:33:49+00:00,montoir,2026-09-14,2026-09-14T06:00:00+02:00,2026-09-15T06:00:00+02:00,Nomination,day,179561939.0,kWh/d,FR-TSO-0003,LNG-00024,entry,,2026-09-15T15:17:49+02:00
2026-09-25T00:33:49+00:00,montoir,2026-09-15,2026-09-15T06:00:00+02:00,2026-09-16T06:00:00+02:00,Nomination,day,135473070.0,kWh/d,FR-TSO-0003,LNG-00024,entry,,2026-09-16T15:23:09+02:00
2026-09-25T00:33:49+00:00,montoir,2026-09-16,2026-09-16T06:00:00+02:00,2026-09-17T06:00:00+02:00,Nomination,day,155513465.0,kWh/d,FR-TSO-0003,LNG-00024,entry,,2026-09-17T15:18:29+02:00
2026-09-25T00:33:49+00:00,montoir,2026-09-17,2026-09-17T06:00:00+02:00,2026-09-18T06:00:00+02:00,Nomination,day,134320108.0,kWh/d,FR-TSO-0003,LNG-00024,entry,,2026-09-18T15:23:49+02:00
2026-09-25T00:33:49+00:00,montoir,2026-09-18,2026-09-18T06:00:00+02:00,2026-09-19T06:00:00+02:00,Nomination,day,308379892.0,kWh/d,FR-TSO-0003,LNG-00024,entry,,2026-09-19T15:11:49+02:00
2026-09-25T00:33:49+00:00,montoir,2026-09-19,2026-09-19T06:00:00+02:00,2026-09-20T06:00:00+02:00,Nomination,day,336992460.0,kWh/d,FR-TSO-0003,LNG-00024,entry,,2026-09-20T15:21:30+02:00
2026-09-25T00:33:49+00:00,montoir,2026-09-20,2026-09-20T06:00:00+02:00,2026-09-21T06:00:00+02:00,Nomination,day,336992460.0,kWh/d,FR-TSO-0003,LNG-00024,entry,,2026-09-21T15:18:29+02:00
2026-09-25T00:33:49+00:00,montoir,2026-09-21,2026-09-21T06:00:00+02:00,2026-09-22T06:00:00+02:00,Nomination,day,334099820.0,kWh/d,FR-TSO-0003,LNG-00024,entry,,2026-09-22T15:27:50+02:00
2026-09-25T00:33:49+00:00,montoir,2026-09-22,2026-09-22T06:00:00+02:00,2026-09-23T06:00:00+02:00,Nomination,day,153326077.0,kWh/d,FR-TSO-0003,LNG-00024,entry,,2026-09-23T15:07:50+02:00
2026-09-25T00:33:49+00:00,montoir,2026-09-23,2026-09-23T06:00:00+02:00,2026-09-24T06:00:00+02:00,Nomination,day,,kWh/d,FR-TSO-0003,LNG-00024,entry,,2026-09-24T15:09:29+02:00
2026-09-25T00:33:49+00:00,montoir,2026-09-24,2026-09-24T06:00:00+02:00,2026-09-25T06:00:00+02:00,Nomination,day,153326077.0,kWh/d,FR-TSO-0003,LNG-00024,entry,,2026-09-24T15:09:29+02:00
2026-09-25T00:33:49+00:00,montoir,2026-09-25,2026-09-25T06:00:00+02:00,2026-09-26T06:00:00+02:00,Nomination,day,,kWh/d,FR-TSO-0003,LNG-00024,entry,,2026-09-24T15:09:29+02:00
2026-09-25T00:33:49+00:00,montoir,2026-09-26,2026-09-26T06:00:00+02:00,2026-09-27T06:00:00+02:00,Nomination,day,,kWh/d,FR-TSO-0003,LNG-00024,entry,,2026-09-24T15:09:29+02:00
2026-09-25T00:33:49+00:00,lehavre,2026-08-11,2026-08-11T06:00:00+02:00,2026-08-12T06:00:00+02:00,Nomination,day,,kWh/d,FR-TSO-0003,LNG-00071,entry,,2026-08-12T15:13:30+02:00
2026-09-25T00:33:49+00:00,lehavre,2026-08-12,2026-08-12T06:00:00+02:00,2026-08-13T06:00:00+02:00,Nomination,day,,kWh/d,FR-TSO-0003,LNG-00071,entry,,2026-08-13T15:15:09+02:00
2026-09-25T00:33:49+00:00,lehavre,2026-08-13,2026-08-13T06:00:00+02:00,2026-08-14T06:00:00+02:00,Nomination,day,,kWh/d,FR-TSO-0003,LNG-00071,entry,,2026-08-14T15:11:29+02:00
2026-09-25T00:33:49+00:00,lehavre,2026-08-14,2026-08-14T06:00:00+02:00,2026-08-15T06:00:00+02:00,Nomination,day,,kWh/d,FR-TSO-0003,LNG-00071,entry,,2026-08-15T15:13:29+02:00
2026-09-25T00:33:49+00:00,lehavre,2026-08-15,2026-08-15T06:00:00+02:00,2026-08-16T06:00:00+02:00,Nomination,day,,kWh/d,FR-TSO-0003,LNG-00071,entry,,2026-08-16T15:10:10+02:00
2026-09-25T00:33:49+00:00,lehavre,2026-08-16,2026-08-16T06:00:00+02:00,2026-08-17T06:00:00+02:00,Nomination,day,,kWh/d,FR-TSO-0003,LNG-00071,entry,,2026-08-17T15:03:51+02:00
2026-09-25T00:33:49+00:00,lehavre,2026-08-17,2026-08-17T06:00:00+02:00,2026-08-18T06:00:00+02:00,Nomination,day,,kWh/d,FR-TSO-0003,LNG-00071,entry,,2026-08-18T15:26:53+02:00
2026-09-25T00:33:49+00:00,lehavre,2026-08-18,2026-08-18T06:00:00+02:00,2026-08-19T06:00:00+02:00,Nomination,day,,kWh/d,FR-TSO-0003,LNG-00071,entry,,2026-08-19T15:13:50+02:00
2026-09-25T00:33:49+00:00,lehavre,2026-08-19,2026-08-19T06:00:00+02:00,2026-08-20T06:00:00+02:00,Nomination,day,,kWh/d,FR-TSO-0003,LNG-00071,entry,,2026-08-20T15:14:10+02:00
2026-09-25T00:33:49+00:00,lehavre,2026-08-20,2026-08-20T06:00:00+02:00,2026-08-21T06:00:00+02:00,Nomination,day,,kWh/d,FR-TSO-0003,LNG-00071,entry,,2026-08-21T15:22:30+02:00
2026-09-25T00:33:49+00:00,lehavre,2026-08-21,2026-08-21T06:00:00+02:00,2026-08-22T06:00:00+02:00,Nomination,day,,kWh/d,FR-TSO-0003,LNG-00071,entry,,2026-08-22T15:15:10+02:00
2026-09-25T00:33:49+00:00,lehavre,2026-08-22,2026-08-22T06:00:00+02:00,2026-08-23T06:00:00+02:00,Nomination,day,,kWh/d,FR-TSO-0003,LNG-00071,entry,,2026-08-23T15:17:31+02:00
2026-09-25T00:33:49+00:00,lehavre,2026-08-23,2026-08-23T06:00:00+02:00,2026-08-24T06:00:00+02:00,Nomination,day,,kWh/d,FR-TSO-0003,LNG-00071,entry,,2026-08-24T15:05:09+02:00
2026-09-25T00:33:49+00:00,lehavre,2026-08-24,2026-08-24T06:00:00+02:00,2026-08-25T06:00:00+02:00,Nomination,day,,kWh/d,FR-TSO-0003,LNG-00071,entry,,2026-08-25T15:26:50+02:00
2026-09-25T00:33:49+00:00,lehavre,2026-08-25,2026-08-25T06:00:00+02:00,2026-08-26T06:00:00+02:00,Nomination,day,,kWh/d,FR-TSO-0003,LNG-00071,entry,,2026-08-26T15:11:49+02:00
2026-09-25T00:33:49+00:00,lehavre,2026-08-26,2026-08-26T06:00:00+02:00,2026-08-27T06:00:00+02:00,Nomination,day,,kWh/d,FR-TSO-0003,LNG-00071,entry,,2026-08-27T15:17:50+02:00
2026-09-25T00:33:49+00:00,lehavre,2026-08-27,2026-08-27T06:00:00+02:00,2026-08-28T06:00:00+02:00,Nomination,day,,kWh/d,FR-TSO-0003,LNG-00071,entry,,2026-08-28T15:17:10+02:00
2026-09-25T00:33:49+00:00,lehavre,2026-08-28,2026-08-28T06:00:00+02:00,2026-08-29T06:00:00+02:00,Nomination,day,,kWh/d,FR-TSO-0003,LNG-00071,entry,,2026-08-29T15:15:51+02:00
2026-09-25T00:33:49+00:00,lehavre,2026-08-29,2026-08-29T06:00:00+02:00,2026-08-30T06:00:00+02:00,Nomination,day,,kWh/d,FR-TSO-0003,LNG-00071,entry,,2026-08-30T15:03:30+02:00
2026-09-25T00:33:49+00:00,lehavre,2026-08-30,2026-08-30T06:00:00+02:00,2026-08-31T06:00:00+02:00,Nomination,day,,kWh/d,FR-TSO-0003,LNG-00071,entry,,2026-08-31T15:09:50+02:00
2026-09-25T00:33:49+00:00,lehavre,2026-08-31,2026-08-31T06:00:00+02:00,2026-09-01T06:00:00+02:00,Nomination,day,,kWh/d,FR-TSO-0003,LNG-00071,entry,,2026-09-01T15:08:49+02:00
2026-09-25T00:33:49+00:00,lehavre,2026-09-01,2026-09-01T06:00:00+02:00,2026-09-02T06:00:00+02:00,Nomination,day,,kWh/d,FR-TSO-0003,LNG-00071,entry,,2026-09-02T15:21:09+02:00
2026-09-25T00:33:49+00:00,lehavre,2026-09-02,2026-09-02T06:00:00+02:00,2026-09-03T06:00:00+02:00,Nomination,day,,kWh/d,FR-TSO-0003,LNG-00071,entry,,2026-09-03T15:28:29+02:00
2026-09-25T00:33:49+00:00,lehavre,2026-09-03,2026-09-03T06:00:00+02:00,2026-09-04T06:00:00+02:00,Nomination,day,,kWh/d,FR-TSO-0003,LNG-00071,entry,,2026-09-04T15:12:09+02:00
2026-09-25T00:33:49+00:00,lehavre,2026-09-04,2026-09-04T06:00:00+02:00,2026-09-05T06:00:00+02:00,Nomination,day,,kWh/d,FR-TSO-0003,LNG-00071,entry,,2026-09-05T15:12:53+02:00
2026-09-25T00:33:49+00:00,lehavre,2026-09-05,2026-09-05T06:00:00+02:00,2026-09-06T06:00:00+02:00,Nomination,day,,kWh/d,FR-TSO-0003,LNG-00071,entry,,2026-09-06T15:18:50+02:00
2026-09-25T00:33:49+00:00,lehavre,2026-09-06,2026-09-06T06:00:00+02:00,2026-09-07T06:00:00+02:00,Nomination,day,,kWh/d,FR-TSO-0003,LNG-00071,entry,,2026-09-07T15:14:09+02:00
2026-09-25T00:33:49+00:00,lehavre,2026-09-07,2026-09-07T06:00:00+02:00,2026-09-08T06:00:00+02:00,Nomination,day,,kWh/d,FR-TSO-0003,LNG-00071,entry,,2026-09-08T15:18:49+02:00
2026-09-25T00:33:49+00:00,lehavre,2026-09-08,2026-09-08T06:00:00+02:00,2026-09-09T06:00:00+02:00,Nomination,day,,kWh/d,FR-TSO-0003,LNG-00071,entry,,2026-09-09T15:28:10+02:00
2026-09-25T00:33:49+00:00,lehavre,2026-09-09,2026-09-09T06:00:00+02:00,2026-09-10T06:00:00+02:00,Nomination,day,,kWh/d,FR-TSO-0003,LNG-00071,entry,,2026-09-10T15:30:10+02:00
2026-09-25T00:33:49+00:00,lehavre,2026-09-10,2026-09-10T06:00:00+02:00,2026-09-11T06:00:00+02:00,Nomination,day,,kWh/d,FR-TSO-0003,LNG-00071,entry,,2026-09-11T15:18:10+02:00
2026-09-25T00:33:49+00:00,lehavre,2026-09-11,2026-09-11T06:00:00+02:00,2026-09-12T06:00:00+02:00,Nomination,day,,kWh/d,FR-TSO-0003,LNG-00071,entry,,2026-09-12T15:14:50+02:00
2026-09-25T00:33:49+00:00,lehavre,2026-09-12,2026-09-12T06:00:00+02:00,2026-09-13T06:00:00+02:00,Nomination,day,,kWh/d,FR-TSO-0003,LNG-00071,entry,,2026-09-13T15:04:49+02:00
2026-09-25T00:33:49+00:00,lehavre,2026-09-13,2026-09-13T06:00:00+02:00,2026-09-14T06:00:00+02:00,Nomination,day,,kWh/d,FR-TSO-0003,LNG-00071,entry,,2026-09-15T02:40:29+02:00
2026-09-25T00:33:49+00:00,lehavre,2026-09-14,2026-09-14T06:00:00+02:00,2026-09-15T06:00:00+02:00,Nomination,day,,kWh/d,FR-TSO-0003,LNG-00071,entry,,2026-09-15T15:17:49+02:00
2026-09-25T00:33:49+00:00,lehavre,2026-09-15,2026-09-15T06:00:00+02:00,2026-09-16T06:00:00+02:00,Nomination,day,,kWh/d,FR-TSO-0003,LNG-00071,entry,,2026-09-16T15:23:09+02:00
2026-09-25T00:33:49+00:00,lehavre,2026-09-16,2026-09-16T06:00:00+02:00,2026-09-17T06:00:00+02:00,Nomination,day,,kWh/d,FR-TSO-0003,LNG-00071,entry,,2026-09-17T15:18:29+02:00
2026-09-25T00:33:49+00:00,lehavre,2026-09-17,2026-09-17T06:00:00+02:00,2026-09-18T06:00:00+02:00,Nomination,day,,kWh/d,FR-TSO-0003,LNG-00071,entry,,2026-09-18T15:23:49+02:00
2026-09-25T00:33:49+00:00,lehavre,2026-09-18,2026-09-18T06:00:00+02:00,2026-09-19T06:00:00+02:00,Nomination,day,,kWh/d,FR-TSO-0003,LNG-00071,entry,,2026-09-19T15:11:49+02:00
2026-09-25T00:33:49+00:00,lehavre,2026-09-19,2026-09-19T06:00:00+02:00,2026-09-20T06:00:00+02:00,Nomination,day,,kWh/d,FR-TSO-0003,LNG-00071,entry,,2026-09-20T15:21:30+02:00
2026-09-25T00:33:49+00:00,lehavre,2026-09-20,2026-09-20T06:00:00+02:00,2026-09-21T06:00:00+02:00,Nomination,day,,kWh/d,FR-TSO-0003,LNG-00071,entry,,2026-09-21T15:18:29+02:00
2026-09-25T00:33:49+00:00,lehavre,2026-09-21,2026-09-21T06:00:00+02:00,2026-09-22T06:00:00+02:00,Nomination,day,,kWh/d,FR-TSO-0003,LNG-00071,entry,,2026-09-22T15:27:50+02:00
2026-09-25T00:33:49+00:00,lehavre,2026-09-22,2026-09-22T06:00:00+02:00,2026-09-23T06:00:00+02:00,Nomination,day,,kWh/d,FR-TSO-0003,LNG-00071,entry,,2026-09-23T15:07:50+02:00
2026-09-25T00:33:49+00:00,lehavre,2026-09-23,2026-09-23T06:00:00+02:00,2026-09-24T06:00:00+02:00,Nomination,day,,kWh/d,FR-TSO-0003,LNG-00071,entry,,2026-09-24T15:09:29+02:00
2026-09-25T00:33:49+00:00,lehavre,2026-09-24,2026-09-24T06:00:00+02:00,2026-09-25T06:00:00+02:00,Nomination,day,,kWh/d,FR-TSO-0003,LNG-00071,entry,,2026-09-24T15:09:29+02:00
2026-09-25T00:33:49+00:00,lehavre,2026-09-25,2026-09-25T06:00:00+02:00,2026-09-26T06:00:00+02:00,Nomination,day,,kWh/d,FR-TSO-0003,LNG-00071,entry,,2026-09-24T15:09:29+02:00
2026-09-25T00:33:49+00:00,lehavre,2026-09-26,2026-09-26T06:00:00+02:00,2026-09-27T06:00:00+02:00,Nomination,day,,kWh/d,FR-TSO-0003,LNG-00071,entry,,2026-09-24T15:09:29+02:00
2026-09-25T00:33:49+00:00,wilhelmshaven,2026-08-11,2026-08-11T06:00:00+02:00,2026-08-12T06:00:00+02:00,Nomination,day,246552000.0,kWh/d,DE-TSO-0009,LNG-00083,entry,,2026-08-10T15:40:50+02:00
2026-09-25T00:33:49+00:00,wilhelmshaven,2026-08-12,2026-08-12T06:00:00+02:00,2026-08-13T06:00:00+02:00,Nomination,day,246552000.0,kWh/d,DE-TSO-0009,LNG-00083,entry,,2026-08-11T15:55:30+02:00
2026-09-25T00:33:49+00:00,wilhelmshaven,2026-08-13,2026-08-13T06:00:00+02:00,2026-08-14T06:00:00+02:00,Nomination,day,204633000.0,kWh/d,DE-TSO-0009,LNG-00083,entry,,2026-08-12T15:57:36+02:00
2026-09-25T00:33:49+00:00,wilhelmshaven,2026-08-14,2026-08-14T06:00:00+02:00,2026-08-15T06:00:00+02:00,Nomination,day,200040000.0,kWh/d,DE-TSO-0009,LNG-00083,entry,,2026-08-13T15:48:50+02:00
2026-09-25T00:33:49+00:00,wilhelmshaven,2026-08-15,2026-08-15T06:00:00+02:00,2026-08-16T06:00:00+02:00,Nomination,day,200040000.0,kWh/d,DE-TSO-0009,LNG-00083,entry,,2026-08-14T15:51:29+02:00
2026-09-25T00:33:49+00:00,wilhelmshaven,2026-08-16,2026-08-16T06:00:00+02:00,2026-08-17T06:00:00+02:00,Nomination,day,256800000.0,kWh/d,DE-TSO-0009,LNG-00083,entry,,2026-08-15T15:49:30+02:00
2026-09-25T00:33:49+00:00,wilhelmshaven,2026-08-17,2026-08-17T06:00:00+02:00,2026-08-18T06:00:00+02:00,Nomination,day,284400000.0,kWh/d,DE-TSO-0009,LNG-00083,entry,,2026-08-16T15:48:29+02:00
2026-09-25T00:33:49+00:00,wilhelmshaven,2026-08-18,2026-08-18T06:00:00+02:00,2026-08-19T06:00:00+02:00,Nomination,day,256800000.0,kWh/d,DE-TSO-0009,LNG-00083,entry,,2026-08-17T15:49:10+02:00
2026-09-25T00:33:49+00:00,wilhelmshaven,2026-08-19,2026-08-19T06:00:00+02:00,2026-08-20T06:00:00+02:00,Nomination,day,217753728.0,kWh/d,DE-TSO-0009,LNG-00083,entry,,2026-08-18T16:03:50+02:00
2026-09-25T00:33:49+00:00,wilhelmshaven,2026-08-20,2026-08-20T06:00:00+02:00,2026-08-21T06:00:00+02:00,Nomination,day,245280000.0,kWh/d,DE-TSO-0009,LNG-00083,entry,,2026-08-19T19:48:29+02:00
2026-09-25T00:33:49+00:00,wilhelmshaven,2026-08-21,2026-08-21T06:00:00+02:00,2026-08-22T06:00:00+02:00,Nomination,day,250320000.0,kWh/d,DE-TSO-0009,LNG-00083,entry,,2026-08-20T19:46:29+02:00
2026-09-25T00:33:49+00:00,wilhelmshaven,2026-08-22,2026-08-22T06:00:00+02:00,2026-08-23T06:00:00+02:00,Nomination,day,232080000.0,kWh/d,DE-TSO-0009,LNG-00083,entry,,2026-08-21T19:49:29+02:00
2026-09-25T00:33:49+00:00,wilhelmshaven,2026-08-23,2026-08-23T06:00:00+02:00,2026-08-24T06:00:00+02:00,Nomination,day,232080000.0,kWh/d,DE-TSO-0009,LNG-00083,entry,,2026-08-22T15:50:09+02:00
2026-09-25T00:33:49+00:00,wilhelmshaven,2026-08-24,2026-08-24T06:00:00+02:00,2026-08-25T06:00:00+02:00,Nomination,day,247920000.0,kWh/d,DE-TSO-0009,LNG-00083,entry,,2026-08-23T15:51:49+02:00
2026-09-25T00:33:49+00:00,wilhelmshaven,2026-08-25,2026-08-25T06:00:00+02:00,2026-08-26T06:00:00+02:00,Nomination,day,247920000.0,kWh/d,DE-TSO-0009,LNG-00083,entry,,2026-08-24T15:50:10+02:00
2026-09-25T00:33:49+00:00,wilhelmshaven,2026-08-26,2026-08-26T06:00:00+02:00,2026-08-27T06:00:00+02:00,Nomination,day,247200000.0,kWh/d,DE-TSO-0009,LNG-00083,entry,,2026-08-25T15:48:09+02:00
2026-09-25T00:33:49+00:00,wilhelmshaven,2026-08-27,2026-08-27T06:00:00+02:00,2026-08-28T06:00:00+02:00,Nomination,day,242952000.0,kWh/d,DE-TSO-0009,LNG-00083,entry,,2026-08-26T15:51:10+02:00
2026-09-25T00:33:49+00:00,wilhelmshaven,2026-08-28,2026-08-28T06:00:00+02:00,2026-08-29T06:00:00+02:00,Nomination,day,245712000.0,kWh/d,DE-TSO-0009,LNG-00083,entry,,2026-08-27T19:48:30+02:00
2026-09-25T00:33:49+00:00,wilhelmshaven,2026-08-29,2026-08-29T06:00:00+02:00,2026-08-30T06:00:00+02:00,Nomination,day,247488000.0,kWh/d,DE-TSO-0009,LNG-00083,entry,,2026-08-28T15:49:29+02:00
2026-09-25T00:33:49+00:00,wilhelmshaven,2026-08-30,2026-08-30T06:00:00+02:00,2026-08-31T06:00:00+02:00,Nomination,day,247488000.0,kWh/d,DE-TSO-0009,LNG-00083,entry,,2026-08-29T15:53:01+02:00
2026-09-25T00:33:49+00:00,wilhelmshaven,2026-08-31,2026-08-31T06:00:00+02:00,2026-09-01T06:00:00+02:00,Nomination,day,247200000.0,kWh/d,DE-TSO-0009,LNG-00083,entry,,2026-08-30T15:50:09+02:00
2026-09-25T00:33:49+00:00,wilhelmshaven,2026-09-01,2026-09-01T06:00:00+02:00,2026-09-02T06:00:00+02:00,Nomination,day,247200000.0,kWh/d,DE-TSO-0009,LNG-00083,entry,,2026-08-31T19:48:09+02:00
2026-09-25T00:33:49+00:00,wilhelmshaven,2026-09-02,2026-09-02T06:00:00+02:00,2026-09-03T06:00:00+02:00,Nomination,day,250560000.0,kWh/d,DE-TSO-0009,LNG-00083,entry,,2026-09-01T19:52:09+02:00
2026-09-25T00:33:49+00:00,wilhelmshaven,2026-09-03,2026-09-03T06:00:00+02:00,2026-09-04T06:00:00+02:00,Nomination,day,257676000.0,kWh/d,DE-TSO-0009,LNG-00083,entry,,2026-09-02T20:04:10+02:00
2026-09-25T00:33:49+00:00,wilhelmshaven,2026-09-04,2026-09-04T06:00:00+02:00,2026-09-05T06:00:00+02:00,Nomination,day,257676000.0,kWh/d,DE-TSO-0009,LNG-00083,entry,,2026-09-03T19:49:49+02:00
2026-09-25T00:33:49+00:00,wilhelmshaven,2026-09-05,2026-09-05T06:00:00+02:00,2026-09-06T06:00:00+02:00,Nomination,day,257676000.0,kWh/d,DE-TSO-0009,LNG-00083,entry,,2026-09-04T19:49:49+02:00
2026-09-25T00:33:49+00:00,wilhelmshaven,2026-09-06,2026-09-06T06:00:00+02:00,2026-09-07T06:00:00+02:00,Nomination,day,257676000.0,kWh/d,DE-TSO-0009,LNG-00083,entry,,2026-09-05T15:50:30+02:00
2026-09-25T00:33:49+00:00,wilhelmshaven,2026-09-07,2026-09-07T06:00:00+02:00,2026-09-08T06:00:00+02:00,Nomination,day,257676000.0,kWh/d,DE-TSO-0009,LNG-00083,entry,,2026-09-06T15:45:30+02:00
2026-09-25T00:33:49+00:00,wilhelmshaven,2026-09-08,2026-09-08T06:00:00+02:00,2026-09-09T06:00:00+02:00,Nomination,day,257676000.0,kWh/d,DE-TSO-0009,LNG-00083,entry,,2026-09-07T19:48:50+02:00
2026-09-25T00:33:49+00:00,wilhelmshaven,2026-09-09,2026-09-09T06:00:00+02:00,2026-09-10T06:00:00+02:00,Nomination,day,159071400.0,kWh/d,DE-TSO-0009,LNG-00083,entry,,2026-09-08T16:07:49+02:00
2026-09-25T00:33:49+00:00,wilhelmshaven,2026-09-10,2026-09-10T06:00:00+02:00,2026-09-11T06:00:00+02:00,Nomination,day,286723560.0,kWh/d,DE-TSO-0009,LNG-00083,entry,,2026-09-09T15:56:10+02:00
2026-09-25T00:33:49+00:00,wilhelmshaven,2026-09-11,2026-09-11T06:00:00+02:00,2026-09-12T06:00:00+02:00,Nomination,day,153740160.0,kWh/d,DE-TSO-0009,LNG-00083,entry,,2026-09-10T17:50:52+02:00
2026-09-25T00:33:49+00:00,wilhelmshaven,2026-09-12,2026-09-12T06:00:00+02:00,2026-09-13T06:00:00+02:00,Nomination,day,154320000.0,kWh/d,DE-TSO-0009,LNG-00083,entry,,2026-09-11T17:49:09+02:00
2026-09-25T00:33:49+00:00,wilhelmshaven,2026-09-13,2026-09-13T06:00:00+02:00,2026-09-14T06:00:00+02:00,Nomination,day,237343680.0,kWh/d,DE-TSO-0009,LNG-00083,entry,,2026-09-12T15:49:30+02:00
2026-09-25T00:33:49+00:00,wilhelmshaven,2026-09-14,2026-09-14T06:00:00+02:00,2026-09-15T06:00:00+02:00,Nomination,day,237343680.0,kWh/d,DE-TSO-0009,LNG-00083,entry,,2026-09-14T11:28:29+02:00
2026-09-25T00:33:49+00:00,wilhelmshaven,2026-09-15,2026-09-15T06:00:00+02:00,2026-09-16T06:00:00+02:00,Nomination,day,154543680.0,kWh/d,DE-TSO-0009,LNG-00083,entry,,2026-09-15T04:09:10+02:00
2026-09-25T00:33:49+00:00,wilhelmshaven,2026-09-16,2026-09-16T06:00:00+02:00,2026-09-17T06:00:00+02:00,Nomination,day,52320000.0,kWh/d,DE-TSO-0009,LNG-00083,entry,,2026-09-15T16:38:30+02:00
2026-09-25T00:33:49+00:00,wilhelmshaven,2026-09-17,2026-09-17T06:00:00+02:00,2026-09-18T06:00:00+02:00,Nomination,day,130320000.0,kWh/d,DE-TSO-0009,LNG-00083,entry,,2026-09-16T15:50:10+02:00
2026-09-25T00:33:49+00:00,wilhelmshaven,2026-09-18,2026-09-18T06:00:00+02:00,2026-09-19T06:00:00+02:00,Nomination,day,130320000.0,kWh/d,DE-TSO-0009,LNG-00083,entry,,2026-09-17T15:53:30+02:00
2026-09-25T00:33:49+00:00,wilhelmshaven,2026-09-19,2026-09-19T06:00:00+02:00,2026-09-20T06:00:00+02:00,Nomination,day,147816000.0,kWh/d,DE-TSO-0009,LNG-00083,entry,,2026-09-18T15:50:29+02:00
2026-09-25T00:33:49+00:00,wilhelmshaven,2026-09-20,2026-09-20T06:00:00+02:00,2026-09-21T06:00:00+02:00,Nomination,day,144072000.0,kWh/d,DE-TSO-0009,LNG-00083,entry,,2026-09-19T15:54:29+02:00
2026-09-25T00:33:49+00:00,wilhelmshaven,2026-09-21,2026-09-21T06:00:00+02:00,2026-09-22T06:00:00+02:00,Nomination,day,144072000.0,kWh/d,DE-TSO-0009,LNG-00083,entry,,2026-09-20T15:56:30+02:00
2026-09-25T00:33:49+00:00,wilhelmshaven,2026-09-22,2026-09-22T06:00:00+02:00,2026-09-23T06:00:00+02:00,Nomination,day,52320000.0,kWh/d,DE-TSO-0009,LNG-00083,entry,,2026-09-21T17:50:09+02:00
2026-09-25T00:33:49+00:00,wilhelmshaven,2026-09-23,2026-09-23T06:00:00+02:00,2026-09-24T06:00:00+02:00,Nomination,day,52320000.0,kWh/d,DE-TSO-0009,LNG-00083,entry,,2026-09-22T15:53:50+02:00
2026-09-25T00:33:49+00:00,wilhelmshaven,2026-09-24,2026-09-24T06:00:00+02:00,2026-09-25T06:00:00+02:00,Nomination,day,232752000.0,kWh/d,DE-TSO-0009,LNG-00083,entry,,2026-09-23T15:49:09+02:00
2026-09-25T00:33:49+00:00,wilhelmshaven,2026-09-25,2026-09-25T06:00:00+02:00,2026-09-26T06:00:00+02:00,Nomination,day,274800000.0,kWh/d,DE-TSO-0009,LNG-00083,entry,,2026-09-24T15:52:50+02:00
2026-09-25T00:33:49+00:00,brunsbuettel,2026-08-11,2026-08-11T06:00:00+02:00,2026-08-12T06:00:00+02:00,Nomination,day,96000000.0,kWh/d,DE-TSO-0005,LNG-00060,entry,,2026-08-10T15:13:50+02:00
2026-09-25T00:33:49+00:00,brunsbuettel,2026-08-12,2026-08-12T06:00:00+02:00,2026-08-13T06:00:00+02:00,Nomination,day,96000000.0,kWh/d,DE-TSO-0005,LNG-00060,entry,,2026-08-11T15:13:30+02:00
2026-09-25T00:33:49+00:00,brunsbuettel,2026-08-13,2026-08-13T06:00:00+02:00,2026-08-14T06:00:00+02:00,Nomination,day,0.0,kWh/d,DE-TSO-0005,LNG-00060,entry,,2026-08-12T15:13:30+02:00
2026-09-25T00:33:49+00:00,brunsbuettel,2026-08-14,2026-08-14T06:00:00+02:00,2026-08-15T06:00:00+02:00,Nomination,day,0.0,kWh/d,DE-TSO-0005,LNG-00060,entry,,2026-08-13T15:15:09+02:00
2026-09-25T00:33:49+00:00,brunsbuettel,2026-08-15,2026-08-15T06:00:00+02:00,2026-08-16T06:00:00+02:00,Nomination,day,69480000.0,kWh/d,DE-TSO-0005,LNG-00060,entry,,2026-08-14T15:20:49+02:00
2026-09-25T00:33:49+00:00,brunsbuettel,2026-08-16,2026-08-16T06:00:00+02:00,2026-08-17T06:00:00+02:00,Nomination,day,69480000.0,kWh/d,DE-TSO-0005,LNG-00060,entry,,2026-08-15T15:19:30+02:00
2026-09-25T00:33:49+00:00,brunsbuettel,2026-08-17,2026-08-17T06:00:00+02:00,2026-08-18T06:00:00+02:00,Nomination,day,97200000.0,kWh/d,DE-TSO-0005,LNG-00060,entry,,2026-08-16T15:18:30+02:00
2026-09-25T00:33:49+00:00,brunsbuettel,2026-08-18,2026-08-18T06:00:00+02:00,2026-08-19T06:00:00+02:00,Nomination,day,0.0,kWh/d,DE-TSO-0005,LNG-00060,entry,,2026-08-17T15:12:12+02:00
2026-09-25T00:33:49+00:00,brunsbuettel,2026-08-19,2026-08-19T06:00:00+02:00,2026-08-20T06:00:00+02:00,Nomination,day,0.0,kWh/d,DE-TSO-0005,LNG-00060,entry,,2026-08-18T15:26:53+02:00
2026-09-25T00:33:49+00:00,brunsbuettel,2026-08-20,2026-08-20T06:00:00+02:00,2026-08-21T06:00:00+02:00,Nomination,day,0.0,kWh/d,DE-TSO-0005,LNG-00060,entry,,2026-08-19T15:13:50+02:00
2026-09-25T00:33:49+00:00,brunsbuettel,2026-08-21,2026-08-21T06:00:00+02:00,2026-08-22T06:00:00+02:00,Nomination,day,0.0,kWh/d,DE-TSO-0005,LNG-00060,entry,,2026-08-20T15:14:10+02:00
2026-09-25T00:33:49+00:00,brunsbuettel,2026-08-22,2026-08-22T06:00:00+02:00,2026-08-23T06:00:00+02:00,Nomination,day,26400000.0,kWh/d,DE-TSO-0005,LNG-00060,entry,,2026-08-21T15:22:30+02:00
2026-09-25T00:33:49+00:00,brunsbuettel,2026-08-23,2026-08-23T06:00:00+02:00,2026-08-24T06:00:00+02:00,Nomination,day,26400000.0,kWh/d,DE-TSO-0005,LNG-00060,entry,,2026-08-22T15:15:10+02:00
2026-09-25T00:33:49+00:00,brunsbuettel,2026-08-24,2026-08-24T06:00:00+02:00,2026-08-25T06:00:00+02:00,Nomination,day,37680000.0,kWh/d,DE-TSO-0005,LNG-00060,entry,,2026-08-23T15:17:31+02:00
2026-09-25T00:33:49+00:00,brunsbuettel,2026-08-25,2026-08-25T06:00:00+02:00,2026-08-26T06:00:00+02:00,Nomination,day,26400000.0,kWh/d,DE-TSO-0005,LNG-00060,entry,,2026-08-24T15:15:50+02:00
2026-09-25T00:33:49+00:00,brunsbuettel,2026-08-26,2026-08-26T06:00:00+02:00,2026-08-27T06:00:00+02:00,Nomination,day,26400000.0,kWh/d,DE-TSO-0005,LNG-00060,entry,,2026-08-25T15:26:50+02:00
2026-09-25T00:33:49+00:00,brunsbuettel,2026-08-27,2026-08-27T06:00:00+02:00,2026-08-28T06:00:00+02:00,Nomination,day,26400000.0,kWh/d,DE-TSO-0005,LNG-00060,entry,,2026-08-26T15:20:11+02:00
2026-09-25T00:33:49+00:00,brunsbuettel,2026-08-28,2026-08-28T06:00:00+02:00,2026-08-29T06:00:00+02:00,Nomination,day,26400000.0,kWh/d,DE-TSO-0005,LNG-00060,entry,,2026-08-27T15:17:50+02:00
2026-09-25T00:33:49+00:00,brunsbuettel,2026-08-29,2026-08-29T06:00:00+02:00,2026-08-30T06:00:00+02:00,Nomination,day,26400000.0,kWh/d,DE-TSO-0005,LNG-00060,entry,,2026-08-28T15:17:10+02:00
2026-09-25T00:33:49+00:00,brunsbuettel,2026-08-30,2026-08-30T06:00:00+02:00,2026-08-31T06:00:00+02:00,Nomination,day,26400000.0,kWh/d,DE-TSO-0005,LNG-00060,entry,,2026-08-29T15:15:51+02:00
2026-09-25T00:33:49+00:00,brunsbuettel,2026-08-31,2026-08-31T06:00:00+02:00,2026-09-01T06:00:00+02:00,Nomination,day,35064000.0,kWh/d,DE-TSO-0005,LNG-00060,entry,,2026-08-30T15:15:49+02:00
2026-09-25T00:33:49+00:00,brunsbuettel,2026-09-01,2026-09-01T06:00:00+02:00,2026-09-02T06:00:00+02:00,Nomination,day,35064000.0,kWh/d,DE-TSO-0005,LNG-00060,entry,,2026-08-31T15:17:57+02:00
2026-09-25T00:33:49+00:00,brunsbuettel,2026-09-02,2026-09-02T06:00:00+02:00,2026-09-03T06:00:00+02:00,Nomination,day,26400000.0,kWh/d,DE-TSO-0005,LNG-00060,entry,,2026-09-01T16:05:30+02:00
2026-09-25T00:33:49+00:00,brunsbuettel,2026-09-03,2026-09-03T06:00:00+02:00,2026-09-04T06:00:00+02:00,Nomination,day,26400000.0,kWh/d,DE-TSO-0005,LNG-00060,entry,,2026-09-02T15:21:09+02:00
2026-09-25T00:33:49+00:00,brunsbuettel,2026-09-04,2026-09-04T06:00:00+02:00,2026-09-05T06:00:00+02:00,Nomination,day,26400000.0,kWh/d,DE-TSO-0005,LNG-00060,entry,,2026-09-03T15:28:29+02:00
2026-09-25T00:33:49+00:00,brunsbuettel,2026-09-05,2026-09-05T06:00:00+02:00,2026-09-06T06:00:00+02:00,Nomination,day,26400000.0,kWh/d,DE-TSO-0005,LNG-00060,entry,,2026-09-04T15:12:09+02:00
2026-09-25T00:33:49+00:00,brunsbuettel,2026-09-06,2026-09-06T06:00:00+02:00,2026-09-07T06:00:00+02:00,Nomination,day,26400000.0,kWh/d,DE-TSO-0005,LNG-00060,entry,,2026-09-05T15:12:53+02:00
2026-09-25T00:33:49+00:00,brunsbuettel,2026-09-07,2026-09-07T06:00:00+02:00,2026-09-08T06:00:00+02:00,Nomination,day,26400000.0,kWh/d,DE-TSO-0005,LNG-00060,entry,,2026-09-06T15:18:50+02:00
2026-09-25T00:33:49+00:00,brunsbuettel,2026-09-08,2026-09-08T06:00:00+02:00,2026-09-09T06:00:00+02:00,Nomination,day,26400000.0,kWh/d,DE-TSO-0005,LNG-00060,entry,,2026-09-07T15:14:09+02:00
2026-09-25T00:33:49+00:00,brunsbuettel,2026-09-09,2026-09-09T06:00:00+02:00,2026-09-10T06:00:00+02:00,Nomination,day,26400000.0,kWh/d,DE-TSO-0005,LNG-00060,entry,,2026-09-08T15:18:49+02:00
2026-09-25T00:33:49+00:00,brunsbuettel,2026-09-10,2026-09-10T06:00:00+02:00,2026-09-11T06:00:00+02:00,Nomination,day,26400000.0,kWh/d,DE-TSO-0005,LNG-00060,entry,,2026-09-09T15:28:10+02:00
2026-09-25T00:33:49+00:00,brunsbuettel,2026-09-11,2026-09-11T06:00:00+02:00,2026-09-12T06:00:00+02:00,Nomination,day,26400000.0,kWh/d,DE-TSO-0005,LNG-00060,entry,,2026-09-15T03:02:30+02:00
2026-09-25T00:33:49+00:00,brunsbuettel,2026-09-12,2026-09-12T06:00:00+02:00,2026-09-13T06:00:00+02:00,Nomination,day,26400000.0,kWh/d,DE-TSO-0005,LNG-00060,entry,,2026-09-15T03:02:30+02:00
2026-09-25T00:33:49+00:00,brunsbuettel,2026-09-13,2026-09-13T06:00:00+02:00,2026-09-14T06:00:00+02:00,Nomination,day,26400000.0,kWh/d,DE-TSO-0005,LNG-00060,entry,,2026-09-15T03:02:30+02:00
2026-09-25T00:33:49+00:00,brunsbuettel,2026-09-14,2026-09-14T06:00:00+02:00,2026-09-15T06:00:00+02:00,Nomination,day,26400000.0,kWh/d,DE-TSO-0005,LNG-00060,entry,,2026-09-15T03:02:30+02:00
2026-09-25T00:33:49+00:00,brunsbuettel,2026-09-15,2026-09-15T06:00:00+02:00,2026-09-16T06:00:00+02:00,Nomination,day,26400000.0,kWh/d,DE-TSO-0005,LNG-00060,entry,,2026-09-15T02:40:29+02:00
2026-09-25T00:33:49+00:00,brunsbuettel,2026-09-16,2026-09-16T06:00:00+02:00,2026-09-17T06:00:00+02:00,Nomination,day,26400000.0,kWh/d,DE-TSO-0005,LNG-00060,entry,,2026-09-15T15:53:16+02:00
2026-09-25T00:33:49+00:00,brunsbuettel,2026-09-17,2026-09-17T06:00:00+02:00,2026-09-18T06:00:00+02:00,Nomination,day,26400000.0,kWh/d,DE-TSO-0005,LNG-00060,entry,,2026-09-16T15:23:09+02:00
2026-09-25T00:33:49+00:00,brunsbuettel,2026-09-18,2026-09-18T06:00:00+02:00,2026-09-19T06:00:00+02:00,Nomination,day,26400000.0,kWh/d,DE-TSO-0005,LNG-00060,entry,,2026-09-17T15:18:29+02:00
2026-09-25T00:33:49+00:00,brunsbuettel,2026-09-19,2026-09-19T06:00:00+02:00,2026-09-20T06:00:00+02:00,Nomination,day,90199992.0,kWh/d,DE-TSO-0005,LNG-00060,entry,,2026-09-18T15:23:49+02:00
2026-09-25T00:33:49+00:00,brunsbuettel,2026-09-20,2026-09-20T06:00:00+02:00,2026-09-21T06:00:00+02:00,Nomination,day,90199992.0,kWh/d,DE-TSO-0005,LNG-00060,entry,,2026-09-19T15:19:50+02:00
2026-09-25T00:33:49+00:00,brunsbuettel,2026-09-21,2026-09-21T06:00:00+02:00,2026-09-22T06:00:00+02:00,Nomination,day,90199992.0,kWh/d,DE-TSO-0005,LNG-00060,entry,,2026-09-20T15:21:30+02:00
2026-09-25T00:33:49+00:00,brunsbuettel,2026-09-22,2026-09-22T06:00:00+02:00,2026-09-23T06:00:00+02:00,Nomination,day,55200000.0,kWh/d,DE-TSO-0005,LNG-00060,entry,,2026-09-21T15:18:29+02:00
2026-09-25T00:33:49+00:00,brunsbuettel,2026-09-23,2026-09-23T06:00:00+02:00,2026-09-24T06:00:00+02:00,Nomination,day,55200000.0,kWh/d,DE-TSO-0005,LNG-00060,entry,,2026-09-22T15:27:50+02:00
2026-09-25T00:33:49+00:00,brunsbuettel,2026-09-24,2026-09-24T06:00:00+02:00,2026-09-25T06:00:00+02:00,Nomination,day,55200000.0,kWh/d,DE-TSO-0005,LNG-00060,entry,,2026-09-23T15:28:10+02:00
2026-09-25T00:33:49+00:00,brunsbuettel,2026-09-25,2026-09-25T06:00:00+02:00,2026-09-26T06:00:00+02:00,Nomination,day,55200000.0,kWh/d,DE-TSO-0005,LNG-00060,entry,,2026-09-24T15:14:29+02:00
2026-09-25T00:33:49+00:00,mukran,2026-08-11,2026-08-11T06:00:00+02:00,2026-08-12T06:00:00+02:00,Nomination,day,0.0,kWh/d,DE-TSO-0001,LNG-00079,entry,,2026-08-10T14:40:29+02:00
2026-09-25T00:33:49+00:00,mukran,2026-08-12,2026-08-12T06:00:00+02:00,2026-08-13T06:00:00+02:00,Nomination,day,0.0,kWh/d,DE-TSO-0001,LNG-00079,entry,,2026-08-11T14:39:10+02:00
2026-09-25T00:33:49+00:00,mukran,2026-08-13,2026-08-13T06:00:00+02:00,2026-08-14T06:00:00+02:00,Nomination,day,0.0,kWh/d,DE-TSO-0001,LNG-00079,entry,,2026-08-12T14:39:50+02:00
2026-09-25T00:33:49+00:00,mukran,2026-08-14,2026-08-14T06:00:00+02:00,2026-08-15T06:00:00+02:00,Nomination,day,0.0,kWh/d,DE-TSO-0001,LNG-00079,entry,,2026-08-13T14:39:50+02:00
2026-09-25T00:33:49+00:00,mukran,2026-08-15,2026-08-15T06:00:00+02:00,2026-08-16T06:00:00+02:00,Nomination,day,0.0,kWh/d,DE-TSO-0001,LNG-00079,entry,,2026-08-14T14:39:29+02:00
2026-09-25T00:33:49+00:00,mukran,2026-08-16,2026-08-16T06:00:00+02:00,2026-08-17T06:00:00+02:00,Nomination,day,0.0,kWh/d,DE-TSO-0001,LNG-00079,entry,,2026-08-15T14:38:50+02:00
2026-09-25T00:33:49+00:00,mukran,2026-08-17,2026-08-17T06:00:00+02:00,2026-08-18T06:00:00+02:00,Nomination,day,0.0,kWh/d,DE-TSO-0001,LNG-00079,entry,,2026-08-16T14:39:29+02:00
2026-09-25T00:33:49+00:00,mukran,2026-08-18,2026-08-18T06:00:00+02:00,2026-08-19T06:00:00+02:00,Nomination,day,0.0,kWh/d,DE-TSO-0001,LNG-00079,entry,,2026-08-17T14:39:31+02:00
2026-09-25T00:33:49+00:00,mukran,2026-08-19,2026-08-19T06:00:00+02:00,2026-08-20T06:00:00+02:00,Nomination,day,0.0,kWh/d,DE-TSO-0001,LNG-00079,entry,,2026-08-18T14:38:30+02:00
2026-09-25T00:33:49+00:00,mukran,2026-08-20,2026-08-20T06:00:00+02:00,2026-08-21T06:00:00+02:00,Nomination,day,0.0,kWh/d,DE-TSO-0001,LNG-00079,entry,,2026-08-19T14:38:50+02:00
2026-09-25T00:33:49+00:00,mukran,2026-08-21,2026-08-21T06:00:00+02:00,2026-08-22T06:00:00+02:00,Nomination,day,0.0,kWh/d,DE-TSO-0001,LNG-00079,entry,,2026-08-20T14:39:29+02:00
2026-09-25T00:33:49+00:00,mukran,2026-08-22,2026-08-22T06:00:00+02:00,2026-08-23T06:00:00+02:00,Nomination,day,0.0,kWh/d,DE-TSO-0001,LNG-00079,entry,,2026-08-21T14:38:09+02:00
2026-09-25T00:33:49+00:00,mukran,2026-08-23,2026-08-23T06:00:00+02:00,2026-08-24T06:00:00+02:00,Nomination,day,0.0,kWh/d,DE-TSO-0001,LNG-00079,entry,,2026-08-22T14:39:29+02:00
2026-09-25T00:33:49+00:00,mukran,2026-08-24,2026-08-24T06:00:00+02:00,2026-08-25T06:00:00+02:00,Nomination,day,0.0,kWh/d,DE-TSO-0001,LNG-00079,entry,,2026-08-23T14:39:29+02:00
2026-09-25T00:33:49+00:00,mukran,2026-08-25,2026-08-25T06:00:00+02:00,2026-08-26T06:00:00+02:00,Nomination,day,0.0,kWh/d,DE-TSO-0001,LNG-00079,entry,,2026-08-24T14:37:49+02:00
2026-09-25T00:33:49+00:00,mukran,2026-08-26,2026-08-26T06:00:00+02:00,2026-08-27T06:00:00+02:00,Nomination,day,0.0,kWh/d,DE-TSO-0001,LNG-00079,entry,,2026-08-25T14:43:49+02:00
2026-09-25T00:33:49+00:00,mukran,2026-08-27,2026-08-27T06:00:00+02:00,2026-08-28T06:00:00+02:00,Nomination,day,0.0,kWh/d,DE-TSO-0001,LNG-00079,entry,,2026-08-26T14:39:29+02:00
2026-09-25T00:33:49+00:00,mukran,2026-08-28,2026-08-28T06:00:00+02:00,2026-08-29T06:00:00+02:00,Nomination,day,0.0,kWh/d,DE-TSO-0001,LNG-00079,entry,,2026-08-27T14:41:50+02:00
2026-09-25T00:33:49+00:00,mukran,2026-08-29,2026-08-29T06:00:00+02:00,2026-08-30T06:00:00+02:00,Nomination,day,0.0,kWh/d,DE-TSO-0001,LNG-00079,entry,,2026-08-28T14:38:09+02:00
2026-09-25T00:33:49+00:00,mukran,2026-08-30,2026-08-30T06:00:00+02:00,2026-08-31T06:00:00+02:00,Nomination,day,0.0,kWh/d,DE-TSO-0001,LNG-00079,entry,,2026-08-29T14:40:49+02:00
2026-09-25T00:33:49+00:00,mukran,2026-08-31,2026-08-31T06:00:00+02:00,2026-09-01T06:00:00+02:00,Nomination,day,0.0,kWh/d,DE-TSO-0001,LNG-00079,entry,,2026-08-30T14:36:50+02:00
2026-09-25T00:33:49+00:00,mukran,2026-09-01,2026-09-01T06:00:00+02:00,2026-09-02T06:00:00+02:00,Nomination,day,0.0,kWh/d,DE-TSO-0001,LNG-00079,entry,,2026-08-31T14:35:29+02:00
2026-09-25T00:33:49+00:00,mukran,2026-09-02,2026-09-02T06:00:00+02:00,2026-09-03T06:00:00+02:00,Nomination,day,0.0,kWh/d,DE-TSO-0001,LNG-00079,entry,,2026-09-01T14:35:49+02:00
2026-09-25T00:33:49+00:00,mukran,2026-09-03,2026-09-03T06:00:00+02:00,2026-09-04T06:00:00+02:00,Nomination,day,0.0,kWh/d,DE-TSO-0001,LNG-00079,entry,,2026-09-02T14:40:15+02:00
2026-09-25T00:33:49+00:00,mukran,2026-09-04,2026-09-04T06:00:00+02:00,2026-09-05T06:00:00+02:00,Nomination,day,0.0,kWh/d,DE-TSO-0001,LNG-00079,entry,,2026-09-03T14:43:49+02:00
2026-09-25T00:33:49+00:00,mukran,2026-09-05,2026-09-05T06:00:00+02:00,2026-09-06T06:00:00+02:00,Nomination,day,0.0,kWh/d,DE-TSO-0001,LNG-00079,entry,,2026-09-04T14:39:29+02:00
2026-09-25T00:33:49+00:00,mukran,2026-09-06,2026-09-06T06:00:00+02:00,2026-09-07T06:00:00+02:00,Nomination,day,0.0,kWh/d,DE-TSO-0001,LNG-00079,entry,,2026-09-05T14:38:49+02:00
2026-09-25T00:33:49+00:00,mukran,2026-09-07,2026-09-07T06:00:00+02:00,2026-09-08T06:00:00+02:00,Nomination,day,0.0,kWh/d,DE-TSO-0001,LNG-00079,entry,,2026-09-06T14:38:50+02:00
2026-09-25T00:33:49+00:00,mukran,2026-09-08,2026-09-08T06:00:00+02:00,2026-09-09T06:00:00+02:00,Nomination,day,0.0,kWh/d,DE-TSO-0001,LNG-00079,entry,,2026-09-07T14:38:49+02:00
2026-09-25T00:33:49+00:00,mukran,2026-09-09,2026-09-09T06:00:00+02:00,2026-09-10T06:00:00+02:00,Nomination,day,0.0,kWh/d,DE-TSO-0001,LNG-00079,entry,,2026-09-08T14:40:50+02:00
2026-09-25T00:33:49+00:00,mukran,2026-09-10,2026-09-10T06:00:00+02:00,2026-09-11T06:00:00+02:00,Nomination,day,0.0,kWh/d,DE-TSO-0001,LNG-00079,entry,,2026-09-09T14:33:49+02:00
2026-09-25T00:33:49+00:00,mukran,2026-09-11,2026-09-11T06:00:00+02:00,2026-09-12T06:00:00+02:00,Nomination,day,0.0,kWh/d,DE-TSO-0001,LNG-00079,entry,,2026-09-10T14:40:11+02:00
2026-09-25T00:33:49+00:00,mukran,2026-09-12,2026-09-12T06:00:00+02:00,2026-09-13T06:00:00+02:00,Nomination,day,0.0,kWh/d,DE-TSO-0001,LNG-00079,entry,,2026-09-11T14:40:29+02:00
2026-09-25T00:33:49+00:00,mukran,2026-09-13,2026-09-13T06:00:00+02:00,2026-09-14T06:00:00+02:00,Nomination,day,0.0,kWh/d,DE-TSO-0001,LNG-00079,entry,,2026-09-12T14:39:30+02:00
2026-09-25T00:33:49+00:00,mukran,2026-09-14,2026-09-14T06:00:00+02:00,2026-09-15T06:00:00+02:00,Nomination,day,0.0,kWh/d,DE-TSO-0001,LNG-00079,entry,,2026-09-14T11:28:29+02:00
2026-09-25T00:33:49+00:00,mukran,2026-09-15,2026-09-15T06:00:00+02:00,2026-09-16T06:00:00+02:00,Nomination,day,0.0,kWh/d,DE-TSO-0001,LNG-00079,entry,,2026-09-15T02:40:29+02:00
2026-09-25T00:33:49+00:00,mukran,2026-09-16,2026-09-16T06:00:00+02:00,2026-09-17T06:00:00+02:00,Nomination,day,0.0,kWh/d,DE-TSO-0001,LNG-00079,entry,,2026-09-15T14:52:09+02:00
2026-09-25T00:33:49+00:00,mukran,2026-09-17,2026-09-17T06:00:00+02:00,2026-09-18T06:00:00+02:00,Nomination,day,0.0,kWh/d,DE-TSO-0001,LNG-00079,entry,,2026-09-16T14:40:29+02:00
2026-09-25T00:33:49+00:00,mukran,2026-09-18,2026-09-18T06:00:00+02:00,2026-09-19T06:00:00+02:00,Nomination,day,0.0,kWh/d,DE-TSO-0001,LNG-00079,entry,,2026-09-17T14:40:29+02:00
2026-09-25T00:33:49+00:00,mukran,2026-09-19,2026-09-19T06:00:00+02:00,2026-09-20T06:00:00+02:00,Nomination,day,0.0,kWh/d,DE-TSO-0001,LNG-00079,entry,,2026-09-18T14:42:30+02:00
2026-09-25T00:33:49+00:00,mukran,2026-09-20,2026-09-20T06:00:00+02:00,2026-09-21T06:00:00+02:00,Nomination,day,0.0,kWh/d,DE-TSO-0001,LNG-00079,entry,,2026-09-19T14:38:29+02:00
2026-09-25T00:33:49+00:00,mukran,2026-09-21,2026-09-21T06:00:00+02:00,2026-09-22T06:00:00+02:00,Nomination,day,0.0,kWh/d,DE-TSO-0001,LNG-00079,entry,,2026-09-20T14:40:31+02:00
2026-09-25T00:33:49+00:00,mukran,2026-09-22,2026-09-22T06:00:00+02:00,2026-09-23T06:00:00+02:00,Nomination,day,0.0,kWh/d,DE-TSO-0001,LNG-00079,entry,,2026-09-21T14:41:29+02:00
2026-09-25T00:33:49+00:00,mukran,2026-09-23,2026-09-23T06:00:00+02:00,2026-09-24T06:00:00+02:00,Nomination,day,0.0,kWh/d,DE-TSO-0001,LNG-00079,entry,,2026-09-22T14:44:29+02:00
2026-09-25T00:33:49+00:00,mukran,2026-09-24,2026-09-24T06:00:00+02:00,2026-09-25T06:00:00+02:00,Nomination,day,0.0,kWh/d,DE-TSO-0001,LNG-00079,entry,,2026-09-23T14:40:29+02:00
2026-09-25T00:33:49+00:00,mukran,2026-09-25,2026-09-25T06:00:00+02:00,2026-09-26T06:00:00+02:00,Nomination,day,0.0,kWh/d,DE-TSO-0001,LNG-00079,entry,,2026-09-24T14:39:49+02:00
2026-09-25T00:33:49+00:00,mukran,2026-08-11,2026-08-11T06:00:00+02:00,2026-08-12T06:00:00+02:00,Nomination,day,0.0,kWh/d,DE-TSO-0018,LNG-00079,entry,,2026-08-11T15:13:30+02:00
2026-09-25T00:33:49+00:00,mukran,2026-08-12,2026-08-12T06:00:00+02:00,2026-08-13T06:00:00+02:00,Nomination,day,0.0,kWh/d,DE-TSO-0018,LNG-00079,entry,,2026-08-12T15:13:30+02:00
2026-09-25T00:33:49+00:00,mukran,2026-08-13,2026-08-13T06:00:00+02:00,2026-08-14T06:00:00+02:00,Nomination,day,0.0,kWh/d,DE-TSO-0018,LNG-00079,entry,,2026-08-13T15:15:09+02:00
2026-09-25T00:33:49+00:00,mukran,2026-08-14,2026-08-14T06:00:00+02:00,2026-08-15T06:00:00+02:00,Nomination,day,0.0,kWh/d,DE-TSO-0018,LNG-00079,entry,,2026-08-14T15:11:29+02:00
2026-09-25T00:33:49+00:00,mukran,2026-08-15,2026-08-15T06:00:00+02:00,2026-08-16T06:00:00+02:00,Nomination,day,0.0,kWh/d,DE-TSO-0018,LNG-00079,entry,,2026-08-15T15:13:29+02:00
2026-09-25T00:33:49+00:00,mukran,2026-08-16,2026-08-16T06:00:00+02:00,2026-08-17T06:00:00+02:00,Nomination,day,0.0,kWh/d,DE-TSO-0018,LNG-00079,entry,,2026-08-16T15:10:10+02:00
2026-09-25T00:33:49+00:00,mukran,2026-08-17,2026-08-17T06:00:00+02:00,2026-08-18T06:00:00+02:00,Nomination,day,0.0,kWh/d,DE-TSO-0018,LNG-00079,entry,,2026-08-17T15:03:51+02:00
2026-09-25T00:33:49+00:00,mukran,2026-08-18,2026-08-18T06:00:00+02:00,2026-08-19T06:00:00+02:00,Nomination,day,0.0,kWh/d,DE-TSO-0018,LNG-00079,entry,,2026-08-18T15:26:53+02:00
2026-09-25T00:33:49+00:00,mukran,2026-08-19,2026-08-19T06:00:00+02:00,2026-08-20T06:00:00+02:00,Nomination,day,0.0,kWh/d,DE-TSO-0018,LNG-00079,entry,,2026-08-19T15:13:50+02:00
2026-09-25T00:33:49+00:00,mukran,2026-08-20,2026-08-20T06:00:00+02:00,2026-08-21T06:00:00+02:00,Nomination,day,0.0,kWh/d,DE-TSO-0018,LNG-00079,entry,,2026-08-20T15:14:10+02:00
2026-09-25T00:33:49+00:00,mukran,2026-08-21,2026-08-21T06:00:00+02:00,2026-08-22T06:00:00+02:00,Nomination,day,0.0,kWh/d,DE-TSO-0018,LNG-00079,entry,,2026-08-21T15:22:30+02:00
2026-09-25T00:33:49+00:00,mukran,2026-08-22,2026-08-22T06:00:00+02:00,2026-08-23T06:00:00+02:00,Nomination,day,0.0,kWh/d,DE-TSO-0018,LNG-00079,entry,,2026-08-22T15:15:10+02:00
2026-09-25T00:33:49+00:00,mukran,2026-08-23,2026-08-23T06:00:00+02:00,2026-08-24T06:00:00+02:00,Nomination,day,0.0,kWh/d,DE-TSO-0018,LNG-00079,entry,,2026-08-23T15:17:31+02:00
2026-09-25T00:33:49+00:00,mukran,2026-08-24,2026-08-24T06:00:00+02:00,2026-08-25T06:00:00+02:00,Nomination,day,0.0,kWh/d,DE-TSO-0018,LNG-00079,entry,,2026-08-24T15:05:09+02:00
2026-09-25T00:33:49+00:00,mukran,2026-08-25,2026-08-25T06:00:00+02:00,2026-08-26T06:00:00+02:00,Nomination,day,0.0,kWh/d,DE-TSO-0018,LNG-00079,entry,,2026-08-25T15:26:50+02:00
2026-09-25T00:33:49+00:00,mukran,2026-08-26,2026-08-26T06:00:00+02:00,2026-08-27T06:00:00+02:00,Nomination,day,0.0,kWh/d,DE-TSO-0018,LNG-00079,entry,,2026-08-26T15:11:49+02:00
2026-09-25T00:33:49+00:00,mukran,2026-08-27,2026-08-27T06:00:00+02:00,2026-08-28T06:00:00+02:00,Nomination,day,0.0,kWh/d,DE-TSO-0018,LNG-00079,entry,,2026-08-27T15:17:50+02:00
2026-09-25T00:33:49+00:00,mukran,2026-08-28,2026-08-28T06:00:00+02:00,2026-08-29T06:00:00+02:00,Nomination,day,0.0,kWh/d,DE-TSO-0018,LNG-00079,entry,,2026-08-28T15:17:10+02:00
2026-09-25T00:33:49+00:00,mukran,2026-08-29,2026-08-29T06:00:00+02:00,2026-08-30T06:00:00+02:00,Nomination,day,0.0,kWh/d,DE-TSO-0018,LNG-00079,entry,,2026-08-29T15:15:51+02:00
2026-09-25T00:33:49+00:00,mukran,2026-08-30,2026-08-30T06:00:00+02:00,2026-08-31T06:00:00+02:00,Nomination,day,0.0,kWh/d,DE-TSO-0018,LNG-00079,entry,,2026-08-30T15:03:30+02:00
2026-09-25T00:33:49+00:00,mukran,2026-08-31,2026-08-31T06:00:00+02:00,2026-09-01T06:00:00+02:00,Nomination,day,0.0,kWh/d,DE-TSO-0018,LNG-00079,entry,,2026-08-31T15:09:50+02:00
2026-09-25T00:33:49+00:00,mukran,2026-09-01,2026-09-01T06:00:00+02:00,2026-09-02T06:00:00+02:00,Nomination,day,0.0,kWh/d,DE-TSO-0018,LNG-00079,entry,,2026-09-01T15:08:49+02:00
2026-09-25T00:33:49+00:00,mukran,2026-09-02,2026-09-02T06:00:00+02:00,2026-09-03T06:00:00+02:00,Nomination,day,0.0,kWh/d,DE-TSO-0018,LNG-00079,entry,,2026-09-02T15:21:09+02:00
2026-09-25T00:33:49+00:00,mukran,2026-09-03,2026-09-03T06:00:00+02:00,2026-09-04T06:00:00+02:00,Nomination,day,0.0,kWh/d,DE-TSO-0018,LNG-00079,entry,,2026-09-03T15:28:29+02:00
2026-09-25T00:33:49+00:00,mukran,2026-09-04,2026-09-04T06:00:00+02:00,2026-09-05T06:00:00+02:00,Nomination,day,0.0,kWh/d,DE-TSO-0018,LNG-00079,entry,,2026-09-04T15:12:09+02:00
2026-09-25T00:33:49+00:00,mukran,2026-09-05,2026-09-05T06:00:00+02:00,2026-09-06T06:00:00+02:00,Nomination,day,0.0,kWh/d,DE-TSO-0018,LNG-00079,entry,,2026-09-05T15:12:53+02:00
2026-09-25T00:33:49+00:00,mukran,2026-09-06,2026-09-06T06:00:00+02:00,2026-09-07T06:00:00+02:00,Nomination,day,0.0,kWh/d,DE-TSO-0018,LNG-00079,entry,,2026-09-06T15:18:50+02:00
2026-09-25T00:33:49+00:00,mukran,2026-09-07,2026-09-07T06:00:00+02:00,2026-09-08T06:00:00+02:00,Nomination,day,0.0,kWh/d,DE-TSO-0018,LNG-00079,entry,,2026-09-07T15:14:09+02:00
2026-09-25T00:33:49+00:00,mukran,2026-09-08,2026-09-08T06:00:00+02:00,2026-09-09T06:00:00+02:00,Nomination,day,0.0,kWh/d,DE-TSO-0018,LNG-00079,entry,,2026-09-08T15:18:49+02:00
2026-09-25T00:33:49+00:00,mukran,2026-09-09,2026-09-09T06:00:00+02:00,2026-09-10T06:00:00+02:00,Nomination,day,0.0,kWh/d,DE-TSO-0018,LNG-00079,entry,,2026-09-09T15:28:10+02:00
2026-09-25T00:33:49+00:00,mukran,2026-09-10,2026-09-10T06:00:00+02:00,2026-09-11T06:00:00+02:00,Nomination,day,0.0,kWh/d,DE-TSO-0018,LNG-00079,entry,,2026-09-10T15:30:10+02:00
2026-09-25T00:33:49+00:00,mukran,2026-09-11,2026-09-11T06:00:00+02:00,2026-09-12T06:00:00+02:00,Nomination,day,0.0,kWh/d,DE-TSO-0018,LNG-00079,entry,,2026-09-11T15:18:10+02:00
2026-09-25T00:33:49+00:00,mukran,2026-09-12,2026-09-12T06:00:00+02:00,2026-09-13T06:00:00+02:00,Nomination,day,0.0,kWh/d,DE-TSO-0018,LNG-00079,entry,,2026-09-12T15:14:50+02:00
2026-09-25T00:33:49+00:00,mukran,2026-09-13,2026-09-13T06:00:00+02:00,2026-09-14T06:00:00+02:00,Nomination,day,0.0,kWh/d,DE-TSO-0018,LNG-00079,entry,,2026-09-14T15:42:09+02:00
2026-09-25T00:33:49+00:00,mukran,2026-09-14,2026-09-14T06:00:00+02:00,2026-09-15T06:00:00+02:00,Nomination,day,0.0,kWh/d,DE-TSO-0018,LNG-00079,entry,,2026-09-15T00:40:49+02:00
2026-09-25T00:33:49+00:00,mukran,2026-09-15,2026-09-15T06:00:00+02:00,2026-09-16T06:00:00+02:00,Nomination,day,0.0,kWh/d,DE-TSO-0018,LNG-00079,entry,,2026-09-15T15:17:49+02:00
2026-09-25T00:33:49+00:00,mukran,2026-09-16,2026-09-16T06:00:00+02:00,2026-09-17T06:00:00+02:00,Nomination,day,0.0,kWh/d,DE-TSO-0018,LNG-00079,entry,,2026-09-16T15:23:09+02:00
2026-09-25T00:33:49+00:00,mukran,2026-09-17,2026-09-17T06:00:00+02:00,2026-09-18T06:00:00+02:00,Nomination,day,0.0,kWh/d,DE-TSO-0018,LNG-00079,entry,,2026-09-17T15:18:29+02:00
2026-09-25T00:33:49+00:00,mukran,2026-09-18,2026-09-18T06:00:00+02:00,2026-09-19T06:00:00+02:00,Nomination,day,0.0,kWh/d,DE-TSO-0018,LNG-00079,entry,,2026-09-18T15:23:49+02:00
2026-09-25T00:33:49+00:00,mukran,2026-09-19,2026-09-19T06:00:00+02:00,2026-09-20T06:00:00+02:00,Nomination,day,0.0,kWh/d,DE-TSO-0018,LNG-00079,entry,,2026-09-19T15:11:49+02:00
2026-09-25T00:33:49+00:00,mukran,2026-09-20,2026-09-20T06:00:00+02:00,2026-09-21T06:00:00+02:00,Nomination,day,0.0,kWh/d,DE-TSO-0018,LNG-00079,entry,,2026-09-20T15:21:30+02:00
2026-09-25T00:33:49+00:00,mukran,2026-09-21,2026-09-21T06:00:00+02:00,2026-09-22T06:00:00+02:00,Nomination,day,0.0,kWh/d,DE-TSO-0018,LNG-00079,entry,,2026-09-21T15:18:29+02:00
2026-09-25T00:33:49+00:00,mukran,2026-09-22,2026-09-22T06:00:00+02:00,2026-09-23T06:00:00+02:00,Nomination,day,0.0,kWh/d,DE-TSO-0018,LNG-00079,entry,,2026-09-22T15:27:50+02:00
2026-09-25T00:33:49+00:00,mukran,2026-09-23,2026-09-23T06:00:00+02:00,2026-09-24T06:00:00+02:00,Nomination,day,0.0,kWh/d,DE-TSO-0018,LNG-00079,entry,,2026-09-23T15:07:50+02:00
2026-09-25T00:33:49+00:00,mukran,2026-09-24,2026-09-24T06:00:00+02:00,2026-09-25T06:00:00+02:00,Nomination,day,0.0,kWh/d,DE-TSO-0018,LNG-00079,entry,,2026-09-24T15:09:29+02:00
2026-09-25T00:33:49+00:00,mukran,2026-09-25,2026-09-25T06:00:00+02:00,2026-09-26T06:00:00+02:00,Nomination,day,0.0,kWh/d,DE-TSO-0018,LNG-00079,entry,,2026-09-24T15:09:29+02:00
